{"lr": 0.006794744846872779, "data_time": 0.11472759246826172, "loss": 1.7541261672973634, "loss_prob": 1.1140841603279115, "loss_thr": 0.46036566197872164, "loss_db": 0.17967634797096252, "time": 0.6854972600936889, "epoch": 40, "iter": 218600, "memory": 2377, "step": 218600}
{"lr": 0.006794744846872779, "data_time": 0.1262451410293579, "loss": 1.758957862854004, "loss_prob": 1.1047048926353455, "loss_thr": 0.4765427768230438, "loss_db": 0.17771020531654358, "time": 0.7835613489151001, "epoch": 40, "iter": 218605, "memory": 2376, "step": 218605}
