{"lr": 0.00211248212903066, "data_time": 0.5355679035186768, "grad_norm": 24.68344564437866, "loss": 5.533882284164429, "loss_text": 0.8366624057292938, "loss_center": 2.9440004587173463, "loss_reg_x": 1.011778074502945, "loss_reg_y": 0.7414414942264557, "time": 4.578387379646301, "epoch": 16, "iter": 23165, "memory": 20552, "step": 23165}
{"lr": 0.00211248212903066, "data_time": 0.5358975410461426, "grad_norm": 23.62771406173706, "loss": 5.469693326950074, "loss_text": 0.7736464440822601, "loss_center": 2.939361262321472, "loss_reg_x": 0.9795291513204575, "loss_reg_y": 0.7771566331386566, "time": 4.761819434165955, "epoch": 16, "iter": 23170, "memory": 19779, "step": 23170}
{"lr": 0.00211248212903066, "data_time": 0.0028464794158935547, "grad_norm": 26.02216453552246, "loss": 5.420187282562256, "loss_text": 0.7408244252204895, "loss_center": 2.938541316986084, "loss_reg_x": 1.0051601380109787, "loss_reg_y": 0.7356614023447037, "time": 3.767204761505127, "epoch": 16, "iter": 23175, "memory": 19779, "step": 23175}
{"lr": 0.00211248212903066, "data_time": 0.0029291868209838866, "grad_norm": 25.25376605987549, "loss": 5.456694650650024, "loss_text": 0.7538494765758514, "loss_center": 2.9450913190841677, "loss_reg_x": 1.0276639699935912, "loss_reg_y": 0.7300897598266601, "time": 3.755850005149841, "epoch": 16, "iter": 23180, "memory": 19779, "step": 23180}
{"lr": 0.00211248212903066, "data_time": 0.0030365705490112303, "grad_norm": 26.590099334716797, "loss": 5.293346500396728, "loss_text": 0.8011592090129852, "loss_center": 2.9340519666671754, "loss_reg_x": 0.8763966977596283, "loss_reg_y": 0.6817386329174042, "time": 3.91805260181427, "epoch": 16, "iter": 23185, "memory": 19779, "step": 23185}
{"lr": 0.00211248212903066, "data_time": 0.0038933515548706054, "grad_norm": 30.058994865417482, "loss": 5.3859656810760494, "loss_text": 0.8571776270866394, "loss_center": 2.9320207118988035, "loss_reg_x": 0.9619641780853272, "loss_reg_y": 0.6348032832145691, "time": 3.9950552701950075, "epoch": 16, "iter": 23190, "memory": 19779, "step": 23190}
{"lr": 0.00211248212903066, "data_time": 0.0037589073181152344, "grad_norm": 23.06349401473999, "loss": 5.278720712661743, "loss_text": 0.8156643271446228, "loss_center": 2.936318802833557, "loss_reg_x": 0.9291822075843811, "loss_reg_y": 0.59755539894104, "time": 3.6505677938461303, "epoch": 16, "iter": 23195, "memory": 19779, "step": 23195}
{"lr": 0.00211248212903066, "data_time": 0.0028545618057250976, "grad_norm": 21.64192705154419, "loss": 5.256322431564331, "loss_text": 0.7994242131710052, "loss_center": 2.925639271736145, "loss_reg_x": 0.91456458568573, "loss_reg_y": 0.6166943073272705, "time": 3.414148545265198, "epoch": 16, "iter": 23200, "memory": 19779, "step": 23200}
{"lr": 0.00211248212903066, "data_time": 0.003246164321899414, "grad_norm": 25.763135528564455, "loss": 5.340233397483826, "loss_text": 0.7846131503582001, "loss_center": 2.856137919425964, "loss_reg_x": 1.0405460208654405, "loss_reg_y": 0.6589362889528274, "time": 3.8902766704559326, "epoch": 16, "iter": 23205, "memory": 19779, "step": 23205}
{"lr": 0.00211248212903066, "data_time": 0.003441739082336426, "grad_norm": 25.993614387512206, "loss": 5.508560395240783, "loss_text": 0.8326892793178559, "loss_center": 2.867395305633545, "loss_reg_x": 1.1541937917470932, "loss_reg_y": 0.6542819768190384, "time": 4.263055610656738, "epoch": 16, "iter": 23210, "memory": 19779, "step": 23210}
{"lr": 0.00211248212903066, "data_time": 0.0029697179794311523, "grad_norm": 21.64056577682495, "loss": 5.668046712875366, "loss_text": 0.8558677792549133, "loss_center": 2.944264125823975, "loss_reg_x": 1.2100602030754088, "loss_reg_y": 0.6578545570373535, "time": 4.006649160385132, "epoch": 16, "iter": 23215, "memory": 19779, "step": 23215}
{"lr": 0.00211248212903066, "data_time": 0.002740001678466797, "grad_norm": 19.132454204559327, "loss": 5.13688817024231, "loss_text": 0.7263887107372284, "loss_center": 2.9224306106567384, "loss_reg_x": 0.9000046998262405, "loss_reg_y": 0.5880641072988511, "time": 3.918542218208313, "epoch": 16, "iter": 23220, "memory": 19779, "step": 23220}
{"lr": 0.00211248212903066, "data_time": 0.002784061431884766, "grad_norm": 21.57878646850586, "loss": 5.110356283187866, "loss_text": 0.7299637496471405, "loss_center": 2.926754188537598, "loss_reg_x": 0.8228127509355545, "loss_reg_y": 0.6308255404233932, "time": 3.8131802797317507, "epoch": 16, "iter": 23225, "memory": 19779, "step": 23225}
{"lr": 0.00211248212903066, "data_time": 0.0029061555862426756, "grad_norm": 31.709029769897462, "loss": 5.873728561401367, "loss_text": 0.8647598028182983, "loss_center": 2.9422055006027223, "loss_reg_x": 1.0843567967414856, "loss_reg_y": 0.9824065923690796, "time": 3.651043176651001, "epoch": 16, "iter": 23230, "memory": 19779, "step": 23230}
{"lr": 0.00211248212903066, "data_time": 0.0030487060546875, "grad_norm": 33.11878252029419, "loss": 5.866046285629272, "loss_text": 0.8548686504364014, "loss_center": 2.9424749851226806, "loss_reg_x": 1.09296156167984, "loss_reg_y": 0.9757412195205688, "time": 4.006134700775147, "epoch": 16, "iter": 23235, "memory": 19779, "step": 23235}
{"lr": 0.00211248212903066, "data_time": 0.0031783342361450194, "grad_norm": 32.84028882980347, "loss": 5.602260255813599, "loss_text": 0.8370883107185364, "loss_center": 2.945839786529541, "loss_reg_x": 1.1437677264213562, "loss_reg_y": 0.6755645394325256, "time": 3.919493818283081, "epoch": 16, "iter": 23240, "memory": 19779, "step": 23240}
{"lr": 0.00211248212903066, "data_time": 0.002900981903076172, "grad_norm": 30.239403438568115, "loss": 5.305193400382995, "loss_text": 0.8067298650741577, "loss_center": 2.8693157196044923, "loss_reg_x": 1.0591747403144836, "loss_reg_y": 0.5699732303619385, "time": 3.597570013999939, "epoch": 16, "iter": 23245, "memory": 19779, "step": 23245}
{"lr": 0.00211248212903066, "data_time": 0.002900433540344238, "grad_norm": 24.642027187347413, "loss": 5.177384209632874, "loss_text": 0.8219136357307434, "loss_center": 2.859022855758667, "loss_reg_x": 0.9430890023708344, "loss_reg_y": 0.5533586502075195, "time": 3.6671833753585816, "epoch": 16, "iter": 23250, "memory": 19779, "step": 23250}
{"lr": 0.00211248212903066, "data_time": 0.0032027244567871095, "grad_norm": 27.283644676208496, "loss": 5.4616379737854, "loss_text": 0.885920625925064, "loss_center": 2.9406039714813232, "loss_reg_x": 1.0458382964134216, "loss_reg_y": 0.5892750233411789, "time": 3.8000417947769165, "epoch": 16, "iter": 23255, "memory": 19779, "step": 23255}
{"lr": 0.00211248212903066, "data_time": 0.0029305219650268555, "grad_norm": 26.18442096710205, "loss": 5.411792802810669, "loss_text": 0.8207268357276917, "loss_center": 2.950561213493347, "loss_reg_x": 1.0312846660614015, "loss_reg_y": 0.6092201203107834, "time": 3.846420741081238, "epoch": 16, "iter": 23260, "memory": 19779, "step": 23260}
{"lr": 0.00211248212903066, "data_time": 0.0027170181274414062, "grad_norm": 27.25389232635498, "loss": 5.461467933654785, "loss_text": 0.8164009273052215, "loss_center": 2.9402173280715944, "loss_reg_x": 0.9817757070064544, "loss_reg_y": 0.7230738699436188, "time": 3.6666388511657715, "epoch": 16, "iter": 23265, "memory": 19779, "step": 23265}
{"lr": 0.00211248212903066, "data_time": 0.0027103424072265625, "grad_norm": 23.61229476928711, "loss": 5.306445980072022, "loss_text": 0.7801918089389801, "loss_center": 2.942113256454468, "loss_reg_x": 0.860220193862915, "loss_reg_y": 0.7239205867052079, "time": 3.648144578933716, "epoch": 16, "iter": 23270, "memory": 19779, "step": 23270}
{"lr": 0.00211248212903066, "data_time": 0.0027533054351806642, "grad_norm": 26.312257385253908, "loss": 5.544900512695312, "loss_text": 0.7802809834480285, "loss_center": 2.9451510667800904, "loss_reg_x": 0.985641348361969, "loss_reg_y": 0.8338269740343094, "time": 3.877590370178223, "epoch": 16, "iter": 23275, "memory": 19779, "step": 23275}
{"lr": 0.00211248212903066, "data_time": 0.002856612205505371,