2026/01/11 20:53:40 - mmengine - INFO - 
------------------------------------------------------------
System environment:
    sys.platform: linux
    Python: 3.8.20 (default, Oct  3 2024, 15:24:27) [GCC 11.2.0]
    CUDA available: True
    MUSA available: False
    numpy_random_seed: 3407
    GPU 0,1: NVIDIA GeForce RTX 3090
    CUDA_HOME: /usr/local/cuda
    NVCC: Cuda compilation tools, release 11.1, V11.1.105
    GCC: gcc (Ubuntu 9.4.0-1ubuntu1~20.04.2) 9.4.0
    PyTorch: 1.10.2+cu111
    PyTorch compiling details: PyTorch built with:
  - GCC 7.3
  - C++ Version: 201402
  - Intel(R) Math Kernel Library Version 2020.0.0 Product Build 20191122 for Intel(R) 64 architecture applications
  - Intel(R) MKL-DNN v2.2.3 (Git Hash 7336ca9f055cf1bfa13efb658fe15dc9b41f0740)
  - OpenMP 201511 (a.k.a. OpenMP 4.5)
  - LAPACK is enabled (usually provided by MKL)
  - NNPACK is enabled
  - CPU capability usage: AVX2
  - CUDA Runtime 11.1
  - NVCC architecture flags: -gencode;arch=compute_37,code=sm_37;-gencode;arch=compute_50,code=sm_50;-gencode;arch=compute_60,code=sm_60;-gencode;arch=compute_70,code=sm_70;-gencode;arch=compute_75,code=sm_75;-gencode;arch=compute_80,code=sm_80;-gencode;arch=compute_86,code=sm_86
  - CuDNN 8.0.5
  - Magma 2.5.2
  - Build settings: BLAS_INFO=mkl, BUILD_TYPE=Release, CUDA_VERSION=11.1, CUDNN_VERSION=8.0.5, CXX_COMPILER=/opt/rh/devtoolset-7/root/usr/bin/c++, CXX_FLAGS= -Wno-deprecated -fvisibility-inlines-hidden -DUSE_PTHREADPOOL -fopenmp -DNDEBUG -DUSE_KINETO -DUSE_FBGEMM -DUSE_QNNPACK -DUSE_PYTORCH_QNNPACK -DUSE_XNNPACK -DSYMBOLICATE_MOBILE_DEBUG_HANDLE -DEDGE_PROFILER_USE_KINETO -O2 -fPIC -Wno-narrowing -Wall -Wextra -Werror=return-type -Wno-missing-field-initializers -Wno-type-limits -Wno-array-bounds -Wno-unknown-pragmas -Wno-sign-compare -Wno-unused-parameter -Wno-unused-variable -Wno-unused-function -Wno-unused-result -Wno-unused-local-typedefs -Wno-strict-overflow -Wno-strict-aliasing -Wno-error=deprecated-declarations -Wno-stringop-overflow -Wno-psabi -Wno-error=pedantic -Wno-error=redundant-decls -Wno-error=old-style-cast -fdiagnostics-color=always -faligned-new -Wno-unused-but-set-variable -Wno-maybe-uninitialized -fno-math-errno -fno-trapping-math -Werror=format -Wno-stringop-overflow, LAPACK_INFO=mkl, PERF_WITH_AVX=1, PERF_WITH_AVX2=1, PERF_WITH_AVX512=1, TORCH_VERSION=1.10.2, USE_CUDA=ON, USE_CUDNN=ON, USE_EXCEPTION_PTR=1, USE_GFLAGS=OFF, USE_GLOG=OFF, USE_MKL=ON, USE_MKLDNN=ON, USE_MPI=OFF, USE_NCCL=ON, USE_NNPACK=ON, USE_OPENMP=ON, 

    TorchVision: 0.11.3+cu111
    OpenCV: 4.12.0
    MMEngine: 0.10.7

Runtime environment:
    cudnn_benchmark: True
    mp_cfg: {'mp_start_method': 'fork', 'opencv_num_threads': 0}
    dist_cfg: {'backend': 'nccl'}
    seed: 3407
    deterministic: False
    Distributed launcher: pytorch
    Distributed training: True
    GPU number: 2
------------------------------------------------------------

2026/01/11 20:53:41 - mmengine - INFO - Config:
auto_scale_lr = dict(base_batch_size=256, enable=True)
default_hooks = dict(
    checkpoint=dict(
        interval=1,
        max_keep_ckpts=3,
        rule='greater',
        save_best='Fudan/recog/word_acc',
        type='CheckpointHook'),
    logger=dict(interval=50, type='LoggerHook'),
    param_scheduler=dict(type='ParamSchedulerHook'),
    sampler_seed=dict(type='DistSamplerSeedHook'),
    sync_buffer=dict(type='SyncBuffersHook'),
    timer=dict(type='IterTimerHook'),
    visualization=dict(
        draw_gt=False,
        draw_pred=False,
        enable=False,
        interval=1,
        show=False,
        type='VisualizationHook'))
default_scope = 'mmocr'
dictionary = dict(
    dict_file='data/charset/charset_rec_cn_en.txt',
    type='Dictionary',
    with_padding=True,
    with_unknown=True)
env_cfg = dict(
    cudnn_benchmark=True,
    dist_cfg=dict(backend='nccl'),
    mp_cfg=dict(mp_start_method='fork', opencv_num_threads=0))
fudan_scene_rec_root = 'data/fudan/scene'
fudan_scene_test_dataloader = dict(
    batch_size=64,
    dataset=dict(
        ann_file='scene_test',
        data_root='data/fudan/scene',
        pipeline=None,
        type='RecogLMDBDataset'),
    num_workers=8,
    persistent_workers=True,
    pin_memory=True,
    sampler=dict(shuffle=False, type='DefaultSampler'))
fudan_scene_textrecog_test = dict(
    ann_file='scene_test',
    data_root='data/fudan/scene',
    pipeline=None,
    type='RecogLMDBDataset')
fudan_scene_textrecog_train = dict(
    ann_file='scene_train',
    data_root='data/fudan/scene',
    pipeline=None,
    type='RecogLMDBDataset')
fudan_scene_textrecog_val = dict(
    ann_file='scene_val',
    data_root='data/fudan/scene',
    pipeline=None,
    type='RecogLMDBDataset')
fudan_scene_train_dataloader = dict(
    batch_size=64,
    dataset=dict(
        ann_file='scene_train',
        data_root='data/fudan/scene',
        pipeline=None,
        type='RecogLMDBDataset'),
    num_workers=8,
    persistent_workers=True,
    pin_memory=True,
    sampler=dict(shuffle=True, type='DefaultSampler'))
fudan_scene_val_dataloader = dict(
    batch_size=64,
    dataset=dict(
        ann_file='scene_val',
        data_root='data/fudan/scene',
        pipeline=None,
        type='RecogLMDBDataset'),
    num_workers=8,
    persistent_workers=True,
    pin_memory=True,
    sampler=dict(shuffle=False, type='DefaultSampler'))
launcher = 'pytorch'
load_from = 'work_dirs/svtr-large_pretrain_plus_gapfix_seed3407/best_PretrainCN_holdout_recog_word_acc_epoch_20.pth'
log_level = 'INFO'
log_processor = dict(by_epoch=True, type='LogProcessor', window_size=10)
model = dict(
    data_preprocessor=dict(
        mean=[
            127.5,
        ], std=[
            127.5,
        ], type='TextRecogDataPreprocessor'),
    decoder=dict(
        dictionary=dict(
            dict_file='data/charset/charset_rec_cn_en.txt',
            type='Dictionary',
            with_padding=True,
            with_unknown=True),
        in_channels=384,
        max_seq_len=40,
        module_loss=dict(
            letter_case='lower', type='CTCModuleLoss', zero_infinity=True),
        postprocessor=dict(type='CTCPostProcessor'),
        type='SVTRDecoder'),
    encoder=dict(
        depth=[
            3,
            9,
            9,
        ],
        embed_dims=[
            192,
            256,
            512,
        ],
        img_size=[
            48,
            160,
        ],
        in_channels=3,
        max_seq_len=40,
        merging_types='Conv',
        mixer_types=[
            'Local',
            'Local',
            'Local',
            'Local',
            'Local',
            'Local',
            'Local',
            'Local',
            'Local',
            'Local',
            'Global',
            'Global',
            'Global',
            'Global',
            'Global',
            'Global',
            'Global',
            'Global',
            'Global',
            'Global',
            'Global',
        ],
        num_heads=[
            6,
            8,
            16,
        ],
        out_channels=384,
        prenorm=False,
        type='SVTREncoder',
        window_size=[
            [
                7,
                11,
            ],
            [
                7,
                11,
            ],
            [
                7,
                11,
            ],
        ]),
    preprocessor=dict(
        in_channels=3,
        margins=[
            0.05,
            0.05,
        ],
        num_control_points=20,
        output_image_size=(
            48,
            160,
        ),
        resized_image_size=(
            32,
            64,
        ),
        type='STN'),
    type='SVTR')
optim_wrapper = dict(
    loss_scale='dynamic',
    optimizer=dict(
        betas=(
            0.9,
            0.99,
        ),
        eps=8e-08,
        lr=0.00025,
        type='AdamW',
        weight_decay=0.05),
    type='AmpOptimWrapper')
param_scheduler = [
    dict(
        convert_to_iter_based=True,
        end=2,
        end_factor=1.0,
        start_factor=0.5,
        type='LinearLR',
        verbose=False),
    dict(
        T_max=29,
        begin=2,
        convert_to_iter_based=True,
        end=30,
        type='CosineAnnealingLR',
        verbose=False),
]
pretrain_epoch = 20
pretrain_work_dir = 'work_dirs/svtr-large_pretrain_cn_scene_widthaug'
randomness = dict(deterministic=False, seed=3407)
resume = False
test_cfg = dict(type='TestLoop')
test_dataloader = dict(
    batch_size=64,
    dataset=dict(
        ann_file='scene_test',
        data_root='data/fudan/scene',
        pipeline=[
            dict(type='LoadImageFromNDArray'),
            dict(scale=(
                256,
                64,
            ), type='Resize'),
            dict(type='LoadOCRAnnotations', with_text=True),
            dict(
                meta_keys=(
                    'img_path',
                    'ori_shape',
                    'img_shape',
                    'valid_ratio',
                ),
                type='PackTextRecogInputs'),
        ],
        type='RecogLMDBDataset'),
    num_workers=4,
    persistent_workers=True,
    pin_memory=True,
    prefetch_factor=2,
    sampler=dict(shuffle=False, type='DefaultSampler'))
test_evaluator = dict(
    dataset_prefixes=[
        'Fudan',
    ],
    metrics=[
        dict(mode=[
            'exact',
        ], type='WordMetric'),
        dict(type='OneMinusNEDMetric'),
    ],
    type='MultiDatasetsEvaluator')
test_pipeline = [
    dict(type='LoadImageFromNDArray'),
    dict(scale=(
        256,
        64,
    ), type='Resize'),
    dict(type='LoadOCRAnnotations', with_text=True),
    dict(
        meta_keys=(
            'img_path',
            'ori_shape',
            'img_shape',
            'valid_ratio',
        ),
        type='PackTextRecogInputs'),
]
train_cfg = dict(max_epochs=30, type='EpochBasedTrainLoop', val_interval=1)
train_dataloader = dict(
    batch_size=128,
    dataset=dict(
        ann_file='scene_train',
        data_root='data/fudan/scene',
        pipeline=[
            dict(ignore_empty=True, min_size=5, type='LoadImageFromNDArray'),
            dict(type='LoadOCRAnnotations', with_text=True),
            dict(
                prob=0.4,
                transforms=[
                    dict(type='TextRecogGeneralAug'),
                ],
                type='RandomApply'),
            dict(
                prob=0.4,
                transforms=[
                    dict(type='CropHeight'),
                ],
                type='RandomApply'),
            dict(
                condition='min(results["img_shape"])>10',
                true_transforms=dict(
                    prob=0.4,
                    transforms=[
                        dict(
                            kernel_size=5,
                            op='GaussianBlur',
                            sigma=1,
                            type='TorchVisionWrapper'),
                    ],
                    type='RandomApply'),
                type='ConditionApply'),
            dict(
                prob=0.4,
                transforms=[
                    dict(
                        brightness=0.5,
                        contrast=0.5,
                        hue=0.1,
                        op='ColorJitter',
                        saturation=0.5,
                        type='TorchVisionWrapper'),
                ],
                type='RandomApply'),
            dict(
                prob=0.4,
                transforms=[
                    dict(type='ImageContentJitter'),
                ],
                type='RandomApply'),
            dict(
                prob=0.4,
                transforms=[
                    dict(
                        args=[
                            dict(
                                cls='AdditiveGaussianNoise',
                                scale=0.31622776601683794),
                        ],
                        type='ImgAugWrapper'),
                ],
                type='RandomApply'),
            dict(
                prob=0.4,
                transforms=[
                    dict(type='ReversePixels'),
                ],
                type='RandomApply'),
            dict(scale=(
                256,
                64,
            ), type='Resize'),
            dict(
                meta_keys=(
                    'img_path',
                    'ori_shape',
                    'img_shape',
                    'valid_ratio',
                ),
                type='PackTextRecogInputs'),
        ],
        type='RecogLMDBDataset'),
    num_workers=4,
    persistent_workers=True,
    pin_memory=True,
    prefetch_factor=2,
    sampler=dict(shuffle=True, type='DefaultSampler'))
train_pipeline = [
    dict(ignore_empty=True, min_size=5, type='LoadImageFromNDArray'),
    dict(type='LoadOCRAnnotations', with_text=True),
    dict(
        prob=0.4,
        transforms=[
            dict(type='TextRecogGeneralAug'),
        ],
        type='RandomApply'),
    dict(prob=0.4, transforms=[
        dict(type='CropHeight'),
    ], type='RandomApply'),
    dict(
        condition='min(results["img_shape"])>10',
        true_transforms=dict(
            prob=0.4,
            transforms=[
                dict(
                    kernel_size=5,
                    op='GaussianBlur',
                    sigma=1,
                    type='TorchVisionWrapper'),
            ],
            type='RandomApply'),
        type='ConditionApply'),
    dict(
        prob=0.4,
        transforms=[
            dict(
                brightness=0.5,
                contrast=0.5,
                hue=0.1,
                op='ColorJitter',
                saturation=0.5,
                type='TorchVisionWrapper'),
        ],
        type='RandomApply'),
    dict(
        prob=0.4,
        transforms=[
            dict(type='ImageContentJitter'),
        ],
        type='RandomApply'),
    dict(
        prob=0.4,
        transforms=[
            dict(
                args=[
                    dict(
                        cls='AdditiveGaussianNoise',
                        scale=0.31622776601683794),
                ],
                type='ImgAugWrapper'),
        ],
        type='RandomApply'),
    dict(
        prob=0.4,
        transforms=[
            dict(type='ReversePixels'),
        ],
        type='RandomApply'),
    dict(scale=(
        256,
        64,
    ), type='Resize'),
    dict(
        meta_keys=(
            'img_path',
            'ori_shape',
            'img_shape',
            'valid_ratio',
        ),
        type='PackTextRecogInputs'),
]
tta_model = dict(type='EncoderDecoderRecognizerTTAModel')
tta_pipeline = [
    dict(type='LoadImageFromNDArray'),
    dict(
        transforms=[
            [
                dict(
                    condition="results['img_shape'][1]<results['img_shape'][0]",
                    true_transforms=[
                        dict(
                            args=[
                                dict(cls='Rot90', k=0, keep_size=False),
                            ],
                            type='ImgAugWrapper'),
                    ],
                    type='ConditionApply'),
                dict(
                    condition="results['img_shape'][1]<results['img_shape'][0]",
                    true_transforms=[
                        dict(
                            args=[
                                dict(cls='Rot90', k=1, keep_size=False),
                            ],
                            type='ImgAugWrapper'),
                    ],
                    type='ConditionApply'),
                dict(
                    condition="results['img_shape'][1]<results['img_shape'][0]",
                    true_transforms=[
                        dict(
                            args=[
                                dict(cls='Rot90', k=3, keep_size=False),
                            ],
                            type='ImgAugWrapper'),
                    ],
                    type='ConditionApply'),
            ],
            [
                dict(scale=(
                    256,
                    64,
                ), type='Resize'),
            ],
            [
                dict(type='LoadOCRAnnotations', with_text=True),
            ],
            [
                dict(
                    meta_keys=(
                        'img_path',
                        'ori_shape',
                        'img_shape',
                        'valid_ratio',
                    ),
                    type='PackTextRecogInputs'),
            ],
        ],
        type='TestTimeAug'),
]
val_cfg = dict(type='ValLoop')
val_dataloader = dict(
    batch_size=64,
    dataset=dict(
        ann_file='scene_val',
        data_root='data/fudan/scene',
        pipeline=[
            dict(type='LoadImageFromNDArray'),
            dict(scale=(
                256,
                64,
            ), type='Resize'),
            dict(type='LoadOCRAnnotations', with_text=True),
            dict(
                meta_keys=(
                    'img_path',
                    'ori_shape',
                    'img_shape',
                    'valid_ratio',
                ),
                type='PackTextRecogInputs'),
        ],
        type='RecogLMDBDataset'),
    num_workers=4,
    persistent_workers=True,
    pin_memory=True,
    prefetch_factor=2,
    sampler=dict(shuffle=False, type='DefaultSampler'))
val_evaluator = dict(
    dataset_prefixes=[
        'Fudan',
    ],
    metrics=[
        dict(mode=[
            'exact',
        ], type='WordMetric'),
        dict(type='OneMinusNEDMetric'),
    ],
    type='MultiDatasetsEvaluator')
vis_backends = [
    dict(type='LocalVisBackend'),
]
visualizer = dict(
    name='visualizer',
    type='TextRecogLocalVisualizer',
    vis_backends=[
        dict(type='LocalVisBackend'),
    ])
work_dir = 'work_dirs/svtr-large_finetune_from_pretrain_raw_seed3407_with_ep20'

2026/01/11 20:53:42 - mmengine - INFO - Hooks will be executed in the following order:
before_run:
(VERY_HIGH   ) RuntimeInfoHook                    
(BELOW_NORMAL) LoggerHook                         
 -------------------- 
before_train:
(VERY_HIGH   ) RuntimeInfoHook                    
(NORMAL      ) IterTimerHook                      
(VERY_LOW    ) CheckpointHook                     
 -------------------- 
before_train_epoch:
(VERY_HIGH   ) RuntimeInfoHook                    
(NORMAL      ) IterTimerHook                      
(NORMAL      ) DistSamplerSeedHook                
 -------------------- 
before_train_iter:
(VERY_HIGH   ) RuntimeInfoHook                    
(NORMAL      ) IterTimerHook                      
 -------------------- 
after_train_iter:
(VERY_HIGH   ) RuntimeInfoHook                    
(NORMAL      ) IterTimerHook                      
(BELOW_NORMAL) LoggerHook                         
(LOW         ) ParamSchedulerHook                 
(VERY_LOW    ) CheckpointHook                     
 -------------------- 
after_train_epoch:
(NORMAL      ) IterTimerHook                      
(NORMAL      ) SyncBuffersHook                    
(LOW         ) ParamSchedulerHook                 
(VERY_LOW    ) CheckpointHook                     
 -------------------- 
before_val:
(VERY_HIGH   ) RuntimeInfoHook                    
 -------------------- 
before_val_epoch:
(NORMAL      ) IterTimerHook                      
(NORMAL      ) SyncBuffersHook                    
 -------------------- 
before_val_iter:
(NORMAL      ) IterTimerHook                      
 -------------------- 
after_val_iter:
(NORMAL      ) IterTimerHook                      
(NORMAL      ) VisualizationHook                  
(BELOW_NORMAL) LoggerHook                         
 -------------------- 
after_val_epoch:
(VERY_HIGH   ) RuntimeInfoHook                    
(NORMAL      ) IterTimerHook                      
(BELOW_NORMAL) LoggerHook                         
(LOW         ) ParamSchedulerHook                 
(VERY_LOW    ) CheckpointHook                     
 -------------------- 
after_val:
(VERY_HIGH   ) RuntimeInfoHook                    
 -------------------- 
after_train:
(VERY_HIGH   ) RuntimeInfoHook                    
(VERY_LOW    ) CheckpointHook                     
 -------------------- 
before_test:
(VERY_HIGH   ) RuntimeInfoHook                    
 -------------------- 
before_test_epoch:
(NORMAL      ) IterTimerHook                      
 -------------------- 
before_test_iter:
(NORMAL      ) IterTimerHook                      
 -------------------- 
after_test_iter:
(NORMAL      ) IterTimerHook                      
(NORMAL      ) VisualizationHook                  
(BELOW_NORMAL) LoggerHook                         
 -------------------- 
after_test_epoch:
(VERY_HIGH   ) RuntimeInfoHook                    
(NORMAL      ) IterTimerHook                      
(BELOW_NORMAL) LoggerHook                         
 -------------------- 
after_test:
(VERY_HIGH   ) RuntimeInfoHook                    
 -------------------- 
after_run:
(BELOW_NORMAL) LoggerHook                         
 -------------------- 
2026/01/11 20:53:49 - mmengine - INFO - LR is set based on batch size of 256 and the current batch size is 256. Scaling the original LR by 1.0.
Name of parameter - Initialization information

preprocessor.stn_convnet.0.conv.weight - torch.Size([32, 3, 3, 3]): 
XavierInit: gain=1, distribution=normal, bias=0 

preprocessor.stn_convnet.0.bn.weight - torch.Size([32]): 
The value is the same before and after calling `init_weights` of SVTR  

preprocessor.stn_convnet.0.bn.bias - torch.Size([32]): 
The value is the same before and after calling `init_weights` of SVTR  

preprocessor.stn_convnet.2.conv.weight - torch.Size([64, 32, 3, 3]): 
XavierInit: gain=1, distribution=normal, bias=0 

preprocessor.stn_convnet.2.bn.weight - torch.Size([64]): 
The value is the same before and after calling `init_weights` of SVTR  

preprocessor.stn_convnet.2.bn.bias - torch.Size([64]): 
The value is the same before and after calling `init_weights` of SVTR  

preprocessor.stn_convnet.4.conv.weight - torch.Size([128, 64, 3, 3]): 
XavierInit: gain=1, distribution=normal, bias=0 

preprocessor.stn_convnet.4.bn.weight - torch.Size([128]): 
The value is the same before and after calling `init_weights` of SVTR  

preprocessor.stn_convnet.4.bn.bias - torch.Size([128]): 
The value is the same before and after calling `init_weights` of SVTR  

preprocessor.stn_convnet.6.conv.weight - torch.Size([256, 128, 3, 3]): 
XavierInit: gain=1, distribution=normal, bias=0 

preprocessor.stn_convnet.6.bn.weight - torch.Size([256]): 
The value is the same before and after calling `init_weights` of SVTR  

preprocessor.stn_convnet.6.bn.bias - torch.Size([256]): 
The value is the same before and after calling `init_weights` of SVTR  

preprocessor.stn_convnet.8.conv.weight - torch.Size([256, 256, 3, 3]): 
XavierInit: gain=1, distribution=normal, bias=0 

preprocessor.stn_convnet.8.bn.weight - torch.Size([256]): 
The value is the same before and after calling `init_weights` of SVTR  

preprocessor.stn_convnet.8.bn.bias - torch.Size([256]): 
The value is the same before and after calling `init_weights` of SVTR  

preprocessor.stn_convnet.10.conv.weight - torch.Size([256, 256, 3, 3]): 
XavierInit: gain=1, distribution=normal, bias=0 

preprocessor.stn_convnet.10.bn.weight - torch.Size([256]): 
The value is the same before and after calling `init_weights` of SVTR  

preprocessor.stn_convnet.10.bn.bias - torch.Size([256]): 
The value is the same before and after calling `init_weights` of SVTR  

preprocessor.stn_fc1.0.weight - torch.Size([512, 512]): 
The value is the same before and after calling `init_weights` of SVTR  

preprocessor.stn_fc1.0.bias - torch.Size([512]): 
The value is the same before and after calling `init_weights` of SVTR  

preprocessor.stn_fc1.1.weight - torch.Size([512]): 
The value is the same before and after calling `init_weights` of SVTR  

preprocessor.stn_fc1.1.bias - torch.Size([512]): 
The value is the same before and after calling `init_weights` of SVTR  

preprocessor.stn_fc2.weight - torch.Size([40, 512]): 
The value is the same before and after calling `init_weights` of SVTR  

preprocessor.stn_fc2.bias - torch.Size([40]): 
The value is the same before and after calling `init_weights` of SVTR  

encoder.absolute_pos_embed - torch.Size([1, 480, 192]): 
The value is the same before and after calling `init_weights` of SVTR  

encoder.patch_embed.net.ConvModule0.conv.weight - torch.Size([96, 3, 3, 3]): 
The value is the same before and after calling `init_weights` of SVTR  

encoder.patch_embed.net.ConvModule0.bn.weight - torch.Size([96]): 
The value is the same before and after calling `init_weights` of SVTR  

encoder.patch_embed.net.ConvModule0.bn.bias - torch.Size([96]): 
The value is the same before and after calling `init_weights` of SVTR  

encoder.patch_embed.net.ConvModule1.conv.weight - torch.Size([192, 96, 3, 3]): 
The value is the same before and after calling `init_weights` of SVTR  

encoder.patch_embed.net.ConvModule1.bn.weight - torch.Size([192]): 
The value is the same before and after calling `init_weights` of SVTR  

encoder.patch_embed.net.ConvModule1.bn.bias - torch.Size([192]): 
The value is the same before and after calling `init_weights` of SVTR  

encoder.blocks1.0.norm1.weight - torch.Size([192]): 
The value is the same before and after calling `init_weights` of SVTR  

encoder.blocks1.0.norm1.bias - torch.Size([192]): 
The value is the same before and after calling `init_weights` of SVTR  

encoder.blocks1.0.mixer.qkv.weight - torch.Size([576, 192]): 
The value is the same before and after calling `init_weights` of SVTR  

encoder.blocks1.0.mixer.qkv.bias - torch.Size([576]): 
The value is the same before and after calling `init_weights` of SVTR  

encoder.blocks1.0.mixer.proj.weight - torch.Size([192, 192]): 
The value is the same before and after calling `init_weights` of SVTR  

encoder.blocks1.0.mixer.proj.bias - torch.Size([192]): 
The value is the same before and after calling `init_weights` of SVTR  

encoder.blocks1.0.norm2.weight - torch.Size([192]): 
The value is the same before and after calling `init_weights` of SVTR  

encoder.blocks1.0.norm2.bias - torch.Size([192]): 
The value is the same before and after calling `init_weights` of SVTR  

encoder.blocks1.0.mlp.fc1.weight - torch.Size([768, 192]): 
The value is the same before and after calling `init_weights` of SVTR  

encoder.blocks1.0.mlp.fc1.bias - torch.Size([768]): 
The value is the same before and after calling `init_weights` of SVTR  

encoder.blocks1.0.mlp.fc2.weight - torch.Size([192, 768]): 
The value is the same before and after calling `init_weights` of SVTR  

encoder.blocks1.0.mlp.fc2.bias - torch.Size([192]): 
The value is the same before and after calling `init_weights` of SVTR  

encoder.blocks1.1.norm1.weight - torch.Size([192]): 
The value is the same before and after calling `init_weights` of SVTR  

encoder.blocks1.1.norm1.bias - torch.Size([192]): 
The value is the same before and after calling `init_weights` of SVTR  

encoder.blocks1.1.mixer.qkv.weight - torch.Size([576, 192]): 
The value is the same before and after calling `init_weights` of SVTR  

encoder.blocks1.1.mixer.qkv.bias - torch.Size([576]): 
The value is the same before and after calling `init_weights` of SVTR  

encoder.blocks1.1.mixer.proj.weight - torch.Size([192, 192]): 
The value is the same before and after calling `init_weights` of SVTR  

encoder.blocks1.1.mixer.proj.bias - torch.Size([192]): 
The value is the same before and after calling `init_weights` of SVTR  

encoder.blocks1.1.norm2.weight - torch.Size([192]): 
The value is the same before and after calling `init_weights` of SVTR  

encoder.blocks1.1.norm2.bias - torch.Size([192]): 
The value is the same before and after calling `init_weights` of SVTR  

encoder.blocks1.1.mlp.fc1.weight - torch.Size([768, 192]): 
The value is the same before and after calling `init_weights` of SVTR  

encoder.blocks1.1.mlp.fc1.bias - torch.Size([768]): 
The value is the same before and after calling `init_weights` of SVTR  

encoder.blocks1.1.mlp.fc2.weight - torch.Size([192, 768]): 
The value is the same before and after calling `init_weights` of SVTR  

encoder.blocks1.1.mlp.fc2.bias - torch.Size([192]): 
The value is the same before and after calling `init_weights` of SVTR  

encoder.blocks1.2.norm1.weight - torch.Size([192]): 
The value is the same before and after calling `init_weights` of SVTR  

encoder.blocks1.2.norm1.bias - torch.Size([192]): 
The value is the same before and after calling `init_weights` of SVTR  

encoder.blocks1.2.mixer.qkv.weight - torch.Size([576, 192]): 
The value is the same before and after calling `init_weights` of SVTR  

encoder.blocks1.2.mixer.qkv.bias - torch.Size([576]): 
The value is the same before and after calling `init_weights` of SVTR  

encoder.blocks1.2.mixer.proj.weight - torch.Size([192, 192]): 
The value is the same before and after calling `init_weights` of SVTR  

encoder.blocks1.2.mixer.proj.bias - torch.Size([192]): 
The value is the same before and after calling `init_weights` of SVTR  

encoder.blocks1.2.norm2.weight - torch.Size([192]): 
The value is the same before and after calling `init_weights` of SVTR  

encoder.blocks1.2.norm2.bias - torch.Size([192]): 
The value is the same before and after calling `init_weights` of SVTR  

encoder.blocks1.2.mlp.fc1.weight - torch.Size([768, 192]): 
The value is the same before and after calling `init_weights` of SVTR  

encoder.blocks1.2.mlp.fc1.bias - torch.Size([768]): 
The value is the same before and after calling `init_weights` of SVTR  

encoder.blocks1.2.mlp.fc2.weight - torch.Size([192, 768]): 
The value is the same before and after calling `init_weights` of SVTR  

encoder.blocks1.2.mlp.fc2.bias - torch.Size([192]): 
The value is the same before and after calling `init_weights` of SVTR  

encoder.downsample1.conv.weight - torch.Size([256, 192, 3, 3]): 
The value is the same before and after calling `init_weights` of SVTR  

encoder.downsample1.conv.bias - torch.Size([256]): 
The value is the same before and after calling `init_weights` of SVTR  

encoder.downsample1.norm.weight - torch.Size([256]): 
The value is the same before and after calling `init_weights` of SVTR  

encoder.downsample1.norm.bias - torch.Size([256]): 
The value is the same before and after calling `init_weights` of SVTR  

encoder.blocks2.0.norm1.weight - torch.Size([256]): 
The value is the same before and after calling `init_weights` of SVTR  

encoder.blocks2.0.norm1.bias - torch.Size([256]): 
The value is the same before and after calling `init_weights` of SVTR  

encoder.blocks2.0.mixer.qkv.weight - torch.Size([768, 256]): 
The value is the same before and after calling `init_weights` of SVTR  

encoder.blocks2.0.mixer.qkv.bias - torch.Size([768]): 
The value is the same before and after calling `init_weights` of SVTR  

encoder.blocks2.0.mixer.proj.weight - torch.Size([256, 256]): 
The value is the same before and after calling `init_weights` of SVTR  

encoder.blocks2.0.mixer.proj.bias - torch.Size([256]): 
The value is the same before and after calling `init_weights` of SVTR  

encoder.blocks2.0.norm2.weight - torch.Size([256]): 
The value is the same before and after calling `init_weights` of SVTR  

encoder.blocks2.0.norm2.bias - torch.Size([256]): 
The value is the same before and after calling `init_weights` of SVTR  

encoder.blocks2.0.mlp.fc1.weight - torch.Size([1024, 256]): 
The value is the same before and after calling `init_weights` of SVTR  

encoder.blocks2.0.mlp.fc1.bias - torch.Size([1024]): 
The value is the same before and after calling `init_weights` of SVTR  

encoder.blocks2.0.mlp.fc2.weight - torch.Size([256, 1024]): 
The value is the same before and after calling `init_weights` of SVTR  

encoder.blocks2.0.mlp.fc2.bias - torch.Size([256]): 
The value is the same before and after calling `init_weights` of SVTR  

encoder.blocks2.1.norm1.weight - torch.Size([256]): 
The value is the same before and after calling `init_weights` of SVTR  

encoder.blocks2.1.norm1.bias - torch.Size([256]): 
The value is the same before and after calling `init_weights` of SVTR  

encoder.blocks2.1.mixer.qkv.weight - torch.Size([768, 256]): 
The value is the same before and after calling `init_weights` of SVTR  

encoder.blocks2.1.mixer.qkv.bias - torch.Size([768]): 
The value is the same before and after calling `init_weights` of SVTR  

encoder.blocks2.1.mixer.proj.weight - torch.Size([256, 256]): 
The value is the same before and after calling `init_weights` of SVTR  

encoder.blocks2.1.mixer.proj.bias - torch.Size([256]): 
The value is the same before and after calling `init_weights` of SVTR  

encoder.blocks2.1.norm2.weight - torch.Size([256]): 
The value is the same before and after calling `init_weights` of SVTR  

encoder.blocks2.1.norm2.bias - torch.Size([256]): 
The value is the same before and after calling `init_weights` of SVTR  

encoder.blocks2.1.mlp.fc1.weight - torch.Size([1024, 256]): 
The value is the same before and after calling `init_weights` of SVTR  

encoder.blocks2.1.mlp.fc1.bias - torch.Size([1024]): 
The value is the same before and after calling `init_weights` of SVTR  

encoder.blocks2.1.mlp.fc2.weight - torch.Size([256, 1024]): 
The value is the same before and after calling `init_weights` of SVTR  

encoder.blocks2.1.mlp.fc2.bias - torch.Size([256]): 
The value is the same before and after calling `init_weights` of SVTR  

encoder.blocks2.2.norm1.weight - torch.Size([256]): 
The value is the same before and after calling `init_weights` of SVTR  

encoder.blocks2.2.norm1.bias - torch.Size([256]): 
The value is the same before and after calling `init_weights` of SVTR  

encoder.blocks2.2.mixer.qkv.weight - torch.Size([768, 256]): 
The value is the same before and after calling `init_weights` of SVTR  

encoder.blocks2.2.mixer.qkv.bias - torch.Size([768]): 
The value is the same before and after calling `init_weights` of SVTR  

encoder.blocks2.2.mixer.proj.weight - torch.Size([256, 256]): 
The value is the same before and after calling `init_weights` of SVTR  

encoder.blocks2.2.mixer.proj.bias - torch.Size([256]): 
The value is the same before and after calling `init_weights` of SVTR  

encoder.blocks2.2.norm2.weight - torch.Size([256]): 
The value is the same before and after calling `init_weights` of SVTR  

encoder.blocks2.2.norm2.bias - torch.Size([256]): 
The value is the same before and after calling `init_weights` of SVTR  

encoder.blocks2.2.mlp.fc1.weight - torch.Size([1024, 256]): 
The value is the same before and after calling `init_weights` of SVTR  

encoder.blocks2.2.mlp.fc1.bias - torch.Size([1024]): 
The value is the same before and after calling `init_weights` of SVTR  

encoder.blocks2.2.mlp.fc2.weight - torch.Size([256, 1024]): 
The value is the same before and after calling `init_weights` of SVTR  

encoder.blocks2.2.mlp.fc2.bias - torch.Size([256]): 
The value is the same before and after calling `init_weights` of SVTR  

encoder.blocks2.3.norm1.weight - torch.Size([256]): 
The value is the same before and after calling `init_weights` of SVTR  

encoder.blocks2.3.norm1.bias - torch.Size([256]): 
The value is the same before and after calling `init_weights` of SVTR  

encoder.blocks2.3.mixer.qkv.weight - torch.Size([768, 256]): 
The value is the same before and after calling `init_weights` of SVTR  

encoder.blocks2.3.mixer.qkv.bias - torch.Size([768]): 
The value is the same before and after calling `init_weights` of SVTR  

encoder.blocks2.3.mixer.proj.weight - torch.Size([256, 256]): 
The value is the same before and after calling `init_weights` of SVTR  

encoder.blocks2.3.mixer.proj.bias - torch.Size([256]): 
The value is the same before and after calling `init_weights` of SVTR  

encoder.blocks2.3.norm2.weight - torch.Size([256]): 
The value is the same before and after calling `init_weights` of SVTR  

encoder.blocks2.3.norm2.bias - torch.Size([256]): 
The value is the same before and after calling `init_weights` of SVTR  

encoder.blocks2.3.mlp.fc1.weight - torch.Size([1024, 256]): 
The value is the same before and after calling `init_weights` of SVTR  

encoder.blocks2.3.mlp.fc1.bias - torch.Size([1024]): 
The value is the same before and after calling `init_weights` of SVTR  

encoder.blocks2.3.mlp.fc2.weight - torch.Size([256, 1024]): 
The value is the same before and after calling `init_weights` of SVTR  

encoder.blocks2.3.mlp.fc2.bias - torch.Size([256]): 
The value is the same before and after calling `init_weights` of SVTR  

encoder.blocks2.4.norm1.weight - torch.Size([256]): 
The value is the same before and after calling `init_weights` of SVTR  

encoder.blocks2.4.norm1.bias - torch.Size([256]): 
The value is the same before and after calling `init_weights` of SVTR  

encoder.blocks2.4.mixer.qkv.weight - torch.Size([768, 256]): 
The value is the same before and after calling `init_weights` of SVTR  

encoder.blocks2.4.mixer.qkv.bias - torch.Size([768]): 
The value is the same before and after calling `init_weights` of SVTR  

encoder.blocks2.4.mixer.proj.weight - torch.Size([256, 256]): 
The value is the same before and after calling `init_weights` of SVTR  

encoder.blocks2.4.mixer.proj.bias - torch.Size([256]): 
The value is the same before and after calling `init_weights` of SVTR  

encoder.blocks2.4.norm2.weight - torch.Size([256]): 
The value is the same before and after calling `init_weights` of SVTR  

encoder.blocks2.4.norm2.bias - torch.Size([256]): 
The value is the same before and after calling `init_weights` of SVTR  

encoder.blocks2.4.mlp.fc1.weight - torch.Size([1024, 256]): 
The value is the same before and after calling `init_weights` of SVTR  

encoder.blocks2.4.mlp.fc1.bias - torch.Size([1024]): 
The value is the same before and after calling `init_weights` of SVTR  

encoder.blocks2.4.mlp.fc2.weight - torch.Size([256, 1024]): 
The value is the same before and after calling `init_weights` of SVTR  

encoder.blocks2.4.mlp.fc2.bias - torch.Size([256]): 
The value is the same before and after calling `init_weights` of SVTR  

encoder.blocks2.5.norm1.weight - torch.Size([256]): 
The value is the same before and after calling `init_weights` of SVTR  

encoder.blocks2.5.norm1.bias - torch.Size([256]): 
The value is the same before and after calling `init_weights` of SVTR  

encoder.blocks2.5.mixer.qkv.weight - torch.Size([768, 256]): 
The value is the same before and after calling `init_weights` of SVTR  

encoder.blocks2.5.mixer.qkv.bias - torch.Size([768]): 
The value is the same before and after calling `init_weights` of SVTR  

encoder.blocks2.5.mixer.proj.weight - torch.Size([256, 256]): 
The value is the same before and after calling `init_weights` of SVTR  

encoder.blocks2.5.mixer.proj.bias - torch.Size([256]): 
The value is the same before and after calling `init_weights` of SVTR  

encoder.blocks2.5.norm2.weight - torch.Size([256]): 
The value is the same before and after calling `init_weights` of SVTR  

encoder.blocks2.5.norm2.bias - torch.Size([256]): 
The value is the same before and after calling `init_weights` of SVTR  

encoder.blocks2.5.mlp.fc1.weight - torch.Size([1024, 256]): 
The value is the same before and after calling `init_weights` of SVTR  

encoder.blocks2.5.mlp.fc1.bias - torch.Size([1024]): 
The value is the same before and after calling `init_weights` of SVTR  

encoder.blocks2.5.mlp.fc2.weight - torch.Size([256, 1024]): 
The value is the same before and after calling `init_weights` of SVTR  

encoder.blocks2.5.mlp.fc2.bias - torch.Size([256]): 
The value is the same before and after calling `init_weights` of SVTR  

encoder.blocks2.6.norm1.weight - torch.Size([256]): 
The value is the same before and after calling `init_weights` of SVTR  

encoder.blocks2.6.norm1.bias - torch.Size([256]): 
The value is the same before and after calling `init_weights` of SVTR  

encoder.blocks2.6.mixer.qkv.weight - torch.Size([768, 256]): 
The value is the same before and after calling `init_weights` of SVTR  

encoder.blocks2.6.mixer.qkv.bias - torch.Size([768]): 
The value is the same before and after calling `init_weights` of SVTR  

encoder.blocks2.6.mixer.proj.weight - torch.Size([256, 256]): 
The value is the same before and after calling `init_weights` of SVTR  

encoder.blocks2.6.mixer.proj.bias - torch.Size([256]): 
The value is the same before and after calling `init_weights` of SVTR  

encoder.blocks2.6.norm2.weight - torch.Size([256]): 
The value is the same before and after calling `init_weights` of SVTR  

encoder.blocks2.6.norm2.bias - torch.Size([256]): 
The value is the same before and after calling `init_weights` of SVTR  

encoder.blocks2.6.mlp.fc1.weight - torch.Size([1024, 256]): 
The value is the same before and after calling `init_weights` of SVTR  

encoder.blocks2.6.mlp.fc1.bias - torch.Size([1024]): 
The value is the same before and after calling `init_weights` of SVTR  

encoder.blocks2.6.mlp.fc2.weight - torch.Size([256, 1024]): 
The value is the same before and after calling `init_weights` of SVTR  

encoder.blocks2.6.mlp.fc2.bias - torch.Size([256]): 
The value is the same before and after calling `init_weights` of SVTR  

encoder.blocks2.7.norm1.weight - torch.Size([256]): 
The value is the same before and after calling `init_weights` of SVTR  

encoder.blocks2.7.norm1.bias - torch.Size([256]): 
The value is the same before and after calling `init_weights` of SVTR  

encoder.blocks2.7.mixer.qkv.weight - torch.Size([768, 256]): 
The value is the same before and after calling `init_weights` of SVTR  

encoder.blocks2.7.mixer.qkv.bias - torch.Size([768]): 
The value is the same before and after calling `init_weights` of SVTR  

encoder.blocks2.7.mixer.proj.weight - torch.Size([256, 256]): 
The value is the same before and after calling `init_weights` of SVTR  

encoder.blocks2.7.mixer.proj.bias - torch.Size([256]): 
The value is the same before and after calling `init_weights` of SVTR  

encoder.blocks2.7.norm2.weight - torch.Size([256]): 
The value is the same before and after calling `init_weights` of SVTR  

encoder.blocks2.7.norm2.bias - torch.Size([256]): 
The value is the same before and after calling `init_weights` of SVTR  

encoder.blocks2.7.mlp.fc1.weight - torch.Size([1024, 256]): 
The value is the same before and after calling `init_weights` of SVTR  

encoder.blocks2.7.mlp.fc1.bias - torch.Size([1024]): 
The value is the same before and after calling `init_weights` of SVTR  

encoder.blocks2.7.mlp.fc2.weight - torch.Size([256, 1024]): 
The value is the same before and after calling `init_weights` of SVTR  

encoder.blocks2.7.mlp.fc2.bias - torch.Size([256]): 
The value is the same before and after calling `init_weights` of SVTR  

encoder.blocks2.8.norm1.weight - torch.Size([256]): 
The value is the same before and after calling `init_weights` of SVTR  

encoder.blocks2.8.norm1.bias - torch.Size([256]): 
The value is the same before and after calling `init_weights` of SVTR  

encoder.blocks2.8.mixer.qkv.weight - torch.Size([768, 256]): 
The value is the same before and after calling `init_weights` of SVTR  

encoder.blocks2.8.mixer.qkv.bias - torch.Size([768]): 
The value is the same before and after calling `init_weights` of SVTR  

encoder.blocks2.8.mixer.proj.weight - torch.Size([256, 256]): 
The value is the same before and after calling `init_weights` of SVTR  

encoder.blocks2.8.mixer.proj.bias - torch.Size([256]): 
The value is the same before and after calling `init_weights` of SVTR  

encoder.blocks2.8.norm2.weight - torch.Size([256]): 
The value is the same before and after calling `init_weights` of SVTR  

encoder.blocks2.8.norm2.bias - torch.Size([256]): 
The value is the same before and after calling `init_weights` of SVTR  

encoder.blocks2.8.mlp.fc1.weight - torch.Size([1024, 256]): 
The value is the same before and after calling `init_weights` of SVTR  

encoder.blocks2.8.mlp.fc1.bias - torch.Size([1024]): 
The value is the same before and after calling `init_weights` of SVTR  

encoder.blocks2.8.mlp.fc2.weight - torch.Size([256, 1024]): 
The value is the same before and after calling `init_weights` of SVTR  

encoder.blocks2.8.mlp.fc2.bias - torch.Size([256]): 
The value is the same before and after calling `init_weights` of SVTR  

encoder.downsample2.conv.weight - torch.Size([512, 256, 3, 3]): 
The value is the same before and after calling `init_weights` of SVTR  

encoder.downsample2.conv.bias - torch.Size([512]): 
The value is the same before and after calling `init_weights` of SVTR  

encoder.downsample2.norm.weight - torch.Size([512]): 
The value is the same before and after calling `init_weights` of SVTR  

encoder.downsample2.norm.bias - torch.Size([512]): 
The value is the same before and after calling `init_weights` of SVTR  

encoder.blocks3.0.norm1.weight - torch.Size([512]): 
The value is the same before and after calling `init_weights` of SVTR  

encoder.blocks3.0.norm1.bias - torch.Size([512]): 
The value is the same before and after calling `init_weights` of SVTR  

encoder.blocks3.0.mixer.qkv.weight - torch.Size([1536, 512]): 
The value is the same before and after calling `init_weights` of SVTR  

encoder.blocks3.0.mixer.qkv.bias - torch.Size([1536]): 
The value is the same before and after calling `init_weights` of SVTR  

encoder.blocks3.0.mixer.proj.weight - torch.Size([512, 512]): 
The value is the same before and after calling `init_weights` of SVTR  

encoder.blocks3.0.mixer.proj.bias - torch.Size([512]): 
The value is the same before and after calling `init_weights` of SVTR  

encoder.blocks3.0.norm2.weight - torch.Size([512]): 
The value is the same before and after calling `init_weights` of SVTR  

encoder.blocks3.0.norm2.bias - torch.Size([512]): 
The value is the same before and after calling `init_weights` of SVTR  

encoder.blocks3.0.mlp.fc1.weight - torch.Size([2048, 512]): 
The value is the same before and after calling `init_weights` of SVTR  

encoder.blocks3.0.mlp.fc1.bias - torch.Size([2048]): 
The value is the same before and after calling `init_weights` of SVTR  

encoder.blocks3.0.mlp.fc2.weight - torch.Size([512, 2048]): 
The value is the same before and after calling `init_weights` of SVTR  

encoder.blocks3.0.mlp.fc2.bias - torch.Size([512]): 
The value is the same before and after calling `init_weights` of SVTR  

encoder.blocks3.1.norm1.weight - torch.Size([512]): 
The value is the same before and after calling `init_weights` of SVTR  

encoder.blocks3.1.norm1.bias - torch.Size([512]): 
The value is the same before and after calling `init_weights` of SVTR  

encoder.blocks3.1.mixer.qkv.weight - torch.Size([1536, 512]): 
The value is the same before and after calling `init_weights` of SVTR  

encoder.blocks3.1.mixer.qkv.bias - torch.Size([1536]): 
The value is the same before and after calling `init_weights` of SVTR  

encoder.blocks3.1.mixer.proj.weight - torch.Size([512, 512]): 
The value is the same before and after calling `init_weights` of SVTR  

encoder.blocks3.1.mixer.proj.bias - torch.Size([512]): 
The value is the same before and after calling `init_weights` of SVTR  

encoder.blocks3.1.norm2.weight - torch.Size([512]): 
The value is the same before and after calling `init_weights` of SVTR  

encoder.blocks3.1.norm2.bias - torch.Size([512]): 
The value is the same before and after calling `init_weights` of SVTR  

encoder.blocks3.1.mlp.fc1.weight - torch.Size([2048, 512]): 
The value is the same before and after calling `init_weights` of SVTR  

encoder.blocks3.1.mlp.fc1.bias - torch.Size([2048]): 
The value is the same before and after calling `init_weights` of SVTR  

encoder.blocks3.1.mlp.fc2.weight - torch.Size([512, 2048]): 
The value is the same before and after calling `init_weights` of SVTR  

encoder.blocks3.1.mlp.fc2.bias - torch.Size([512]): 
The value is the same before and after calling `init_weights` of SVTR  

encoder.blocks3.2.norm1.weight - torch.Size([512]): 
The value is the same before and after calling `init_weights` of SVTR  

encoder.blocks3.2.norm1.bias - torch.Size([512]): 
The value is the same before and after calling `init_weights` of SVTR  

encoder.blocks3.2.mixer.qkv.weight - torch.Size([1536, 512]): 
The value is the same before and after calling `init_weights` of SVTR  

encoder.blocks3.2.mixer.qkv.bias - torch.Size([1536]): 
The value is the same before and after calling `init_weights` of SVTR  

encoder.blocks3.2.mixer.proj.weight - torch.Size([512, 512]): 
The value is the same before and after calling `init_weights` of SVTR  

encoder.blocks3.2.mixer.proj.bias - torch.Size([512]): 
The value is the same before and after calling `init_weights` of SVTR  

encoder.blocks3.2.norm2.weight - torch.Size([512]): 
The value is the same before and after calling `init_weights` of SVTR  

encoder.blocks3.2.norm2.bias - torch.Size([512]): 
The value is the same before and after calling `init_weights` of SVTR  

encoder.blocks3.2.mlp.fc1.weight - torch.Size([2048, 512]): 
The value is the same before and after calling `init_weights` of SVTR  

encoder.blocks3.2.mlp.fc1.bias - torch.Size([2048]): 
The value is the same before and after calling `init_weights` of SVTR  

encoder.blocks3.2.mlp.fc2.weight - torch.Size([512, 2048]): 
The value is the same before and after calling `init_weights` of SVTR  

encoder.blocks3.2.mlp.fc2.bias - torch.Size([512]): 
The value is the same before and after calling `init_weights` of SVTR  

encoder.blocks3.3.norm1.weight - torch.Size([512]): 
The value is the same before and after calling `init_weights` of SVTR  

encoder.blocks3.3.norm1.bias - torch.Size([512]): 
The value is the same before and after calling `init_weights` of SVTR  

encoder.blocks3.3.mixer.qkv.weight - torch.Size([1536, 512]): 
The value is the same before and after calling `init_weights` of SVTR  

encoder.blocks3.3.mixer.qkv.bias - torch.Size([1536]): 
The value is the same before and after calling `init_weights` of SVTR  

encoder.blocks3.3.mixer.proj.weight - torch.Size([512, 512]): 
The value is the same before and after calling `init_weights` of SVTR  

encoder.blocks3.3.mixer.proj.bias - torch.Size([512]): 
The value is the same before and after calling `init_weights` of SVTR  

encoder.blocks3.3.norm2.weight - torch.Size([512]): 
The value is the same before and after calling `init_weights` of SVTR  

encoder.blocks3.3.norm2.bias - torch.Size([512]): 
The value is the same before and after calling `init_weights` of SVTR  

encoder.blocks3.3.mlp.fc1.weight - torch.Size([2048, 512]): 
The value is the same before and after calling `init_weights` of SVTR  

encoder.blocks3.3.mlp.fc1.bias - torch.Size([2048]): 
The value is the same before and after calling `init_weights` of SVTR  

encoder.blocks3.3.mlp.fc2.weight - torch.Size([512, 2048]): 
The value is the same before and after calling `init_weights` of SVTR  

encoder.blocks3.3.mlp.fc2.bias - torch.Size([512]): 
The value is the same before and after calling `init_weights` of SVTR  

encoder.blocks3.4.norm1.weight - torch.Size([512]): 
The value is the same before and after calling `init_weights` of SVTR  

encoder.blocks3.4.norm1.bias - torch.Size([512]): 
The value is the same before and after calling `init_weights` of SVTR  

encoder.blocks3.4.mixer.qkv.weight - torch.Size([1536, 512]): 
The value is the same before and after calling `init_weights` of SVTR  

encoder.blocks3.4.mixer.qkv.bias - torch.Size([1536]): 
The value is the same before and after calling `init_weights` of SVTR  

encoder.blocks3.4.mixer.proj.weight - torch.Size([512, 512]): 
The value is the same before and after calling `init_weights` of SVTR  

encoder.blocks3.4.mixer.proj.bias - torch.Size([512]): 
The value is the same before and after calling `init_weights` of SVTR  

encoder.blocks3.4.norm2.weight - torch.Size([512]): 
The value is the same before and after calling `init_weights` of SVTR  

encoder.blocks3.4.norm2.bias - torch.Size([512]): 
The value is the same before and after calling `init_weights` of SVTR  

encoder.blocks3.4.mlp.fc1.weight - torch.Size([2048, 512]): 
The value is the same before and after calling `init_weights` of SVTR  

encoder.blocks3.4.mlp.fc1.bias - torch.Size([2048]): 
The value is the same before and after calling `init_weights` of SVTR  

encoder.blocks3.4.mlp.fc2.weight - torch.Size([512, 2048]): 
The value is the same before and after calling `init_weights` of SVTR  

encoder.blocks3.4.mlp.fc2.bias - torch.Size([512]): 
The value is the same before and after calling `init_weights` of SVTR  

encoder.blocks3.5.norm1.weight - torch.Size([512]): 
The value is the same before and after calling `init_weights` of SVTR  

encoder.blocks3.5.norm1.bias - torch.Size([512]): 
The value is the same before and after calling `init_weights` of SVTR  

encoder.blocks3.5.mixer.qkv.weight - torch.Size([1536, 512]): 
The value is the same before and after calling `init_weights` of SVTR  

encoder.blocks3.5.mixer.qkv.bias - torch.Size([1536]): 
The value is the same before and after calling `init_weights` of SVTR  

encoder.blocks3.5.mixer.proj.weight - torch.Size([512, 512]): 
The value is the same before and after calling `init_weights` of SVTR  

encoder.blocks3.5.mixer.proj.bias - torch.Size([512]): 
The value is the same before and after calling `init_weights` of SVTR  

encoder.blocks3.5.norm2.weight - torch.Size([512]): 
The value is the same before and after calling `init_weights` of SVTR  

encoder.blocks3.5.norm2.bias - torch.Size([512]): 
The value is the same before and after calling `init_weights` of SVTR  

encoder.blocks3.5.mlp.fc1.weight - torch.Size([2048, 512]): 
The value is the same before and after calling `init_weights` of SVTR  

encoder.blocks3.5.mlp.fc1.bias - torch.Size([2048]): 
The value is the same before and after calling `init_weights` of SVTR  

encoder.blocks3.5.mlp.fc2.weight - torch.Size([512, 2048]): 
The value is the same before and after calling `init_weights` of SVTR  

encoder.blocks3.5.mlp.fc2.bias - torch.Size([512]): 
The value is the same before and after calling `init_weights` of SVTR  

encoder.blocks3.6.norm1.weight - torch.Size([512]): 
The value is the same before and after calling `init_weights` of SVTR  

encoder.blocks3.6.norm1.bias - torch.Size([512]): 
The value is the same before and after calling `init_weights` of SVTR  

encoder.blocks3.6.mixer.qkv.weight - torch.Size([1536, 512]): 
The value is the same before and after calling `init_weights` of SVTR  

encoder.blocks3.6.mixer.qkv.bias - torch.Size([1536]): 
The value is the same before and after calling `init_weights` of SVTR  

encoder.blocks3.6.mixer.proj.weight - torch.Size([512, 512]): 
The value is the same before and after calling `init_weights` of SVTR  

encoder.blocks3.6.mixer.proj.bias - torch.Size([512]): 
The value is the same before and after calling `init_weights` of SVTR  

encoder.blocks3.6.norm2.weight - torch.Size([512]): 
The value is the same before and after calling `init_weights` of SVTR  

encoder.blocks3.6.norm2.bias - torch.Size([512]): 
The value is the same before and after calling `init_weights` of SVTR  

encoder.blocks3.6.mlp.fc1.weight - torch.Size([2048, 512]): 
The value is the same before and after calling `init_weights` of SVTR  

encoder.blocks3.6.mlp.fc1.bias - torch.Size([2048]): 
The value is the same before and after calling `init_weights` of SVTR  

encoder.blocks3.6.mlp.fc2.weight - torch.Size([512, 2048]): 
The value is the same before and after calling `init_weights` of SVTR  

encoder.blocks3.6.mlp.fc2.bias - torch.Size([512]): 
The value is the same before and after calling `init_weights` of SVTR  

encoder.blocks3.7.norm1.weight - torch.Size([512]): 
The value is the same before and after calling `init_weights` of SVTR  

encoder.blocks3.7.norm1.bias - torch.Size([512]): 
The value is the same before and after calling `init_weights` of SVTR  

encoder.blocks3.7.mixer.qkv.weight - torch.Size([1536, 512]): 
The value is the same before and after calling `init_weights` of SVTR  

encoder.blocks3.7.mixer.qkv.bias - torch.Size([1536]): 
The value is the same before and after calling `init_weights` of SVTR  

encoder.blocks3.7.mixer.proj.weight - torch.Size([512, 512]): 
The value is the same before and after calling `init_weights` of SVTR  

encoder.blocks3.7.mixer.proj.bias - torch.Size([512]): 
The value is the same before and after calling `init_weights` of SVTR  

encoder.blocks3.7.norm2.weight - torch.Size([512]): 
The value is the same before and after calling `init_weights` of SVTR  

encoder.blocks3.7.norm2.bias - torch.Size([512]): 
The value is the same before and after calling `init_weights` of SVTR  

encoder.blocks3.7.mlp.fc1.weight - torch.Size([2048, 512]): 
The value is the same before and after calling `init_weights` of SVTR  

encoder.blocks3.7.mlp.fc1.bias - torch.Size([2048]): 
The value is the same before and after calling `init_weights` of SVTR  

encoder.blocks3.7.mlp.fc2.weight - torch.Size([512, 2048]): 
The value is the same before and after calling `init_weights` of SVTR  

encoder.blocks3.7.mlp.fc2.bias - torch.Size([512]): 
The value is the same before and after calling `init_weights` of SVTR  

encoder.blocks3.8.norm1.weight - torch.Size([512]): 
The value is the same before and after calling `init_weights` of SVTR  

encoder.blocks3.8.norm1.bias - torch.Size([512]): 
The value is the same before and after calling `init_weights` of SVTR  

encoder.blocks3.8.mixer.qkv.weight - torch.Size([1536, 512]): 
The value is the same before and after calling `init_weights` of SVTR  

encoder.blocks3.8.mixer.qkv.bias - torch.Size([1536]): 
The value is the same before and after calling `init_weights` of SVTR  

encoder.blocks3.8.mixer.proj.weight - torch.Size([512, 512]): 
The value is the same before and after calling `init_weights` of SVTR  

encoder.blocks3.8.mixer.proj.bias - torch.Size([512]): 
The value is the same before and after calling `init_weights` of SVTR  

encoder.blocks3.8.norm2.weight - torch.Size([512]): 
The value is the same before and after calling `init_weights` of SVTR  

encoder.blocks3.8.norm2.bias - torch.Size([512]): 
The value is the same before and after calling `init_weights` of SVTR  

encoder.blocks3.8.mlp.fc1.weight - torch.Size([2048, 512]): 
The value is the same before and after calling `init_weights` of SVTR  

encoder.blocks3.8.mlp.fc1.bias - torch.Size([2048]): 
The value is the same before and after calling `init_weights` of SVTR  

encoder.blocks3.8.mlp.fc2.weight - torch.Size([512, 2048]): 
The value is the same before and after calling `init_weights` of SVTR  

encoder.blocks3.8.mlp.fc2.bias - torch.Size([512]): 
The value is the same before and after calling `init_weights` of SVTR  

encoder.layer_norm.weight - torch.Size([512]): 
The value is the same before and after calling `init_weights` of SVTR  

encoder.layer_norm.bias - torch.Size([512]): 
The value is the same before and after calling `init_weights` of SVTR  

encoder.last_conv.weight - torch.Size([384, 512, 1, 1]): 
The value is the same before and after calling `init_weights` of SVTR  

decoder.decoder.weight - torch.Size([5885, 384]): 
The value is the same before and after calling `init_weights` of SVTR  

decoder.decoder.bias - torch.Size([5885]): 
The value is the same before and after calling `init_weights` of SVTR  
2026/01/11 20:53:51 - mmengine - INFO - Load checkpoint from work_dirs/svtr-large_pretrain_plus_gapfix_seed3407/best_PretrainCN_holdout_recog_word_acc_epoch_20.pth
2026/01/11 20:53:51 - mmengine - WARNING - "FileClient" will be deprecated in future. Please use io functions in https://mmengine.readthedocs.io/en/latest/api/fileio.html#file-io
2026/01/11 20:53:51 - mmengine - WARNING - "HardDiskBackend" is the alias of "LocalBackend" and the former will be deprecated in future.
2026/01/11 20:53:51 - mmengine - INFO - Checkpoints will be saved to /root/lanyun-tmp/mmocr/work_dirs/svtr-large_finetune_from_pretrain_raw_seed3407_with_ep20.
2026/01/11 20:54:26 - mmengine - INFO - Epoch(train)  [1][  50/1989]  lr: 1.2654e-04  eta: 11:36:06  time: 0.5380  data_time: 0.0732  memory: 18262  loss: 2.6375  loss_ctc: 2.6375
2026/01/11 20:55:00 - mmengine - INFO - Epoch(train)  [1][ 100/1989]  lr: 1.2811e-04  eta: 11:27:42  time: 0.7816  data_time: 0.1821  memory: 18262  loss: 2.4575  loss_ctc: 2.4575
2026/01/11 20:55:33 - mmengine - INFO - Epoch(train)  [1][ 150/1989]  lr: 1.2968e-04  eta: 11:18:36  time: 0.5888  data_time: 0.1523  memory: 18262  loss: 2.3595  loss_ctc: 2.3595
2026/01/11 20:56:09 - mmengine - INFO - Epoch(train)  [1][ 200/1989]  lr: 1.3125e-04  eta: 11:26:53  time: 0.6801  data_time: 0.2433  memory: 18262  loss: 2.2513  loss_ctc: 2.2513
2026/01/11 20:56:40 - mmengine - INFO - Epoch(train)  [1][ 250/1989]  lr: 1.3283e-04  eta: 11:11:50  time: 0.6685  data_time: 0.1901  memory: 18262  loss: 2.2376  loss_ctc: 2.2376
2026/01/11 20:57:21 - mmengine - INFO - Epoch(train)  [1][ 300/1989]  lr: 1.3440e-04  eta: 11:32:23  time: 0.6114  data_time: 0.0173  memory: 18262  loss: 2.3905  loss_ctc: 2.3905
2026/01/11 20:57:59 - mmengine - INFO - Epoch(train)  [1][ 350/1989]  lr: 1.3597e-04  eta: 11:42:38  time: 0.9931  data_time: 0.5446  memory: 18262  loss: 2.2787  loss_ctc: 2.2787
2026/01/11 20:58:37 - mmengine - INFO - Epoch(train)  [1][ 400/1989]  lr: 1.3754e-04  eta: 11:48:00  time: 1.1205  data_time: 0.0018  memory: 18262  loss: 2.0597  loss_ctc: 2.0597
2026/01/11 20:59:12 - mmengine - INFO - Epoch(train)  [1][ 450/1989]  lr: 1.3911e-04  eta: 11:44:36  time: 0.9629  data_time: 0.2219  memory: 18262  loss: 2.1751  loss_ctc: 2.1751
2026/01/11 20:59:50 - mmengine - INFO - Epoch(train)  [1][ 500/1989]  lr: 1.4068e-04  eta: 11:49:00  time: 1.1370  data_time: 0.0018  memory: 18262  loss: 2.1216  loss_ctc: 2.1216
2026/01/11 21:00:23 - mmengine - INFO - Epoch(train)  [1][ 550/1989]  lr: 1.4226e-04  eta: 11:42:32  time: 0.6488  data_time: 0.0019  memory: 18262  loss: 2.0988  loss_ctc: 2.0988
2026/01/11 21:00:57 - mmengine - INFO - Epoch(train)  [1][ 600/1989]  lr: 1.4383e-04  eta: 11:40:02  time: 0.6278  data_time: 0.1608  memory: 18262  loss: 2.0488  loss_ctc: 2.0488
2026/01/11 21:01:33 - mmengine - INFO - Epoch(train)  [1][ 650/1989]  lr: 1.4540e-04  eta: 11:40:10  time: 0.4769  data_time: 0.0427  memory: 18262  loss: 2.0984  loss_ctc: 2.0984
2026/01/11 21:02:09 - mmengine - INFO - Epoch(train)  [1][ 700/1989]  lr: 1.4697e-04  eta: 11:39:10  time: 0.7165  data_time: 0.0200  memory: 18262  loss: 2.2450  loss_ctc: 2.2450
2026/01/11 21:02:44 - mmengine - INFO - Epoch(train)  [1][ 750/1989]  lr: 1.4854e-04  eta: 11:38:33  time: 0.6819  data_time: 0.2453  memory: 18262  loss: 2.0161  loss_ctc: 2.0161
2026/01/11 21:03:19 - mmengine - INFO - Epoch(train)  [1][ 800/1989]  lr: 1.5011e-04  eta: 11:37:13  time: 0.8292  data_time: 0.0736  memory: 18262  loss: 2.0431  loss_ctc: 2.0431
2026/01/11 21:03:52 - mmengine - INFO - Epoch(train)  [1][ 850/1989]  lr: 1.5168e-04  eta: 11:33:43  time: 0.4937  data_time: 0.0548  memory: 18262  loss: 2.0323  loss_ctc: 2.0323
2026/01/11 21:04:29 - mmengine - INFO - Epoch(train)  [1][ 900/1989]  lr: 1.5326e-04  eta: 11:35:00  time: 0.6038  data_time: 0.0486  memory: 18262  loss: 2.0290  loss_ctc: 2.0290
2026/01/11 21:05:08 - mmengine - INFO - Epoch(train)  [1][ 950/1989]  lr: 1.5483e-04  eta: 11:37:22  time: 0.6921  data_time: 0.0679  memory: 18262  loss: 2.2326  loss_ctc: 2.2326
2026/01/11 21:05:43 - mmengine - INFO - Exp name: svtr-large_fudan_scene_finetune_from_pretrain_cn_scene_widthaug_20260111_205333
2026/01/11 21:05:43 - mmengine - INFO - Epoch(train)  [1][1000/1989]  lr: 1.5640e-04  eta: 11:36:51  time: 0.8454  data_time: 0.4061  memory: 18262  loss: 2.0033  loss_ctc: 2.0033
2026/01/11 21:06:21 - mmengine - INFO - Epoch(train)  [1][1050/1989]  lr: 1.5797e-04  eta: 11:37:50  time: 0.9307  data_time: 0.0019  memory: 18262  loss: 2.1050  loss_ctc: 2.1050
2026/01/11 21:06:54 - mmengine - INFO - Epoch(train)  [1][1100/1989]  lr: 1.5954e-04  eta: 11:35:33  time: 0.7039  data_time: 0.2590  memory: 18262  loss: 2.0269  loss_ctc: 2.0269
2026/01/11 21:07:27 - mmengine - INFO - Epoch(train)  [1][1150/1989]  lr: 1.6111e-04  eta: 11:32:30  time: 0.6065  data_time: 0.1684  memory: 18262  loss: 1.9446  loss_ctc: 1.9446
2026/01/11 21:08:03 - mmengine - INFO - Epoch(train)  [1][1200/1989]  lr: 1.6269e-04  eta: 11:32:20  time: 0.6026  data_time: 0.1752  memory: 18262  loss: 1.9444  loss_ctc: 1.9444
2026/01/11 21:08:41 - mmengine - INFO - Epoch(train)  [1][1250/1989]  lr: 1.6426e-04  eta: 11:33:43  time: 1.0721  data_time: 0.1059  memory: 18262  loss: 2.0698  loss_ctc: 2.0698
2026/01/11 21:09:19 - mmengine - INFO - Epoch(train)  [1][1300/1989]  lr: 1.6583e-04  eta: 11:34:24  time: 0.5900  data_time: 0.1578  memory: 18262  loss: 2.0923  loss_ctc: 2.0923
2026/01/11 21:09:52 - mmengine - INFO - Epoch(train)  [1][1350/1989]  lr: 1.6740e-04  eta: 11:32:26  time: 0.6851  data_time: 0.2576  memory: 18262  loss: 1.9939  loss_ctc: 1.9939
2026/01/11 21:10:29 - mmengine - INFO - Epoch(train)  [1][1400/1989]  lr: 1.6897e-04  eta: 11:32:49  time: 0.8163  data_time: 0.2822  memory: 18262  loss: 1.8710  loss_ctc: 1.8710
2026/01/11 21:11:01 - mmengine - INFO - Epoch(train)  [1][1450/1989]  lr: 1.7054e-04  eta: 11:29:34  time: 0.8137  data_time: 0.3687  memory: 18262  loss: 2.1473  loss_ctc: 2.1473
2026/01/11 21:11:33 - mmengine - INFO - Epoch(train)  [1][1500/1989]  lr: 1.7211e-04  eta: 11:26:48  time: 0.5877  data_time: 0.0019  memory: 18262  loss: 2.1831  loss_ctc: 2.1831
2026/01/11 21:12:07 - mmengine - INFO - Epoch(train)  [1][1550/1989]  lr: 1.7369e-04  eta: 11:24:57  time: 0.7795  data_time: 0.0767  memory: 18262  loss: 2.2304  loss_ctc: 2.2304
2026/01/11 21:12:45 - mmengine - INFO - Epoch(train)  [1][1600/1989]  lr: 1.7526e-04  eta: 11:26:22  time: 0.6343  data_time: 0.0018  memory: 18262  loss: 2.1387  loss_ctc: 2.1387
2026/01/11 21:13:26 - mmengine - INFO - Epoch(train)  [1][1650/1989]  lr: 1.7683e-04  eta: 11:28:42  time: 0.9484  data_time: 0.4896  memory: 18262  loss: 2.2466  loss_ctc: 2.2466
2026/01/11 21:14:02 - mmengine - INFO - Epoch(train)  [1][1700/1989]  lr: 1.7840e-04  eta: 11:28:15  time: 0.5645  data_time: 0.0018  memory: 18262  loss: 2.0116  loss_ctc: 2.0116
2026/01/11 21:14:36 - mmengine - INFO - Epoch(train)  [1][1750/1989]  lr: 1.7997e-04  eta: 11:26:57  time: 0.7366  data_time: 0.0018  memory: 18262  loss: 2.1873  loss_ctc: 2.1873
2026/01/11 21:15:10 - mmengine - INFO - Epoch(train)  [1][1800/1989]  lr: 1.8154e-04  eta: 11:25:33  time: 0.5217  data_time: 0.0870  memory: 18262  loss: 2.0601  loss_ctc: 2.0601
2026/01/11 21:15:44 - mmengine - INFO - Epoch(train)  [1][1850/1989]  lr: 1.8312e-04  eta: 11:23:52  time: 0.5889  data_time: 0.1444  memory: 18262  loss: 2.1160  loss_ctc: 2.1160
2026/01/11 21:16:16 - mmengine - INFO - Epoch(train)  [1][1900/1989]  lr: 1.8469e-04  eta: 11:21:47  time: 0.5292  data_time: 0.0767  memory: 18262  loss: 1.9962  loss_ctc: 1.9962
2026/01/11 21:16:51 - mmengine - INFO - Epoch(train)  [1][1950/1989]  lr: 1.8626e-04  eta: 11:21:05  time: 0.7390  data_time: 0.3011  memory: 18262  loss: 2.1469  loss_ctc: 2.1469
2026/01/11 21:17:18 - mmengine - INFO - Exp name: svtr-large_fudan_scene_finetune_from_pretrain_cn_scene_widthaug_20260111_205333
2026/01/11 21:17:18 - mmengine - INFO - Saving checkpoint at 1 epochs
2026/01/11 21:17:30 - mmengine - INFO - Epoch(val)  [1][ 50/498]    eta: 0:01:25  time: 0.1877  data_time: 0.0006  memory: 18262  
2026/01/11 21:17:38 - mmengine - INFO - Epoch(val)  [1][100/498]    eta: 0:01:11  time: 0.1689  data_time: 0.0005  memory: 1674  
2026/01/11 21:17:47 - mmengine - INFO - Epoch(val)  [1][150/498]    eta: 0:01:01  time: 0.1786  data_time: 0.0005  memory: 1674  
2026/01/11 21:17:55 - mmengine - INFO - Epoch(val)  [1][200/498]    eta: 0:00:52  time: 0.1702  data_time: 0.0006  memory: 1674  
2026/01/11 21:18:04 - mmengine - INFO - Epoch(val)  [1][250/498]    eta: 0:00:43  time: 0.1687  data_time: 0.0005  memory: 1674  
2026/01/11 21:18:12 - mmengine - INFO - Epoch(val)  [1][300/498]    eta: 0:00:34  time: 0.1691  data_time: 0.0005  memory: 1674  
2026/01/11 21:18:21 - mmengine - INFO - Epoch(val)  [1][350/498]    eta: 0:00:25  time: 0.1687  data_time: 0.0005  memory: 1674  
2026/01/11 21:18:29 - mmengine - INFO - Epoch(val)  [1][400/498]    eta: 0:00:16  time: 0.1692  data_time: 0.0005  memory: 1674  
2026/01/11 21:18:38 - mmengine - INFO - Epoch(val)  [1][450/498]    eta: 0:00:08  time: 0.1713  data_time: 0.0006  memory: 1674  
2026/01/11 21:18:46 - mmengine - INFO - Epoch(val) [1][498/498]    Fudan/recog/word_acc: 0.5283  Fudan/recog/1-N.E.D: 0.7216  data_time: 0.0019  time: 0.1722
2026/01/11 21:18:48 - mmengine - INFO - The best checkpoint with 0.5283 Fudan/recog/word_acc at 1 epoch is saved to best_Fudan_recog_word_acc_epoch_1.pth.
2026/01/11 21:19:00 - mmengine - INFO - Exp name: svtr-large_fudan_scene_finetune_from_pretrain_cn_scene_widthaug_20260111_205333
2026/01/11 21:19:22 - mmengine - INFO - Epoch(train)  [2][  50/1989]  lr: 1.8906e-04  eta: 11:17:31  time: 0.5273  data_time: 0.0883  memory: 18282  loss: 1.9225  loss_ctc: 1.9225
2026/01/11 21:20:04 - mmengine - INFO - Epoch(train)  [2][ 100/1989]  lr: 1.9063e-04  eta: 11:19:49  time: 1.2320  data_time: 0.5426  memory: 18277  loss: 2.1436  loss_ctc: 2.1436
2026/01/11 21:20:39 - mmengine - INFO - Epoch(train)  [2][ 150/1989]  lr: 1.9220e-04  eta: 11:19:04  time: 0.6608  data_time: 0.0917  memory: 18277  loss: 1.9409  loss_ctc: 1.9409
2026/01/11 21:21:16 - mmengine - INFO - Epoch(train)  [2][ 200/1989]  lr: 1.9377e-04  eta: 11:18:57  time: 0.6933  data_time: 0.0017  memory: 18277  loss: 1.8703  loss_ctc: 1.8703
2026/01/11 21:21:56 - mmengine - INFO - Epoch(train)  [2][ 250/1989]  lr: 1.9534e-04  eta: 11:20:41  time: 0.5935  data_time: 0.0018  memory: 18277  loss: 2.0697  loss_ctc: 2.0697
2026/01/11 21:22:31 - mmengine - INFO - Epoch(train)  [2][ 300/1989]  lr: 1.9691e-04  eta: 11:19:43  time: 0.6355  data_time: 0.2049  memory: 18277  loss: 2.1356  loss_ctc: 2.1356
2026/01/11 21:23:07 - mmengine - INFO - Epoch(train)  [2][ 350/1989]  lr: 1.9849e-04  eta: 11:19:06  time: 0.8101  data_time: 0.3667  memory: 18277  loss: 2.1440  loss_ctc: 2.1440
2026/01/11 21:23:41 - mmengine - INFO - Epoch(train)  [2][ 400/1989]  lr: 2.0006e-04  eta: 11:18:04  time: 0.6914  data_time: 0.2318  memory: 18277  loss: 2.2811  loss_ctc: 2.2811
2026/01/11 21:24:17 - mmengine - INFO - Epoch(train)  [2][ 450/1989]  lr: 2.0163e-04  eta: 11:17:51  time: 0.7386  data_time: 0.0020  memory: 18277  loss: 2.1421  loss_ctc: 2.1421
2026/01/11 21:24:52 - mmengine - INFO - Epoch(train)  [2][ 500/1989]  lr: 2.0320e-04  eta: 11:16:57  time: 0.7404  data_time: 0.2582  memory: 18277  loss: 2.0124  loss_ctc: 2.0124
2026/01/11 21:25:29 - mmengine - INFO - Epoch(train)  [2][ 550/1989]  lr: 2.0477e-04  eta: 11:16:41  time: 0.5998  data_time: 0.1630  memory: 18277  loss: 2.1081  loss_ctc: 2.1081
2026/01/11 21:26:05 - mmengine - INFO - Epoch(train)  [2][ 600/1989]  lr: 2.0634e-04  eta: 11:16:18  time: 0.4453  data_time: 0.0019  memory: 18277  loss: 2.3141  loss_ctc: 2.3141
2026/01/11 21:26:46 - mmengine - INFO - Epoch(train)  [2][ 650/1989]  lr: 2.0791e-04  eta: 11:17:36  time: 0.8857  data_time: 0.4237  memory: 18277  loss: 1.9657  loss_ctc: 1.9657
2026/01/11 21:27:19 - mmengine - INFO - Epoch(train)  [2][ 700/1989]  lr: 2.0949e-04  eta: 11:16:11  time: 0.7285  data_time: 0.0937  memory: 18277  loss: 2.1174  loss_ctc: 2.1174
2026/01/11 21:28:05 - mmengine - INFO - Epoch(train)  [2][ 750/1989]  lr: 2.1106e-04  eta: 11:19:15  time: 1.6523  data_time: 0.1409  memory: 18277  loss: 1.9241  loss_ctc: 1.9241
2026/01/11 21:28:56 - mmengine - INFO - Epoch(train)  [2][ 800/1989]  lr: 2.1263e-04  eta: 11:23:58  time: 0.9763  data_time: 0.0022  memory: 18277  loss: 1.9906  loss_ctc: 1.9906
2026/01/11 21:30:00 - mmengine - INFO - Epoch(train)  [2][ 850/1989]  lr: 2.1420e-04  eta: 11:32:31  time: 0.8417  data_time: 0.3009  memory: 18277  loss: 1.8602  loss_ctc: 1.8602
2026/01/11 21:30:44 - mmengine - INFO - Epoch(train)  [2][ 900/1989]  lr: 2.1577e-04  eta: 11:34:19  time: 0.6690  data_time: 0.2309  memory: 18277  loss: 2.0528  loss_ctc: 2.0528
2026/01/11 21:32:10 - mmengine - INFO - Epoch(train)  [2][ 950/1989]  lr: 2.1734e-04  eta: 11:49:32  time: 0.7675  data_time: 0.1436  memory: 18277  loss: 1.9326  loss_ctc: 1.9326
2026/01/11 21:32:55 - mmengine - INFO - Epoch(train)  [2][1000/1989]  lr: 2.1892e-04  eta: 11:51:14  time: 0.7215  data_time: 0.2202  memory: 18277  loss: 2.0887  loss_ctc: 2.0887
2026/01/11 21:33:01 - mmengine - INFO - Exp name: svtr-large_fudan_scene_finetune_from_pretrain_cn_scene_widthaug_20260111_205333
2026/01/11 21:34:12 - mmengine - INFO - Epoch(train)  [2][1050/1989]  lr: 2.2049e-04  eta: 12:03:03  time: 2.0131  data_time: 0.4563  memory: 18277  loss: 1.7956  loss_ctc: 1.7956
2026/01/11 21:34:54 - mmengine - INFO - Epoch(train)  [2][1100/1989]  lr: 2.2206e-04  eta: 12:03:23  time: 1.3835  data_time: 0.9476  memory: 18277  loss: 1.9820  loss_ctc: 1.9820
2026/01/11 21:35:33 - mmengine - INFO - Epoch(train)  [2][1150/1989]  lr: 2.2363e-04  eta: 12:03:02  time: 0.5808  data_time: 0.1403  memory: 18277  loss: 2.0094  loss_ctc: 2.0094
2026/01/11 21:36:09 - mmengine - INFO - Epoch(train)  [2][1200/1989]  lr: 2.2520e-04  eta: 12:01:33  time: 0.7141  data_time: 0.0064  memory: 18277  loss: 2.0084  loss_ctc: 2.0084
2026/01/11 21:36:46 - mmengine - INFO - Epoch(train)  [2][1250/1989]  lr: 2.2677e-04  eta: 12:00:31  time: 1.0518  data_time: 0.6128  memory: 18277  loss: 1.9608  loss_ctc: 1.9608
2026/01/11 21:37:23 - mmengine - INFO - Epoch(train)  [2][1300/1989]  lr: 2.2834e-04  eta: 11:59:30  time: 0.7312  data_time: 0.3000  memory: 18277  loss: 2.1220  loss_ctc: 2.1220
2026/01/11 21:38:01 - mmengine - INFO - Epoch(train)  [2][1350/1989]  lr: 2.2992e-04  eta: 11:58:46  time: 0.5794  data_time: 0.1283  memory: 18277  loss: 1.9042  loss_ctc: 1.9042
2026/01/11 21:38:35 - mmengine - INFO - Epoch(train)  [2][1400/1989]  lr: 2.3149e-04  eta: 11:56:58  time: 0.5682  data_time: 0.0022  memory: 18277  loss: 2.0452  loss_ctc: 2.0452
2026/01/11 21:39:13 - mmengine - INFO - Epoch(train)  [2][1450/1989]  lr: 2.3306e-04  eta: 11:56:30  time: 0.5754  data_time: 0.1287  memory: 18277  loss: 2.1268  loss_ctc: 2.1268
2026/01/11 21:39:46 - mmengine - INFO - Epoch(train)  [2][1500/1989]  lr: 2.3463e-04  eta: 11:54:23  time: 0.8025  data_time: 0.3112  memory: 18277  loss: 2.0861  loss_ctc: 2.0861
2026/01/11 21:40:19 - mmengine - INFO - Epoch(train)  [2][1550/1989]  lr: 2.3620e-04  eta: 11:52:27  time: 0.8059  data_time: 0.3597  memory: 18277  loss: 1.9263  loss_ctc: 1.9263
2026/01/11 21:40:58 - mmengine - INFO - Epoch(train)  [2][1600/1989]  lr: 2.3777e-04  eta: 11:51:58  time: 0.9295  data_time: 0.0021  memory: 18277  loss: 1.9058  loss_ctc: 1.9058
2026/01/11 21:41:34 - mmengine - INFO - Epoch(train)  [2][1650/1989]  lr: 2.3934e-04  eta: 11:50:43  time: 0.6770  data_time: 0.2128  memory: 18277  loss: 1.9645  loss_ctc: 1.9645
2026/01/11 21:42:09 - mmengine - INFO - Epoch(train)  [2][1700/1989]  lr: 2.4092e-04  eta: 11:49:23  time: 0.5601  data_time: 0.1071  memory: 18277  loss: 1.8643  loss_ctc: 1.8643
2026/01/11 21:42:45 - mmengine - INFO - Epoch(train)  [2][1750/1989]  lr: 2.4249e-04  eta: 11:48:07  time: 0.6911  data_time: 0.1506  memory: 18277  loss: 1.8637  loss_ctc: 1.8637
2026/01/11 21:43:36 - mmengine - INFO - Epoch(train)  [2][1800/1989]  lr: 2.4406e-04  eta: 11:50:55  time: 0.7721  data_time: 0.3398  memory: 18277  loss: 1.9114  loss_ctc: 1.9114
2026/01/11 21:44:15 - mmengine - INFO - Epoch(train)  [2][1850/1989]  lr: 2.4563e-04  eta: 11:50:24  time: 0.6858  data_time: 0.2420  memory: 18277  loss: 2.0404  loss_ctc: 2.0404
2026/01/11 21:45:03 - mmengine - INFO - Epoch(train)  [2][1900/1989]  lr: 2.4720e-04  eta: 11:52:06  time: 0.6933  data_time: 0.2022  memory: 18277  loss: 2.1006  loss_ctc: 2.1006
2026/01/11 21:45:35 - mmengine - INFO - Epoch(train)  [2][1950/1989]  lr: 2.4877e-04  eta: 11:50:04  time: 0.5625  data_time: 0.1279  memory: 18277  loss: 2.0904  loss_ctc: 2.0904
2026/01/11 21:46:06 - mmengine - INFO - Exp name: svtr-large_fudan_scene_finetune_from_pretrain_cn_scene_widthaug_20260111_205333
2026/01/11 21:46:06 - mmengine - INFO - Saving checkpoint at 2 epochs
2026/01/11 21:46:18 - mmengine - INFO - Epoch(val)  [2][ 50/498]    eta: 0:01:21  time: 0.1750  data_time: 0.0006  memory: 18277  
2026/01/11 21:46:26 - mmengine - INFO - Epoch(val)  [2][100/498]    eta: 0:01:09  time: 0.1696  data_time: 0.0006  memory: 1675  
2026/01/11 21:46:35 - mmengine - INFO - Epoch(val)  [2][150/498]    eta: 0:01:01  time: 0.1758  data_time: 0.0005  memory: 1675  
2026/01/11 21:46:43 - mmengine - INFO - Epoch(val)  [2][200/498]    eta: 0:00:52  time: 0.1748  data_time: 0.0006  memory: 1675  
2026/01/11 21:46:52 - mmengine - INFO - Epoch(val)  [2][250/498]    eta: 0:00:43  time: 0.1878  data_time: 0.0006  memory: 1675  
2026/01/11 21:47:01 - mmengine - INFO - Epoch(val)  [2][300/498]    eta: 0:00:34  time: 0.1724  data_time: 0.0006  memory: 1675  
2026/01/11 21:47:10 - mmengine - INFO - Epoch(val)  [2][350/498]    eta: 0:00:25  time: 0.1873  data_time: 0.0006  memory: 1675  
2026/01/11 21:47:18 - mmengine - INFO - Epoch(val)  [2][400/498]    eta: 0:00:17  time: 0.1713  data_time: 0.0006  memory: 1675  
2026/01/11 21:47:27 - mmengine - INFO - Epoch(val)  [2][450/498]    eta: 0:00:08  time: 0.1842  data_time: 0.0006  memory: 1675  
2026/01/11 21:47:36 - mmengine - INFO - Epoch(val) [2][498/498]    Fudan/recog/word_acc: 0.4666  Fudan/recog/1-N.E.D: 0.6862  data_time: 0.0011  time: 0.1736
2026/01/11 21:48:06 - mmengine - INFO - Exp name: svtr-large_fudan_scene_finetune_from_pretrain_cn_scene_widthaug_20260111_205333
2026/01/11 21:48:33 - mmengine - INFO - Epoch(train)  [3][  50/1989]  lr: 2.5000e-04  eta: 11:53:25  time: 0.5098  data_time: 0.0020  memory: 18277  loss: 1.9293  loss_ctc: 1.9293
2026/01/11 21:49:53 - mmengine - INFO - Epoch(train)  [3][ 100/1989]  lr: 2.5000e-04  eta: 12:02:14  time: 1.9917  data_time: 0.0020  memory: 18277  loss: 1.9881  loss_ctc: 1.9881
2026/01/11 21:50:54 - mmengine - INFO - Epoch(train)  [3][ 150/1989]  lr: 2.5000e-04  eta: 12:06:29  time: 0.6572  data_time: 0.0021  memory: 18277  loss: 1.9089  loss_ctc: 1.9089
2026/01/11 21:51:47 - mmengine - INFO - Epoch(train)  [3][ 200/1989]  lr: 2.4999e-04  eta: 12:09:02  time: 0.9730  data_time: 0.5320  memory: 18277  loss: 1.9657  loss_ctc: 1.9657
2026/01/11 21:52:52 - mmengine - INFO - Epoch(train)  [3][ 250/1989]  lr: 2.4999e-04  eta: 12:13:58  time: 0.6959  data_time: 0.0021  memory: 18277  loss: 1.8047  loss_ctc: 1.8047
2026/01/11 21:53:34 - mmengine - INFO - Epoch(train)  [3][ 300/1989]  lr: 2.4998e-04  eta: 12:13:44  time: 0.6478  data_time: 0.1400  memory: 18277  loss: 1.8671  loss_ctc: 1.8671
2026/01/11 21:54:11 - mmengine - INFO - Epoch(train)  [3][ 350/1989]  lr: 2.4998e-04  eta: 12:12:31  time: 0.7131  data_time: 0.2643  memory: 18277  loss: 1.8232  loss_ctc: 1.8232
2026/01/11 21:54:44 - mmengine - INFO - Epoch(train)  [3][ 400/1989]  lr: 2.4997e-04  eta: 12:10:26  time: 0.5497  data_time: 0.0834  memory: 18277  loss: 1.7407  loss_ctc: 1.7407
2026/01/11 21:55:20 - mmengine - INFO - Epoch(train)  [3][ 450/1989]  lr: 2.4996e-04  eta: 12:09:02  time: 0.6082  data_time: 0.1514  memory: 18277  loss: 1.7965  loss_ctc: 1.7965
2026/01/11 21:55:55 - mmengine - INFO - Epoch(train)  [3][ 500/1989]  lr: 2.4995e-04  eta: 12:07:21  time: 0.6188  data_time: 0.1863  memory: 18277  loss: 2.1710  loss_ctc: 2.1710
2026/01/11 21:56:32 - mmengine - INFO - Epoch(train)  [3][ 550/1989]  lr: 2.4994e-04  eta: 12:06:18  time: 1.0248  data_time: 0.0704  memory: 18277  loss: 1.8894  loss_ctc: 1.8894
2026/01/11 21:57:06 - mmengine - INFO - Epoch(train)  [3][ 600/1989]  lr: 2.4993e-04  eta: 12:04:23  time: 0.5857  data_time: 0.0939  memory: 18277  loss: 1.9494  loss_ctc: 1.9494
2026/01/11 21:58:32 - mmengine - INFO - Epoch(train)  [3][ 650/1989]  lr: 2.4992e-04  eta: 12:13:07  time: 2.8234  data_time: 0.0255  memory: 18277  loss: 1.8468  loss_ctc: 1.8468
2026/01/11 21:59:10 - mmengine - INFO - Epoch(train)  [3][ 700/1989]  lr: 2.4991e-04  eta: 12:11:54  time: 1.0565  data_time: 0.0022  memory: 18277  loss: 1.9111  loss_ctc: 1.9111
2026/01/11 21:59:46 - mmengine - INFO - Epoch(train)  [3][ 750/1989]  lr: 2.4990e-04  eta: 12:10:28  time: 0.7584  data_time: 0.0653  memory: 18277  loss: 1.8689  loss_ctc: 1.8689
2026/01/11 22:00:20 - mmengine - INFO - Epoch(train)  [3][ 800/1989]  lr: 2.4988e-04  eta: 12:08:46  time: 0.6468  data_time: 0.2010  memory: 18277  loss: 1.7820  loss_ctc: 1.7820
2026/01/11 22:00:59 - mmengine - INFO - Epoch(train)  [3][ 850/1989]  lr: 2.4987e-04  eta: 12:07:58  time: 0.6245  data_time: 0.1935  memory: 18277  loss: 1.7423  loss_ctc: 1.7423
2026/01/11 22:01:33 - mmengine - INFO - Epoch(train)  [3][ 900/1989]  lr: 2.4985e-04  eta: 12:06:13  time: 0.9169  data_time: 0.4840  memory: 18277  loss: 1.9281  loss_ctc: 1.9281
2026/01/11 22:02:08 - mmengine - INFO - Epoch(train)  [3][ 950/1989]  lr: 2.4983e-04  eta: 12:04:33  time: 0.6469  data_time: 0.2156  memory: 18277  loss: 2.1005  loss_ctc: 2.1005
2026/01/11 22:02:43 - mmengine - INFO - Epoch(train)  [3][1000/1989]  lr: 2.4982e-04  eta: 12:03:04  time: 0.7855  data_time: 0.3410  memory: 18277  loss: 1.8416  loss_ctc: 1.8416
2026/01/11 22:02:56 - mmengine - INFO - Exp name: svtr-large_fudan_scene_finetune_from_pretrain_cn_scene_widthaug_20260111_205333
2026/01/11 22:03:17 - mmengine - INFO - Epoch(train)  [3][1050/1989]  lr: 2.4980e-04  eta: 12:01:27  time: 0.8078  data_time: 0.3602  memory: 18277  loss: 2.1201  loss_ctc: 2.1201
2026/01/11 22:03:49 - mmengine - INFO - Epoch(train)  [3][1100/1989]  lr: 2.4978e-04  eta: 11:59:26  time: 0.6261  data_time: 0.1746  memory: 18277  loss: 1.7379  loss_ctc: 1.7379
2026/01/11 22:04:26 - mmengine - INFO - Epoch(train)  [3][1150/1989]  lr: 2.4976e-04  eta: 11:58:16  time: 0.7606  data_time: 0.0021  memory: 18277  loss: 1.8422  loss_ctc: 1.8422
2026/01/11 22:05:00 - mmengine - INFO - Epoch(train)  [3][1200/1989]  lr: 2.4973e-04  eta: 11:56:43  time: 0.6858  data_time: 0.2396  memory: 18277  loss: 1.7662  loss_ctc: 1.7662
2026/01/11 22:05:34 - mmengine - INFO - Epoch(train)  [3][1250/1989]  lr: 2.4971e-04  eta: 11:55:03  time: 0.7281  data_time: 0.2968  memory: 18277  loss: 2.0352  loss_ctc: 2.0352
2026/01/11 22:06:14 - mmengine - INFO - Epoch(train)  [3][1300/1989]  lr: 2.4969e-04  eta: 11:54:32  time: 1.0293  data_time: 0.5775  memory: 18277  loss: 1.8867  loss_ctc: 1.8867
2026/01/11 22:06:53 - mmengine - INFO - Epoch(train)  [3][1350/1989]  lr: 2.4966e-04  eta: 11:53:49  time: 1.1007  data_time: 0.0021  memory: 18277  loss: 1.7467  loss_ctc: 1.7467
2026/01/11 22:08:18 - mmengine - INFO - Epoch(train)  [3][1400/1989]  lr: 2.4964e-04  eta: 12:00:52  time: 5.1869  data_time: 4.7471  memory: 18277  loss: 1.8122  loss_ctc: 1.8122
2026/01/11 22:09:17 - mmengine - INFO - Epoch(train)  [3][1450/1989]  lr: 2.4961e-04  eta: 12:03:19  time: 0.6127  data_time: 0.1859  memory: 18277  loss: 1.8250  loss_ctc: 1.8250
2026/01/11 22:09:56 - mmengine - INFO - Epoch(train)  [3][1500/1989]  lr: 2.4958e-04  eta: 12:02:31  time: 0.5861  data_time: 0.1394  memory: 18277  loss: 1.7496  loss_ctc: 1.7496
2026/01/11 22:10:55 - mmengine - INFO - Epoch(train)  [3][1550/1989]  lr: 2.4956e-04  eta: 12:04:55  time: 3.0692  data_time: 0.0022  memory: 18277  loss: 1.8297  loss_ctc: 1.8297
2026/01/11 22:11:28 - mmengine - INFO - Epoch(train)  [3][1600/1989]  lr: 2.4953e-04  eta: 12:03:10  time: 0.6684  data_time: 0.0020  memory: 18277  loss: 1.7673  loss_ctc: 1.7673
2026/01/11 22:12:30 - mmengine - INFO - Epoch(train)  [3][1650/1989]  lr: 2.4950e-04  eta: 12:05:57  time: 1.1698  data_time: 0.0020  memory: 18277  loss: 1.7961  loss_ctc: 1.7961
2026/01/11 22:13:05 - mmengine - INFO - Epoch(train)  [3][1700/1989]  lr: 2.4947e-04  eta: 12:04:21  time: 0.5899  data_time: 0.1602  memory: 18277  loss: 1.8189  loss_ctc: 1.8189
2026/01/11 22:13:42 - mmengine - INFO - Epoch(train)  [3][1750/1989]  lr: 2.4943e-04  eta: 12:03:15  time: 0.6064  data_time: 0.0021  memory: 18277  loss: 2.0715  loss_ctc: 2.0715
2026/01/11 22:14:19 - mmengine - INFO - Epoch(train)  [3][1800/1989]  lr: 2.4940e-04  eta: 12:02:03  time: 0.8465  data_time: 0.4147  memory: 18277  loss: 1.8860  loss_ctc: 1.8860
2026/01/11 22:14:53 - mmengine - INFO - Epoch(train)  [3][1850/1989]  lr: 2.4937e-04  eta: 12:00:27  time: 0.8997  data_time: 0.3603  memory: 18277  loss: 1.7932  loss_ctc: 1.7932
2026/01/11 22:15:39 - mmengine - INFO - Epoch(train)  [3][1900/1989]  lr: 2.4933e-04  eta: 12:00:39  time: 0.7503  data_time: 0.1468  memory: 18277  loss: 1.6876  loss_ctc: 1.6876
2026/01/11 22:16:18 - mmengine - INFO - Epoch(train)  [3][1950/1989]  lr: 2.4930e-04  eta: 11:59:52  time: 0.8652  data_time: 0.4314  memory: 18277  loss: 1.9465  loss_ctc: 1.9465
2026/01/11 22:16:43 - mmengine - INFO - Exp name: svtr-large_fudan_scene_finetune_from_pretrain_cn_scene_widthaug_20260111_205333
2026/01/11 22:16:43 - mmengine - INFO - Saving checkpoint at 3 epochs
2026/01/11 22:16:54 - mmengine - INFO - Epoch(val)  [3][ 50/498]    eta: 0:01:22  time: 0.1755  data_time: 0.0006  memory: 18277  
2026/01/11 22:17:03 - mmengine - INFO - Epoch(val)  [3][100/498]    eta: 0:01:10  time: 0.1684  data_time: 0.0005  memory: 1675  
2026/01/11 22:17:11 - mmengine - INFO - Epoch(val)  [3][150/498]    eta: 0:01:01  time: 0.1691  data_time: 0.0005  memory: 1675  
2026/01/11 22:17:20 - mmengine - INFO - Epoch(val)  [3][200/498]    eta: 0:00:51  time: 0.1695  data_time: 0.0005  memory: 1675  
2026/01/11 22:17:29 - mmengine - INFO - Epoch(val)  [3][250/498]    eta: 0:00:43  time: 0.1707  data_time: 0.0006  memory: 1675  
2026/01/11 22:17:37 - mmengine - INFO - Epoch(val)  [3][300/498]    eta: 0:00:34  time: 0.1693  data_time: 0.0006  memory: 1675  
2026/01/11 22:17:46 - mmengine - INFO - Epoch(val)  [3][350/498]    eta: 0:00:25  time: 0.1709  data_time: 0.0005  memory: 1675  
2026/01/11 22:17:54 - mmengine - INFO - Epoch(val)  [3][400/498]    eta: 0:00:16  time: 0.1722  data_time: 0.0006  memory: 1675  
2026/01/11 22:18:03 - mmengine - INFO - Epoch(val)  [3][450/498]    eta: 0:00:08  time: 0.1698  data_time: 0.0005  memory: 1675  
2026/01/11 22:18:12 - mmengine - INFO - Epoch(val) [3][498/498]    Fudan/recog/word_acc: 0.5785  Fudan/recog/1-N.E.D: 0.7683  data_time: 0.0013  time: 0.1721
2026/01/11 22:18:12 - mmengine - INFO - The previous best checkpoint /root/lanyun-tmp/mmocr/work_dirs/svtr-large_finetune_from_pretrain_raw_seed3407_with_ep20/best_Fudan_recog_word_acc_epoch_1.pth is removed
2026/01/11 22:18:13 - mmengine - INFO - The best checkpoint with 0.5785 Fudan/recog/word_acc at 3 epoch is saved to best_Fudan_recog_word_acc_epoch_3.pth.
2026/01/11 22:18:43 - mmengine - INFO - Exp name: svtr-large_fudan_scene_finetune_from_pretrain_cn_scene_widthaug_20260111_205333
2026/01/11 22:18:52 - mmengine - INFO - Epoch(train)  [4][  50/1989]  lr: 2.4923e-04  eta: 11:56:55  time: 0.5471  data_time: 0.0505  memory: 18277  loss: 1.7684  loss_ctc: 1.7684
2026/01/11 22:19:27 - mmengine - INFO - Epoch(train)  [4][ 100/1989]  lr: 2.4919e-04  eta: 11:55:30  time: 0.6215  data_time: 0.1769  memory: 18277  loss: 1.7443  loss_ctc: 1.7443
2026/01/11 22:20:02 - mmengine - INFO - Epoch(train)  [4][ 150/1989]  lr: 2.4915e-04  eta: 11:54:06  time: 0.5589  data_time: 0.0556  memory: 18277  loss: 1.6980  loss_ctc: 1.6980
2026/01/11 22:20:36 - mmengine - INFO - Epoch(train)  [4][ 200/1989]  lr: 2.4911e-04  eta: 11:52:29  time: 0.7365  data_time: 0.2434  memory: 18277  loss: 1.8736  loss_ctc: 1.8736
2026/01/11 22:21:11 - mmengine - INFO - Epoch(train)  [4][ 250/1989]  lr: 2.4907e-04  eta: 11:51:04  time: 0.5750  data_time: 0.0021  memory: 18277  loss: 1.6645  loss_ctc: 1.6645
2026/01/11 22:21:48 - mmengine - INFO - Epoch(train)  [4][ 300/1989]  lr: 2.4903e-04  eta: 11:50:02  time: 1.0647  data_time: 0.0020  memory: 18277  loss: 1.9758  loss_ctc: 1.9758
2026/01/11 22:22:32 - mmengine - INFO - Epoch(train)  [4][ 350/1989]  lr: 2.4899e-04  eta: 11:49:57  time: 1.1867  data_time: 0.7396  memory: 18277  loss: 1.7280  loss_ctc: 1.7280
2026/01/11 22:23:07 - mmengine - INFO - Epoch(train)  [4][ 400/1989]  lr: 2.4894e-04  eta: 11:48:39  time: 0.6602  data_time: 0.0591  memory: 18277  loss: 1.7516  loss_ctc: 1.7516
2026/01/11 22:23:41 - mmengine - INFO - Epoch(train)  [4][ 450/1989]  lr: 2.4890e-04  eta: 11:47:09  time: 0.6160  data_time: 0.1605  memory: 18277  loss: 1.6567  loss_ctc: 1.6567
2026/01/11 22:24:16 - mmengine - INFO - Epoch(train)  [4][ 500/1989]  lr: 2.4885e-04  eta: 11:45:50  time: 0.9606  data_time: 0.5293  memory: 18277  loss: 1.6398  loss_ctc: 1.6398
2026/01/11 22:24:48 - mmengine - INFO - Epoch(train)  [4][ 550/1989]  lr: 2.4881e-04  eta: 11:44:04  time: 0.5873  data_time: 0.0021  memory: 18277  loss: 1.7098  loss_ctc: 1.7098
2026/01/11 22:25:26 - mmengine - INFO - Epoch(train)  [4][ 600/1989]  lr: 2.4876e-04  eta: 11:43:13  time: 0.6647  data_time: 0.0020  memory: 18277  loss: 1.6211  loss_ctc: 1.6211
2026/01/11 22:26:09 - mmengine - INFO - Epoch(train)  [4][ 650/1989]  lr: 2.4871e-04  eta: 11:42:56  time: 1.0689  data_time: 0.0021  memory: 18277  loss: 1.7258  loss_ctc: 1.7258
2026/01/11 22:27:06 - mmengine - INFO - Epoch(train)  [4][ 700/1989]  lr: 2.4866e-04  eta: 11:44:33  time: 0.6230  data_time: 0.0021  memory: 18277  loss: 1.7827  loss_ctc: 1.7827
2026/01/11 22:28:13 - mmengine - INFO - Epoch(train)  [4][ 750/1989]  lr: 2.4861e-04  eta: 11:47:27  time: 0.5598  data_time: 0.0021  memory: 18277  loss: 1.9545  loss_ctc: 1.9545
2026/01/11 22:28:45 - mmengine - INFO - Epoch(train)  [4][ 800/1989]  lr: 2.4856e-04  eta: 11:45:43  time: 0.5264  data_time: 0.0959  memory: 18277  loss: 1.8454  loss_ctc: 1.8454
2026/01/11 22:29:32 - mmengine - INFO - Epoch(train)  [4][ 850/1989]  lr: 2.4851e-04  eta: 11:45:56  time: 0.5318  data_time: 0.0019  memory: 18277  loss: 1.7420  loss_ctc: 1.7420
2026/01/11 22:30:34 - mmengine - INFO - Epoch(train)  [4][ 900/1989]  lr: 2.4846e-04  eta: 11:48:06  time: 2.3446  data_time: 1.9122  memory: 18277  loss: 1.6649  loss_ctc: 1.6649
2026/01/11 22:31:20 - mmengine - INFO - Epoch(train)  [4][ 950/1989]  lr: 2.4840e-04  eta: 11:48:13  time: 1.2885  data_time: 0.8531  memory: 18277  loss: 1.8459  loss_ctc: 1.8459
2026/01/11 22:32:10 - mmengine - INFO - Epoch(train)  [4][1000/1989]  lr: 2.4835e-04  eta: 11:48:46  time: 0.6587  data_time: 0.1390  memory: 18277  loss: 1.8049  loss_ctc: 1.8049
2026/01/11 22:32:39 - mmengine - INFO - Exp name: svtr-large_fudan_scene_finetune_from_pretrain_cn_scene_widthaug_20260111_205333
2026/01/11 22:32:54 - mmengine - INFO - Epoch(train)  [4][1050/1989]  lr: 2.4829e-04  eta: 11:48:33  time: 1.1074  data_time: 0.5686  memory: 18277  loss: 1.8425  loss_ctc: 1.8425
2026/01/11 22:33:34 - mmengine - INFO - Epoch(train)  [4][1100/1989]  lr: 2.4824e-04  eta: 11:47:46  time: 0.6090  data_time: 0.0786  memory: 18277  loss: 1.9680  loss_ctc: 1.9680
2026/01/11 22:34:18 - mmengine - INFO - Epoch(train)  [4][1150/1989]  lr: 2.4818e-04  eta: 11:47:35  time: 1.0833  data_time: 0.1472  memory: 18277  loss: 1.8045  loss_ctc: 1.8045
2026/01/11 22:34:54 - mmengine - INFO - Epoch(train)  [4][1200/1989]  lr: 2.4812e-04  eta: 11:46:21  time: 0.5658  data_time: 0.0021  memory: 18277  loss: 1.9366  loss_ctc: 1.9366
2026/01/11 22:35:32 - mmengine - INFO - Epoch(train)  [4][1250/1989]  lr: 2.4806e-04  eta: 11:45:22  time: 0.6937  data_time: 0.0247  memory: 18277  loss: 1.7396  loss_ctc: 1.7396
2026/01/11 22:36:09 - mmengine - INFO - Epoch(train)  [4][1300/1989]  lr: 2.4800e-04  eta: 11:44:22  time: 1.1682  data_time: 0.7277  memory: 18277  loss: 2.0384  loss_ctc: 2.0384
2026/01/11 22:36:43 - mmengine - INFO - Epoch(train)  [4][1350/1989]  lr: 2.4794e-04  eta: 11:42:52  time: 0.6722  data_time: 0.0021  memory: 18277  loss: 1.7890  loss_ctc: 1.7890
2026/01/11 22:37:16 - mmengine - INFO - Epoch(train)  [4][1400/1989]  lr: 2.4788e-04  eta: 11:41:24  time: 0.6012  data_time: 0.1509  memory: 18277  loss: 1.6583  loss_ctc: 1.6583
2026/01/11 22:37:52 - mmengine - INFO - Epoch(train)  [4][1450/1989]  lr: 2.4781e-04  eta: 11:40:14  time: 0.5030  data_time: 0.0597  memory: 18277  loss: 1.5227  loss_ctc: 1.5227
2026/01/11 22:38:34 - mmengine - INFO - Epoch(train)  [4][1500/1989]  lr: 2.4775e-04  eta: 11:39:48  time: 0.5510  data_time: 0.0950  memory: 18277  loss: 1.5925  loss_ctc: 1.5925
2026/01/11 22:39:12 - mmengine - INFO - Epoch(train)  [4][1550/1989]  lr: 2.4769e-04  eta: 11:38:48  time: 0.6166  data_time: 0.1832  memory: 18277  loss: 1.8081  loss_ctc: 1.8081
2026/01/11 22:39:46 - mmengine - INFO - Epoch(train)  [4][1600/1989]  lr: 2.4762e-04  eta: 11:37:27  time: 0.6344  data_time: 0.1493  memory: 18277  loss: 1.6316  loss_ctc: 1.6316
2026/01/11 22:40:21 - mmengine - INFO - Epoch(train)  [4][1650/1989]  lr: 2.4755e-04  eta: 11:36:14  time: 0.7709  data_time: 0.2872  memory: 18277  loss: 1.6432  loss_ctc: 1.6432
2026/01/11 22:41:00 - mmengine - INFO - Epoch(train)  [4][1700/1989]  lr: 2.4749e-04  eta: 11:35:21  time: 0.8283  data_time: 0.3910  memory: 18277  loss: 1.6710  loss_ctc: 1.6710
2026/01/11 22:41:32 - mmengine - INFO - Epoch(train)  [4][1750/1989]  lr: 2.4742e-04  eta: 11:33:49  time: 0.8207  data_time: 0.0021  memory: 18277  loss: 1.7134  loss_ctc: 1.7134
2026/01/11 22:42:09 - mmengine - INFO - Epoch(train)  [4][1800/1989]  lr: 2.4735e-04  eta: 11:32:51  time: 0.7256  data_time: 0.0315  memory: 18277  loss: 1.8195  loss_ctc: 1.8195
2026/01/11 22:42:44 - mmengine - INFO - Epoch(train)  [4][1850/1989]  lr: 2.4728e-04  eta: 11:31:35  time: 0.6912  data_time: 0.2278  memory: 18277  loss: 2.0158  loss_ctc: 2.0158
2026/01/11 22:43:23 - mmengine - INFO - Epoch(train)  [4][1900/1989]  lr: 2.4721e-04  eta: 11:30:49  time: 0.8367  data_time: 0.3968  memory: 18277  loss: 1.8560  loss_ctc: 1.8560
2026/01/11 22:44:01 - mmengine - INFO - Epoch(train)  [4][1950/1989]  lr: 2.4714e-04  eta: 11:29:52  time: 0.6582  data_time: 0.2157  memory: 18277  loss: 1.6581  loss_ctc: 1.6581
2026/01/11 22:44:26 - mmengine - INFO - Exp name: svtr-large_fudan_scene_finetune_from_pretrain_cn_scene_widthaug_20260111_205333
2026/01/11 22:44:26 - mmengine - INFO - Saving checkpoint at 4 epochs
2026/01/11 22:44:38 - mmengine - INFO - Epoch(val)  [4][ 50/498]    eta: 0:01:21  time: 0.1715  data_time: 0.0005  memory: 18277  
2026/01/11 22:44:47 - mmengine - INFO - Epoch(val)  [4][100/498]    eta: 0:01:10  time: 0.1717  data_time: 0.0006  memory: 1675  
2026/01/11 22:44:55 - mmengine - INFO - Epoch(val)  [4][150/498]    eta: 0:01:01  time: 0.1722  data_time: 0.0006  memory: 1675  
2026/01/11 22:45:04 - mmengine - INFO - Epoch(val)  [4][200/498]    eta: 0:00:52  time: 0.1723  data_time: 0.0006  memory: 1675  
2026/01/11 22:45:13 - mmengine - INFO - Epoch(val)  [4][250/498]    eta: 0:00:43  time: 0.1721  data_time: 0.0006  memory: 1675  
2026/01/11 22:45:22 - mmengine - INFO - Epoch(val)  [4][300/498]    eta: 0:00:34  time: 0.1726  data_time: 0.0005  memory: 1675  
2026/01/11 22:45:30 - mmengine - INFO - Epoch(val)  [4][350/498]    eta: 0:00:25  time: 0.1805  data_time: 0.0006  memory: 1675  
2026/01/11 22:45:39 - mmengine - INFO - Epoch(val)  [4][400/498]    eta: 0:00:17  time: 0.1723  data_time: 0.0005  memory: 1675  
2026/01/11 22:45:48 - mmengine - INFO - Epoch(val)  [4][450/498]    eta: 0:00:08  time: 0.1719  data_time: 0.0006  memory: 1675  
2026/01/11 22:45:56 - mmengine - INFO - Epoch(val) [4][498/498]    Fudan/recog/word_acc: 0.5893  Fudan/recog/1-N.E.D: 0.7803  data_time: 0.0009  time: 0.1739
2026/01/11 22:45:56 - mmengine - INFO - The previous best checkpoint /root/lanyun-tmp/mmocr/work_dirs/svtr-large_finetune_from_pretrain_raw_seed3407_with_ep20/best_Fudan_recog_word_acc_epoch_3.pth is removed
2026/01/11 22:45:58 - mmengine - INFO - The best checkpoint with 0.5893 Fudan/recog/word_acc at 4 epoch is saved to best_Fudan_recog_word_acc_epoch_4.pth.
2026/01/11 22:46:41 - mmengine - INFO - Exp name: svtr-large_fudan_scene_finetune_from_pretrain_cn_scene_widthaug_20260111_205333
2026/01/11 22:46:45 - mmengine - INFO - Epoch(train)  [5][  50/1989]  lr: 2.4701e-04  eta: 11:28:30  time: 0.6449  data_time: 0.0022  memory: 18277  loss: 1.5975  loss_ctc: 1.5975
2026/01/11 22:47:26 - mmengine - INFO - Epoch(train)  [5][ 100/1989]  lr: 2.4693e-04  eta: 11:27:56  time: 1.0361  data_time: 0.0726  memory: 18277  loss: 1.6509  loss_ctc: 1.6509
2026/01/11 22:48:12 - mmengine - INFO - Epoch(train)  [5][ 150/1989]  lr: 2.4686e-04  eta: 11:27:54  time: 0.6453  data_time: 0.2136  memory: 18277  loss: 1.6400  loss_ctc: 1.6400
2026/01/11 22:48:47 - mmengine - INFO - Epoch(train)  [5][ 200/1989]  lr: 2.4678e-04  eta: 11:26:43  time: 0.7939  data_time: 0.3493  memory: 18277  loss: 1.6742  loss_ctc: 1.6742
2026/01/11 22:49:24 - mmengine - INFO - Epoch(train)  [5][ 250/1989]  lr: 2.4670e-04  eta: 11:25:42  time: 0.6194  data_time: 0.1437  memory: 18277  loss: 1.6529  loss_ctc: 1.6529
2026/01/11 22:49:59 - mmengine - INFO - Epoch(train)  [5][ 300/1989]  lr: 2.4662e-04  eta: 11:24:28  time: 0.5802  data_time: 0.1233  memory: 18277  loss: 1.7353  loss_ctc: 1.7353
2026/01/11 22:50:33 - mmengine - INFO - Epoch(train)  [5][ 350/1989]  lr: 2.4654e-04  eta: 11:23:15  time: 0.5836  data_time: 0.0021  memory: 18277  loss: 1.7052  loss_ctc: 1.7052
2026/01/11 22:51:13 - mmengine - INFO - Epoch(train)  [5][ 400/1989]  lr: 2.4646e-04  eta: 11:22:35  time: 0.5853  data_time: 0.1455  memory: 18277  loss: 1.5379  loss_ctc: 1.5379
2026/01/11 22:51:51 - mmengine - INFO - Epoch(train)  [5][ 450/1989]  lr: 2.4638e-04  eta: 11:21:43  time: 0.5847  data_time: 0.1067  memory: 18277  loss: 1.8722  loss_ctc: 1.8722
2026/01/11 22:52:27 - mmengine - INFO - Epoch(train)  [5][ 500/1989]  lr: 2.4630e-04  eta: 11:20:40  time: 0.7279  data_time: 0.2054  memory: 18277  loss: 1.7836  loss_ctc: 1.7836
2026/01/11 22:53:06 - mmengine - INFO - Epoch(train)  [5][ 550/1989]  lr: 2.4622e-04  eta: 11:19:54  time: 1.0385  data_time: 0.0025  memory: 18277  loss: 1.7885  loss_ctc: 1.7885
2026/01/11 22:53:40 - mmengine - INFO - Epoch(train)  [5][ 600/1989]  lr: 2.4614e-04  eta: 11:18:40  time: 0.4886  data_time: 0.0516  memory: 18277  loss: 1.7398  loss_ctc: 1.7398
2026/01/11 22:54:20 - mmengine - INFO - Epoch(train)  [5][ 650/1989]  lr: 2.4605e-04  eta: 11:18:02  time: 0.9305  data_time: 0.1199  memory: 18277  loss: 1.6331  loss_ctc: 1.6331
2026/01/11 22:54:56 - mmengine - INFO - Epoch(train)  [5][ 700/1989]  lr: 2.4597e-04  eta: 11:16:57  time: 0.7829  data_time: 0.2404  memory: 18277  loss: 1.7404  loss_ctc: 1.7404
2026/01/11 22:55:33 - mmengine - INFO - Epoch(train)  [5][ 750/1989]  lr: 2.4588e-04  eta: 11:16:02  time: 0.8289  data_time: 0.0020  memory: 18277  loss: 1.6655  loss_ctc: 1.6655
2026/01/11 22:56:06 - mmengine - INFO - Epoch(train)  [5][ 800/1989]  lr: 2.4579e-04  eta: 11:14:44  time: 0.7945  data_time: 0.0365  memory: 18277  loss: 1.5868  loss_ctc: 1.5868
2026/01/11 22:56:42 - mmengine - INFO - Epoch(train)  [5][ 850/1989]  lr: 2.4570e-04  eta: 11:13:41  time: 0.7579  data_time: 0.0291  memory: 18277  loss: 1.7079  loss_ctc: 1.7079
2026/01/11 22:57:16 - mmengine - INFO - Epoch(train)  [5][ 900/1989]  lr: 2.4562e-04  eta: 11:12:27  time: 0.7320  data_time: 0.1593  memory: 18277  loss: 1.5853  loss_ctc: 1.5853
2026/01/11 22:57:47 - mmengine - INFO - Epoch(train)  [5][ 950/1989]  lr: 2.4553e-04  eta: 11:10:56  time: 0.5874  data_time: 0.0811  memory: 18277  loss: 1.5444  loss_ctc: 1.5444
2026/01/11 22:58:26 - mmengine - INFO - Epoch(train)  [5][1000/1989]  lr: 2.4544e-04  eta: 11:10:13  time: 0.7215  data_time: 0.0023  memory: 18277  loss: 1.6822  loss_ctc: 1.6822
2026/01/11 22:59:20 - mmengine - INFO - Exp name: svtr-large_fudan_scene_finetune_from_pretrain_cn_scene_widthaug_20260111_205333
2026/01/11 22:59:23 - mmengine - INFO - Epoch(train)  [5][1050/1989]  lr: 2.4534e-04  eta: 11:11:11  time: 0.6873  data_time: 0.0021  memory: 18277  loss: 1.7970  loss_ctc: 1.7970
2026/01/11 23:00:47 - mmengine - INFO - Epoch(train)  [5][1100/1989]  lr: 2.4525e-04  eta: 11:14:40  time: 0.5859  data_time: 0.1344  memory: 18277  loss: 1.6163  loss_ctc: 1.6163
2026/01/11 23:02:00 - mmengine - INFO - Epoch(train)  [5][1150/1989]  lr: 2.4516e-04  eta: 11:17:07  time: 1.8896  data_time: 0.0309  memory: 18277  loss: 1.6442  loss_ctc: 1.6442
2026/01/11 23:03:18 - mmengine - INFO - Epoch(train)  [5][1200/1989]  lr: 2.4506e-04  eta: 11:19:55  time: 2.7443  data_time: 2.3038  memory: 18277  loss: 1.6567  loss_ctc: 1.6567
2026/01/11 23:04:34 - mmengine - INFO - Epoch(train)  [5][1250/1989]  lr: 2.4497e-04  eta: 11:22:28  time: 0.5403  data_time: 0.0912  memory: 18277  loss: 1.5278  loss_ctc: 1.5278
2026/01/11 23:05:09 - mmengine - INFO - Epoch(train)  [5][1300/1989]  lr: 2.4487e-04  eta: 11:21:18  time: 0.5563  data_time: 0.0021  memory: 18277  loss: 1.5361  loss_ctc: 1.5361
2026/01/11 23:05:48 - mmengine - INFO - Epoch(train)  [5][1350/1989]  lr: 2.4478e-04  eta: 11:20:31  time: 0.7957  data_time: 0.2069  memory: 18277  loss: 1.7000  loss_ctc: 1.7000
2026/01/11 23:06:43 - mmengine - INFO - Epoch(train)  [5][1400/1989]  lr: 2.4468e-04  eta: 11:21:07  time: 0.7328  data_time: 0.2905  memory: 18277  loss: 1.6425  loss_ctc: 1.6425
2026/01/11 23:07:17 - mmengine - INFO - Epoch(train)  [5][1450/1989]  lr: 2.4458e-04  eta: 11:19:52  time: 0.6906  data_time: 0.1716  memory: 18277  loss: 1.6233  loss_ctc: 1.6233
2026/01/11 23:07:53 - mmengine - INFO - Epoch(train)  [5][1500/1989]  lr: 2.4448e-04  eta: 11:18:43  time: 0.6705  data_time: 0.1411  memory: 18277  loss: 1.8016  loss_ctc: 1.8016
2026/01/11 23:08:26 - mmengine - INFO - Epoch(train)  [5][1550/1989]  lr: 2.4438e-04  eta: 11:17:22  time: 0.6010  data_time: 0.1461  memory: 18277  loss: 1.5657  loss_ctc: 1.5657
2026/01/11 23:09:02 - mmengine - INFO - Epoch(train)  [5][1600/1989]  lr: 2.4428e-04  eta: 11:16:22  time: 0.8815  data_time: 0.4505  memory: 18277  loss: 1.6772  loss_ctc: 1.6772
2026/01/11 23:09:36 - mmengine - INFO - Epoch(train)  [5][1650/1989]  lr: 2.4418e-04  eta: 11:15:06  time: 0.7298  data_time: 0.2846  memory: 18277  loss: 1.8275  loss_ctc: 1.8275
2026/01/11 23:10:12 - mmengine - INFO - Epoch(train)  [5][1700/1989]  lr: 2.4407e-04  eta: 11:14:00  time: 0.6301  data_time: 0.0022  memory: 18277  loss: 1.5854  loss_ctc: 1.5854
2026/01/11 23:10:56 - mmengine - INFO - Epoch(train)  [5][1750/1989]  lr: 2.4397e-04  eta: 11:13:38  time: 1.5164  data_time: 1.0780  memory: 18277  loss: 1.6588  loss_ctc: 1.6588
2026/01/11 23:11:50 - mmengine - INFO - Epoch(train)  [5][1800/1989]  lr: 2.4386e-04  eta: 11:14:07  time: 1.7435  data_time: 0.0459  memory: 18277  loss: 1.6017  loss_ctc: 1.6017
2026/01/11 23:12:39 - mmengine - INFO - Epoch(train)  [5][1850/1989]  lr: 2.4376e-04  eta: 11:14:09  time: 0.8834  data_time: 0.0574  memory: 18277  loss: 1.7243  loss_ctc: 1.7243
2026/01/11 23:13:55 - mmengine - INFO - Epoch(train)  [5][1900/1989]  lr: 2.4365e-04  eta: 11:16:32  time: 1.0961  data_time: 0.1096  memory: 18277  loss: 1.6397  loss_ctc: 1.6397
2026/01/11 23:14:29 - mmengine - INFO - Epoch(train)  [5][1950/1989]  lr: 2.4354e-04  eta: 11:15:17  time: 0.7329  data_time: 0.2963  memory: 18277  loss: 1.7961  loss_ctc: 1.7961
2026/01/11 23:14:54 - mmengine - INFO - Exp name: svtr-large_fudan_scene_finetune_from_pretrain_cn_scene_widthaug_20260111_205333
2026/01/11 23:14:54 - mmengine - INFO - Saving checkpoint at 5 epochs
2026/01/11 23:15:06 - mmengine - INFO - Epoch(val)  [5][ 50/498]    eta: 0:01:20  time: 0.1719  data_time: 0.0005  memory: 18277  
2026/01/11 23:15:14 - mmengine - INFO - Epoch(val)  [5][100/498]    eta: 0:01:10  time: 0.1700  data_time: 0.0005  memory: 1675  
2026/01/11 23:15:23 - mmengine - INFO - Epoch(val)  [5][150/498]    eta: 0:01:01  time: 0.1725  data_time: 0.0006  memory: 1675  
2026/01/11 23:15:32 - mmengine - INFO - Epoch(val)  [5][200/498]    eta: 0:00:52  time: 0.1712  data_time: 0.0005  memory: 1675  
2026/01/11 23:15:40 - mmengine - INFO - Epoch(val)  [5][250/498]    eta: 0:00:43  time: 0.1694  data_time: 0.0005  memory: 1675  
2026/01/11 23:15:49 - mmengine - INFO - Epoch(val)  [5][300/498]    eta: 0:00:34  time: 0.1730  data_time: 0.0006  memory: 1675  
2026/01/11 23:15:58 - mmengine - INFO - Epoch(val)  [5][350/498]    eta: 0:00:25  time: 0.1723  data_time: 0.0006  memory: 1675  
2026/01/11 23:16:06 - mmengine - INFO - Epoch(val)  [5][400/498]    eta: 0:00:17  time: 0.1729  data_time: 0.0006  memory: 1675  
2026/01/11 23:16:15 - mmengine - INFO - Epoch(val)  [5][450/498]    eta: 0:00:08  time: 0.1712  data_time: 0.0005  memory: 1675  
2026/01/11 23:16:24 - mmengine - INFO - Epoch(val) [5][498/498]    Fudan/recog/word_acc: 0.6058  Fudan/recog/1-N.E.D: 0.7875  data_time: 0.0010  time: 0.1737
2026/01/11 23:16:24 - mmengine - INFO - The previous best checkpoint /root/lanyun-tmp/mmocr/work_dirs/svtr-large_finetune_from_pretrain_raw_seed3407_with_ep20/best_Fudan_recog_word_acc_epoch_4.pth is removed
2026/01/11 23:16:25 - mmengine - INFO - The best checkpoint with 0.6058 Fudan/recog/word_acc at 5 epoch is saved to best_Fudan_recog_word_acc_epoch_5.pth.
2026/01/11 23:17:02 - mmengine - INFO - Epoch(train)  [6][  50/1989]  lr: 2.4335e-04  eta: 11:12:48  time: 0.5157  data_time: 0.0783  memory: 18277  loss: 1.6179  loss_ctc: 1.6179
2026/01/11 23:17:05 - mmengine - INFO - Exp name: svtr-large_fudan_scene_finetune_from_pretrain_cn_scene_widthaug_20260111_205333
2026/01/11 23:18:50 - mmengine - INFO - Epoch(train)  [6][ 100/1989]  lr: 2.4324e-04  eta: 11:17:41  time: 0.5041  data_time: 0.0651  memory: 18277  loss: 1.4633  loss_ctc: 1.4633
2026/01/11 23:19:45 - mmengine - INFO - Epoch(train)  [6][ 150/1989]  lr: 2.4313e-04  eta: 11:18:10  time: 0.7323  data_time: 0.2705  memory: 18277  loss: 1.5680  loss_ctc: 1.5680
2026/01/11 23:22:38 - mmengine - INFO - Epoch(train)  [6][ 200/1989]  lr: 2.4302e-04  eta: 11:28:14  time: 10.5406  data_time: 0.0023  memory: 18277  loss: 1.4797  loss_ctc: 1.4797
2026/01/11 23:23:31 - mmengine - INFO - Epoch(train)  [6][ 250/1989]  lr: 2.4290e-04  eta: 11:28:26  time: 2.6942  data_time: 2.2536  memory: 18277  loss: 1.5144  loss_ctc: 1.5144
2026/01/11 23:24:16 - mmengine - INFO - Epoch(train)  [6][ 300/1989]  lr: 2.4279e-04  eta: 11:28:00  time: 0.7501  data_time: 0.2958  memory: 18277  loss: 1.5397  loss_ctc: 1.5397
2026/01/11 23:25:55 - mmengine - INFO - Epoch(train)  [6][ 350/1989]  lr: 2.4268e-04  eta: 11:31:54  time: 0.6932  data_time: 0.1867  memory: 18277  loss: 1.5481  loss_ctc: 1.5481
2026/01/11 23:26:52 - mmengine - INFO - Epoch(train)  [6][ 400/1989]  lr: 2.4256e-04  eta: 11:32:23  time: 0.6341  data_time: 0.0022  memory: 18277  loss: 1.5344  loss_ctc: 1.5344
2026/01/11 23:28:51 - mmengine - INFO - Epoch(train)  [6][ 450/1989]  lr: 2.4245e-04  eta: 11:37:46  time: 0.8378  data_time: 0.3695  memory: 18277  loss: 1.7510  loss_ctc: 1.7510
2026/01/11 23:30:25 - mmengine - INFO - Epoch(train)  [6][ 500/1989]  lr: 2.4233e-04  eta: 11:41:03  time: 0.8287  data_time: 0.3997  memory: 18277  loss: 1.4637  loss_ctc: 1.4637
2026/01/11 23:31:26 - mmengine - INFO - Epoch(train)  [6][ 550/1989]  lr: 2.4221e-04  eta: 11:41:49  time: 3.2325  data_time: 2.7990  memory: 18277  loss: 1.6770  loss_ctc: 1.6770
2026/01/11 23:31:59 - mmengine - INFO - Epoch(train)  [6][ 600/1989]  lr: 2.4209e-04  eta: 11:40:19  time: 0.6076  data_time: 0.1767  memory: 18277  loss: 1.4561  loss_ctc: 1.4561
2026/01/11 23:33:16 - mmengine - INFO - Epoch(train)  [6][ 650/1989]  lr: 2.4197e-04  eta: 11:42:16  time: 0.7576  data_time: 0.2932  memory: 18277  loss: 1.6861  loss_ctc: 1.6861
2026/01/11 23:34:04 - mmengine - INFO - Epoch(train)  [6][ 700/1989]  lr: 2.4185e-04  eta: 11:41:56  time: 0.7320  data_time: 0.2160  memory: 18277  loss: 1.8030  loss_ctc: 1.8030
2026/01/11 23:34:48 - mmengine - INFO - Epoch(train)  [6][ 750/1989]  lr: 2.4173e-04  eta: 11:41:17  time: 1.0834  data_time: 0.0023  memory: 18277  loss: 1.5047  loss_ctc: 1.5047
2026/01/11 23:35:20 - mmengine - INFO - Epoch(train)  [6][ 800/1989]  lr: 2.4161e-04  eta: 11:39:46  time: 0.5867  data_time: 0.0444  memory: 18277  loss: 1.5722  loss_ctc: 1.5722
2026/01/11 23:35:54 - mmengine - INFO - Epoch(train)  [6][ 850/1989]  lr: 2.4149e-04  eta: 11:38:22  time: 0.6159  data_time: 0.1663  memory: 18277  loss: 1.6367  loss_ctc: 1.6367
2026/01/11 23:36:30 - mmengine - INFO - Epoch(train)  [6][ 900/1989]  lr: 2.4136e-04  eta: 11:37:07  time: 0.8081  data_time: 0.0021  memory: 18277  loss: 1.7464  loss_ctc: 1.7464
2026/01/11 23:37:05 - mmengine - INFO - Epoch(train)  [6][ 950/1989]  lr: 2.4124e-04  eta: 11:35:48  time: 0.6558  data_time: 0.2050  memory: 18277  loss: 1.8768  loss_ctc: 1.8768
2026/01/11 23:37:41 - mmengine - INFO - Epoch(train)  [6][1000/1989]  lr: 2.4111e-04  eta: 11:34:37  time: 0.8114  data_time: 0.0797  memory: 18277  loss: 1.6161  loss_ctc: 1.6161
2026/01/11 23:38:42 - mmengine - INFO - Epoch(train)  [6][1050/1989]  lr: 2.4098e-04  eta: 11:35:14  time: 0.7580  data_time: 0.0281  memory: 18277  loss: 1.6701  loss_ctc: 1.6701
2026/01/11 23:38:46 - mmengine - INFO - Exp name: svtr-large_fudan_scene_finetune_from_pretrain_cn_scene_widthaug_20260111_205333
2026/01/11 23:39:16 - mmengine - INFO - Epoch(train)  [6][1100/1989]  lr: 2.4086e-04  eta: 11:33:54  time: 0.5675  data_time: 0.0626  memory: 18277  loss: 1.5669  loss_ctc: 1.5669
2026/01/11 23:39:52 - mmengine - INFO - Epoch(train)  [6][1150/1989]  lr: 2.4073e-04  eta: 11:32:41  time: 0.9238  data_time: 0.0020  memory: 18277  loss: 1.9288  loss_ctc: 1.9288
2026/01/11 23:40:26 - mmengine - INFO - Epoch(train)  [6][1200/1989]  lr: 2.4060e-04  eta: 11:31:20  time: 0.8530  data_time: 0.4021  memory: 18277  loss: 1.6255  loss_ctc: 1.6255
2026/01/11 23:41:36 - mmengine - INFO - Epoch(train)  [6][1250/1989]  lr: 2.4047e-04  eta: 11:32:32  time: 0.5765  data_time: 0.0295  memory: 18277  loss: 1.5475  loss_ctc: 1.5475
2026/01/11 23:42:10 - mmengine - INFO - Epoch(train)  [6][1300/1989]  lr: 2.4034e-04  eta: 11:31:13  time: 0.6749  data_time: 0.0103  memory: 18277  loss: 1.6523  loss_ctc: 1.6523
2026/01/11 23:43:07 - mmengine - INFO - Epoch(train)  [6][1350/1989]  lr: 2.4021e-04  eta: 11:31:31  time: 0.7815  data_time: 0.2973  memory: 18277  loss: 1.5326  loss_ctc: 1.5326
2026/01/11 23:44:26 - mmengine - INFO - Epoch(train)  [6][1400/1989]  lr: 2.4007e-04  eta: 11:33:23  time: 0.6304  data_time: 0.0088  memory: 18277  loss: 1.6480  loss_ctc: 1.6480
2026/01/11 23:46:10 - mmengine - INFO - Epoch(train)  [6][1450/1989]  lr: 2.3994e-04  eta: 11:36:55  time: 2.0410  data_time: 0.0822  memory: 18277  loss: 1.4895  loss_ctc: 1.4895
2026/01/11 23:46:42 - mmengine - INFO - Epoch(train)  [6][1500/1989]  lr: 2.3981e-04  eta: 11:35:27  time: 0.7509  data_time: 0.0053  memory: 18277  loss: 1.6142  loss_ctc: 1.6142
2026/01/11 23:47:18 - mmengine - INFO - Epoch(train)  [6][1550/1989]  lr: 2.3967e-04  eta: 11:34:12  time: 0.9314  data_time: 0.0642  memory: 18277  loss: 1.7505  loss_ctc: 1.7505
2026/01/11 23:47:54 - mmengine - INFO - Epoch(train)  [6][1600/1989]  lr: 2.3954e-04  eta: 11:33:00  time: 0.6782  data_time: 0.0022  memory: 18277  loss: 1.6940  loss_ctc: 1.6940
2026/01/11 23:48:33 - mmengine - INFO - Epoch(train)  [6][1650/1989]  lr: 2.3940e-04  eta: 11:31:56  time: 0.9953  data_time: 0.2908  memory: 18277  loss: 1.8704  loss_ctc: 1.8704
2026/01/11 23:49:08 - mmengine - INFO - Epoch(train)  [6][1700/1989]  lr: 2.3926e-04  eta: 11:30:43  time: 0.5838  data_time: 0.0313  memory: 18277  loss: 1.5126  loss_ctc: 1.5126
2026/01/11 23:51:18 - mmengine - INFO - Epoch(train)  [6][1750/1989]  lr: 2.3912e-04  eta: 11:35:54  time: 1.6545  data_time: 1.2110  memory: 18277  loss: 1.6263  loss_ctc: 1.6263
2026/01/11 23:52:31 - mmengine - INFO - Epoch(train)  [6][1800/1989]  lr: 2.3898e-04  eta: 11:37:12  time: 1.0997  data_time: 0.6521  memory: 18277  loss: 1.8780  loss_ctc: 1.8780
2026/01/11 23:53:08 - mmengine - INFO - Epoch(train)  [6][1850/1989]  lr: 2.3884e-04  eta: 11:36:02  time: 0.8249  data_time: 0.0022  memory: 18277  loss: 1.4978  loss_ctc: 1.4978
2026/01/11 23:53:52 - mmengine - INFO - Epoch(train)  [6][1900/1989]  lr: 2.3870e-04  eta: 11:35:17  time: 0.9883  data_time: 0.0022  memory: 18277  loss: 1.6900  loss_ctc: 1.6900
2026/01/11 23:54:29 - mmengine - INFO - Epoch(train)  [6][1950/1989]  lr: 2.3856e-04  eta: 11:34:07  time: 0.9012  data_time: 0.4441  memory: 18277  loss: 1.5752  loss_ctc: 1.5752
2026/01/11 23:55:32 - mmengine - INFO - Exp name: svtr-large_fudan_scene_finetune_from_pretrain_cn_scene_widthaug_20260111_205333
2026/01/11 23:55:32 - mmengine - INFO - Saving checkpoint at 6 epochs
2026/01/11 23:55:44 - mmengine - INFO - Epoch(val)  [6][ 50/498]    eta: 0:01:21  time: 0.1739  data_time: 0.0006  memory: 18277  
2026/01/11 23:55:53 - mmengine - INFO - Epoch(val)  [6][100/498]    eta: 0:01:11  time: 0.1726  data_time: 0.0008  memory: 1675  
2026/01/11 23:56:01 - mmengine - INFO - Epoch(val)  [6][150/498]    eta: 0:01:01  time: 0.1736  data_time: 0.0006  memory: 1675  
2026/01/11 23:56:10 - mmengine - INFO - Epoch(val)  [6][200/498]    eta: 0:00:52  time: 0.1705  data_time: 0.0006  memory: 1675  
2026/01/11 23:56:19 - mmengine - INFO - Epoch(val)  [6][250/498]    eta: 0:00:43  time: 0.1693  data_time: 0.0005  memory: 1675  
2026/01/11 23:56:27 - mmengine - INFO - Epoch(val)  [6][300/498]    eta: 0:00:34  time: 0.1719  data_time: 0.0006  memory: 1675  
2026/01/11 23:56:36 - mmengine - INFO - Epoch(val)  [6][350/498]    eta: 0:00:25  time: 0.1731  data_time: 0.0006  memory: 1675  
2026/01/11 23:56:45 - mmengine - INFO - Epoch(val)  [6][400/498]    eta: 0:00:17  time: 0.1701  data_time: 0.0006  memory: 1675  
2026/01/11 23:56:53 - mmengine - INFO - Epoch(val)  [6][450/498]    eta: 0:00:08  time: 0.1822  data_time: 0.0005  memory: 1675  
2026/01/11 23:57:02 - mmengine - INFO - Epoch(val) [6][498/498]    Fudan/recog/word_acc: 0.6125  Fudan/recog/1-N.E.D: 0.7940  data_time: 0.0011  time: 0.1740
2026/01/11 23:57:02 - mmengine - INFO - The previous best checkpoint /root/lanyun-tmp/mmocr/work_dirs/svtr-large_finetune_from_pretrain_raw_seed3407_with_ep20/best_Fudan_recog_word_acc_epoch_5.pth is removed
2026/01/11 23:57:04 - mmengine - INFO - The best checkpoint with 0.6125 Fudan/recog/word_acc at 6 epoch is saved to best_Fudan_recog_word_acc_epoch_6.pth.
2026/01/11 23:59:12 - mmengine - INFO - Epoch(train)  [7][  50/1989]  lr: 2.3831e-04  eta: 11:40:07  time: 0.6319  data_time: 0.1954  memory: 18277  loss: 1.5919  loss_ctc: 1.5919
2026/01/11 23:59:38 - mmengine - INFO - Exp name: svtr-large_fudan_scene_finetune_from_pretrain_cn_scene_widthaug_20260111_205333
2026/01/12 00:00:11 - mmengine - INFO - Epoch(train)  [7][ 100/1989]  lr: 2.3816e-04  eta: 11:40:21  time: 1.5568  data_time: 1.1208  memory: 18277  loss: 1.4498  loss_ctc: 1.4498
2026/01/12 00:01:41 - mmengine - INFO - Epoch(train)  [7][ 150/1989]  lr: 2.3802e-04  eta: 11:42:37  time: 2.1383  data_time: 1.4958  memory: 18277  loss: 1.5208  loss_ctc: 1.5208
2026/01/12 00:02:19 - mmengine - INFO - Epoch(train)  [7][ 200/1989]  lr: 2.3787e-04  eta: 11:41:28  time: 0.5243  data_time: 0.0021  memory: 18277  loss: 1.5583  loss_ctc: 1.5583
2026/01/12 00:03:01 - mmengine - INFO - Epoch(train)  [7][ 250/1989]  lr: 2.3772e-04  eta: 11:40:38  time: 0.6389  data_time: 0.0796  memory: 18277  loss: 1.4840  loss_ctc: 1.4840
2026/01/12 00:04:41 - mmengine - INFO - Epoch(train)  [7][ 300/1989]  lr: 2.3758e-04  eta: 11:43:30  time: 3.6357  data_time: 0.1563  memory: 18277  loss: 1.6109  loss_ctc: 1.6109
2026/01/12 00:05:21 - mmengine - INFO - Epoch(train)  [7][ 350/1989]  lr: 2.3743e-04  eta: 11:42:25  time: 0.8806  data_time: 0.3401  memory: 18277  loss: 1.7019  loss_ctc: 1.7019
2026/01/12 00:05:51 - mmengine - INFO - Epoch(train)  [7][ 400/1989]  lr: 2.3728e-04  eta: 11:40:47  time: 0.7155  data_time: 0.2767  memory: 18277  loss: 1.5143  loss_ctc: 1.5143
2026/01/12 00:07:45 - mmengine - INFO - Epoch(train)  [7][ 450/1989]  lr: 2.3713e-04  eta: 11:44:27  time: 0.7209  data_time: 0.0441  memory: 18277  loss: 1.5046  loss_ctc: 1.5046
2026/01/12 00:09:04 - mmengine - INFO - Epoch(train)  [7][ 500/1989]  lr: 2.3698e-04  eta: 11:45:52  time: 0.6651  data_time: 0.1395  memory: 18277  loss: 1.7197  loss_ctc: 1.7197
2026/01/12 00:09:38 - mmengine - INFO - Epoch(train)  [7][ 550/1989]  lr: 2.3683e-04  eta: 11:44:28  time: 0.6638  data_time: 0.1988  memory: 18277  loss: 1.5902  loss_ctc: 1.5902
2026/01/12 00:10:14 - mmengine - INFO - Epoch(train)  [7][ 600/1989]  lr: 2.3667e-04  eta: 11:43:11  time: 0.6372  data_time: 0.1926  memory: 18277  loss: 1.5151  loss_ctc: 1.5151
2026/01/12 00:10:50 - mmengine - INFO - Epoch(train)  [7][ 650/1989]  lr: 2.3652e-04  eta: 11:41:53  time: 0.7762  data_time: 0.0020  memory: 18277  loss: 1.7086  loss_ctc: 1.7086
2026/01/12 00:11:31 - mmengine - INFO - Epoch(train)  [7][ 700/1989]  lr: 2.3637e-04  eta: 11:40:52  time: 0.7464  data_time: 0.0020  memory: 18277  loss: 1.6201  loss_ctc: 1.6201
2026/01/12 00:12:09 - mmengine - INFO - Epoch(train)  [7][ 750/1989]  lr: 2.3621e-04  eta: 11:39:45  time: 1.2067  data_time: 0.7737  memory: 18277  loss: 1.6435  loss_ctc: 1.6435
2026/01/12 00:12:51 - mmengine - INFO - Epoch(train)  [7][ 800/1989]  lr: 2.3606e-04  eta: 11:38:48  time: 0.5527  data_time: 0.1183  memory: 18277  loss: 1.7902  loss_ctc: 1.7902
2026/01/12 00:13:29 - mmengine - INFO - Epoch(train)  [7][ 850/1989]  lr: 2.3590e-04  eta: 11:37:40  time: 0.7620  data_time: 0.2915  memory: 18277  loss: 1.5913  loss_ctc: 1.5913
2026/01/12 00:14:21 - mmengine - INFO - Epoch(train)  [7][ 900/1989]  lr: 2.3574e-04  eta: 11:37:22  time: 1.4734  data_time: 0.0022  memory: 18277  loss: 1.3939  loss_ctc: 1.3939
2026/01/12 00:15:45 - mmengine - INFO - Epoch(train)  [7][ 950/1989]  lr: 2.3558e-04  eta: 11:38:59  time: 0.8463  data_time: 0.2298  memory: 18277  loss: 1.3675  loss_ctc: 1.3675
2026/01/12 00:16:22 - mmengine - INFO - Epoch(train)  [7][1000/1989]  lr: 2.3542e-04  eta: 11:37:47  time: 0.5659  data_time: 0.1244  memory: 18277  loss: 1.4745  loss_ctc: 1.4745
2026/01/12 00:17:34 - mmengine - INFO - Epoch(train)  [7][1050/1989]  lr: 2.3526e-04  eta: 11:38:39  time: 1.6069  data_time: 1.0872  memory: 18277  loss: 1.5003  loss_ctc: 1.5003
2026/01/12 00:17:45 - mmengine - INFO - Exp name: svtr-large_fudan_scene_finetune_from_pretrain_cn_scene_widthaug_20260111_205333
2026/01/12 00:18:08 - mmengine - INFO - Epoch(train)  [7][1100/1989]  lr: 2.3510e-04  eta: 11:37:17  time: 0.7211  data_time: 0.1845  memory: 18277  loss: 1.6155  loss_ctc: 1.6155
2026/01/12 00:19:16 - mmengine - INFO - Epoch(train)  [7][1150/1989]  lr: 2.3494e-04  eta: 11:37:56  time: 4.2750  data_time: 3.6604  memory: 18277  loss: 1.5822  loss_ctc: 1.5822
2026/01/12 00:20:07 - mmengine - INFO - Epoch(train)  [7][1200/1989]  lr: 2.3478e-04  eta: 11:37:31  time: 0.9111  data_time: 0.1911  memory: 18277  loss: 1.4765  loss_ctc: 1.4765
2026/01/12 00:20:37 - mmengine - INFO - Epoch(train)  [7][1250/1989]  lr: 2.3462e-04  eta: 11:35:54  time: 0.5433  data_time: 0.1068  memory: 18277  loss: 1.5621  loss_ctc: 1.5621
2026/01/12 00:21:14 - mmengine - INFO - Epoch(train)  [7][1300/1989]  lr: 2.3445e-04  eta: 11:34:39  time: 0.4767  data_time: 0.0021  memory: 18277  loss: 1.5880  loss_ctc: 1.5880
2026/01/12 00:21:49 - mmengine - INFO - Epoch(train)  [7][1350/1989]  lr: 2.3429e-04  eta: 11:33:20  time: 0.6989  data_time: 0.0600  memory: 18277  loss: 1.5665  loss_ctc: 1.5665
2026/01/12 00:23:52 - mmengine - INFO - Epoch(train)  [7][1400/1989]  lr: 2.3412e-04  eta: 11:37:09  time: 4.9926  data_time: 4.5556  memory: 18277  loss: 1.4996  loss_ctc: 1.4996
2026/01/12 00:24:42 - mmengine - INFO - Epoch(train)  [7][1450/1989]  lr: 2.3396e-04  eta: 11:36:41  time: 1.0647  data_time: 0.0160  memory: 18277  loss: 1.6426  loss_ctc: 1.6426
2026/01/12 00:25:59 - mmengine - INFO - Epoch(train)  [7][1500/1989]  lr: 2.3379e-04  eta: 11:37:43  time: 4.4442  data_time: 0.0023  memory: 18277  loss: 1.5562  loss_ctc: 1.5562
2026/01/12 00:26:32 - mmengine - INFO - Epoch(train)  [7][1550/1989]  lr: 2.3362e-04  eta: 11:36:18  time: 0.7162  data_time: 0.0021  memory: 18277  loss: 1.5390  loss_ctc: 1.5390
2026/01/12 00:28:03 - mmengine - INFO - Epoch(train)  [7][1600/1989]  lr: 2.3345e-04  eta: 11:38:06  time: 0.8037  data_time: 0.2702  memory: 18277  loss: 1.6143  loss_ctc: 1.6143
2026/01/12 00:28:36 - mmengine - INFO - Epoch(train)  [7][1650/1989]  lr: 2.3328e-04  eta: 11:36:41  time: 0.7041  data_time: 0.0506  memory: 18277  loss: 1.7426  loss_ctc: 1.7426
2026/01/12 00:29:09 - mmengine - INFO - Epoch(train)  [7][1700/1989]  lr: 2.3311e-04  eta: 11:35:12  time: 0.5706  data_time: 0.0649  memory: 18277  loss: 1.5837  loss_ctc: 1.5837
2026/01/12 00:30:30 - mmengine - INFO - Epoch(train)  [7][1750/1989]  lr: 2.3294e-04  eta: 11:36:27  time: 5.5374  data_time: 0.0022  memory: 18277  loss: 1.5855  loss_ctc: 1.5855
2026/01/12 00:32:21 - mmengine - INFO - Epoch(train)  [7][1800/1989]  lr: 2.3277e-04  eta: 11:39:21  time: 0.5978  data_time: 0.0611  memory: 18277  loss: 1.3607  loss_ctc: 1.3607
2026/01/12 00:33:18 - mmengine - INFO - Epoch(train)  [7][1850/1989]  lr: 2.3260e-04  eta: 11:39:15  time: 2.7755  data_time: 2.3398  memory: 18277  loss: 1.5163  loss_ctc: 1.5163
2026/01/12 00:33:50 - mmengine - INFO - Epoch(train)  [7][1900/1989]  lr: 2.3242e-04  eta: 11:37:41  time: 0.5706  data_time: 0.0851  memory: 18277  loss: 1.4589  loss_ctc: 1.4589
2026/01/12 00:34:23 - mmengine - INFO - Epoch(train)  [7][1950/1989]  lr: 2.3225e-04  eta: 11:36:14  time: 0.5932  data_time: 0.1408  memory: 18277  loss: 1.4690  loss_ctc: 1.4690
2026/01/12 00:34:48 - mmengine - INFO - Exp name: svtr-large_fudan_scene_finetune_from_pretrain_cn_scene_widthaug_20260111_205333
2026/01/12 00:34:48 - mmengine - INFO - Saving checkpoint at 7 epochs
2026/01/12 00:35:00 - mmengine - INFO - Epoch(val)  [7][ 50/498]    eta: 0:01:21  time: 0.1707  data_time: 0.0005  memory: 18277  
2026/01/12 00:35:08 - mmengine - INFO - Epoch(val)  [7][100/498]    eta: 0:01:10  time: 0.1692  data_time: 0.0005  memory: 1675  
2026/01/12 00:35:17 - mmengine - INFO - Epoch(val)  [7][150/498]    eta: 0:01:01  time: 0.1705  data_time: 0.0005  memory: 1675  
2026/01/12 00:35:26 - mmengine - INFO - Epoch(val)  [7][200/498]    eta: 0:00:51  time: 0.1697  data_time: 0.0006  memory: 1675  
2026/01/12 00:35:34 - mmengine - INFO - Epoch(val)  [7][250/498]    eta: 0:00:43  time: 0.1726  data_time: 0.0005  memory: 1675  
2026/01/12 00:35:43 - mmengine - INFO - Epoch(val)  [7][300/498]    eta: 0:00:34  time: 0.1702  data_time: 0.0005  memory: 1675  
2026/01/12 00:35:52 - mmengine - INFO - Epoch(val)  [7][350/498]    eta: 0:00:25  time: 0.1707  data_time: 0.0006  memory: 1675  
2026/01/12 00:36:00 - mmengine - INFO - Epoch(val)  [7][400/498]    eta: 0:00:16  time: 0.1705  data_time: 0.0005  memory: 1675  
2026/01/12 00:36:09 - mmengine - INFO - Epoch(val)  [7][450/498]    eta: 0:00:08  time: 0.1710  data_time: 0.0006  memory: 1675  
2026/01/12 00:36:18 - mmengine - INFO - Epoch(val) [7][498/498]    Fudan/recog/word_acc: 0.6216  Fudan/recog/1-N.E.D: 0.7993  data_time: 0.0011  time: 0.1730
2026/01/12 00:36:18 - mmengine - INFO - The previous best checkpoint /root/lanyun-tmp/mmocr/work_dirs/svtr-large_finetune_from_pretrain_raw_seed3407_with_ep20/best_Fudan_recog_word_acc_epoch_6.pth is removed
2026/01/12 00:36:19 - mmengine - INFO - The best checkpoint with 0.6216 Fudan/recog/word_acc at 7 epoch is saved to best_Fudan_recog_word_acc_epoch_7.pth.
2026/01/12 00:37:04 - mmengine - INFO - Epoch(train)  [8][  50/1989]  lr: 2.3193e-04  eta: 11:34:03  time: 0.6739  data_time: 0.0884  memory: 18277  loss: 1.4250  loss_ctc: 1.4250
2026/01/12 00:37:22 - mmengine - INFO - Exp name: svtr-large_fudan_scene_finetune_from_pretrain_cn_scene_widthaug_20260111_205333
2026/01/12 00:37:42 - mmengine - INFO - Epoch(train)  [8][ 100/1989]  lr: 2.3176e-04  eta: 11:32:54  time: 0.8467  data_time: 0.0021  memory: 18277  loss: 1.4352  loss_ctc: 1.4352
2026/01/12 00:38:17 - mmengine - INFO - Epoch(train)  [8][ 150/1989]  lr: 2.3158e-04  eta: 11:31:33  time: 0.6737  data_time: 0.2331  memory: 18277  loss: 1.5431  loss_ctc: 1.5431
2026/01/12 00:38:52 - mmengine - INFO - Epoch(train)  [8][ 200/1989]  lr: 2.3140e-04  eta: 11:30:13  time: 0.5362  data_time: 0.0799  memory: 18277  loss: 1.5118  loss_ctc: 1.5118
2026/01/12 00:39:25 - mmengine - INFO - Epoch(train)  [8][ 250/1989]  lr: 2.3122e-04  eta: 11:28:50  time: 0.5584  data_time: 0.0972  memory: 18277  loss: 1.6238  loss_ctc: 1.6238
2026/01/12 00:40:23 - mmengine - INFO - Epoch(train)  [8][ 300/1989]  lr: 2.3104e-04  eta: 11:28:43  time: 0.6580  data_time: 0.0284  memory: 18277  loss: 1.4403  loss_ctc: 1.4403
2026/01/12 00:41:05 - mmengine - INFO - Epoch(train)  [8][ 350/1989]  lr: 2.3086e-04  eta: 11:27:46  time: 0.8404  data_time: 0.0020  memory: 18277  loss: 1.4606  loss_ctc: 1.4606
2026/01/12 00:41:40 - mmengine - INFO - Epoch(train)  [8][ 400/1989]  lr: 2.3068e-04  eta: 11:26:27  time: 0.7580  data_time: 0.0022  memory: 18277  loss: 1.5482  loss_ctc: 1.5482
2026/01/12 00:42:15 - mmengine - INFO - Epoch(train)  [8][ 450/1989]  lr: 2.3050e-04  eta: 11:25:10  time: 0.8499  data_time: 0.3949  memory: 18277  loss: 1.4944  loss_ctc: 1.4944
2026/01/12 00:42:53 - mmengine - INFO - Epoch(train)  [8][ 500/1989]  lr: 2.3032e-04  eta: 11:24:02  time: 1.0225  data_time: 0.0020  memory: 18277  loss: 1.4922  loss_ctc: 1.4922
2026/01/12 00:43:32 - mmengine - INFO - Epoch(train)  [8][ 550/1989]  lr: 2.3013e-04  eta: 11:22:56  time: 0.6927  data_time: 0.1548  memory: 18277  loss: 1.4899  loss_ctc: 1.4899
2026/01/12 00:44:07 - mmengine - INFO - Epoch(train)  [8][ 600/1989]  lr: 2.2995e-04  eta: 11:21:39  time: 0.7914  data_time: 0.3576  memory: 18277  loss: 1.5265  loss_ctc: 1.5265
2026/01/12 00:45:42 - mmengine - INFO - Epoch(train)  [8][ 650/1989]  lr: 2.2976e-04  eta: 11:23:28  time: 0.6172  data_time: 0.1691  memory: 18277  loss: 1.3971  loss_ctc: 1.3971
2026/01/12 00:46:17 - mmengine - INFO - Epoch(train)  [8][ 700/1989]  lr: 2.2958e-04  eta: 11:22:08  time: 0.7338  data_time: 0.2416  memory: 18277  loss: 1.3443  loss_ctc: 1.3443
2026/01/12 00:46:51 - mmengine - INFO - Epoch(train)  [8][ 750/1989]  lr: 2.2939e-04  eta: 11:20:49  time: 0.6080  data_time: 0.0408  memory: 18277  loss: 1.4549  loss_ctc: 1.4549
2026/01/12 00:47:25 - mmengine - INFO - Epoch(train)  [8][ 800/1989]  lr: 2.2920e-04  eta: 11:19:30  time: 0.5488  data_time: 0.0820  memory: 18277  loss: 1.4363  loss_ctc: 1.4363
2026/01/12 00:48:01 - mmengine - INFO - Epoch(train)  [8][ 850/1989]  lr: 2.2901e-04  eta: 11:18:15  time: 0.6063  data_time: 0.0198  memory: 18277  loss: 1.5714  loss_ctc: 1.5714
2026/01/12 00:49:41 - mmengine - INFO - Epoch(train)  [8][ 900/1989]  lr: 2.2882e-04  eta: 11:20:15  time: 0.7293  data_time: 0.2878  memory: 18277  loss: 1.3122  loss_ctc: 1.3122
2026/01/12 00:50:22 - mmengine - INFO - Epoch(train)  [8][ 950/1989]  lr: 2.2863e-04  eta: 11:19:17  time: 0.7303  data_time: 0.1305  memory: 18277  loss: 1.5706  loss_ctc: 1.5706
2026/01/12 00:51:17 - mmengine - INFO - Epoch(train)  [8][1000/1989]  lr: 2.2844e-04  eta: 11:18:58  time: 0.8423  data_time: 0.3997  memory: 18277  loss: 1.5815  loss_ctc: 1.5815
2026/01/12 00:52:08 - mmengine - INFO - Epoch(train)  [8][1050/1989]  lr: 2.2825e-04  eta: 11:18:32  time: 2.5622  data_time: 2.0631  memory: 18277  loss: 1.5777  loss_ctc: 1.5777
2026/01/12 00:52:29 - mmengine - INFO - Exp name: svtr-large_fudan_scene_finetune_from_pretrain_cn_scene_widthaug_20260111_205333
2026/01/12 00:52:42 - mmengine - INFO - Epoch(train)  [8][1100/1989]  lr: 2.2806e-04  eta: 11:17:12  time: 0.6303  data_time: 0.1740  memory: 18277  loss: 1.5106  loss_ctc: 1.5106
2026/01/12 00:54:00 - mmengine - INFO - Epoch(train)  [8][1150/1989]  lr: 2.2787e-04  eta: 11:18:02  time: 0.7746  data_time: 0.2037  memory: 18277  loss: 1.6814  loss_ctc: 1.6814
2026/01/12 00:54:56 - mmengine - INFO - Epoch(train)  [8][1200/1989]  lr: 2.2767e-04  eta: 11:17:46  time: 1.9936  data_time: 1.4485  memory: 18277  loss: 1.4997  loss_ctc: 1.4997
2026/01/12 00:55:36 - mmengine - INFO - Epoch(train)  [8][1250/1989]  lr: 2.2748e-04  eta: 11:16:45  time: 0.7079  data_time: 0.0025  memory: 18277  loss: 1.4294  loss_ctc: 1.4294
2026/01/12 00:56:12 - mmengine - INFO - Epoch(train)  [8][1300/1989]  lr: 2.2728e-04  eta: 11:15:29  time: 0.4761  data_time: 0.0324  memory: 18277  loss: 1.5902  loss_ctc: 1.5902
2026/01/12 00:58:34 - mmengine - INFO - Epoch(train)  [8][1350/1989]  lr: 2.2709e-04  eta: 11:19:24  time: 0.8963  data_time: 0.0021  memory: 18277  loss: 1.6132  loss_ctc: 1.6132
2026/01/12 00:59:11 - mmengine - INFO - Epoch(train)  [8][1400/1989]  lr: 2.2689e-04  eta: 11:18:12  time: 0.9872  data_time: 0.5442  memory: 18277  loss: 1.6447  loss_ctc: 1.6447
2026/01/12 00:59:50 - mmengine - INFO - Epoch(train)  [8][1450/1989]  lr: 2.2669e-04  eta: 11:17:08  time: 0.5965  data_time: 0.0139  memory: 18277  loss: 1.5725  loss_ctc: 1.5725
2026/01/12 01:00:24 - mmengine - INFO - Epoch(train)  [8][1500/1989]  lr: 2.2649e-04  eta: 11:15:47  time: 0.6437  data_time: 0.0835  memory: 18277  loss: 1.5702  loss_ctc: 1.5702
2026/01/12 01:00:58 - mmengine - INFO - Epoch(train)  [8][1550/1989]  lr: 2.2630e-04  eta: 11:14:29  time: 0.6772  data_time: 0.0023  memory: 18277  loss: 1.3745  loss_ctc: 1.3745
2026/01/12 01:01:35 - mmengine - INFO - Epoch(train)  [8][1600/1989]  lr: 2.2610e-04  eta: 11:13:18  time: 0.7782  data_time: 0.3242  memory: 18277  loss: 1.5369  loss_ctc: 1.5369
2026/01/12 01:02:10 - mmengine - INFO - Epoch(train)  [8][1650/1989]  lr: 2.2590e-04  eta: 11:12:00  time: 0.6611  data_time: 0.1538  memory: 18277  loss: 1.4263  loss_ctc: 1.4263
2026/01/12 01:02:43 - mmengine - INFO - Epoch(train)  [8][1700/1989]  lr: 2.2569e-04  eta: 11:10:38  time: 0.6592  data_time: 0.1762  memory: 18277  loss: 1.4156  loss_ctc: 1.4156
2026/01/12 01:03:20 - mmengine - INFO - Epoch(train)  [8][1750/1989]  lr: 2.2549e-04  eta: 11:09:30  time: 0.9322  data_time: 0.4160  memory: 18277  loss: 1.5776  loss_ctc: 1.5776
2026/01/12 01:03:59 - mmengine - INFO - Epoch(train)  [8][1800/1989]  lr: 2.2529e-04  eta: 11:08:24  time: 0.5561  data_time: 0.1088  memory: 18277  loss: 1.4898  loss_ctc: 1.4898
2026/01/12 01:04:47 - mmengine - INFO - Epoch(train)  [8][1850/1989]  lr: 2.2509e-04  eta: 11:07:45  time: 0.5368  data_time: 0.0921  memory: 18277  loss: 1.6225  loss_ctc: 1.6225
2026/01/12 01:05:31 - mmengine - INFO - Epoch(train)  [8][1900/1989]  lr: 2.2488e-04  eta: 11:06:57  time: 1.0760  data_time: 0.6306  memory: 18277  loss: 1.4144  loss_ctc: 1.4144
2026/01/12 01:06:07 - mmengine - INFO - Epoch(train)  [8][1950/1989]  lr: 2.2468e-04  eta: 11:05:44  time: 0.5156  data_time: 0.0769  memory: 18277  loss: 1.5426  loss_ctc: 1.5426
2026/01/12 01:06:37 - mmengine - INFO - Exp name: svtr-large_fudan_scene_finetune_from_pretrain_cn_scene_widthaug_20260111_205333
2026/01/12 01:06:37 - mmengine - INFO - Saving checkpoint at 8 epochs
2026/01/12 01:06:49 - mmengine - INFO - Epoch(val)  [8][ 50/498]    eta: 0:01:21  time: 0.1710  data_time: 0.0006  memory: 18277  
2026/01/12 01:06:57 - mmengine - INFO - Epoch(val)  [8][100/498]    eta: 0:01:10  time: 0.1695  data_time: 0.0006  memory: 1675  
2026/01/12 01:07:06 - mmengine - INFO - Epoch(val)  [8][150/498]    eta: 0:01:01  time: 0.1775  data_time: 0.0007  memory: 1675  
2026/01/12 01:07:14 - mmengine - INFO - Epoch(val)  [8][200/498]    eta: 0:00:52  time: 0.1709  data_time: 0.0006  memory: 1675  
2026/01/12 01:07:23 - mmengine - INFO - Epoch(val)  [8][250/498]    eta: 0:00:43  time: 0.1845  data_time: 0.0006  memory: 1675  
2026/01/12 01:07:32 - mmengine - INFO - Epoch(val)  [8][300/498]    eta: 0:00:34  time: 0.1727  data_time: 0.0006  memory: 1675  
2026/01/12 01:07:41 - mmengine - INFO - Epoch(val)  [8][350/498]    eta: 0:00:25  time: 0.1915  data_time: 0.0006  memory: 1675  
2026/01/12 01:07:49 - mmengine - INFO - Epoch(val)  [8][400/498]    eta: 0:00:17  time: 0.1719  data_time: 0.0005  memory: 1675  
2026/01/12 01:07:58 - mmengine - INFO - Epoch(val)  [8][450/498]    eta: 0:00:08  time: 0.1716  data_time: 0.0006  memory: 1675  
2026/01/12 01:08:07 - mmengine - INFO - Epoch(val) [8][498/498]    Fudan/recog/word_acc: 0.6204  Fudan/recog/1-N.E.D: 0.7993  data_time: 0.0012  time: 0.1741
2026/01/12 01:08:43 - mmengine - INFO - Epoch(train)  [9][  50/1989]  lr: 2.2431e-04  eta: 11:03:39  time: 0.6964  data_time: 0.0022  memory: 18277  loss: 1.3961  loss_ctc: 1.3961
2026/01/12 01:09:10 - mmengine - INFO - Exp name: svtr-large_fudan_scene_finetune_from_pretrain_cn_scene_widthaug_20260111_205333
2026/01/12 01:09:22 - mmengine - INFO - Epoch(train)  [9][ 100/1989]  lr: 2.2410e-04  eta: 11:02:35  time: 1.0294  data_time: 0.5894  memory: 18277  loss: 1.4977  loss_ctc: 1.4977
2026/01/12 01:09:56 - mmengine - INFO - Epoch(train)  [9][ 150/1989]  lr: 2.2389e-04  eta: 11:01:19  time: 0.7214  data_time: 0.2776  memory: 18277  loss: 1.3947  loss_ctc: 1.3947
2026/01/12 01:10:33 - mmengine - INFO - Epoch(train)  [9][ 200/1989]  lr: 2.2369e-04  eta: 11:00:12  time: 0.6405  data_time: 0.0021  memory: 18277  loss: 1.3813  loss_ctc: 1.3813
2026/01/12 01:11:13 - mmengine - INFO - Epoch(train)  [9][ 250/1989]  lr: 2.2348e-04  eta: 10:59:12  time: 0.8023  data_time: 0.3539  memory: 18277  loss: 1.5677  loss_ctc: 1.5677
2026/01/12 01:11:47 - mmengine - INFO - Epoch(train)  [9][ 300/1989]  lr: 2.2327e-04  eta: 10:57:54  time: 0.7217  data_time: 0.2836  memory: 18277  loss: 1.4461  loss_ctc: 1.4461
2026/01/12 01:12:24 - mmengine - INFO - Epoch(train)  [9][ 350/1989]  lr: 2.2306e-04  eta: 10:56:47  time: 1.0647  data_time: 0.6235  memory: 18277  loss: 1.4336  loss_ctc: 1.4336
2026/01/12 01:12:59 - mmengine - INFO - Epoch(train)  [9][ 400/1989]  lr: 2.2284e-04  eta: 10:55:34  time: 0.7433  data_time: 0.2153  memory: 18277  loss: 1.3863  loss_ctc: 1.3863
2026/01/12 01:13:33 - mmengine - INFO - Epoch(train)  [9][ 450/1989]  lr: 2.2263e-04  eta: 10:54:19  time: 0.5506  data_time: 0.0024  memory: 18277  loss: 1.3579  loss_ctc: 1.3579
2026/01/12 01:14:08 - mmengine - INFO - Epoch(train)  [9][ 500/1989]  lr: 2.2242e-04  eta: 10:53:07  time: 0.7276  data_time: 0.1735  memory: 18277  loss: 1.5177  loss_ctc: 1.5177
2026/01/12 01:14:41 - mmengine - INFO - Epoch(train)  [9][ 550/1989]  lr: 2.2221e-04  eta: 10:51:49  time: 0.5773  data_time: 0.0901  memory: 18277  loss: 1.4572  loss_ctc: 1.4572
2026/01/12 01:15:18 - mmengine - INFO - Epoch(train)  [9][ 600/1989]  lr: 2.2199e-04  eta: 10:50:42  time: 0.6097  data_time: 0.1731  memory: 18277  loss: 1.3535  loss_ctc: 1.3535
2026/01/12 01:16:15 - mmengine - INFO - Epoch(train)  [9][ 650/1989]  lr: 2.2178e-04  eta: 10:50:27  time: 0.7351  data_time: 0.0266  memory: 18277  loss: 1.4917  loss_ctc: 1.4917
2026/01/12 01:16:49 - mmengine - INFO - Epoch(train)  [9][ 700/1989]  lr: 2.2156e-04  eta: 10:49:13  time: 0.7407  data_time: 0.1313  memory: 18277  loss: 1.3765  loss_ctc: 1.3765
2026/01/12 01:17:24 - mmengine - INFO - Epoch(train)  [9][ 750/1989]  lr: 2.2134e-04  eta: 10:48:02  time: 0.6251  data_time: 0.0022  memory: 18277  loss: 1.3806  loss_ctc: 1.3806
2026/01/12 01:18:00 - mmengine - INFO - Epoch(train)  [9][ 800/1989]  lr: 2.2113e-04  eta: 10:46:51  time: 0.7206  data_time: 0.0021  memory: 18277  loss: 1.4108  loss_ctc: 1.4108
2026/01/12 01:19:05 - mmengine - INFO - Epoch(train)  [9][ 850/1989]  lr: 2.2091e-04  eta: 10:46:57  time: 0.5559  data_time: 0.1221  memory: 18277  loss: 1.3065  loss_ctc: 1.3065
2026/01/12 01:19:39 - mmengine - INFO - Epoch(train)  [9][ 900/1989]  lr: 2.2069e-04  eta: 10:45:44  time: 0.7667  data_time: 0.3080  memory: 18277  loss: 1.4081  loss_ctc: 1.4081
2026/01/12 01:20:11 - mmengine - INFO - Epoch(train)  [9][ 950/1989]  lr: 2.2047e-04  eta: 10:44:26  time: 0.5938  data_time: 0.1573  memory: 18277  loss: 1.3570  loss_ctc: 1.3570
2026/01/12 01:20:51 - mmengine - INFO - Epoch(train)  [9][1000/1989]  lr: 2.2025e-04  eta: 10:43:26  time: 0.7659  data_time: 0.3273  memory: 18277  loss: 1.3690  loss_ctc: 1.3690
2026/01/12 01:22:11 - mmengine - INFO - Epoch(train)  [9][1050/1989]  lr: 2.2003e-04  eta: 10:44:09  time: 0.7468  data_time: 0.2961  memory: 18277  loss: 1.6200  loss_ctc: 1.6200
2026/01/12 01:22:37 - mmengine - INFO - Exp name: svtr-large_fudan_scene_finetune_from_pretrain_cn_scene_widthaug_20260111_205333
2026/01/12 01:22:44 - mmengine - INFO - Epoch(train)  [9][1100/1989]  lr: 2.1981e-04  eta: 10:42:53  time: 0.4478  data_time: 0.0156  memory: 18277  loss: 1.4049  loss_ctc: 1.4049
2026/01/12 01:23:23 - mmengine - INFO - Epoch(train)  [9][1150/1989]  lr: 2.1959e-04  eta: 10:41:51  time: 0.6986  data_time: 0.2034  memory: 18277  loss: 1.4271  loss_ctc: 1.4271
2026/01/12 01:24:04 - mmengine - INFO - Epoch(train)  [9][1200/1989]  lr: 2.1936e-04  eta: 10:40:58  time: 0.5506  data_time: 0.1115  memory: 18277  loss: 1.3359  loss_ctc: 1.3359
2026/01/12 01:24:39 - mmengine - INFO - Epoch(train)  [9][1250/1989]  lr: 2.1914e-04  eta: 10:39:46  time: 0.5459  data_time: 0.1117  memory: 18277  loss: 1.4103  loss_ctc: 1.4103
2026/01/12 01:25:16 - mmengine - INFO - Epoch(train)  [9][1300/1989]  lr: 2.1892e-04  eta: 10:38:41  time: 0.5095  data_time: 0.0021  memory: 18277  loss: 1.5126  loss_ctc: 1.5126
2026/01/12 01:25:50 - mmengine - INFO - Epoch(train)  [9][1350/1989]  lr: 2.1869e-04  eta: 10:37:28  time: 0.7015  data_time: 0.1635  memory: 18277  loss: 1.4725  loss_ctc: 1.4725
2026/01/12 01:26:25 - mmengine - INFO - Epoch(train)  [9][1400/1989]  lr: 2.1846e-04  eta: 10:36:18  time: 0.5908  data_time: 0.0420  memory: 18277  loss: 1.4438  loss_ctc: 1.4438
2026/01/12 01:27:03 - mmengine - INFO - Epoch(train)  [9][1450/1989]  lr: 2.1824e-04  eta: 10:35:16  time: 0.8038  data_time: 0.3606  memory: 18277  loss: 1.4145  loss_ctc: 1.4145
2026/01/12 01:27:40 - mmengine - INFO - Epoch(train)  [9][1500/1989]  lr: 2.1801e-04  eta: 10:34:12  time: 0.9984  data_time: 0.5477  memory: 18277  loss: 1.4819  loss_ctc: 1.4819
2026/01/12 01:28:17 - mmengine - INFO - Epoch(train)  [9][1550/1989]  lr: 2.1778e-04  eta: 10:33:07  time: 0.9919  data_time: 0.4823  memory: 18277  loss: 1.4997  loss_ctc: 1.4997
2026/01/12 01:28:51 - mmengine - INFO - Epoch(train)  [9][1600/1989]  lr: 2.1755e-04  eta: 10:31:56  time: 0.5496  data_time: 0.0692  memory: 18277  loss: 1.6720  loss_ctc: 1.6720
2026/01/12 01:29:30 - mmengine - INFO - Epoch(train)  [9][1650/1989]  lr: 2.1733e-04  eta: 10:30:56  time: 0.8405  data_time: 0.2162  memory: 18277  loss: 1.4609  loss_ctc: 1.4609
2026/01/12 01:30:08 - mmengine - INFO - Epoch(train)  [9][1700/1989]  lr: 2.1710e-04  eta: 10:29:55  time: 0.9774  data_time: 0.5230  memory: 18277  loss: 1.5579  loss_ctc: 1.5579
2026/01/12 01:30:49 - mmengine - INFO - Epoch(train)  [9][1750/1989]  lr: 2.1687e-04  eta: 10:29:01  time: 1.1998  data_time: 0.6039  memory: 18277  loss: 1.5202  loss_ctc: 1.5202
2026/01/12 01:31:22 - mmengine - INFO - Epoch(train)  [9][1800/1989]  lr: 2.1663e-04  eta: 10:27:49  time: 0.6759  data_time: 0.0848  memory: 18277  loss: 1.5401  loss_ctc: 1.5401
2026/01/12 01:31:56 - mmengine - INFO - Epoch(train)  [9][1850/1989]  lr: 2.1640e-04  eta: 10:26:36  time: 0.6362  data_time: 0.1902  memory: 18277  loss: 1.4455  loss_ctc: 1.4455
2026/01/12 01:33:13 - mmengine - INFO - Epoch(train)  [9][1900/1989]  lr: 2.1617e-04  eta: 10:27:07  time: 0.7034  data_time: 0.0259  memory: 18277  loss: 1.4626  loss_ctc: 1.4626
2026/01/12 01:33:48 - mmengine - INFO - Epoch(train)  [9][1950/1989]  lr: 2.1594e-04  eta: 10:26:00  time: 0.6385  data_time: 0.0911  memory: 18277  loss: 1.4040  loss_ctc: 1.4040
2026/01/12 01:34:23 - mmengine - INFO - Exp name: svtr-large_fudan_scene_finetune_from_pretrain_cn_scene_widthaug_20260111_205333
2026/01/12 01:34:23 - mmengine - INFO - Saving checkpoint at 9 epochs
2026/01/12 01:34:34 - mmengine - INFO - Epoch(val)  [9][ 50/498]    eta: 0:01:20  time: 0.1713  data_time: 0.0005  memory: 18277  
2026/01/12 01:34:43 - mmengine - INFO - Epoch(val)  [9][100/498]    eta: 0:01:09  time: 0.1693  data_time: 0.0006  memory: 1675  
2026/01/12 01:34:52 - mmengine - INFO - Epoch(val)  [9][150/498]    eta: 0:01:00  time: 0.1712  data_time: 0.0005  memory: 1675  
2026/01/12 01:35:00 - mmengine - INFO - Epoch(val)  [9][200/498]    eta: 0:00:52  time: 0.1744  data_time: 0.0006  memory: 1675  
2026/01/12 01:35:09 - mmengine - INFO - Epoch(val)  [9][250/498]    eta: 0:00:43  time: 0.1706  data_time: 0.0006  memory: 1675  
2026/01/12 01:35:18 - mmengine - INFO - Epoch(val)  [9][300/498]    eta: 0:00:34  time: 0.1718  data_time: 0.0005  memory: 1675  
2026/01/12 01:35:26 - mmengine - INFO - Epoch(val)  [9][350/498]    eta: 0:00:25  time: 0.1698  data_time: 0.0005  memory: 1675  
2026/01/12 01:35:35 - mmengine - INFO - Epoch(val)  [9][400/498]    eta: 0:00:17  time: 0.1700  data_time: 0.0005  memory: 1675  
2026/01/12 01:35:44 - mmengine - INFO - Epoch(val)  [9][450/498]    eta: 0:00:08  time: 0.1721  data_time: 0.0006  memory: 1675  
2026/01/12 01:35:52 - mmengine - INFO - Epoch(val) [9][498/498]    Fudan/recog/word_acc: 0.6020  Fudan/recog/1-N.E.D: 0.7869  data_time: 0.0011  time: 0.1729
2026/01/12 01:36:37 - mmengine - INFO - Epoch(train) [10][  50/1989]  lr: 2.1552e-04  eta: 10:24:38  time: 0.7786  data_time: 0.1722  memory: 18277  loss: 1.3628  loss_ctc: 1.3628
2026/01/12 01:37:12 - mmengine - INFO - Exp name: svtr-large_fudan_scene_finetune_from_pretrain_cn_scene_widthaug_20260111_205333
2026/01/12 01:37:13 - mmengine - INFO - Epoch(train) [10][ 100/1989]  lr: 2.1528e-04  eta: 10:23:32  time: 0.7302  data_time: 0.0374  memory: 18277  loss: 1.4685  loss_ctc: 1.4685
2026/01/12 01:37:48 - mmengine - INFO - Epoch(train) [10][ 150/1989]  lr: 2.1505e-04  eta: 10:22:26  time: 0.6838  data_time: 0.1962  memory: 18277  loss: 1.6774  loss_ctc: 1.6774
2026/01/12 01:38:29 - mmengine - INFO - Epoch(train) [10][ 200/1989]  lr: 2.1481e-04  eta: 10:21:32  time: 0.6946  data_time: 0.0166  memory: 18277  loss: 1.6997  loss_ctc: 1.6997
2026/01/12 01:38:59 - mmengine - INFO - Epoch(train) [10][ 250/1989]  lr: 2.1458e-04  eta: 10:20:13  time: 0.5855  data_time: 0.0781  memory: 18277  loss: 1.5485  loss_ctc: 1.5485
2026/01/12 01:39:36 - mmengine - INFO - Epoch(train) [10][ 300/1989]  lr: 2.1434e-04  eta: 10:19:10  time: 0.6632  data_time: 0.0022  memory: 18277  loss: 1.5303  loss_ctc: 1.5303
2026/01/12 01:40:11 - mmengine - INFO - Epoch(train) [10][ 350/1989]  lr: 2.1410e-04  eta: 10:18:03  time: 0.6354  data_time: 0.1977  memory: 18277  loss: 1.4922  loss_ctc: 1.4922
2026/01/12 01:40:47 - mmengine - INFO - Epoch(train) [10][ 400/1989]  lr: 2.1386e-04  eta: 10:16:57  time: 0.6517  data_time: 0.1920  memory: 18277  loss: 1.5741  loss_ctc: 1.5741
2026/01/12 01:41:22 - mmengine - INFO - Epoch(train) [10][ 450/1989]  lr: 2.1362e-04  eta: 10:15:50  time: 0.5376  data_time: 0.1091  memory: 18277  loss: 1.7262  loss_ctc: 1.7262
2026/01/12 01:41:56 - mmengine - INFO - Epoch(train) [10][ 500/1989]  lr: 2.1338e-04  eta: 10:14:43  time: 0.6295  data_time: 0.0473  memory: 18277  loss: 1.4760  loss_ctc: 1.4760
2026/01/12 01:42:35 - mmengine - INFO - Epoch(train) [10][ 550/1989]  lr: 2.1314e-04  eta: 10:13:46  time: 0.6683  data_time: 0.1969  memory: 18277  loss: 1.3868  loss_ctc: 1.3868
2026/01/12 01:43:08 - mmengine - INFO - Epoch(train) [10][ 600/1989]  lr: 2.1290e-04  eta: 10:12:35  time: 0.6966  data_time: 0.2283  memory: 18277  loss: 1.4986  loss_ctc: 1.4986
2026/01/12 01:43:50 - mmengine - INFO - Epoch(train) [10][ 650/1989]  lr: 2.1265e-04  eta: 10:11:43  time: 1.0150  data_time: 0.5603  memory: 18277  loss: 1.6096  loss_ctc: 1.6096
2026/01/12 01:44:28 - mmengine - INFO - Epoch(train) [10][ 700/1989]  lr: 2.1241e-04  eta: 10:10:45  time: 0.8128  data_time: 0.3679  memory: 18277  loss: 1.5105  loss_ctc: 1.5105
2026/01/12 01:45:03 - mmengine - INFO - Epoch(train) [10][ 750/1989]  lr: 2.1217e-04  eta: 10:09:38  time: 0.7309  data_time: 0.0120  memory: 18277  loss: 1.4234  loss_ctc: 1.4234
2026/01/12 01:45:35 - mmengine - INFO - Epoch(train) [10][ 800/1989]  lr: 2.1192e-04  eta: 10:08:27  time: 0.7587  data_time: 0.0020  memory: 18277  loss: 1.5583  loss_ctc: 1.5583
2026/01/12 01:46:10 - mmengine - INFO - Epoch(train) [10][ 850/1989]  lr: 2.1168e-04  eta: 10:07:22  time: 0.5931  data_time: 0.0021  memory: 18277  loss: 1.3943  loss_ctc: 1.3943
2026/01/12 01:46:42 - mmengine - INFO - Epoch(train) [10][ 900/1989]  lr: 2.1143e-04  eta: 10:06:09  time: 0.4636  data_time: 0.0022  memory: 18277  loss: 1.4464  loss_ctc: 1.4464
2026/01/12 01:47:29 - mmengine - INFO - Epoch(train) [10][ 950/1989]  lr: 2.1119e-04  eta: 10:05:30  time: 0.7292  data_time: 0.2849  memory: 18277  loss: 1.5044  loss_ctc: 1.5044
2026/01/12 01:48:10 - mmengine - INFO - Epoch(train) [10][1000/1989]  lr: 2.1094e-04  eta: 10:04:39  time: 0.7948  data_time: 0.0028  memory: 18277  loss: 1.4108  loss_ctc: 1.4108
2026/01/12 01:48:51 - mmengine - INFO - Epoch(train) [10][1050/1989]  lr: 2.1069e-04  eta: 10:03:47  time: 0.9785  data_time: 0.2572  memory: 18277  loss: 1.4568  loss_ctc: 1.4568
2026/01/12 01:49:25 - mmengine - INFO - Exp name: svtr-large_fudan_scene_finetune_from_pretrain_cn_scene_widthaug_20260111_205333
2026/01/12 01:49:25 - mmengine - INFO - Epoch(train) [10][1100/1989]  lr: 2.1044e-04  eta: 10:02:40  time: 0.6076  data_time: 0.0943  memory: 18277  loss: 1.5211  loss_ctc: 1.5211
2026/01/12 01:50:03 - mmengine - INFO - Epoch(train) [10][1150/1989]  lr: 2.1020e-04  eta: 10:01:41  time: 0.8582  data_time: 0.4198  memory: 18277  loss: 1.5352  loss_ctc: 1.5352
2026/01/12 01:50:44 - mmengine - INFO - Epoch(train) [10][1200/1989]  lr: 2.0995e-04  eta: 10:00:50  time: 1.0090  data_time: 0.2970  memory: 18277  loss: 1.5645  loss_ctc: 1.5645
2026/01/12 01:51:19 - mmengine - INFO - Epoch(train) [10][1250/1989]  lr: 2.0970e-04  eta: 9:59:45  time: 0.5722  data_time: 0.1293  memory: 18277  loss: 1.4600  loss_ctc: 1.4600
2026/01/12 01:51:53 - mmengine - INFO - Epoch(train) [10][1300/1989]  lr: 2.0945e-04  eta: 9:58:39  time: 0.7411  data_time: 0.2673  memory: 18277  loss: 1.3188  loss_ctc: 1.3188
2026/01/12 01:52:33 - mmengine - INFO - Epoch(train) [10][1350/1989]  lr: 2.0919e-04  eta: 9:57:45  time: 0.6529  data_time: 0.0875  memory: 18277  loss: 1.4071  loss_ctc: 1.4071
2026/01/12 01:53:13 - mmengine - INFO - Epoch(train) [10][1400/1989]  lr: 2.0894e-04  eta: 9:56:52  time: 0.9629  data_time: 0.1411  memory: 18277  loss: 1.4874  loss_ctc: 1.4874
2026/01/12 01:53:50 - mmengine - INFO - Epoch(train) [10][1450/1989]  lr: 2.0869e-04  eta: 9:55:52  time: 0.8856  data_time: 0.4394  memory: 18277  loss: 1.2925  loss_ctc: 1.2925
2026/01/12 01:54:24 - mmengine - INFO - Epoch(train) [10][1500/1989]  lr: 2.0844e-04  eta: 9:54:46  time: 0.5705  data_time: 0.0676  memory: 18277  loss: 1.5605  loss_ctc: 1.5605
2026/01/12 01:54:59 - mmengine - INFO - Epoch(train) [10][1550/1989]  lr: 2.0818e-04  eta: 9:53:42  time: 0.5433  data_time: 0.1086  memory: 18277  loss: 1.6009  loss_ctc: 1.6009
2026/01/12 01:55:34 - mmengine - INFO - Epoch(train) [10][1600/1989]  lr: 2.0793e-04  eta: 9:52:39  time: 0.7227  data_time: 0.2833  memory: 18277  loss: 1.4555  loss_ctc: 1.4555
2026/01/12 01:56:11 - mmengine - INFO - Epoch(train) [10][1650/1989]  lr: 2.0767e-04  eta: 9:51:40  time: 0.7192  data_time: 0.1615  memory: 18277  loss: 1.2863  loss_ctc: 1.2863
2026/01/12 01:56:52 - mmengine - INFO - Epoch(train) [10][1700/1989]  lr: 2.0742e-04  eta: 9:50:49  time: 1.1795  data_time: 0.7405  memory: 18277  loss: 1.4772  loss_ctc: 1.4772
2026/01/12 01:57:30 - mmengine - INFO - Epoch(train) [10][1750/1989]  lr: 2.0716e-04  eta: 9:49:53  time: 1.0697  data_time: 0.0230  memory: 18277  loss: 1.4694  loss_ctc: 1.4694
2026/01/12 01:58:03 - mmengine - INFO - Epoch(train) [10][1800/1989]  lr: 2.0690e-04  eta: 9:48:45  time: 0.5356  data_time: 0.0794  memory: 18277  loss: 1.4137  loss_ctc: 1.4137
2026/01/12 01:58:37 - mmengine - INFO - Epoch(train) [10][1850/1989]  lr: 2.0665e-04  eta: 9:47:39  time: 0.5755  data_time: 0.1379  memory: 18277  loss: 1.3560  loss_ctc: 1.3560
2026/01/12 01:59:07 - mmengine - INFO - Epoch(train) [10][1900/1989]  lr: 2.0639e-04  eta: 9:46:28  time: 0.6794  data_time: 0.1858  memory: 18277  loss: 1.4688  loss_ctc: 1.4688
2026/01/12 01:59:44 - mmengine - INFO - Epoch(train) [10][1950/1989]  lr: 2.0613e-04  eta: 9:45:29  time: 0.6709  data_time: 0.2283  memory: 18277  loss: 1.5338  loss_ctc: 1.5338
2026/01/12 02:00:10 - mmengine - INFO - Exp name: svtr-large_fudan_scene_finetune_from_pretrain_cn_scene_widthaug_20260111_205333
2026/01/12 02:00:10 - mmengine - INFO - Saving checkpoint at 10 epochs
2026/01/12 02:00:21 - mmengine - INFO - Epoch(val) [10][ 50/498]    eta: 0:01:19  time: 0.1763  data_time: 0.0006  memory: 18277  
2026/01/12 02:00:30 - mmengine - INFO - Epoch(val) [10][100/498]    eta: 0:01:10  time: 0.1691  data_time: 0.0005  memory: 1675  
2026/01/12 02:00:39 - mmengine - INFO - Epoch(val) [10][150/498]    eta: 0:01:00  time: 0.1732  data_time: 0.0006  memory: 1675  
2026/01/12 02:00:48 - mmengine - INFO - Epoch(val) [10][200/498]    eta: 0:00:52  time: 0.1707  data_time: 0.0006  memory: 1675  
2026/01/12 02:00:56 - mmengine - INFO - Epoch(val) [10][250/498]    eta: 0:00:43  time: 0.1710  data_time: 0.0006  memory: 1675  
2026/01/12 02:01:05 - mmengine - INFO - Epoch(val) [10][300/498]    eta: 0:00:34  time: 0.1710  data_time: 0.0006  memory: 1675  
2026/01/12 02:01:13 - mmengine - INFO - Epoch(val) [10][350/498]    eta: 0:00:25  time: 0.1710  data_time: 0.0006  memory: 1675  
2026/01/12 02:01:22 - mmengine - INFO - Epoch(val) [10][400/498]    eta: 0:00:17  time: 0.1939  data_time: 0.0008  memory: 1675  
2026/01/12 02:01:31 - mmengine - INFO - Epoch(val) [10][450/498]    eta: 0:00:08  time: 0.1745  data_time: 0.0006  memory: 1675  
2026/01/12 02:01:40 - mmengine - INFO - Epoch(val) [10][498/498]    Fudan/recog/word_acc: 0.6252  Fudan/recog/1-N.E.D: 0.8059  data_time: 0.0009  time: 0.1737
2026/01/12 02:01:40 - mmengine - INFO - The previous best checkpoint /root/lanyun-tmp/mmocr/work_dirs/svtr-large_finetune_from_pretrain_raw_seed3407_with_ep20/best_Fudan_recog_word_acc_epoch_7.pth is removed
2026/01/12 02:01:41 - mmengine - INFO - The best checkpoint with 0.6252 Fudan/recog/word_acc at 10 epoch is saved to best_Fudan_recog_word_acc_epoch_10.pth.
2026/01/12 02:02:24 - mmengine - INFO - Epoch(train) [11][  50/1989]  lr: 2.0567e-04  eta: 9:43:43  time: 0.9268  data_time: 0.4803  memory: 18277  loss: 1.3368  loss_ctc: 1.3368
2026/01/12 02:03:00 - mmengine - INFO - Epoch(train) [11][ 100/1989]  lr: 2.0541e-04  eta: 9:42:44  time: 0.7164  data_time: 0.0020  memory: 18277  loss: 1.4788  loss_ctc: 1.4788
2026/01/12 02:03:07 - mmengine - INFO - Exp name: svtr-large_fudan_scene_finetune_from_pretrain_cn_scene_widthaug_20260111_205333
2026/01/12 02:03:35 - mmengine - INFO - Epoch(train) [11][ 150/1989]  lr: 2.0515e-04  eta: 9:41:42  time: 0.7991  data_time: 0.3557  memory: 18277  loss: 1.3687  loss_ctc: 1.3687
2026/01/12 02:04:06 - mmengine - INFO - Epoch(train) [11][ 200/1989]  lr: 2.0489e-04  eta: 9:40:32  time: 0.5394  data_time: 0.0020  memory: 18277  loss: 1.3662  loss_ctc: 1.3662
2026/01/12 02:04:41 - mmengine - INFO - Epoch(train) [11][ 250/1989]  lr: 2.0462e-04  eta: 9:39:31  time: 0.6136  data_time: 0.0020  memory: 18277  loss: 1.4249  loss_ctc: 1.4249
2026/01/12 02:05:15 - mmengine - INFO - Epoch(train) [11][ 300/1989]  lr: 2.0436e-04  eta: 9:38:27  time: 0.7810  data_time: 0.0981  memory: 18277  loss: 1.5173  loss_ctc: 1.5173
2026/01/12 02:05:52 - mmengine - INFO - Epoch(train) [11][ 350/1989]  lr: 2.0410e-04  eta: 9:37:30  time: 0.6960  data_time: 0.0023  memory: 18277  loss: 1.4617  loss_ctc: 1.4617
2026/01/12 02:06:28 - mmengine - INFO - Epoch(train) [11][ 400/1989]  lr: 2.0383e-04  eta: 9:36:29  time: 0.6182  data_time: 0.0022  memory: 18277  loss: 1.4405  loss_ctc: 1.4405
2026/01/12 02:07:02 - mmengine - INFO - Epoch(train) [11][ 450/1989]  lr: 2.0357e-04  eta: 9:35:25  time: 0.6422  data_time: 0.0471  memory: 18277  loss: 1.2442  loss_ctc: 1.2442
2026/01/12 02:07:35 - mmengine - INFO - Epoch(train) [11][ 500/1989]  lr: 2.0330e-04  eta: 9:34:20  time: 0.7557  data_time: 0.3097  memory: 18277  loss: 1.3920  loss_ctc: 1.3920
2026/01/12 02:08:11 - mmengine - INFO - Epoch(train) [11][ 550/1989]  lr: 2.0304e-04  eta: 9:33:22  time: 0.7860  data_time: 0.1758  memory: 18277  loss: 1.4628  loss_ctc: 1.4628
2026/01/12 02:08:46 - mmengine - INFO - Epoch(train) [11][ 600/1989]  lr: 2.0277e-04  eta: 9:32:21  time: 0.8839  data_time: 0.3992  memory: 18277  loss: 1.3405  loss_ctc: 1.3405
2026/01/12 02:09:18 - mmengine - INFO - Epoch(train) [11][ 650/1989]  lr: 2.0251e-04  eta: 9:31:16  time: 0.6727  data_time: 0.2249  memory: 18277  loss: 1.2374  loss_ctc: 1.2374
2026/01/12 02:09:52 - mmengine - INFO - Epoch(train) [11][ 700/1989]  lr: 2.0224e-04  eta: 9:30:13  time: 0.5401  data_time: 0.0019  memory: 18277  loss: 1.2921  loss_ctc: 1.2921
2026/01/12 02:10:28 - mmengine - INFO - Epoch(train) [11][ 750/1989]  lr: 2.0197e-04  eta: 9:29:15  time: 0.6347  data_time: 0.0866  memory: 18277  loss: 1.2565  loss_ctc: 1.2565
2026/01/12 02:11:05 - mmengine - INFO - Epoch(train) [11][ 800/1989]  lr: 2.0170e-04  eta: 9:28:18  time: 0.4960  data_time: 0.0020  memory: 18277  loss: 1.3278  loss_ctc: 1.3278
2026/01/12 02:11:41 - mmengine - INFO - Epoch(train) [11][ 850/1989]  lr: 2.0143e-04  eta: 9:27:19  time: 0.8195  data_time: 0.3767  memory: 18277  loss: 1.4174  loss_ctc: 1.4174
2026/01/12 02:12:16 - mmengine - INFO - Epoch(train) [11][ 900/1989]  lr: 2.0116e-04  eta: 9:26:20  time: 0.5162  data_time: 0.0020  memory: 18277  loss: 1.3801  loss_ctc: 1.3801
2026/01/12 02:12:51 - mmengine - INFO - Epoch(train) [11][ 950/1989]  lr: 2.0089e-04  eta: 9:25:20  time: 0.6069  data_time: 0.0942  memory: 18277  loss: 1.2858  loss_ctc: 1.2858
2026/01/12 02:13:27 - mmengine - INFO - Epoch(train) [11][1000/1989]  lr: 2.0062e-04  eta: 9:24:22  time: 0.6989  data_time: 0.2443  memory: 18277  loss: 1.3703  loss_ctc: 1.3703
2026/01/12 02:14:01 - mmengine - INFO - Epoch(train) [11][1050/1989]  lr: 2.0035e-04  eta: 9:23:20  time: 0.6657  data_time: 0.0019  memory: 18277  loss: 1.3072  loss_ctc: 1.3072
2026/01/12 02:14:35 - mmengine - INFO - Epoch(train) [11][1100/1989]  lr: 2.0008e-04  eta: 9:22:18  time: 0.5065  data_time: 0.0020  memory: 18277  loss: 1.3190  loss_ctc: 1.3190
2026/01/12 02:14:41 - mmengine - INFO - Exp name: svtr-large_fudan_scene_finetune_from_pretrain_cn_scene_widthaug_20260111_205333
2026/01/12 02:15:09 - mmengine - INFO - Epoch(train) [11][1150/1989]  lr: 1.9981e-04  eta: 9:21:17  time: 0.6259  data_time: 0.0020  memory: 18277  loss: 1.3134  loss_ctc: 1.3134
2026/01/12 02:15:47 - mmengine - INFO - Epoch(train) [11][1200/1989]  lr: 1.9953e-04  eta: 9:20:23  time: 0.9328  data_time: 0.0020  memory: 18277  loss: 1.2787  loss_ctc: 1.2787
2026/01/12 02:16:20 - mmengine - INFO - Epoch(train) [11][1250/1989]  lr: 1.9926e-04  eta: 9:19:20  time: 0.6998  data_time: 0.1097  memory: 18277  loss: 1.2487  loss_ctc: 1.2487
2026/01/12 02:16:56 - mmengine - INFO - Epoch(train) [11][1300/1989]  lr: 1.9899e-04  eta: 9:18:23  time: 0.6043  data_time: 0.1637  memory: 18277  loss: 1.2940  loss_ctc: 1.2940
2026/01/12 02:17:31 - mmengine - INFO - Epoch(train) [11][1350/1989]  lr: 1.9871e-04  eta: 9:17:24  time: 0.8396  data_time: 0.4093  memory: 18277  loss: 1.3600  loss_ctc: 1.3600
2026/01/12 02:18:08 - mmengine - INFO - Epoch(train) [11][1400/1989]  lr: 1.9844e-04  eta: 9:16:29  time: 0.5957  data_time: 0.0019  memory: 18277  loss: 1.3446  loss_ctc: 1.3446
2026/01/12 02:18:43 - mmengine - INFO - Epoch(train) [11][1450/1989]  lr: 1.9816e-04  eta: 9:15:30  time: 0.4527  data_time: 0.0196  memory: 18277  loss: 1.3748  loss_ctc: 1.3748
2026/01/12 02:19:18 - mmengine - INFO - Epoch(train) [11][1500/1989]  lr: 1.9788e-04  eta: 9:14:33  time: 0.5960  data_time: 0.0020  memory: 18277  loss: 1.3559  loss_ctc: 1.3559
2026/01/12 02:20:00 - mmengine - INFO - Epoch(train) [11][1550/1989]  lr: 1.9761e-04  eta: 9:13:46  time: 0.6144  data_time: 0.1143  memory: 18277  loss: 1.3043  loss_ctc: 1.3043
2026/01/12 02:20:36 - mmengine - INFO - Epoch(train) [11][1600/1989]  lr: 1.9733e-04  eta: 9:12:48  time: 0.6429  data_time: 0.2077  memory: 18277  loss: 1.4988  loss_ctc: 1.4988
2026/01/12 02:21:14 - mmengine - INFO - Epoch(train) [11][1650/1989]  lr: 1.9705e-04  eta: 9:11:56  time: 0.8306  data_time: 0.3876  memory: 18277  loss: 1.4598  loss_ctc: 1.4598
2026/01/12 02:21:46 - mmengine - INFO - Epoch(train) [11][1700/1989]  lr: 1.9677e-04  eta: 9:10:53  time: 0.5977  data_time: 0.1242  memory: 18277  loss: 1.3361  loss_ctc: 1.3361
2026/01/12 02:22:22 - mmengine - INFO - Epoch(train) [11][1750/1989]  lr: 1.9649e-04  eta: 9:09:55  time: 0.6858  data_time: 0.1951  memory: 18277  loss: 1.2892  loss_ctc: 1.2892
2026/01/12 02:22:57 - mmengine - INFO - Epoch(train) [11][1800/1989]  lr: 1.9622e-04  eta: 9:08:59  time: 0.9383  data_time: 0.4888  memory: 18277  loss: 1.3744  loss_ctc: 1.3744
2026/01/12 02:23:35 - mmengine - INFO - Epoch(train) [11][1850/1989]  lr: 1.9594e-04  eta: 9:08:05  time: 0.5324  data_time: 0.0954  memory: 18277  loss: 1.3359  loss_ctc: 1.3359
2026/01/12 02:24:13 - mmengine - INFO - Epoch(train) [11][1900/1989]  lr: 1.9565e-04  eta: 9:07:13  time: 0.7291  data_time: 0.2880  memory: 18277  loss: 1.3812  loss_ctc: 1.3812
2026/01/12 02:24:48 - mmengine - INFO - Epoch(train) [11][1950/1989]  lr: 1.9537e-04  eta: 9:06:14  time: 0.4416  data_time: 0.0020  memory: 18277  loss: 1.4405  loss_ctc: 1.4405
2026/01/12 02:25:15 - mmengine - INFO - Exp name: svtr-large_fudan_scene_finetune_from_pretrain_cn_scene_widthaug_20260111_205333
2026/01/12 02:25:15 - mmengine - INFO - Saving checkpoint at 11 epochs
2026/01/12 02:25:27 - mmengine - INFO - Epoch(val) [11][ 50/498]    eta: 0:01:18  time: 0.1818  data_time: 0.0005  memory: 18277  
2026/01/12 02:25:35 - mmengine - INFO - Epoch(val) [11][100/498]    eta: 0:01:08  time: 0.1723  data_time: 0.0005  memory: 1675  
2026/01/12 02:25:44 - mmengine - INFO - Epoch(val) [11][150/498]    eta: 0:00:59  time: 0.1865  data_time: 0.0005  memory: 1675  
2026/01/12 02:25:52 - mmengine - INFO - Epoch(val) [11][200/498]    eta: 0:00:50  time: 0.1679  data_time: 0.0005  memory: 1675  
2026/01/12 02:26:01 - mmengine - INFO - Epoch(val) [11][250/498]    eta: 0:00:42  time: 0.1757  data_time: 0.0005  memory: 1675  
2026/01/12 02:26:09 - mmengine - INFO - Epoch(val) [11][300/498]    eta: 0:00:33  time: 0.1676  data_time: 0.0005  memory: 1675  
2026/01/12 02:26:18 - mmengine - INFO - Epoch(val) [11][350/498]    eta: 0:00:25  time: 0.1790  data_time: 0.0005  memory: 1675  
2026/01/12 02:26:26 - mmengine - INFO - Epoch(val) [11][400/498]    eta: 0:00:16  time: 0.1713  data_time: 0.0005  memory: 1675  
2026/01/12 02:26:35 - mmengine - INFO - Epoch(val) [11][450/498]    eta: 0:00:08  time: 0.1842  data_time: 0.0005  memory: 1675  
2026/01/12 02:26:43 - mmengine - INFO - Epoch(val) [11][498/498]    Fudan/recog/word_acc: 0.6318  Fudan/recog/1-N.E.D: 0.8110  data_time: 0.0008  time: 0.1706
2026/01/12 02:26:43 - mmengine - INFO - The previous best checkpoint /root/lanyun-tmp/mmocr/work_dirs/svtr-large_finetune_from_pretrain_raw_seed3407_with_ep20/best_Fudan_recog_word_acc_epoch_10.pth is removed
2026/01/12 02:26:45 - mmengine - INFO - The best checkpoint with 0.6318 Fudan/recog/word_acc at 11 epoch is saved to best_Fudan_recog_word_acc_epoch_11.pth.
2026/01/12 02:27:31 - mmengine - INFO - Epoch(train) [12][  50/1989]  lr: 1.9487e-04  eta: 9:04:45  time: 0.5380  data_time: 0.1042  memory: 18277  loss: 1.5341  loss_ctc: 1.5341
2026/01/12 02:28:07 - mmengine - INFO - Epoch(train) [12][ 100/1989]  lr: 1.9459e-04  eta: 9:03:49  time: 0.6532  data_time: 0.0019  memory: 18277  loss: 1.4400  loss_ctc: 1.4400
2026/01/12 02:28:20 - mmengine - INFO - Exp name: svtr-large_fudan_scene_finetune_from_pretrain_cn_scene_widthaug_20260111_205333
2026/01/12 02:28:41 - mmengine - INFO - Epoch(train) [12][ 150/1989]  lr: 1.9431e-04  eta: 9:02:51  time: 0.7815  data_time: 0.3499  memory: 18277  loss: 1.3636  loss_ctc: 1.3636
2026/01/12 02:29:18 - mmengine - INFO - Epoch(train) [12][ 200/1989]  lr: 1.9402e-04  eta: 9:01:55  time: 0.7434  data_time: 0.0906  memory: 18277  loss: 1.2905  loss_ctc: 1.2905
2026/01/12 02:29:52 - mmengine - INFO - Epoch(train) [12][ 250/1989]  lr: 1.9374e-04  eta: 9:00:57  time: 0.7919  data_time: 0.3477  memory: 18277  loss: 1.2657  loss_ctc: 1.2657
2026/01/12 02:30:31 - mmengine - INFO - Epoch(train) [12][ 300/1989]  lr: 1.9345e-04  eta: 9:00:08  time: 0.8302  data_time: 0.0019  memory: 18277  loss: 1.3544  loss_ctc: 1.3544
2026/01/12 02:31:03 - mmengine - INFO - Epoch(train) [12][ 350/1989]  lr: 1.9317e-04  eta: 8:59:04  time: 0.6565  data_time: 0.0019  memory: 18277  loss: 1.3074  loss_ctc: 1.3074
2026/01/12 02:31:40 - mmengine - INFO - Epoch(train) [12][ 400/1989]  lr: 1.9288e-04  eta: 8:58:11  time: 0.6621  data_time: 0.0580  memory: 18277  loss: 1.3192  loss_ctc: 1.3192
2026/01/12 02:32:10 - mmengine - INFO - Epoch(train) [12][ 450/1989]  lr: 1.9260e-04  eta: 8:57:07  time: 0.5276  data_time: 0.0644  memory: 18277  loss: 1.2671  loss_ctc: 1.2671
2026/01/12 02:32:44 - mmengine - INFO - Epoch(train) [12][ 500/1989]  lr: 1.9231e-04  eta: 8:56:08  time: 0.6782  data_time: 0.2485  memory: 18277  loss: 1.3129  loss_ctc: 1.3129
2026/01/12 02:33:22 - mmengine - INFO - Epoch(train) [12][ 550/1989]  lr: 1.9202e-04  eta: 8:55:16  time: 0.7266  data_time: 0.1523  memory: 18277  loss: 1.3979  loss_ctc: 1.3979
2026/01/12 02:33:59 - mmengine - INFO - Epoch(train) [12][ 600/1989]  lr: 1.9174e-04  eta: 8:54:23  time: 0.6915  data_time: 0.2473  memory: 18277  loss: 1.2245  loss_ctc: 1.2245
2026/01/12 02:34:36 - mmengine - INFO - Epoch(train) [12][ 650/1989]  lr: 1.9145e-04  eta: 8:53:29  time: 0.8457  data_time: 0.1253  memory: 18277  loss: 1.2123  loss_ctc: 1.2123
2026/01/12 02:35:12 - mmengine - INFO - Epoch(train) [12][ 700/1989]  lr: 1.9116e-04  eta: 8:52:35  time: 0.6634  data_time: 0.2128  memory: 18277  loss: 1.4506  loss_ctc: 1.4506
2026/01/12 02:35:46 - mmengine - INFO - Epoch(train) [12][ 750/1989]  lr: 1.9087e-04  eta: 8:51:36  time: 0.7685  data_time: 0.1225  memory: 18277  loss: 1.3270  loss_ctc: 1.3270
2026/01/12 02:36:19 - mmengine - INFO - Epoch(train) [12][ 800/1989]  lr: 1.9058e-04  eta: 8:50:38  time: 0.7718  data_time: 0.0337  memory: 18277  loss: 1.2813  loss_ctc: 1.2813
2026/01/12 02:36:52 - mmengine - INFO - Epoch(train) [12][ 850/1989]  lr: 1.9029e-04  eta: 8:49:38  time: 0.6912  data_time: 0.2607  memory: 18277  loss: 1.3283  loss_ctc: 1.3283
2026/01/12 02:37:39 - mmengine - INFO - Epoch(train) [12][ 900/1989]  lr: 1.9000e-04  eta: 8:49:01  time: 1.2425  data_time: 0.0023  memory: 18277  loss: 1.3961  loss_ctc: 1.3961
2026/01/12 02:38:10 - mmengine - INFO - Epoch(train) [12][ 950/1989]  lr: 1.8971e-04  eta: 8:47:58  time: 0.5933  data_time: 0.1495  memory: 18277  loss: 1.2385  loss_ctc: 1.2385
2026/01/12 02:38:48 - mmengine - INFO - Epoch(train) [12][1000/1989]  lr: 1.8942e-04  eta: 8:47:08  time: 0.6061  data_time: 0.1515  memory: 18277  loss: 1.3397  loss_ctc: 1.3397
2026/01/12 02:39:23 - mmengine - INFO - Epoch(train) [12][1050/1989]  lr: 1.8913e-04  eta: 8:46:12  time: 0.6048  data_time: 0.1689  memory: 18277  loss: 1.2769  loss_ctc: 1.2769
2026/01/12 02:39:54 - mmengine - INFO - Epoch(train) [12][1100/1989]  lr: 1.8883e-04  eta: 8:45:10  time: 0.6295  data_time: 0.0708  memory: 18277  loss: 1.2825  loss_ctc: 1.2825
2026/01/12 02:40:08 - mmengine - INFO - Exp name: svtr-large_fudan_scene_finetune_from_pretrain_cn_scene_widthaug_20260111_205333
2026/01/12 02:40:31 - mmengine - INFO - Epoch(train) [12][1150/1989]  lr: 1.8854e-04  eta: 8:44:18  time: 0.6704  data_time: 0.0022  memory: 18277  loss: 1.4089  loss_ctc: 1.4089
2026/01/12 02:41:05 - mmengine - INFO - Epoch(train) [12][1200/1989]  lr: 1.8825e-04  eta: 8:43:20  time: 0.7253  data_time: 0.0022  memory: 18277  loss: 1.3900  loss_ctc: 1.3900
2026/01/12 02:41:43 - mmengine - INFO - Epoch(train) [12][1250/1989]  lr: 1.8795e-04  eta: 8:42:30  time: 0.9211  data_time: 0.4893  memory: 18277  loss: 1.4143  loss_ctc: 1.4143
2026/01/12 02:42:16 - mmengine - INFO - Epoch(train) [12][1300/1989]  lr: 1.8766e-04  eta: 8:41:31  time: 0.6090  data_time: 0.0020  memory: 18277  loss: 1.3370  loss_ctc: 1.3370
2026/01/12 02:42:48 - mmengine - INFO - Epoch(train) [12][1350/1989]  lr: 1.8736e-04  eta: 8:40:32  time: 0.7236  data_time: 0.2860  memory: 18277  loss: 1.3078  loss_ctc: 1.3078
2026/01/12 02:43:26 - mmengine - INFO - Epoch(train) [12][1400/1989]  lr: 1.8707e-04  eta: 8:39:41  time: 0.6954  data_time: 0.0020  memory: 18277  loss: 1.3084  loss_ctc: 1.3084
2026/01/12 02:44:00 - mmengine - INFO - Epoch(train) [12][1450/1989]  lr: 1.8677e-04  eta: 8:38:44  time: 0.6441  data_time: 0.0879  memory: 18277  loss: 1.3838  loss_ctc: 1.3838
2026/01/12 02:44:36 - mmengine - INFO - Epoch(train) [12][1500/1989]  lr: 1.8648e-04  eta: 8:37:50  time: 0.5804  data_time: 0.0967  memory: 18277  loss: 1.3790  loss_ctc: 1.3790
2026/01/12 02:45:15 - mmengine - INFO - Epoch(train) [12][1550/1989]  lr: 1.8618e-04  eta: 8:37:02  time: 1.0406  data_time: 0.6057  memory: 18277  loss: 1.3634  loss_ctc: 1.3634
2026/01/12 02:45:53 - mmengine - INFO - Epoch(train) [12][1600/1989]  lr: 1.8588e-04  eta: 8:36:11  time: 0.8924  data_time: 0.0021  memory: 18277  loss: 1.4989  loss_ctc: 1.4989
2026/01/12 02:46:25 - mmengine - INFO - Epoch(train) [12][1650/1989]  lr: 1.8559e-04  eta: 8:35:12  time: 0.4413  data_time: 0.0021  memory: 18277  loss: 1.4122  loss_ctc: 1.4122
2026/01/12 02:46:56 - mmengine - INFO - Epoch(train) [12][1700/1989]  lr: 1.8529e-04  eta: 8:34:12  time: 0.6736  data_time: 0.1913  memory: 18277  loss: 1.3964  loss_ctc: 1.3964
2026/01/12 02:47:31 - mmengine - INFO - Epoch(train) [12][1750/1989]  lr: 1.8499e-04  eta: 8:33:18  time: 0.6589  data_time: 0.1982  memory: 18277  loss: 1.3336  loss_ctc: 1.3336
2026/01/12 02:48:05 - mmengine - INFO - Epoch(train) [12][1800/1989]  lr: 1.8469e-04  eta: 8:32:21  time: 0.6840  data_time: 0.0388  memory: 18277  loss: 1.2988  loss_ctc: 1.2988
2026/01/12 02:48:41 - mmengine - INFO - Epoch(train) [12][1850/1989]  lr: 1.8439e-04  eta: 8:31:28  time: 0.7285  data_time: 0.2808  memory: 18277  loss: 1.4627  loss_ctc: 1.4627
2026/01/12 02:49:16 - mmengine - INFO - Epoch(train) [12][1900/1989]  lr: 1.8409e-04  eta: 8:30:34  time: 0.5843  data_time: 0.1464  memory: 18277  loss: 1.4218  loss_ctc: 1.4218
2026/01/12 02:49:54 - mmengine - INFO - Epoch(train) [12][1950/1989]  lr: 1.8379e-04  eta: 8:29:45  time: 0.5383  data_time: 0.1026  memory: 18277  loss: 1.4530  loss_ctc: 1.4530
2026/01/12 02:50:26 - mmengine - INFO - Exp name: svtr-large_fudan_scene_finetune_from_pretrain_cn_scene_widthaug_20260111_205333
2026/01/12 02:50:26 - mmengine - INFO - Saving checkpoint at 12 epochs
2026/01/12 02:50:38 - mmengine - INFO - Epoch(val) [12][ 50/498]    eta: 0:01:18  time: 0.1699  data_time: 0.0006  memory: 18277  
2026/01/12 02:50:46 - mmengine - INFO - Epoch(val) [12][100/498]    eta: 0:01:08  time: 0.1678  data_time: 0.0005  memory: 1675  
2026/01/12 02:50:55 - mmengine - INFO - Epoch(val) [12][150/498]    eta: 0:00:59  time: 0.1688  data_time: 0.0005  memory: 1675  
2026/01/12 02:51:04 - mmengine - INFO - Epoch(val) [12][200/498]    eta: 0:00:51  time: 0.1706  data_time: 0.0006  memory: 1675  
2026/01/12 02:51:12 - mmengine - INFO - Epoch(val) [12][250/498]    eta: 0:00:42  time: 0.1716  data_time: 0.0005  memory: 1675  
2026/01/12 02:51:21 - mmengine - INFO - Epoch(val) [12][300/498]    eta: 0:00:34  time: 0.1708  data_time: 0.0006  memory: 1675  
2026/01/12 02:51:30 - mmengine - INFO - Epoch(val) [12][350/498]    eta: 0:00:25  time: 0.1902  data_time: 0.0006  memory: 1675  
2026/01/12 02:51:38 - mmengine - INFO - Epoch(val) [12][400/498]    eta: 0:00:16  time: 0.1725  data_time: 0.0005  memory: 1675  
2026/01/12 02:51:47 - mmengine - INFO - Epoch(val) [12][450/498]    eta: 0:00:08  time: 0.1803  data_time: 0.0005  memory: 1675  
2026/01/12 02:51:55 - mmengine - INFO - Epoch(val) [12][498/498]    Fudan/recog/word_acc: 0.6475  Fudan/recog/1-N.E.D: 0.8215  data_time: 0.0009  time: 0.1718
2026/01/12 02:51:55 - mmengine - INFO - The previous best checkpoint /root/lanyun-tmp/mmocr/work_dirs/svtr-large_finetune_from_pretrain_raw_seed3407_with_ep20/best_Fudan_recog_word_acc_epoch_11.pth is removed
2026/01/12 02:51:57 - mmengine - INFO - The best checkpoint with 0.6475 Fudan/recog/word_acc at 12 epoch is saved to best_Fudan_recog_word_acc_epoch_12.pth.
2026/01/12 02:52:44 - mmengine - INFO - Epoch(train) [13][  50/1989]  lr: 1.8326e-04  eta: 8:28:27  time: 0.8898  data_time: 0.0313  memory: 18277  loss: 1.3082  loss_ctc: 1.3082
2026/01/12 02:53:21 - mmengine - INFO - Epoch(train) [13][ 100/1989]  lr: 1.8295e-04  eta: 8:27:37  time: 0.8580  data_time: 0.4290  memory: 18277  loss: 1.3501  loss_ctc: 1.3501
2026/01/12 02:53:44 - mmengine - INFO - Exp name: svtr-large_fudan_scene_finetune_from_pretrain_cn_scene_widthaug_20260111_205333
2026/01/12 02:53:57 - mmengine - INFO - Epoch(train) [13][ 150/1989]  lr: 1.8265e-04  eta: 8:26:44  time: 0.6554  data_time: 0.2153  memory: 18277  loss: 1.3547  loss_ctc: 1.3547
2026/01/12 02:54:33 - mmengine - INFO - Epoch(train) [13][ 200/1989]  lr: 1.8235e-04  eta: 8:25:52  time: 0.5417  data_time: 0.0543  memory: 18277  loss: 1.3039  loss_ctc: 1.3039
2026/01/12 02:55:09 - mmengine - INFO - Epoch(train) [13][ 250/1989]  lr: 1.8205e-04  eta: 8:24:59  time: 0.8104  data_time: 0.3680  memory: 18277  loss: 1.3881  loss_ctc: 1.3881
2026/01/12 02:55:42 - mmengine - INFO - Epoch(train) [13][ 300/1989]  lr: 1.8174e-04  eta: 8:24:03  time: 0.6917  data_time: 0.2057  memory: 18277  loss: 1.3495  loss_ctc: 1.3495
2026/01/12 02:56:18 - mmengine - INFO - Epoch(train) [13][ 350/1989]  lr: 1.8144e-04  eta: 8:23:10  time: 0.6711  data_time: 0.2394  memory: 18277  loss: 1.2407  loss_ctc: 1.2407
2026/01/12 02:56:54 - mmengine - INFO - Epoch(train) [13][ 400/1989]  lr: 1.8114e-04  eta: 8:22:18  time: 0.6517  data_time: 0.2214  memory: 18277  loss: 1.2364  loss_ctc: 1.2364
2026/01/12 02:57:32 - mmengine - INFO - Epoch(train) [13][ 450/1989]  lr: 1.8083e-04  eta: 8:21:28  time: 0.7677  data_time: 0.1269  memory: 18277  loss: 1.3868  loss_ctc: 1.3868
2026/01/12 02:58:10 - mmengine - INFO - Epoch(train) [13][ 500/1989]  lr: 1.8053e-04  eta: 8:20:40  time: 1.0367  data_time: 0.6024  memory: 18277  loss: 1.2428  loss_ctc: 1.2428
2026/01/12 02:58:48 - mmengine - INFO - Epoch(train) [13][ 550/1989]  lr: 1.8022e-04  eta: 8:19:51  time: 0.5765  data_time: 0.0728  memory: 18277  loss: 1.4179  loss_ctc: 1.4179
2026/01/12 02:59:25 - mmengine - INFO - Epoch(train) [13][ 600/1989]  lr: 1.7992e-04  eta: 8:19:00  time: 0.7245  data_time: 0.1743  memory: 18277  loss: 1.2024  loss_ctc: 1.2024
2026/01/12 02:59:55 - mmengine - INFO - Epoch(train) [13][ 650/1989]  lr: 1.7961e-04  eta: 8:18:00  time: 0.7048  data_time: 0.0554  memory: 18277  loss: 1.2985  loss_ctc: 1.2985
2026/01/12 03:00:30 - mmengine - INFO - Epoch(train) [13][ 700/1989]  lr: 1.7931e-04  eta: 8:17:07  time: 0.6548  data_time: 0.2188  memory: 18277  loss: 1.2922  loss_ctc: 1.2922
2026/01/12 03:01:06 - mmengine - INFO - Epoch(train) [13][ 750/1989]  lr: 1.7900e-04  eta: 8:16:15  time: 0.7744  data_time: 0.1311  memory: 18277  loss: 1.3981  loss_ctc: 1.3981
2026/01/12 03:01:55 - mmengine - INFO - Epoch(train) [13][ 800/1989]  lr: 1.7869e-04  eta: 8:15:41  time: 0.9929  data_time: 0.5365  memory: 18277  loss: 1.5397  loss_ctc: 1.5397
2026/01/12 03:02:30 - mmengine - INFO - Epoch(train) [13][ 850/1989]  lr: 1.7838e-04  eta: 8:14:48  time: 0.6836  data_time: 0.2430  memory: 18277  loss: 1.2441  loss_ctc: 1.2441
2026/01/12 03:03:09 - mmengine - INFO - Epoch(train) [13][ 900/1989]  lr: 1.7808e-04  eta: 8:14:01  time: 0.5141  data_time: 0.0336  memory: 18277  loss: 1.2801  loss_ctc: 1.2801
2026/01/12 03:03:43 - mmengine - INFO - Epoch(train) [13][ 950/1989]  lr: 1.7777e-04  eta: 8:13:07  time: 0.6835  data_time: 0.0691  memory: 18277  loss: 1.2583  loss_ctc: 1.2583
2026/01/12 03:04:16 - mmengine - INFO - Epoch(train) [13][1000/1989]  lr: 1.7746e-04  eta: 8:12:11  time: 0.4531  data_time: 0.0026  memory: 18277  loss: 1.3130  loss_ctc: 1.3130
2026/01/12 03:05:01 - mmengine - INFO - Epoch(train) [13][1050/1989]  lr: 1.7715e-04  eta: 8:11:32  time: 0.9660  data_time: 0.0022  memory: 18277  loss: 1.4217  loss_ctc: 1.4217
2026/01/12 03:05:34 - mmengine - INFO - Epoch(train) [13][1100/1989]  lr: 1.7684e-04  eta: 8:10:37  time: 0.6705  data_time: 0.1714  memory: 18277  loss: 1.2831  loss_ctc: 1.2831
2026/01/12 03:05:55 - mmengine - INFO - Exp name: svtr-large_fudan_scene_finetune_from_pretrain_cn_scene_widthaug_20260111_205333
2026/01/12 03:06:06 - mmengine - INFO - Epoch(train) [13][1150/1989]  lr: 1.7653e-04  eta: 8:09:40  time: 0.6644  data_time: 0.1702  memory: 18277  loss: 1.3263  loss_ctc: 1.3263
2026/01/12 03:06:43 - mmengine - INFO - Epoch(train) [13][1200/1989]  lr: 1.7622e-04  eta: 8:08:50  time: 0.9492  data_time: 0.5071  memory: 18277  loss: 1.2502  loss_ctc: 1.2502
2026/01/12 03:07:17 - mmengine - INFO - Epoch(train) [13][1250/1989]  lr: 1.7591e-04  eta: 8:07:56  time: 0.8684  data_time: 0.3236  memory: 18277  loss: 1.1590  loss_ctc: 1.1590
2026/01/12 03:07:50 - mmengine - INFO - Epoch(train) [13][1300/1989]  lr: 1.7560e-04  eta: 8:07:01  time: 0.4796  data_time: 0.0449  memory: 18277  loss: 1.2773  loss_ctc: 1.2773
2026/01/12 03:08:25 - mmengine - INFO - Epoch(train) [13][1350/1989]  lr: 1.7529e-04  eta: 8:06:08  time: 0.6236  data_time: 0.1393  memory: 18277  loss: 1.2581  loss_ctc: 1.2581
2026/01/12 03:08:59 - mmengine - INFO - Epoch(train) [13][1400/1989]  lr: 1.7497e-04  eta: 8:05:14  time: 0.4988  data_time: 0.0468  memory: 18277  loss: 1.1639  loss_ctc: 1.1639
2026/01/12 03:09:35 - mmengine - INFO - Epoch(train) [13][1450/1989]  lr: 1.7466e-04  eta: 8:04:24  time: 0.5575  data_time: 0.0762  memory: 18277  loss: 1.1849  loss_ctc: 1.1849
2026/01/12 03:10:10 - mmengine - INFO - Epoch(train) [13][1500/1989]  lr: 1.7435e-04  eta: 8:03:31  time: 0.6185  data_time: 0.1812  memory: 18277  loss: 1.3014  loss_ctc: 1.3014
2026/01/12 03:10:42 - mmengine - INFO - Epoch(train) [13][1550/1989]  lr: 1.7404e-04  eta: 8:02:35  time: 0.6208  data_time: 0.0769  memory: 18277  loss: 1.1813  loss_ctc: 1.1813
2026/01/12 03:11:14 - mmengine - INFO - Epoch(train) [13][1600/1989]  lr: 1.7372e-04  eta: 8:01:40  time: 0.4464  data_time: 0.0020  memory: 18277  loss: 1.2193  loss_ctc: 1.2193
2026/01/12 03:11:48 - mmengine - INFO - Epoch(train) [13][1650/1989]  lr: 1.7341e-04  eta: 8:00:46  time: 0.6167  data_time: 0.0021  memory: 18277  loss: 1.2057  loss_ctc: 1.2057
2026/01/12 03:12:26 - mmengine - INFO - Epoch(train) [13][1700/1989]  lr: 1.7310e-04  eta: 7:59:58  time: 0.9191  data_time: 0.3767  memory: 18277  loss: 1.1333  loss_ctc: 1.1333
2026/01/12 03:13:02 - mmengine - INFO - Epoch(train) [13][1750/1989]  lr: 1.7278e-04  eta: 7:59:08  time: 0.7488  data_time: 0.2755  memory: 18277  loss: 1.1514  loss_ctc: 1.1514
2026/01/12 03:13:38 - mmengine - INFO - Epoch(train) [13][1800/1989]  lr: 1.7247e-04  eta: 7:58:17  time: 0.6602  data_time: 0.0022  memory: 18277  loss: 1.3797  loss_ctc: 1.3797
2026/01/12 03:14:10 - mmengine - INFO - Epoch(train) [13][1850/1989]  lr: 1.7215e-04  eta: 7:57:21  time: 0.6517  data_time: 0.1010  memory: 18277  loss: 1.2804  loss_ctc: 1.2804
2026/01/12 03:14:45 - mmengine - INFO - Epoch(train) [13][1900/1989]  lr: 1.7184e-04  eta: 7:56:30  time: 0.5712  data_time: 0.1306  memory: 18277  loss: 1.2385  loss_ctc: 1.2385
2026/01/12 03:15:24 - mmengine - INFO - Epoch(train) [13][1950/1989]  lr: 1.7152e-04  eta: 7:55:44  time: 0.6629  data_time: 0.2270  memory: 18277  loss: 1.3922  loss_ctc: 1.3922
2026/01/12 03:15:50 - mmengine - INFO - Exp name: svtr-large_fudan_scene_finetune_from_pretrain_cn_scene_widthaug_20260111_205333
2026/01/12 03:15:50 - mmengine - INFO - Saving checkpoint at 13 epochs
2026/01/12 03:16:01 - mmengine - INFO - Epoch(val) [13][ 50/498]    eta: 0:01:19  time: 0.1683  data_time: 0.0005  memory: 18277  
2026/01/12 03:16:10 - mmengine - INFO - Epoch(val) [13][100/498]    eta: 0:01:09  time: 0.1697  data_time: 0.0005  memory: 1675  
2026/01/12 03:16:19 - mmengine - INFO - Epoch(val) [13][150/498]    eta: 0:01:00  time: 0.1708  data_time: 0.0005  memory: 1675  
2026/01/12 03:16:27 - mmengine - INFO - Epoch(val) [13][200/498]    eta: 0:00:51  time: 0.1705  data_time: 0.0005  memory: 1675  
2026/01/12 03:16:36 - mmengine - INFO - Epoch(val) [13][250/498]    eta: 0:00:43  time: 0.1695  data_time: 0.0006  memory: 1675  
2026/01/12 03:16:45 - mmengine - INFO - Epoch(val) [13][300/498]    eta: 0:00:34  time: 0.1714  data_time: 0.0005  memory: 1675  
2026/01/12 03:16:53 - mmengine - INFO - Epoch(val) [13][350/498]    eta: 0:00:25  time: 0.1707  data_time: 0.0005  memory: 1675  
2026/01/12 03:17:02 - mmengine - INFO - Epoch(val) [13][400/498]    eta: 0:00:16  time: 0.1821  data_time: 0.0005  memory: 1675  
2026/01/12 03:17:11 - mmengine - INFO - Epoch(val) [13][450/498]    eta: 0:00:08  time: 0.1701  data_time: 0.0005  memory: 1675  
2026/01/12 03:17:19 - mmengine - INFO - Epoch(val) [13][498/498]    Fudan/recog/word_acc: 0.6468  Fudan/recog/1-N.E.D: 0.8203  data_time: 0.0011  time: 0.1726
2026/01/12 03:17:58 - mmengine - INFO - Epoch(train) [14][  50/1989]  lr: 1.7096e-04  eta: 7:54:15  time: 0.5411  data_time: 0.0827  memory: 18277  loss: 1.1564  loss_ctc: 1.1564
2026/01/12 03:18:30 - mmengine - INFO - Epoch(train) [14][ 100/1989]  lr: 1.7064e-04  eta: 7:53:20  time: 0.6370  data_time: 0.1959  memory: 18277  loss: 1.1748  loss_ctc: 1.1748
2026/01/12 03:19:00 - mmengine - INFO - Exp name: svtr-large_fudan_scene_finetune_from_pretrain_cn_scene_widthaug_20260111_205333
2026/01/12 03:19:06 - mmengine - INFO - Epoch(train) [14][ 150/1989]  lr: 1.7032e-04  eta: 7:52:30  time: 0.6969  data_time: 0.0985  memory: 18277  loss: 1.1241  loss_ctc: 1.1241
2026/01/12 03:19:43 - mmengine - INFO - Epoch(train) [14][ 200/1989]  lr: 1.7001e-04  eta: 7:51:41  time: 0.6682  data_time: 0.1179  memory: 18277  loss: 1.2158  loss_ctc: 1.2158
2026/01/12 03:20:22 - mmengine - INFO - Epoch(train) [14][ 250/1989]  lr: 1.6969e-04  eta: 7:50:55  time: 0.8998  data_time: 0.1232  memory: 18277  loss: 1.2061  loss_ctc: 1.2061
2026/01/12 03:20:56 - mmengine - INFO - Epoch(train) [14][ 300/1989]  lr: 1.6937e-04  eta: 7:50:02  time: 0.8352  data_time: 0.0301  memory: 18277  loss: 1.2316  loss_ctc: 1.2316
2026/01/12 03:21:33 - mmengine - INFO - Epoch(train) [14][ 350/1989]  lr: 1.6905e-04  eta: 7:49:14  time: 0.7719  data_time: 0.0713  memory: 18277  loss: 1.2944  loss_ctc: 1.2944
2026/01/12 03:22:05 - mmengine - INFO - Epoch(train) [14][ 400/1989]  lr: 1.6873e-04  eta: 7:48:19  time: 0.6846  data_time: 0.0387  memory: 18277  loss: 1.2402  loss_ctc: 1.2402
2026/01/12 03:22:37 - mmengine - INFO - Epoch(train) [14][ 450/1989]  lr: 1.6841e-04  eta: 7:47:25  time: 0.6139  data_time: 0.1782  memory: 18277  loss: 1.1908  loss_ctc: 1.1908
2026/01/12 03:23:11 - mmengine - INFO - Epoch(train) [14][ 500/1989]  lr: 1.6809e-04  eta: 7:46:32  time: 0.6135  data_time: 0.1072  memory: 18277  loss: 1.2047  loss_ctc: 1.2047
2026/01/12 03:23:45 - mmengine - INFO - Epoch(train) [14][ 550/1989]  lr: 1.6777e-04  eta: 7:45:40  time: 0.5906  data_time: 0.1572  memory: 18277  loss: 1.2237  loss_ctc: 1.2237
2026/01/12 03:24:19 - mmengine - INFO - Epoch(train) [14][ 600/1989]  lr: 1.6745e-04  eta: 7:44:48  time: 0.4830  data_time: 0.0299  memory: 18277  loss: 1.2055  loss_ctc: 1.2055
2026/01/12 03:25:00 - mmengine - INFO - Epoch(train) [14][ 650/1989]  lr: 1.6713e-04  eta: 7:44:05  time: 0.6967  data_time: 0.2593  memory: 18277  loss: 1.3775  loss_ctc: 1.3775
2026/01/12 03:25:36 - mmengine - INFO - Epoch(train) [14][ 700/1989]  lr: 1.6681e-04  eta: 7:43:15  time: 0.7779  data_time: 0.2763  memory: 18277  loss: 1.2816  loss_ctc: 1.2816
2026/01/12 03:26:08 - mmengine - INFO - Epoch(train) [14][ 750/1989]  lr: 1.6649e-04  eta: 7:42:21  time: 0.6366  data_time: 0.0863  memory: 18277  loss: 1.3069  loss_ctc: 1.3069
2026/01/12 03:26:43 - mmengine - INFO - Epoch(train) [14][ 800/1989]  lr: 1.6617e-04  eta: 7:41:30  time: 0.5837  data_time: 0.1473  memory: 18277  loss: 1.1781  loss_ctc: 1.1781
2026/01/12 03:27:22 - mmengine - INFO - Epoch(train) [14][ 850/1989]  lr: 1.6585e-04  eta: 7:40:45  time: 0.9187  data_time: 0.4630  memory: 18277  loss: 1.3663  loss_ctc: 1.3663
2026/01/12 03:27:59 - mmengine - INFO - Epoch(train) [14][ 900/1989]  lr: 1.6553e-04  eta: 7:39:57  time: 0.4721  data_time: 0.0212  memory: 18277  loss: 1.2404  loss_ctc: 1.2404
2026/01/12 03:28:44 - mmengine - INFO - Epoch(train) [14][ 950/1989]  lr: 1.6521e-04  eta: 7:39:18  time: 1.1484  data_time: 0.7120  memory: 18277  loss: 1.2157  loss_ctc: 1.2157
2026/01/12 03:29:14 - mmengine - INFO - Epoch(train) [14][1000/1989]  lr: 1.6488e-04  eta: 7:38:22  time: 0.5720  data_time: 0.0020  memory: 18277  loss: 1.1753  loss_ctc: 1.1753
2026/01/12 03:29:49 - mmengine - INFO - Epoch(train) [14][1050/1989]  lr: 1.6456e-04  eta: 7:37:31  time: 0.6476  data_time: 0.0023  memory: 18277  loss: 1.1265  loss_ctc: 1.1265
2026/01/12 03:30:24 - mmengine - INFO - Epoch(train) [14][1100/1989]  lr: 1.6424e-04  eta: 7:36:42  time: 0.7638  data_time: 0.3154  memory: 18277  loss: 1.3831  loss_ctc: 1.3831
2026/01/12 03:30:55 - mmengine - INFO - Exp name: svtr-large_fudan_scene_finetune_from_pretrain_cn_scene_widthaug_20260111_205333
2026/01/12 03:30:59 - mmengine - INFO - Epoch(train) [14][1150/1989]  lr: 1.6391e-04  eta: 7:35:51  time: 0.5078  data_time: 0.0021  memory: 18277  loss: 1.1726  loss_ctc: 1.1726
2026/01/12 03:31:42 - mmengine - INFO - Epoch(train) [14][1200/1989]  lr: 1.6359e-04  eta: 7:35:11  time: 1.0860  data_time: 0.0021  memory: 18277  loss: 1.2315  loss_ctc: 1.2315
2026/01/12 03:32:13 - mmengine - INFO - Epoch(train) [14][1250/1989]  lr: 1.6327e-04  eta: 7:34:16  time: 0.5388  data_time: 0.0022  memory: 18277  loss: 1.2381  loss_ctc: 1.2381
2026/01/12 03:32:53 - mmengine - INFO - Epoch(train) [14][1300/1989]  lr: 1.6294e-04  eta: 7:33:31  time: 1.0389  data_time: 0.6061  memory: 18277  loss: 1.2086  loss_ctc: 1.2086
2026/01/12 03:33:28 - mmengine - INFO - Epoch(train) [14][1350/1989]  lr: 1.6262e-04  eta: 7:32:42  time: 0.6989  data_time: 0.2369  memory: 18277  loss: 1.2975  loss_ctc: 1.2975
2026/01/12 03:34:06 - mmengine - INFO - Epoch(train) [14][1400/1989]  lr: 1.6229e-04  eta: 7:31:55  time: 0.6616  data_time: 0.0908  memory: 18277  loss: 1.3135  loss_ctc: 1.3135
2026/01/12 03:34:47 - mmengine - INFO - Epoch(train) [14][1450/1989]  lr: 1.6197e-04  eta: 7:31:12  time: 0.5806  data_time: 0.1469  memory: 18277  loss: 1.2087  loss_ctc: 1.2087
2026/01/12 03:35:27 - mmengine - INFO - Epoch(train) [14][1500/1989]  lr: 1.6164e-04  eta: 7:30:29  time: 0.8385  data_time: 0.4102  memory: 18277  loss: 1.2290  loss_ctc: 1.2290
2026/01/12 03:36:03 - mmengine - INFO - Epoch(train) [14][1550/1989]  lr: 1.6132e-04  eta: 7:29:39  time: 0.7373  data_time: 0.2974  memory: 18277  loss: 1.2689  loss_ctc: 1.2689
