{"lr": 0.006794744846872779, "data_time": 0.11686990261077881, "loss": 2.1234822988510134, "loss_prob": 1.3900573253631592, "loss_thr": 0.513286018371582, "loss_db": 0.22013895511627196, "time": 0.7356271743774414, "epoch": 40, "iter": 218600, "memory": 2377, "step": 218600}
{"lr": 0.006794744846872779, "data_time": 0.1182640790939331, "loss": 2.270910549163818, "loss_prob": 1.4735041737556458, "loss_thr": 0.5638435363769532, "loss_db": 0.23356282114982604, "time": 0.7798428535461426, "epoch": 40, "iter": 218605, "memory": 2376, "step": 218605}
{"lr": 0.006794744846872779, "data_time": 0.022047042846679688, "loss": 2.077982175350189, "loss_prob": 1.3197088360786438, "loss_thr": 0.5461470067501069, "loss_db": 0.21212630867958068, "time": 0.40966475009918213, "epoch": 40, "iter": 218610, "memory": 2376, "step": 218610}
{"lr": 0.006794744846872779, "data_time": 0.022880291938781737, "loss": 1.812889564037323, "loss_prob": 1.1529337108135223, "loss_thr": 0.47376322746276855, "loss_db": 0.18619263768196107, "time": 0.42605669498443605, "epoch": 40, "iter": 218615, "memory": 2376, "step": 218615}
{"lr": 0.006794744846872779, "data_time": 0.021491336822509765, "loss": 1.5727250456809998, "loss_prob": 0.9836253523826599, "loss_thr": 0.42602257430553436, "loss_db": 0.1630771279335022, "time": 0.41636631488800047, "epoch": 40, "iter": 218620, "memory": 2376, "step": 218620}
