2025/12/27 21:28:11 - mmengine - INFO - 
------------------------------------------------------------
System environment:
    sys.platform: linux
    Python: 3.8.20 (default, Oct  3 2024, 15:24:27) [GCC 11.2.0]
    CUDA available: True
    MUSA available: False
    numpy_random_seed: 1026426776
    GPU 0: NVIDIA GeForce RTX 3090
    CUDA_HOME: /usr/local/cuda
    NVCC: Cuda compilation tools, release 11.1, V11.1.105
    GCC: gcc (Ubuntu 9.4.0-1ubuntu1~20.04.2) 9.4.0
    PyTorch: 1.10.2+cu111
    PyTorch compiling details: PyTorch built with:
  - GCC 7.3
  - C++ Version: 201402
  - Intel(R) Math Kernel Library Version 2020.0.0 Product Build 20191122 for Intel(R) 64 architecture applications
  - Intel(R) MKL-DNN v2.2.3 (Git Hash 7336ca9f055cf1bfa13efb658fe15dc9b41f0740)
  - OpenMP 201511 (a.k.a. OpenMP 4.5)
  - LAPACK is enabled (usually provided by MKL)
  - NNPACK is enabled
  - CPU capability usage: AVX2
  - CUDA Runtime 11.1
  - NVCC architecture flags: -gencode;arch=compute_37,code=sm_37;-gencode;arch=compute_50,code=sm_50;-gencode;arch=compute_60,code=sm_60;-gencode;arch=compute_70,code=sm_70;-gencode;arch=compute_75,code=sm_75;-gencode;arch=compute_80,code=sm_80;-gencode;arch=compute_86,code=sm_86
  - CuDNN 8.0.5
  - Magma 2.5.2
  - Build settings: BLAS_INFO=mkl, BUILD_TYPE=Release, CUDA_VERSION=11.1, CUDNN_VERSION=8.0.5, CXX_COMPILER=/opt/rh/devtoolset-7/root/usr/bin/c++, CXX_FLAGS= -Wno-deprecated -fvisibility-inlines-hidden -DUSE_PTHREADPOOL -fopenmp -DNDEBUG -DUSE_KINETO -DUSE_FBGEMM -DUSE_QNNPACK -DUSE_PYTORCH_QNNPACK -DUSE_XNNPACK -DSYMBOLICATE_MOBILE_DEBUG_HANDLE -DEDGE_PROFILER_USE_KINETO -O2 -fPIC -Wno-narrowing -Wall -Wextra -Werror=return-type -Wno-missing-field-initializers -Wno-type-limits -Wno-array-bounds -Wno-unknown-pragmas -Wno-sign-compare -Wno-unused-parameter -Wno-unused-variable -Wno-unused-function -Wno-unused-result -Wno-unused-local-typedefs -Wno-strict-overflow -Wno-strict-aliasing -Wno-error=deprecated-declarations -Wno-stringop-overflow -Wno-psabi -Wno-error=pedantic -Wno-error=redundant-decls -Wno-error=old-style-cast -fdiagnostics-color=always -faligned-new -Wno-unused-but-set-variable -Wno-maybe-uninitialized -fno-math-errno -fno-trapping-math -Werror=format -Wno-stringop-overflow, LAPACK_INFO=mkl, PERF_WITH_AVX=1, PERF_WITH_AVX2=1, PERF_WITH_AVX512=1, TORCH_VERSION=1.10.2, USE_CUDA=ON, USE_CUDNN=ON, USE_EXCEPTION_PTR=1, USE_GFLAGS=OFF, USE_GLOG=OFF, USE_MKL=ON, USE_MKLDNN=ON, USE_MPI=OFF, USE_NCCL=ON, USE_NNPACK=ON, USE_OPENMP=ON, 

    TorchVision: 0.11.3+cu111
    OpenCV: 4.12.0
    MMEngine: 0.10.7

Runtime environment:
    cudnn_benchmark: True
    mp_cfg: {'mp_start_method': 'fork', 'opencv_num_threads': 0}
    dist_cfg: {'backend': 'nccl'}
    seed: 1026426776
    Distributed launcher: none
    Distributed training: False
    GPU number: 1
------------------------------------------------------------

2025/12/27 21:28:11 - mmengine - INFO - Config:
auto_scale_lr = dict(base_batch_size=32, enable=True)
custom_hooks = [
    dict(
        min_delta=0.001,
        monitor='icdar/hmean',
        patience=12,
        rule='greater',
        type='EarlyStoppingHook'),
]
default_hooks = dict(
    checkpoint=dict(
        interval=3,
        max_keep_ckpts=3,
        rule='greater',
        save_best='icdar/hmean',
        type='CheckpointHook'),
    logger=dict(interval=5, type='LoggerHook'),
    param_scheduler=dict(type='ParamSchedulerHook'),
    sampler_seed=dict(type='DistSamplerSeedHook'),
    sync_buffer=dict(type='SyncBuffersHook'),
    timer=dict(type='IterTimerHook'),
    visualization=dict(
        draw_gt=False,
        draw_pred=False,
        enable=False,
        interval=1,
        show=False,
        type='VisualizationHook'))
default_scope = 'mmocr'
env_cfg = dict(
    cudnn_benchmark=True,
    dist_cfg=dict(backend='nccl'),
    mp_cfg=dict(mp_start_method='fork', opencv_num_threads=0))
launcher = 'none'
load_from = None
log_level = 'INFO'
log_processor = dict(by_epoch=True, type='LogProcessor', window_size=10)
max_epochs = 100
model = dict(
    backbone=dict(
        dcn=dict(deform_groups=2, fallback_on_stride=False, type='DCNv2'),
        depth=50,
        frozen_stages=-1,
        init_cfg=dict(checkpoint='torchvision://resnet50', type='Pretrained'),
        norm_cfg=dict(requires_grad=True, type='BN'),
        norm_eval=True,
        num_stages=4,
        out_indices=(
            1,
            2,
            3,
        ),
        stage_with_dcn=(
            False,
            True,
            True,
            True,
        ),
        style='pytorch',
        type='mmdet.ResNet'),
    data_preprocessor=dict(
        bgr_to_rgb=True,
        mean=[
            123.675,
            116.28,
            103.53,
        ],
        pad_size_divisor=32,
        std=[
            58.395,
            57.12,
            57.375,
        ],
        type='TextDetDataPreprocessor'),
    det_head=dict(
        fourier_degree=5,
        in_channels=256,
        module_loss=dict(
            level_proportion_range=(
                (
                    0,
                    0.25,
                ),
                (
                    0.2,
                    0.65,
                ),
                (
                    0.55,
                    1.0,
                ),
            ),
            num_sample=50,
            type='FCEModuleLoss'),
        postprocessor=dict(
            alpha=1.0,
            beta=2.0,
            num_reconstr_points=50,
            scales=(
                8,
                16,
                32,
            ),
            score_thr=0.3,
            text_repr_type='poly',
            type='FCEPostprocessor'),
        type='FCEHead'),
    neck=dict(
        act_cfg=None,
        add_extra_convs='on_output',
        in_channels=[
            512,
            1024,
            2048,
        ],
        num_outs=3,
        out_channels=256,
        relu_before_extra_convs=True,
        type='mmdet.FPN'),
    type='FCENet')
optim_wrapper = dict(
    clip_grad=dict(max_norm=5, norm_type=2),
    loss_scale='dynamic',
    optimizer=dict(lr=0.001, momentum=0.9, type='SGD', weight_decay=0.0005),
    type='AmpOptimWrapper')
param_scheduler = [
    dict(begin=0, by_epoch=True, end=2, start_factor=0.1, type='LinearLR'),
    dict(
        begin=2,
        by_epoch=True,
        end=100,
        eta_min=1e-07,
        power=0.9,
        type='PolyLR'),
]
randomness = dict(seed=None)
resume = False
test_cfg = dict(type='TestLoop')
test_dataloader = dict(
    batch_size=1,
    dataset=dict(
        datasets=[
            dict(
                ann_file='instances_val.json',
                data_root='data/art_mmocr',
                pipeline=None,
                test_mode=True,
                type='OCRDataset'),
            dict(
                ann_file='instances_val.json',
                data_root='data/rctw17_mmocr',
                pipeline=None,
                test_mode=True,
                type='OCRDataset'),
            dict(
                ann_file='instances_val.json',
                data_root='data/rects_mmocr',
                pipeline=None,
                test_mode=True,
                type='OCRDataset'),
        ],
        pipeline=[
            dict(
                color_type='color_ignore_orientation',
                type='LoadImageFromFile'),
            dict(keep_ratio=True, scale=(
                2260,
                2260,
            ), type='Resize'),
            dict(
                type='LoadOCRAnnotations',
                with_bbox=True,
                with_label=True,
                with_polygon=True),
            dict(fix_from_bbox=False, type='FixInvalidPolygon'),
            dict(
                meta_keys=(
                    'img_path',
                    'ori_shape',
                    'img_shape',
                    'scale_factor',
                ),
                type='PackTextDetInputs'),
        ],
        type='ConcatDataset'),
    num_workers=2,
    persistent_workers=True,
    pin_memory=True,
    sampler=dict(shuffle=False, type='DefaultSampler'))
test_evaluator = dict(
    dataset_prefixes=dict(
        art='data/art_mmocr',
        rctw='data/rctw17_mmocr',
        rects='data/rects_mmocr'),
    type='MultiDatasetHmeanIOUMetric')
test_list = [
    dict(
        ann_file='instances_val.json',
        data_root='data/art_mmocr',
        pipeline=None,
        test_mode=True,
        type='OCRDataset'),
    dict(
        ann_file='instances_val.json',
        data_root='data/rctw17_mmocr',
        pipeline=None,
        test_mode=True,
        type='OCRDataset'),
    dict(
        ann_file='instances_val.json',
        data_root='data/rects_mmocr',
        pipeline=None,
        test_mode=True,
        type='OCRDataset'),
]
test_pipeline = [
    dict(color_type='color_ignore_orientation', type='LoadImageFromFile'),
    dict(keep_ratio=True, scale=(
        2260,
        2260,
    ), type='Resize'),
    dict(
        type='LoadOCRAnnotations',
        with_bbox=True,
        with_label=True,
        with_polygon=True),
    dict(fix_from_bbox=False, type='FixInvalidPolygon'),
    dict(
        meta_keys=(
            'img_path',
            'ori_shape',
            'img_shape',
            'scale_factor',
        ),
        type='PackTextDetInputs'),
]
textdet_art_data_root = 'data/art_mmocr'
textdet_art_rctw_rects_data_root = 'data/textdet_finetune_art_rctw_rects'
textdet_art_rctw_rects_test = dict(
    ann_file='instances_val.json',
    data_root='data/textdet_finetune_art_rctw_rects',
    pipeline=None,
    test_mode=True,
    type='OCRDataset')
textdet_art_rctw_rects_train = dict(
    ann_file='instances_train.json',
    data_root='data/textdet_finetune_art_rctw_rects',
    filter_cfg=dict(filter_empty_gt=True, min_size=32),
    pipeline=None,
    type='OCRDataset')
textdet_art_test = dict(
    ann_file='instances_val.json',
    data_root='data/art_mmocr',
    pipeline=None,
    test_mode=True,
    type='OCRDataset')
textdet_art_train = dict(
    ann_file='instances_train.json',
    data_root='data/art_mmocr',
    filter_cfg=dict(filter_empty_gt=True, min_size=32),
    pipeline=None,
    type='OCRDataset')
textdet_rctw_data_root = 'data/rctw17_mmocr'
textdet_rctw_test = dict(
    ann_file='instances_val.json',
    data_root='data/rctw17_mmocr',
    pipeline=None,
    test_mode=True,
    type='OCRDataset')
textdet_rctw_train = dict(
    ann_file='instances_train.json',
    data_root='data/rctw17_mmocr',
    filter_cfg=dict(filter_empty_gt=True, min_size=32),
    pipeline=None,
    type='OCRDataset')
textdet_rects_data_root = 'data/rects_mmocr'
textdet_rects_test = dict(
    ann_file='instances_val.json',
    data_root='data/rects_mmocr',
    pipeline=None,
    test_mode=True,
    type='OCRDataset')
textdet_rects_train = dict(
    ann_file='instances_train.json',
    data_root='data/rects_mmocr',
    filter_cfg=dict(filter_empty_gt=True, min_size=32),
    pipeline=None,
    type='OCRDataset')
train_cfg = dict(max_epochs=100, type='EpochBasedTrainLoop', val_interval=3)
train_dataloader = dict(
    batch_size=32,
    dataset=dict(
        datasets=[
            dict(
                ann_file='instances_train.json',
                data_root='data/art_mmocr',
                filter_cfg=dict(filter_empty_gt=True, min_size=32),
                pipeline=None,
                type='OCRDataset'),
            dict(
                ann_file='instances_train.json',
                data_root='data/rctw17_mmocr',
                filter_cfg=dict(filter_empty_gt=True, min_size=32),
                pipeline=None,
                type='OCRDataset'),
            dict(
                ann_file='instances_train.json',
                data_root='data/rects_mmocr',
                filter_cfg=dict(filter_empty_gt=True, min_size=32),
                pipeline=None,
                type='OCRDataset'),
        ],
        pipeline=[
            dict(
                color_type='color_ignore_orientation',
                type='LoadImageFromFile'),
            dict(
                type='LoadOCRAnnotations',
                with_bbox=True,
                with_label=True,
                with_polygon=True),
            dict(fix_from_bbox=False, type='FixInvalidPolygon'),
            dict(
                keep_ratio=True,
                ratio_range=(
                    0.75,
                    2.5,
                ),
                scale=(
                    800,
                    800,
                ),
                type='RandomResize'),
            dict(
                crop_ratio=0.5,
                iter_num=1,
                min_area_ratio=0.2,
                type='TextDetRandomCropFlip'),
            dict(
                prob=0.8,
                transforms=[
                    dict(min_side_ratio=0.3, type='RandomCrop'),
                ],
                type='RandomApply'),
            dict(
                prob=0.5,
                transforms=[
                    dict(
                        max_angle=30,
                        pad_with_fixed_color=False,
                        type='RandomRotate',
                        use_canvas=True),
                ],
                type='RandomApply'),
            dict(
                prob=[
                    0.6,
                    0.4,
                ],
                transforms=[
                    [
                        dict(keep_ratio=True, scale=800, type='Resize'),
                        dict(target_scale=800, type='SourceImagePad'),
                    ],
                    dict(keep_ratio=False, scale=800, type='Resize'),
                ],
                type='RandomChoice'),
            dict(direction='horizontal', prob=0.5, type='RandomFlip'),
            dict(
                brightness=0.12549019607843137,
                contrast=0.5,
                op='ColorJitter',
                saturation=0.5,
                type='TorchVisionWrapper'),
            dict(
                meta_keys=(
                    'img_path',
                    'ori_shape',
                    'img_shape',
                    'scale_factor',
                ),
                type='PackTextDetInputs'),
        ],
        type='ConcatDataset'),
    num_workers=6,
    persistent_workers=True,
    pin_memory=True,
    sampler=dict(shuffle=True, type='DefaultSampler'))
train_list = [
    dict(
        ann_file='instances_train.json',
        data_root='data/art_mmocr',
        filter_cfg=dict(filter_empty_gt=True, min_size=32),
        pipeline=None,
        type='OCRDataset'),
    dict(
        ann_file='instances_train.json',
        data_root='data/rctw17_mmocr',
        filter_cfg=dict(filter_empty_gt=True, min_size=32),
        pipeline=None,
        type='OCRDataset'),
    dict(
        ann_file='instances_train.json',
        data_root='data/rects_mmocr',
        filter_cfg=dict(filter_empty_gt=True, min_size=32),
        pipeline=None,
        type='OCRDataset'),
]
train_pipeline = [
    dict(color_type='color_ignore_orientation', type='LoadImageFromFile'),
    dict(
        type='LoadOCRAnnotations',
        with_bbox=True,
        with_label=True,
        with_polygon=True),
    dict(fix_from_bbox=False, type='FixInvalidPolygon'),
    dict(
        keep_ratio=True,
        ratio_range=(
            0.75,
            2.5,
        ),
        scale=(
            800,
            800,
        ),
        type='RandomResize'),
    dict(
        crop_ratio=0.5,
        iter_num=1,
        min_area_ratio=0.2,
        type='TextDetRandomCropFlip'),
    dict(
        prob=0.8,
        transforms=[
            dict(min_side_ratio=0.3, type='RandomCrop'),
        ],
        type='RandomApply'),
    dict(
        prob=0.5,
        transforms=[
            dict(
                max_angle=30,
                pad_with_fixed_color=False,
                type='RandomRotate',
                use_canvas=True),
        ],
        type='RandomApply'),
    dict(
        prob=[
            0.6,
            0.4,
        ],
        transforms=[
            [
                dict(keep_ratio=True, scale=800, type='Resize'),
                dict(target_scale=800, type='SourceImagePad'),
            ],
            dict(keep_ratio=False, scale=800, type='Resize'),
        ],
        type='RandomChoice'),
    dict(direction='horizontal', prob=0.5, type='RandomFlip'),
    dict(
        brightness=0.12549019607843137,
        contrast=0.5,
        op='ColorJitter',
        saturation=0.5,
        type='TorchVisionWrapper'),
    dict(
        meta_keys=(
            'img_path',
            'ori_shape',
            'img_shape',
            'scale_factor',
        ),
        type='PackTextDetInputs'),
]
val_cfg = dict(type='ValLoop')
val_dataloader = dict(
    batch_size=1,
    dataset=dict(
        datasets=[
            dict(
                ann_file='instances_val.json',
                data_root='data/art_mmocr',
                pipeline=None,
                test_mode=True,
                type='OCRDataset'),
            dict(
                ann_file='instances_val.json',
                data_root='data/rctw17_mmocr',
                pipeline=None,
                test_mode=True,
                type='OCRDataset'),
            dict(
                ann_file='instances_val.json',
                data_root='data/rects_mmocr',
                pipeline=None,
                test_mode=True,
                type='OCRDataset'),
        ],
        pipeline=[
            dict(
                color_type='color_ignore_orientation',
                type='LoadImageFromFile'),
            dict(keep_ratio=True, scale=(
                2260,
                2260,
            ), type='Resize'),
            dict(
                type='LoadOCRAnnotations',
                with_bbox=True,
                with_label=True,
                with_polygon=True),
            dict(fix_from_bbox=False, type='FixInvalidPolygon'),
            dict(
                meta_keys=(
                    'img_path',
                    'ori_shape',
                    'img_shape',
                    'scale_factor',
                ),
                type='PackTextDetInputs'),
        ],
        type='ConcatDataset'),
    num_workers=2,
    persistent_workers=True,
    pin_memory=True,
    sampler=dict(shuffle=False, type='DefaultSampler'))
val_evaluator = dict(
    dataset_prefixes=dict(
        art='data/art_mmocr',
        rctw='data/rctw17_mmocr',
        rects='data/rects_mmocr'),
    type='MultiDatasetHmeanIOUMetric')
vis_backends = [
    dict(type='LocalVisBackend'),
]
visualizer = dict(
    name='visualizer',
    type='TextDetLocalVisualizer',
    vis_backends=[
        dict(type='LocalVisBackend'),
    ])
work_dir = 'work_dirs/fcenet_r50dcnv2_fpn_1500e_art_rctw_rects_finetune'

2025/12/27 21:28:19 - mmengine - INFO - Distributed training is not used, all SyncBatchNorm (SyncBN) layers in the model will be automatically reverted to BatchNormXd layers if they are used.
2025/12/27 21:28:19 - mmengine - INFO - Hooks will be executed in the following order:
before_run:
(VERY_HIGH   ) RuntimeInfoHook                    
(BELOW_NORMAL) LoggerHook                         
(LOWEST      ) EarlyStoppingHook                  
 -------------------- 
before_train:
(VERY_HIGH   ) RuntimeInfoHook                    
(NORMAL      ) IterTimerHook                      
(VERY_LOW    ) CheckpointHook                     
 -------------------- 
before_train_epoch:
(VERY_HIGH   ) RuntimeInfoHook                    
(NORMAL      ) IterTimerHook                      
(NORMAL      ) DistSamplerSeedHook                
 -------------------- 
before_train_iter:
(VERY_HIGH   ) RuntimeInfoHook                    
(NORMAL      ) IterTimerHook                      
 -------------------- 
after_train_iter:
(VERY_HIGH   ) RuntimeInfoHook                    
(NORMAL      ) IterTimerHook                      
(BELOW_NORMAL) LoggerHook                         
(LOW         ) ParamSchedulerHook                 
(VERY_LOW    ) CheckpointHook                     
 -------------------- 
after_train_epoch:
(NORMAL      ) IterTimerHook                      
(NORMAL      ) SyncBuffersHook                    
(LOW         ) ParamSchedulerHook                 
(VERY_LOW    ) CheckpointHook                     
 -------------------- 
before_val:
(VERY_HIGH   ) RuntimeInfoHook                    
 -------------------- 
before_val_epoch:
(NORMAL      ) IterTimerHook                      
(NORMAL      ) SyncBuffersHook                    
 -------------------- 
before_val_iter:
(NORMAL      ) IterTimerHook                      
 -------------------- 
after_val_iter:
(NORMAL      ) IterTimerHook                      
(NORMAL      ) VisualizationHook                  
(BELOW_NORMAL) LoggerHook                         
 -------------------- 
after_val_epoch:
(VERY_HIGH   ) RuntimeInfoHook                    
(NORMAL      ) IterTimerHook                      
(BELOW_NORMAL) LoggerHook                         
(LOW         ) ParamSchedulerHook                 
(VERY_LOW    ) CheckpointHook                     
(LOWEST      ) EarlyStoppingHook                  
 -------------------- 
after_val:
(VERY_HIGH   ) RuntimeInfoHook                    
 -------------------- 
after_train:
(VERY_HIGH   ) RuntimeInfoHook                    
(VERY_LOW    ) CheckpointHook                     
 -------------------- 
before_test:
(VERY_HIGH   ) RuntimeInfoHook                    
 -------------------- 
before_test_epoch:
(NORMAL      ) IterTimerHook                      
 -------------------- 
before_test_iter:
(NORMAL      ) IterTimerHook                      
 -------------------- 
after_test_iter:
(NORMAL      ) IterTimerHook                      
(NORMAL      ) VisualizationHook                  
(BELOW_NORMAL) LoggerHook                         
 -------------------- 
after_test_epoch:
(VERY_HIGH   ) RuntimeInfoHook                    
(NORMAL      ) IterTimerHook                      
(BELOW_NORMAL) LoggerHook                         
 -------------------- 
after_test:
(VERY_HIGH   ) RuntimeInfoHook                    
 -------------------- 
after_run:
(BELOW_NORMAL) LoggerHook                         
 -------------------- 
2025/12/27 21:28:23 - mmengine - INFO - LR is set based on batch size of 32 and the current batch size is 32. Scaling the original LR by 1.0.
2025/12/27 21:28:25 - mmengine - INFO - load model from: torchvision://resnet50
2025/12/27 21:28:25 - mmengine - INFO - Loads checkpoint by torchvision backend from path: torchvision://resnet50
2025/12/27 21:28:25 - mmengine - WARNING - The model and loaded state dict do not match exactly

unexpected key in source state_dict: fc.weight, fc.bias

missing keys in source state_dict: layer2.0.conv2.conv_offset.weight, layer2.0.conv2.conv_offset.bias, layer2.1.conv2.conv_offset.weight, layer2.1.conv2.conv_offset.bias, layer2.2.conv2.conv_offset.weight, layer2.2.conv2.conv_offset.bias, layer2.3.conv2.conv_offset.weight, layer2.3.conv2.conv_offset.bias, layer3.0.conv2.conv_offset.weight, layer3.0.conv2.conv_offset.bias, layer3.1.conv2.conv_offset.weight, layer3.1.conv2.conv_offset.bias, layer3.2.conv2.conv_offset.weight, layer3.2.conv2.conv_offset.bias, layer3.3.conv2.conv_offset.weight, layer3.3.conv2.conv_offset.bias, layer3.4.conv2.conv_offset.weight, layer3.4.conv2.conv_offset.bias, layer3.5.conv2.conv_offset.weight, layer3.5.conv2.conv_offset.bias, layer4.0.conv2.conv_offset.weight, layer4.0.conv2.conv_offset.bias, layer4.1.conv2.conv_offset.weight, layer4.1.conv2.conv_offset.bias, layer4.2.conv2.conv_offset.weight, layer4.2.conv2.conv_offset.bias

Name of parameter - Initialization information

backbone.conv1.weight - torch.Size([64, 3, 7, 7]): 
PretrainedInit: load from torchvision://resnet50 

backbone.bn1.weight - torch.Size([64]): 
PretrainedInit: load from torchvision://resnet50 

backbone.bn1.bias - torch.Size([64]): 
PretrainedInit: load from torchvision://resnet50 

backbone.layer1.0.conv1.weight - torch.Size([64, 64, 1, 1]): 
PretrainedInit: load from torchvision://resnet50 

backbone.layer1.0.bn1.weight - torch.Size([64]): 
PretrainedInit: load from torchvision://resnet50 

backbone.layer1.0.bn1.bias - torch.Size([64]): 
PretrainedInit: load from torchvision://resnet50 

backbone.layer1.0.conv2.weight - torch.Size([64, 64, 3, 3]): 
PretrainedInit: load from torchvision://resnet50 

backbone.layer1.0.bn2.weight - torch.Size([64]): 
PretrainedInit: load from torchvision://resnet50 

backbone.layer1.0.bn2.bias - torch.Size([64]): 
PretrainedInit: load from torchvision://resnet50 

backbone.layer1.0.conv3.weight - torch.Size([256, 64, 1, 1]): 
PretrainedInit: load from torchvision://resnet50 

backbone.layer1.0.bn3.weight - torch.Size([256]): 
PretrainedInit: load from torchvision://resnet50 

backbone.layer1.0.bn3.bias - torch.Size([256]): 
PretrainedInit: load from torchvision://resnet50 

backbone.layer1.0.downsample.0.weight - torch.Size([256, 64, 1, 1]): 
PretrainedInit: load from torchvision://resnet50 

backbone.layer1.0.downsample.1.weight - torch.Size([256]): 
PretrainedInit: load from torchvision://resnet50 

backbone.layer1.0.downsample.1.bias - torch.Size([256]): 
PretrainedInit: load from torchvision://resnet50 

backbone.layer1.1.conv1.weight - torch.Size([64, 256, 1, 1]): 
PretrainedInit: load from torchvision://resnet50 

backbone.layer1.1.bn1.weight - torch.Size([64]): 
PretrainedInit: load from torchvision://resnet50 

backbone.layer1.1.bn1.bias - torch.Size([64]): 
PretrainedInit: load from torchvision://resnet50 

backbone.layer1.1.conv2.weight - torch.Size([64, 64, 3, 3]): 
PretrainedInit: load from torchvision://resnet50 

backbone.layer1.1.bn2.weight - torch.Size([64]): 
PretrainedInit: load from torchvision://resnet50 

backbone.layer1.1.bn2.bias - torch.Size([64]): 
PretrainedInit: load from torchvision://resnet50 

backbone.layer1.1.conv3.weight - torch.Size([256, 64, 1, 1]): 
PretrainedInit: load from torchvision://resnet50 

backbone.layer1.1.bn3.weight - torch.Size([256]): 
PretrainedInit: load from torchvision://resnet50 

backbone.layer1.1.bn3.bias - torch.Size([256]): 
PretrainedInit: load from torchvision://resnet50 

backbone.layer1.2.conv1.weight - torch.Size([64, 256, 1, 1]): 
PretrainedInit: load from torchvision://resnet50 

backbone.layer1.2.bn1.weight - torch.Size([64]): 
PretrainedInit: load from torchvision://resnet50 

backbone.layer1.2.bn1.bias - torch.Size([64]): 
PretrainedInit: load from torchvision://resnet50 

backbone.layer1.2.conv2.weight - torch.Size([64, 64, 3, 3]): 
PretrainedInit: load from torchvision://resnet50 

backbone.layer1.2.bn2.weight - torch.Size([64]): 
PretrainedInit: load from torchvision://resnet50 

backbone.layer1.2.bn2.bias - torch.Size([64]): 
PretrainedInit: load from torchvision://resnet50 

backbone.layer1.2.conv3.weight - torch.Size([256, 64, 1, 1]): 
PretrainedInit: load from torchvision://resnet50 

backbone.layer1.2.bn3.weight - torch.Size([256]): 
PretrainedInit: load from torchvision://resnet50 

backbone.layer1.2.bn3.bias - torch.Size([256]): 
PretrainedInit: load from torchvision://resnet50 

backbone.layer2.0.conv1.weight - torch.Size([128, 256, 1, 1]): 
PretrainedInit: load from torchvision://resnet50 

backbone.layer2.0.bn1.weight - torch.Size([128]): 
PretrainedInit: load from torchvision://resnet50 

backbone.layer2.0.bn1.bias - torch.Size([128]): 
PretrainedInit: load from torchvision://resnet50 

backbone.layer2.0.conv2.weight - torch.Size([128, 128, 3, 3]): 
PretrainedInit: load from torchvision://resnet50 

backbone.layer2.0.conv2.conv_offset.weight - torch.Size([54, 128, 3, 3]): 
The value is the same before and after calling `init_weights` of FCENet  

backbone.layer2.0.conv2.conv_offset.bias - torch.Size([54]): 
The value is the same before and after calling `init_weights` of FCENet  

backbone.layer2.0.bn2.weight - torch.Size([128]): 
PretrainedInit: load from torchvision://resnet50 

backbone.layer2.0.bn2.bias - torch.Size([128]): 
PretrainedInit: load from torchvision://resnet50 

backbone.layer2.0.conv3.weight - torch.Size([512, 128, 1, 1]): 
PretrainedInit: load from torchvision://resnet50 

backbone.layer2.0.bn3.weight - torch.Size([512]): 
PretrainedInit: load from torchvision://resnet50 

backbone.layer2.0.bn3.bias - torch.Size([512]): 
PretrainedInit: load from torchvision://resnet50 

backbone.layer2.0.downsample.0.weight - torch.Size([512, 256, 1, 1]): 
PretrainedInit: load from torchvision://resnet50 

backbone.layer2.0.downsample.1.weight - torch.Size([512]): 
PretrainedInit: load from torchvision://resnet50 

backbone.layer2.0.downsample.1.bias - torch.Size([512]): 
PretrainedInit: load from torchvision://resnet50 

backbone.layer2.1.conv1.weight - torch.Size([128, 512, 1, 1]): 
PretrainedInit: load from torchvision://resnet50 

backbone.layer2.1.bn1.weight - torch.Size([128]): 
PretrainedInit: load from torchvision://resnet50 

backbone.layer2.1.bn1.bias - torch.Size([128]): 
PretrainedInit: load from torchvision://resnet50 

backbone.layer2.1.conv2.weight - torch.Size([128, 128, 3, 3]): 
PretrainedInit: load from torchvision://resnet50 

backbone.layer2.1.conv2.conv_offset.weight - torch.Size([54, 128, 3, 3]): 
The value is the same before and after calling `init_weights` of FCENet  

backbone.layer2.1.conv2.conv_offset.bias - torch.Size([54]): 
The value is the same before and after calling `init_weights` of FCENet  

backbone.layer2.1.bn2.weight - torch.Size([128]): 
PretrainedInit: load from torchvision://resnet50 

backbone.layer2.1.bn2.bias - torch.Size([128]): 
PretrainedInit: load from torchvision://resnet50 

backbone.layer2.1.conv3.weight - torch.Size([512, 128, 1, 1]): 
PretrainedInit: load from torchvision://resnet50 

backbone.layer2.1.bn3.weight - torch.Size([512]): 
PretrainedInit: load from torchvision://resnet50 

backbone.layer2.1.bn3.bias - torch.Size([512]): 
PretrainedInit: load from torchvision://resnet50 

backbone.layer2.2.conv1.weight - torch.Size([128, 512, 1, 1]): 
PretrainedInit: load from torchvision://resnet50 

backbone.layer2.2.bn1.weight - torch.Size([128]): 
PretrainedInit: load from torchvision://resnet50 

backbone.layer2.2.bn1.bias - torch.Size([128]): 
PretrainedInit: load from torchvision://resnet50 

backbone.layer2.2.conv2.weight - torch.Size([128, 128, 3, 3]): 
PretrainedInit: load from torchvision://resnet50 

backbone.layer2.2.conv2.conv_offset.weight - torch.Size([54, 128, 3, 3]): 
The value is the same before and after calling `init_weights` of FCENet  

backbone.layer2.2.conv2.conv_offset.bias - torch.Size([54]): 
The value is the same before and after calling `init_weights` of FCENet  

backbone.layer2.2.bn2.weight - torch.Size([128]): 
PretrainedInit: load from torchvision://resnet50 

backbone.layer2.2.bn2.bias - torch.Size([128]): 
PretrainedInit: load from torchvision://resnet50 

backbone.layer2.2.conv3.weight - torch.Size([512, 128, 1, 1]): 
PretrainedInit: load from torchvision://resnet50 

backbone.layer2.2.bn3.weight - torch.Size([512]): 
PretrainedInit: load from torchvision://resnet50 

backbone.layer2.2.bn3.bias - torch.Size([512]): 
PretrainedInit: load from torchvision://resnet50 

backbone.layer2.3.conv1.weight - torch.Size([128, 512, 1, 1]): 
PretrainedInit: load from torchvision://resnet50 

backbone.layer2.3.bn1.weight - torch.Size([128]): 
PretrainedInit: load from torchvision://resnet50 

backbone.layer2.3.bn1.bias - torch.Size([128]): 
PretrainedInit: load from torchvision://resnet50 

backbone.layer2.3.conv2.weight - torch.Size([128, 128, 3, 3]): 
PretrainedInit: load from torchvision://resnet50 

backbone.layer2.3.conv2.conv_offset.weight - torch.Size([54, 128, 3, 3]): 
The value is the same before and after calling `init_weights` of FCENet  

backbone.layer2.3.conv2.conv_offset.bias - torch.Size([54]): 
The value is the same before and after calling `init_weights` of FCENet  

backbone.layer2.3.bn2.weight - torch.Size([128]): 
PretrainedInit: load from torchvision://resnet50 

backbone.layer2.3.bn2.bias - torch.Size([128]): 
PretrainedInit: load from torchvision://resnet50 

backbone.layer2.3.conv3.weight - torch.Size([512, 128, 1, 1]): 
PretrainedInit: load from torchvision://resnet50 

backbone.layer2.3.bn3.weight - torch.Size([512]): 
PretrainedInit: load from torchvision://resnet50 

backbone.layer2.3.bn3.bias - torch.Size([512]): 
PretrainedInit: load from torchvision://resnet50 

backbone.layer3.0.conv1.weight - torch.Size([256, 512, 1, 1]): 
PretrainedInit: load from torchvision://resnet50 

backbone.layer3.0.bn1.weight - torch.Size([256]): 
PretrainedInit: load from torchvision://resnet50 

backbone.layer3.0.bn1.bias - torch.Size([256]): 
PretrainedInit: load from torchvision://resnet50 

backbone.layer3.0.conv2.weight - torch.Size([256, 256, 3, 3]): 
PretrainedInit: load from torchvision://resnet50 

backbone.layer3.0.conv2.conv_offset.weight - torch.Size([54, 256, 3, 3]): 
The value is the same before and after calling `init_weights` of FCENet  

backbone.layer3.0.conv2.conv_offset.bias - torch.Size([54]): 
The value is the same before and after calling `init_weights` of FCENet  

backbone.layer3.0.bn2.weight - torch.Size([256]): 
PretrainedInit: load from torchvision://resnet50 

backbone.layer3.0.bn2.bias - torch.Size([256]): 
PretrainedInit: load from torchvision://resnet50 

backbone.layer3.0.conv3.weight - torch.Size([1024, 256, 1, 1]): 
PretrainedInit: load from torchvision://resnet50 

backbone.layer3.0.bn3.weight - torch.Size([1024]): 
PretrainedInit: load from torchvision://resnet50 

backbone.layer3.0.bn3.bias - torch.Size([1024]): 
PretrainedInit: load from torchvision://resnet50 

backbone.layer3.0.downsample.0.weight - torch.Size([1024, 512, 1, 1]): 
PretrainedInit: load from torchvision://resnet50 

backbone.layer3.0.downsample.1.weight - torch.Size([1024]): 
PretrainedInit: load from torchvision://resnet50 

backbone.layer3.0.downsample.1.bias - torch.Size([1024]): 
PretrainedInit: load from torchvision://resnet50 

backbone.layer3.1.conv1.weight - torch.Size([256, 1024, 1, 1]): 
PretrainedInit: load from torchvision://resnet50 

backbone.layer3.1.bn1.weight - torch.Size([256]): 
PretrainedInit: load from torchvision://resnet50 

backbone.layer3.1.bn1.bias - torch.Size([256]): 
PretrainedInit: load from torchvision://resnet50 

backbone.layer3.1.conv2.weight - torch.Size([256, 256, 3, 3]): 
PretrainedInit: load from torchvision://resnet50 

backbone.layer3.1.conv2.conv_offset.weight - torch.Size([54, 256, 3, 3]): 
The value is the same before and after calling `init_weights` of FCENet  

backbone.layer3.1.conv2.conv_offset.bias - torch.Size([54]): 
The value is the same before and after calling `init_weights` of FCENet  

backbone.layer3.1.bn2.weight - torch.Size([256]): 
PretrainedInit: load from torchvision://resnet50 

backbone.layer3.1.bn2.bias - torch.Size([256]): 
PretrainedInit: load from torchvision://resnet50 

backbone.layer3.1.conv3.weight - torch.Size([1024, 256, 1, 1]): 
PretrainedInit: load from torchvision://resnet50 

backbone.layer3.1.bn3.weight - torch.Size([1024]): 
PretrainedInit: load from torchvision://resnet50 

backbone.layer3.1.bn3.bias - torch.Size([1024]): 
PretrainedInit: load from torchvision://resnet50 

backbone.layer3.2.conv1.weight - torch.Size([256, 1024, 1, 1]): 
PretrainedInit: load from torchvision://resnet50 

backbone.layer3.2.bn1.weight - torch.Size([256]): 
PretrainedInit: load from torchvision://resnet50 

backbone.layer3.2.bn1.bias - torch.Size([256]): 
PretrainedInit: load from torchvision://resnet50 

backbone.layer3.2.conv2.weight - torch.Size([256, 256, 3, 3]): 
PretrainedInit: load from torchvision://resnet50 

backbone.layer3.2.conv2.conv_offset.weight - torch.Size([54, 256, 3, 3]): 
The value is the same before and after calling `init_weights` of FCENet  

backbone.layer3.2.conv2.conv_offset.bias - torch.Size([54]): 
The value is the same before and after calling `init_weights` of FCENet  

backbone.layer3.2.bn2.weight - torch.Size([256]): 
PretrainedInit: load from torchvision://resnet50 

backbone.layer3.2.bn2.bias - torch.Size([256]): 
PretrainedInit: load from torchvision://resnet50 

backbone.layer3.2.conv3.weight - torch.Size([1024, 256, 1, 1]): 
PretrainedInit: load from torchvision://resnet50 

backbone.layer3.2.bn3.weight - torch.Size([1024]): 
PretrainedInit: load from torchvision://resnet50 

backbone.layer3.2.bn3.bias - torch.Size([1024]): 
PretrainedInit: load from torchvision://resnet50 

backbone.layer3.3.conv1.weight - torch.Size([256, 1024, 1, 1]): 
PretrainedInit: load from torchvision://resnet50 

backbone.layer3.3.bn1.weight - torch.Size([256]): 
PretrainedInit: load from torchvision://resnet50 

backbone.layer3.3.bn1.bias - torch.Size([256]): 
PretrainedInit: load from torchvision://resnet50 

backbone.layer3.3.conv2.weight - torch.Size([256, 256, 3, 3]): 
PretrainedInit: load from torchvision://resnet50 

backbone.layer3.3.conv2.conv_offset.weight - torch.Size([54, 256, 3, 3]): 
The value is the same before and after calling `init_weights` of FCENet  

backbone.layer3.3.conv2.conv_offset.bias - torch.Size([54]): 
The value is the same before and after calling `init_weights` of FCENet  

backbone.layer3.3.bn2.weight - torch.Size([256]): 
PretrainedInit: load from torchvision://resnet50 

backbone.layer3.3.bn2.bias - torch.Size([256]): 
PretrainedInit: load from torchvision://resnet50 

backbone.layer3.3.conv3.weight - torch.Size([1024, 256, 1, 1]): 
PretrainedInit: load from torchvision://resnet50 

backbone.layer3.3.bn3.weight - torch.Size([1024]): 
PretrainedInit: load from torchvision://resnet50 

backbone.layer3.3.bn3.bias - torch.Size([1024]): 
PretrainedInit: load from torchvision://resnet50 

backbone.layer3.4.conv1.weight - torch.Size([256, 1024, 1, 1]): 
PretrainedInit: load from torchvision://resnet50 

backbone.layer3.4.bn1.weight - torch.Size([256]): 
PretrainedInit: load from torchvision://resnet50 

backbone.layer3.4.bn1.bias - torch.Size([256]): 
PretrainedInit: load from torchvision://resnet50 

backbone.layer3.4.conv2.weight - torch.Size([256, 256, 3, 3]): 
PretrainedInit: load from torchvision://resnet50 

backbone.layer3.4.conv2.conv_offset.weight - torch.Size([54, 256, 3, 3]): 
The value is the same before and after calling `init_weights` of FCENet  

backbone.layer3.4.conv2.conv_offset.bias - torch.Size([54]): 
The value is the same before and after calling `init_weights` of FCENet  

backbone.layer3.4.bn2.weight - torch.Size([256]): 
PretrainedInit: load from torchvision://resnet50 

backbone.layer3.4.bn2.bias - torch.Size([256]): 
PretrainedInit: load from torchvision://resnet50 

backbone.layer3.4.conv3.weight - torch.Size([1024, 256, 1, 1]): 
PretrainedInit: load from torchvision://resnet50 

backbone.layer3.4.bn3.weight - torch.Size([1024]): 
PretrainedInit: load from torchvision://resnet50 

backbone.layer3.4.bn3.bias - torch.Size([1024]): 
PretrainedInit: load from torchvision://resnet50 

backbone.layer3.5.conv1.weight - torch.Size([256, 1024, 1, 1]): 
PretrainedInit: load from torchvision://resnet50 

backbone.layer3.5.bn1.weight - torch.Size([256]): 
PretrainedInit: load from torchvision://resnet50 

backbone.layer3.5.bn1.bias - torch.Size([256]): 
PretrainedInit: load from torchvision://resnet50 

backbone.layer3.5.conv2.weight - torch.Size([256, 256, 3, 3]): 
PretrainedInit: load from torchvision://resnet50 

backbone.layer3.5.conv2.conv_offset.weight - torch.Size([54, 256, 3, 3]): 
The value is the same before and after calling `init_weights` of FCENet  

backbone.layer3.5.conv2.conv_offset.bias - torch.Size([54]): 
The value is the same before and after calling `init_weights` of FCENet  

backbone.layer3.5.bn2.weight - torch.Size([256]): 
PretrainedInit: load from torchvision://resnet50 

backbone.layer3.5.bn2.bias - torch.Size([256]): 
PretrainedInit: load from torchvision://resnet50 

backbone.layer3.5.conv3.weight - torch.Size([1024, 256, 1, 1]): 
PretrainedInit: load from torchvision://resnet50 

backbone.layer3.5.bn3.weight - torch.Size([1024]): 
PretrainedInit: load from torchvision://resnet50 

backbone.layer3.5.bn3.bias - torch.Size([1024]): 
PretrainedInit: load from torchvision://resnet50 

backbone.layer4.0.conv1.weight - torch.Size([512, 1024, 1, 1]): 
PretrainedInit: load from torchvision://resnet50 

backbone.layer4.0.bn1.weight - torch.Size([512]): 
PretrainedInit: load from torchvision://resnet50 

backbone.layer4.0.bn1.bias - torch.Size([512]): 
PretrainedInit: load from torchvision://resnet50 

backbone.layer4.0.conv2.weight - torch.Size([512, 512, 3, 3]): 
PretrainedInit: load from torchvision://resnet50 

backbone.layer4.0.conv2.conv_offset.weight - torch.Size([54, 512, 3, 3]): 
The value is the same before and after calling `init_weights` of FCENet  

backbone.layer4.0.conv2.conv_offset.bias - torch.Size([54]): 
The value is the same before and after calling `init_weights` of FCENet  

backbone.layer4.0.bn2.weight - torch.Size([512]): 
PretrainedInit: load from torchvision://resnet50 

backbone.layer4.0.bn2.bias - torch.Size([512]): 
PretrainedInit: load from torchvision://resnet50 

backbone.layer4.0.conv3.weight - torch.Size([2048, 512, 1, 1]): 
PretrainedInit: load from torchvision://resnet50 

backbone.layer4.0.bn3.weight - torch.Size([2048]): 
PretrainedInit: load from torchvision://resnet50 

backbone.layer4.0.bn3.bias - torch.Size([2048]): 
PretrainedInit: load from torchvision://resnet50 

backbone.layer4.0.downsample.0.weight - torch.Size([2048, 1024, 1, 1]): 
PretrainedInit: load from torchvision://resnet50 

backbone.layer4.0.downsample.1.weight - torch.Size([2048]): 
PretrainedInit: load from torchvision://resnet50 

backbone.layer4.0.downsample.1.bias - torch.Size([2048]): 
PretrainedInit: load from torchvision://resnet50 

backbone.layer4.1.conv1.weight - torch.Size([512, 2048, 1, 1]): 
PretrainedInit: load from torchvision://resnet50 

backbone.layer4.1.bn1.weight - torch.Size([512]): 
PretrainedInit: load from torchvision://resnet50 

backbone.layer4.1.bn1.bias - torch.Size([512]): 
PretrainedInit: load from torchvision://resnet50 

backbone.layer4.1.conv2.weight - torch.Size([512, 512, 3, 3]): 
PretrainedInit: load from torchvision://resnet50 

backbone.layer4.1.conv2.conv_offset.weight - torch.Size([54, 512, 3, 3]): 
The value is the same before and after calling `init_weights` of FCENet  

backbone.layer4.1.conv2.conv_offset.bias - torch.Size([54]): 
The value is the same before and after calling `init_weights` of FCENet  

backbone.layer4.1.bn2.weight - torch.Size([512]): 
PretrainedInit: load from torchvision://resnet50 

backbone.layer4.1.bn2.bias - torch.Size([512]): 
PretrainedInit: load from torchvision://resnet50 

backbone.layer4.1.conv3.weight - torch.Size([2048, 512, 1, 1]): 
PretrainedInit: load from torchvision://resnet50 

backbone.layer4.1.bn3.weight - torch.Size([2048]): 
PretrainedInit: load from torchvision://resnet50 

backbone.layer4.1.bn3.bias - torch.Size([2048]): 
PretrainedInit: load from torchvision://resnet50 

backbone.layer4.2.conv1.weight - torch.Size([512, 2048, 1, 1]): 
PretrainedInit: load from torchvision://resnet50 

backbone.layer4.2.bn1.weight - torch.Size([512]): 
PretrainedInit: load from torchvision://resnet50 

backbone.layer4.2.bn1.bias - torch.Size([512]): 
PretrainedInit: load from torchvision://resnet50 

backbone.layer4.2.conv2.weight - torch.Size([512, 512, 3, 3]): 
PretrainedInit: load from torchvision://resnet50 

backbone.layer4.2.conv2.conv_offset.weight - torch.Size([54, 512, 3, 3]): 
The value is the same before and after calling `init_weights` of FCENet  

backbone.layer4.2.conv2.conv_offset.bias - torch.Size([54]): 
The value is the same before and after calling `init_weights` of FCENet  

backbone.layer4.2.bn2.weight - torch.Size([512]): 
PretrainedInit: load from torchvision://resnet50 

backbone.layer4.2.bn2.bias - torch.Size([512]): 
PretrainedInit: load from torchvision://resnet50 

backbone.layer4.2.conv3.weight - torch.Size([2048, 512, 1, 1]): 
PretrainedInit: load from torchvision://resnet50 

backbone.layer4.2.bn3.weight - torch.Size([2048]): 
PretrainedInit: load from torchvision://resnet50 

backbone.layer4.2.bn3.bias - torch.Size([2048]): 
PretrainedInit: load from torchvision://resnet50 

neck.lateral_convs.0.conv.weight - torch.Size([256, 512, 1, 1]): 
XavierInit: gain=1, distribution=uniform, bias=0 

neck.lateral_convs.0.conv.bias - torch.Size([256]): 
The value is the same before and after calling `init_weights` of FCENet  

neck.lateral_convs.1.conv.weight - torch.Size([256, 1024, 1, 1]): 
XavierInit: gain=1, distribution=uniform, bias=0 

neck.lateral_convs.1.conv.bias - torch.Size([256]): 
The value is the same before and after calling `init_weights` of FCENet  

neck.lateral_convs.2.conv.weight - torch.Size([256, 2048, 1, 1]): 
XavierInit: gain=1, distribution=uniform, bias=0 

neck.lateral_convs.2.conv.bias - torch.Size([256]): 
The value is the same before and after calling `init_weights` of FCENet  

neck.fpn_convs.0.conv.weight - torch.Size([256, 256, 3, 3]): 
XavierInit: gain=1, distribution=uniform, bias=0 

neck.fpn_convs.0.conv.bias - torch.Size([256]): 
The value is the same before and after calling `init_weights` of FCENet  

neck.fpn_convs.1.conv.weight - torch.Size([256, 256, 3, 3]): 
XavierInit: gain=1, distribution=uniform, bias=0 

neck.fpn_convs.1.conv.bias - torch.Size([256]): 
The value is the same before and after calling `init_weights` of FCENet  

neck.fpn_convs.2.conv.weight - torch.Size([256, 256, 3, 3]): 
XavierInit: gain=1, distribution=uniform, bias=0 

neck.fpn_convs.2.conv.bias - torch.Size([256]): 
The value is the same before and after calling `init_weights` of FCENet  

det_head.out_conv_cls.weight - torch.Size([4, 256, 3, 3]): 
NormalInit: mean=0, std=0.01, bias=0 

det_head.out_conv_cls.bias - torch.Size([4]): 
NormalInit: mean=0, std=0.01, bias=0 

det_head.out_conv_reg.weight - torch.Size([22, 256, 3, 3]): 
NormalInit: mean=0, std=0.01, bias=0 

det_head.out_conv_reg.bias - torch.Size([22]): 
NormalInit: mean=0, std=0.01, bias=0 
2025/12/27 21:28:25 - mmengine - WARNING - "FileClient" will be deprecated in future. Please use io functions in https://mmengine.readthedocs.io/en/latest/api/fileio.html#file-io
2025/12/27 21:28:25 - mmengine - WARNING - "HardDiskBackend" is the alias of "LocalBackend" and the former will be deprecated in future.
2025/12/27 21:28:25 - mmengine - INFO - Checkpoints will be saved to /root/lanyun-tmp/mmocr/work_dirs/fcenet_r50dcnv2_fpn_1500e_art_rctw_rects_finetune.
2025/12/27 21:28:45 - mmengine - INFO - Epoch(train)   [1][  5/947]  lr: 1.0000e-04  eta: 4 days, 8:30:46  time: 3.9732  data_time: 0.8791  memory: 20443  grad_norm: inf  loss: 25.1142  loss_text: 2.9982  loss_center: 3.9361  loss_reg_x: 11.7343  loss_reg_y: 6.4456
2025/12/27 21:28:55 - mmengine - INFO - Epoch(train)   [1][ 10/947]  lr: 1.0000e-04  eta: 3 days, 7:47:18  time: 3.0335  data_time: 0.4408  memory: 19774  grad_norm: inf  loss: 25.0178  loss_text: 2.9185  loss_center: 3.9354  loss_reg_x: 11.6345  loss_reg_y: 6.5293
2025/12/27 21:29:06 - mmengine - INFO - Epoch(train)   [1][ 15/947]  lr: 1.0000e-04  eta: 3 days, 1:10:51  time: 2.1870  data_time: 0.0024  memory: 19774  grad_norm: 46.0078  loss: 25.0911  loss_text: 2.6650  loss_center: 3.9145  loss_reg_x: 11.7544  loss_reg_y: 6.7573
2025/12/27 21:29:18 - mmengine - INFO - Epoch(train)   [1][ 20/947]  lr: 1.0000e-04  eta: 2 days, 21:43:33  time: 2.2689  data_time: 0.0022  memory: 19774  grad_norm: 39.3803  loss: 24.9434  loss_text: 2.3950  loss_center: 3.8797  loss_reg_x: 11.7468  loss_reg_y: 6.9219
2025/12/27 21:29:29 - mmengine - INFO - Epoch(train)   [1][ 25/947]  lr: 1.0000e-04  eta: 2 days, 19:16:07  time: 2.2211  data_time: 0.0023  memory: 19774  grad_norm: 36.3291  loss: 24.0460  loss_text: 2.2405  loss_center: 3.8347  loss_reg_x: 11.4679  loss_reg_y: 6.5030
2025/12/27 21:29:40 - mmengine - INFO - Epoch(train)   [1][ 30/947]  lr: 1.0000e-04  eta: 2 days, 18:12:59  time: 2.2516  data_time: 0.0023  memory: 19774  grad_norm: 36.2799  loss: 23.1321  loss_text: 2.1245  loss_center: 3.7783  loss_reg_x: 11.0351  loss_reg_y: 6.1942
2025/12/27 21:29:52 - mmengine - INFO - Epoch(train)   [1][ 35/947]  lr: 1.0000e-04  eta: 2 days, 17:30:31  time: 2.3246  data_time: 0.0023  memory: 19774  grad_norm: 38.6535  loss: 22.3202  loss_text: 2.0472  loss_center: 3.7136  loss_reg_x: 10.4980  loss_reg_y: 6.0614
2025/12/27 21:30:04 - mmengine - INFO - Epoch(train)   [1][ 40/947]  lr: 1.0000e-04  eta: 2 days, 17:02:41  time: 2.3409  data_time: 0.0026  memory: 19774  grad_norm: 41.0903  loss: 21.6011  loss_text: 2.0226  loss_center: 3.6244  loss_reg_x: 10.1523  loss_reg_y: 5.8018
2025/12/27 21:30:14 - mmengine - INFO - Epoch(train)   [1][ 45/947]  lr: 1.0000e-04  eta: 2 days, 16:02:38  time: 2.2417  data_time: 0.0025  memory: 19774  grad_norm: 42.0568  loss: 20.9596  loss_text: 2.0186  loss_center: 3.5206  loss_reg_x: 9.7858  loss_reg_y: 5.6346
2025/12/27 21:30:25 - mmengine - INFO - Epoch(train)   [1][ 50/947]  lr: 1.0000e-04  eta: 2 days, 15:17:31  time: 2.1417  data_time: 0.0022  memory: 19774  grad_norm: 40.1002  loss: 20.0744  loss_text: 2.0322  loss_center: 3.4134  loss_reg_x: 9.1506  loss_reg_y: 5.4782
2025/12/27 21:30:36 - mmengine - INFO - Epoch(train)   [1][ 55/947]  lr: 1.0000e-04  eta: 2 days, 14:51:20  time: 2.1886  data_time: 0.0026  memory: 19774  grad_norm: 33.4228  loss: 19.3319  loss_text: 2.0254  loss_center: 3.3172  loss_reg_x: 8.5518  loss_reg_y: 5.4375
2025/12/27 21:30:48 - mmengine - INFO - Epoch(train)   [1][ 60/947]  lr: 1.0000e-04  eta: 2 days, 14:43:35  time: 2.2797  data_time: 0.0028  memory: 19774  grad_norm: 31.7504  loss: 18.7527  loss_text: 2.0085  loss_center: 3.2444  loss_reg_x: 8.1008  loss_reg_y: 5.3990
2025/12/27 21:30:59 - mmengine - INFO - Epoch(train)   [1][ 65/947]  lr: 1.0000e-04  eta: 2 days, 14:16:51  time: 2.2504  data_time: 0.0028  memory: 19774  grad_norm: 29.4417  loss: 18.3463  loss_text: 1.9846  loss_center: 3.2024  loss_reg_x: 7.9117  loss_reg_y: 5.2476
2025/12/27 21:31:10 - mmengine - INFO - Epoch(train)   [1][ 70/947]  lr: 1.0000e-04  eta: 2 days, 14:11:44  time: 2.2465  data_time: 0.0028  memory: 19774  grad_norm: 22.4028  loss: 18.1717  loss_text: 1.9392  loss_center: 3.1878  loss_reg_x: 8.0053  loss_reg_y: 5.0394
2025/12/27 21:31:22 - mmengine - INFO - Epoch(train)   [1][ 75/947]  lr: 1.0000e-04  eta: 2 days, 14:04:16  time: 2.3112  data_time: 0.0025  memory: 19774  grad_norm: 20.8812  loss: 18.0181  loss_text: 1.9217  loss_center: 3.1797  loss_reg_x: 7.8992  loss_reg_y: 5.0176
2025/12/27 21:31:33 - mmengine - INFO - Epoch(train)   [1][ 80/947]  lr: 1.0000e-04  eta: 2 days, 13:58:39  time: 2.3017  data_time: 0.0027  memory: 19774  grad_norm: 19.7759  loss: 17.8468  loss_text: 1.9011  loss_center: 3.1704  loss_reg_x: 7.9042  loss_reg_y: 4.8711
2025/12/27 21:31:45 - mmengine - INFO - Epoch(train)   [1][ 85/947]  lr: 1.0000e-04  eta: 2 days, 13:48:11  time: 2.2769  data_time: 0.0030  memory: 19774  grad_norm: 17.8715  loss: 18.0199  loss_text: 1.8763  loss_center: 3.1636  loss_reg_x: 7.9598  loss_reg_y: 5.0203
2025/12/27 21:31:56 - mmengine - INFO - Epoch(train)   [1][ 90/947]  lr: 1.0000e-04  eta: 2 days, 13:36:07  time: 2.2317  data_time: 0.0031  memory: 19774  grad_norm: 17.3339  loss: 18.1562  loss_text: 1.8630  loss_center: 3.1591  loss_reg_x: 7.7475  loss_reg_y: 5.3866
2025/12/27 21:32:07 - mmengine - INFO - Epoch(train)   [1][ 95/947]  lr: 1.0000e-04  eta: 2 days, 13:30:50  time: 2.2494  data_time: 0.0028  memory: 19774  grad_norm: 17.1185  loss: 18.0511  loss_text: 1.8400  loss_center: 3.1545  loss_reg_x: 7.6767  loss_reg_y: 5.3799
2025/12/27 21:32:18 - mmengine - INFO - Epoch(train)   [1][100/947]  lr: 1.0000e-04  eta: 2 days, 13:21:06  time: 2.2512  data_time: 0.0025  memory: 19774  grad_norm: 17.6695  loss: 18.0795  loss_text: 1.8222  loss_center: 3.1495  loss_reg_x: 7.8532  loss_reg_y: 5.2547
2025/12/27 21:32:29 - mmengine - INFO - Epoch(train)   [1][105/947]  lr: 1.0000e-04  eta: 2 days, 13:02:11  time: 2.1525  data_time: 0.0025  memory: 19774  grad_norm: 17.5680  loss: 18.0176  loss_text: 1.8063  loss_center: 3.1459  loss_reg_x: 7.9569  loss_reg_y: 5.1084
2025/12/27 21:32:40 - mmengine - INFO - Epoch(train)   [1][110/947]  lr: 1.0000e-04  eta: 2 days, 12:55:31  time: 2.1590  data_time: 0.0024  memory: 19774  grad_norm: 18.9289  loss: 17.7515  loss_text: 1.8012  loss_center: 3.1438  loss_reg_x: 7.7930  loss_reg_y: 5.0135
2025/12/27 21:32:52 - mmengine - INFO - Epoch(train)   [1][115/947]  lr: 1.0000e-04  eta: 2 days, 12:57:42  time: 2.2930  data_time: 0.0025  memory: 19774  grad_norm: 17.6463  loss: 17.6639  loss_text: 1.8024  loss_center: 3.1427  loss_reg_x: 7.7298  loss_reg_y: 4.9890
2025/12/27 21:33:03 - mmengine - INFO - Epoch(train)   [1][120/947]  lr: 1.0000e-04  eta: 2 days, 12:58:43  time: 2.3460  data_time: 0.0026  memory: 19774  grad_norm: 15.5027  loss: 17.6775  loss_text: 1.7854  loss_center: 3.1417  loss_reg_x: 7.6993  loss_reg_y: 5.0511
2025/12/27 21:33:14 - mmengine - INFO - Epoch(train)   [1][125/947]  lr: 1.0000e-04  eta: 2 days, 12:51:17  time: 2.2724  data_time: 0.0027  memory: 19774  grad_norm: 16.3151  loss: 17.7161  loss_text: 1.7652  loss_center: 3.1398  loss_reg_x: 7.7108  loss_reg_y: 5.1003
2025/12/27 21:33:26 - mmengine - INFO - Epoch(train)   [1][130/947]  lr: 1.0000e-04  eta: 2 days, 12:49:54  time: 2.2516  data_time: 0.0025  memory: 19774  grad_norm: 17.4136  loss: 17.7496  loss_text: 1.7511  loss_center: 3.1377  loss_reg_x: 7.8879  loss_reg_y: 4.9730
2025/12/27 21:33:37 - mmengine - INFO - Epoch(train)   [1][135/947]  lr: 1.0000e-04  eta: 2 days, 12:47:58  time: 2.2914  data_time: 0.0022  memory: 19774  grad_norm: 17.5033  loss: 17.7026  loss_text: 1.7513  loss_center: 3.1359  loss_reg_x: 7.7858  loss_reg_y: 5.0295
2025/12/27 21:33:48 - mmengine - INFO - Epoch(train)   [1][140/947]  lr: 1.0000e-04  eta: 2 days, 12:40:53  time: 2.2390  data_time: 0.0026  memory: 19774  grad_norm: 16.6423  loss: 17.6115  loss_text: 1.7498  loss_center: 3.1351  loss_reg_x: 7.7256  loss_reg_y: 5.0009
2025/12/27 21:34:00 - mmengine - INFO - Epoch(train)   [1][145/947]  lr: 1.0000e-04  eta: 2 days, 12:44:00  time: 2.2816  data_time: 0.0027  memory: 19774  grad_norm: 16.4941  loss: 17.3617  loss_text: 1.7344  loss_center: 3.1347  loss_reg_x: 7.7088  loss_reg_y: 4.7838
2025/12/27 21:34:12 - mmengine - INFO - Epoch(train)   [1][150/947]  lr: 1.0000e-04  eta: 2 days, 12:43:11  time: 2.3358  data_time: 0.0024  memory: 19774  grad_norm: 16.6382  loss: 17.1157  loss_text: 1.7371  loss_center: 3.1345  loss_reg_x: 7.6624  loss_reg_y: 4.5817
2025/12/27 21:34:23 - mmengine - INFO - Epoch(train)   [1][155/947]  lr: 1.0000e-04  eta: 2 days, 12:40:21  time: 2.2802  data_time: 0.0028  memory: 19774  grad_norm: 17.1081  loss: 16.9116  loss_text: 1.7461  loss_center: 3.1337  loss_reg_x: 7.6599  loss_reg_y: 4.3719
2025/12/27 21:34:34 - mmengine - INFO - Epoch(train)   [1][160/947]  lr: 1.0000e-04  eta: 2 days, 12:36:56  time: 2.2523  data_time: 0.0028  memory: 19774  grad_norm: 17.3604  loss: 17.0750  loss_text: 1.7329  loss_center: 3.1322  loss_reg_x: 7.6502  loss_reg_y: 4.5597
2025/12/27 21:34:46 - mmengine - INFO - Epoch(train)   [1][165/947]  lr: 1.0000e-04  eta: 2 days, 12:41:16  time: 2.3239  data_time: 0.0026  memory: 19774  grad_norm: 18.8063  loss: 17.0334  loss_text: 1.7066  loss_center: 3.1318  loss_reg_x: 7.6649  loss_reg_y: 4.5301
2025/12/27 21:34:57 - mmengine - INFO - Epoch(train)   [1][170/947]  lr: 1.0000e-04  eta: 2 days, 12:38:59  time: 2.3346  data_time: 0.0025  memory: 19774  grad_norm: 17.8493  loss: 16.9792  loss_text: 1.7019  loss_center: 3.1318  loss_reg_x: 7.7400  loss_reg_y: 4.4055
2025/12/27 21:35:09 - mmengine - INFO - Epoch(train)   [1][175/947]  lr: 1.0000e-04  eta: 2 days, 12:38:38  time: 2.2861  data_time: 0.0024  memory: 19774  grad_norm: 16.7729  loss: 17.3040  loss_text: 1.7004  loss_center: 3.1304  loss_reg_x: 7.7846  loss_reg_y: 4.6886
2025/12/27 21:35:21 - mmengine - INFO - Epoch(train)   [1][180/947]  lr: 1.0000e-04  eta: 2 days, 12:40:17  time: 2.3290  data_time: 0.0025  memory: 19774  grad_norm: 18.9727  loss: 17.3251  loss_text: 1.6957  loss_center: 3.1294  loss_reg_x: 7.8046  loss_reg_y: 4.6954
2025/12/27 21:35:32 - mmengine - INFO - Epoch(train)   [1][185/947]  lr: 1.0000e-04  eta: 2 days, 12:34:52  time: 2.2699  data_time: 0.0025  memory: 19774  grad_norm: 19.5299  loss: 17.0354  loss_text: 1.6982  loss_center: 3.1292  loss_reg_x: 7.7426  loss_reg_y: 4.4654
2025/12/27 21:35:43 - mmengine - INFO - Epoch(train)   [1][190/947]  lr: 1.0000e-04  eta: 2 days, 12:33:17  time: 2.2309  data_time: 0.0025  memory: 19774  grad_norm: 20.4147  loss: 17.0727  loss_text: 1.6895  loss_center: 3.1293  loss_reg_x: 7.6928  loss_reg_y: 4.5612
2025/12/27 21:35:54 - mmengine - INFO - Epoch(train)   [1][195/947]  lr: 1.0000e-04  eta: 2 days, 12:29:13  time: 2.2424  data_time: 0.0027  memory: 19774  grad_norm: 20.4954  loss: 17.1992  loss_text: 1.6825  loss_center: 3.1292  loss_reg_x: 7.6273  loss_reg_y: 4.7602
2025/12/27 21:36:05 - mmengine - INFO - Epoch(train)   [1][200/947]  lr: 1.0000e-04  eta: 2 days, 12:25:20  time: 2.2107  data_time: 0.0029  memory: 19774  grad_norm: 19.1728  loss: 17.0063  loss_text: 1.6627  loss_center: 3.1284  loss_reg_x: 7.7337  loss_reg_y: 4.4814
2025/12/27 21:36:16 - mmengine - INFO - Epoch(train)   [1][205/947]  lr: 1.0000e-04  eta: 2 days, 12:23:18  time: 2.2320  data_time: 0.0027  memory: 19774  grad_norm: 19.7412  loss: 16.9069  loss_text: 1.6465  loss_center: 3.1278  loss_reg_x: 7.8186  loss_reg_y: 4.3140
2025/12/27 21:36:28 - mmengine - INFO - Epoch(train)   [1][210/947]  lr: 1.0000e-04  eta: 2 days, 12:25:11  time: 2.3048  data_time: 0.0026  memory: 19774  grad_norm: 22.7955  loss: 16.8805  loss_text: 1.6618  loss_center: 3.1278  loss_reg_x: 7.5966  loss_reg_y: 4.4943
2025/12/27 21:36:40 - mmengine - INFO - Epoch(train)   [1][215/947]  lr: 1.0000e-04  eta: 2 days, 12:27:04  time: 2.3574  data_time: 0.0025  memory: 19774  grad_norm: 23.1915  loss: 16.7205  loss_text: 1.6660  loss_center: 3.1279  loss_reg_x: 7.5860  loss_reg_y: 4.3406
2025/12/27 21:36:52 - mmengine - INFO - Epoch(train)   [1][220/947]  lr: 1.0000e-04  eta: 2 days, 12:30:52  time: 2.3869  data_time: 0.0025  memory: 19774  grad_norm: 20.4549  loss: 16.8134  loss_text: 1.6557  loss_center: 3.1273  loss_reg_x: 7.7493  loss_reg_y: 4.2810
2025/12/27 21:37:04 - mmengine - INFO - Epoch(train)   [1][225/947]  lr: 1.0000e-04  eta: 2 days, 12:33:56  time: 2.4067  data_time: 0.0027  memory: 19774  grad_norm: 19.6708  loss: 16.9120  loss_text: 1.6664  loss_center: 3.1268  loss_reg_x: 7.7961  loss_reg_y: 4.3226
2025/12/27 21:37:16 - mmengine - INFO - Epoch(train)   [1][230/947]  lr: 1.0000e-04  eta: 2 days, 12:34:30  time: 2.3644  data_time: 0.0028  memory: 19774  grad_norm: 20.0802  loss: 16.6744  loss_text: 1.6734  loss_center: 3.1267  loss_reg_x: 7.7023  loss_reg_y: 4.1720
2025/12/27 21:37:27 - mmengine - INFO - Epoch(train)   [1][235/947]  lr: 1.0000e-04  eta: 2 days, 12:32:13  time: 2.2881  data_time: 0.0028  memory: 19774  grad_norm: 22.5687  loss: 16.5222  loss_text: 1.6647  loss_center: 3.1271  loss_reg_x: 7.5623  loss_reg_y: 4.1682
2025/12/27 21:37:38 - mmengine - INFO - Epoch(train)   [1][240/947]  lr: 1.0000e-04  eta: 2 days, 12:31:56  time: 2.2752  data_time: 0.0029  memory: 19774  grad_norm: 23.0938  loss: 16.4338  loss_text: 1.6623  loss_center: 3.1268  loss_reg_x: 7.5501  loss_reg_y: 4.0945
2025/12/27 21:37:51 - mmengine - INFO - Epoch(train)   [1][245/947]  lr: 1.0000e-04  eta: 2 days, 12:35:22  time: 2.3620  data_time: 0.0034  memory: 19774  grad_norm: 21.1154  loss: 16.5380  loss_text: 1.6697  loss_center: 3.1262  loss_reg_x: 7.6543  loss_reg_y: 4.0878
2025/12/27 21:38:02 - mmengine - INFO - Epoch(train)   [1][250/947]  lr: 1.0000e-04  eta: 2 days, 12:32:49  time: 2.3271  data_time: 0.0032  memory: 19774  grad_norm: 20.8068  loss: 16.5753  loss_text: 1.6677  loss_center: 3.1264  loss_reg_x: 7.5846  loss_reg_y: 4.1966
2025/12/27 21:38:13 - mmengine - INFO - Epoch(train)   [1][255/947]  lr: 1.0000e-04  eta: 2 days, 12:32:38  time: 2.2712  data_time: 0.0028  memory: 19774  grad_norm: 21.0685  loss: 16.2975  loss_text: 1.6537  loss_center: 3.1266  loss_reg_x: 7.5446  loss_reg_y: 3.9726
2025/12/27 21:38:25 - mmengine - INFO - Epoch(train)   [1][260/947]  lr: 1.0000e-04  eta: 2 days, 12:33:35  time: 2.3268  data_time: 0.0027  memory: 19774  grad_norm: 21.8893  loss: 16.5464  loss_text: 1.6524  loss_center: 3.1264  loss_reg_x: 7.5828  loss_reg_y: 4.1849
2025/12/27 21:38:36 - mmengine - INFO - Epoch(train)   [1][265/947]  lr: 1.0000e-04  eta: 2 days, 12:27:55  time: 2.2349  data_time: 0.0026  memory: 19774  grad_norm: 22.6424  loss: 16.8270  loss_text: 1.6556  loss_center: 3.1261  loss_reg_x: 7.6534  loss_reg_y: 4.3919
2025/12/27 21:38:48 - mmengine - INFO - Epoch(train)   [1][270/947]  lr: 1.0000e-04  eta: 2 days, 12:30:10  time: 2.2564  data_time: 0.0027  memory: 19774  grad_norm: 23.9366  loss: 16.3404  loss_text: 1.6566  loss_center: 3.1258  loss_reg_x: 7.6705  loss_reg_y: 3.8875
2025/12/27 21:38:59 - mmengine - INFO - Epoch(train)   [1][275/947]  lr: 1.0000e-04  eta: 2 days, 12:28:43  time: 2.3257  data_time: 0.0028  memory: 19774  grad_norm: 27.6357  loss: 16.5600  loss_text: 1.6553  loss_center: 3.1258  loss_reg_x: 7.5957  loss_reg_y: 4.1832
2025/12/27 21:39:10 - mmengine - INFO - Epoch(train)   [1][280/947]  lr: 1.0000e-04  eta: 2 days, 12:27:33  time: 2.2668  data_time: 0.0029  memory: 19774  grad_norm: 27.5965  loss: 16.9385  loss_text: 1.6498  loss_center: 3.1257  loss_reg_x: 7.6898  loss_reg_y: 4.4732
2025/12/27 21:39:22 - mmengine - INFO - Epoch(train)   [1][285/947]  lr: 1.0000e-04  eta: 2 days, 12:29:27  time: 2.3262  data_time: 0.0027  memory: 19774  grad_norm: 25.8687  loss: 16.6767  loss_text: 1.6501  loss_center: 3.1249  loss_reg_x: 7.6814  loss_reg_y: 4.2202
2025/12/27 21:39:34 - mmengine - INFO - Epoch(train)   [1][290/947]  lr: 1.0000e-04  eta: 2 days, 12:31:46  time: 2.3901  data_time: 0.0026  memory: 19774  grad_norm: 25.1131  loss: 16.5176  loss_text: 1.6324  loss_center: 3.1248  loss_reg_x: 7.6173  loss_reg_y: 4.1431
2025/12/27 21:39:46 - mmengine - INFO - Epoch(train)   [1][295/947]  lr: 1.0000e-04  eta: 2 days, 12:35:16  time: 2.4225  data_time: 0.0028  memory: 19774  grad_norm: 24.7702  loss: 16.4210  loss_text: 1.6350  loss_center: 3.1256  loss_reg_x: 7.6599  loss_reg_y: 4.0006
2025/12/27 21:39:58 - mmengine - INFO - Epoch(train)   [1][300/947]  lr: 1.0000e-04  eta: 2 days, 12:34:12  time: 2.3619  data_time: 0.0034  memory: 19774  grad_norm: 24.4404  loss: 16.3572  loss_text: 1.6330  loss_center: 3.1255  loss_reg_x: 7.6789  loss_reg_y: 3.9197
2025/12/27 21:40:09 - mmengine - INFO - Epoch(train)   [1][305/947]  lr: 1.0000e-04  eta: 2 days, 12:34:40  time: 2.3063  data_time: 0.0035  memory: 19774  grad_norm: 22.7687  loss: 16.4421  loss_text: 1.6009  loss_center: 3.1248  loss_reg_x: 7.6473  loss_reg_y: 4.0690
2025/12/27 21:40:21 - mmengine - INFO - Epoch(train)   [1][310/947]  lr: 1.0000e-04  eta: 2 days, 12:37:14  time: 2.3771  data_time: 0.0032  memory: 19774  grad_norm: 20.7886  loss: 16.7402  loss_text: 1.5890  loss_center: 3.1245  loss_reg_x: 7.6645  loss_reg_y: 4.3622
2025/12/27 21:40:34 - mmengine - INFO - Epoch(train)   [1][315/947]  lr: 1.0000e-04  eta: 2 days, 12:41:40  time: 2.4584  data_time: 0.0031  memory: 19774  grad_norm: 21.2912  loss: 16.6530  loss_text: 1.5924  loss_center: 3.1244  loss_reg_x: 7.6718  loss_reg_y: 4.2644
2025/12/27 21:40:44 - mmengine - INFO - Epoch(train)   [1][320/947]  lr: 1.0000e-04  eta: 2 days, 12:35:19  time: 2.2810  data_time: 0.0030  memory: 19774  grad_norm: 24.6023  loss: 16.3985  loss_text: 1.6272  loss_center: 3.1244  loss_reg_x: 7.6475  loss_reg_y: 3.9993
2025/12/27 21:40:56 - mmengine - INFO - Epoch(train)   [1][325/947]  lr: 1.0000e-04  eta: 2 days, 12:36:07  time: 2.2084  data_time: 0.0031  memory: 19774  grad_norm: 24.5565  loss: 16.3692  loss_text: 1.6386  loss_center: 3.1244  loss_reg_x: 7.5652  loss_reg_y: 4.0410
2025/12/27 21:41:08 - mmengine - INFO - Epoch(train)   [1][330/947]  lr: 1.0000e-04  eta: 2 days, 12:35:28  time: 2.3222  data_time: 0.0031  memory: 19774  grad_norm: 22.9184  loss: 16.4111  loss_text: 1.6272  loss_center: 3.1243  loss_reg_x: 7.5029  loss_reg_y: 4.1567
2025/12/27 21:41:19 - mmengine - INFO - Epoch(train)   [1][335/947]  lr: 1.0000e-04  eta: 2 days, 12:34:35  time: 2.2870  data_time: 0.0027  memory: 19774  grad_norm: 22.8417  loss: 16.3444  loss_text: 1.6396  loss_center: 3.1242  loss_reg_x: 7.5082  loss_reg_y: 4.0723
2025/12/27 21:41:30 - mmengine - INFO - Epoch(train)   [1][340/947]  lr: 1.0000e-04  eta: 2 days, 12:33:54  time: 2.2860  data_time: 0.0028  memory: 19774  grad_norm: 23.4935  loss: 16.1441  loss_text: 1.6262  loss_center: 3.1243  loss_reg_x: 7.4897  loss_reg_y: 3.9039
2025/12/27 21:41:42 - mmengine - INFO - Epoch(train)   [1][345/947]  lr: 1.0000e-04  eta: 2 days, 12:32:05  time: 2.2648  data_time: 0.0031  memory: 19774  grad_norm: 26.5183  loss: 16.2652  loss_text: 1.6316  loss_center: 3.1240  loss_reg_x: 7.5144  loss_reg_y: 3.9952
2025/12/27 21:41:54 - mmengine - INFO - Epoch(train)   [1][350/947]  lr: 1.0000e-04  eta: 2 days, 12:33:37  time: 2.3130  data_time: 0.0027  memory: 19774  grad_norm: 26.9095  loss: 16.3768  loss_text: 1.6258  loss_center: 3.1237  loss_reg_x: 7.5754  loss_reg_y: 4.0519
2025/12/27 21:42:05 - mmengine - INFO - Epoch(train)   [1][355/947]  lr: 1.0000e-04  eta: 2 days, 12:33:28  time: 2.3494  data_time: 0.0024  memory: 19774  grad_norm: 25.2159  loss: 16.2371  loss_text: 1.5982  loss_center: 3.1236  loss_reg_x: 7.5534  loss_reg_y: 3.9619
2025/12/27 21:42:16 - mmengine - INFO - Epoch(train)   [1][360/947]  lr: 1.0000e-04  eta: 2 days, 12:32:15  time: 2.2883  data_time: 0.0023  memory: 19774  grad_norm: 25.5527  loss: 16.1767  loss_text: 1.5975  loss_center: 3.1236  loss_reg_x: 7.4865  loss_reg_y: 3.9692
2025/12/27 21:42:29 - mmengine - INFO - Epoch(train)   [1][365/947]  lr: 1.0000e-04  eta: 2 days, 12:35:19  time: 2.3625  data_time: 0.0023  memory: 19774  grad_norm: 23.9289  loss: 16.3058  loss_text: 1.5922  loss_center: 3.1238  loss_reg_x: 7.5457  loss_reg_y: 4.0442
2025/12/27 21:42:41 - mmengine - INFO - Epoch(train)   [1][370/947]  lr: 1.0000e-04  eta: 2 days, 12:36:35  time: 2.4211  data_time: 0.0023  memory: 19774  grad_norm: 22.4101  loss: 16.2181  loss_text: 1.6031  loss_center: 3.1239  loss_reg_x: 7.5478  loss_reg_y: 3.9433
2025/12/27 21:42:53 - mmengine - INFO - Epoch(train)   [1][375/947]  lr: 1.0000e-04  eta: 2 days, 12:41:11  time: 2.4614  data_time: 0.0025  memory: 19774  grad_norm: 22.8554  loss: 16.1255  loss_text: 1.6253  loss_center: 3.1238  loss_reg_x: 7.5584  loss_reg_y: 3.8180
2025/12/27 21:43:06 - mmengine - INFO - Epoch(train)   [1][380/947]  lr: 1.0000e-04  eta: 2 days, 12:45:27  time: 2.5366  data_time: 0.0026  memory: 19774  grad_norm: 26.2661  loss: 16.3477  loss_text: 1.6201  loss_center: 3.1235  loss_reg_x: 7.5299  loss_reg_y: 4.0741
2025/12/27 21:43:17 - mmengine - INFO - Epoch(train)   [1][385/947]  lr: 1.0000e-04  eta: 2 days, 12:44:57  time: 2.4180  data_time: 0.0026  memory: 19774  grad_norm: 27.3710  loss: 16.2762  loss_text: 1.6155  loss_center: 3.1233  loss_reg_x: 7.4297  loss_reg_y: 4.1076
2025/12/27 21:43:29 - mmengine - INFO - Epoch(train)   [1][390/947]  lr: 1.0000e-04  eta: 2 days, 12:44:24  time: 2.3029  data_time: 0.0033  memory: 19774  grad_norm: 26.8402  loss: 16.0775  loss_text: 1.6331  loss_center: 3.1234  loss_reg_x: 7.3384  loss_reg_y: 3.9826
2025/12/27 21:43:41 - mmengine - INFO - Epoch(train)   [1][395/947]  lr: 1.0000e-04  eta: 2 days, 12:44:28  time: 2.3161  data_time: 0.0037  memory: 19774  grad_norm: 28.4399  loss: 16.1114  loss_text: 1.6342  loss_center: 3.1233  loss_reg_x: 7.4183  loss_reg_y: 3.9356
2025/12/27 21:43:52 - mmengine - INFO - Epoch(train)   [1][400/947]  lr: 1.0000e-04  eta: 2 days, 12:42:52  time: 2.2892  data_time: 0.0029  memory: 19774  grad_norm: 27.0452  loss: 15.9304  loss_text: 1.6056  loss_center: 3.1233  loss_reg_x: 7.4133  loss_reg_y: 3.7883
2025/12/27 21:44:04 - mmengine - INFO - Epoch(train)   [1][405/947]  lr: 1.0000e-04  eta: 2 days, 12:44:11  time: 2.3216  data_time: 0.0025  memory: 19774  grad_norm: 27.6035  loss: 15.7238  loss_text: 1.6003  loss_center: 3.1235  loss_reg_x: 7.3496  loss_reg_y: 3.6503
2025/12/27 21:44:15 - mmengine - INFO - Epoch(train)   [1][410/947]  lr: 1.0000e-04  eta: 2 days, 12:42:17  time: 2.3128  data_time: 0.0026  memory: 19774  grad_norm: 27.5768  loss: 16.1485  loss_text: 1.6044  loss_center: 3.1234  loss_reg_x: 7.5420  loss_reg_y: 3.8787
2025/12/27 21:44:27 - mmengine - INFO - Epoch(train)   [1][415/947]  lr: 1.0000e-04  eta: 2 days, 12:44:00  time: 2.3240  data_time: 0.0028  memory: 19774  grad_norm: 28.3907  loss: 16.2941  loss_text: 1.5950  loss_center: 3.1229  loss_reg_x: 7.5305  loss_reg_y: 4.0456
2025/12/27 21:44:40 - mmengine - INFO - Epoch(train)   [1][420/947]  lr: 1.0000e-04  eta: 2 days, 12:47:20  time: 2.4627  data_time: 0.0032  memory: 19774  grad_norm: 35.5138  loss: 15.9636  loss_text: 1.6219  loss_center: 3.1228  loss_reg_x: 7.3598  loss_reg_y: 3.8590
2025/12/27 21:44:51 - mmengine - INFO - Epoch(train)   [1][425/947]  lr: 1.0000e-04  eta: 2 days, 12:47:54  time: 2.4348  data_time: 0.0029  memory: 19774  grad_norm: 35.3059  loss: 15.9148  loss_text: 1.6596  loss_center: 3.1229  loss_reg_x: 7.3611  loss_reg_y: 3.7713
2025/12/27 21:45:03 - mmengine - INFO - Epoch(train)   [1][430/947]  lr: 1.0000e-04  eta: 2 days, 12:48:11  time: 2.3550  data_time: 0.0026  memory: 19774  grad_norm: 28.7872  loss: 15.8978  loss_text: 1.6418  loss_center: 3.1229  loss_reg_x: 7.3796  loss_reg_y: 3.7534
2025/12/27 21:45:15 - mmengine - INFO - Epoch(train)   [1][435/947]  lr: 1.0000e-04  eta: 2 days, 12:47:45  time: 2.3282  data_time: 0.0026  memory: 19774  grad_norm: 27.8964  loss: 15.9080  loss_text: 1.6155  loss_center: 3.1232  loss_reg_x: 7.2605  loss_reg_y: 3.9088
2025/12/27 21:45:27 - mmengine - INFO - Epoch(train)   [1][440/947]  lr: 1.0000e-04  eta: 2 days, 12:48:42  time: 2.3472  data_time: 0.0026  memory: 19774  grad_norm: 29.9945  loss: 15.8162  loss_text: 1.6151  loss_center: 3.1233  loss_reg_x: 7.2221  loss_reg_y: 3.8558
2025/12/27 21:45:39 - mmengine - INFO - Epoch(train)   [1][445/947]  lr: 1.0000e-04  eta: 2 days, 12:52:11  time: 2.4587  data_time: 0.0026  memory: 19774  grad_norm: 29.0555  loss: 15.6916  loss_text: 1.6052  loss_center: 3.1231  loss_reg_x: 7.2887  loss_reg_y: 3.6746
2025/12/27 21:45:51 - mmengine - INFO - Epoch(train)   [1][450/947]  lr: 1.0000e-04  eta: 2 days, 12:53:35  time: 2.4737  data_time: 0.0026  memory: 19774  grad_norm: 30.4100  loss: 15.9776  loss_text: 1.6227  loss_center: 3.1231  loss_reg_x: 7.2474  loss_reg_y: 3.9845
2025/12/27 21:46:03 - mmengine - INFO - Epoch(train)   [1][455/947]  lr: 1.0000e-04  eta: 2 days, 12:52:07  time: 2.3341  data_time: 0.0031  memory: 19774  grad_norm: 32.3180  loss: 16.1234  loss_text: 1.6315  loss_center: 3.1231  loss_reg_x: 7.3216  loss_reg_y: 4.0471
2025/12/27 21:46:15 - mmengine - INFO - Epoch(train)   [1][460/947]  lr: 1.0000e-04  eta: 2 days, 12:55:22  time: 2.3897  data_time: 0.0032  memory: 19774  grad_norm: 37.5423  loss: 15.8517  loss_text: 1.6220  loss_center: 3.1229  loss_reg_x: 7.3167  loss_reg_y: 3.7901
2025/12/27 21:46:26 - mmengine - INFO - Epoch(train)   [1][465/947]  lr: 1.0000e-04  eta: 2 days, 12:53:36  time: 2.3803  data_time: 0.0027  memory: 19774  grad_norm: 41.5123  loss: 15.9837  loss_text: 1.6118  loss_center: 3.1227  loss_reg_x: 7.3231  loss_reg_y: 3.9261
2025/12/27 21:46:38 - mmengine - INFO - Epoch(train)   [1][470/947]  lr: 1.0000e-04  eta: 2 days, 12:54:25  time: 2.3103  data_time: 0.0028  memory: 19774  grad_norm: 33.4936  loss: 16.2728  loss_text: 1.5915  loss_center: 3.1227  loss_reg_x: 7.5251  loss_reg_y: 4.0335
2025/12/27 21:46:50 - mmengine - INFO - Epoch(train)   [1][475/947]  lr: 1.0000e-04  eta: 2 days, 12:54:07  time: 2.3539  data_time: 0.0027  memory: 19774  grad_norm: 32.7183  loss: 15.9490  loss_text: 1.5991  loss_center: 3.1224  loss_reg_x: 7.4052  loss_reg_y: 3.8223
2025/12/27 21:47:02 - mmengine - INFO - Epoch(train)   [1][480/947]  lr: 1.0000e-04  eta: 2 days, 12:54:09  time: 2.3304  data_time: 0.0025  memory: 19774  grad_norm: 36.7151  loss: 15.8713  loss_text: 1.6013  loss_center: 3.1225  loss_reg_x: 7.1785  loss_reg_y: 3.9691
2025/12/27 21:47:13 - mmengine - INFO - Epoch(train)   [1][485/947]  lr: 1.0000e-04  eta: 2 days, 12:53:14  time: 2.3112  data_time: 0.0025  memory: 19774  grad_norm: 34.4668  loss: 15.8567  loss_text: 1.5797  loss_center: 3.1229  loss_reg_x: 7.2090  loss_reg_y: 3.9451
2025/12/27 21:47:25 - mmengine - INFO - Epoch(train)   [1][490/947]  lr: 1.0000e-04  eta: 2 days, 12:52:59  time: 2.3029  data_time: 0.0025  memory: 19774  grad_norm: 34.3942  loss: 15.5078  loss_text: 1.6007  loss_center: 3.1229  loss_reg_x: 7.2067  loss_reg_y: 3.5775
2025/12/27 21:47:36 - mmengine - INFO - Epoch(train)   [1][495/947]  lr: 1.0000e-04  eta: 2 days, 12:52:52  time: 2.3273  data_time: 0.0025  memory: 19774  grad_norm: 33.9513  loss: 15.5661  loss_text: 1.5935  loss_center: 3.1227  loss_reg_x: 7.2193  loss_reg_y: 3.6306
2025/12/27 21:47:48 - mmengine - INFO - Epoch(train)   [1][500/947]  lr: 1.0000e-04  eta: 2 days, 12:51:56  time: 2.3051  data_time: 0.0024  memory: 19774  grad_norm: 32.2971  loss: 15.7998  loss_text: 1.5716  loss_center: 3.1226  loss_reg_x: 7.3583  loss_reg_y: 3.7472
2025/12/27 21:48:00 - mmengine - INFO - Epoch(train)   [1][505/947]  lr: 1.0000e-04  eta: 2 days, 12:52:39  time: 2.3324  data_time: 0.0023  memory: 19774  grad_norm: 32.3461  loss: 15.7104  loss_text: 1.5871  loss_center: 3.1223  loss_reg_x: 7.1836  loss_reg_y: 3.8174
2025/12/27 21:48:11 - mmengine - INFO - Epoch(train)   [1][510/947]  lr: 1.0000e-04  eta: 2 days, 12:50:51  time: 2.3037  data_time: 0.0024  memory: 19774  grad_norm: 34.6204  loss: 15.5359  loss_text: 1.5945  loss_center: 3.1223  loss_reg_x: 7.0339  loss_reg_y: 3.7853
2025/12/27 21:48:23 - mmengine - INFO - Epoch(train)   [1][515/947]  lr: 1.0000e-04  eta: 2 days, 12:52:00  time: 2.3178  data_time: 0.0025  memory: 19774  grad_norm: 34.6270  loss: 15.6149  loss_text: 1.5762  loss_center: 3.1226  loss_reg_x: 7.1267  loss_reg_y: 3.7894
2025/12/27 21:48:34 - mmengine - INFO - Epoch(train)   [1][520/947]  lr: 1.0000e-04  eta: 2 days, 12:51:20  time: 2.3543  data_time: 0.0024  memory: 19774  grad_norm: 33.6281  loss: 15.7485  loss_text: 1.5748  loss_center: 3.1226  loss_reg_x: 7.2141  loss_reg_y: 3.8371
2025/12/27 21:48:46 - mmengine - INFO - Epoch(train)   [1][525/947]  lr: 1.0000e-04  eta: 2 days, 12:50:52  time: 2.3014  data_time: 0.0025  memory: 19774  grad_norm: 32.0975  loss: 15.5717  loss_text: 1.5709  loss_center: 3.1225  loss_reg_x: 7.1600  loss_reg_y: 3.7183
2025/12/27 21:48:58 - mmengine - INFO - Epoch(train)   [1][530/947]  lr: 1.0000e-04  eta: 2 days, 12:52:58  time: 2.3946  data_time: 0.0024  memory: 19774  grad_norm: 30.8992  loss: 15.3280  loss_text: 1.5733  loss_center: 3.1226  loss_reg_x: 6.9845  loss_reg_y: 3.6476
2025/12/27 21:49:10 - mmengine - INFO - Epoch(train)   [1][535/947]  lr: 1.0000e-04  eta: 2 days, 12:51:57  time: 2.3764  data_time: 0.0024  memory: 19774  grad_norm: 30.8203  loss: 15.4214  loss_text: 1.5836  loss_center: 3.1227  loss_reg_x: 7.0708  loss_reg_y: 3.6442
2025/12/27 21:49:21 - mmengine - INFO - Epoch(train)   [1][540/947]  lr: 1.0000e-04  eta: 2 days, 12:50:30  time: 2.2559  data_time: 0.0026  memory: 19774  grad_norm: 31.6151  loss: 15.3836  loss_text: 1.5784  loss_center: 3.1226  loss_reg_x: 7.1397  loss_reg_y: 3.5428
2025/12/27 21:49:32 - mmengine - INFO - Epoch(train)   [1][545/947]  lr: 1.0000e-04  eta: 2 days, 12:49:44  time: 2.2633  data_time: 0.0024  memory: 19774  grad_norm: 31.6413  loss: 15.3237  loss_text: 1.5807  loss_center: 3.1225  loss_reg_x: 7.1197  loss_reg_y: 3.5008
2025/12/27 21:49:46 - mmengine - INFO - Epoch(train)   [1][550/947]  lr: 1.0000e-04  eta: 2 days, 12:54:14  time: 2.4704  data_time: 0.0023  memory: 19774  grad_norm: 28.9439  loss: 15.2192  loss_text: 1.5533  loss_center: 3.1226  loss_reg_x: 7.0048  loss_reg_y: 3.5384
2025/12/27 21:49:58 - mmengine - INFO - Epoch(train)   [1][555/947]  lr: 1.0000e-04  eta: 2 days, 12:55:23  time: 2.5392  data_time: 0.0026  memory: 19774  grad_norm: 28.2195  loss: 15.1724  loss_text: 1.5474  loss_center: 3.1226  loss_reg_x: 6.9573  loss_reg_y: 3.5450
2025/12/27 21:50:09 - mmengine - INFO - Epoch(train)   [1][560/947]  lr: 1.0000e-04  eta: 2 days, 12:53:44  time: 2.3252  data_time: 0.0027  memory: 19774  grad_norm: 30.6826  loss: 15.3704  loss_text: 1.5660  loss_center: 3.1223  loss_reg_x: 7.1486  loss_reg_y: 3.5335
2025/12/27 21:50:20 - mmengine - INFO - Epoch(train)   [1][565/947]  lr: 1.0000e-04  eta: 2 days, 12:53:12  time: 2.2650  data_time: 0.0025  memory: 19774  grad_norm: 34.2637  loss: 15.3510  loss_text: 1.5806  loss_center: 3.1221  loss_reg_x: 7.0304  loss_reg_y: 3.6179
2025/12/27 21:50:32 - mmengine - INFO - Epoch(train)   [1][570/947]  lr: 1.0000e-04  eta: 2 days, 12:51:54  time: 2.2763  data_time: 0.0024  memory: 19774  grad_norm: 36.3915  loss: 15.3207  loss_text: 1.5857  loss_center: 3.1223  loss_reg_x: 6.8379  loss_reg_y: 3.7747
2025/12/27 21:50:43 - mmengine - INFO - Epoch(train)   [1][575/947]  lr: 1.0000e-04  eta: 2 days, 12:51:09  time: 2.2679  data_time: 0.0026  memory: 19774  grad_norm: 37.8508  loss: 15.4186  loss_text: 1.5781  loss_center: 3.1223  loss_reg_x: 6.9169  loss_reg_y: 3.8013
2025/12/27 21:50:54 - mmengine - INFO - Epoch(train)   [1][580/947]  lr: 1.0000e-04  eta: 2 days, 12:49:26  time: 2.2507  data_time: 0.0025  memory: 19774  grad_norm: 39.8386  loss: 15.4504  loss_text: 1.5844  loss_center: 3.1220  loss_reg_x: 6.9238  loss_reg_y: 3.8201
2025/12/27 21:51:05 - mmengine - INFO - Epoch(train)   [1][585/947]  lr: 1.0000e-04  eta: 2 days, 12:47:46  time: 2.2155  data_time: 0.0022  memory: 19774  grad_norm: 42.0605  loss: 15.4634  loss_text: 1.5940  loss_center: 3.1220  loss_reg_x: 6.9115  loss_reg_y: 3.8358
2025/12/27 21:51:16 - mmengine - INFO - Epoch(train)   [1][590/947]  lr: 1.0000e-04  eta: 2 days, 12:46:15  time: 2.2213  data_time: 0.0022  memory: 19774  grad_norm: 41.1769  loss: 15.2829  loss_text: 1.5721  loss_center: 3.1222  loss_reg_x: 6.9185  loss_reg_y: 3.6701
2025/12/27 21:51:28 - mmengine - INFO - Epoch(train)   [1][595/947]  lr: 1.0000e-04  eta: 2 days, 12:45:09  time: 2.2409  data_time: 0.0023  memory: 19774  grad_norm: 40.4371  loss: 15.0642  loss_text: 1.5778  loss_center: 3.1221  loss_reg_x: 6.9115  loss_reg_y: 3.4528
2025/12/27 21:51:39 - mmengine - INFO - Epoch(train)   [1][600/947]  lr: 1.0000e-04  eta: 2 days, 12:43:18  time: 2.2264  data_time: 0.0025  memory: 19774  grad_norm: 38.1805  loss: 15.1854  loss_text: 1.5950  loss_center: 3.1220  loss_reg_x: 6.9482  loss_reg_y: 3.5202
2025/12/27 21:51:49 - mmengine - INFO - Epoch(train)   [1][605/947]  lr: 1.0000e-04  eta: 2 days, 12:41:00  time: 2.1794  data_time: 0.0025  memory: 19774  grad_norm: 33.5467  loss: 15.3736  loss_text: 1.5655  loss_center: 3.1220  loss_reg_x: 7.0181  loss_reg_y: 3.6680
2025/12/27 21:52:01 - mmengine - INFO - Epoch(train)   [1][610/947]  lr: 1.0000e-04  eta: 2 days, 12:41:45  time: 2.2782  data_time: 0.0026  memory: 19774  grad_norm: 41.5875  loss: 15.4027  loss_text: 1.5673  loss_center: 3.1218  loss_reg_x: 6.9050  loss_reg_y: 3.8086
2025/12/27 21:52:13 - mmengine - INFO - Epoch(train)   [1][615/947]  lr: 1.0000e-04  eta: 2 days, 12:41:21  time: 2.3506  data_time: 0.0027  memory: 19774  grad_norm: 45.2633  loss: 15.3674  loss_text: 1.5876  loss_center: 3.1219  loss_reg_x: 6.9080  loss_reg_y: 3.7500
2025/12/27 21:52:24 - mmengine - INFO - Epoch(train)   [1][620/947]  lr: 1.0000e-04  eta: 2 days, 12:40:53  time: 2.3030  data_time: 0.0026  memory: 19774  grad_norm: 40.3098  loss: 15.4645  loss_text: 1.5971  loss_center: 3.1220  loss_reg_x: 7.0719  loss_reg_y: 3.6736
2025/12/27 21:52:37 - mmengine - INFO - Epoch(train)   [1][625/947]  lr: 1.0000e-04  eta: 2 days, 12:42:27  time: 2.3812  data_time: 0.0025  memory: 19774  grad_norm: 43.8592  loss: 15.5365  loss_text: 1.5824  loss_center: 3.1217  loss_reg_x: 6.9796  loss_reg_y: 3.8528
2025/12/27 21:52:49 - mmengine - INFO - Epoch(train)   [1][630/947]  lr: 1.0000e-04  eta: 2 days, 12:44:22  time: 2.4779  data_time: 0.0026  memory: 19774  grad_norm: 42.9049  loss: 15.1877  loss_text: 1.5471  loss_center: 3.1215  loss_reg_x: 6.8879  loss_reg_y: 3.6313
2025/12/27 21:53:00 - mmengine - INFO - Epoch(train)   [1][635/947]  lr: 1.0000e-04  eta: 2 days, 12:43:07  time: 2.3657  data_time: 0.0025  memory: 19774  grad_norm: 41.7107  loss: 15.3281  loss_text: 1.5501  loss_center: 3.1217  loss_reg_x: 6.7231  loss_reg_y: 3.9331
2025/12/27 21:53:11 - mmengine - INFO - Epoch(train)   [1][640/947]  lr: 1.0000e-04  eta: 2 days, 12:41:29  time: 2.2226  data_time: 0.0024  memory: 19774  grad_norm: 40.0795  loss: 15.5054  loss_text: 1.5681  loss_center: 3.1217  loss_reg_x: 6.7914  loss_reg_y: 4.0242
2025/12/27 21:53:23 - mmengine - INFO - Epoch(train)   [1][645/947]  lr: 1.0000e-04  eta: 2 days, 12:40:48  time: 2.2448  data_time: 0.0025  memory: 19774  grad_norm: 39.1779  loss: 15.2838  loss_text: 1.6036  loss_center: 3.1216  loss_reg_x: 6.9397  loss_reg_y: 3.6189
2025/12/27 21:53:34 - mmengine - INFO - Epoch(train)   [1][650/947]  lr: 1.0000e-04  eta: 2 days, 12:40:48  time: 2.3103  data_time: 0.0024  memory: 19774  grad_norm: 41.0838  loss: 15.3808  loss_text: 1.5983  loss_center: 3.1217  loss_reg_x: 6.8580  loss_reg_y: 3.8028
2025/12/27 21:53:46 - mmengine - INFO - Epoch(train)   [1][655/947]  lr: 1.0000e-04  eta: 2 days, 12:41:23  time: 2.3632  data_time: 0.0023  memory: 19774  grad_norm: 41.3842  loss: 15.4897  loss_text: 1.5762  loss_center: 3.1216  loss_reg_x: 6.8253  loss_reg_y: 3.9666
2025/12/27 21:53:58 - mmengine - INFO - Epoch(train)   [1][660/947]  lr: 1.0000e-04  eta: 2 days, 12:40:25  time: 2.3227  data_time: 0.0023  memory: 19774  grad_norm: 40.8845  loss: 15.4468  loss_text: 1.5746  loss_center: 3.1215  loss_reg_x: 6.8966  loss_reg_y: 3.8541
2025/12/27 21:54:09 - mmengine - INFO - Epoch(train)   [1][665/947]  lr: 1.0000e-04  eta: 2 days, 12:39:43  time: 2.2688  data_time: 0.0024  memory: 19774  grad_norm: 40.1517  loss: 15.1441  loss_text: 1.5631  loss_center: 3.1215  loss_reg_x: 6.8230  loss_reg_y: 3.6365
2025/12/27 21:54:21 - mmengine - INFO - Epoch(train)   [1][670/947]  lr: 1.0000e-04  eta: 2 days, 12:39:20  time: 2.2928  data_time: 0.0024  memory: 19774  grad_norm: 39.7605  loss: 14.8876  loss_text: 1.5644  loss_center: 3.1215  loss_reg_x: 6.6513  loss_reg_y: 3.5505
2025/12/27 21:54:32 - mmengine - INFO - Epoch(train)   [1][675/947]  lr: 1.0000e-04  eta: 2 days, 12:39:18  time: 2.3212  data_time: 0.0025  memory: 19774  grad_norm: 40.2795  loss: 14.9149  loss_text: 1.5709  loss_center: 3.1214  loss_reg_x: 6.6180  loss_reg_y: 3.6046
2025/12/27 21:54:44 - mmengine - INFO - Epoch(train)   [1][680/947]  lr: 1.0000e-04  eta: 2 days, 12:39:08  time: 2.3309  data_time: 0.0024  memory: 19774  grad_norm: 41.2290  loss: 15.0564  loss_text: 1.5820  loss_center: 3.1215  loss_reg_x: 6.6281  loss_reg_y: 3.7248
2025/12/27 21:54:55 - mmengine - INFO - Epoch(train)   [1][685/947]  lr: 1.0000e-04  eta: 2 days, 12:38:26  time: 2.3010  data_time: 0.0024  memory: 19774  grad_norm: 41.0294  loss: 15.1527  loss_text: 1.5767  loss_center: 3.1216  loss_reg_x: 6.7091  loss_reg_y: 3.7453
2025/12/27 21:55:07 - mmengine - INFO - Epoch(train)   [1][690/947]  lr: 1.0000e-04  eta: 2 days, 12:37:41  time: 2.2757  data_time: 0.0028  memory: 19774  grad_norm: 41.1426  loss: 15.0530  loss_text: 1.5746  loss_center: 3.1216  loss_reg_x: 6.7313  loss_reg_y: 3.6255
2025/12/27 21:55:18 - mmengine - INFO - Epoch(train)   [1][695/947]  lr: 1.0000e-04  eta: 2 days, 12:37:13  time: 2.2851  data_time: 0.0026  memory: 19774  grad_norm: 40.3580  loss: 14.9423  loss_text: 1.5887  loss_center: 3.1215  loss_reg_x: 6.6038  loss_reg_y: 3.6283
2025/12/27 21:55:30 - mmengine - INFO - Epoch(train)   [1][700/947]  lr: 1.0000e-04  eta: 2 days, 12:37:09  time: 2.3151  data_time: 0.0025  memory: 19774  grad_norm: 41.5417  loss: 15.1038  loss_text: 1.5918  loss_center: 3.1215  loss_reg_x: 6.5928  loss_reg_y: 3.7978
2025/12/27 21:55:41 - mmengine - INFO - Epoch(train)   [1][705/947]  lr: 1.0000e-04  eta: 2 days, 12:36:38  time: 2.3130  data_time: 0.0026  memory: 19774  grad_norm: 39.4833  loss: 15.1600  loss_text: 1.5816  loss_center: 3.1214  loss_reg_x: 6.6908  loss_reg_y: 3.7662
2025/12/27 21:55:53 - mmengine - INFO - Epoch(train)   [1][710/947]  lr: 1.0000e-04  eta: 2 days, 12:37:19  time: 2.3467  data_time: 0.0026  memory: 19774  grad_norm: 37.0230  loss: 14.9582  loss_text: 1.5681  loss_center: 3.1211  loss_reg_x: 6.7845  loss_reg_y: 3.4844
2025/12/27 21:56:05 - mmengine - INFO - Epoch(train)   [1][715/947]  lr: 1.0000e-04  eta: 2 days, 12:37:59  time: 2.4004  data_time: 0.0027  memory: 19774  grad_norm: 39.5201  loss: 14.9639  loss_text: 1.5562  loss_center: 3.1211  loss_reg_x: 6.7890  loss_reg_y: 3.4977
2025/12/27 21:56:17 - mmengine - INFO - Epoch(train)   [1][720/947]  lr: 1.0000e-04  eta: 2 days, 12:36:49  time: 2.3164  data_time: 0.0025  memory: 19774  grad_norm: 39.6250  loss: 15.0294  loss_text: 1.5779  loss_center: 3.1212  loss_reg_x: 6.6654  loss_reg_y: 3.6649
2025/12/27 21:56:28 - mmengine - INFO - Epoch(train)   [1][725/947]  lr: 1.0000e-04  eta: 2 days, 12:37:04  time: 2.2983  data_time: 0.0024  memory: 19774  grad_norm: 40.8885  loss: 15.0632  loss_text: 1.5761  loss_center: 3.1213  loss_reg_x: 6.5939  loss_reg_y: 3.7719
2025/12/27 21:56:40 - mmengine - INFO - Epoch(train)   [1][730/947]  lr: 1.0000e-04  eta: 2 days, 12:36:33  time: 2.3279  data_time: 0.0024  memory: 19774  grad_norm: 39.9409  loss: 15.1821  loss_text: 1.5412  loss_center: 3.1213  loss_reg_x: 6.6985  loss_reg_y: 3.8212
2025/12/27 21:56:51 - mmengine - INFO - Epoch(train)   [1][735/947]  lr: 1.0000e-04  eta: 2 days, 12:35:18  time: 2.2572  data_time: 0.0023  memory: 19774  grad_norm: inf  loss: 15.1621  loss_text: 1.5629  loss_center: 3.1213  loss_reg_x: 6.7504  loss_reg_y: 3.7275
2025/12/27 21:57:03 - mmengine - INFO - Epoch(train)   [1][740/947]  lr: 1.0000e-04  eta: 2 days, 12:36:25  time: 2.3332  data_time: 0.0026  memory: 19774  grad_norm: inf  loss: 14.9327  loss_text: 1.5788  loss_center: 3.1214  loss_reg_x: 6.6931  loss_reg_y: 3.5394
2025/12/27 21:57:14 - mmengine - INFO - Epoch(train)   [1][745/947]  lr: 1.0000e-04  eta: 2 days, 12:35:22  time: 2.3429  data_time: 0.0026  memory: 19774  grad_norm: 41.6774  loss: 14.8095  loss_text: 1.5655  loss_center: 3.1215  loss_reg_x: 6.6991  loss_reg_y: 3.4234
2025/12/27 21:57:25 - mmengine - INFO - Epoch(train)   [1][750/947]  lr: 1.0000e-04  eta: 2 days, 12:33:55  time: 2.2215  data_time: 0.0022  memory: 19774  grad_norm: 42.6169  loss: 14.8123  loss_text: 1.5766  loss_center: 3.1214  loss_reg_x: 6.5881  loss_reg_y: 3.5262
2025/12/27 21:57:37 - mmengine - INFO - Epoch(train)   [1][755/947]  lr: 1.0000e-04  eta: 2 days, 12:33:22  time: 2.2440  data_time: 0.0021  memory: 19774  grad_norm: 45.7954  loss: 14.8069  loss_text: 1.5484  loss_center: 3.1213  loss_reg_x: 6.5019  loss_reg_y: 3.6352
2025/12/27 21:57:48 - mmengine - INFO - Epoch(train)   [1][760/947]  lr: 1.0000e-04  eta: 2 days, 12:32:33  time: 2.2732  data_time: 0.0024  memory: 19774  grad_norm: 46.9966  loss: 14.9598  loss_text: 1.5529  loss_center: 3.1214  loss_reg_x: 6.6024  loss_reg_y: 3.6832
2025/12/27 21:57:59 - mmengine - INFO - Epoch(train)   [1][765/947]  lr: 1.0000e-04  eta: 2 days, 12:31:09  time: 2.2308  data_time: 0.0025  memory: 19774  grad_norm: 45.7199  loss: 14.8322  loss_text: 1.5818  loss_center: 3.1213  loss_reg_x: 6.5179  loss_reg_y: 3.6113
2025/12/27 21:58:11 - mmengine - INFO - Epoch(train)   [1][770/947]  lr: 1.0000e-04  eta: 2 days, 12:31:02  time: 2.2644  data_time: 0.0022  memory: 19774  grad_norm: 46.7445  loss: 14.8421  loss_text: 1.5787  loss_center: 3.1214  loss_reg_x: 6.4553  loss_reg_y: 3.6868
2025/12/27 21:58:21 - mmengine - INFO - Epoch(train)   [1][775/947]  lr: 1.0000e-04  eta: 2 days, 12:28:51  time: 2.2248  data_time: 0.0023  memory: 19774  grad_norm: 51.0115  loss: 14.9824  loss_text: 1.5724  loss_center: 3.1213  loss_reg_x: 6.5760  loss_reg_y: 3.7128
2025/12/27 21:58:33 - mmengine - INFO - Epoch(train)   [1][780/947]  lr: 1.0000e-04  eta: 2 days, 12:28:41  time: 2.2213  data_time: 0.0024  memory: 19774  grad_norm: 48.1082  loss: 14.8926  loss_text: 1.5569  loss_center: 3.1212  loss_reg_x: 6.6074  loss_reg_y: 3.6071
2025/12/27 21:58:44 - mmengine - INFO - Epoch(train)   [1][785/947]  lr: 1.0000e-04  eta: 2 days, 12:27:10  time: 2.2533  data_time: 0.0022  memory: 19774  grad_norm: 43.0718  loss: 14.9786  loss_text: 1.5587  loss_center: 3.1214  loss_reg_x: 6.5157  loss_reg_y: 3.7828
2025/12/27 21:58:55 - mmengine - INFO - Epoch(train)   [1][790/947]  lr: 1.0000e-04  eta: 2 days, 12:25:52  time: 2.1953  data_time: 0.0022  memory: 19774  grad_norm: 45.8043  loss: 14.8731  loss_text: 1.5611  loss_center: 3.1214  loss_reg_x: 6.5000  loss_reg_y: 3.6906
2025/12/27 21:59:06 - mmengine - INFO - Epoch(train)   [1][795/947]  lr: 1.0000e-04  eta: 2 days, 12:24:56  time: 2.2228  data_time: 0.0024  memory: 19774  grad_norm: 49.8682  loss: 14.6774  loss_text: 1.5661  loss_center: 3.1212  loss_reg_x: 6.5613  loss_reg_y: 3.4288
2025/12/27 21:59:18 - mmengine - INFO - Epoch(train)   [1][800/947]  lr: 1.0000e-04  eta: 2 days, 12:25:27  time: 2.3152  data_time: 0.0025  memory: 19774  grad_norm: 47.4979  loss: 14.6337  loss_text: 1.5285  loss_center: 3.1211  loss_reg_x: 6.5208  loss_reg_y: 3.4632
2025/12/27 21:59:30 - mmengine - INFO - Epoch(train)   [1][805/947]  lr: 1.0000e-04  eta: 2 days, 12:25:14  time: 2.3515  data_time: 0.0024  memory: 19774  grad_norm: 43.5681  loss: 14.7539  loss_text: 1.5680  loss_center: 3.1212  loss_reg_x: 6.5874  loss_reg_y: 3.4773
2025/12/27 21:59:41 - mmengine - INFO - Epoch(train)   [1][810/947]  lr: 1.0000e-04  eta: 2 days, 12:23:58  time: 2.2603  data_time: 0.0023  memory: 19774  grad_norm: 44.8261  loss: 14.9002  loss_text: 1.6148  loss_center: 3.1212  loss_reg_x: 6.5472  loss_reg_y: 3.6170
2025/12/27 21:59:53 - mmengine - INFO - Epoch(train)   [1][815/947]  lr: 1.0000e-04  eta: 2 days, 12:25:01  time: 2.3257  data_time: 0.0029  memory: 19774  grad_norm: 44.9244  loss: 14.9297  loss_text: 1.5651  loss_center: 3.1211  loss_reg_x: 6.4908  loss_reg_y: 3.7528
2025/12/27 22:00:04 - mmengine - INFO - Epoch(train)   [1][820/947]  lr: 1.0000e-04  eta: 2 days, 12:23:42  time: 2.3222  data_time: 0.0029  memory: 19774  grad_norm: 42.2055  loss: 14.8779  loss_text: 1.5517  loss_center: 3.1210  loss_reg_x: 6.5726  loss_reg_y: 3.6326
2025/12/27 22:00:15 - mmengine - INFO - Epoch(train)   [1][825/947]  lr: 1.0000e-04  eta: 2 days, 12:22:00  time: 2.1777  data_time: 0.0023  memory: 19774  grad_norm: 41.5491  loss: 14.6839  loss_text: 1.5539  loss_center: 3.1209  loss_reg_x: 6.5354  loss_reg_y: 3.4736
2025/12/27 22:00:26 - mmengine - INFO - Epoch(train)   [1][830/947]  lr: 1.0000e-04  eta: 2 days, 12:21:41  time: 2.2292  data_time: 0.0023  memory: 19774  grad_norm: 43.3049  loss: 14.5231  loss_text: 1.5651  loss_center: 3.1210  loss_reg_x: 6.4354  loss_reg_y: 3.4016
2025/12/27 22:00:37 - mmengine - INFO - Epoch(train)   [1][835/947]  lr: 1.0000e-04  eta: 2 days, 12:20:48  time: 2.2723  data_time: 0.0024  memory: 19774  grad_norm: 48.2648  loss: 14.6458  loss_text: 1.5787  loss_center: 3.1210  loss_reg_x: 6.3903  loss_reg_y: 3.5558
2025/12/27 22:00:49 - mmengine - INFO - Epoch(train)   [1][840/947]  lr: 1.0000e-04  eta: 2 days, 12:20:57  time: 2.2959  data_time: 0.0026  memory: 19774  grad_norm: 49.0328  loss: 14.8342  loss_text: 1.5527  loss_center: 3.1209  loss_reg_x: 6.4500  loss_reg_y: 3.7106
2025/12/27 22:01:00 - mmengine - INFO - Epoch(train)   [1][845/947]  lr: 1.0000e-04  eta: 2 days, 12:19:46  time: 2.2790  data_time: 0.0025  memory: 19774  grad_norm: 45.6548  loss: 14.7561  loss_text: 1.5707  loss_center: 3.1208  loss_reg_x: 6.4775  loss_reg_y: 3.5870
2025/12/27 22:01:11 - mmengine - INFO - Epoch(train)   [1][850/947]  lr: 1.0000e-04  eta: 2 days, 12:19:07  time: 2.2368  data_time: 0.0023  memory: 19774  grad_norm: 45.7915  loss: 14.7224  loss_text: 1.5609  loss_center: 3.1208  loss_reg_x: 6.4439  loss_reg_y: 3.5967
2025/12/27 22:01:23 - mmengine - INFO - Epoch(train)   [1][855/947]  lr: 1.0000e-04  eta: 2 days, 12:18:37  time: 2.2721  data_time: 0.0023  memory: 19774  grad_norm: 51.1651  loss: 14.7152  loss_text: 1.5505  loss_center: 3.1209  loss_reg_x: 6.3892  loss_reg_y: 3.6547
2025/12/27 22:01:34 - mmengine - INFO - Epoch(train)   [1][860/947]  lr: 1.0000e-04  eta: 2 days, 12:18:02  time: 2.2746  data_time: 0.0022  memory: 19774  grad_norm: 50.1474  loss: 14.7453  loss_text: 1.5899  loss_center: 3.1212  loss_reg_x: 6.3614  loss_reg_y: 3.6728
2025/12/27 22:01:45 - mmengine - INFO - Epoch(train)   [1][865/947]  lr: 1.0000e-04  eta: 2 days, 12:16:46  time: 2.2332  data_time: 0.0021  memory: 19774  grad_norm: 51.8905  loss: 14.9396  loss_text: 1.5674  loss_center: 3.1211  loss_reg_x: 6.4450  loss_reg_y: 3.8061
2025/12/27 22:01:57 - mmengine - INFO - Epoch(train)   [1][870/947]  lr: 1.0000e-04  eta: 2 days, 12:16:17  time: 2.2378  data_time: 0.0021  memory: 19774  grad_norm: 52.4693  loss: 14.7644  loss_text: 1.5560  loss_center: 3.1209  loss_reg_x: 6.4374  loss_reg_y: 3.6502
2025/12/27 22:02:07 - mmengine - INFO - Epoch(train)   [1][875/947]  lr: 1.0000e-04  eta: 2 days, 12:14:30  time: 2.2071  data_time: 0.0021  memory: 19774  grad_norm: 49.0776  loss: 14.8303  loss_text: 1.5643  loss_center: 3.1209  loss_reg_x: 6.4570  loss_reg_y: 3.6881
2025/12/27 22:02:19 - mmengine - INFO - Epoch(train)   [1][880/947]  lr: 1.0000e-04  eta: 2 days, 12:14:41  time: 2.2443  data_time: 0.0021  memory: 19774  grad_norm: 51.5756  loss: 14.9300  loss_text: 1.5384  loss_center: 3.1210  loss_reg_x: 6.4906  loss_reg_y: 3.7801
2025/12/27 22:02:31 - mmengine - INFO - Epoch(train)   [1][885/947]  lr: 1.0000e-04  eta: 2 days, 12:14:36  time: 2.3390  data_time: 0.0023  memory: 19774  grad_norm: 52.8615  loss: 14.6566  loss_text: 1.5455  loss_center: 3.1210  loss_reg_x: 6.4253  loss_reg_y: 3.5648
2025/12/27 22:02:42 - mmengine - INFO - Epoch(train)   [1][890/947]  lr: 1.0000e-04  eta: 2 days, 12:14:13  time: 2.3065  data_time: 0.0023  memory: 19774  grad_norm: 54.3250  loss: 14.6786  loss_text: 1.5522  loss_center: 3.1209  loss_reg_x: 6.5183  loss_reg_y: 3.4872
2025/12/27 22:02:54 - mmengine - INFO - Epoch(train)   [1][895/947]  lr: 1.0000e-04  eta: 2 days, 12:13:51  time: 2.2905  data_time: 0.0023  memory: 19774  grad_norm: 53.6374  loss: 14.8184  loss_text: 1.5469  loss_center: 3.1208  loss_reg_x: 6.5583  loss_reg_y: 3.5923
2025/12/27 22:03:05 - mmengine - INFO - Epoch(train)   [1][900/947]  lr: 1.0000e-04  eta: 2 days, 12:13:10  time: 2.2739  data_time: 0.0023  memory: 19774  grad_norm: 53.0933  loss: 14.7130  loss_text: 1.5466  loss_center: 3.1209  loss_reg_x: 6.4427  loss_reg_y: 3.6028
2025/12/27 22:03:16 - mmengine - INFO - Epoch(train)   [1][905/947]  lr: 1.0000e-04  eta: 2 days, 12:12:49  time: 2.2743  data_time: 0.0024  memory: 19774  grad_norm: 51.0778  loss: 14.5877  loss_text: 1.5424  loss_center: 3.1210  loss_reg_x: 6.4098  loss_reg_y: 3.5146
2025/12/27 22:03:28 - mmengine - INFO - Epoch(train)   [1][910/947]  lr: 1.0000e-04  eta: 2 days, 12:12:13  time: 2.2780  data_time: 0.0025  memory: 19774  grad_norm: 47.7098  loss: 14.5660  loss_text: 1.5543  loss_center: 3.1210  loss_reg_x: 6.3128  loss_reg_y: 3.5780
2025/12/27 22:03:39 - mmengine - INFO - Epoch(train)   [1][915/947]  lr: 1.0000e-04  eta: 2 days, 12:11:59  time: 2.2848  data_time: 0.0024  memory: 19774  grad_norm: 44.9068  loss: 14.6315  loss_text: 1.5659  loss_center: 3.1210  loss_reg_x: 6.2934  loss_reg_y: 3.6512
2025/12/27 22:03:51 - mmengine - INFO - Epoch(train)   [1][920/947]  lr: 1.0000e-04  eta: 2 days, 12:11:55  time: 2.3156  data_time: 0.0022  memory: 19774  grad_norm: 47.2923  loss: 14.9259  loss_text: 1.5888  loss_center: 3.1209  loss_reg_x: 6.3928  loss_reg_y: 3.8233
2025/12/27 22:04:03 - mmengine - INFO - Epoch(train)   [1][925/947]  lr: 1.0000e-04  eta: 2 days, 12:12:00  time: 2.3348  data_time: 0.0023  memory: 19774  grad_norm: 49.3621  loss: 14.6129  loss_text: 1.5659  loss_center: 3.1209  loss_reg_x: 6.2443  loss_reg_y: 3.6818
2025/12/27 22:04:14 - mmengine - INFO - Epoch(train)   [1][930/947]  lr: 1.0000e-04  eta: 2 days, 12:11:28  time: 2.3070  data_time: 0.0023  memory: 19774  grad_norm: 50.0123  loss: 14.4774  loss_text: 1.5227  loss_center: 3.1209  loss_reg_x: 6.2269  loss_reg_y: 3.6069
2025/12/27 22:04:25 - mmengine - INFO - Epoch(train)   [1][935/947]  lr: 1.0000e-04  eta: 2 days, 12:10:47  time: 2.2615  data_time: 0.0023  memory: 19774  grad_norm: 48.0783  loss: 14.6123  loss_text: 1.5418  loss_center: 3.1209  loss_reg_x: 6.2781  loss_reg_y: 3.6715
2025/12/27 22:04:37 - mmengine - INFO - Epoch(train)   [1][940/947]  lr: 1.0000e-04  eta: 2 days, 12:10:24  time: 2.2700  data_time: 0.0024  memory: 19774  grad_norm: 42.2368  loss: 14.3097  loss_text: 1.5503  loss_center: 3.1210  loss_reg_x: 6.2232  loss_reg_y: 3.4152
2025/12/27 22:04:48 - mmengine - INFO - Epoch(train)   [1][945/947]  lr: 1.0000e-04  eta: 2 days, 12:09:31  time: 2.2570  data_time: 0.0024  memory: 19774  grad_norm: 44.8454  loss: 14.0725  loss_text: 1.5384  loss_center: 3.1210  loss_reg_x: 6.2444  loss_reg_y: 3.1687
2025/12/27 22:04:52 - mmengine - INFO - Exp name: fcenet_r50dcnv2_fpn_1500e_art_rctw_rects_finetune_20251227_212810
2025/12/27 22:05:06 - mmengine - INFO - Epoch(train)   [2][  5/947]  lr: 1.0000e-03  eta: 2 days, 12:13:13  time: 2.5456  data_time: 0.2965  memory: 19779  grad_norm: 86.5920  loss: 14.7525  loss_text: 1.6124  loss_center: 3.1208  loss_reg_x: 6.1573  loss_reg_y: 3.8620
2025/12/27 22:05:17 - mmengine - INFO - Epoch(train)   [2][ 10/947]  lr: 1.0000e-03  eta: 2 days, 12:12:12  time: 2.5745  data_time: 0.2964  memory: 19774  grad_norm: 98.7915  loss: 14.6032  loss_text: 1.6517  loss_center: 3.1209  loss_reg_x: 6.2044  loss_reg_y: 3.6262
2025/12/27 22:05:28 - mmengine - INFO - Epoch(train)   [2][ 15/947]  lr: 1.0000e-03  eta: 2 days, 12:11:06  time: 2.2066  data_time: 0.0024  memory: 19774  grad_norm: 96.8109  loss: 14.8019  loss_text: 1.5869  loss_center: 3.1214  loss_reg_x: 6.3701  loss_reg_y: 3.7235
2025/12/27 22:05:40 - mmengine - INFO - Epoch(train)   [2][ 20/947]  lr: 1.0000e-03  eta: 2 days, 12:11:09  time: 2.2706  data_time: 0.0023  memory: 19774  grad_norm: 88.0584  loss: 14.7634  loss_text: 1.5537  loss_center: 3.1217  loss_reg_x: 6.3518  loss_reg_y: 3.7362
2025/12/27 22:05:52 - mmengine - INFO - Epoch(train)   [2][ 25/947]  lr: 1.0000e-03  eta: 2 days, 12:10:53  time: 2.3214  data_time: 0.0022  memory: 19774  grad_norm: 91.9830  loss: 14.6410  loss_text: 1.5790  loss_center: 3.1213  loss_reg_x: 6.2977  loss_reg_y: 3.6430
2025/12/27 22:06:03 - mmengine - INFO - Epoch(train)   [2][ 30/947]  lr: 1.0000e-03  eta: 2 days, 12:10:02  time: 2.2652  data_time: 0.0023  memory: 19774  grad_norm: 86.1805  loss: 14.5756  loss_text: 1.5949  loss_center: 3.1212  loss_reg_x: 6.2882  loss_reg_y: 3.5713
2025/12/27 22:06:14 - mmengine - INFO - Epoch(train)   [2][ 35/947]  lr: 1.0000e-03  eta: 2 days, 12:09:20  time: 2.2380  data_time: 0.0024  memory: 19774  grad_norm: 71.6154  loss: 14.6362  loss_text: 1.5901  loss_center: 3.1215  loss_reg_x: 6.2331  loss_reg_y: 3.6915
2025/12/27 22:06:25 - mmengine - INFO - Epoch(train)   [2][ 40/947]  lr: 1.0000e-03  eta: 2 days, 12:08:47  time: 2.2571  data_time: 0.0023  memory: 19774  grad_norm: 69.4872  loss: 14.5208  loss_text: 1.5777  loss_center: 3.1214  loss_reg_x: 6.0777  loss_reg_y: 3.7440
2025/12/27 22:06:36 - mmengine - INFO - Epoch(train)   [2][ 45/947]  lr: 1.0000e-03  eta: 2 days, 12:07:40  time: 2.2299  data_time: 0.0024  memory: 19774  grad_norm: 72.1101  loss: 14.2675  loss_text: 1.5691  loss_center: 3.1213  loss_reg_x: 5.9409  loss_reg_y: 3.6363
2025/12/27 22:06:48 - mmengine - INFO - Epoch(train)   [2][ 50/947]  lr: 1.0000e-03  eta: 2 days, 12:07:43  time: 2.2670  data_time: 0.0023  memory: 19774  grad_norm: 86.3013  loss: 14.0895  loss_text: 1.6063  loss_center: 3.1215  loss_reg_x: 5.8586  loss_reg_y: 3.5031
2025/12/27 22:06:55 - mmengine - INFO - Exp name: fcenet_r50dcnv2_fpn_1500e_art_rctw_rects_finetune_20251227_212810
2025/12/27 22:07:01 - mmengine - INFO - Epoch(train)   [2][ 55/947]  lr: 1.0000e-03  eta: 2 days, 12:09:08  time: 2.4280  data_time: 0.0024  memory: 19774  grad_norm: 97.7717  loss: 14.1751  loss_text: 1.6033  loss_center: 3.1217  loss_reg_x: 5.8621  loss_reg_y: 3.5880
2025/12/27 22:07:12 - mmengine - INFO - Epoch(train)   [2][ 60/947]  lr: 1.0000e-03  eta: 2 days, 12:08:27  time: 2.3817  data_time: 0.0025  memory: 19774  grad_norm: 90.7225  loss: 14.2045  loss_text: 1.5510  loss_center: 3.1216  loss_reg_x: 5.9045  loss_reg_y: 3.6274
2025/12/27 22:07:23 - mmengine - INFO - Epoch(train)   [2][ 65/947]  lr: 1.0000e-03  eta: 2 days, 12:07:37  time: 2.2378  data_time: 0.0023  memory: 19774  grad_norm: 81.8197  loss: 14.3076  loss_text: 1.5369  loss_center: 3.1214  loss_reg_x: 6.0239  loss_reg_y: 3.6254
2025/12/27 22:07:34 - mmengine - INFO - Epoch(train)   [2][ 70/947]  lr: 1.0000e-03  eta: 2 days, 12:07:06  time: 2.2478  data_time: 0.0023  memory: 19774  grad_norm: 83.2691  loss: 14.5117  loss_text: 1.5804  loss_center: 3.1215  loss_reg_x: 6.0247  loss_reg_y: 3.7850
2025/12/27 22:07:45 - mmengine - INFO - Epoch(train)   [2][ 75/947]  lr: 1.0000e-03  eta: 2 days, 12:06:20  time: 2.2520  data_time: 0.0023  memory: 19774  grad_norm: 78.7524  loss: 14.3546  loss_text: 1.6138  loss_center: 3.1215  loss_reg_x: 5.8506  loss_reg_y: 3.7687
2025/12/27 22:07:57 - mmengine - INFO - Epoch(train)   [2][ 80/947]  lr: 1.0000e-03  eta: 2 days, 12:05:47  time: 2.2490  data_time: 0.0023  memory: 19774  grad_norm: 76.3949  loss: 14.1309  loss_text: 1.5751  loss_center: 3.1215  loss_reg_x: 5.8150  loss_reg_y: 3.6193
2025/12/27 22:08:08 - mmengine - INFO - Epoch(train)   [2][ 85/947]  lr: 1.0000e-03  eta: 2 days, 12:05:33  time: 2.2833  data_time: 0.0023  memory: 19774  grad_norm: 77.7040  loss: 14.0393  loss_text: 1.5830  loss_center: 3.1218  loss_reg_x: 5.8060  loss_reg_y: 3.5285
2025/12/27 22:08:19 - mmengine - INFO - Epoch(train)   [2][ 90/947]  lr: 1.0000e-03  eta: 2 days, 12:04:52  time: 2.2745  data_time: 0.0023  memory: 19774  grad_norm: 79.2500  loss: 14.0371  loss_text: 1.5910  loss_center: 3.1217  loss_reg_x: 5.8774  loss_reg_y: 3.4470
2025/12/27 22:08:31 - mmengine - INFO - Epoch(train)   [2][ 95/947]  lr: 1.0000e-03  eta: 2 days, 12:04:14  time: 2.2481  data_time: 0.0022  memory: 19774  grad_norm: 84.7279  loss: 13.8326  loss_text: 1.5880  loss_center: 3.1216  loss_reg_x: 5.8223  loss_reg_y: 3.3007
2025/12/27 22:08:42 - mmengine - INFO - Epoch(train)   [2][100/947]  lr: 1.0000e-03  eta: 2 days, 12:04:06  time: 2.2842  data_time: 0.0024  memory: 19774  grad_norm: 91.6246  loss: 13.9896  loss_text: 1.6308  loss_center: 3.1221  loss_reg_x: 5.8292  loss_reg_y: 3.4075
2025/12/27 22:08:54 - mmengine - INFO - Epoch(train)   [2][105/947]  lr: 1.0000e-03  eta: 2 days, 12:03:54  time: 2.3116  data_time: 0.0023  memory: 19774  grad_norm: 90.2620  loss: 14.0538  loss_text: 1.6138  loss_center: 3.1224  loss_reg_x: 5.8523  loss_reg_y: 3.4653
2025/12/27 22:09:05 - mmengine - INFO - Epoch(train)   [2][110/947]  lr: 1.0000e-03  eta: 2 days, 12:03:44  time: 2.3100  data_time: 0.0021  memory: 19774  grad_norm: 80.4231  loss: 13.6337  loss_text: 1.5619  loss_center: 3.1225  loss_reg_x: 5.7779  loss_reg_y: 3.1714
2025/12/27 22:09:16 - mmengine - INFO - Epoch(train)   [2][115/947]  lr: 1.0000e-03  eta: 2 days, 12:02:31  time: 2.2415  data_time: 0.0022  memory: 19774  grad_norm: 76.7239  loss: 13.9158  loss_text: 1.5742  loss_center: 3.1223  loss_reg_x: 5.8521  loss_reg_y: 3.3671
2025/12/27 22:09:27 - mmengine - INFO - Epoch(train)   [2][120/947]  lr: 1.0000e-03  eta: 2 days, 12:01:52  time: 2.2075  data_time: 0.0023  memory: 19774  grad_norm: 74.1483  loss: 13.9850  loss_text: 1.5490  loss_center: 3.1220  loss_reg_x: 5.7937  loss_reg_y: 3.5204
2025/12/27 22:09:40 - mmengine - INFO - Epoch(train)   [2][125/947]  lr: 1.0000e-03  eta: 2 days, 12:02:30  time: 2.3342  data_time: 0.0023  memory: 19774  grad_norm: 83.8428  loss: 13.4928  loss_text: 1.5072  loss_center: 3.1220  loss_reg_x: 5.6981  loss_reg_y: 3.1656
2025/12/27 22:09:51 - mmengine - INFO - Epoch(train)   [2][130/947]  lr: 1.0000e-03  eta: 2 days, 12:02:24  time: 2.3718  data_time: 0.0024  memory: 19774  grad_norm: 92.5859  loss: 13.6740  loss_text: 1.5673  loss_center: 3.1220  loss_reg_x: 5.6175  loss_reg_y: 3.3672
2025/12/27 22:10:02 - mmengine - INFO - Epoch(train)   [2][135/947]  lr: 1.0000e-03  eta: 2 days, 12:01:13  time: 2.2457  data_time: 0.0025  memory: 19774  grad_norm: 79.9065  loss: 13.7266  loss_text: 1.6122  loss_center: 3.1220  loss_reg_x: 5.6250  loss_reg_y: 3.3673
2025/12/27 22:10:13 - mmengine - INFO - Epoch(train)   [2][140/947]  lr: 1.0000e-03  eta: 2 days, 12:00:38  time: 2.2122  data_time: 0.0024  memory: 19774  grad_norm: 73.5920  loss: 13.8236  loss_text: 1.6026  loss_center: 3.1221  loss_reg_x: 5.7016  loss_reg_y: 3.3973
2025/12/27 22:10:25 - mmengine - INFO - Epoch(train)   [2][145/947]  lr: 1.0000e-03  eta: 2 days, 11:59:55  time: 2.2446  data_time: 0.0023  memory: 19774  grad_norm: 75.7948  loss: 13.8742  loss_text: 1.5795  loss_center: 3.1221  loss_reg_x: 5.6462  loss_reg_y: 3.5264
2025/12/27 22:10:36 - mmengine - INFO - Epoch(train)   [2][150/947]  lr: 1.0000e-03  eta: 2 days, 11:59:39  time: 2.2655  data_time: 0.0023  memory: 19774  grad_norm: 73.5511  loss: 13.5418  loss_text: 1.5729  loss_center: 3.1220  loss_reg_x: 5.6072  loss_reg_y: 3.2397
2025/12/27 22:10:48 - mmengine - INFO - Epoch(train)   [2][155/947]  lr: 1.0000e-03  eta: 2 days, 12:00:23  time: 2.3672  data_time: 0.0022  memory: 19774  grad_norm: 75.2390  loss: 13.6785  loss_text: 1.5935  loss_center: 3.1219  loss_reg_x: 5.6639  loss_reg_y: 3.2991
2025/12/27 22:11:00 - mmengine - INFO - Epoch(train)   [2][160/947]  lr: 1.0000e-03  eta: 2 days, 12:00:12  time: 2.3740  data_time: 0.0022  memory: 19774  grad_norm: 74.9919  loss: 13.8090  loss_text: 1.5724  loss_center: 3.1222  loss_reg_x: 5.6169  loss_reg_y: 3.4975
2025/12/27 22:11:11 - mmengine - INFO - Epoch(train)   [2][165/947]  lr: 1.0000e-03  eta: 2 days, 11:58:56  time: 2.2325  data_time: 0.0022  memory: 19774  grad_norm: 73.5627  loss: 13.7389  loss_text: 1.5551  loss_center: 3.1221  loss_reg_x: 5.6728  loss_reg_y: 3.3889
2025/12/27 22:11:23 - mmengine - INFO - Epoch(train)   [2][170/947]  lr: 1.0000e-03  eta: 2 days, 11:59:28  time: 2.2823  data_time: 0.0022  memory: 19774  grad_norm: 75.9806  loss: 13.6670  loss_text: 1.5709  loss_center: 3.1220  loss_reg_x: 5.7403  loss_reg_y: 3.2338
2025/12/27 22:11:34 - mmengine - INFO - Epoch(train)   [2][175/947]  lr: 1.0000e-03  eta: 2 days, 11:59:05  time: 2.3456  data_time: 0.0022  memory: 19774  grad_norm: 79.3788  loss: 13.5147  loss_text: 1.5604  loss_center: 3.1220  loss_reg_x: 5.6021  loss_reg_y: 3.2302
2025/12/27 22:11:45 - mmengine - INFO - Epoch(train)   [2][180/947]  lr: 1.0000e-03  eta: 2 days, 11:58:51  time: 2.2914  data_time: 0.0023  memory: 19774  grad_norm: 73.0136  loss: 13.5217  loss_text: 1.5439  loss_center: 3.1223  loss_reg_x: 5.5372  loss_reg_y: 3.3182
2025/12/27 22:11:57 - mmengine - INFO - Epoch(train)   [2][185/947]  lr: 1.0000e-03  eta: 2 days, 11:58:47  time: 2.3139  data_time: 0.0023  memory: 19774  grad_norm: 60.0044  loss: 13.6569  loss_text: 1.5362  loss_center: 3.1230  loss_reg_x: 5.6235  loss_reg_y: 3.3742
2025/12/27 22:12:09 - mmengine - INFO - Epoch(train)   [2][190/947]  lr: 1.0000e-03  eta: 2 days, 11:58:44  time: 2.3274  data_time: 0.0023  memory: 19774  grad_norm: 63.7511  loss: 13.5532  loss_text: 1.5362  loss_center: 3.1230  loss_reg_x: 5.5113  loss_reg_y: 3.3827
2025/12/27 22:12:20 - mmengine - INFO - Epoch(train)   [2][195/947]  lr: 1.0000e-03  eta: 2 days, 11:58:18  time: 2.3000  data_time: 0.0025  memory: 19774  grad_norm: 82.6184  loss: 13.1511  loss_text: 1.5330  loss_center: 3.1223  loss_reg_x: 5.3253  loss_reg_y: 3.1705
2025/12/27 22:12:32 - mmengine - INFO - Epoch(train)   [2][200/947]  lr: 1.0000e-03  eta: 2 days, 11:58:13  time: 2.2983  data_time: 0.0023  memory: 19774  grad_norm: 89.5118  loss: 13.2788  loss_text: 1.5436  loss_center: 3.1219  loss_reg_x: 5.4371  loss_reg_y: 3.1762
2025/12/27 22:12:43 - mmengine - INFO - Epoch(train)   [2][205/947]  lr: 1.0000e-03  eta: 2 days, 11:57:52  time: 2.3038  data_time: 0.0025  memory: 19774  grad_norm: 74.2208  loss: 13.5370  loss_text: 1.5662  loss_center: 3.1220  loss_reg_x: 5.4341  loss_reg_y: 3.4147
2025/12/27 22:12:54 - mmengine - INFO - Epoch(train)   [2][210/947]  lr: 1.0000e-03  eta: 2 days, 11:57:02  time: 2.2485  data_time: 0.0025  memory: 19774  grad_norm: 65.3556  loss: 13.2866  loss_text: 1.5344  loss_center: 3.1221  loss_reg_x: 5.3973  loss_reg_y: 3.2328
2025/12/27 22:13:05 - mmengine - INFO - Epoch(train)   [2][215/947]  lr: 1.0000e-03  eta: 2 days, 11:55:47  time: 2.1817  data_time: 0.0021  memory: 19774  grad_norm: 64.3668  loss: 13.0408  loss_text: 1.5465  loss_center: 3.1221  loss_reg_x: 5.2739  loss_reg_y: 3.0983
2025/12/27 22:13:16 - mmengine - INFO - Epoch(train)   [2][220/947]  lr: 1.0000e-03  eta: 2 days, 11:55:19  time: 2.2067  data_time: 0.0021  memory: 19774  grad_norm: 62.7586  loss: 13.1510  loss_text: 1.5625  loss_center: 3.1219  loss_reg_x: 5.2442  loss_reg_y: 3.2224
2025/12/27 22:13:27 - mmengine - INFO - Epoch(train)   [2][225/947]  lr: 1.0000e-03  eta: 2 days, 11:54:14  time: 2.2180  data_time: 0.0021  memory: 19774  grad_norm: 70.7532  loss: 13.2769  loss_text: 1.5369  loss_center: 3.1217  loss_reg_x: 5.3527  loss_reg_y: 3.2656
2025/12/27 22:13:39 - mmengine - INFO - Epoch(train)   [2][230/947]  lr: 1.0000e-03  eta: 2 days, 11:53:53  time: 2.2273  data_time: 0.0021  memory: 19774  grad_norm: 79.1808  loss: 13.2450  loss_text: 1.5592  loss_center: 3.1222  loss_reg_x: 5.3180  loss_reg_y: 3.2457
2025/12/27 22:13:50 - mmengine - INFO - Epoch(train)   [2][235/947]  lr: 1.0000e-03  eta: 2 days, 11:53:57  time: 2.3145  data_time: 0.0024  memory: 19774  grad_norm: 82.1882  loss: 13.1909  loss_text: 1.5816  loss_center: 3.1218  loss_reg_x: 5.2359  loss_reg_y: 3.2516
2025/12/27 22:14:01 - mmengine - INFO - Epoch(train)   [2][240/947]  lr: 1.0000e-03  eta: 2 days, 11:53:13  time: 2.2846  data_time: 0.0025  memory: 19774  grad_norm: 86.7680  loss: 13.2391  loss_text: 1.5737  loss_center: 3.1216  loss_reg_x: 5.2389  loss_reg_y: 3.3050
2025/12/27 22:14:13 - mmengine - INFO - Epoch(train)   [2][245/947]  lr: 1.0000e-03  eta: 2 days, 11:53:35  time: 2.3067  data_time: 0.0022  memory: 19774  grad_norm: 89.7507  loss: 13.4639  loss_text: 1.5705  loss_center: 3.1227  loss_reg_x: 5.3883  loss_reg_y: 3.3824
2025/12/27 22:14:25 - mmengine - INFO - Epoch(train)   [2][250/947]  lr: 1.0000e-03  eta: 2 days, 11:53:26  time: 2.3518  data_time: 0.0021  memory: 19774  grad_norm: 86.0351  loss: 13.1664  loss_text: 1.5638  loss_center: 3.1225  loss_reg_x: 5.2718  loss_reg_y: 3.2084
2025/12/27 22:14:37 - mmengine - INFO - Epoch(train)   [2][255/947]  lr: 1.0000e-03  eta: 2 days, 11:54:16  time: 2.3882  data_time: 0.0022  memory: 19774  grad_norm: 73.0477  loss: 12.7640  loss_text: 1.5567  loss_center: 3.1221  loss_reg_x: 5.0100  loss_reg_y: 3.0752
2025/12/27 22:14:48 - mmengine - INFO - Epoch(train)   [2][260/947]  lr: 1.0000e-03  eta: 2 days, 11:53:16  time: 2.3224  data_time: 0.0024  memory: 19774  grad_norm: 73.8626  loss: 12.8776  loss_text: 1.5725  loss_center: 3.1222  loss_reg_x: 4.9918  loss_reg_y: 3.1911
2025/12/27 22:15:01 - mmengine - INFO - Epoch(train)   [2][265/947]  lr: 1.0000e-03  eta: 2 days, 11:54:37  time: 2.3631  data_time: 0.0025  memory: 19774  grad_norm: 90.7227  loss: 13.1423  loss_text: 1.5737  loss_center: 3.1218  loss_reg_x: 5.0846  loss_reg_y: 3.3621
2025/12/27 22:15:14 - mmengine - INFO - Epoch(train)   [2][270/947]  lr: 1.0000e-03  eta: 2 days, 11:55:50  time: 2.5370  data_time: 0.0024  memory: 19774  grad_norm: 94.9470  loss: 13.1230  loss_text: 1.5564  loss_center: 3.1216  loss_reg_x: 5.1909  loss_reg_y: 3.2541
2025/12/27 22:15:25 - mmengine - INFO - Epoch(train)   [2][275/947]  lr: 1.0000e-03  eta: 2 days, 11:55:33  time: 2.4110  data_time: 0.0024  memory: 19774  grad_norm: 80.3429  loss: 12.7985  loss_text: 1.5452  loss_center: 3.1216  loss_reg_x: 5.1302  loss_reg_y: 3.0015
2025/12/27 22:15:36 - mmengine - INFO - Epoch(train)   [2][280/947]  lr: 1.0000e-03  eta: 2 days, 11:54:59  time: 2.2710  data_time: 0.0023  memory: 19774  grad_norm: 77.6909  loss: 12.7075  loss_text: 1.5658  loss_center: 3.1215  loss_reg_x: 5.0639  loss_reg_y: 2.9562
2025/12/27 22:15:48 - mmengine - INFO - Epoch(train)   [2][285/947]  lr: 1.0000e-03  eta: 2 days, 11:54:38  time: 2.2656  data_time: 0.0025  memory: 19774  grad_norm: 84.8520  loss: 12.8951  loss_text: 1.5875  loss_center: 3.1219  loss_reg_x: 5.0489  loss_reg_y: 3.1368
2025/12/27 22:15:59 - mmengine - INFO - Epoch(train)   [2][290/947]  lr: 1.0000e-03  eta: 2 days, 11:54:01  time: 2.2612  data_time: 0.0025  memory: 19774  grad_norm: 76.3602  loss: 12.8997  loss_text: 1.5759  loss_center: 3.1223  loss_reg_x: 4.9629  loss_reg_y: 3.2386
2025/12/27 22:16:10 - mmengine - INFO - Epoch(train)   [2][295/947]  lr: 1.0000e-03  eta: 2 days, 11:52:53  time: 2.1993  data_time: 0.0024  memory: 19774  grad_norm: 76.2268  loss: 12.7252  loss_text: 1.5497  loss_center: 3.1218  loss_reg_x: 4.9272  loss_reg_y: 3.1265
2025/12/27 22:16:21 - mmengine - INFO - Epoch(train)   [2][300/947]  lr: 1.0000e-03  eta: 2 days, 11:52:48  time: 2.2409  data_time: 0.0022  memory: 19774  grad_norm: 78.5380  loss: 12.5417  loss_text: 1.5510  loss_center: 3.1215  loss_reg_x: 4.8216  loss_reg_y: 3.0476
2025/12/27 22:16:32 - mmengine - INFO - Epoch(train)   [2][305/947]  lr: 1.0000e-03  eta: 2 days, 11:51:53  time: 2.2567  data_time: 0.0021  memory: 19774  grad_norm: 70.2009  loss: 12.4830  loss_text: 1.5687  loss_center: 3.1217  loss_reg_x: 4.6695  loss_reg_y: 3.1231
2025/12/27 22:16:44 - mmengine - INFO - Epoch(train)   [2][310/947]  lr: 1.0000e-03  eta: 2 days, 11:51:26  time: 2.2269  data_time: 0.0023  memory: 19774  grad_norm: 66.7301  loss: 12.5546  loss_text: 1.5226  loss_center: 3.1219  loss_reg_x: 4.7037  loss_reg_y: 3.2064
2025/12/27 22:16:55 - mmengine - INFO - Epoch(train)   [2][315/947]  lr: 1.0000e-03  eta: 2 days, 11:50:45  time: 2.2456  data_time: 0.0023  memory: 19774  grad_norm: 65.3406  loss: 12.4630  loss_text: 1.4905  loss_center: 3.1218  loss_reg_x: 4.8669  loss_reg_y: 2.9839
2025/12/27 22:17:06 - mmengine - INFO - Epoch(train)   [2][320/947]  lr: 1.0000e-03  eta: 2 days, 11:50:29  time: 2.2605  data_time: 0.0024  memory: 19774  grad_norm: 88.8986  loss: 12.3508  loss_text: 1.5254  loss_center: 3.1213  loss_reg_x: 4.9038  loss_reg_y: 2.8004
2025/12/27 22:17:18 - mmengine - INFO - Epoch(train)   [2][325/947]  lr: 1.0000e-03  eta: 2 days, 11:50:20  time: 2.3035  data_time: 0.0023  memory: 19774  grad_norm: inf  loss: 12.5859  loss_text: 1.5331  loss_center: 3.1211  loss_reg_x: 4.8590  loss_reg_y: 3.0726
2025/12/27 22:17:30 - mmengine - INFO - Epoch(train)   [2][330/947]  lr: 1.0000e-03  eta: 2 days, 11:50:35  time: 2.3452  data_time: 0.0023  memory: 19774  grad_norm: inf  loss: 12.8312  loss_text: 1.5127  loss_center: 3.1211  loss_reg_x: 4.9586  loss_reg_y: 3.2389
2025/12/27 22:17:40 - mmengine - INFO - Epoch(train)   [2][335/947]  lr: 1.0000e-03  eta: 2 days, 11:49:25  time: 2.2618  data_time: 0.0026  memory: 19774  grad_norm: 92.2319  loss: 12.7248  loss_text: 1.5192  loss_center: 3.1212  loss_reg_x: 5.0172  loss_reg_y: 3.0672
2025/12/27 22:17:52 - mmengine - INFO - Epoch(train)   [2][340/947]  lr: 1.0000e-03  eta: 2 days, 11:49:10  time: 2.2204  data_time: 0.0027  memory: 19774  grad_norm: 75.9076  loss: 12.6360  loss_text: 1.5241  loss_center: 3.1215  loss_reg_x: 4.9236  loss_reg_y: 3.0668
2025/12/27 22:18:03 - mmengine - INFO - Epoch(train)   [2][345/947]  lr: 1.0000e-03  eta: 2 days, 11:48:30  time: 2.2602  data_time: 0.0025  memory: 19774  grad_norm: 84.4177  loss: 12.3060  loss_text: 1.4940  loss_center: 3.1213  loss_reg_x: 4.7577  loss_reg_y: 2.9329
2025/12/27 22:18:14 - mmengine - INFO - Epoch(train)   [2][350/947]  lr: 1.0000e-03  eta: 2 days, 11:47:55  time: 2.2332  data_time: 0.0024  memory: 19774  grad_norm: 75.7622  loss: 12.2467  loss_text: 1.4925  loss_center: 3.1212  loss_reg_x: 4.7691  loss_reg_y: 2.8638
2025/12/27 22:18:26 - mmengine - INFO - Epoch(train)   [2][355/947]  lr: 1.0000e-03  eta: 2 days, 11:47:38  time: 2.2646  data_time: 0.0026  memory: 19774  grad_norm: 69.7057  loss: 12.4193  loss_text: 1.5097  loss_center: 3.1211  loss_reg_x: 4.8076  loss_reg_y: 2.9809
2025/12/27 22:18:37 - mmengine - INFO - Epoch(train)   [2][360/947]  lr: 1.0000e-03  eta: 2 days, 11:47:42  time: 2.3194  data_time: 0.0027  memory: 19774  grad_norm: 76.2454  loss: 12.3535  loss_text: 1.5241  loss_center: 3.1211  loss_reg_x: 4.6723  loss_reg_y: 3.0360
2025/12/27 22:18:48 - mmengine - INFO - Epoch(train)   [2][365/947]  lr: 1.0000e-03  eta: 2 days, 11:46:45  time: 2.2632  data_time: 0.0024  memory: 19774  grad_norm: 77.0086  loss: 12.3007  loss_text: 1.5248  loss_center: 3.1214  loss_reg_x: 4.6973  loss_reg_y: 2.9572
2025/12/27 22:19:00 - mmengine - INFO - Epoch(train)   [2][370/947]  lr: 1.0000e-03  eta: 2 days, 11:47:05  time: 2.2853  data_time: 0.0023  memory: 19774  grad_norm: 84.4884  loss: 12.2757  loss_text: 1.5306  loss_center: 3.1214  loss_reg_x: 4.6551  loss_reg_y: 2.9686
2025/12/27 22:19:11 - mmengine - INFO - Epoch(train)   [2][375/947]  lr: 1.0000e-03  eta: 2 days, 11:46:41  time: 2.3319  data_time: 0.0023  memory: 19774  grad_norm: 85.0967  loss: 12.6083  loss_text: 1.5654  loss_center: 3.1214  loss_reg_x: 4.7367  loss_reg_y: 3.1849
2025/12/27 22:19:23 - mmengine - INFO - Epoch(train)   [2][380/947]  lr: 1.0000e-03  eta: 2 days, 11:46:04  time: 2.2511  data_time: 0.0024  memory: 19774  grad_norm: 78.8105  loss: 12.5341  loss_text: 1.5987  loss_center: 3.1213  loss_reg_x: 4.7408  loss_reg_y: 3.0733
2025/12/27 22:19:34 - mmengine - INFO - Epoch(train)   [2][385/947]  lr: 1.0000e-03  eta: 2 days, 11:45:39  time: 2.2489  data_time: 0.0026  memory: 19774  grad_norm: 76.6398  loss: 12.1357  loss_text: 1.5420  loss_center: 3.1211  loss_reg_x: 4.5735  loss_reg_y: 2.8991
2025/12/27 22:19:46 - mmengine - INFO - Epoch(train)   [2][390/947]  lr: 1.0000e-03  eta: 2 days, 11:46:24  time: 2.3653  data_time: 0.0026  memory: 19774  grad_norm: 76.9445  loss: 12.1638  loss_text: 1.4792  loss_center: 3.1212  loss_reg_x: 4.6309  loss_reg_y: 2.9326
2025/12/27 22:19:57 - mmengine - INFO - Epoch(train)   [2][395/947]  lr: 1.0000e-03  eta: 2 days, 11:45:38  time: 2.3362  data_time: 0.0023  memory: 19774  grad_norm: 89.0482  loss: 12.0954  loss_text: 1.5020  loss_center: 3.1213  loss_reg_x: 4.5269  loss_reg_y: 2.9452
2025/12/27 22:20:09 - mmengine - INFO - Epoch(train)   [2][400/947]  lr: 1.0000e-03  eta: 2 days, 11:45:13  time: 2.2350  data_time: 0.0023  memory: 19774  grad_norm: 88.9476  loss: 12.0676  loss_text: 1.5048  loss_center: 3.1213  loss_reg_x: 4.4411  loss_reg_y: 3.0004
2025/12/27 22:20:20 - mmengine - INFO - Epoch(train)   [2][405/947]  lr: 1.0000e-03  eta: 2 days, 11:45:09  time: 2.2946  data_time: 0.0023  memory: 19774  grad_norm: 85.3827  loss: 12.0559  loss_text: 1.5157  loss_center: 3.1213  loss_reg_x: 4.4153  loss_reg_y: 3.0036
2025/12/27 22:20:31 - mmengine - INFO - Epoch(train)   [2][410/947]  lr: 1.0000e-03  eta: 2 days, 11:44:33  time: 2.2807  data_time: 0.0024  memory: 19774  grad_norm: 87.8802  loss: 11.8611  loss_text: 1.5127  loss_center: 3.1215  loss_reg_x: 4.4026  loss_reg_y: 2.8244
2025/12/27 22:20:44 - mmengine - INFO - Epoch(train)   [2][415/947]  lr: 1.0000e-03  eta: 2 days, 11:45:22  time: 2.3574  data_time: 0.0025  memory: 19774  grad_norm: 98.5496  loss: 12.1573  loss_text: 1.4998  loss_center: 3.1212  loss_reg_x: 4.5570  loss_reg_y: 2.9792
2025/12/27 22:20:56 - mmengine - INFO - Epoch(train)   [2][420/947]  lr: 1.0000e-03  eta: 2 days, 11:45:29  time: 2.4202  data_time: 0.0025  memory: 19774  grad_norm: 96.8874  loss: 12.2974  loss_text: 1.5188  loss_center: 3.1211  loss_reg_x: 4.5874  loss_reg_y: 3.0700
2025/12/27 22:21:07 - mmengine - INFO - Epoch(train)   [2][425/947]  lr: 1.0000e-03  eta: 2 days, 11:45:28  time: 2.3476  data_time: 0.0024  memory: 19774  grad_norm: 77.5508  loss: 11.9502  loss_text: 1.4937  loss_center: 3.1213  loss_reg_x: 4.4443  loss_reg_y: 2.8909
2025/12/27 22:21:19 - mmengine - INFO - Epoch(train)   [2][430/947]  lr: 1.0000e-03  eta: 2 days, 11:45:05  time: 2.3027  data_time: 0.0024  memory: 19774  grad_norm: 84.2220  loss: 11.8361  loss_text: 1.5417  loss_center: 3.1213  loss_reg_x: 4.3029  loss_reg_y: 2.8703
2025/12/27 22:21:30 - mmengine - INFO - Epoch(train)   [2][435/947]  lr: 1.0000e-03  eta: 2 days, 11:44:35  time: 2.2608  data_time: 0.0024  memory: 19774  grad_norm: 100.2530  loss: 11.8866  loss_text: 1.5753  loss_center: 3.1212  loss_reg_x: 4.3212  loss_reg_y: 2.8689
2025/12/27 22:21:41 - mmengine - INFO - Epoch(train)   [2][440/947]  lr: 1.0000e-03  eta: 2 days, 11:44:02  time: 2.2457  data_time: 0.0022  memory: 19774  grad_norm: 100.2124  loss: 11.8482  loss_text: 1.5373  loss_center: 3.1211  loss_reg_x: 4.4230  loss_reg_y: 2.7667
2025/12/27 22:21:53 - mmengine - INFO - Epoch(train)   [2][445/947]  lr: 1.0000e-03  eta: 2 days, 11:44:02  time: 2.2905  data_time: 0.0022  memory: 19774  grad_norm: 90.2335  loss: 11.9366  loss_text: 1.5254  loss_center: 3.1213  loss_reg_x: 4.4740  loss_reg_y: 2.8160
2025/12/27 22:22:04 - mmengine - INFO - Epoch(train)   [2][450/947]  lr: 1.0000e-03  eta: 2 days, 11:43:31  time: 2.2922  data_time: 0.0023  memory: 19774  grad_norm: 81.1566  loss: 11.8209  loss_text: 1.4923  loss_center: 3.1213  loss_reg_x: 4.3169  loss_reg_y: 2.8904
2025/12/27 22:22:16 - mmengine - INFO - Epoch(train)   [2][455/947]  lr: 1.0000e-03  eta: 2 days, 11:43:13  time: 2.2643  data_time: 0.0022  memory: 19774  grad_norm: 84.0306  loss: 11.9719  loss_text: 1.4885  loss_center: 3.1211  loss_reg_x: 4.3924  loss_reg_y: 2.9699
2025/12/27 22:22:27 - mmengine - INFO - Epoch(train)   [2][460/947]  lr: 1.0000e-03  eta: 2 days, 11:43:02  time: 2.2959  data_time: 0.0023  memory: 19774  grad_norm: 85.2196  loss: 12.2767  loss_text: 1.5233  loss_center: 3.1214  loss_reg_x: 4.6197  loss_reg_y: 3.0123
2025/12/27 22:22:38 - mmengine - INFO - Epoch(train)   [2][465/947]  lr: 1.0000e-03  eta: 2 days, 11:42:11  time: 2.2463  data_time: 0.0025  memory: 19774  grad_norm: 97.9817  loss: 12.2639  loss_text: 1.5857  loss_center: 3.1216  loss_reg_x: 4.6948  loss_reg_y: 2.8619
2025/12/27 22:22:49 - mmengine - INFO - Epoch(train)   [2][470/947]  lr: 1.0000e-03  eta: 2 days, 11:41:45  time: 2.2221  data_time: 0.0023  memory: 19774  grad_norm: 103.5487  loss: 12.2050  loss_text: 1.5603  loss_center: 3.1215  loss_reg_x: 4.6476  loss_reg_y: 2.8757
2025/12/27 22:23:01 - mmengine - INFO - Epoch(train)   [2][475/947]  lr: 1.0000e-03  eta: 2 days, 11:42:04  time: 2.3284  data_time: 0.0022  memory: 19774  grad_norm: 86.6219  loss: 12.0985  loss_text: 1.4961  loss_center: 3.1218  loss_reg_x: 4.5125  loss_reg_y: 2.9681
2025/12/27 22:23:13 - mmengine - INFO - Epoch(train)   [2][480/947]  lr: 1.0000e-03  eta: 2 days, 11:41:49  time: 2.3455  data_time: 0.0025  memory: 19774  grad_norm: 74.7572  loss: 12.1546  loss_text: 1.4886  loss_center: 3.1219  loss_reg_x: 4.4624  loss_reg_y: 3.0816
2025/12/27 22:23:24 - mmengine - INFO - Epoch(train)   [2][485/947]  lr: 1.0000e-03  eta: 2 days, 11:41:49  time: 2.3161  data_time: 0.0024  memory: 19774  grad_norm: 68.8100  loss: 11.7773  loss_text: 1.4593  loss_center: 3.1218  loss_reg_x: 4.2453  loss_reg_y: 2.9509
2025/12/27 22:23:36 - mmengine - INFO - Epoch(train)   [2][490/947]  lr: 1.0000e-03  eta: 2 days, 11:41:34  time: 2.3162  data_time: 0.0021  memory: 19774  grad_norm: 71.8427  loss: 11.6849  loss_text: 1.4455  loss_center: 3.1215  loss_reg_x: 4.2562  loss_reg_y: 2.8617
2025/12/27 22:23:48 - mmengine - INFO - Epoch(train)   [2][495/947]  lr: 1.0000e-03  eta: 2 days, 11:41:33  time: 2.3154  data_time: 0.0027  memory: 19774  grad_norm: 71.7256  loss: 11.9154  loss_text: 1.4631  loss_center: 3.1215  loss_reg_x: 4.4090  loss_reg_y: 2.9218
2025/12/27 22:24:00 - mmengine - INFO - Epoch(train)   [2][500/947]  lr: 1.0000e-03  eta: 2 days, 11:41:50  time: 2.3652  data_time: 0.0027  memory: 19774  grad_norm: 72.7547  loss: 11.9054  loss_text: 1.4782  loss_center: 3.1215  loss_reg_x: 4.3486  loss_reg_y: 2.9570
2025/12/27 22:24:11 - mmengine - INFO - Epoch(train)   [2][505/947]  lr: 1.0000e-03  eta: 2 days, 11:41:06  time: 2.2980  data_time: 0.0022  memory: 19774  grad_norm: 86.4873  loss: 12.0409  loss_text: 1.4975  loss_center: 3.1214  loss_reg_x: 4.4242  loss_reg_y: 2.9977
2025/12/27 22:24:23 - mmengine - INFO - Epoch(train)   [2][510/947]  lr: 1.0000e-03  eta: 2 days, 11:41:55  time: 2.3484  data_time: 0.0022  memory: 19774  grad_norm: 80.8285  loss: 11.7602  loss_text: 1.5214  loss_center: 3.1215  loss_reg_x: 4.3322  loss_reg_y: 2.7851
2025/12/27 22:24:34 - mmengine - INFO - Epoch(train)   [2][515/947]  lr: 1.0000e-03  eta: 2 days, 11:41:13  time: 2.3511  data_time: 0.0021  memory: 19774  grad_norm: 66.3182  loss: 11.5358  loss_text: 1.4916  loss_center: 3.1213  loss_reg_x: 4.2045  loss_reg_y: 2.7183
2025/12/27 22:24:46 - mmengine - INFO - Epoch(train)   [2][520/947]  lr: 1.0000e-03  eta: 2 days, 11:41:44  time: 2.3243  data_time: 0.0029  memory: 19774  grad_norm: 66.8768  loss: 11.8573  loss_text: 1.4689  loss_center: 3.1210  loss_reg_x: 4.3787  loss_reg_y: 2.8887
2025/12/27 22:24:57 - mmengine - INFO - Epoch(train)   [2][525/947]  lr: 1.0000e-03  eta: 2 days, 11:41:12  time: 2.3395  data_time: 0.0030  memory: 19774  grad_norm: 81.5033  loss: 11.8722  loss_text: 1.5124  loss_center: 3.1211  loss_reg_x: 4.4393  loss_reg_y: 2.7994
2025/12/27 22:25:09 - mmengine - INFO - Epoch(train)   [2][530/947]  lr: 1.0000e-03  eta: 2 days, 11:41:19  time: 2.3005  data_time: 0.0024  memory: 19774  grad_norm: 95.3097  loss: 11.7636  loss_text: 1.5331  loss_center: 3.1210  loss_reg_x: 4.3759  loss_reg_y: 2.7336
2025/12/27 22:25:21 - mmengine - INFO - Epoch(train)   [2][535/947]  lr: 1.0000e-03  eta: 2 days, 11:41:18  time: 2.3511  data_time: 0.0023  memory: 19774  grad_norm: 96.7964  loss: 11.7170  loss_text: 1.5443  loss_center: 3.1208  loss_reg_x: 4.3541  loss_reg_y: 2.6978
2025/12/27 22:25:32 - mmengine - INFO - Epoch(train)   [2][540/947]  lr: 1.0000e-03  eta: 2 days, 11:41:05  time: 2.3197  data_time: 0.0025  memory: 19774  grad_norm: 83.6245  loss: 11.7865  loss_text: 1.5537  loss_center: 3.1211  loss_reg_x: 4.3359  loss_reg_y: 2.7758
2025/12/27 22:25:44 - mmengine - INFO - Epoch(train)   [2][545/947]  lr: 1.0000e-03  eta: 2 days, 11:41:04  time: 2.3202  data_time: 0.0025  memory: 19774  grad_norm: 83.3192  loss: 11.9919  loss_text: 1.5345  loss_center: 3.1214  loss_reg_x: 4.4107  loss_reg_y: 2.9253
2025/12/27 22:25:56 - mmengine - INFO - Epoch(train)   [2][550/947]  lr: 1.0000e-03  eta: 2 days, 11:40:54  time: 2.3258  data_time: 0.0023  memory: 19774  grad_norm: 86.0712  loss: 11.7354  loss_text: 1.4908  loss_center: 3.1216  loss_reg_x: 4.3214  loss_reg_y: 2.8016
2025/12/27 22:26:07 - mmengine - INFO - Epoch(train)   [2][555/947]  lr: 1.0000e-03  eta: 2 days, 11:40:49  time: 2.3173  data_time: 0.0022  memory: 19774  grad_norm: 75.7929  loss: 11.4820  loss_text: 1.4327  loss_center: 3.1217  loss_reg_x: 4.2066  loss_reg_y: 2.7211
2025/12/27 22:26:19 - mmengine - INFO - Epoch(train)   [2][560/947]  lr: 1.0000e-03  eta: 2 days, 11:40:41  time: 2.3202  data_time: 0.0022  memory: 19774  grad_norm: 73.9513  loss: 11.5580  loss_text: 1.4471  loss_center: 3.1215  loss_reg_x: 4.3428  loss_reg_y: 2.6467
2025/12/27 22:26:30 - mmengine - INFO - Epoch(train)   [2][565/947]  lr: 1.0000e-03  eta: 2 days, 11:40:16  time: 2.2902  data_time: 0.0022  memory: 19774  grad_norm: 74.3744  loss: 11.7347  loss_text: 1.4847  loss_center: 3.1212  loss_reg_x: 4.3714  loss_reg_y: 2.7573
2025/12/27 22:26:42 - mmengine - INFO - Epoch(train)   [2][570/947]  lr: 1.0000e-03  eta: 2 days, 11:40:33  time: 2.3302  data_time: 0.0024  memory: 19774  grad_norm: 77.1347  loss: 11.7929  loss_text: 1.4808  loss_center: 3.1210  loss_reg_x: 4.4256  loss_reg_y: 2.7655
2025/12/27 22:26:54 - mmengine - INFO - Epoch(train)   [2][575/947]  lr: 1.0000e-03  eta: 2 days, 11:40:47  time: 2.3933  data_time: 0.0024  memory: 19774  grad_norm: 84.5283  loss: 11.6639  loss_text: 1.4624  loss_center: 3.1213  loss_reg_x: 4.4185  loss_reg_y: 2.6617
2025/12/27 22:27:06 - mmengine - INFO - Epoch(train)   [2][580/947]  lr: 1.0000e-03  eta: 2 days, 11:40:28  time: 2.3356  data_time: 0.0023  memory: 19774  grad_norm: 89.8434  loss: 11.9214  loss_text: 1.4904  loss_center: 3.1215  loss_reg_x: 4.3752  loss_reg_y: 2.9343
2025/12/27 22:27:18 - mmengine - INFO - Epoch(train)   [2][585/947]  lr: 1.0000e-03  eta: 2 days, 11:40:45  time: 2.3398  data_time: 0.0023  memory: 19774  grad_norm: 84.4194  loss: 11.8386  loss_text: 1.5164  loss_center: 3.1214  loss_reg_x: 4.2781  loss_reg_y: 2.9227
2025/12/27 22:27:29 - mmengine - INFO - Epoch(train)   [2][590/947]  lr: 1.0000e-03  eta: 2 days, 11:40:57  time: 2.3917  data_time: 0.0025  memory: 19774  grad_norm: 73.8947  loss: 11.6455  loss_text: 1.4739  loss_center: 3.1214  loss_reg_x: 4.2331  loss_reg_y: 2.8171
2025/12/27 22:27:41 - mmengine - INFO - Epoch(train)   [2][595/947]  lr: 1.0000e-03  eta: 2 days, 11:40:50  time: 2.3529  data_time: 0.0025  memory: 19774  grad_norm: 67.4295  loss: 11.7614  loss_text: 1.4379  loss_center: 3.1218  loss_reg_x: 4.2345  loss_reg_y: 2.9671
2025/12/27 22:27:53 - mmengine - INFO - Epoch(train)   [2][600/947]  lr: 1.0000e-03  eta: 2 days, 11:40:47  time: 2.3271  data_time: 0.0023  memory: 19774  grad_norm: 73.2926  loss: 11.6179  loss_text: 1.4398  loss_center: 3.1219  loss_reg_x: 4.2785  loss_reg_y: 2.7777
2025/12/27 22:28:04 - mmengine - INFO - Epoch(train)   [2][605/947]  lr: 1.0000e-03  eta: 2 days, 11:40:18  time: 2.2906  data_time: 0.0026  memory: 19774  grad_norm: 74.8783  loss: 11.6899  loss_text: 1.4909  loss_center: 3.1216  loss_reg_x: 4.4187  loss_reg_y: 2.6587
2025/12/27 22:28:15 - mmengine - INFO - Epoch(train)   [2][610/947]  lr: 1.0000e-03  eta: 2 days, 11:39:51  time: 2.2512  data_time: 0.0027  memory: 19774  grad_norm: 70.2282  loss: 11.3734  loss_text: 1.4814  loss_center: 3.1214  loss_reg_x: 4.2072  loss_reg_y: 2.5635
2025/12/27 22:28:27 - mmengine - INFO - Epoch(train)   [2][615/947]  lr: 1.0000e-03  eta: 2 days, 11:39:48  time: 2.2952  data_time: 0.0025  memory: 19774  grad_norm: 71.8926  loss: 11.1805  loss_text: 1.4568  loss_center: 3.1213  loss_reg_x: 4.0297  loss_reg_y: 2.5726
2025/12/27 22:28:39 - mmengine - INFO - Epoch(train)   [2][620/947]  lr: 1.0000e-03  eta: 2 days, 11:39:41  time: 2.3276  data_time: 0.0025  memory: 19774  grad_norm: 73.7373  loss: 11.3524  loss_text: 1.5012  loss_center: 3.1215  loss_reg_x: 4.1505  loss_reg_y: 2.5791
2025/12/27 22:28:50 - mmengine - INFO - Epoch(train)   [2][625/947]  lr: 1.0000e-03  eta: 2 days, 11:39:41  time: 2.3329  data_time: 0.0023  memory: 19774  grad_norm: 76.5006  loss: 11.3763  loss_text: 1.4835  loss_center: 3.1214  loss_reg_x: 4.2716  loss_reg_y: 2.4997
2025/12/27 22:29:02 - mmengine - INFO - Epoch(train)   [2][630/947]  lr: 1.0000e-03  eta: 2 days, 11:39:42  time: 2.3485  data_time: 0.0022  memory: 19774  grad_norm: 79.7498  loss: 11.7125  loss_text: 1.4797  loss_center: 3.1212  loss_reg_x: 4.3736  loss_reg_y: 2.7380
2025/12/27 22:29:14 - mmengine - INFO - Epoch(train)   [2][635/947]  lr: 1.0000e-03  eta: 2 days, 11:39:30  time: 2.3261  data_time: 0.0023  memory: 19774  grad_norm: 81.4300  loss: 11.8416  loss_text: 1.4874  loss_center: 3.1215  loss_reg_x: 4.3890  loss_reg_y: 2.8437
2025/12/27 22:29:25 - mmengine - INFO - Epoch(train)   [2][640/947]  lr: 1.0000e-03  eta: 2 days, 11:39:41  time: 2.3430  data_time: 0.0022  memory: 19774  grad_norm: 86.1498  loss: 11.7675  loss_text: 1.4844  loss_center: 3.1214  loss_reg_x: 4.3782  loss_reg_y: 2.7835
2025/12/27 22:29:37 - mmengine - INFO - Epoch(train)   [2][645/947]  lr: 1.0000e-03  eta: 2 days, 11:39:27  time: 2.3408  data_time: 0.0023  memory: 19774  grad_norm: 84.2657  loss: 11.6329  loss_text: 1.5111  loss_center: 3.1213  loss_reg_x: 4.3184  loss_reg_y: 2.6821
2025/12/27 22:29:49 - mmengine - INFO - Epoch(train)   [2][650/947]  lr: 1.0000e-03  eta: 2 days, 11:39:45  time: 2.3538  data_time: 0.0023  memory: 19774  grad_norm: 87.6466  loss: 11.2650  loss_text: 1.4834  loss_center: 3.1213  loss_reg_x: 4.2083  loss_reg_y: 2.4521
2025/12/27 22:30:01 - mmengine - INFO - Epoch(train)   [2][655/947]  lr: 1.0000e-03  eta: 2 days, 11:40:28  time: 2.4519  data_time: 0.0022  memory: 19774  grad_norm: 101.9521  loss: 11.2185  loss_text: 1.4530  loss_center: 3.1214  loss_reg_x: 4.1499  loss_reg_y: 2.4941
2025/12/27 22:30:14 - mmengine - INFO - Epoch(train)   [2][660/947]  lr: 1.0000e-03  eta: 2 days, 11:40:48  time: 2.4550  data_time: 0.0022  memory: 19774  grad_norm: 103.8055  loss: 11.6573  loss_text: 1.4831  loss_center: 3.1215  loss_reg_x: 4.2167  loss_reg_y: 2.8360
2025/12/27 22:30:27 - mmengine - INFO - Epoch(train)   [2][665/947]  lr: 1.0000e-03  eta: 2 days, 11:42:42  time: 2.5804  data_time: 0.0028  memory: 19774  grad_norm: 89.8709  loss: 11.8006  loss_text: 1.5093  loss_center: 3.1214  loss_reg_x: 4.3579  loss_reg_y: 2.8119
2025/12/27 22:30:39 - mmengine - INFO - Epoch(train)   [2][670/947]  lr: 1.0000e-03  eta: 2 days, 11:42:21  time: 2.5104  data_time: 0.0029  memory: 19774  grad_norm: 78.2100  loss: 11.5344  loss_text: 1.4604  loss_center: 3.1214  loss_reg_x: 4.2821  loss_reg_y: 2.6704
2025/12/27 22:30:51 - mmengine - INFO - Epoch(train)   [2][675/947]  lr: 1.0000e-03  eta: 2 days, 11:42:44  time: 2.3525  data_time: 0.0023  memory: 19774  grad_norm: 70.4533  loss: 11.5594  loss_text: 1.4396  loss_center: 3.1216  loss_reg_x: 4.3015  loss_reg_y: 2.6967
2025/12/27 22:31:02 - mmengine - INFO - Epoch(train)   [2][680/947]  lr: 1.0000e-03  eta: 2 days, 11:42:27  time: 2.3585  data_time: 0.0022  memory: 19774  grad_norm: 66.7002  loss: 11.6740  loss_text: 1.4604  loss_center: 3.1216  loss_reg_x: 4.3572  loss_reg_y: 2.7347
2025/12/27 22:31:14 - mmengine - INFO - Epoch(train)   [2][685/947]  lr: 1.0000e-03  eta: 2 days, 11:42:08  time: 2.2870  data_time: 0.0021  memory: 19774  grad_norm: 74.3329  loss: 11.7322  loss_text: 1.4724  loss_center: 3.1213  loss_reg_x: 4.3447  loss_reg_y: 2.7938
2025/12/27 22:31:25 - mmengine - INFO - Epoch(train)   [2][690/947]  lr: 1.0000e-03  eta: 2 days, 11:42:06  time: 2.3131  data_time: 0.0022  memory: 19774  grad_norm: 78.0299  loss: 11.4800  loss_text: 1.4462  loss_center: 3.1211  loss_reg_x: 4.2812  loss_reg_y: 2.6315
2025/12/27 22:31:37 - mmengine - INFO - Epoch(train)   [2][695/947]  lr: 1.0000e-03  eta: 2 days, 11:42:26  time: 2.3809  data_time: 0.0024  memory: 19774  grad_norm: 73.3618  loss: 11.1585  loss_text: 1.4198  loss_center: 3.1212  loss_reg_x: 4.1065  loss_reg_y: 2.5110
2025/12/27 22:31:49 - mmengine - INFO - Epoch(train)   [2][700/947]  lr: 1.0000e-03  eta: 2 days, 11:42:01  time: 2.3418  data_time: 0.0025  memory: 19774  grad_norm: 72.2349  loss: 10.9947  loss_text: 1.4478  loss_center: 3.1211  loss_reg_x: 3.9243  loss_reg_y: 2.5015
2025/12/27 22:32:01 - mmengine - INFO - Epoch(train)   [2][705/947]  lr: 1.0000e-03  eta: 2 days, 11:42:12  time: 2.3264  data_time: 0.0025  memory: 19774  grad_norm: 68.7310  loss: 10.9003  loss_text: 1.4747  loss_center: 3.1214  loss_reg_x: 3.9065  loss_reg_y: 2.3977
2025/12/27 22:32:12 - mmengine - INFO - Epoch(train)   [2][710/947]  lr: 1.0000e-03  eta: 2 days, 11:41:51  time: 2.3327  data_time: 0.0023  memory: 19774  grad_norm: 65.4224  loss: 11.0979  loss_text: 1.4820  loss_center: 3.1215  loss_reg_x: 4.0028  loss_reg_y: 2.4916
2025/12/27 22:32:24 - mmengine - INFO - Epoch(train)   [2][715/947]  lr: 1.0000e-03  eta: 2 days, 11:41:42  time: 2.2982  data_time: 0.0023  memory: 19774  grad_norm: 67.6777  loss: 11.4470  loss_text: 1.4994  loss_center: 3.1212  loss_reg_x: 4.1198  loss_reg_y: 2.7066
2025/12/27 22:32:35 - mmengine - INFO - Epoch(train)   [2][720/947]  lr: 1.0000e-03  eta: 2 days, 11:40:53  time: 2.2480  data_time: 0.0024  memory: 19774  grad_norm: 69.3720  loss: 11.4339  loss_text: 1.4618  loss_center: 3.1211  loss_reg_x: 4.1726  loss_reg_y: 2.6783
2025/12/27 22:32:46 - mmengine - INFO - Epoch(train)   [2][725/947]  lr: 1.0000e-03  eta: 2 days, 11:40:46  time: 2.2500  data_time: 0.0024  memory: 19774  grad_norm: 78.0750  loss: 11.2735  loss_text: 1.4388  loss_center: 3.1210  loss_reg_x: 4.1366  loss_reg_y: 2.5770
2025/12/27 22:32:58 - mmengine - INFO - Epoch(train)   [2][730/947]  lr: 1.0000e-03  eta: 2 days, 11:40:52  time: 2.3497  data_time: 0.0023  memory: 19774  grad_norm: 83.5532  loss: 11.5231  loss_text: 1.4656  loss_center: 3.1211  loss_reg_x: 4.1988  loss_reg_y: 2.7375
2025/12/27 22:33:09 - mmengine - INFO - Epoch(train)   [2][735/947]  lr: 1.0000e-03  eta: 2 days, 11:40:18  time: 2.3004  data_time: 0.0022  memory: 19774  grad_norm: 80.8308  loss: 11.8411  loss_text: 1.4964  loss_center: 3.1217  loss_reg_x: 4.3955  loss_reg_y: 2.8275
2025/12/27 22:33:20 - mmengine - INFO - Epoch(train)   [2][740/947]  lr: 1.0000e-03  eta: 2 days, 11:39:25  time: 2.1935  data_time: 0.0021  memory: 19774  grad_norm: 82.6140  loss: 11.7603  loss_text: 1.5444  loss_center: 3.1217  loss_reg_x: 4.3826  loss_reg_y: 2.7116
2025/12/27 22:33:32 - mmengine - INFO - Epoch(train)   [2][745/947]  lr: 1.0000e-03  eta: 2 days, 11:39:09  time: 2.2270  data_time: 0.0022  memory: 19774  grad_norm: 81.8087  loss: 11.3409  loss_text: 1.5312  loss_center: 3.1214  loss_reg_x: 4.1977  loss_reg_y: 2.4905
2025/12/27 22:33:44 - mmengine - INFO - Epoch(train)   [2][750/947]  lr: 1.0000e-03  eta: 2 days, 11:39:26  time: 2.3537  data_time: 0.0023  memory: 19774  grad_norm: 79.2116  loss: 11.3362  loss_text: 1.4657  loss_center: 3.1213  loss_reg_x: 4.1822  loss_reg_y: 2.5669
2025/12/27 22:33:55 - mmengine - INFO - Epoch(train)   [2][755/947]  lr: 1.0000e-03  eta: 2 days, 11:39:14  time: 2.3604  data_time: 0.0023  memory: 19774  grad_norm: 79.4442  loss: 11.3861  loss_text: 1.4445  loss_center: 3.1213  loss_reg_x: 4.1354  loss_reg_y: 2.6848
2025/12/27 22:34:07 - mmengine - INFO - Epoch(train)   [2][760/947]  lr: 1.0000e-03  eta: 2 days, 11:39:01  time: 2.3057  data_time: 0.0023  memory: 19774  grad_norm: 72.8007  loss: 11.3410  loss_text: 1.4445  loss_center: 3.1214  loss_reg_x: 4.0033  loss_reg_y: 2.7718
2025/12/27 22:34:18 - mmengine - INFO - Epoch(train)   [2][765/947]  lr: 1.0000e-03  eta: 2 days, 11:39:04  time: 2.3322  data_time: 0.0024  memory: 19774  grad_norm: 68.8543  loss: 11.1676  loss_text: 1.4433  loss_center: 3.1213  loss_reg_x: 3.9000  loss_reg_y: 2.7030
2025/12/27 22:34:30 - mmengine - INFO - Epoch(train)   [2][770/947]  lr: 1.0000e-03  eta: 2 days, 11:39:18  time: 2.3819  data_time: 0.0024  memory: 19774  grad_norm: 75.0958  loss: 10.8512  loss_text: 1.4309  loss_center: 3.1213  loss_reg_x: 3.8281  loss_reg_y: 2.4709
2025/12/27 22:34:42 - mmengine - INFO - Epoch(train)   [2][775/947]  lr: 1.0000e-03  eta: 2 days, 11:39:14  time: 2.3712  data_time: 0.0023  memory: 19774  grad_norm: 81.6613  loss: 11.2222  loss_text: 1.4401  loss_center: 3.1213  loss_reg_x: 4.0345  loss_reg_y: 2.6263
2025/12/27 22:34:54 - mmengine - INFO - Epoch(train)   [2][780/947]  lr: 1.0000e-03  eta: 2 days, 11:39:14  time: 2.3452  data_time: 0.0023  memory: 19774  grad_norm: 85.3469  loss: 11.4472  loss_text: 1.4523  loss_center: 3.1212  loss_reg_x: 4.1861  loss_reg_y: 2.6876
2025/12/27 22:35:05 - mmengine - INFO - Epoch(train)   [2][785/947]  lr: 1.0000e-03  eta: 2 days, 11:38:51  time: 2.3090  data_time: 0.0023  memory: 19774  grad_norm: 80.5396  loss: 11.3355  loss_text: 1.4413  loss_center: 3.1210  loss_reg_x: 4.0932  loss_reg_y: 2.6800
2025/12/27 22:35:17 - mmengine - INFO - Epoch(train)   [2][790/947]  lr: 1.0000e-03  eta: 2 days, 11:39:01  time: 2.3287  data_time: 0.0023  memory: 19774  grad_norm: 73.5039  loss: 11.6418  loss_text: 1.4571  loss_center: 3.1212  loss_reg_x: 4.2797  loss_reg_y: 2.7837
2025/12/27 22:35:29 - mmengine - INFO - Epoch(train)   [2][795/947]  lr: 1.0000e-03  eta: 2 days, 11:38:52  time: 2.3560  data_time: 0.0024  memory: 19774  grad_norm: 70.7220  loss: 11.2353  loss_text: 1.4452  loss_center: 3.1215  loss_reg_x: 4.1662  loss_reg_y: 2.5024
2025/12/27 22:35:41 - mmengine - INFO - Epoch(train)   [2][800/947]  lr: 1.0000e-03  eta: 2 days, 11:38:53  time: 2.3382  data_time: 0.0029  memory: 19774  grad_norm: 68.2774  loss: 10.9622  loss_text: 1.4379  loss_center: 3.1218  loss_reg_x: 3.9340  loss_reg_y: 2.4685
2025/12/27 22:35:52 - mmengine - INFO - Epoch(train)   [2][805/947]  lr: 1.0000e-03  eta: 2 days, 11:38:33  time: 2.3170  data_time: 0.0030  memory: 19774  grad_norm: 70.4344  loss: 11.2511  loss_text: 1.4224  loss_center: 3.1218  loss_reg_x: 3.9205  loss_reg_y: 2.7865
2025/12/27 22:36:04 - mmengine - INFO - Epoch(train)   [2][810/947]  lr: 1.0000e-03  eta: 2 days, 11:38:23  time: 2.2976  data_time: 0.0025  memory: 19774  grad_norm: 69.1584  loss: 10.9945  loss_text: 1.4245  loss_center: 3.1215  loss_reg_x: 3.7567  loss_reg_y: 2.6917
2025/12/27 22:36:16 - mmengine - INFO - Epoch(train)   [2][815/947]  lr: 1.0000e-03  eta: 2 days, 11:39:08  time: 2.4207  data_time: 0.0023  memory: 19774  grad_norm: 70.3015  loss: 11.1022  loss_text: 1.4518  loss_center: 3.1214  loss_reg_x: 3.9705  loss_reg_y: 2.5585
2025/12/27 22:36:28 - mmengine - INFO - Epoch(train)   [2][820/947]  lr: 1.0000e-03  eta: 2 days, 11:38:57  time: 2.4181  data_time: 0.0022  memory: 19774  grad_norm: 86.8322  loss: 11.4092  loss_text: 1.4660  loss_center: 3.1212  loss_reg_x: 4.1312  loss_reg_y: 2.6909
2025/12/27 22:36:40 - mmengine - INFO - Epoch(train)   [2][825/947]  lr: 1.0000e-03  eta: 2 days, 11:38:57  time: 2.3340  data_time: 0.0022  memory: 19774  grad_norm: 85.7648  loss: 11.2042  loss_text: 1.4465  loss_center: 3.1212  loss_reg_x: 3.9307  loss_reg_y: 2.7058
2025/12/27 22:36:51 - mmengine - INFO - Epoch(train)   [2][830/947]  lr: 1.0000e-03  eta: 2 days, 11:38:48  time: 2.3379  data_time: 0.0023  memory: 19774  grad_norm: 73.6782  loss: 11.1426  loss_text: 1.4472  loss_center: 3.1214  loss_reg_x: 4.0443  loss_reg_y: 2.5297
2025/12/27 22:37:03 - mmengine - INFO - Epoch(train)   [2][835/947]  lr: 1.0000e-03  eta: 2 days, 11:38:40  time: 2.3225  data_time: 0.0023  memory: 19774  grad_norm: 69.8914  loss: 11.3162  loss_text: 1.4438  loss_center: 3.1213  loss_reg_x: 4.1054  loss_reg_y: 2.6457
2025/12/27 22:37:16 - mmengine - INFO - Epoch(train)   [2][840/947]  lr: 1.0000e-03  eta: 2 days, 11:39:37  time: 2.4498  data_time: 0.0023  memory: 19774  grad_norm: 63.8785  loss: 11.0322  loss_text: 1.4550  loss_center: 3.1214  loss_reg_x: 3.8086  loss_reg_y: 2.6472
2025/12/27 22:37:28 - mmengine - INFO - Epoch(train)   [2][845/947]  lr: 1.0000e-03  eta: 2 days, 11:39:53  time: 2.4962  data_time: 0.0025  memory: 19774  grad_norm: 73.7974  loss: 11.1536  loss_text: 1.4429  loss_center: 3.1214  loss_reg_x: 3.9530  loss_reg_y: 2.6363
2025/12/27 22:37:39 - mmengine - INFO - Epoch(train)   [2][850/947]  lr: 1.0000e-03  eta: 2 days, 11:39:45  time: 2.3711  data_time: 0.0025  memory: 19774  grad_norm: 73.4131  loss: 11.4399  loss_text: 1.4106  loss_center: 3.1213  loss_reg_x: 4.1994  loss_reg_y: 2.7087
2025/12/27 22:37:52 - mmengine - INFO - Epoch(train)   [2][855/947]  lr: 1.0000e-03  eta: 2 days, 11:40:05  time: 2.3805  data_time: 0.0023  memory: 19774  grad_norm: 61.8321  loss: 11.1294  loss_text: 1.4282  loss_center: 3.1212  loss_reg_x: 4.0504  loss_reg_y: 2.5297
2025/12/27 22:38:03 - mmengine - INFO - Epoch(train)   [2][860/947]  lr: 1.0000e-03  eta: 2 days, 11:40:07  time: 2.4004  data_time: 0.0023  memory: 19774  grad_norm: 68.7586  loss: 11.0873  loss_text: 1.4115  loss_center: 3.1211  loss_reg_x: 3.9649  loss_reg_y: 2.5897
2025/12/27 22:38:15 - mmengine - INFO - Epoch(train)   [2][865/947]  lr: 1.0000e-03  eta: 2 days, 11:40:17  time: 2.3805  data_time: 0.0023  memory: 19774  grad_norm: 72.7914  loss: 11.0700  loss_text: 1.4078  loss_center: 3.1212  loss_reg_x: 3.9713  loss_reg_y: 2.5697
2025/12/27 22:38:28 - mmengine - INFO - Epoch(train)   [2][870/947]  lr: 1.0000e-03  eta: 2 days, 11:41:10  time: 2.4811  data_time: 0.0024  memory: 19774  grad_norm: 68.7131  loss: 11.1563  loss_text: 1.4057  loss_center: 3.1216  loss_reg_x: 4.0559  loss_reg_y: 2.5731
2025/12/27 22:38:40 - mmengine - INFO - Epoch(train)   [2][875/947]  lr: 1.0000e-03  eta: 2 days, 11:41:18  time: 2.4773  data_time: 0.0024  memory: 19774  grad_norm: 74.4923  loss: 11.2287  loss_text: 1.4128  loss_center: 3.1215  loss_reg_x: 4.1270  loss_reg_y: 2.5674
2025/12/27 22:38:52 - mmengine - INFO - Epoch(train)   [2][880/947]  lr: 1.0000e-03  eta: 2 days, 11:41:10  time: 2.3588  data_time: 0.0025  memory: 19774  grad_norm: 76.8271  loss: 10.8251  loss_text: 1.4546  loss_center: 3.1211  loss_reg_x: 3.8833  loss_reg_y: 2.3661
2025/12/27 22:39:04 - mmengine - INFO - Epoch(train)   [2][885/947]  lr: 1.0000e-03  eta: 2 days, 11:41:40  time: 2.4031  data_time: 0.0026  memory: 19774  grad_norm: 66.5964  loss: 10.6797  loss_text: 1.4509  loss_center: 3.1211  loss_reg_x: 3.7906  loss_reg_y: 2.3172
2025/12/27 22:39:17 - mmengine - INFO - Epoch(train)   [2][890/947]  lr: 1.0000e-03  eta: 2 days, 11:42:25  time: 2.5072  data_time: 0.0023  memory: 19774  grad_norm: 67.2528  loss: 10.9530  loss_text: 1.4089  loss_center: 3.1210  loss_reg_x: 4.0023  loss_reg_y: 2.4207
2025/12/27 22:39:29 - mmengine - INFO - Epoch(train)   [2][895/947]  lr: 1.0000e-03  eta: 2 days, 11:42:19  time: 2.4377  data_time: 0.0026  memory: 19774  grad_norm: 68.4687  loss: 11.1929  loss_text: 1.3960  loss_center: 3.1211  loss_reg_x: 4.0574  loss_reg_y: 2.6184
2025/12/27 22:39:41 - mmengine - INFO - Epoch(train)   [2][900/947]  lr: 1.0000e-03  eta: 2 days, 11:42:50  time: 2.4110  data_time: 0.0030  memory: 19774  grad_norm: 63.2525  loss: 11.0164  loss_text: 1.4098  loss_center: 3.1212  loss_reg_x: 3.9854  loss_reg_y: 2.5000
2025/12/27 22:39:53 - mmengine - INFO - Epoch(train)   [2][905/947]  lr: 1.0000e-03  eta: 2 days, 11:43:28  time: 2.4967  data_time: 0.0027  memory: 19774  grad_norm: 60.5362  loss: 10.6707  loss_text: 1.4100  loss_center: 3.1211  loss_reg_x: 3.8826  loss_reg_y: 2.2570
2025/12/27 22:40:06 - mmengine - INFO - Epoch(train)   [2][910/947]  lr: 1.0000e-03  eta: 2 days, 11:43:48  time: 2.4768  data_time: 0.0024  memory: 19774  grad_norm: 63.3338  loss: 10.8521  loss_text: 1.3885  loss_center: 3.1210  loss_reg_x: 3.9090  loss_reg_y: 2.4337
2025/12/27 22:40:18 - mmengine - INFO - Epoch(train)   [2][915/947]  lr: 1.0000e-03  eta: 2 days, 11:44:28  time: 2.4826  data_time: 0.0024  memory: 19774  grad_norm: 81.3461  loss: 11.0655  loss_text: 1.3972  loss_center: 3.1210  loss_reg_x: 3.9876  loss_reg_y: 2.5597
2025/12/27 22:40:31 - mmengine - INFO - Epoch(train)   [2][920/947]  lr: 1.0000e-03  eta: 2 days, 11:45:11  time: 2.5295  data_time: 0.0027  memory: 19774  grad_norm: 101.2724  loss: 11.0852  loss_text: 1.4440  loss_center: 3.1208  loss_reg_x: 4.0748  loss_reg_y: 2.4456
2025/12/27 22:40:43 - mmengine - INFO - Epoch(train)   [2][925/947]  lr: 1.0000e-03  eta: 2 days, 11:45:22  time: 2.4733  data_time: 0.0028  memory: 19774  grad_norm: 90.9288  loss: 10.8050  loss_text: 1.4144  loss_center: 3.1210  loss_reg_x: 3.9329  loss_reg_y: 2.3367
2025/12/27 22:40:55 - mmengine - INFO - Epoch(train)   [2][930/947]  lr: 1.0000e-03  eta: 2 days, 11:45:45  time: 2.4336  data_time: 0.0025  memory: 19774  grad_norm: 64.3880  loss: 10.4137  loss_text: 1.3546  loss_center: 3.1212  loss_reg_x: 3.7427  loss_reg_y: 2.1952
2025/12/27 22:41:07 - mmengine - INFO - Epoch(train)   [2][935/947]  lr: 1.0000e-03  eta: 2 days, 11:45:51  time: 2.4238  data_time: 0.0025  memory: 19774  grad_norm: 67.6778  loss: 10.6384  loss_text: 1.3640  loss_center: 3.1209  loss_reg_x: 3.8694  loss_reg_y: 2.2841
2025/12/27 22:41:18 - mmengine - INFO - Epoch(train)   [2][940/947]  lr: 1.0000e-03  eta: 2 days, 11:45:08  time: 2.2896  data_time: 0.0024  memory: 19774  grad_norm: 75.2184  loss: 11.0638  loss_text: 1.3879  loss_center: 3.1210  loss_reg_x: 4.0757  loss_reg_y: 2.4793
2025/12/27 22:41:31 - mmengine - INFO - Epoch(train)   [2][945/947]  lr: 1.0000e-03  eta: 2 days, 11:45:40  time: 2.3411  data_time: 0.0023  memory: 19774  grad_norm: 83.3548  loss: 11.3312  loss_text: 1.4060  loss_center: 3.1210  loss_reg_x: 4.2050  loss_reg_y: 2.5992
2025/12/27 22:41:33 - mmengine - INFO - Exp name: fcenet_r50dcnv2_fpn_1500e_art_rctw_rects_finetune_20251227_212810
2025/12/27 22:41:49 - mmengine - INFO - Epoch(train)   [3][  5/947]  lr: 1.0000e-03  eta: 2 days, 11:47:21  time: 2.6657  data_time: 0.3656  memory: 19774  grad_norm: 85.2913  loss: 10.9402  loss_text: 1.3880  loss_center: 3.0519  loss_reg_x: 4.0251  loss_reg_y: 2.4753
2025/12/27 22:42:01 - mmengine - INFO - Epoch(train)   [3][ 10/947]  lr: 1.0000e-03  eta: 2 days, 11:47:30  time: 2.8205  data_time: 0.3657  memory: 19774  grad_norm: 80.8268  loss: 11.1759  loss_text: 1.4273  loss_center: 3.1210  loss_reg_x: 4.0536  loss_reg_y: 2.5741
2025/12/27 22:42:13 - mmengine - INFO - Epoch(train)   [3][ 15/947]  lr: 1.0000e-03  eta: 2 days, 11:47:16  time: 2.3554  data_time: 0.0022  memory: 19774  grad_norm: 70.5427  loss: 10.9947  loss_text: 1.4516  loss_center: 3.1211  loss_reg_x: 3.8763  loss_reg_y: 2.5458
2025/12/27 22:42:25 - mmengine - INFO - Epoch(train)   [3][ 20/947]  lr: 1.0000e-03  eta: 2 days, 11:47:12  time: 2.3298  data_time: 0.0023  memory: 19774  grad_norm: 64.3842  loss: 11.0373  loss_text: 1.4448  loss_center: 3.1212  loss_reg_x: 3.8554  loss_reg_y: 2.6159
2025/12/27 22:42:36 - mmengine - INFO - Epoch(train)   [3][ 25/947]  lr: 1.0000e-03  eta: 2 days, 11:46:51  time: 2.3168  data_time: 0.0024  memory: 19774  grad_norm: 63.6506  loss: 11.1477  loss_text: 1.4533  loss_center: 3.1214  loss_reg_x: 3.8880  loss_reg_y: 2.6850
2025/12/27 22:42:48 - mmengine - INFO - Epoch(train)   [3][ 30/947]  lr: 1.0000e-03  eta: 2 days, 11:46:49  time: 2.3192  data_time: 0.0024  memory: 19774  grad_norm: 65.7814  loss: 10.8169  loss_text: 1.4278  loss_center: 3.1212  loss_reg_x: 3.7951  loss_reg_y: 2.4728
2025/12/27 22:43:00 - mmengine - INFO - Epoch(train)   [3][ 35/947]  lr: 1.0000e-03  eta: 2 days, 11:47:18  time: 2.4228  data_time: 0.0024  memory: 19774  grad_norm: 74.8483  loss: 10.5271  loss_text: 1.3927  loss_center: 3.1211  loss_reg_x: 3.7942  loss_reg_y: 2.2191
2025/12/27 22:43:13 - mmengine - INFO - Epoch(train)   [3][ 40/947]  lr: 1.0000e-03  eta: 2 days, 11:47:40  time: 2.4755  data_time: 0.0024  memory: 19774  grad_norm: 68.5582  loss: 10.7235  loss_text: 1.3986  loss_center: 3.1211  loss_reg_x: 3.8446  loss_reg_y: 2.3593
2025/12/27 22:43:25 - mmengine - INFO - Epoch(train)   [3][ 45/947]  lr: 1.0000e-03  eta: 2 days, 11:48:07  time: 2.4713  data_time: 0.0027  memory: 19774  grad_norm: 58.9074  loss: 11.1121  loss_text: 1.4158  loss_center: 3.1212  loss_reg_x: 3.8910  loss_reg_y: 2.6842
2025/12/27 22:43:36 - mmengine - INFO - Epoch(train)   [3][ 50/947]  lr: 1.0000e-03  eta: 2 days, 11:47:47  time: 2.3843  data_time: 0.0027  memory: 19774  grad_norm: 65.4129  loss: 10.8791  loss_text: 1.4110  loss_center: 3.1212  loss_reg_x: 3.8338  loss_reg_y: 2.5130
2025/12/27 22:43:49 - mmengine - INFO - Epoch(train)   [3][ 55/947]  lr: 1.0000e-03  eta: 2 days, 11:48:02  time: 2.3597  data_time: 0.0026  memory: 19774  grad_norm: 75.5208  loss: 10.7345  loss_text: 1.3930  loss_center: 3.1211  loss_reg_x: 3.9037  loss_reg_y: 2.3167
2025/12/27 22:44:01 - mmengine - INFO - Epoch(train)   [3][ 60/947]  lr: 1.0000e-03  eta: 2 days, 11:48:11  time: 2.4202  data_time: 0.0027  memory: 19774  grad_norm: 75.7497  loss: 10.8598  loss_text: 1.4080  loss_center: 3.1212  loss_reg_x: 3.8941  loss_reg_y: 2.4366
2025/12/27 22:44:13 - mmengine - INFO - Epoch(train)   [3][ 65/947]  lr: 1.0000e-03  eta: 2 days, 11:48:32  time: 2.4334  data_time: 0.0025  memory: 19774  grad_norm: 71.1343  loss: 10.7455  loss_text: 1.4094  loss_center: 3.1211  loss_reg_x: 3.7523  loss_reg_y: 2.4627
2025/12/27 22:44:25 - mmengine - INFO - Epoch(train)   [3][ 70/947]  lr: 1.0000e-03  eta: 2 days, 11:48:27  time: 2.4033  data_time: 0.0025  memory: 19774  grad_norm: 67.0895  loss: 10.8250  loss_text: 1.4250  loss_center: 3.1212  loss_reg_x: 3.8316  loss_reg_y: 2.4472
2025/12/27 22:44:37 - mmengine - INFO - Epoch(train)   [3][ 75/947]  lr: 1.0000e-03  eta: 2 days, 11:48:35  time: 2.3776  data_time: 0.0027  memory: 19774  grad_norm: 63.7634  loss: 10.8545  loss_text: 1.4544  loss_center: 3.1212  loss_reg_x: 3.8452  loss_reg_y: 2.4337
2025/12/27 22:44:49 - mmengine - INFO - Epoch(train)   [3][ 80/947]  lr: 1.0000e-03  eta: 2 days, 11:48:46  time: 2.4113  data_time: 0.0030  memory: 19774  grad_norm: 68.6664  loss: 10.7665  loss_text: 1.4349  loss_center: 3.1211  loss_reg_x: 3.7155  loss_reg_y: 2.4950
2025/12/27 22:45:01 - mmengine - INFO - Epoch(train)   [3][ 85/947]  lr: 1.0000e-03  eta: 2 days, 11:49:10  time: 2.4465  data_time: 0.0029  memory: 19774  grad_norm: 81.7354  loss: 10.6880  loss_text: 1.4107  loss_center: 3.1213  loss_reg_x: 3.7307  loss_reg_y: 2.4253
2025/12/27 22:45:14 - mmengine - INFO - Epoch(train)   [3][ 90/947]  lr: 1.0000e-03  eta: 2 days, 11:49:52  time: 2.5131  data_time: 0.0025  memory: 19774  grad_norm: 81.1438  loss: 10.6533  loss_text: 1.4044  loss_center: 3.1213  loss_reg_x: 3.8367  loss_reg_y: 2.2909
2025/12/27 22:45:26 - mmengine - INFO - Epoch(train)   [3][ 95/947]  lr: 1.0000e-03  eta: 2 days, 11:49:57  time: 2.4725  data_time: 0.0024  memory: 19774  grad_norm: 71.1862  loss: 10.8294  loss_text: 1.3959  loss_center: 3.1212  loss_reg_x: 3.9113  loss_reg_y: 2.4010
2025/12/27 22:45:38 - mmengine - INFO - Epoch(train)   [3][100/947]  lr: 1.0000e-03  eta: 2 days, 11:49:57  time: 2.3851  data_time: 0.0023  memory: 19774  grad_norm: 63.1187  loss: 10.8730  loss_text: 1.4108  loss_center: 3.1213  loss_reg_x: 3.9532  loss_reg_y: 2.3877
2025/12/27 22:45:50 - mmengine - INFO - Epoch(train)   [3][105/947]  lr: 1.0000e-03  eta: 2 days, 11:50:15  time: 2.4119  data_time: 0.0024  memory: 19774  grad_norm: 59.6458  loss: 10.5952  loss_text: 1.4276  loss_center: 3.1213  loss_reg_x: 3.8292  loss_reg_y: 2.2171
2025/12/27 22:45:52 - mmengine - INFO - Exp name: fcenet_r50dcnv2_fpn_1500e_art_rctw_rects_finetune_20251227_212810
2025/12/27 22:46:02 - mmengine - INFO - Epoch(train)   [3][110/947]  lr: 1.0000e-03  eta: 2 days, 11:50:32  time: 2.4480  data_time: 0.0025  memory: 19774  grad_norm: 63.2958  loss: 10.6646  loss_text: 1.4273  loss_center: 3.1212  loss_reg_x: 3.7983  loss_reg_y: 2.3178
2025/12/27 22:46:14 - mmengine - INFO - Epoch(train)   [3][115/947]  lr: 1.0000e-03  eta: 2 days, 11:50:21  time: 2.3884  data_time: 0.0026  memory: 19774  grad_norm: 68.3294  loss: 11.0473  loss_text: 1.4206  loss_center: 3.1211  loss_reg_x: 3.9241  loss_reg_y: 2.5815
2025/12/27 22:46:26 - mmengine - INFO - Epoch(train)   [3][120/947]  lr: 1.0000e-03  eta: 2 days, 11:50:24  time: 2.3585  data_time: 0.0023  memory: 19774  grad_norm: 68.3836  loss: 10.8576  loss_text: 1.4050  loss_center: 3.1210  loss_reg_x: 3.8395  loss_reg_y: 2.4921
2025/12/27 22:46:38 - mmengine - INFO - Epoch(train)   [3][125/947]  lr: 1.0000e-03  eta: 2 days, 11:50:59  time: 2.4563  data_time: 0.0025  memory: 19774  grad_norm: 65.9461  loss: 10.6265  loss_text: 1.3900  loss_center: 3.1210  loss_reg_x: 3.8669  loss_reg_y: 2.2486
2025/12/27 22:46:51 - mmengine - INFO - Epoch(train)   [3][130/947]  lr: 1.0000e-03  eta: 2 days, 11:51:44  time: 2.5494  data_time: 0.0027  memory: 19774  grad_norm: 71.3413  loss: 10.9170  loss_text: 1.4437  loss_center: 3.1210  loss_reg_x: 4.0005  loss_reg_y: 2.3518
2025/12/27 22:47:04 - mmengine - INFO - Epoch(train)   [3][135/947]  lr: 1.0000e-03  eta: 2 days, 11:52:34  time: 2.5845  data_time: 0.0026  memory: 19774  grad_norm: 82.7320  loss: 11.0278  loss_text: 1.4939  loss_center: 3.1210  loss_reg_x: 3.8584  loss_reg_y: 2.5545
2025/12/27 22:47:17 - mmengine - INFO - Epoch(train)   [3][140/947]  lr: 1.0000e-03  eta: 2 days, 11:52:54  time: 2.5299  data_time: 0.0029  memory: 19774  grad_norm: 87.2867  loss: 10.9826  loss_text: 1.4955  loss_center: 3.1210  loss_reg_x: 3.7736  loss_reg_y: 2.5925
2025/12/27 22:47:28 - mmengine - INFO - Epoch(train)   [3][145/947]  lr: 1.0000e-03  eta: 2 days, 11:52:45  time: 2.4004  data_time: 0.0029  memory: 19774  grad_norm: 83.3373  loss: 10.9635  loss_text: 1.4981  loss_center: 3.1208  loss_reg_x: 3.8937  loss_reg_y: 2.4509
2025/12/27 22:47:41 - mmengine - INFO - Epoch(train)   [3][150/947]  lr: 1.0000e-03  eta: 2 days, 11:53:15  time: 2.4241  data_time: 0.0026  memory: 19774  grad_norm: 78.5383  loss: 10.9613  loss_text: 1.4865  loss_center: 3.1209  loss_reg_x: 3.9635  loss_reg_y: 2.3904
2025/12/27 22:47:53 - mmengine - INFO - Epoch(train)   [3][155/947]  lr: 1.0000e-03  eta: 2 days, 11:53:23  time: 2.4621  data_time: 0.0028  memory: 19774  grad_norm: 70.2560  loss: 10.8845  loss_text: 1.4503  loss_center: 3.1210  loss_reg_x: 3.8650  loss_reg_y: 2.4483
2025/12/27 22:48:05 - mmengine - INFO - Epoch(train)   [3][160/947]  lr: 1.0000e-03  eta: 2 days, 11:53:15  time: 2.3788  data_time: 0.0030  memory: 19774  grad_norm: 67.7327  loss: 10.6491  loss_text: 1.4090  loss_center: 3.1210  loss_reg_x: 3.6901  loss_reg_y: 2.4291
2025/12/27 22:48:17 - mmengine - INFO - Epoch(train)   [3][165/947]  lr: 1.0000e-03  eta: 2 days, 11:53:19  time: 2.3700  data_time: 0.0025  memory: 19774  grad_norm: 71.5642  loss: 10.9708  loss_text: 1.4361  loss_center: 3.1212  loss_reg_x: 3.8465  loss_reg_y: 2.5671
2025/12/27 22:48:29 - mmengine - INFO - Epoch(train)   [3][170/947]  lr: 1.0000e-03  eta: 2 days, 11:54:01  time: 2.4818  data_time: 0.0024  memory: 19774  grad_norm: 77.9283  loss: 11.0960  loss_text: 1.4392  loss_center: 3.1211  loss_reg_x: 4.0012  loss_reg_y: 2.5346
2025/12/27 22:48:41 - mmengine - INFO - Epoch(train)   [3][175/947]  lr: 1.0000e-03  eta: 2 days, 11:54:01  time: 2.4730  data_time: 0.0025  memory: 19774  grad_norm: 80.4550  loss: 10.7114  loss_text: 1.4062  loss_center: 3.1210  loss_reg_x: 3.8654  loss_reg_y: 2.3187
2025/12/27 22:48:53 - mmengine - INFO - Epoch(train)   [3][180/947]  lr: 1.0000e-03  eta: 2 days, 11:54:08  time: 2.3945  data_time: 0.0023  memory: 19774  grad_norm: 70.9290  loss: 10.8078  loss_text: 1.3803  loss_center: 3.1210  loss_reg_x: 3.8833  loss_reg_y: 2.4231
2025/12/27 22:49:05 - mmengine - INFO - Epoch(train)   [3][185/947]  lr: 1.0000e-03  eta: 2 days, 11:53:49  time: 2.3548  data_time: 0.0024  memory: 19774  grad_norm: 60.2565  loss: 10.8328  loss_text: 1.3708  loss_center: 3.1210  loss_reg_x: 3.8388  loss_reg_y: 2.5020
2025/12/27 22:49:18 - mmengine - INFO - Epoch(train)   [3][190/947]  lr: 1.0000e-03  eta: 2 days, 11:54:23  time: 2.4143  data_time: 0.0026  memory: 19774  grad_norm: 58.2683  loss: 10.5129  loss_text: 1.3804  loss_center: 3.1210  loss_reg_x: 3.6643  loss_reg_y: 2.3472
2025/12/27 22:49:30 - mmengine - INFO - Epoch(train)   [3][195/947]  lr: 1.0000e-03  eta: 2 days, 11:54:26  time: 2.4637  data_time: 0.0025  memory: 19774  grad_norm: 54.9445  loss: 10.4207  loss_text: 1.3610  loss_center: 3.1210  loss_reg_x: 3.7430  loss_reg_y: 2.1956
2025/12/27 22:49:41 - mmengine - INFO - Epoch(train)   [3][200/947]  lr: 1.0000e-03  eta: 2 days, 11:53:47  time: 2.3005  data_time: 0.0022  memory: 19774  grad_norm: 53.0493  loss: 10.3629  loss_text: 1.3769  loss_center: 3.1210  loss_reg_x: 3.6282  loss_reg_y: 2.2368
2025/12/27 22:49:53 - mmengine - INFO - Epoch(train)   [3][205/947]  lr: 1.0000e-03  eta: 2 days, 11:53:51  time: 2.3019  data_time: 0.0024  memory: 19774  grad_norm: 65.3710  loss: 10.6162  loss_text: 1.4138  loss_center: 3.1209  loss_reg_x: 3.6478  loss_reg_y: 2.4337
2025/12/27 22:50:04 - mmengine - INFO - Epoch(train)   [3][210/947]  lr: 1.0000e-03  eta: 2 days, 11:53:49  time: 2.3865  data_time: 0.0024  memory: 19774  grad_norm: 86.1157  loss: 11.0152  loss_text: 1.4352  loss_center: 3.1210  loss_reg_x: 3.9480  loss_reg_y: 2.5111
2025/12/27 22:50:16 - mmengine - INFO - Epoch(train)   [3][215/947]  lr: 1.0000e-03  eta: 2 days, 11:53:47  time: 2.3712  data_time: 0.0023  memory: 19774  grad_norm: 95.1051  loss: 10.9147  loss_text: 1.4592  loss_center: 3.1210  loss_reg_x: 3.9106  loss_reg_y: 2.4239
2025/12/27 22:50:29 - mmengine - INFO - Epoch(train)   [3][220/947]  lr: 1.0000e-03  eta: 2 days, 11:54:26  time: 2.4657  data_time: 0.0024  memory: 19774  grad_norm: 91.3451  loss: 10.6160  loss_text: 1.4125  loss_center: 3.1209  loss_reg_x: 3.7579  loss_reg_y: 2.3247
2025/12/27 22:50:41 - mmengine - INFO - Epoch(train)   [3][225/947]  lr: 1.0000e-03  eta: 2 days, 11:54:10  time: 2.4353  data_time: 0.0023  memory: 19774  grad_norm: 86.2410  loss: 10.6166  loss_text: 1.3932  loss_center: 3.1209  loss_reg_x: 3.7156  loss_reg_y: 2.3869
2025/12/27 22:50:53 - mmengine - INFO - Epoch(train)   [3][230/947]  lr: 1.0000e-03  eta: 2 days, 11:54:43  time: 2.4221  data_time: 0.0024  memory: 19774  grad_norm: 76.4462  loss: 10.5870  loss_text: 1.3818  loss_center: 3.1210  loss_reg_x: 3.7031  loss_reg_y: 2.3812
2025/12/27 22:51:06 - mmengine - INFO - Epoch(train)   [3][235/947]  lr: 1.0000e-03  eta: 2 days, 11:54:58  time: 2.4938  data_time: 0.0026  memory: 19774  grad_norm: 72.4609  loss: 10.6472  loss_text: 1.3820  loss_center: 3.1212  loss_reg_x: 3.7597  loss_reg_y: 2.3843
2025/12/27 22:51:18 - mmengine - INFO - Epoch(train)   [3][240/947]  lr: 1.0000e-03  eta: 2 days, 11:55:28  time: 2.4857  data_time: 0.0025  memory: 19774  grad_norm: 74.8714  loss: 10.6669  loss_text: 1.3684  loss_center: 3.1213  loss_reg_x: 3.8281  loss_reg_y: 2.3492
2025/12/27 22:51:30 - mmengine - INFO - Epoch(train)   [3][245/947]  lr: 1.0000e-03  eta: 2 days, 11:55:22  time: 2.4395  data_time: 0.0025  memory: 19774  grad_norm: 77.4626  loss: 10.6099  loss_text: 1.3821  loss_center: 3.1212  loss_reg_x: 3.7764  loss_reg_y: 2.3301
2025/12/27 22:51:42 - mmengine - INFO - Epoch(train)   [3][250/947]  lr: 1.0000e-03  eta: 2 days, 11:55:46  time: 2.4272  data_time: 0.0026  memory: 19774  grad_norm: 81.2507  loss: 10.6340  loss_text: 1.4248  loss_center: 3.1210  loss_reg_x: 3.6916  loss_reg_y: 2.3966
2025/12/27 22:51:55 - mmengine - INFO - Epoch(train)   [3][255/947]  lr: 1.0000e-03  eta: 2 days, 11:56:08  time: 2.4901  data_time: 0.0025  memory: 19774  grad_norm: 74.7328  loss: 10.6690  loss_text: 1.3993  loss_center: 3.1213  loss_reg_x: 3.7820  loss_reg_y: 2.3665
2025/12/27 22:52:07 - mmengine - INFO - Epoch(train)   [3][260/947]  lr: 1.0000e-03  eta: 2 days, 11:56:30  time: 2.4884  data_time: 0.0026  memory: 19774  grad_norm: 79.7746  loss: 10.7203  loss_text: 1.3983  loss_center: 3.1213  loss_reg_x: 3.7992  loss_reg_y: 2.4016
2025/12/27 22:52:19 - mmengine - INFO - Epoch(train)   [3][265/947]  lr: 1.0000e-03  eta: 2 days, 11:56:25  time: 2.4257  data_time: 0.0035  memory: 19774  grad_norm: 78.8927  loss: 10.8264  loss_text: 1.3788  loss_center: 3.1209  loss_reg_x: 3.7716  loss_reg_y: 2.5551
2025/12/27 22:52:32 - mmengine - INFO - Epoch(train)   [3][270/947]  lr: 1.0000e-03  eta: 2 days, 11:56:59  time: 2.4543  data_time: 0.0036  memory: 19774  grad_norm: 70.1053  loss: 10.6918  loss_text: 1.3971  loss_center: 3.1210  loss_reg_x: 3.6507  loss_reg_y: 2.5231
2025/12/27 22:52:44 - mmengine - INFO - Epoch(train)   [3][275/947]  lr: 1.0000e-03  eta: 2 days, 11:57:26  time: 2.5294  data_time: 0.0028  memory: 19774  grad_norm: 75.3763  loss: 10.4384  loss_text: 1.4246  loss_center: 3.1210  loss_reg_x: 3.5778  loss_reg_y: 2.3150
2025/12/27 22:52:57 - mmengine - INFO - Epoch(train)   [3][280/947]  lr: 1.0000e-03  eta: 2 days, 11:58:02  time: 2.5335  data_time: 0.0026  memory: 19774  grad_norm: 70.1703  loss: 10.6078  loss_text: 1.4070  loss_center: 3.1211  loss_reg_x: 3.7606  loss_reg_y: 2.3192
2025/12/27 22:53:10 - mmengine - INFO - Epoch(train)   [3][285/947]  lr: 1.0000e-03  eta: 2 days, 11:58:29  time: 2.5380  data_time: 0.0034  memory: 19774  grad_norm: 72.1359  loss: 10.8659  loss_text: 1.4551  loss_center: 3.1209  loss_reg_x: 3.8418  loss_reg_y: 2.4480
2025/12/27 22:53:23 - mmengine - INFO - Epoch(train)   [3][290/947]  lr: 1.0000e-03  eta: 2 days, 11:59:08  time: 2.5445  data_time: 0.0033  memory: 19774  grad_norm: 73.6510  loss: 11.0235  loss_text: 1.4874  loss_center: 3.1208  loss_reg_x: 3.8525  loss_reg_y: 2.5627
2025/12/27 22:53:35 - mmengine - INFO - Epoch(train)   [3][295/947]  lr: 1.0000e-03  eta: 2 days, 11:59:10  time: 2.4854  data_time: 0.0027  memory: 19774  grad_norm: 72.2485  loss: 11.0521  loss_text: 1.4511  loss_center: 3.1209  loss_reg_x: 3.9164  loss_reg_y: 2.5637
2025/12/27 22:53:47 - mmengine - INFO - Epoch(train)   [3][300/947]  lr: 1.0000e-03  eta: 2 days, 11:59:15  time: 2.4069  data_time: 0.0027  memory: 19774  grad_norm: 68.6512  loss: 10.8818  loss_text: 1.4112  loss_center: 3.1210  loss_reg_x: 3.8683  loss_reg_y: 2.4813
2025/12/27 22:53:59 - mmengine - INFO - Epoch(train)   [3][305/947]  lr: 1.0000e-03  eta: 2 days, 11:59:46  time: 2.4753  data_time: 0.0025  memory: 19774  grad_norm: 75.0597  loss: 10.7445  loss_text: 1.4545  loss_center: 3.1209  loss_reg_x: 3.8452  loss_reg_y: 2.3239
2025/12/27 22:54:12 - mmengine - INFO - Epoch(train)   [3][310/947]  lr: 1.0000e-03  eta: 2 days, 12:00:26  time: 2.5588  data_time: 0.0026  memory: 19774  grad_norm: 80.7679  loss: 10.4757  loss_text: 1.4693  loss_center: 3.1209  loss_reg_x: 3.7118  loss_reg_y: 2.1737
2025/12/27 22:54:24 - mmengine - INFO - Epoch(train)   [3][315/947]  lr: 1.0000e-03  eta: 2 days, 12:00:34  time: 2.5052  data_time: 0.0027  memory: 19774  grad_norm: 70.1724  loss: 10.3788  loss_text: 1.4110  loss_center: 3.1209  loss_reg_x: 3.6060  loss_reg_y: 2.2408
2025/12/27 22:54:37 - mmengine - INFO - Epoch(train)   [3][320/947]  lr: 1.0000e-03  eta: 2 days, 12:00:45  time: 2.4359  data_time: 0.0027  memory: 19774  grad_norm: 65.8592  loss: 10.7607  loss_text: 1.4160  loss_center: 3.1209  loss_reg_x: 3.8304  loss_reg_y: 2.3935
2025/12/27 22:54:50 - mmengine - INFO - Epoch(train)   [3][325/947]  lr: 1.0000e-03  eta: 2 days, 12:01:25  time: 2.5128  data_time: 0.0031  memory: 19774  grad_norm: 60.8193  loss: 10.6208  loss_text: 1.4000  loss_center: 3.1210  loss_reg_x: 3.7190  loss_reg_y: 2.3808
2025/12/27 22:55:02 - mmengine - INFO - Epoch(train)   [3][330/947]  lr: 1.0000e-03  eta: 2 days, 12:01:27  time: 2.4939  data_time: 0.0029  memory: 19774  grad_norm: 59.7987  loss: 10.5567  loss_text: 1.3764  loss_center: 3.1213  loss_reg_x: 3.6778  loss_reg_y: 2.3811
2025/12/27 22:55:14 - mmengine - INFO - Epoch(train)   [3][335/947]  lr: 1.0000e-03  eta: 2 days, 12:01:31  time: 2.4075  data_time: 0.0024  memory: 19774  grad_norm: 64.7388  loss: 10.6906  loss_text: 1.3946  loss_center: 3.1215  loss_reg_x: 3.7668  loss_reg_y: 2.4076
2025/12/27 22:55:26 - mmengine - INFO - Epoch(train)   [3][340/947]  lr: 1.0000e-03  eta: 2 days, 12:01:30  time: 2.4011  data_time: 0.0026  memory: 19774  grad_norm: 63.7852  loss: 10.4885  loss_text: 1.4003  loss_center: 3.1212  loss_reg_x: 3.6929  loss_reg_y: 2.2740
2025/12/27 22:55:37 - mmengine - INFO - Epoch(train)   [3][345/947]  lr: 1.0000e-03  eta: 2 days, 12:01:26  time: 2.3821  data_time: 0.0025  memory: 19774  grad_norm: 61.9060  loss: 10.4312  loss_text: 1.4186  loss_center: 3.1214  loss_reg_x: 3.7051  loss_reg_y: 2.1862
2025/12/27 22:55:50 - mmengine - INFO - Epoch(train)   [3][350/947]  lr: 1.0000e-03  eta: 2 days, 12:01:44  time: 2.4279  data_time: 0.0029  memory: 19774  grad_norm: 61.5239  loss: 10.6979  loss_text: 1.4430  loss_center: 3.1212  loss_reg_x: 3.8470  loss_reg_y: 2.2866
2025/12/27 22:56:01 - mmengine - INFO - Epoch(train)   [3][355/947]  lr: 1.0000e-03  eta: 2 days, 12:01:20  time: 2.3787  data_time: 0.0030  memory: 19774  grad_norm: 58.0882  loss: 10.6612  loss_text: 1.3920  loss_center: 3.1211  loss_reg_x: 3.7719  loss_reg_y: 2.3762
2025/12/27 22:56:14 - mmengine - INFO - Epoch(train)   [3][360/947]  lr: 1.0000e-03  eta: 2 days, 12:01:32  time: 2.3642  data_time: 0.0031  memory: 19774  grad_norm: 62.6639  loss: 10.4034  loss_text: 1.3524  loss_center: 3.1211  loss_reg_x: 3.6101  loss_reg_y: 2.3198
2025/12/27 22:56:25 - mmengine - INFO - Epoch(train)   [3][365/947]  lr: 1.0000e-03  eta: 2 days, 12:01:27  time: 2.4133  data_time: 0.0033  memory: 19774  grad_norm: 63.0877  loss: 10.4028  loss_text: 1.3631  loss_center: 3.1210  loss_reg_x: 3.6622  loss_reg_y: 2.2565
2025/12/27 22:56:38 - mmengine - INFO - Epoch(train)   [3][370/947]  lr: 1.0000e-03  eta: 2 days, 12:01:52  time: 2.4444  data_time: 0.0026  memory: 19774  grad_norm: 58.5906  loss: 10.4036  loss_text: 1.3224  loss_center: 3.1211  loss_reg_x: 3.6337  loss_reg_y: 2.3264
2025/12/27 22:56:50 - mmengine - INFO - Epoch(train)   [3][375/947]  lr: 1.0000e-03  eta: 2 days, 12:01:57  time: 2.4681  data_time: 0.0022  memory: 19774  grad_norm: 72.6822  loss: 10.4061  loss_text: 1.3326  loss_center: 3.1210  loss_reg_x: 3.7108  loss_reg_y: 2.2417
2025/12/27 22:57:02 - mmengine - INFO - Epoch(train)   [3][380/947]  lr: 1.0000e-03  eta: 2 days, 12:02:02  time: 2.4194  data_time: 0.0023  memory: 19774  grad_norm: 77.9625  loss: 10.3868  loss_text: 1.4083  loss_center: 3.1210  loss_reg_x: 3.7845  loss_reg_y: 2.0729
2025/12/27 22:57:14 - mmengine - INFO - Epoch(train)   [3][385/947]  lr: 1.0000e-03  eta: 2 days, 12:01:53  time: 2.3847  data_time: 0.0027  memory: 19774  grad_norm: 71.3328  loss: 10.3674  loss_text: 1.4113  loss_center: 3.1210  loss_reg_x: 3.6639  loss_reg_y: 2.1712
2025/12/27 22:57:26 - mmengine - INFO - Epoch(train)   [3][390/947]  lr: 1.0000e-03  eta: 2 days, 12:01:53  time: 2.3743  data_time: 0.0025  memory: 19774  grad_norm: 79.4604  loss: 10.2127  loss_text: 1.3834  loss_center: 3.1207  loss_reg_x: 3.4723  loss_reg_y: 2.2362
2025/12/27 22:57:38 - mmengine - INFO - Epoch(train)   [3][395/947]  lr: 1.0000e-03  eta: 2 days, 12:01:54  time: 2.4000  data_time: 0.0026  memory: 19774  grad_norm: 73.7012  loss: 10.0778  loss_text: 1.4094  loss_center: 3.1209  loss_reg_x: 3.3555  loss_reg_y: 2.1920
2025/12/27 22:57:50 - mmengine - INFO - Epoch(train)   [3][400/947]  lr: 1.0000e-03  eta: 2 days, 12:02:04  time: 2.4248  data_time: 0.0027  memory: 19774  grad_norm: 64.2907  loss: 10.2234  loss_text: 1.4042  loss_center: 3.1211  loss_reg_x: 3.5223  loss_reg_y: 2.1759
2025/12/27 22:58:03 - mmengine - INFO - Epoch(train)   [3][405/947]  lr: 1.0000e-03  eta: 2 days, 12:02:27  time: 2.4785  data_time: 0.0024  memory: 19774  grad_norm: 67.5684  loss: 10.3312  loss_text: 1.3649  loss_center: 3.1212  loss_reg_x: 3.6437  loss_reg_y: 2.2014
2025/12/27 22:58:16 - mmengine - INFO - Epoch(train)   [3][410/947]  lr: 1.0000e-03  eta: 2 days, 12:03:05  time: 2.5486  data_time: 0.0024  memory: 19774  grad_norm: 62.4522  loss: 10.3513  loss_text: 1.3710  loss_center: 3.1210  loss_reg_x: 3.6615  loss_reg_y: 2.1977
2025/12/27 22:58:27 - mmengine - INFO - Epoch(train)   [3][415/947]  lr: 1.0000e-03  eta: 2 days, 12:02:48  time: 2.4501  data_time: 0.0024  memory: 19774  grad_norm: 57.5279  loss: 10.2315  loss_text: 1.3689  loss_center: 3.1209  loss_reg_x: 3.5234  loss_reg_y: 2.2183
2025/12/27 22:58:39 - mmengine - INFO - Epoch(train)   [3][420/947]  lr: 1.0000e-03  eta: 2 days, 12:02:49  time: 2.3576  data_time: 0.0024  memory: 19774  grad_norm: 59.6325  loss: 10.1801  loss_text: 1.3619  loss_center: 3.1211  loss_reg_x: 3.4795  loss_reg_y: 2.2176
2025/12/27 22:58:51 - mmengine - INFO - Epoch(train)   [3][425/947]  lr: 1.0000e-03  eta: 2 days, 12:02:54  time: 2.4142  data_time: 0.0024  memory: 19774  grad_norm: 62.4396  loss: 10.4529  loss_text: 1.3910  loss_center: 3.1210  loss_reg_x: 3.6682  loss_reg_y: 2.2727
2025/12/27 22:59:03 - mmengine - INFO - Epoch(train)   [3][430/947]  lr: 1.0000e-03  eta: 2 days, 12:02:25  time: 2.3400  data_time: 0.0027  memory: 19774  grad_norm: 66.7535  loss: 10.6543  loss_text: 1.3828  loss_center: 3.1210  loss_reg_x: 3.7980  loss_reg_y: 2.3525
2025/12/27 22:59:16 - mmengine - INFO - Epoch(train)   [3][435/947]  lr: 1.0000e-03  eta: 2 days, 12:03:12  time: 2.4426  data_time: 0.0031  memory: 19774  grad_norm: 69.6727  loss: 10.5449  loss_text: 1.3586  loss_center: 3.1210  loss_reg_x: 3.7566  loss_reg_y: 2.3088
2025/12/27 22:59:28 - mmengine - INFO - Epoch(train)   [3][440/947]  lr: 1.0000e-03  eta: 2 days, 12:03:29  time: 2.5603  data_time: 0.0033  memory: 19774  grad_norm: 75.2886  loss: 10.4457  loss_text: 1.4088  loss_center: 3.1207  loss_reg_x: 3.6141  loss_reg_y: 2.3021
2025/12/27 22:59:41 - mmengine - INFO - Epoch(train)   [3][445/947]  lr: 1.0000e-03  eta: 2 days, 12:03:46  time: 2.4879  data_time: 0.0030  memory: 19774  grad_norm: 77.4444  loss: 10.4019  loss_text: 1.4298  loss_center: 3.1207  loss_reg_x: 3.5889  loss_reg_y: 2.2625
2025/12/27 22:59:52 - mmengine - INFO - Epoch(train)   [3][450/947]  lr: 1.0000e-03  eta: 2 days, 12:03:40  time: 2.4266  data_time: 0.0025  memory: 19774  grad_norm: 77.3250  loss: 10.4120  loss_text: 1.4242  loss_center: 3.1206  loss_reg_x: 3.6237  loss_reg_y: 2.2434
2025/12/27 23:00:06 - mmengine - INFO - Epoch(train)   [3][455/947]  lr: 1.0000e-03  eta: 2 days, 12:04:23  time: 2.4929  data_time: 0.0025  memory: 19774  grad_norm: 70.1124  loss: 10.5090  loss_text: 1.3716  loss_center: 3.1206  loss_reg_x: 3.6886  loss_reg_y: 2.3281
2025/12/27 23:00:18 - mmengine - INFO - Epoch(train)   [3][460/947]  lr: 1.0000e-03  eta: 2 days, 12:04:28  time: 2.5233  data_time: 0.0023  memory: 19774  grad_norm: 60.3016  loss: 10.4083  loss_text: 1.3510  loss_center: 3.1211  loss_reg_x: 3.6073  loss_reg_y: 2.3289
2025/12/27 23:00:29 - mmengine - INFO - Epoch(train)   [3][465/947]  lr: 1.0000e-03  eta: 2 days, 12:04:09  time: 2.3668  data_time: 0.0021  memory: 19774  grad_norm: 63.6801  loss: 10.2946  loss_text: 1.3614  loss_center: 3.1211  loss_reg_x: 3.5415  loss_reg_y: 2.2706
2025/12/27 23:00:41 - mmengine - INFO - Epoch(train)   [3][470/947]  lr: 1.0000e-03  eta: 2 days, 12:03:49  time: 2.3019  data_time: 0.0022  memory: 19774  grad_norm: 61.1507  loss: 10.4540  loss_text: 1.3295  loss_center: 3.1209  loss_reg_x: 3.7205  loss_reg_y: 2.2831
2025/12/27 23:00:53 - mmengine - INFO - Epoch(train)   [3][475/947]  lr: 1.0000e-03  eta: 2 days, 12:03:44  time: 2.3366  data_time: 0.0022  memory: 19774  grad_norm: 57.4834  loss: 10.6966  loss_text: 1.4044  loss_center: 3.1209  loss_reg_x: 3.8447  loss_reg_y: 2.3268
2025/12/27 23:01:04 - mmengine - INFO - Epoch(train)   [3][480/947]  lr: 1.0000e-03  eta: 2 days, 12:03:10  time: 2.3022  data_time: 0.0021  memory: 19774  grad_norm: 64.1842  loss: 10.4066  loss_text: 1.4204  loss_center: 3.1208  loss_reg_x: 3.6250  loss_reg_y: 2.2403
2025/12/27 23:01:15 - mmengine - INFO - Epoch(train)   [3][485/947]  lr: 1.0000e-03  eta: 2 days, 12:02:41  time: 2.2396  data_time: 0.0022  memory: 19774  grad_norm: 63.8634  loss: 10.2409  loss_text: 1.3671  loss_center: 3.1208  loss_reg_x: 3.5471  loss_reg_y: 2.2058
2025/12/27 23:01:27 - mmengine - INFO - Epoch(train)   [3][490/947]  lr: 1.0000e-03  eta: 2 days, 12:02:38  time: 2.3187  data_time: 0.0022  memory: 19774  grad_norm: 62.1328  loss: 10.3970  loss_text: 1.3297  loss_center: 3.1209  loss_reg_x: 3.6843  loss_reg_y: 2.2620
2025/12/27 23:01:39 - mmengine - INFO - Epoch(train)   [3][495/947]  lr: 1.0000e-03  eta: 2 days, 12:02:47  time: 2.4193  data_time: 0.0024  memory: 19774  grad_norm: 64.8123  loss: 10.3635  loss_text: 1.3234  loss_center: 3.1209  loss_reg_x: 3.6890  loss_reg_y: 2.2302
2025/12/27 23:01:51 - mmengine - INFO - Epoch(train)   [3][500/947]  lr: 1.0000e-03  eta: 2 days, 12:02:35  time: 2.3966  data_time: 0.0024  memory: 19774  grad_norm: 65.3852  loss: 10.4653  loss_text: 1.3571  loss_center: 3.1210  loss_reg_x: 3.7133  loss_reg_y: 2.2739
2025/12/27 23:02:03 - mmengine - INFO - Epoch(train)   [3][505/947]  lr: 1.0000e-03  eta: 2 days, 12:02:36  time: 2.3728  data_time: 0.0022  memory: 19774  grad_norm: 66.7414  loss: 10.4221  loss_text: 1.3584  loss_center: 3.1209  loss_reg_x: 3.6480  loss_reg_y: 2.2948
2025/12/27 23:02:14 - mmengine - INFO - Epoch(train)   [3][510/947]  lr: 1.0000e-03  eta: 2 days, 12:01:59  time: 2.3071  data_time: 0.0023  memory: 19774  grad_norm: 61.5432  loss: 10.0874  loss_text: 1.3737  loss_center: 3.1207  loss_reg_x: 3.4049  loss_reg_y: 2.1881
2025/12/27 23:02:26 - mmengine - INFO - Epoch(train)   [3][515/947]  lr: 1.0000e-03  eta: 2 days, 12:01:54  time: 2.2943  data_time: 0.0023  memory: 19774  grad_norm: 62.4008  loss: 10.1044  loss_text: 1.3846  loss_center: 3.1208  loss_reg_x: 3.3958  loss_reg_y: 2.2032
2025/12/27 23:02:38 - mmengine - INFO - Epoch(train)   [3][520/947]  lr: 1.0000e-03  eta: 2 days, 12:01:50  time: 2.3806  data_time: 0.0022  memory: 19774  grad_norm: 65.1398  loss: 10.1573  loss_text: 1.3730  loss_center: 3.1208  loss_reg_x: 3.4723  loss_reg_y: 2.1912
2025/12/27 23:02:50 - mmengine - INFO - Epoch(train)   [3][525/947]  lr: 1.0000e-03  eta: 2 days, 12:01:58  time: 2.4131  data_time: 0.0023  memory: 19774  grad_norm: 63.0615  loss: 10.2367  loss_text: 1.4075  loss_center: 3.1207  loss_reg_x: 3.5561  loss_reg_y: 2.1524
2025/12/27 23:03:03 - mmengine - INFO - Epoch(train)   [3][530/947]  lr: 1.0000e-03  eta: 2 days, 12:02:18  time: 2.4766  data_time: 0.0023  memory: 19774  grad_norm: 64.6280  loss: 10.4362  loss_text: 1.4116  loss_center: 3.1207  loss_reg_x: 3.7324  loss_reg_y: 2.1714
2025/12/27 23:03:15 - mmengine - INFO - Epoch(train)   [3][535/947]  lr: 1.0000e-03  eta: 2 days, 12:02:17  time: 2.4533  data_time: 0.0022  memory: 19774  grad_norm: 63.3443  loss: 10.1411  loss_text: 1.3413  loss_center: 3.1207  loss_reg_x: 3.6172  loss_reg_y: 2.0619
2025/12/27 23:03:26 - mmengine - INFO - Epoch(train)   [3][540/947]  lr: 1.0000e-03  eta: 2 days, 12:01:47  time: 2.3211  data_time: 0.0021  memory: 19774  grad_norm: 61.0679  loss: 10.0136  loss_text: 1.3159  loss_center: 3.1208  loss_reg_x: 3.4703  loss_reg_y: 2.1066
2025/12/27 23:03:37 - mmengine - INFO - Epoch(train)   [3][545/947]  lr: 1.0000e-03  eta: 2 days, 12:01:31  time: 2.2835  data_time: 0.0021  memory: 19774  grad_norm: 63.9726  loss: 10.0792  loss_text: 1.3551  loss_center: 3.1209  loss_reg_x: 3.4572  loss_reg_y: 2.1461
2025/12/27 23:03:49 - mmengine - INFO - Epoch(train)   [3][550/947]  lr: 1.0000e-03  eta: 2 days, 12:01:10  time: 2.3071  data_time: 0.0021  memory: 19774  grad_norm: 63.1785  loss: 10.1311  loss_text: 1.3932  loss_center: 3.1209  loss_reg_x: 3.4990  loss_reg_y: 2.1181
2025/12/27 23:04:00 - mmengine - INFO - Epoch(train)   [3][555/947]  lr: 1.0000e-03  eta: 2 days, 12:00:35  time: 2.2543  data_time: 0.0022  memory: 19774  grad_norm: 59.1497  loss: 10.0911  loss_text: 1.3883  loss_center: 3.1208  loss_reg_x: 3.4342  loss_reg_y: 2.1478
2025/12/27 23:04:11 - mmengine - INFO - Epoch(train)   [3][560/947]  lr: 1.0000e-03  eta: 2 days, 12:00:09  time: 2.2422  data_time: 0.0022  memory: 19774  grad_norm: 54.8809  loss: 10.1727  loss_text: 1.3938  loss_center: 3.1207  loss_reg_x: 3.4569  loss_reg_y: 2.2013
2025/12/27 23:04:23 - mmengine - INFO - Epoch(train)   [3][565/947]  lr: 1.0000e-03  eta: 2 days, 11:59:50  time: 2.2856  data_time: 0.0021  memory: 19774  grad_norm: 56.0500  loss: 10.2494  loss_text: 1.3537  loss_center: 3.1207  loss_reg_x: 3.5462  loss_reg_y: 2.2288
2025/12/27 23:04:35 - mmengine - INFO - Epoch(train)   [3][570/947]  lr: 1.0000e-03  eta: 2 days, 11:59:59  time: 2.3776  data_time: 0.0021  memory: 19774  grad_norm: 64.3062  loss: 10.5063  loss_text: 1.3302  loss_center: 3.1208  loss_reg_x: 3.6429  loss_reg_y: 2.4123
2025/12/27 23:04:47 - mmengine - INFO - Epoch(train)   [3][575/947]  lr: 1.0000e-03  eta: 2 days, 11:59:40  time: 2.3772  data_time: 0.0021  memory: 19774  grad_norm: 65.5396  loss: 10.4413  loss_text: 1.3556  loss_center: 3.1208  loss_reg_x: 3.5988  loss_reg_y: 2.3661
2025/12/27 23:04:58 - mmengine - INFO - Epoch(train)   [3][580/947]  lr: 1.0000e-03  eta: 2 days, 11:59:08  time: 2.2673  data_time: 0.0022  memory: 19774  grad_norm: 64.3754  loss: 10.1566  loss_text: 1.3702  loss_center: 3.1207  loss_reg_x: 3.4938  loss_reg_y: 2.1719
2025/12/27 23:05:09 - mmengine - INFO - Epoch(train)   [3][585/947]  lr: 1.0000e-03  eta: 2 days, 11:58:44  time: 2.2534  data_time: 0.0022  memory: 19774  grad_norm: 64.9648  loss: 10.2036  loss_text: 1.3853  loss_center: 3.1209  loss_reg_x: 3.5517  loss_reg_y: 2.1458
2025/12/27 23:05:21 - mmengine - INFO - Epoch(train)   [3][590/947]  lr: 1.0000e-03  eta: 2 days, 11:58:48  time: 2.3520  data_time: 0.0021  memory: 19774  grad_norm: 57.9987  loss: 9.9442  loss_text: 1.3782  loss_center: 3.1209  loss_reg_x: 3.4239  loss_reg_y: 2.0212
2025/12/27 23:05:33 - mmengine - INFO - Epoch(train)   [3][595/947]  lr: 1.0000e-03  eta: 2 days, 11:58:25  time: 2.3549  data_time: 0.0021  memory: 19774  grad_norm: 56.8448  loss: 9.9818  loss_text: 1.3515  loss_center: 3.1210  loss_reg_x: 3.4170  loss_reg_y: 2.0923
2025/12/27 23:05:44 - mmengine - INFO - Epoch(train)   [3][600/947]  lr: 1.0000e-03  eta: 2 days, 11:58:05  time: 2.2873  data_time: 0.0021  memory: 19774  grad_norm: 63.2181  loss: 10.0815  loss_text: 1.3522  loss_center: 3.1207  loss_reg_x: 3.4240  loss_reg_y: 2.1846
2025/12/27 23:05:55 - mmengine - INFO - Epoch(train)   [3][605/947]  lr: 1.0000e-03  eta: 2 days, 11:57:35  time: 2.2693  data_time: 0.0021  memory: 19774  grad_norm: 63.3683  loss: 10.1013  loss_text: 1.3342  loss_center: 3.1205  loss_reg_x: 3.4319  loss_reg_y: 2.2146
2025/12/27 23:06:07 - mmengine - INFO - Epoch(train)   [3][610/947]  lr: 1.0000e-03  eta: 2 days, 11:57:11  time: 2.2575  data_time: 0.0020  memory: 19774  grad_norm: 59.8033  loss: 10.0818  loss_text: 1.3282  loss_center: 3.1205  loss_reg_x: 3.3663  loss_reg_y: 2.2668
2025/12/27 23:06:18 - mmengine - INFO - Epoch(train)   [3][615/947]  lr: 1.0000e-03  eta: 2 days, 11:56:53  time: 2.2901  data_time: 0.0020  memory: 19774  grad_norm: 66.3901  loss: 10.1017  loss_text: 1.3714  loss_center: 3.1206  loss_reg_x: 3.4520  loss_reg_y: 2.1578
2025/12/27 23:06:30 - mmengine - INFO - Epoch(train)   [3][620/947]  lr: 1.0000e-03  eta: 2 days, 11:56:33  time: 2.3022  data_time: 0.0021  memory: 19774  grad_norm: 68.6388  loss: 10.2276  loss_text: 1.3586  loss_center: 3.1207  loss_reg_x: 3.5526  loss_reg_y: 2.1957
2025/12/27 23:06:41 - mmengine - INFO - Epoch(train)   [3][625/947]  lr: 1.0000e-03  eta: 2 days, 11:56:23  time: 2.3223  data_time: 0.0022  memory: 19774  grad_norm: 63.8727  loss: 10.0240  loss_text: 1.3465  loss_center: 3.1208  loss_reg_x: 3.3660  loss_reg_y: 2.1907
2025/12/27 23:06:53 - mmengine - INFO - Epoch(train)   [3][630/947]  lr: 1.0000e-03  eta: 2 days, 11:56:05  time: 2.3291  data_time: 0.0022  memory: 19774  grad_norm: 72.9855  loss: 10.1613  loss_text: 1.3573  loss_center: 3.1208  loss_reg_x: 3.5332  loss_reg_y: 2.1500
2025/12/27 23:07:05 - mmengine - INFO - Epoch(train)   [3][635/947]  lr: 1.0000e-03  eta: 2 days, 11:55:52  time: 2.3195  data_time: 0.0021  memory: 19774  grad_norm: 68.6127  loss: 10.3058  loss_text: 1.3670  loss_center: 3.1206  loss_reg_x: 3.6536  loss_reg_y: 2.1647
2025/12/27 23:07:16 - mmengine - INFO - Epoch(train)   [3][640/947]  lr: 1.0000e-03  eta: 2 days, 11:55:32  time: 2.3132  data_time: 0.0022  memory: 19774  grad_norm: 60.2781  loss: 9.8728  loss_text: 1.3500  loss_center: 3.1205  loss_reg_x: 3.3129  loss_reg_y: 2.0893
2025/12/27 23:07:28 - mmengine - INFO - Epoch(train)   [3][645/947]  lr: 1.0000e-03  eta: 2 days, 11:55:20  time: 2.3173  data_time: 0.0023  memory: 19774  grad_norm: 60.8284  loss: 10.0802  loss_text: 1.3500  loss_center: 3.1206  loss_reg_x: 3.4452  loss_reg_y: 2.1644
2025/12/27 23:07:39 - mmengine - INFO - Epoch(train)   [3][650/947]  lr: 1.0000e-03  eta: 2 days, 11:54:55  time: 2.3035  data_time: 0.0022  memory: 19774  grad_norm: 70.3707  loss: 10.4416  loss_text: 1.4041  loss_center: 3.1207  loss_reg_x: 3.7120  loss_reg_y: 2.2048
2025/12/27 23:07:50 - mmengine - INFO - Epoch(train)   [3][655/947]  lr: 1.0000e-03  eta: 2 days, 11:54:28  time: 2.2620  data_time: 0.0023  memory: 19774  grad_norm: 71.7611  loss: 10.1302  loss_text: 1.4336  loss_center: 3.1206  loss_reg_x: 3.4789  loss_reg_y: 2.0972
2025/12/27 23:08:02 - mmengine - INFO - Epoch(train)   [3][660/947]  lr: 1.0000e-03  eta: 2 days, 11:53:56  time: 2.2410  data_time: 0.0023  memory: 19774  grad_norm: 59.8973  loss: 10.1022  loss_text: 1.3982  loss_center: 3.1206  loss_reg_x: 3.4875  loss_reg_y: 2.0959
2025/12/27 23:08:13 - mmengine - INFO - Epoch(train)   [3][665/947]  lr: 1.0000e-03  eta: 2 days, 11:53:41  time: 2.2750  data_time: 0.0022  memory: 19774  grad_norm: 64.5826  loss: 10.4148  loss_text: 1.3721  loss_center: 3.1206  loss_reg_x: 3.6659  loss_reg_y: 2.2561
2025/12/27 23:08:24 - mmengine - INFO - Epoch(train)   [3][670/947]  lr: 1.0000e-03  eta: 2 days, 11:53:14  time: 2.2887  data_time: 0.0022  memory: 19774  grad_norm: 65.5197  loss: 10.3601  loss_text: 1.4005  loss_center: 3.1206  loss_reg_x: 3.5369  loss_reg_y: 2.3021
2025/12/27 23:08:36 - mmengine - INFO - Epoch(train)   [3][675/947]  lr: 1.0000e-03  eta: 2 days, 11:53:09  time: 2.3167  data_time: 0.0024  memory: 19774  grad_norm: 62.8281  loss: 10.2740  loss_text: 1.3824  loss_center: 3.1205  loss_reg_x: 3.5540  loss_reg_y: 2.2171
2025/12/27 23:08:48 - mmengine - INFO - Epoch(train)   [3][680/947]  lr: 1.0000e-03  eta: 2 days, 11:52:49  time: 2.3363  data_time: 0.0024  memory: 19774  grad_norm: 66.0069  loss: 10.2721  loss_text: 1.3586  loss_center: 3.1206  loss_reg_x: 3.5813  loss_reg_y: 2.2116
2025/12/27 23:08:59 - mmengine - INFO - Epoch(train)   [3][685/947]  lr: 1.0000e-03  eta: 2 days, 11:52:23  time: 2.2767  data_time: 0.0020  memory: 19774  grad_norm: 63.4942  loss: 10.1877  loss_text: 1.3667  loss_center: 3.1207  loss_reg_x: 3.4676  loss_reg_y: 2.2327
2025/12/27 23:09:11 - mmengine - INFO - Epoch(train)   [3][690/947]  lr: 1.0000e-03  eta: 2 days, 11:52:23  time: 2.3339  data_time: 0.0021  memory: 19774  grad_norm: 60.2639  loss: 9.9034  loss_text: 1.3406  loss_center: 3.1208  loss_reg_x: 3.3538  loss_reg_y: 2.0883
2025/12/27 23:09:23 - mmengine - INFO - Epoch(train)   [3][695/947]  lr: 1.0000e-03  eta: 2 days, 11:52:11  time: 2.3717  data_time: 0.0022  memory: 19774  grad_norm: 62.4600  loss: 9.4262  loss_text: 1.3182  loss_center: 3.1208  loss_reg_x: 3.1106  loss_reg_y: 1.8766
2025/12/27 23:09:34 - mmengine - INFO - Epoch(train)   [3][700/947]  lr: 1.0000e-03  eta: 2 days, 11:51:33  time: 2.2635  data_time: 0.0022  memory: 19774  grad_norm: 61.8307  loss: 9.7259  loss_text: 1.3389  loss_center: 3.1207  loss_reg_x: 3.2814  loss_reg_y: 1.9848
2025/12/27 23:09:45 - mmengine - INFO - Epoch(train)   [3][705/947]  lr: 1.0000e-03  eta: 2 days, 11:51:06  time: 2.2215  data_time: 0.0021  memory: 19774  grad_norm: 58.7155  loss: 10.1905  loss_text: 1.3317  loss_center: 3.1206  loss_reg_x: 3.4543  loss_reg_y: 2.2838
2025/12/27 23:09:57 - mmengine - INFO - Epoch(train)   [3][710/947]  lr: 1.0000e-03  eta: 2 days, 11:50:54  time: 2.2952  data_time: 0.0021  memory: 19774  grad_norm: 66.9884  loss: 10.0746  loss_text: 1.3462  loss_center: 3.1206  loss_reg_x: 3.3163  loss_reg_y: 2.2915
2025/12/27 23:10:08 - mmengine - INFO - Epoch(train)   [3][715/947]  lr: 1.0000e-03  eta: 2 days, 11:50:37  time: 2.3258  data_time: 0.0021  memory: 19774  grad_norm: 69.6141  loss: 10.1904  loss_text: 1.3748  loss_center: 3.1206  loss_reg_x: 3.4481  loss_reg_y: 2.2469
2025/12/27 23:10:20 - mmengine - INFO - Epoch(train)   [3][720/947]  lr: 1.0000e-03  eta: 2 days, 11:50:28  time: 2.3315  data_time: 0.0020  memory: 19774  grad_norm: 64.6404  loss: 10.2848  loss_text: 1.3670  loss_center: 3.1207  loss_reg_x: 3.6117  loss_reg_y: 2.1854
2025/12/27 23:10:32 - mmengine - INFO - Epoch(train)   [3][725/947]  lr: 1.0000e-03  eta: 2 days, 11:50:19  time: 2.3524  data_time: 0.0021  memory: 19774  grad_norm: 63.2000  loss: 10.1277  loss_text: 1.3941  loss_center: 3.1206  loss_reg_x: 3.5092  loss_reg_y: 2.1038
2025/12/27 23:10:43 - mmengine - INFO - Epoch(train)   [3][730/947]  lr: 1.0000e-03  eta: 2 days, 11:49:59  time: 2.3245  data_time: 0.0022  memory: 19774  grad_norm: 60.3395  loss: 9.9067  loss_text: 1.3831  loss_center: 3.1205  loss_reg_x: 3.2565  loss_reg_y: 2.1466
2025/12/27 23:10:56 - mmengine - INFO - Epoch(train)   [3][735/947]  lr: 1.0000e-03  eta: 2 days, 11:50:07  time: 2.3731  data_time: 0.0021  memory: 19774  grad_norm: 62.3614  loss: 9.8306  loss_text: 1.3769  loss_center: 3.1208  loss_reg_x: 3.2597  loss_reg_y: 2.0733
2025/12/27 23:11:07 - mmengine - INFO - Epoch(train)   [3][740/947]  lr: 1.0000e-03  eta: 2 days, 11:49:44  time: 2.3630  data_time: 0.0020  memory: 19774  grad_norm: 61.2123  loss: 10.0576  loss_text: 1.4007  loss_center: 3.1209  loss_reg_x: 3.4851  loss_reg_y: 2.0509
2025/12/27 23:11:19 - mmengine - INFO - Epoch(train)   [3][745/947]  lr: 1.0000e-03  eta: 2 days, 11:49:38  time: 2.3242  data_time: 0.0025  memory: 19774  grad_norm: 61.0183  loss: 10.0444  loss_text: 1.4035  loss_center: 3.1208  loss_reg_x: 3.3869  loss_reg_y: 2.1332
2025/12/27 23:11:31 - mmengine - INFO - Epoch(train)   [3][750/947]  lr: 1.0000e-03  eta: 2 days, 11:49:35  time: 2.3811  data_time: 0.0028  memory: 19774  grad_norm: 65.1243  loss: 9.9297  loss_text: 1.3608  loss_center: 3.1206  loss_reg_x: 3.3065  loss_reg_y: 2.1419
2025/12/27 23:11:42 - mmengine - INFO - Epoch(train)   [3][755/947]  lr: 1.0000e-03  eta: 2 days, 11:49:23  time: 2.3621  data_time: 0.0024  memory: 19774  grad_norm: 73.1273  loss: 9.9342  loss_text: 1.3167  loss_center: 3.1205  loss_reg_x: 3.4610  loss_reg_y: 2.0360
2025/12/27 23:11:54 - mmengine - INFO - Epoch(train)   [3][760/947]  lr: 1.0000e-03  eta: 2 days, 11:49:10  time: 2.3349  data_time: 0.0022  memory: 19774  grad_norm: 76.5043  loss: 10.0112  loss_text: 1.3693  loss_center: 3.1206  loss_reg_x: 3.3907  loss_reg_y: 2.1306
2025/12/27 23:12:06 - mmengine - INFO - Epoch(train)   [3][765/947]  lr: 1.0000e-03  eta: 2 days, 11:48:50  time: 2.3122  data_time: 0.0020  memory: 19774  grad_norm: 74.1513  loss: 10.2012  loss_text: 1.3947  loss_center: 3.1208  loss_reg_x: 3.3736  loss_reg_y: 2.3121
2025/12/27 23:12:17 - mmengine - INFO - Epoch(train)   [3][770/947]  lr: 1.0000e-03  eta: 2 days, 11:48:41  time: 2.3246  data_time: 0.0021  memory: 19774  grad_norm: 69.7370  loss: 10.0803  loss_text: 1.3573  loss_center: 3.1207  loss_reg_x: 3.4484  loss_reg_y: 2.1538
2025/12/27 23:12:30 - mmengine - INFO - Epoch(train)   [3][775/947]  lr: 1.0000e-03  eta: 2 days, 11:48:47  time: 2.3987  data_time: 0.0021  memory: 19774  grad_norm: 63.2563  loss: 9.9671  loss_text: 1.3628  loss_center: 3.1205  loss_reg_x: 3.3675  loss_reg_y: 2.1162
2025/12/27 23:12:41 - mmengine - INFO - Epoch(train)   [3][780/947]  lr: 1.0000e-03  eta: 2 days, 11:48:29  time: 2.3713  data_time: 0.0021  memory: 19774  grad_norm: 54.0087  loss: 9.7725  loss_text: 1.3733  loss_center: 3.1205  loss_reg_x: 3.2292  loss_reg_y: 2.0495
2025/12/27 23:12:53 - mmengine - INFO - Epoch(train)   [3][785/947]  lr: 1.0000e-03  eta: 2 days, 11:48:25  time: 2.3449  data_time: 0.0021  memory: 19774  grad_norm: 48.5117  loss: 9.6808  loss_text: 1.3502  loss_center: 3.1206  loss_reg_x: 3.3187  loss_reg_y: 1.8913
2025/12/27 23:13:04 - mmengine - INFO - Epoch(train)   [3][790/947]  lr: 1.0000e-03  eta: 2 days, 11:47:56  time: 2.3109  data_time: 0.0022  memory: 19774  grad_norm: 56.5850  loss: 9.9636  loss_text: 1.3005  loss_center: 3.1207  loss_reg_x: 3.4822  loss_reg_y: 2.0603
2025/12/27 23:13:16 - mmengine - INFO - Epoch(train)   [3][795/947]  lr: 1.0000e-03  eta: 2 days, 11:47:45  time: 2.2891  data_time: 0.0023  memory: 19774  grad_norm: 65.0319  loss: 10.0066  loss_text: 1.3060  loss_center: 3.1206  loss_reg_x: 3.5039  loss_reg_y: 2.0762
2025/12/27 23:13:28 - mmengine - INFO - Epoch(train)   [3][800/947]  lr: 1.0000e-03  eta: 2 days, 11:47:34  time: 2.3453  data_time: 0.0023  memory: 19774  grad_norm: 65.3779  loss: 9.8927  loss_text: 1.3381  loss_center: 3.1205  loss_reg_x: 3.4125  loss_reg_y: 2.0216
2025/12/27 23:13:39 - mmengine - INFO - Epoch(train)   [3][805/947]  lr: 1.0000e-03  eta: 2 days, 11:47:02  time: 2.2831  data_time: 0.0023  memory: 19774  grad_norm: 62.2721  loss: 9.9514  loss_text: 1.3765  loss_center: 3.1206  loss_reg_x: 3.3141  loss_reg_y: 2.1402
2025/12/27 23:13:51 - mmengine - INFO - Epoch(train)   [3][810/947]  lr: 1.0000e-03  eta: 2 days, 11:47:13  time: 2.3461  data_time: 0.0022  memory: 19774  grad_norm: 62.4750  loss: 10.1390  loss_text: 1.4062  loss_center: 3.1205  loss_reg_x: 3.4785  loss_reg_y: 2.1337
2025/12/27 23:14:03 - mmengine - INFO - Epoch(train)   [3][815/947]  lr: 1.0000e-03  eta: 2 days, 11:47:02  time: 2.4087  data_time: 0.0021  memory: 19774  grad_norm: 59.5635  loss: 10.1054  loss_text: 1.3427  loss_center: 3.1204  loss_reg_x: 3.5589  loss_reg_y: 2.0834
2025/12/27 23:14:14 - mmengine - INFO - Epoch(train)   [3][820/947]  lr: 1.0000e-03  eta: 2 days, 11:46:26  time: 2.2702  data_time: 0.0021  memory: 19774  grad_norm: 63.6945  loss: 10.1496  loss_text: 1.3430  loss_center: 3.1206  loss_reg_x: 3.4540  loss_reg_y: 2.2320
2025/12/27 23:14:25 - mmengine - INFO - Epoch(train)   [3][825/947]  lr: 1.0000e-03  eta: 2 days, 11:45:58  time: 2.2189  data_time: 0.0021  memory: 19774  grad_norm: 69.1848  loss: 9.8553  loss_text: 1.3424  loss_center: 3.1206  loss_reg_x: 3.2329  loss_reg_y: 2.1595
2025/12/27 23:14:36 - mmengine - INFO - Epoch(train)   [3][830/947]  lr: 1.0000e-03  eta: 2 days, 11:45:35  time: 2.2584  data_time: 0.0021  memory: 19774  grad_norm: 62.5250  loss: 9.7121  loss_text: 1.3276  loss_center: 3.1205  loss_reg_x: 3.2408  loss_reg_y: 2.0232
2025/12/27 23:14:48 - mmengine - INFO - Epoch(train)   [3][835/947]  lr: 1.0000e-03  eta: 2 days, 11:45:25  time: 2.3104  data_time: 0.0021  memory: 19774  grad_norm: 58.6328  loss: 10.0009  loss_text: 1.3559  loss_center: 3.1205  loss_reg_x: 3.3232  loss_reg_y: 2.2012
2025/12/27 23:14:59 - mmengine - INFO - Epoch(train)   [3][840/947]  lr: 1.0000e-03  eta: 2 days, 11:44:56  time: 2.2921  data_time: 0.0021  memory: 19774  grad_norm: 58.3535  loss: 10.0720  loss_text: 1.3272  loss_center: 3.1205  loss_reg_x: 3.3191  loss_reg_y: 2.3051
2025/12/27 23:15:13 - mmengine - INFO - Epoch(train)   [3][845/947]  lr: 1.0000e-03  eta: 2 days, 11:45:52  time: 2.4890  data_time: 0.0022  memory: 19774  grad_norm: 60.0396  loss: 10.2432  loss_text: 1.3502  loss_center: 3.1205  loss_reg_x: 3.3974  loss_reg_y: 2.3751
2025/12/27 23:15:24 - mmengine - INFO - Epoch(train)   [3][850/947]  lr: 1.0000e-03  eta: 2 days, 11:45:23  time: 2.4891  data_time: 0.0022  memory: 19774  grad_norm: 65.5241  loss: 10.0500  loss_text: 1.3627  loss_center: 3.1208  loss_reg_x: 3.3570  loss_reg_y: 2.2094
2025/12/27 23:15:36 - mmengine - INFO - Epoch(train)   [3][855/947]  lr: 1.0000e-03  eta: 2 days, 11:45:16  time: 2.3038  data_time: 0.0022  memory: 19774  grad_norm: 68.5529  loss: 9.7674  loss_text: 1.3271  loss_center: 3.1209  loss_reg_x: 3.2631  loss_reg_y: 2.0563
2025/12/27 23:15:49 - mmengine - INFO - Epoch(train)   [3][860/947]  lr: 1.0000e-03  eta: 2 days, 11:45:41  time: 2.4621  data_time: 0.0021  memory: 19774  grad_norm: 74.0358  loss: 10.1873  loss_text: 1.3635  loss_center: 3.1206  loss_reg_x: 3.4257  loss_reg_y: 2.2774
2025/12/27 23:16:01 - mmengine - INFO - Epoch(train)   [3][865/947]  lr: 1.0000e-03  eta: 2 days, 11:45:48  time: 2.5039  data_time: 0.0022  memory: 19774  grad_norm: 69.2568  loss: 10.0230  loss_text: 1.3631  loss_center: 3.1206  loss_reg_x: 3.3728  loss_reg_y: 2.1665
2025/12/27 23:16:13 - mmengine - INFO - Epoch(train)   [3][870/947]  lr: 1.0000e-03  eta: 2 days, 11:45:58  time: 2.4612  data_time: 0.0022  memory: 19774  grad_norm: 59.1865  loss: 9.7189  loss_text: 1.3519  loss_center: 3.1207  loss_reg_x: 3.2251  loss_reg_y: 2.0212
2025/12/27 23:16:25 - mmengine - INFO - Epoch(train)   [3][875/947]  lr: 1.0000e-03  eta: 2 days, 11:45:43  time: 2.3973  data_time: 0.0023  memory: 19774  grad_norm: 57.7957  loss: 9.8835  loss_text: 1.3329  loss_center: 3.1207  loss_reg_x: 3.3117  loss_reg_y: 2.1182
2025/12/27 23:16:37 - mmengine - INFO - Epoch(train)   [3][880/947]  lr: 1.0000e-03  eta: 2 days, 11:45:39  time: 2.3534  data_time: 0.0024  memory: 19774  grad_norm: 59.3858  loss: 9.6020  loss_text: 1.2876  loss_center: 3.1206  loss_reg_x: 3.2085  loss_reg_y: 1.9853
2025/12/27 23:16:49 - mmengine - INFO - Epoch(train)   [3][885/947]  lr: 1.0000e-03  eta: 2 days, 11:45:41  time: 2.4040  data_time: 0.0026  memory: 19774  grad_norm: 59.7728  loss: 9.5099  loss_text: 1.3095  loss_center: 3.1206  loss_reg_x: 3.1417  loss_reg_y: 1.9380
2025/12/27 23:17:01 - mmengine - INFO - Epoch(train)   [3][890/947]  lr: 1.0000e-03  eta: 2 days, 11:45:29  time: 2.3824  data_time: 0.0026  memory: 19774  grad_norm: 54.4775  loss: 9.6658  loss_text: 1.2899  loss_center: 3.1207  loss_reg_x: 3.2257  loss_reg_y: 2.0296
2025/12/27 23:17:12 - mmengine - INFO - Epoch(train)   [3][895/947]  lr: 1.0000e-03  eta: 2 days, 11:45:12  time: 2.3244  data_time: 0.0023  memory: 19774  grad_norm: 58.5713  loss: 9.7187  loss_text: 1.2834  loss_center: 3.1207  loss_reg_x: 3.3195  loss_reg_y: 1.9952
2025/12/27 23:17:24 - mmengine - INFO - Epoch(train)   [3][900/947]  lr: 1.0000e-03  eta: 2 days, 11:44:46  time: 2.2810  data_time: 0.0022  memory: 19774  grad_norm: 65.3092  loss: 9.6862  loss_text: 1.3518  loss_center: 3.1206  loss_reg_x: 3.2158  loss_reg_y: 1.9979
2025/12/27 23:17:35 - mmengine - INFO - Epoch(train)   [3][905/947]  lr: 1.0000e-03  eta: 2 days, 11:44:27  time: 2.2749  data_time: 0.0023  memory: 19774  grad_norm: 72.1997  loss: 10.0727  loss_text: 1.3639  loss_center: 3.1206  loss_reg_x: 3.4119  loss_reg_y: 2.1763
2025/12/27 23:17:47 - mmengine - INFO - Epoch(train)   [3][910/947]  lr: 1.0000e-03  eta: 2 days, 11:44:27  time: 2.3520  data_time: 0.0023  memory: 19774  grad_norm: 70.5336  loss: 10.3698  loss_text: 1.3567  loss_center: 3.1206  loss_reg_x: 3.5454  loss_reg_y: 2.3471
2025/12/27 23:17:59 - mmengine - INFO - Epoch(train)   [3][915/947]  lr: 1.0000e-03  eta: 2 days, 11:44:11  time: 2.3625  data_time: 0.0022  memory: 19774  grad_norm: 63.7401  loss: 10.2098  loss_text: 1.3873  loss_center: 3.1207  loss_reg_x: 3.3448  loss_reg_y: 2.3570
2025/12/27 23:18:11 - mmengine - INFO - Epoch(train)   [3][920/947]  lr: 1.0000e-03  eta: 2 days, 11:44:16  time: 2.3802  data_time: 0.0022  memory: 19774  grad_norm: 62.2104  loss: 10.1146  loss_text: 1.4248  loss_center: 3.1206  loss_reg_x: 3.2558  loss_reg_y: 2.3134
2025/12/27 23:18:22 - mmengine - INFO - Epoch(train)   [3][925/947]  lr: 1.0000e-03  eta: 2 days, 11:43:56  time: 2.3637  data_time: 0.0022  memory: 19774  grad_norm: 59.9055  loss: 9.7980  loss_text: 1.4157  loss_center: 3.1205  loss_reg_x: 3.1734  loss_reg_y: 2.0883
2025/12/27 23:18:34 - mmengine - INFO - Epoch(train)   [3][930/947]  lr: 1.0000e-03  eta: 2 days, 11:43:46  time: 2.3205  data_time: 0.0022  memory: 19774  grad_norm: 65.9530  loss: 9.7234  loss_text: 1.3788  loss_center: 3.1205  loss_reg_x: 3.2606  loss_reg_y: 1.9634
2025/12/27 23:18:46 - mmengine - INFO - Epoch(train)   [3][935/947]  lr: 1.0000e-03  eta: 2 days, 11:43:30  time: 2.3326  data_time: 0.0023  memory: 19774  grad_norm: 67.0232  loss: 9.7079  loss_text: 1.3484  loss_center: 3.1205  loss_reg_x: 3.2210  loss_reg_y: 2.0180
2025/12/27 23:18:58 - mmengine - INFO - Epoch(train)   [3][940/947]  lr: 1.0000e-03  eta: 2 days, 11:43:31  time: 2.3645  data_time: 0.0023  memory: 19774  grad_norm: 63.2515  loss: 10.0651  loss_text: 1.3321  loss_center: 3.1204  loss_reg_x: 3.3769  loss_reg_y: 2.2357
2025/12/27 23:19:09 - mmengine - INFO - Epoch(train)   [3][945/947]  lr: 1.0000e-03  eta: 2 days, 11:42:59  time: 2.3168  data_time: 0.0021  memory: 19774  grad_norm: 63.3489  loss: 10.2870  loss_text: 1.3089  loss_center: 3.1205  loss_reg_x: 3.4865  loss_reg_y: 2.3711
2025/12/27 23:19:11 - mmengine - INFO - Exp name: fcenet_r50dcnv2_fpn_1500e_art_rctw_rects_finetune_20251227_212810
2025/12/27 23:19:11 - mmengine - INFO - Saving checkpoint at 3 epochs
2025/12/27 23:19:17 - mmengine - INFO - Epoch(val)   [3][   5/3363]    eta: 0:43:46  time: 0.7823  data_time: 0.0743  memory: 19774  
2025/12/27 23:19:19 - mmengine - INFO - Epoch(val)   [3][  10/3363]    eta: 0:34:22  time: 0.6152  data_time: 0.0376  memory: 9209  
2025/12/27 23:19:22 - mmengine - INFO - Epoch(val)   [3][  15/3363]    eta: 0:34:13  time: 0.5291  data_time: 0.0008  memory: 9225  
2025/12/27 23:19:24 - mmengine - INFO - Epoch(val)   [3][  20/3363]    eta: 0:30:12  time: 0.4694  data_time: 0.0007  memory: 9179  
2025/12/27 23:19:25 - mmengine - INFO - Epoch(val)   [3][  25/3363]    eta: 0:27:21  time: 0.3093  data_time: 0.0008  memory: 9057  
2025/12/27 23:19:27 - mmengine - INFO - Epoch(val)   [3][  30/3363]    eta: 0:25:39  time: 0.3012  data_time: 0.0007  memory: 9127  
2025/12/27 23:19:28 - mmengine - INFO - Epoch(val)   [3][  35/3363]    eta: 0:23:38  time: 0.2624  data_time: 0.0006  memory: 9073  
2025/12/27 23:19:29 - mmengine - INFO - Epoch(val)   [3][  40/3363]    eta: 0:21:59  time: 0.2025  data_time: 0.0006  memory: 9042  
2025/12/27 23:19:30 - mmengine - INFO - Epoch(val)   [3][  45/3363]    eta: 0:21:27  time: 0.2537  data_time: 0.0006  memory: 9171  
2025/12/27 23:19:33 - mmengine - INFO - Epoch(val)   [3][  50/3363]    eta: 0:22:19  time: 0.4333  data_time: 0.0006  memory: 9187  
2025/12/27 23:19:36 - mmengine - INFO - Epoch(val)   [3][  55/3363]    eta: 0:22:42  time: 0.5205  data_time: 0.0007  memory: 9187  
2025/12/27 23:19:37 - mmengine - INFO - Epoch(val)   [3][  60/3363]    eta: 0:21:43  time: 0.3457  data_time: 0.0007  memory: 9104  
2025/12/27 23:19:38 - mmengine - INFO - Epoch(val)   [3][  65/3363]    eta: 0:21:26  time: 0.2690  data_time: 0.0006  memory: 9209  
2025/12/27 23:19:40 - mmengine - INFO - Epoch(val)   [3][  70/3363]    eta: 0:21:10  time: 0.3325  data_time: 0.0007  memory: 9164  
2025/12/27 23:19:42 - mmengine - INFO - Epoch(val)   [3][  75/3363]    eta: 0:21:24  time: 0.3959  data_time: 0.0007  memory: 9218  
2025/12/27 23:19:43 - mmengine - INFO - Epoch(val)   [3][  80/3363]    eta: 0:20:24  time: 0.2834  data_time: 0.0007  memory: 1411  
2025/12/27 23:19:43 - mmengine - INFO - Epoch(val)   [3][  85/3363]    eta: 0:19:26  time: 0.0928  data_time: 0.0006  memory: 1228  
2025/12/27 23:19:45 - mmengine - INFO - Epoch(val)   [3][  90/3363]    eta: 0:19:09  time: 0.1774  data_time: 0.0005  memory: 9019  
2025/12/27 23:19:46 - mmengine - INFO - Epoch(val)   [3][  95/3363]    eta: 0:19:04  time: 0.3042  data_time: 0.0006  memory: 9202  
2025/12/27 23:19:48 - mmengine - INFO - Epoch(val)   [3][ 100/3363]    eta: 0:18:56  time: 0.3231  data_time: 0.0005  memory: 9096  
2025/12/27 23:19:48 - mmengine - INFO - Epoch(val)   [3][ 105/3363]    eta: 0:18:13  time: 0.1965  data_time: 0.0006  memory: 1396  
2025/12/27 23:19:49 - mmengine - INFO - Epoch(val)   [3][ 110/3363]    eta: 0:17:36  time: 0.0883  data_time: 0.0006  memory: 1366  
2025/12/27 23:19:51 - mmengine - INFO - Epoch(val)   [3][ 115/3363]    eta: 0:17:49  time: 0.2628  data_time: 0.0006  memory: 9164  
2025/12/27 23:19:52 - mmengine - INFO - Epoch(val)   [3][ 120/3363]    eta: 0:17:30  time: 0.3165  data_time: 0.0006  memory: 9065  
2025/12/27 23:19:52 - mmengine - INFO - Epoch(val)   [3][ 125/3363]    eta: 0:16:57  time: 0.1423  data_time: 0.0006  memory: 1137  
2025/12/27 23:19:53 - mmengine - INFO - Epoch(val)   [3][ 130/3363]    eta: 0:16:42  time: 0.1425  data_time: 0.0006  memory: 9096  
2025/12/27 23:19:54 - mmengine - INFO - Epoch(val)   [3][ 135/3363]    eta: 0:16:31  time: 0.2150  data_time: 0.0006  memory: 9218  
2025/12/27 23:19:56 - mmengine - INFO - Epoch(val)   [3][ 140/3363]    eta: 0:16:29  time: 0.2676  data_time: 0.0006  memory: 9202  
2025/12/27 23:19:58 - mmengine - INFO - Epoch(val)   [3][ 145/3363]    eta: 0:16:37  time: 0.3513  data_time: 0.0006  memory: 9149  
2025/12/27 23:19:58 - mmengine - INFO - Epoch(val)   [3][ 150/3363]    eta: 0:16:11  time: 0.2377  data_time: 0.0007  memory: 1137  
2025/12/27 23:20:00 - mmengine - INFO - Epoch(val)   [3][ 155/3363]    eta: 0:16:09  time: 0.1896  data_time: 0.0006  memory: 9118  
2025/12/27 23:20:00 - mmengine - INFO - Epoch(val)   [3][ 160/3363]    eta: 0:15:47  time: 0.1956  data_time: 0.0005  memory: 1411  
2025/12/27 23:20:01 - mmengine - INFO - Epoch(val)   [3][ 165/3363]    eta: 0:15:37  time: 0.1507  data_time: 0.0005  memory: 9118  
2025/12/27 23:20:03 - mmengine - INFO - Epoch(val)   [3][ 170/3363]    eta: 0:15:33  time: 0.2383  data_time: 0.0007  memory: 8981  
2025/12/27 23:20:03 - mmengine - INFO - Epoch(val)   [3][ 175/3363]    eta: 0:15:13  time: 0.1783  data_time: 0.0006  memory: 1411  
2025/12/27 23:20:04 - mmengine - INFO - Epoch(val)   [3][ 180/3363]    eta: 0:14:54  time: 0.0899  data_time: 0.0005  memory: 1335  
2025/12/27 23:20:05 - mmengine - INFO - Epoch(val)   [3][ 185/3363]    eta: 0:14:47  time: 0.1527  data_time: 0.0005  memory: 9171  
2025/12/27 23:20:05 - mmengine - INFO - Epoch(val)   [3][ 190/3363]    eta: 0:14:30  time: 0.1539  data_time: 0.0005  memory: 1411  
2025/12/27 23:20:06 - mmengine - INFO - Epoch(val)   [3][ 195/3363]    eta: 0:14:14  time: 0.0933  data_time: 0.0005  memory: 1411  
2025/12/27 23:20:07 - mmengine - INFO - Epoch(val)   [3][ 200/3363]    eta: 0:14:09  time: 0.1580  data_time: 0.0005  memory: 9194  
2025/12/27 23:20:08 - mmengine - INFO - Epoch(val)   [3][ 205/3363]    eta: 0:14:02  time: 0.2056  data_time: 0.0005  memory: 9012  
2025/12/27 23:20:08 - mmengine - INFO - Epoch(val)   [3][ 210/3363]    eta: 0:13:46  time: 0.1337  data_time: 0.0005  memory: 1228  
2025/12/27 23:20:09 - mmengine - INFO - Epoch(val)   [3][ 215/3363]    eta: 0:13:40  time: 0.1382  data_time: 0.0005  memory: 9111  
2025/12/27 23:20:10 - mmengine - INFO - Epoch(val)   [3][ 220/3363]    eta: 0:13:36  time: 0.2078  data_time: 0.0005  memory: 9141  
2025/12/27 23:20:11 - mmengine - INFO - Epoch(val)   [3][ 225/3363]    eta: 0:13:32  time: 0.2217  data_time: 0.0006  memory: 9179  
2025/12/27 23:20:13 - mmengine - INFO - Epoch(val)   [3][ 230/3363]    eta: 0:13:32  time: 0.2519  data_time: 0.0006  memory: 9149  
2025/12/27 23:20:13 - mmengine - INFO - Epoch(val)   [3][ 235/3363]    eta: 0:13:19  time: 0.1810  data_time: 0.0006  memory: 1305  
2025/12/27 23:20:14 - mmengine - INFO - Epoch(val)   [3][ 240/3363]    eta: 0:13:14  time: 0.1371  data_time: 0.0005  memory: 9057  
2025/12/27 23:20:15 - mmengine - INFO - Epoch(val)   [3][ 245/3363]    eta: 0:13:07  time: 0.1795  data_time: 0.0005  memory: 8928  
2025/12/27 23:20:15 - mmengine - INFO - Epoch(val)   [3][ 250/3363]    eta: 0:12:56  time: 0.1310  data_time: 0.0005  memory: 1396  
2025/12/27 23:20:16 - mmengine - INFO - Epoch(val)   [3][ 255/3363]    eta: 0:12:45  time: 0.0947  data_time: 0.0005  memory: 1411  
2025/12/27 23:20:16 - mmengine - INFO - Epoch(val)   [3][ 260/3363]    eta: 0:12:35  time: 0.0957  data_time: 0.0005  memory: 1411  
2025/12/27 23:20:17 - mmengine - INFO - Epoch(val)   [3][ 265/3363]    eta: 0:12:25  time: 0.0935  data_time: 0.0005  memory: 1411  
2025/12/27 23:20:17 - mmengine - INFO - Epoch(val)   [3][ 270/3363]    eta: 0:12:14  time: 0.0837  data_time: 0.0005  memory: 1381  
2025/12/27 23:20:18 - mmengine - INFO - Epoch(val)   [3][ 275/3363]    eta: 0:12:05  time: 0.0850  data_time: 0.0005  memory: 1411  
2025/12/27 23:20:18 - mmengine - INFO - Epoch(val)   [3][ 280/3363]    eta: 0:12:00  time: 0.1267  data_time: 0.0005  memory: 8891  
2025/12/27 23:20:20 - mmengine - INFO - Epoch(val)   [3][ 285/3363]    eta: 0:11:58  time: 0.1919  data_time: 0.0005  memory: 9194  
2025/12/27 23:20:20 - mmengine - INFO - Epoch(val)   [3][ 290/3363]    eta: 0:11:50  time: 0.1618  data_time: 0.0005  memory: 1411  
2025/12/27 23:20:21 - mmengine - INFO - Epoch(val)   [3][ 295/3363]    eta: 0:11:41  time: 0.0966  data_time: 0.0005  memory: 1350  
2025/12/27 23:20:21 - mmengine - INFO - Epoch(val)   [3][ 300/3363]    eta: 0:11:33  time: 0.0905  data_time: 0.0005  memory: 1350  
2025/12/27 23:20:22 - mmengine - INFO - Epoch(val)   [3][ 305/3363]    eta: 0:11:30  time: 0.1385  data_time: 0.0005  memory: 9049  
2025/12/27 23:20:22 - mmengine - INFO - Epoch(val)   [3][ 310/3363]    eta: 0:11:22  time: 0.1378  data_time: 0.0005  memory: 1350  
2025/12/27 23:20:23 - mmengine - INFO - Epoch(val)   [3][ 315/3363]    eta: 0:11:15  time: 0.0946  data_time: 0.0005  memory: 1411  
2025/12/27 23:20:23 - mmengine - INFO - Epoch(val)   [3][ 320/3363]    eta: 0:11:09  time: 0.1113  data_time: 0.0095  memory: 1411  
2025/12/27 23:20:24 - mmengine - INFO - Epoch(val)   [3][ 325/3363]    eta: 0:11:02  time: 0.1065  data_time: 0.0095  memory: 1411  
2025/12/27 23:20:24 - mmengine - INFO - Epoch(val)   [3][ 330/3363]    eta: 0:10:55  time: 0.0903  data_time: 0.0005  memory: 1411  
2025/12/27 23:20:25 - mmengine - INFO - Epoch(val)   [3][ 335/3363]    eta: 0:10:48  time: 0.0871  data_time: 0.0005  memory: 1411  
2025/12/27 23:20:25 - mmengine - INFO - Epoch(val)   [3][ 340/3363]    eta: 0:10:41  time: 0.0833  data_time: 0.0005  memory: 1198  
2025/12/27 23:20:26 - mmengine - INFO - Epoch(val)   [3][ 345/3363]    eta: 0:10:35  time: 0.0891  data_time: 0.0005  memory: 1411  
2025/12/27 23:20:26 - mmengine - INFO - Epoch(val)   [3][ 350/3363]    eta: 0:10:28  time: 0.0909  data_time: 0.0005  memory: 1137  
2025/12/27 23:20:26 - mmengine - INFO - Epoch(val)   [3][ 355/3363]    eta: 0:10:22  time: 0.0798  data_time: 0.0005  memory: 1305  
2025/12/27 23:20:27 - mmengine - INFO - Epoch(val)   [3][ 360/3363]    eta: 0:10:15  time: 0.0753  data_time: 0.0005  memory: 1106  
2025/12/27 23:20:27 - mmengine - INFO - Epoch(val)   [3][ 365/3363]    eta: 0:10:10  time: 0.0848  data_time: 0.0005  memory: 1381  
2025/12/27 23:20:28 - mmengine - INFO - Epoch(val)   [3][ 370/3363]    eta: 0:10:04  time: 0.0902  data_time: 0.0005  memory: 1228  
2025/12/27 23:20:28 - mmengine - INFO - Epoch(val)   [3][ 375/3363]    eta: 0:09:59  time: 0.0888  data_time: 0.0005  memory: 1411  
2025/12/27 23:20:29 - mmengine - INFO - Epoch(val)   [3][ 380/3363]    eta: 0:09:53  time: 0.0926  data_time: 0.0005  memory: 1396  
2025/12/27 23:20:29 - mmengine - INFO - Epoch(val)   [3][ 385/3363]    eta: 0:09:48  time: 0.0912  data_time: 0.0005  memory: 1366  
2025/12/27 23:20:30 - mmengine - INFO - Epoch(val)   [3][ 390/3363]    eta: 0:09:43  time: 0.0940  data_time: 0.0005  memory: 1411  
2025/12/27 23:20:30 - mmengine - INFO - Epoch(val)   [3][ 395/3363]    eta: 0:09:38  time: 0.0903  data_time: 0.0005  memory: 1396  
2025/12/27 23:20:30 - mmengine - INFO - Epoch(val)   [3][ 400/3363]    eta: 0:09:33  time: 0.0873  data_time: 0.0005  memory: 1228  
2025/12/27 23:20:31 - mmengine - INFO - Epoch(val)   [3][ 405/3363]    eta: 0:09:29  time: 0.0934  data_time: 0.0005  memory: 1411  
2025/12/27 23:20:31 - mmengine - INFO - Epoch(val)   [3][ 410/3363]    eta: 0:09:24  time: 0.0903  data_time: 0.0009  memory: 1289  
2025/12/27 23:20:32 - mmengine - INFO - Epoch(val)   [3][ 415/3363]    eta: 0:09:20  time: 0.0911  data_time: 0.0009  memory: 1350  
2025/12/27 23:20:32 - mmengine - INFO - Epoch(val)   [3][ 420/3363]    eta: 0:09:15  time: 0.0906  data_time: 0.0005  memory: 1274  
2025/12/27 23:20:33 - mmengine - INFO - Epoch(val)   [3][ 425/3363]    eta: 0:09:10  time: 0.0855  data_time: 0.0005  memory: 1274  
2025/12/27 23:20:33 - mmengine - INFO - Epoch(val)   [3][ 430/3363]    eta: 0:09:06  time: 0.0886  data_time: 0.0005  memory: 1396  
2025/12/27 23:20:34 - mmengine - INFO - Epoch(val)   [3][ 435/3363]    eta: 0:09:05  time: 0.1370  data_time: 0.0005  memory: 9004  
2025/12/27 23:20:35 - mmengine - INFO - Epoch(val)   [3][ 440/3363]    eta: 0:09:01  time: 0.1365  data_time: 0.0005  memory: 1381  
2025/12/27 23:20:35 - mmengine - INFO - Epoch(val)   [3][ 445/3363]    eta: 0:08:57  time: 0.0871  data_time: 0.0005  memory: 1366  
2025/12/27 23:20:35 - mmengine - INFO - Epoch(val)   [3][ 450/3363]    eta: 0:08:53  time: 0.0877  data_time: 0.0005  memory: 1411  
2025/12/27 23:20:36 - mmengine - INFO - Epoch(val)   [3][ 455/3363]    eta: 0:08:49  time: 0.0874  data_time: 0.0005  memory: 1137  
2025/12/27 23:20:36 - mmengine - INFO - Epoch(val)   [3][ 460/3363]    eta: 0:08:44  time: 0.0799  data_time: 0.0005  memory: 1137  
2025/12/27 23:20:37 - mmengine - INFO - Epoch(val)   [3][ 465/3363]    eta: 0:08:41  time: 0.0827  data_time: 0.0005  memory: 1411  
2025/12/27 23:20:37 - mmengine - INFO - Epoch(val)   [3][ 470/3363]    eta: 0:08:37  time: 0.0859  data_time: 0.0005  memory: 1320  
2025/12/27 23:20:37 - mmengine - INFO - Epoch(val)   [3][ 475/3363]    eta: 0:08:33  time: 0.0822  data_time: 0.0005  memory: 1366  
2025/12/27 23:20:38 - mmengine - INFO - Epoch(val)   [3][ 480/3363]    eta: 0:08:29  time: 0.0829  data_time: 0.0005  memory: 1350  
2025/12/27 23:20:38 - mmengine - INFO - Epoch(val)   [3][ 485/3363]    eta: 0:08:26  time: 0.0914  data_time: 0.0005  memory: 1381  
2025/12/27 23:20:39 - mmengine - INFO - Epoch(val)   [3][ 490/3363]    eta: 0:08:23  time: 0.0928  data_time: 0.0005  memory: 1213  
2025/12/27 23:20:40 - mmengine - INFO - Epoch(val)   [3][ 495/3363]    eta: 0:08:24  time: 0.1663  data_time: 0.0009  memory: 8958  
2025/12/27 23:20:41 - mmengine - INFO - Epoch(val)   [3][ 500/3363]    eta: 0:08:21  time: 0.1715  data_time: 0.0010  memory: 1411  
2025/12/27 23:20:41 - mmengine - INFO - Epoch(val)   [3][ 505/3363]    eta: 0:08:20  time: 0.1402  data_time: 0.0006  memory: 8973  
2025/12/27 23:20:42 - mmengine - INFO - Epoch(val)   [3][ 510/3363]    eta: 0:08:17  time: 0.1364  data_time: 0.0007  memory: 1320  
2025/12/27 23:20:42 - mmengine - INFO - Epoch(val)   [3][ 515/3363]    eta: 0:08:13  time: 0.0863  data_time: 0.0007  memory: 1137  
2025/12/27 23:20:43 - mmengine - INFO - Epoch(val)   [3][ 520/3363]    eta: 0:08:12  time: 0.1121  data_time: 0.0005  memory: 8775  
2025/12/27 23:20:44 - mmengine - INFO - Epoch(val)   [3][ 525/3363]    eta: 0:08:09  time: 0.1170  data_time: 0.0005  memory: 1366  
2025/12/27 23:20:44 - mmengine - INFO - Epoch(val)   [3][ 530/3363]    eta: 0:08:05  time: 0.0913  data_time: 0.0005  memory: 1274  
2025/12/27 23:20:45 - mmengine - INFO - Epoch(val)   [3][ 535/3363]    eta: 0:08:05  time: 0.1292  data_time: 0.0005  memory: 8905  
2025/12/27 23:20:45 - mmengine - INFO - Epoch(val)   [3][ 540/3363]    eta: 0:08:01  time: 0.1276  data_time: 0.0006  memory: 1396  
2025/12/27 23:20:46 - mmengine - INFO - Epoch(val)   [3][ 545/3363]    eta: 0:07:59  time: 0.0904  data_time: 0.0006  memory: 1411  
2025/12/27 23:20:46 - mmengine - INFO - Epoch(val)   [3][ 550/3363]    eta: 0:07:56  time: 0.0893  data_time: 0.0005  memory: 1244  
2025/12/27 23:20:47 - mmengine - INFO - Epoch(val)   [3][ 555/3363]    eta: 0:07:53  time: 0.0928  data_time: 0.0005  memory: 1411  
2025/12/27 23:20:47 - mmengine - INFO - Epoch(val)   [3][ 560/3363]    eta: 0:07:50  time: 0.0961  data_time: 0.0005  memory: 1320  
2025/12/27 23:20:48 - mmengine - INFO - Epoch(val)   [3][ 565/3363]    eta: 0:07:47  time: 0.0873  data_time: 0.0005  memory: 1137  
2025/12/27 23:20:48 - mmengine - INFO - Epoch(val)   [3][ 570/3363]    eta: 0:07:44  time: 0.0853  data_time: 0.0005  memory: 1366  
2025/12/27 23:20:48 - mmengine - INFO - Epoch(val)   [3][ 575/3363]    eta: 0:07:42  time: 0.0883  data_time: 0.0005  memory: 1396  
2025/12/27 23:20:49 - mmengine - INFO - Epoch(val)   [3][ 580/3363]    eta: 0:07:39  time: 0.0938  data_time: 0.0006  memory: 1411  
2025/12/27 23:20:49 - mmengine - INFO - Epoch(val)   [3][ 585/3363]    eta: 0:07:37  time: 0.0936  data_time: 0.0006  memory: 1335  
2025/12/27 23:20:50 - mmengine - INFO - Epoch(val)   [3][ 590/3363]    eta: 0:07:34  time: 0.0931  data_time: 0.0005  memory: 1411  
2025/12/27 23:20:50 - mmengine - INFO - Epoch(val)   [3][ 595/3363]    eta: 0:07:32  time: 0.0912  data_time: 0.0005  memory: 1137  
2025/12/27 23:20:51 - mmengine - INFO - Epoch(val)   [3][ 600/3363]    eta: 0:07:29  time: 0.0855  data_time: 0.0005  memory: 1137  
2025/12/27 23:20:51 - mmengine - INFO - Epoch(val)   [3][ 605/3363]    eta: 0:07:27  time: 0.0865  data_time: 0.0005  memory: 1411  
2025/12/27 23:20:52 - mmengine - INFO - Epoch(val)   [3][ 610/3363]    eta: 0:07:24  time: 0.0875  data_time: 0.0005  memory: 1274  
2025/12/27 23:20:52 - mmengine - INFO - Epoch(val)   [3][ 615/3363]    eta: 0:07:22  time: 0.0860  data_time: 0.0005  memory: 1137  
2025/12/27 23:20:52 - mmengine - INFO - Epoch(val)   [3][ 620/3363]    eta: 0:07:19  time: 0.0831  data_time: 0.0006  memory: 1137  
2025/12/27 23:20:53 - mmengine - INFO - Epoch(val)   [3][ 625/3363]    eta: 0:07:17  time: 0.0846  data_time: 0.0005  memory: 1411  
2025/12/27 23:20:53 - mmengine - INFO - Epoch(val)   [3][ 630/3363]    eta: 0:07:14  time: 0.0877  data_time: 0.0005  memory: 1396  
2025/12/27 23:20:54 - mmengine - INFO - Epoch(val)   [3][ 635/3363]    eta: 0:07:12  time: 0.0891  data_time: 0.0005  memory: 1411  
2025/12/27 23:20:54 - mmengine - INFO - Epoch(val)   [3][ 640/3363]    eta: 0:07:10  time: 0.0866  data_time: 0.0005  memory: 1137  
2025/12/27 23:20:55 - mmengine - INFO - Epoch(val)   [3][ 645/3363]    eta: 0:07:07  time: 0.0848  data_time: 0.0005  memory: 1137  
2025/12/27 23:20:55 - mmengine - INFO - Epoch(val)   [3][ 650/3363]    eta: 0:07:05  time: 0.0849  data_time: 0.0005  memory: 1137  
2025/12/27 23:20:55 - mmengine - INFO - Epoch(val)   [3][ 655/3363]    eta: 0:07:03  time: 0.0840  data_time: 0.0005  memory: 1137  
2025/12/27 23:20:56 - mmengine - INFO - Epoch(val)   [3][ 660/3363]    eta: 0:07:02  time: 0.1182  data_time: 0.0005  memory: 8859  
2025/12/27 23:20:57 - mmengine - INFO - Epoch(val)   [3][ 665/3363]    eta: 0:07:00  time: 0.1211  data_time: 0.0005  memory: 1381  
2025/12/27 23:20:57 - mmengine - INFO - Epoch(val)   [3][ 670/3363]    eta: 0:06:57  time: 0.0889  data_time: 0.0005  memory: 1137  
2025/12/27 23:20:57 - mmengine - INFO - Epoch(val)   [3][ 675/3363]    eta: 0:06:55  time: 0.0827  data_time: 0.0005  memory: 1137  
2025/12/27 23:20:58 - mmengine - INFO - Epoch(val)   [3][ 680/3363]    eta: 0:06:53  time: 0.0834  data_time: 0.0005  memory: 1411  
2025/12/27 23:20:58 - mmengine - INFO - Epoch(val)   [3][ 685/3363]    eta: 0:06:51  time: 0.0899  data_time: 0.0005  memory: 1411  
2025/12/27 23:20:59 - mmengine - INFO - Epoch(val)   [3][ 690/3363]    eta: 0:06:49  time: 0.0885  data_time: 0.0005  memory: 1411  
2025/12/27 23:20:59 - mmengine - INFO - Epoch(val)   [3][ 695/3363]    eta: 0:06:47  time: 0.0858  data_time: 0.0005  memory: 1137  
2025/12/27 23:21:00 - mmengine - INFO - Epoch(val)   [3][ 700/3363]    eta: 0:06:45  time: 0.0899  data_time: 0.0005  memory: 1411  
2025/12/27 23:21:00 - mmengine - INFO - Epoch(val)   [3][ 705/3363]    eta: 0:06:43  time: 0.0857  data_time: 0.0005  memory: 1137  
2025/12/27 23:21:00 - mmengine - INFO - Epoch(val)   [3][ 710/3363]    eta: 0:06:41  time: 0.0815  data_time: 0.0005  memory: 1137  
2025/12/27 23:21:01 - mmengine - INFO - Epoch(val)   [3][ 715/3363]    eta: 0:06:39  time: 0.0826  data_time: 0.0005  memory: 1137  
2025/12/27 23:21:01 - mmengine - INFO - Epoch(val)   [3][ 720/3363]    eta: 0:06:37  time: 0.0786  data_time: 0.0005  memory: 1137  
2025/12/27 23:21:02 - mmengine - INFO - Epoch(val)   [3][ 725/3363]    eta: 0:06:35  time: 0.0823  data_time: 0.0006  memory: 1411  
2025/12/27 23:21:02 - mmengine - INFO - Epoch(val)   [3][ 730/3363]    eta: 0:06:33  time: 0.0874  data_time: 0.0006  memory: 1137  
2025/12/27 23:21:03 - mmengine - INFO - Epoch(val)   [3][ 735/3363]    eta: 0:06:31  time: 0.0877  data_time: 0.0005  memory: 1137  
2025/12/27 23:21:03 - mmengine - INFO - Epoch(val)   [3][ 740/3363]    eta: 0:06:29  time: 0.0842  data_time: 0.0005  memory: 1137  
2025/12/27 23:21:03 - mmengine - INFO - Epoch(val)   [3][ 745/3363]    eta: 0:06:27  time: 0.0765  data_time: 0.0005  memory: 1137  
2025/12/27 23:21:04 - mmengine - INFO - Epoch(val)   [3][ 750/3363]    eta: 0:06:25  time: 0.0777  data_time: 0.0005  memory: 1213  
2025/12/27 23:21:04 - mmengine - INFO - Epoch(val)   [3][ 755/3363]    eta: 0:06:23  time: 0.0848  data_time: 0.0005  memory: 1137  
2025/12/27 23:21:05 - mmengine - INFO - Epoch(val)   [3][ 760/3363]    eta: 0:06:21  time: 0.0814  data_time: 0.0005  memory: 1137  
2025/12/27 23:21:05 - mmengine - INFO - Epoch(val)   [3][ 765/3363]    eta: 0:06:20  time: 0.0855  data_time: 0.0005  memory: 1411  
2025/12/27 23:21:05 - mmengine - INFO - Epoch(val)   [3][ 770/3363]    eta: 0:06:18  time: 0.0889  data_time: 0.0005  memory: 1137  
2025/12/27 23:21:06 - mmengine - INFO - Epoch(val)   [3][ 775/3363]    eta: 0:06:16  time: 0.0782  data_time: 0.0005  memory: 1137  
2025/12/27 23:21:06 - mmengine - INFO - Epoch(val)   [3][ 780/3363]    eta: 0:06:14  time: 0.0804  data_time: 0.0005  memory: 1137  
2025/12/27 23:21:07 - mmengine - INFO - Epoch(val)   [3][ 785/3363]    eta: 0:06:13  time: 0.0893  data_time: 0.0005  memory: 1411  
2025/12/27 23:21:07 - mmengine - INFO - Epoch(val)   [3][ 790/3363]    eta: 0:06:11  time: 0.0906  data_time: 0.0005  memory: 1411  
2025/12/27 23:21:08 - mmengine - INFO - Epoch(val)   [3][ 795/3363]    eta: 0:06:09  time: 0.0861  data_time: 0.0005  memory: 1137  
2025/12/27 23:21:08 - mmengine - INFO - Epoch(val)   [3][ 800/3363]    eta: 0:06:08  time: 0.0833  data_time: 0.0005  memory: 1137  
2025/12/27 23:21:08 - mmengine - INFO - Epoch(val)   [3][ 805/3363]    eta: 0:06:06  time: 0.0888  data_time: 0.0005  memory: 1411  
2025/12/27 23:21:09 - mmengine - INFO - Epoch(val)   [3][ 810/3363]    eta: 0:06:05  time: 0.0915  data_time: 0.0005  memory: 1411  
2025/12/27 23:21:09 - mmengine - INFO - Epoch(val)   [3][ 815/3363]    eta: 0:06:03  time: 0.0875  data_time: 0.0005  memory: 1137  
2025/12/27 23:21:10 - mmengine - INFO - Epoch(val)   [3][ 820/3363]    eta: 0:06:01  time: 0.0858  data_time: 0.0005  memory: 1289  
2025/12/27 23:21:10 - mmengine - INFO - Epoch(val)   [3][ 825/3363]    eta: 0:06:00  time: 0.0860  data_time: 0.0005  memory: 1137  
2025/12/27 23:21:11 - mmengine - INFO - Epoch(val)   [3][ 830/3363]    eta: 0:05:58  time: 0.0911  data_time: 0.0005  memory: 1381  
2025/12/27 23:21:11 - mmengine - INFO - Epoch(val)   [3][ 835/3363]    eta: 0:05:57  time: 0.0880  data_time: 0.0005  memory: 1137  
2025/12/27 23:21:12 - mmengine - INFO - Epoch(val)   [3][ 840/3363]    eta: 0:05:55  time: 0.0857  data_time: 0.0005  memory: 1411  
2025/12/27 23:21:12 - mmengine - INFO - Epoch(val)   [3][ 845/3363]    eta: 0:05:54  time: 0.0875  data_time: 0.0005  memory: 1137  
2025/12/27 23:21:12 - mmengine - INFO - Epoch(val)   [3][ 850/3363]    eta: 0:05:53  time: 0.0916  data_time: 0.0005  memory: 1411  
2025/12/27 23:21:13 - mmengine - INFO - Epoch(val)   [3][ 855/3363]    eta: 0:05:51  time: 0.0940  data_time: 0.0005  memory: 1366  
2025/12/27 23:21:13 - mmengine - INFO - Epoch(val)   [3][ 860/3363]    eta: 0:05:50  time: 0.0877  data_time: 0.0005  memory: 1137  
2025/12/27 23:21:14 - mmengine - INFO - Epoch(val)   [3][ 865/3363]    eta: 0:05:48  time: 0.0884  data_time: 0.0005  memory: 1411  
2025/12/27 23:21:14 - mmengine - INFO - Epoch(val)   [3][ 870/3363]    eta: 0:05:47  time: 0.0915  data_time: 0.0005  memory: 1411  
2025/12/27 23:21:15 - mmengine - INFO - Epoch(val)   [3][ 875/3363]    eta: 0:05:45  time: 0.0917  data_time: 0.0005  memory: 1411  
2025/12/27 23:21:15 - mmengine - INFO - Epoch(val)   [3][ 880/3363]    eta: 0:05:44  time: 0.0879  data_time: 0.0005  memory: 1137  
2025/12/27 23:21:16 - mmengine - INFO - Epoch(val)   [3][ 885/3363]    eta: 0:05:43  time: 0.0889  data_time: 0.0005  memory: 1411  
2025/12/27 23:21:16 - mmengine - INFO - Epoch(val)   [3][ 890/3363]    eta: 0:05:41  time: 0.0930  data_time: 0.0005  memory: 1411  
2025/12/27 23:21:17 - mmengine - INFO - Epoch(val)   [3][ 895/3363]    eta: 0:05:40  time: 0.0930  data_time: 0.0005  memory: 1411  
2025/12/27 23:21:17 - mmengine - INFO - Epoch(val)   [3][ 900/3363]    eta: 0:05:39  time: 0.0875  data_time: 0.0005  memory: 1137  
2025/12/27 23:21:17 - mmengine - INFO - Epoch(val)   [3][ 905/3363]    eta: 0:05:37  time: 0.0830  data_time: 0.0005  memory: 1137  
2025/12/27 23:21:18 - mmengine - INFO - Epoch(val)   [3][ 910/3363]    eta: 0:05:36  time: 0.0877  data_time: 0.0005  memory: 1411  
2025/12/27 23:21:18 - mmengine - INFO - Epoch(val)   [3][ 915/3363]    eta: 0:05:34  time: 0.0841  data_time: 0.0005  memory: 1137  
2025/12/27 23:21:19 - mmengine - INFO - Epoch(val)   [3][ 920/3363]    eta: 0:05:33  time: 0.0856  data_time: 0.0005  memory: 1411  
2025/12/27 23:21:19 - mmengine - INFO - Epoch(val)   [3][ 925/3363]    eta: 0:05:32  time: 0.0894  data_time: 0.0005  memory: 1411  
2025/12/27 23:21:20 - mmengine - INFO - Epoch(val)   [3][ 930/3363]    eta: 0:05:31  time: 0.1170  data_time: 0.0006  memory: 8891  
2025/12/27 23:21:20 - mmengine - INFO - Epoch(val)   [3][ 935/3363]    eta: 0:05:30  time: 0.1190  data_time: 0.0006  memory: 1411  
2025/12/27 23:21:21 - mmengine - INFO - Epoch(val)   [3][ 940/3363]    eta: 0:05:29  time: 0.0901  data_time: 0.0005  memory: 1411  
2025/12/27 23:21:21 - mmengine - INFO - Epoch(val)   [3][ 945/3363]    eta: 0:05:27  time: 0.0869  data_time: 0.0005  memory: 1137  
2025/12/27 23:21:22 - mmengine - INFO - Epoch(val)   [3][ 950/3363]    eta: 0:05:26  time: 0.0779  data_time: 0.0005  memory: 1137  
2025/12/27 23:21:22 - mmengine - INFO - Epoch(val)   [3][ 955/3363]    eta: 0:05:25  time: 0.0807  data_time: 0.0005  memory: 1350  
2025/12/27 23:21:22 - mmengine - INFO - Epoch(val)   [3][ 960/3363]    eta: 0:05:23  time: 0.0900  data_time: 0.0005  memory: 1259  
2025/12/27 23:21:23 - mmengine - INFO - Epoch(val)   [3][ 965/3363]    eta: 0:05:22  time: 0.0930  data_time: 0.0006  memory: 1411  
2025/12/27 23:21:23 - mmengine - INFO - Epoch(val)   [3][ 970/3363]    eta: 0:05:21  time: 0.0895  data_time: 0.0006  memory: 1137  
2025/12/27 23:21:24 - mmengine - INFO - Epoch(val)   [3][ 975/3363]    eta: 0:05:20  time: 0.0833  data_time: 0.0006  memory: 1152  
2025/12/27 23:21:24 - mmengine - INFO - Epoch(val)   [3][ 980/3363]    eta: 0:05:18  time: 0.0838  data_time: 0.0006  memory: 1350  
2025/12/27 23:21:25 - mmengine - INFO - Epoch(val)   [3][ 985/3363]    eta: 0:05:17  time: 0.0894  data_time: 0.0005  memory: 1411  
2025/12/27 23:21:25 - mmengine - INFO - Epoch(val)   [3][ 990/3363]    eta: 0:05:16  time: 0.0894  data_time: 0.0005  memory: 1137  
2025/12/27 23:21:25 - mmengine - INFO - Epoch(val)   [3][ 995/3363]    eta: 0:05:15  time: 0.0817  data_time: 0.0005  memory: 1137  
2025/12/27 23:21:26 - mmengine - INFO - Epoch(val)   [3][1000/3363]    eta: 0:05:13  time: 0.0847  data_time: 0.0005  memory: 1411  
2025/12/27 23:21:26 - mmengine - INFO - Epoch(val)   [3][1005/3363]    eta: 0:05:12  time: 0.0886  data_time: 0.0005  memory: 1411  
2025/12/27 23:21:27 - mmengine - INFO - Epoch(val)   [3][1010/3363]    eta: 0:05:11  time: 0.0883  data_time: 0.0005  memory: 1411  
2025/12/27 23:21:27 - mmengine - INFO - Epoch(val)   [3][1015/3363]    eta: 0:05:10  time: 0.0920  data_time: 0.0005  memory: 1350  
2025/12/27 23:21:28 - mmengine - INFO - Epoch(val)   [3][1020/3363]    eta: 0:05:09  time: 0.0897  data_time: 0.0005  memory: 1137  
2025/12/27 23:21:28 - mmengine - INFO - Epoch(val)   [3][1025/3363]    eta: 0:05:07  time: 0.0835  data_time: 0.0005  memory: 1137  
2025/12/27 23:21:29 - mmengine - INFO - Epoch(val)   [3][1030/3363]    eta: 0:05:06  time: 0.0839  data_time: 0.0005  memory: 1411  
2025/12/27 23:21:29 - mmengine - INFO - Epoch(val)   [3][1035/3363]    eta: 0:05:05  time: 0.0874  data_time: 0.0005  memory: 1137  
2025/12/27 23:21:29 - mmengine - INFO - Epoch(val)   [3][1040/3363]    eta: 0:05:04  time: 0.0868  data_time: 0.0005  memory: 1137  
2025/12/27 23:21:30 - mmengine - INFO - Epoch(val)   [3][1045/3363]    eta: 0:05:03  time: 0.0854  data_time: 0.0005  memory: 1137  
2025/12/27 23:21:30 - mmengine - INFO - Epoch(val)   [3][1050/3363]    eta: 0:05:02  time: 0.0883  data_time: 0.0005  memory: 1411  
2025/12/27 23:21:31 - mmengine - INFO - Epoch(val)   [3][1055/3363]    eta: 0:05:01  time: 0.0875  data_time: 0.0005  memory: 1137  
2025/12/27 23:21:31 - mmengine - INFO - Epoch(val)   [3][1060/3363]    eta: 0:04:59  time: 0.0814  data_time: 0.0005  memory: 1137  
2025/12/27 23:21:32 - mmengine - INFO - Epoch(val)   [3][1065/3363]    eta: 0:04:58  time: 0.0846  data_time: 0.0005  memory: 1274  
2025/12/27 23:21:32 - mmengine - INFO - Epoch(val)   [3][1070/3363]    eta: 0:04:57  time: 0.0861  data_time: 0.0005  memory: 1137  
2025/12/27 23:21:32 - mmengine - INFO - Epoch(val)   [3][1075/3363]    eta: 0:04:56  time: 0.0855  data_time: 0.0005  memory: 1411  
2025/12/27 23:21:33 - mmengine - INFO - Epoch(val)   [3][1080/3363]    eta: 0:04:55  time: 0.0880  data_time: 0.0005  memory: 1198  
2025/12/27 23:21:33 - mmengine - INFO - Epoch(val)   [3][1085/3363]    eta: 0:04:54  time: 0.0914  data_time: 0.0005  memory: 1411  
2025/12/27 23:21:34 - mmengine - INFO - Epoch(val)   [3][1090/3363]    eta: 0:04:53  time: 0.0928  data_time: 0.0005  memory: 1411  
2025/12/27 23:21:34 - mmengine - INFO - Epoch(val)   [3][1095/3363]    eta: 0:04:52  time: 0.0879  data_time: 0.0005  memory: 1244  
2025/12/27 23:21:35 - mmengine - INFO - Epoch(val)   [3][1100/3363]    eta: 0:04:51  time: 0.0829  data_time: 0.0005  memory: 1137  
2025/12/27 23:21:35 - mmengine - INFO - Epoch(val)   [3][1105/3363]    eta: 0:04:50  time: 0.1257  data_time: 0.0005  memory: 8914  
2025/12/27 23:21:36 - mmengine - INFO - Epoch(val)   [3][1110/3363]    eta: 0:04:49  time: 0.1261  data_time: 0.0006  memory: 1137  
2025/12/27 23:21:36 - mmengine - INFO - Epoch(val)   [3][1115/3363]    eta: 0:04:48  time: 0.0897  data_time: 0.0006  memory: 1411  
2025/12/27 23:21:37 - mmengine - INFO - Epoch(val)   [3][1120/3363]    eta: 0:04:47  time: 0.0942  data_time: 0.0005  memory: 1335  
2025/12/27 23:21:37 - mmengine - INFO - Epoch(val)   [3][1125/3363]    eta: 0:04:46  time: 0.0854  data_time: 0.0005  memory: 1137  
2025/12/27 23:21:38 - mmengine - INFO - Epoch(val)   [3][1130/3363]    eta: 0:04:45  time: 0.0863  data_time: 0.0005  memory: 1411  
2025/12/27 23:21:38 - mmengine - INFO - Epoch(val)   [3][1135/3363]    eta: 0:04:44  time: 0.0901  data_time: 0.0005  memory: 1411  
2025/12/27 23:21:39 - mmengine - INFO - Epoch(val)   [3][1140/3363]    eta: 0:04:43  time: 0.0851  data_time: 0.0005  memory: 1137  
2025/12/27 23:21:39 - mmengine - INFO - Epoch(val)   [3][1145/3363]    eta: 0:04:42  time: 0.0841  data_time: 0.0005  memory: 1274  
2025/12/27 23:21:39 - mmengine - INFO - Epoch(val)   [3][1150/3363]    eta: 0:04:41  time: 0.0845  data_time: 0.0005  memory: 1137  
2025/12/27 23:21:40 - mmengine - INFO - Epoch(val)   [3][1155/3363]    eta: 0:04:40  time: 0.0834  data_time: 0.0005  memory: 1152  
2025/12/27 23:21:40 - mmengine - INFO - Epoch(val)   [3][1160/3363]    eta: 0:04:39  time: 0.0813  data_time: 0.0005  memory: 1137  
2025/12/27 23:21:41 - mmengine - INFO - Epoch(val)   [3][1165/3363]    eta: 0:04:38  time: 0.0857  data_time: 0.0005  memory: 1411  
2025/12/27 23:21:41 - mmengine - INFO - Epoch(val)   [3][1170/3363]    eta: 0:04:37  time: 0.0877  data_time: 0.0005  memory: 1366  
2025/12/27 23:21:41 - mmengine - INFO - Epoch(val)   [3][1175/3363]    eta: 0:04:36  time: 0.0870  data_time: 0.0005  memory: 1411  
2025/12/27 23:21:42 - mmengine - INFO - Epoch(val)   [3][1180/3363]    eta: 0:04:35  time: 0.0888  data_time: 0.0005  memory: 1137  
2025/12/27 23:21:42 - mmengine - INFO - Epoch(val)   [3][1185/3363]    eta: 0:04:34  time: 0.0892  data_time: 0.0005  memory: 1411  
2025/12/27 23:21:43 - mmengine - INFO - Epoch(val)   [3][1190/3363]    eta: 0:04:33  time: 0.0895  data_time: 0.0005  memory: 1228  
2025/12/27 23:21:43 - mmengine - INFO - Epoch(val)   [3][1195/3363]    eta: 0:04:32  time: 0.0903  data_time: 0.0005  memory: 1411  
2025/12/27 23:21:44 - mmengine - INFO - Epoch(val)   [3][1200/3363]    eta: 0:04:31  time: 0.0956  data_time: 0.0005  memory: 1411  
2025/12/27 23:21:44 - mmengine - INFO - Epoch(val)   [3][1205/3363]    eta: 0:04:30  time: 0.0889  data_time: 0.0005  memory: 1137  
2025/12/27 23:21:45 - mmengine - INFO - Epoch(val)   [3][1210/3363]    eta: 0:04:29  time: 0.0842  data_time: 0.0005  memory: 1411  
2025/12/27 23:21:45 - mmengine - INFO - Epoch(val)   [3][1215/3363]    eta: 0:04:28  time: 0.0892  data_time: 0.0005  memory: 1411  
2025/12/27 23:21:46 - mmengine - INFO - Epoch(val)   [3][1220/3363]    eta: 0:04:27  time: 0.0905  data_time: 0.0005  memory: 1411  
2025/12/27 23:21:46 - mmengine - INFO - Epoch(val)   [3][1225/3363]    eta: 0:04:26  time: 0.0873  data_time: 0.0005  memory: 1137  
2025/12/27 23:21:46 - mmengine - INFO - Epoch(val)   [3][1230/3363]    eta: 0:04:25  time: 0.0876  data_time: 0.0005  memory: 1350  
2025/12/27 23:21:47 - mmengine - INFO - Epoch(val)   [3][1235/3363]    eta: 0:04:24  time: 0.0918  data_time: 0.0005  memory: 1411  
2025/12/27 23:21:47 - mmengine - INFO - Epoch(val)   [3][1240/3363]    eta: 0:04:24  time: 0.0907  data_time: 0.0005  memory: 1411  
2025/12/27 23:21:48 - mmengine - INFO - Epoch(val)   [3][1245/3363]    eta: 0:04:23  time: 0.0916  data_time: 0.0005  memory: 1411  
2025/12/27 23:21:48 - mmengine - INFO - Epoch(val)   [3][1250/3363]    eta: 0:04:22  time: 0.0910  data_time: 0.0005  memory: 1411  
2025/12/27 23:21:49 - mmengine - INFO - Epoch(val)   [3][1255/3363]    eta: 0:04:21  time: 0.0857  data_time: 0.0005  memory: 1137  
2025/12/27 23:21:49 - mmengine - INFO - Epoch(val)   [3][1260/3363]    eta: 0:04:20  time: 0.0832  data_time: 0.0005  memory: 1244  
2025/12/27 23:21:50 - mmengine - INFO - Epoch(val)   [3][1265/3363]    eta: 0:04:19  time: 0.0865  data_time: 0.0005  memory: 1411  
2025/12/27 23:21:50 - mmengine - INFO - Epoch(val)   [3][1270/3363]    eta: 0:04:18  time: 0.0893  data_time: 0.0005  memory: 1228  
2025/12/27 23:21:50 - mmengine - INFO - Epoch(val)   [3][1275/3363]    eta: 0:04:17  time: 0.0911  data_time: 0.0005  memory: 1411  
2025/12/27 23:21:51 - mmengine - INFO - Epoch(val)   [3][1280/3363]    eta: 0:04:16  time: 0.0925  data_time: 0.0005  memory: 1411  
2025/12/27 23:21:51 - mmengine - INFO - Epoch(val)   [3][1285/3363]    eta: 0:04:15  time: 0.0889  data_time: 0.0005  memory: 1213  
2025/12/27 23:21:52 - mmengine - INFO - Epoch(val)   [3][1290/3363]    eta: 0:04:14  time: 0.0875  data_time: 0.0005  memory: 1411  
2025/12/27 23:21:52 - mmengine - INFO - Epoch(val)   [3][1295/3363]    eta: 0:04:14  time: 0.0890  data_time: 0.0005  memory: 1167  
2025/12/27 23:21:53 - mmengine - INFO - Epoch(val)   [3][1300/3363]    eta: 0:04:13  time: 0.0859  data_time: 0.0005  memory: 1137  
2025/12/27 23:21:53 - mmengine - INFO - Epoch(val)   [3][1305/3363]    eta: 0:04:12  time: 0.0812  data_time: 0.0005  memory: 1244  
2025/12/27 23:21:53 - mmengine - INFO - Epoch(val)   [3][1310/3363]    eta: 0:04:11  time: 0.0848  data_time: 0.0005  memory: 1411  
2025/12/27 23:21:54 - mmengine - INFO - Epoch(val)   [3][1315/3363]    eta: 0:04:10  time: 0.0896  data_time: 0.0006  memory: 1366  
2025/12/27 23:21:54 - mmengine - INFO - Epoch(val)   [3][1320/3363]    eta: 0:04:09  time: 0.0866  data_time: 0.0006  memory: 1137  
2025/12/27 23:21:55 - mmengine - INFO - Epoch(val)   [3][1325/3363]    eta: 0:04:08  time: 0.0837  data_time: 0.0014  memory: 1259  
2025/12/27 23:21:55 - mmengine - INFO - Epoch(val)   [3][1330/3363]    eta: 0:04:07  time: 0.0871  data_time: 0.0013  memory: 1350  
2025/12/27 23:21:56 - mmengine - INFO - Epoch(val)   [3][1335/3363]    eta: 0:04:06  time: 0.0861  data_time: 0.0005  memory: 1137  
2025/12/27 23:21:56 - mmengine - INFO - Epoch(val)   [3][1340/3363]    eta: 0:04:06  time: 0.0836  data_time: 0.0005  memory: 1289  
2025/12/27 23:21:56 - mmengine - INFO - Epoch(val)   [3][1345/3363]    eta: 0:04:05  time: 0.0852  data_time: 0.0009  memory: 1137  
2025/12/27 23:21:57 - mmengine - INFO - Epoch(val)   [3][1350/3363]    eta: 0:04:04  time: 0.0815  data_time: 0.0009  memory: 1244  
2025/12/27 23:21:57 - mmengine - INFO - Epoch(val)   [3][1355/3363]    eta: 0:04:03  time: 0.0811  data_time: 0.0005  memory: 1137  
2025/12/27 23:21:58 - mmengine - INFO - Epoch(val)   [3][1360/3363]    eta: 0:04:02  time: 0.0839  data_time: 0.0005  memory: 1137  
2025/12/27 23:21:58 - mmengine - INFO - Epoch(val)   [3][1365/3363]    eta: 0:04:01  time: 0.0849  data_time: 0.0005  memory: 1152  
2025/12/27 23:21:59 - mmengine - INFO - Epoch(val)   [3][1370/3363]    eta: 0:04:01  time: 0.1060  data_time: 0.0005  memory: 8836  
2025/12/27 23:21:59 - mmengine - INFO - Epoch(val)   [3][1375/3363]    eta: 0:04:00  time: 0.1357  data_time: 0.0006  memory: 8874  
2025/12/27 23:22:00 - mmengine - INFO - Epoch(val)   [3][1380/3363]    eta: 0:03:59  time: 0.0983  data_time: 0.0006  memory: 847  
2025/12/27 23:22:00 - mmengine - INFO - Epoch(val)   [3][1385/3363]    eta: 0:03:58  time: 0.0673  data_time: 0.0006  memory: 1381  
2025/12/27 23:22:00 - mmengine - INFO - Epoch(val)   [3][1390/3363]    eta: 0:03:57  time: 0.0718  data_time: 0.0005  memory: 1046  
2025/12/27 23:22:02 - mmengine - INFO - Epoch(val)   [3][1395/3363]    eta: 0:03:57  time: 0.1493  data_time: 0.0005  memory: 8851  
2025/12/27 23:22:02 - mmengine - INFO - Epoch(val)   [3][1400/3363]    eta: 0:03:56  time: 0.1491  data_time: 0.0006  memory: 1183  
2025/12/27 23:22:02 - mmengine - INFO - Epoch(val)   [3][1405/3363]    eta: 0:03:55  time: 0.0646  data_time: 0.0006  memory: 1076  
2025/12/27 23:22:03 - mmengine - INFO - Epoch(val)   [3][1410/3363]    eta: 0:03:55  time: 0.1116  data_time: 0.0005  memory: 8943  
2025/12/27 23:22:04 - mmengine - INFO - Epoch(val)   [3][1415/3363]    eta: 0:03:54  time: 0.1414  data_time: 0.0006  memory: 8790  
2025/12/27 23:22:04 - mmengine - INFO - Epoch(val)   [3][1420/3363]    eta: 0:03:54  time: 0.1065  data_time: 0.0006  memory: 1411  
2025/12/27 23:22:04 - mmengine - INFO - Epoch(val)   [3][1425/3363]    eta: 0:03:53  time: 0.0747  data_time: 0.0005  memory: 1244  
2025/12/27 23:22:05 - mmengine - INFO - Epoch(val)   [3][1430/3363]    eta: 0:03:52  time: 0.0665  data_time: 0.0005  memory: 1228  
2025/12/27 23:22:05 - mmengine - INFO - Epoch(val)   [3][1435/3363]    eta: 0:03:51  time: 0.0676  data_time: 0.0005  memory: 1381  
2025/12/27 23:22:05 - mmengine - INFO - Epoch(val)   [3][1440/3363]    eta: 0:03:50  time: 0.0695  data_time: 0.0005  memory: 1137  
2025/12/27 23:22:06 - mmengine - INFO - Epoch(val)   [3][1445/3363]    eta: 0:03:49  time: 0.0660  data_time: 0.0005  memory: 1030  
2025/12/27 23:22:06 - mmengine - INFO - Epoch(val)   [3][1450/3363]    eta: 0:03:48  time: 0.0659  data_time: 0.0005  memory: 1381  
2025/12/27 23:22:07 - mmengine - INFO - Epoch(val)   [3][1455/3363]    eta: 0:03:47  time: 0.0996  data_time: 0.0007  memory: 8814  
2025/12/27 23:22:07 - mmengine - INFO - Epoch(val)   [3][1460/3363]    eta: 0:03:47  time: 0.1322  data_time: 0.0008  memory: 8844  
2025/12/27 23:22:08 - mmengine - INFO - Epoch(val)   [3][1465/3363]    eta: 0:03:46  time: 0.1014  data_time: 0.0006  memory: 1137  
2025/12/27 23:22:08 - mmengine - INFO - Epoch(val)   [3][1470/3363]    eta: 0:03:45  time: 0.0644  data_time: 0.0007  memory: 1106  
2025/12/27 23:22:08 - mmengine - INFO - Epoch(val)   [3][1475/3363]    eta: 0:03:44  time: 0.0671  data_time: 0.0007  memory: 1411  
2025/12/27 23:22:09 - mmengine - INFO - Epoch(val)   [3][1480/3363]    eta: 0:03:44  time: 0.1089  data_time: 0.0005  memory: 8866  
2025/12/27 23:22:10 - mmengine - INFO - Epoch(val)   [3][1485/3363]    eta: 0:03:43  time: 0.1112  data_time: 0.0005  memory: 1259  
2025/12/27 23:22:10 - mmengine - INFO - Epoch(val)   [3][1490/3363]    eta: 0:03:42  time: 0.0627  data_time: 0.0005  memory: 832  
2025/12/27 23:22:10 - mmengine - INFO - Epoch(val)   [3][1495/3363]    eta: 0:03:41  time: 0.0591  data_time: 0.0005  memory: 1274  
2025/12/27 23:22:11 - mmengine - INFO - Epoch(val)   [3][1500/3363]    eta: 0:03:40  time: 0.0664  data_time: 0.0005  memory: 1259  
2025/12/27 23:22:11 - mmengine - INFO - Epoch(val)   [3][1505/3363]    eta: 0:03:39  time: 0.0636  data_time: 0.0005  memory: 1030  
2025/12/27 23:22:11 - mmengine - INFO - Epoch(val)   [3][1510/3363]    eta: 0:03:38  time: 0.0649  data_time: 0.0005  memory: 1030  
2025/12/27 23:22:12 - mmengine - INFO - Epoch(val)   [3][1515/3363]    eta: 0:03:38  time: 0.1123  data_time: 0.0005  memory: 8951  
2025/12/27 23:22:12 - mmengine - INFO - Epoch(val)   [3][1520/3363]    eta: 0:03:37  time: 0.1061  data_time: 0.0005  memory: 908  
2025/12/27 23:22:13 - mmengine - INFO - Epoch(val)   [3][1525/3363]    eta: 0:03:36  time: 0.0605  data_time: 0.0005  memory: 1213  
2025/12/27 23:22:13 - mmengine - INFO - Epoch(val)   [3][1530/3363]    eta: 0:03:35  time: 0.0603  data_time: 0.0005  memory: 1091  
2025/12/27 23:22:13 - mmengine - INFO - Epoch(val)   [3][1535/3363]    eta: 0:03:34  time: 0.0579  data_time: 0.0006  memory: 1228  
2025/12/27 23:22:14 - mmengine - INFO - Epoch(val)   [3][1540/3363]    eta: 0:03:33  time: 0.0901  data_time: 0.0006  memory: 8806  
2025/12/27 23:22:14 - mmengine - INFO - Epoch(val)   [3][1545/3363]    eta: 0:03:32  time: 0.0904  data_time: 0.0005  memory: 1000  
2025/12/27 23:22:14 - mmengine - INFO - Epoch(val)   [3][1550/3363]    eta: 0:03:32  time: 0.0647  data_time: 0.0005  memory: 1061  
2025/12/27 23:22:15 - mmengine - INFO - Epoch(val)   [3][1555/3363]    eta: 0:03:31  time: 0.0615  data_time: 0.0005  memory: 1137  
2025/12/27 23:22:15 - mmengine - INFO - Epoch(val)   [3][1560/3363]    eta: 0:03:30  time: 0.0537  data_time: 0.0005  memory: 969  
2025/12/27 23:22:15 - mmengine - INFO - Epoch(val)   [3][1565/3363]    eta: 0:03:29  time: 0.0591  data_time: 0.0005  memory: 1244  
2025/12/27 23:22:16 - mmengine - INFO - Epoch(val)   [3][1570/3363]    eta: 0:03:28  time: 0.0642  data_time: 0.0005  memory: 1046  
2025/12/27 23:22:16 - mmengine - INFO - Epoch(val)   [3][1575/3363]    eta: 0:03:27  time: 0.0623  data_time: 0.0008  memory: 1076  
2025/12/27 23:22:16 - mmengine - INFO - Epoch(val)   [3][1580/3363]    eta: 0:03:26  time: 0.0558  data_time: 0.0008  memory: 863  
2025/12/27 23:22:16 - mmengine - INFO - Epoch(val)   [3][1585/3363]    eta: 0:03:25  time: 0.0611  data_time: 0.0005  memory: 1320  
2025/12/27 23:22:17 - mmengine - INFO - Epoch(val)   [3][1590/3363]    eta: 0:03:24  time: 0.0708  data_time: 0.0005  memory: 1122  
2025/12/27 23:22:17 - mmengine - INFO - Epoch(val)   [3][1595/3363]    eta: 0:03:23  time: 0.0615  data_time: 0.0005  memory: 923  
2025/12/27 23:22:17 - mmengine - INFO - Epoch(val)   [3][1600/3363]    eta: 0:03:23  time: 0.0526  data_time: 0.0006  memory: 923  
2025/12/27 23:22:18 - mmengine - INFO - Epoch(val)   [3][1605/3363]    eta: 0:03:22  time: 0.0543  data_time: 0.0006  memory: 1015  
2025/12/27 23:22:18 - mmengine - INFO - Epoch(val)   [3][1610/3363]    eta: 0:03:21  time: 0.0629  data_time: 0.0005  memory: 1228  
2025/12/27 23:22:18 - mmengine - INFO - Epoch(val)   [3][1615/3363]    eta: 0:03:20  time: 0.0648  data_time: 0.0005  memory: 1061  
2025/12/27 23:22:19 - mmengine - INFO - Epoch(val)   [3][1620/3363]    eta: 0:03:19  time: 0.0655  data_time: 0.0005  memory: 1076  
2025/12/27 23:22:19 - mmengine - INFO - Epoch(val)   [3][1625/3363]    eta: 0:03:18  time: 0.0613  data_time: 0.0005  memory: 1106  
2025/12/27 23:22:19 - mmengine - INFO - Epoch(val)   [3][1630/3363]    eta: 0:03:17  time: 0.0633  data_time: 0.0005  memory: 1350  
2025/12/27 23:22:20 - mmengine - INFO - Epoch(val)   [3][1635/3363]    eta: 0:03:17  time: 0.0662  data_time: 0.0005  memory: 1167  
2025/12/27 23:22:20 - mmengine - INFO - Epoch(val)   [3][1640/3363]    eta: 0:03:16  time: 0.0962  data_time: 0.0006  memory: 8821  
2025/12/27 23:22:21 - mmengine - INFO - Epoch(val)   [3][1645/3363]    eta: 0:03:15  time: 0.0973  data_time: 0.0006  memory: 1167  
2025/12/27 23:22:21 - mmengine - INFO - Epoch(val)   [3][1650/3363]    eta: 0:03:14  time: 0.0578  data_time: 0.0005  memory: 939  
2025/12/27 23:22:21 - mmengine - INFO - Epoch(val)   [3][1655/3363]    eta: 0:03:13  time: 0.0543  data_time: 0.0005  memory: 1106  
2025/12/27 23:22:21 - mmengine - INFO - Epoch(val)   [3][1660/3363]    eta: 0:03:13  time: 0.0642  data_time: 0.0009  memory: 1122  
2025/12/27 23:22:22 - mmengine - INFO - Epoch(val)   [3][1665/3363]    eta: 0:03:12  time: 0.0727  data_time: 0.0009  memory: 1183  
2025/12/27 23:22:22 - mmengine - INFO - Epoch(val)   [3][1670/3363]    eta: 0:03:11  time: 0.0671  data_time: 0.0005  memory: 984  
2025/12/27 23:22:22 - mmengine - INFO - Epoch(val)   [3][1675/3363]    eta: 0:03:10  time: 0.0589  data_time: 0.0005  memory: 1091  
2025/12/27 23:22:23 - mmengine - INFO - Epoch(val)   [3][1680/3363]    eta: 0:03:10  time: 0.0657  data_time: 0.0005  memory: 1228  
2025/12/27 23:22:23 - mmengine - INFO - Epoch(val)   [3][1685/3363]    eta: 0:03:09  time: 0.0757  data_time: 0.0005  memory: 1320  
2025/12/27 23:22:23 - mmengine - INFO - Epoch(val)   [3][1690/3363]    eta: 0:03:08  time: 0.0704  data_time: 0.0005  memory: 1167  
2025/12/27 23:22:24 - mmengine - INFO - Epoch(val)   [3][1695/3363]    eta: 0:03:07  time: 0.0618  data_time: 0.0005  memory: 954  
2025/12/27 23:22:24 - mmengine - INFO - Epoch(val)   [3][1700/3363]    eta: 0:03:06  time: 0.0557  data_time: 0.0005  memory: 939  
2025/12/27 23:22:24 - mmengine - INFO - Epoch(val)   [3][1705/3363]    eta: 0:03:05  time: 0.0571  data_time: 0.0005  memory: 1198  
2025/12/27 23:22:25 - mmengine - INFO - Epoch(val)   [3][1710/3363]    eta: 0:03:05  time: 0.0660  data_time: 0.0005  memory: 1335  
2025/12/27 23:22:25 - mmengine - INFO - Epoch(val)   [3][1715/3363]    eta: 0:03:04  time: 0.0643  data_time: 0.0005  memory: 984  
2025/12/27 23:22:25 - mmengine - INFO - Epoch(val)   [3][1720/3363]    eta: 0:03:03  time: 0.0614  data_time: 0.0005  memory: 1076  
2025/12/27 23:22:26 - mmengine - INFO - Epoch(val)   [3][1725/3363]    eta: 0:03:02  time: 0.0583  data_time: 0.0005  memory: 984  
2025/12/27 23:22:26 - mmengine - INFO - Epoch(val)   [3][1730/3363]    eta: 0:03:02  time: 0.0674  data_time: 0.0005  memory: 1396  
2025/12/27 23:22:26 - mmengine - INFO - Epoch(val)   [3][1735/3363]    eta: 0:03:01  time: 0.0740  data_time: 0.0005  memory: 954  
2025/12/27 23:22:27 - mmengine - INFO - Epoch(val)   [3][1740/3363]    eta: 0:03:00  time: 0.0628  data_time: 0.0005  memory: 1091  
2025/12/27 23:22:27 - mmengine - INFO - Epoch(val)   [3][1745/3363]    eta: 0:02:59  time: 0.0658  data_time: 0.0005  memory: 1244  
2025/12/27 23:22:27 - mmengine - INFO - Epoch(val)   [3][1750/3363]    eta: 0:02:58  time: 0.0634  data_time: 0.0005  memory: 1259  
2025/12/27 23:22:28 - mmengine - INFO - Epoch(val)   [3][1755/3363]    eta: 0:02:58  time: 0.0613  data_time: 0.0005  memory: 1183  
2025/12/27 23:22:28 - mmengine - INFO - Epoch(val)   [3][1760/3363]    eta: 0:02:57  time: 0.0576  data_time: 0.0005  memory: 878  
2025/12/27 23:22:28 - mmengine - INFO - Epoch(val)   [3][1765/3363]    eta: 0:02:56  time: 0.0588  data_time: 0.0005  memory: 1289  
2025/12/27 23:22:28 - mmengine - INFO - Epoch(val)   [3][1770/3363]    eta: 0:02:55  time: 0.0557  data_time: 0.0005  memory: 878  
2025/12/27 23:22:29 - mmengine - INFO - Epoch(val)   [3][1775/3363]    eta: 0:02:54  time: 0.0486  data_time: 0.0005  memory: 1137  
2025/12/27 23:22:29 - mmengine - INFO - Epoch(val)   [3][1780/3363]    eta: 0:02:54  time: 0.0629  data_time: 0.0005  memory: 1335  
2025/12/27 23:22:29 - mmengine - INFO - Epoch(val)   [3][1785/3363]    eta: 0:02:53  time: 0.0734  data_time: 0.0005  memory: 1228  
2025/12/27 23:22:30 - mmengine - INFO - Epoch(val)   [3][1790/3363]    eta: 0:02:52  time: 0.0684  data_time: 0.0005  memory: 984  
2025/12/27 23:22:30 - mmengine - INFO - Epoch(val)   [3][1795/3363]    eta: 0:02:52  time: 0.0934  data_time: 0.0005  memory: 8783  
2025/12/27 23:22:31 - mmengine - INFO - Epoch(val)   [3][1800/3363]    eta: 0:02:51  time: 0.0898  data_time: 0.0006  memory: 939  
2025/12/27 23:22:31 - mmengine - INFO - Epoch(val)   [3][1805/3363]    eta: 0:02:50  time: 0.0608  data_time: 0.0006  memory: 1046  
2025/12/27 23:22:32 - mmengine - INFO - Epoch(val)   [3][1810/3363]    eta: 0:02:50  time: 0.1137  data_time: 0.0005  memory: 8936  
2025/12/27 23:22:32 - mmengine - INFO - Epoch(val)   [3][1815/3363]    eta: 0:02:49  time: 0.1085  data_time: 0.0005  memory: 1061  
2025/12/27 23:22:32 - mmengine - INFO - Epoch(val)   [3][1820/3363]    eta: 0:02:48  time: 0.0567  data_time: 0.0005  memory: 908  
2025/12/27 23:22:33 - mmengine - INFO - Epoch(val)   [3][1825/3363]    eta: 0:02:48  time: 0.0607  data_time: 0.0006  memory: 1106  
2025/12/27 23:22:33 - mmengine - INFO - Epoch(val)   [3][1830/3363]    eta: 0:02:47  time: 0.0582  data_time: 0.0006  memory: 939  
2025/12/27 23:22:33 - mmengine - INFO - Epoch(val)   [3][1835/3363]    eta: 0:02:46  time: 0.0587  data_time: 0.0005  memory: 1213  
2025/12/27 23:22:34 - mmengine - INFO - Epoch(val)   [3][1840/3363]    eta: 0:02:45  time: 0.0674  data_time: 0.0005  memory: 1259  
2025/12/27 23:22:34 - mmengine - INFO - Epoch(val)   [3][1845/3363]    eta: 0:02:45  time: 0.0713  data_time: 0.0005  memory: 1228  
2025/12/27 23:22:34 - mmengine - INFO - Epoch(val)   [3][1850/3363]    eta: 0:02:44  time: 0.0647  data_time: 0.0005  memory: 908  
2025/12/27 23:22:35 - mmengine - INFO - Epoch(val)   [3][1855/3363]    eta: 0:02:43  time: 0.0622  data_time: 0.0005  memory: 1152  
2025/12/27 23:22:35 - mmengine - INFO - Epoch(val)   [3][1860/3363]    eta: 0:02:43  time: 0.0681  data_time: 0.0006  memory: 1320  
2025/12/27 23:22:35 - mmengine - INFO - Epoch(val)   [3][1865/3363]    eta: 0:02:42  time: 0.0660  data_time: 0.0005  memory: 1015  
2025/12/27 23:22:36 - mmengine - INFO - Epoch(val)   [3][1870/3363]    eta: 0:02:41  time: 0.0673  data_time: 0.0005  memory: 1137  
2025/12/27 23:22:36 - mmengine - INFO - Epoch(val)   [3][1875/3363]    eta: 0:02:40  time: 0.0616  data_time: 0.0006  memory: 1015  
2025/12/27 23:22:36 - mmengine - INFO - Epoch(val)   [3][1880/3363]    eta: 0:02:40  time: 0.0589  data_time: 0.0005  memory: 1030  
2025/12/27 23:22:36 - mmengine - INFO - Epoch(val)   [3][1885/3363]    eta: 0:02:39  time: 0.0586  data_time: 0.0005  memory: 893  
2025/12/27 23:22:37 - mmengine - INFO - Epoch(val)   [3][1890/3363]    eta: 0:02:38  time: 0.0540  data_time: 0.0005  memory: 1000  
2025/12/27 23:22:37 - mmengine - INFO - Epoch(val)   [3][1895/3363]    eta: 0:02:37  time: 0.0658  data_time: 0.0005  memory: 1396  
2025/12/27 23:22:37 - mmengine - INFO - Epoch(val)   [3][1900/3363]    eta: 0:02:37  time: 0.0645  data_time: 0.0005  memory: 1000  
2025/12/27 23:22:38 - mmengine - INFO - Epoch(val)   [3][1905/3363]    eta: 0:02:36  time: 0.0454  data_time: 0.0005  memory: 771  
2025/12/27 23:22:38 - mmengine - INFO - Epoch(val)   [3][1910/3363]    eta: 0:02:35  time: 0.0472  data_time: 0.0005  memory: 1061  
2025/12/27 23:22:38 - mmengine - INFO - Epoch(val)   [3][1915/3363]    eta: 0:02:35  time: 0.0639  data_time: 0.0005  memory: 1350  
2025/12/27 23:22:38 - mmengine - INFO - Epoch(val)   [3][1920/3363]    eta: 0:02:34  time: 0.0642  data_time: 0.0005  memory: 1152  
2025/12/27 23:22:39 - mmengine - INFO - Epoch(val)   [3][1925/3363]    eta: 0:02:33  time: 0.0529  data_time: 0.0005  memory: 801  
2025/12/27 23:22:39 - mmengine - INFO - Epoch(val)   [3][1930/3363]    eta: 0:02:32  time: 0.0497  data_time: 0.0005  memory: 832  
2025/12/27 23:22:39 - mmengine - INFO - Epoch(val)   [3][1935/3363]    eta: 0:02:32  time: 0.0648  data_time: 0.0005  memory: 1183  
2025/12/27 23:22:40 - mmengine - INFO - Epoch(val)   [3][1940/3363]    eta: 0:02:31  time: 0.0703  data_time: 0.0005  memory: 1000  
2025/12/27 23:22:40 - mmengine - INFO - Epoch(val)   [3][1945/3363]    eta: 0:02:30  time: 0.0565  data_time: 0.0005  memory: 939  
2025/12/27 23:22:40 - mmengine - INFO - Epoch(val)   [3][1950/3363]    eta: 0:02:30  time: 0.0582  data_time: 0.0006  memory: 1244  
2025/12/27 23:22:41 - mmengine - INFO - Epoch(val)   [3][1955/3363]    eta: 0:02:29  time: 0.0660  data_time: 0.0005  memory: 1320  
2025/12/27 23:22:41 - mmengine - INFO - Epoch(val)   [3][1960/3363]    eta: 0:02:28  time: 0.0632  data_time: 0.0005  memory: 1000  
2025/12/27 23:22:41 - mmengine - INFO - Epoch(val)   [3][1965/3363]    eta: 0:02:27  time: 0.0547  data_time: 0.0005  memory: 893  
2025/12/27 23:22:41 - mmengine - INFO - Epoch(val)   [3][1970/3363]    eta: 0:02:27  time: 0.0603  data_time: 0.0005  memory: 1228  
2025/12/27 23:22:42 - mmengine - INFO - Epoch(val)   [3][1975/3363]    eta: 0:02:26  time: 0.0613  data_time: 0.0005  memory: 863  
2025/12/27 23:22:42 - mmengine - INFO - Epoch(val)   [3][1980/3363]    eta: 0:02:25  time: 0.0575  data_time: 0.0005  memory: 1061  
2025/12/27 23:22:42 - mmengine - INFO - Epoch(val)   [3][1985/3363]    eta: 0:02:25  time: 0.0641  data_time: 0.0005  memory: 1076  
2025/12/27 23:22:43 - mmengine - INFO - Epoch(val)   [3][1990/3363]    eta: 0:02:24  time: 0.0676  data_time: 0.0005  memory: 1137  
2025/12/27 23:22:43 - mmengine - INFO - Epoch(val)   [3][1995/3363]    eta: 0:02:23  time: 0.0730  data_time: 0.0005  memory: 1396  
2025/12/27 23:22:43 - mmengine - INFO - Epoch(val)   [3][2000/3363]    eta: 0:02:23  time: 0.0664  data_time: 0.0006  memory: 954  
2025/12/27 23:22:44 - mmengine - INFO - Epoch(val)   [3][2005/3363]    eta: 0:02:22  time: 0.0605  data_time: 0.0006  memory: 1167  
2025/12/27 23:22:44 - mmengine - INFO - Epoch(val)   [3][2010/3363]    eta: 0:02:21  time: 0.0610  data_time: 0.0005  memory: 1137  
2025/12/27 23:22:44 - mmengine - INFO - Epoch(val)   [3][2015/3363]    eta: 0:02:21  time: 0.0663  data_time: 0.0006  memory: 1259  
2025/12/27 23:22:45 - mmengine - INFO - Epoch(val)   [3][2020/3363]    eta: 0:02:20  time: 0.0668  data_time: 0.0006  memory: 1015  
2025/12/27 23:22:45 - mmengine - INFO - Epoch(val)   [3][2025/3363]    eta: 0:02:19  time: 0.0583  data_time: 0.0005  memory: 1000  
2025/12/27 23:22:45 - mmengine - INFO - Epoch(val)   [3][2030/3363]    eta: 0:02:19  time: 0.0602  data_time: 0.0005  memory: 1213  
2025/12/27 23:22:46 - mmengine - INFO - Epoch(val)   [3][2035/3363]    eta: 0:02:18  time: 0.0647  data_time: 0.0005  memory: 1076  
2025/12/27 23:22:46 - mmengine - INFO - Epoch(val)   [3][2040/3363]    eta: 0:02:18  time: 0.0745  data_time: 0.0005  memory: 1289  
2025/12/27 23:22:47 - mmengine - INFO - Epoch(val)   [3][2045/3363]    eta: 0:02:17  time: 0.1037  data_time: 0.0005  memory: 8798  
2025/12/27 23:22:47 - mmengine - INFO - Epoch(val)   [3][2050/3363]    eta: 0:02:16  time: 0.0944  data_time: 0.0006  memory: 1076  
2025/12/27 23:22:47 - mmengine - INFO - Epoch(val)   [3][2055/3363]    eta: 0:02:16  time: 0.0637  data_time: 0.0006  memory: 1122  
2025/12/27 23:22:48 - mmengine - INFO - Epoch(val)   [3][2060/3363]    eta: 0:02:15  time: 0.0672  data_time: 0.0006  memory: 1259  
2025/12/27 23:22:48 - mmengine - INFO - Epoch(val)   [3][2065/3363]    eta: 0:02:15  time: 0.0685  data_time: 0.0005  memory: 1061  
2025/12/27 23:22:48 - mmengine - INFO - Epoch(val)   [3][2070/3363]    eta: 0:02:14  time: 0.0659  data_time: 0.0005  memory: 1122  
2025/12/27 23:22:49 - mmengine - INFO - Epoch(val)   [3][2075/3363]    eta: 0:02:13  time: 0.0555  data_time: 0.0005  memory: 878  
2025/12/27 23:22:49 - mmengine - INFO - Epoch(val)   [3][2080/3363]    eta: 0:02:13  time: 0.0516  data_time: 0.0008  memory: 1366  
2025/12/27 23:22:49 - mmengine - INFO - Epoch(val)   [3][2085/3363]    eta: 0:02:12  time: 0.0633  data_time: 0.0008  memory: 1228  
2025/12/27 23:22:49 - mmengine - INFO - Epoch(val)   [3][2090/3363]    eta: 0:02:11  time: 0.0647  data_time: 0.0005  memory: 1228  
2025/12/27 23:22:50 - mmengine - INFO - Epoch(val)   [3][2095/3363]    eta: 0:02:11  time: 0.0652  data_time: 0.0005  memory: 1381  
2025/12/27 23:22:50 - mmengine - INFO - Epoch(val)   [3][2100/3363]    eta: 0:02:10  time: 0.0678  data_time: 0.0005  memory: 1137  
2025/12/27 23:22:50 - mmengine - INFO - Epoch(val)   [3][2105/3363]    eta: 0:02:09  time: 0.0597  data_time: 0.0005  memory: 969  
2025/12/27 23:22:51 - mmengine - INFO - Epoch(val)   [3][2110/3363]    eta: 0:02:09  time: 0.0547  data_time: 0.0005  memory: 1061  
2025/12/27 23:22:51 - mmengine - INFO - Epoch(val)   [3][2115/3363]    eta: 0:02:08  time: 0.0614  data_time: 0.0005  memory: 1213  
2025/12/27 23:22:52 - mmengine - INFO - Epoch(val)   [3][2120/3363]    eta: 0:02:08  time: 0.1020  data_time: 0.0006  memory: 8866  
2025/12/27 23:22:52 - mmengine - INFO - Epoch(val)   [3][2125/3363]    eta: 0:02:07  time: 0.1027  data_time: 0.0005  memory: 1167  
2025/12/27 23:22:52 - mmengine - INFO - Epoch(val)   [3][2130/3363]    eta: 0:02:06  time: 0.0669  data_time: 0.0005  memory: 1274  
2025/12/27 23:22:53 - mmengine - INFO - Epoch(val)   [3][2135/3363]    eta: 0:02:06  time: 0.0657  data_time: 0.0005  memory: 1000  
2025/12/27 23:22:53 - mmengine - INFO - Epoch(val)   [3][2140/3363]    eta: 0:02:05  time: 0.0659  data_time: 0.0009  memory: 1106  
2025/12/27 23:22:53 - mmengine - INFO - Epoch(val)   [3][2145/3363]    eta: 0:02:05  time: 0.0592  data_time: 0.0008  memory: 1030  
2025/12/27 23:22:54 - mmengine - INFO - Epoch(val)   [3][2150/3363]    eta: 0:02:04  time: 0.0576  data_time: 0.0005  memory: 984  
2025/12/27 23:22:54 - mmengine - INFO - Epoch(val)   [3][2155/3363]    eta: 0:02:04  time: 0.1066  data_time: 0.0005  memory: 8951  
2025/12/27 23:22:55 - mmengine - INFO - Epoch(val)   [3][2160/3363]    eta: 0:02:03  time: 0.1101  data_time: 0.0005  memory: 1381  
2025/12/27 23:22:55 - mmengine - INFO - Epoch(val)   [3][2165/3363]    eta: 0:02:02  time: 0.0664  data_time: 0.0005  memory: 1305  
2025/12/27 23:22:55 - mmengine - INFO - Epoch(val)   [3][2170/3363]    eta: 0:02:02  time: 0.0650  data_time: 0.0005  memory: 1289  
2025/12/27 23:22:56 - mmengine - INFO - Epoch(val)   [3][2175/3363]    eta: 0:02:01  time: 0.0637  data_time: 0.0005  memory: 1289  
2025/12/27 23:22:56 - mmengine - INFO - Epoch(val)   [3][2180/3363]    eta: 0:02:00  time: 0.0598  data_time: 0.0005  memory: 893  
2025/12/27 23:22:56 - mmengine - INFO - Epoch(val)   [3][2185/3363]    eta: 0:02:00  time: 0.0618  data_time: 0.0005  memory: 1106  
2025/12/27 23:22:57 - mmengine - INFO - Epoch(val)   [3][2190/3363]    eta: 0:01:59  time: 0.0634  data_time: 0.0005  memory: 1091  
2025/12/27 23:22:57 - mmengine - INFO - Epoch(val)   [3][2195/3363]    eta: 0:01:59  time: 0.0636  data_time: 0.0005  memory: 1259  
2025/12/27 23:22:57 - mmengine - INFO - Epoch(val)   [3][2200/3363]    eta: 0:01:58  time: 0.0620  data_time: 0.0005  memory: 1198  
2025/12/27 23:22:58 - mmengine - INFO - Epoch(val)   [3][2205/3363]    eta: 0:01:57  time: 0.0682  data_time: 0.0005  memory: 1335  
2025/12/27 23:22:58 - mmengine - INFO - Epoch(val)   [3][2210/3363]    eta: 0:01:57  time: 0.0706  data_time: 0.0005  memory: 1198  
2025/12/27 23:22:58 - mmengine - INFO - Epoch(val)   [3][2215/3363]    eta: 0:01:56  time: 0.0609  data_time: 0.0005  memory: 984  
2025/12/27 23:22:58 - mmengine - INFO - Epoch(val)   [3][2220/3363]    eta: 0:01:56  time: 0.0567  data_time: 0.0005  memory: 939  
2025/12/27 23:22:59 - mmengine - INFO - Epoch(val)   [3][2225/3363]    eta: 0:01:55  time: 0.0654  data_time: 0.0005  memory: 1137  
2025/12/27 23:22:59 - mmengine - INFO - Epoch(val)   [3][2230/3363]    eta: 0:01:54  time: 0.0689  data_time: 0.0005  memory: 1046  
2025/12/27 23:23:00 - mmengine - INFO - Epoch(val)   [3][2235/3363]    eta: 0:01:54  time: 0.0645  data_time: 0.0005  memory: 1198  
2025/12/27 23:23:00 - mmengine - INFO - Epoch(val)   [3][2240/3363]    eta: 0:01:53  time: 0.0663  data_time: 0.0005  memory: 1122  
2025/12/27 23:23:00 - mmengine - INFO - Epoch(val)   [3][2245/3363]    eta: 0:01:53  time: 0.0627  data_time: 0.0005  memory: 1137  
2025/12/27 23:23:00 - mmengine - INFO - Epoch(val)   [3][2250/3363]    eta: 0:01:52  time: 0.0561  data_time: 0.0007  memory: 1030  
2025/12/27 23:23:01 - mmengine - INFO - Epoch(val)   [3][2255/3363]    eta: 0:01:51  time: 0.0570  data_time: 0.0007  memory: 1106  
2025/12/27 23:23:01 - mmengine - INFO - Epoch(val)   [3][2260/3363]    eta: 0:01:51  time: 0.0613  data_time: 0.0005  memory: 1213  
2025/12/27 23:23:01 - mmengine - INFO - Epoch(val)   [3][2265/3363]    eta: 0:01:50  time: 0.0593  data_time: 0.0005  memory: 1015  
2025/12/27 23:23:02 - mmengine - INFO - Epoch(val)   [3][2270/3363]    eta: 0:01:50  time: 0.0622  data_time: 0.0005  memory: 1122  
2025/12/27 23:23:02 - mmengine - INFO - Epoch(val)   [3][2275/3363]    eta: 0:01:49  time: 0.0568  data_time: 0.0005  memory: 832  
2025/12/27 23:23:02 - mmengine - INFO - Epoch(val)   [3][2280/3363]    eta: 0:01:48  time: 0.0532  data_time: 0.0005  memory: 1000  
2025/12/27 23:23:02 - mmengine - INFO - Epoch(val)   [3][2285/3363]    eta: 0:01:48  time: 0.0574  data_time: 0.0005  memory: 1137  
2025/12/27 23:23:03 - mmengine - INFO - Epoch(val)   [3][2290/3363]    eta: 0:01:47  time: 0.0560  data_time: 0.0005  memory: 908  
2025/12/27 23:23:03 - mmengine - INFO - Epoch(val)   [3][2295/3363]    eta: 0:01:46  time: 0.0591  data_time: 0.0005  memory: 954  
2025/12/27 23:23:03 - mmengine - INFO - Epoch(val)   [3][2300/3363]    eta: 0:01:46  time: 0.0650  data_time: 0.0005  memory: 1167  
2025/12/27 23:23:04 - mmengine - INFO - Epoch(val)   [3][2305/3363]    eta: 0:01:45  time: 0.0661  data_time: 0.0005  memory: 1076  
2025/12/27 23:23:04 - mmengine - INFO - Epoch(val)   [3][2310/3363]    eta: 0:01:45  time: 0.0619  data_time: 0.0005  memory: 1046  
2025/12/27 23:23:04 - mmengine - INFO - Epoch(val)   [3][2315/3363]    eta: 0:01:44  time: 0.0695  data_time: 0.0005  memory: 1335  
2025/12/27 23:23:05 - mmengine - INFO - Epoch(val)   [3][2320/3363]    eta: 0:01:44  time: 0.0679  data_time: 0.0005  memory: 1015  
2025/12/27 23:23:05 - mmengine - INFO - Epoch(val)   [3][2325/3363]    eta: 0:01:43  time: 0.0613  data_time: 0.0006  memory: 1167  
2025/12/27 23:23:05 - mmengine - INFO - Epoch(val)   [3][2330/3363]    eta: 0:01:42  time: 0.0659  data_time: 0.0005  memory: 1122  
2025/12/27 23:23:06 - mmengine - INFO - Epoch(val)   [3][2335/3363]    eta: 0:01:42  time: 0.0636  data_time: 0.0005  memory: 1366  
2025/12/27 23:23:06 - mmengine - INFO - Epoch(val)   [3][2340/3363]    eta: 0:01:41  time: 0.0628  data_time: 0.0005  memory: 1106  
2025/12/27 23:23:06 - mmengine - INFO - Epoch(val)   [3][2345/3363]    eta: 0:01:41  time: 0.0616  data_time: 0.0005  memory: 969  
2025/12/27 23:23:07 - mmengine - INFO - Epoch(val)   [3][2350/3363]    eta: 0:01:40  time: 0.0592  data_time: 0.0005  memory: 1046  
2025/12/27 23:23:07 - mmengine - INFO - Epoch(val)   [3][2355/3363]    eta: 0:01:40  time: 0.0631  data_time: 0.0005  memory: 1122  
2025/12/27 23:23:07 - mmengine - INFO - Epoch(val)   [3][2360/3363]    eta: 0:01:39  time: 0.0655  data_time: 0.0005  memory: 1274  
2025/12/27 23:23:07 - mmengine - INFO - Epoch(val)   [3][2365/3363]    eta: 0:01:38  time: 0.0595  data_time: 0.0005  memory: 1167  
2025/12/27 23:23:08 - mmengine - INFO - Epoch(val)   [3][2370/3363]    eta: 0:01:38  time: 0.0592  data_time: 0.0005  memory: 1350  
2025/12/27 23:23:08 - mmengine - INFO - Epoch(val)   [3][2375/3363]    eta: 0:01:37  time: 0.0640  data_time: 0.0005  memory: 969  
2025/12/27 23:23:08 - mmengine - INFO - Epoch(val)   [3][2380/3363]    eta: 0:01:37  time: 0.0621  data_time: 0.0005  memory: 1213  
2025/12/27 23:23:09 - mmengine - INFO - Epoch(val)   [3][2385/3363]    eta: 0:01:36  time: 0.0711  data_time: 0.0005  memory: 1381  
2025/12/27 23:23:09 - mmengine - INFO - Epoch(val)   [3][2390/3363]    eta: 0:01:36  time: 0.0736  data_time: 0.0005  memory: 1289  
2025/12/27 23:23:09 - mmengine - INFO - Epoch(val)   [3][2395/3363]    eta: 0:01:35  time: 0.0591  data_time: 0.0009  memory: 908  
2025/12/27 23:23:10 - mmengine - INFO - Epoch(val)   [3][2400/3363]    eta: 0:01:34  time: 0.0692  data_time: 0.0011  memory: 1305  
2025/12/27 23:23:10 - mmengine - INFO - Epoch(val)   [3][2405/3363]    eta: 0:01:34  time: 0.0699  data_time: 0.0008  memory: 908  
2025/12/27 23:23:10 - mmengine - INFO - Epoch(val)   [3][2410/3363]    eta: 0:01:33  time: 0.0544  data_time: 0.0007  memory: 1000  
2025/12/27 23:23:11 - mmengine - INFO - Epoch(val)   [3][2415/3363]    eta: 0:01:33  time: 0.0615  data_time: 0.0005  memory: 1137  
2025/12/27 23:23:11 - mmengine - INFO - Epoch(val)   [3][2420/3363]    eta: 0:01:32  time: 0.0652  data_time: 0.0006  memory: 1320  
2025/12/27 23:23:11 - mmengine - INFO - Epoch(val)   [3][2425/3363]    eta: 0:01:32  time: 0.0618  data_time: 0.0005  memory: 1152  
2025/12/27 23:23:12 - mmengine - INFO - Epoch(val)   [3][2430/3363]    eta: 0:01:31  time: 0.0636  data_time: 0.0005  memory: 1335  
2025/12/27 23:23:12 - mmengine - INFO - Epoch(val)   [3][2435/3363]    eta: 0:01:31  time: 0.0650  data_time: 0.0005  memory: 1183  
2025/12/27 23:23:12 - mmengine - INFO - Epoch(val)   [3][2440/3363]    eta: 0:01:30  time: 0.0577  data_time: 0.0005  memory: 923  
2025/12/27 23:23:13 - mmengine - INFO - Epoch(val)   [3][2445/3363]    eta: 0:01:29  time: 0.0594  data_time: 0.0005  memory: 1046  
2025/12/27 23:23:13 - mmengine - INFO - Epoch(val)   [3][2450/3363]    eta: 0:01:29  time: 0.0699  data_time: 0.0005  memory: 1198  
2025/12/27 23:23:13 - mmengine - INFO - Epoch(val)   [3][2455/3363]    eta: 0:01:28  time: 0.0588  data_time: 0.0005  memory: 816  
2025/12/27 23:23:14 - mmengine - INFO - Epoch(val)   [3][2460/3363]    eta: 0:01:28  time: 0.0557  data_time: 0.0005  memory: 1076  
2025/12/27 23:23:14 - mmengine - INFO - Epoch(val)   [3][2465/3363]    eta: 0:01:27  time: 0.0612  data_time: 0.0005  memory: 1152  
2025/12/27 23:23:14 - mmengine - INFO - Epoch(val)   [3][2470/3363]    eta: 0:01:27  time: 0.0555  data_time: 0.0005  memory: 954  
2025/12/27 23:23:14 - mmengine - INFO - Epoch(val)   [3][2475/3363]    eta: 0:01:26  time: 0.0647  data_time: 0.0005  memory: 1305  
2025/12/27 23:23:15 - mmengine - INFO - Epoch(val)   [3][2480/3363]    eta: 0:01:26  time: 0.0706  data_time: 0.0005  memory: 1076  
2025/12/27 23:23:15 - mmengine - INFO - Epoch(val)   [3][2485/3363]    eta: 0:01:25  time: 0.0640  data_time: 0.0005  memory: 1000  
2025/12/27 23:23:16 - mmengine - INFO - Epoch(val)   [3][2490/3363]    eta: 0:01:24  time: 0.0757  data_time: 0.0005  memory: 1350  
2025/12/27 23:23:16 - mmengine - INFO - Epoch(val)   [3][2495/3363]    eta: 0:01:24  time: 0.0773  data_time: 0.0005  memory: 1320  
2025/12/27 23:23:16 - mmengine - INFO - Epoch(val)   [3][2500/3363]    eta: 0:01:23  time: 0.0579  data_time: 0.0005  memory: 923  
2025/12/27 23:23:17 - mmengine - INFO - Epoch(val)   [3][2505/3363]    eta: 0:01:23  time: 0.0622  data_time: 0.0005  memory: 1274  
2025/12/27 23:23:17 - mmengine - INFO - Epoch(val)   [3][2510/3363]    eta: 0:01:22  time: 0.0696  data_time: 0.0005  memory: 1259  
2025/12/27 23:23:17 - mmengine - INFO - Epoch(val)   [3][2515/3363]    eta: 0:01:22  time: 0.0591  data_time: 0.0005  memory: 1046  
2025/12/27 23:23:17 - mmengine - INFO - Epoch(val)   [3][2520/3363]    eta: 0:01:21  time: 0.0642  data_time: 0.0007  memory: 1183  
2025/12/27 23:23:18 - mmengine - INFO - Epoch(val)   [3][2525/3363]    eta: 0:01:21  time: 0.0639  data_time: 0.0007  memory: 984  
2025/12/27 23:23:18 - mmengine - INFO - Epoch(val)   [3][2530/3363]    eta: 0:01:20  time: 0.0566  data_time: 0.0005  memory: 1244  
2025/12/27 23:23:18 - mmengine - INFO - Epoch(val)   [3][2535/3363]    eta: 0:01:20  time: 0.0596  data_time: 0.0005  memory: 1076  
2025/12/27 23:23:19 - mmengine - INFO - Epoch(val)   [3][2540/3363]    eta: 0:01:19  time: 0.0648  data_time: 0.0008  memory: 1183  
2025/12/27 23:23:19 - mmengine - INFO - Epoch(val)   [3][2545/3363]    eta: 0:01:18  time: 0.0618  data_time: 0.0009  memory: 1076  
2025/12/27 23:23:19 - mmengine - INFO - Epoch(val)   [3][2550/3363]    eta: 0:01:18  time: 0.0640  data_time: 0.0005  memory: 1137  
2025/12/27 23:23:20 - mmengine - INFO - Epoch(val)   [3][2555/3363]    eta: 0:01:17  time: 0.0735  data_time: 0.0005  memory: 1396  
2025/12/27 23:23:20 - mmengine - INFO - Epoch(val)   [3][2560/3363]    eta: 0:01:17  time: 0.0633  data_time: 0.0005  memory: 1015  
2025/12/27 23:23:20 - mmengine - INFO - Epoch(val)   [3][2565/3363]    eta: 0:01:16  time: 0.0659  data_time: 0.0006  memory: 1167  
2025/12/27 23:23:21 - mmengine - INFO - Epoch(val)   [3][2570/3363]    eta: 0:01:16  time: 0.0688  data_time: 0.0006  memory: 1106  
2025/12/27 23:23:21 - mmengine - INFO - Epoch(val)   [3][2575/3363]    eta: 0:01:15  time: 0.0664  data_time: 0.0005  memory: 1244  
2025/12/27 23:23:21 - mmengine - INFO - Epoch(val)   [3][2580/3363]    eta: 0:01:15  time: 0.0684  data_time: 0.0005  memory: 1183  
2025/12/27 23:23:22 - mmengine - INFO - Epoch(val)   [3][2585/3363]    eta: 0:01:14  time: 0.0640  data_time: 0.0005  memory: 1366  
2025/12/27 23:23:22 - mmengine - INFO - Epoch(val)   [3][2590/3363]    eta: 0:01:14  time: 0.0561  data_time: 0.0005  memory: 863  
2025/12/27 23:23:22 - mmengine - INFO - Epoch(val)   [3][2595/3363]    eta: 0:01:13  time: 0.0600  data_time: 0.0006  memory: 1076  
2025/12/27 23:23:23 - mmengine - INFO - Epoch(val)   [3][2600/3363]    eta: 0:01:13  time: 0.0697  data_time: 0.0006  memory: 1061  
2025/12/27 23:23:23 - mmengine - INFO - Epoch(val)   [3][2605/3363]    eta: 0:01:12  time: 0.0665  data_time: 0.0006  memory: 1183  
2025/12/27 23:23:23 - mmengine - INFO - Epoch(val)   [3][2610/3363]    eta: 0:01:12  time: 0.0656  data_time: 0.0007  memory: 1213  
2025/12/27 23:23:24 - mmengine - INFO - Epoch(val)   [3][2615/3363]    eta: 0:01:11  time: 0.0599  data_time: 0.0006  memory: 923  
2025/12/27 23:23:24 - mmengine - INFO - Epoch(val)   [3][2620/3363]    eta: 0:01:11  time: 0.0585  data_time: 0.0005  memory: 1274  
2025/12/27 23:23:24 - mmengine - INFO - Epoch(val)   [3][2625/3363]    eta: 0:01:10  time: 0.0583  data_time: 0.0005  memory: 908  
2025/12/27 23:23:24 - mmengine - INFO - Epoch(val)   [3][2630/3363]    eta: 0:01:10  time: 0.0590  data_time: 0.0005  memory: 1289  
2025/12/27 23:23:25 - mmengine - INFO - Epoch(val)   [3][2635/3363]    eta: 0:01:09  time: 0.0572  data_time: 0.0005  memory: 878  
2025/12/27 23:23:25 - mmengine - INFO - Epoch(val)   [3][2640/3363]    eta: 0:01:08  time: 0.0565  data_time: 0.0005  memory: 1167  
2025/12/27 23:23:25 - mmengine - INFO - Epoch(val)   [3][2645/3363]    eta: 0:01:08  time: 0.0550  data_time: 0.0005  memory: 847  
2025/12/27 23:23:26 - mmengine - INFO - Epoch(val)   [3][2650/3363]    eta: 0:01:07  time: 0.0591  data_time: 0.0005  memory: 1213  
2025/12/27 23:23:26 - mmengine - INFO - Epoch(val)   [3][2655/3363]    eta: 0:01:07  time: 0.0963  data_time: 0.0005  memory: 8883  
2025/12/27 23:23:26 - mmengine - INFO - Epoch(val)   [3][2660/3363]    eta: 0:01:06  time: 0.0861  data_time: 0.0005  memory: 847  
2025/12/27 23:23:27 - mmengine - INFO - Epoch(val)   [3][2665/3363]    eta: 0:01:06  time: 0.0516  data_time: 0.0005  memory: 878  
2025/12/27 23:23:27 - mmengine - INFO - Epoch(val)   [3][2670/3363]    eta: 0:01:05  time: 0.0556  data_time: 0.0005  memory: 1015  
2025/12/27 23:23:27 - mmengine - INFO - Epoch(val)   [3][2675/3363]    eta: 0:01:05  time: 0.0613  data_time: 0.0005  memory: 1046  
2025/12/27 23:23:28 - mmengine - INFO - Epoch(val)   [3][2680/3363]    eta: 0:01:04  time: 0.0622  data_time: 0.0005  memory: 969  
2025/12/27 23:23:28 - mmengine - INFO - Epoch(val)   [3][2685/3363]    eta: 0:01:04  time: 0.0667  data_time: 0.0005  memory: 1335  
2025/12/27 23:23:28 - mmengine - INFO - Epoch(val)   [3][2690/3363]    eta: 0:01:03  time: 0.0692  data_time: 0.0005  memory: 1381  
2025/12/27 23:23:29 - mmengine - INFO - Epoch(val)   [3][2695/3363]    eta: 0:01:03  time: 0.0777  data_time: 0.0005  memory: 1350  
2025/12/27 23:23:29 - mmengine - INFO - Epoch(val)   [3][2700/3363]    eta: 0:01:02  time: 0.0739  data_time: 0.0005  memory: 1046  
2025/12/27 23:23:30 - mmengine - INFO - Epoch(val)   [3][2705/3363]    eta: 0:01:02  time: 0.0978  data_time: 0.0005  memory: 8905  
2025/12/27 23:23:30 - mmengine - INFO - Epoch(val)   [3][2710/3363]    eta: 0:01:01  time: 0.1015  data_time: 0.0005  memory: 1076  
2025/12/27 23:23:30 - mmengine - INFO - Epoch(val)   [3][2715/3363]    eta: 0:01:01  time: 0.0609  data_time: 0.0005  memory: 1122  
2025/12/27 23:23:31 - mmengine - INFO - Epoch(val)   [3][2720/3363]    eta: 0:01:00  time: 0.0536  data_time: 0.0005  memory: 908  
2025/12/27 23:23:31 - mmengine - INFO - Epoch(val)   [3][2725/3363]    eta: 0:01:00  time: 0.1093  data_time: 0.0005  memory: 8996  
2025/12/27 23:23:32 - mmengine - INFO - Epoch(val)   [3][2730/3363]    eta: 0:00:59  time: 0.1119  data_time: 0.0006  memory: 984  
2025/12/27 23:23:32 - mmengine - INFO - Epoch(val)   [3][2735/3363]    eta: 0:00:59  time: 0.0557  data_time: 0.0005  memory: 1000  
2025/12/27 23:23:32 - mmengine - INFO - Epoch(val)   [3][2740/3363]    eta: 0:00:58  time: 0.0575  data_time: 0.0005  memory: 1015  
2025/12/27 23:23:33 - mmengine - INFO - Epoch(val)   [3][2745/3363]    eta: 0:00:58  time: 0.0607  data_time: 0.0005  memory: 1091  
2025/12/27 23:23:33 - mmengine - INFO - Epoch(val)   [3][2750/3363]    eta: 0:00:57  time: 0.0614  data_time: 0.0005  memory: 954  
2025/12/27 23:23:33 - mmengine - INFO - Epoch(val)   [3][2755/3363]    eta: 0:00:57  time: 0.0578  data_time: 0.0005  memory: 1015  
2025/12/27 23:23:34 - mmengine - INFO - Epoch(val)   [3][2760/3363]    eta: 0:00:56  time: 0.0606  data_time: 0.0005  memory: 1213  
2025/12/27 23:23:34 - mmengine - INFO - Epoch(val)   [3][2765/3363]    eta: 0:00:56  time: 0.0672  data_time: 0.0005  memory: 1289  
2025/12/27 23:23:34 - mmengine - INFO - Epoch(val)   [3][2770/3363]    eta: 0:00:55  time: 0.0595  data_time: 0.0005  memory: 939  
2025/12/27 23:23:34 - mmengine - INFO - Epoch(val)   [3][2775/3363]    eta: 0:00:55  time: 0.0547  data_time: 0.0007  memory: 1366  
2025/12/27 23:23:35 - mmengine - INFO - Epoch(val)   [3][2780/3363]    eta: 0:00:54  time: 0.0666  data_time: 0.0007  memory: 1244  
2025/12/27 23:23:35 - mmengine - INFO - Epoch(val)   [3][2785/3363]    eta: 0:00:54  time: 0.0750  data_time: 0.0005  memory: 1335  
2025/12/27 23:23:36 - mmengine - INFO - Epoch(val)   [3][2790/3363]    eta: 0:00:53  time: 0.0714  data_time: 0.0005  memory: 1228  
2025/12/27 23:23:36 - mmengine - INFO - Epoch(val)   [3][2795/3363]    eta: 0:00:53  time: 0.0708  data_time: 0.0007  memory: 1198  
2025/12/27 23:23:36 - mmengine - INFO - Epoch(val)   [3][2800/3363]    eta: 0:00:52  time: 0.0695  data_time: 0.0007  memory: 1167  
2025/12/27 23:23:37 - mmengine - INFO - Epoch(val)   [3][2805/3363]    eta: 0:00:52  time: 0.0656  data_time: 0.0005  memory: 1106  
2025/12/27 23:23:37 - mmengine - INFO - Epoch(val)   [3][2810/3363]    eta: 0:00:51  time: 0.0619  data_time: 0.0005  memory: 939  
2025/12/27 23:23:37 - mmengine - INFO - Epoch(val)   [3][2815/3363]    eta: 0:00:51  time: 0.0632  data_time: 0.0005  memory: 1091  
2025/12/27 23:23:37 - mmengine - INFO - Epoch(val)   [3][2820/3363]    eta: 0:00:50  time: 0.0615  data_time: 0.0005  memory: 908  
2025/12/27 23:23:38 - mmengine - INFO - Epoch(val)   [3][2825/3363]    eta: 0:00:50  time: 0.0642  data_time: 0.0005  memory: 1320  
2025/12/27 23:23:38 - mmengine - INFO - Epoch(val)   [3][2830/3363]    eta: 0:00:49  time: 0.0728  data_time: 0.0005  memory: 1411  
2025/12/27 23:23:39 - mmengine - INFO - Epoch(val)   [3][2835/3363]    eta: 0:00:49  time: 0.0693  data_time: 0.0005  memory: 1213  
2025/12/27 23:23:39 - mmengine - INFO - Epoch(val)   [3][2840/3363]    eta: 0:00:48  time: 0.0624  data_time: 0.0005  memory: 1137  
2025/12/27 23:23:39 - mmengine - INFO - Epoch(val)   [3][2845/3363]    eta: 0:00:48  time: 0.0611  data_time: 0.0005  memory: 1076  
2025/12/27 23:23:39 - mmengine - INFO - Epoch(val)   [3][2850/3363]    eta: 0:00:47  time: 0.0592  data_time: 0.0005  memory: 1076  
2025/12/27 23:23:40 - mmengine - INFO - Epoch(val)   [3][2855/3363]    eta: 0:00:47  time: 0.0605  data_time: 0.0005  memory: 1122  
2025/12/27 23:23:40 - mmengine - INFO - Epoch(val)   [3][2860/3363]    eta: 0:00:46  time: 0.0623  data_time: 0.0005  memory: 1015  
2025/12/27 23:23:40 - mmengine - INFO - Epoch(val)   [3][2865/3363]    eta: 0:00:46  time: 0.0641  data_time: 0.0005  memory: 1183  
2025/12/27 23:23:41 - mmengine - INFO - Epoch(val)   [3][2870/3363]    eta: 0:00:45  time: 0.0615  data_time: 0.0005  memory: 984  
2025/12/27 23:23:41 - mmengine - INFO - Epoch(val)   [3][2875/3363]    eta: 0:00:45  time: 0.0590  data_time: 0.0005  memory: 1152  
2025/12/27 23:23:41 - mmengine - INFO - Epoch(val)   [3][2880/3363]    eta: 0:00:44  time: 0.0605  data_time: 0.0005  memory: 954  
2025/12/27 23:23:42 - mmengine - INFO - Epoch(val)   [3][2885/3363]    eta: 0:00:44  time: 0.0581  data_time: 0.0004  memory: 1000  
2025/12/27 23:23:42 - mmengine - INFO - Epoch(val)   [3][2890/3363]    eta: 0:00:43  time: 0.0588  data_time: 0.0004  memory: 1106  
2025/12/27 23:23:42 - mmengine - INFO - Epoch(val)   [3][2895/3363]    eta: 0:00:43  time: 0.0606  data_time: 0.0004  memory: 1122  
2025/12/27 23:23:42 - mmengine - INFO - Epoch(val)   [3][2900/3363]    eta: 0:00:42  time: 0.0551  data_time: 0.0005  memory: 832  
2025/12/27 23:23:43 - mmengine - INFO - Epoch(val)   [3][2905/3363]    eta: 0:00:42  time: 0.0517  data_time: 0.0005  memory: 1076  
2025/12/27 23:23:43 - mmengine - INFO - Epoch(val)   [3][2910/3363]    eta: 0:00:42  time: 0.0659  data_time: 0.0005  memory: 1411  
2025/12/27 23:23:43 - mmengine - INFO - Epoch(val)   [3][2915/3363]    eta: 0:00:41  time: 0.0709  data_time: 0.0005  memory: 1091  
2025/12/27 23:23:44 - mmengine - INFO - Epoch(val)   [3][2920/3363]    eta: 0:00:41  time: 0.0634  data_time: 0.0005  memory: 1000  
2025/12/27 23:23:44 - mmengine - INFO - Epoch(val)   [3][2925/3363]    eta: 0:00:40  time: 0.0557  data_time: 0.0005  memory: 786  
2025/12/27 23:23:44 - mmengine - INFO - Epoch(val)   [3][2930/3363]    eta: 0:00:40  time: 0.0550  data_time: 0.0005  memory: 984  
2025/12/27 23:23:45 - mmengine - INFO - Epoch(val)   [3][2935/3363]    eta: 0:00:39  time: 0.0595  data_time: 0.0005  memory: 1335  
2025/12/27 23:23:45 - mmengine - INFO - Epoch(val)   [3][2940/3363]    eta: 0:00:39  time: 0.0576  data_time: 0.0005  memory: 954  
2025/12/27 23:23:45 - mmengine - INFO - Epoch(val)   [3][2945/3363]    eta: 0:00:38  time: 0.0621  data_time: 0.0005  memory: 1228  
2025/12/27 23:23:46 - mmengine - INFO - Epoch(val)   [3][2950/3363]    eta: 0:00:38  time: 0.0740  data_time: 0.0005  memory: 1228  
2025/12/27 23:23:46 - mmengine - INFO - Epoch(val)   [3][2955/3363]    eta: 0:00:37  time: 0.0652  data_time: 0.0005  memory: 908  
2025/12/27 23:23:46 - mmengine - INFO - Epoch(val)   [3][2960/3363]    eta: 0:00:37  time: 0.0566  data_time: 0.0005  memory: 1046  
2025/12/27 23:23:46 - mmengine - INFO - Epoch(val)   [3][2965/3363]    eta: 0:00:36  time: 0.0676  data_time: 0.0005  memory: 1289  
2025/12/27 23:23:47 - mmengine - INFO - Epoch(val)   [3][2970/3363]    eta: 0:00:36  time: 0.0762  data_time: 0.0005  memory: 1259  
2025/12/27 23:23:47 - mmengine - INFO - Epoch(val)   [3][2975/3363]    eta: 0:00:35  time: 0.0695  data_time: 0.0006  memory: 1167  
2025/12/27 23:23:47 - mmengine - INFO - Epoch(val)   [3][2980/3363]    eta: 0:00:35  time: 0.0591  data_time: 0.0006  memory: 1137  
2025/12/27 23:23:48 - mmengine - INFO - Epoch(val)   [3][2985/3363]    eta: 0:00:34  time: 0.0997  data_time: 0.0005  memory: 8874  
2025/12/27 23:23:48 - mmengine - INFO - Epoch(val)   [3][2990/3363]    eta: 0:00:34  time: 0.1015  data_time: 0.0007  memory: 923  
2025/12/27 23:23:49 - mmengine - INFO - Epoch(val)   [3][2995/3363]    eta: 0:00:33  time: 0.0558  data_time: 0.0006  memory: 816  
2025/12/27 23:23:49 - mmengine - INFO - Epoch(val)   [3][3000/3363]    eta: 0:00:33  time: 0.0580  data_time: 0.0006  memory: 1167  
2025/12/27 23:23:49 - mmengine - INFO - Epoch(val)   [3][3005/3363]    eta: 0:00:32  time: 0.0632  data_time: 0.0005  memory: 984  
2025/12/27 23:23:50 - mmengine - INFO - Epoch(val)   [3][3010/3363]    eta: 0:00:32  time: 0.0513  data_time: 0.0005  memory: 710  
2025/12/27 23:23:50 - mmengine - INFO - Epoch(val)   [3][3015/3363]    eta: 0:00:31  time: 0.0524  data_time: 0.0005  memory: 1091  
2025/12/27 23:23:50 - mmengine - INFO - Epoch(val)   [3][3020/3363]    eta: 0:00:31  time: 0.0645  data_time: 0.0006  memory: 1396  
2025/12/27 23:23:51 - mmengine - INFO - Epoch(val)   [3][3025/3363]    eta: 0:00:30  time: 0.0640  data_time: 0.0006  memory: 1091  
2025/12/27 23:23:51 - mmengine - INFO - Epoch(val)   [3][3030/3363]    eta: 0:00:30  time: 0.0693  data_time: 0.0005  memory: 1213  
2025/12/27 23:23:51 - mmengine - INFO - Epoch(val)   [3][3035/3363]    eta: 0:00:30  time: 0.0666  data_time: 0.0005  memory: 1076  
2025/12/27 23:23:52 - mmengine - INFO - Epoch(val)   [3][3040/3363]    eta: 0:00:29  time: 0.0629  data_time: 0.0005  memory: 1122  
2025/12/27 23:23:52 - mmengine - INFO - Epoch(val)   [3][3045/3363]    eta: 0:00:29  time: 0.0651  data_time: 0.0005  memory: 939  
2025/12/27 23:23:52 - mmengine - INFO - Epoch(val)   [3][3050/3363]    eta: 0:00:28  time: 0.0577  data_time: 0.0005  memory: 1106  
2025/12/27 23:23:52 - mmengine - INFO - Epoch(val)   [3][3055/3363]    eta: 0:00:28  time: 0.0574  data_time: 0.0005  memory: 984  
2025/12/27 23:23:53 - mmengine - INFO - Epoch(val)   [3][3060/3363]    eta: 0:00:27  time: 0.0708  data_time: 0.0005  memory: 1289  
2025/12/27 23:23:53 - mmengine - INFO - Epoch(val)   [3][3065/3363]    eta: 0:00:27  time: 0.0734  data_time: 0.0005  memory: 1167  
2025/12/27 23:23:53 - mmengine - INFO - Epoch(val)   [3][3070/3363]    eta: 0:00:26  time: 0.0632  data_time: 0.0005  memory: 984  
2025/12/27 23:23:54 - mmengine - INFO - Epoch(val)   [3][3075/3363]    eta: 0:00:26  time: 0.0669  data_time: 0.0005  memory: 1259  
2025/12/27 23:23:54 - mmengine - INFO - Epoch(val)   [3][3080/3363]    eta: 0:00:25  time: 0.0708  data_time: 0.0006  memory: 1137  
2025/12/27 23:23:54 - mmengine - INFO - Epoch(val)   [3][3085/3363]    eta: 0:00:25  time: 0.0628  data_time: 0.0007  memory: 954  
2025/12/27 23:23:55 - mmengine - INFO - Epoch(val)   [3][3090/3363]    eta: 0:00:24  time: 0.0563  data_time: 0.0005  memory: 1000  
2025/12/27 23:23:55 - mmengine - INFO - Epoch(val)   [3][3095/3363]    eta: 0:00:24  time: 0.0547  data_time: 0.0005  memory: 984  
2025/12/27 23:23:55 - mmengine - INFO - Epoch(val)   [3][3100/3363]    eta: 0:00:23  time: 0.0617  data_time: 0.0005  memory: 1122  
2025/12/27 23:23:56 - mmengine - INFO - Epoch(val)   [3][3105/3363]    eta: 0:00:23  time: 0.0650  data_time: 0.0005  memory: 1061  
2025/12/27 23:23:56 - mmengine - INFO - Epoch(val)   [3][3110/3363]    eta: 0:00:22  time: 0.0568  data_time: 0.0005  memory: 878  
2025/12/27 23:23:56 - mmengine - INFO - Epoch(val)   [3][3115/3363]    eta: 0:00:22  time: 0.0650  data_time: 0.0005  memory: 1289  
2025/12/27 23:23:57 - mmengine - INFO - Epoch(val)   [3][3120/3363]    eta: 0:00:22  time: 0.0608  data_time: 0.0005  memory: 878  
2025/12/27 23:23:57 - mmengine - INFO - Epoch(val)   [3][3125/3363]    eta: 0:00:21  time: 0.0458  data_time: 0.0005  memory: 908  
2025/12/27 23:23:57 - mmengine - INFO - Epoch(val)   [3][3130/3363]    eta: 0:00:21  time: 0.0641  data_time: 0.0005  memory: 1137  
2025/12/27 23:23:58 - mmengine - INFO - Epoch(val)   [3][3135/3363]    eta: 0:00:20  time: 0.0758  data_time: 0.0005  memory: 1046  
2025/12/27 23:23:58 - mmengine - INFO - Epoch(val)   [3][3140/3363]    eta: 0:00:20  time: 0.0671  data_time: 0.0005  memory: 1152  
2025/12/27 23:23:58 - mmengine - INFO - Epoch(val)   [3][3145/3363]    eta: 0:00:19  time: 0.0630  data_time: 0.0005  memory: 1076  
2025/12/27 23:23:58 - mmengine - INFO - Epoch(val)   [3][3150/3363]    eta: 0:00:19  time: 0.0581  data_time: 0.0005  memory: 1030  
2025/12/27 23:23:59 - mmengine - INFO - Epoch(val)   [3][3155/3363]    eta: 0:00:18  time: 0.0557  data_time: 0.0005  memory: 1076  
2025/12/27 23:23:59 - mmengine - INFO - Epoch(val)   [3][3160/3363]    eta: 0:00:18  time: 0.0682  data_time: 0.0005  memory: 1289  
2025/12/27 23:23:59 - mmengine - INFO - Epoch(val)   [3][3165/3363]    eta: 0:00:17  time: 0.0664  data_time: 0.0005  memory: 908  
2025/12/27 23:24:00 - mmengine - INFO - Epoch(val)   [3][3170/3363]    eta: 0:00:17  time: 0.0545  data_time: 0.0005  memory: 923  
2025/12/27 23:24:00 - mmengine - INFO - Epoch(val)   [3][3175/3363]    eta: 0:00:16  time: 0.0600  data_time: 0.0005  memory: 1122  
2025/12/27 23:24:00 - mmengine - INFO - Epoch(val)   [3][3180/3363]    eta: 0:00:16  time: 0.0595  data_time: 0.0005  memory: 1076  
2025/12/27 23:24:01 - mmengine - INFO - Epoch(val)   [3][3185/3363]    eta: 0:00:16  time: 0.0610  data_time: 0.0005  memory: 1091  
2025/12/27 23:24:01 - mmengine - INFO - Epoch(val)   [3][3190/3363]    eta: 0:00:15  time: 0.0636  data_time: 0.0005  memory: 1091  
2025/12/27 23:24:01 - mmengine - INFO - Epoch(val)   [3][3195/3363]    eta: 0:00:15  time: 0.0630  data_time: 0.0005  memory: 1366  
2025/12/27 23:24:02 - mmengine - INFO - Epoch(val)   [3][3200/3363]    eta: 0:00:14  time: 0.0651  data_time: 0.0004  memory: 1091  
2025/12/27 23:24:02 - mmengine - INFO - Epoch(val)   [3][3205/3363]    eta: 0:00:14  time: 0.0643  data_time: 0.0005  memory: 1000  
2025/12/27 23:24:02 - mmengine - INFO - Epoch(val)   [3][3210/3363]    eta: 0:00:13  time: 0.0647  data_time: 0.0005  memory: 1015  
2025/12/27 23:24:02 - mmengine - INFO - Epoch(val)   [3][3215/3363]    eta: 0:00:13  time: 0.0595  data_time: 0.0005  memory: 1030  
2025/12/27 23:24:03 - mmengine - INFO - Epoch(val)   [3][3220/3363]    eta: 0:00:12  time: 0.0563  data_time: 0.0005  memory: 984  
2025/12/27 23:24:03 - mmengine - INFO - Epoch(val)   [3][3225/3363]    eta: 0:00:12  time: 0.0592  data_time: 0.0006  memory: 1000  
2025/12/27 23:24:03 - mmengine - INFO - Epoch(val)   [3][3230/3363]    eta: 0:00:11  time: 0.0628  data_time: 0.0006  memory: 1350  
2025/12/27 23:24:04 - mmengine - INFO - Epoch(val)   [3][3235/3363]    eta: 0:00:11  time: 0.0623  data_time: 0.0005  memory: 1061  
2025/12/27 23:24:04 - mmengine - INFO - Epoch(val)   [3][3240/3363]    eta: 0:00:11  time: 0.0560  data_time: 0.0005  memory: 1305  
2025/12/27 23:24:04 - mmengine - INFO - Epoch(val)   [3][3245/3363]    eta: 0:00:10  time: 0.0541  data_time: 0.0005  memory: 1000  
2025/12/27 23:24:05 - mmengine - INFO - Epoch(val)   [3][3250/3363]    eta: 0:00:10  time: 0.0797  data_time: 0.0005  memory: 8782  
2025/12/27 23:24:05 - mmengine - INFO - Epoch(val)   [3][3255/3363]    eta: 0:00:09  time: 0.0819  data_time: 0.0006  memory: 969  
2025/12/27 23:24:05 - mmengine - INFO - Epoch(val)   [3][3260/3363]    eta: 0:00:09  time: 0.0613  data_time: 0.0006  memory: 1259  
2025/12/27 23:24:06 - mmengine - INFO - Epoch(val)   [3][3265/3363]    eta: 0:00:08  time: 0.0599  data_time: 0.0005  memory: 1091  
2025/12/27 23:24:06 - mmengine - INFO - Epoch(val)   [3][3270/3363]    eta: 0:00:08  time: 0.0569  data_time: 0.0005  memory: 954  
2025/12/27 23:24:06 - mmengine - INFO - Epoch(val)   [3][3275/3363]    eta: 0:00:07  time: 0.0626  data_time: 0.0005  memory: 1183  
2025/12/27 23:24:07 - mmengine - INFO - Epoch(val)   [3][3280/3363]    eta: 0:00:07  time: 0.0641  data_time: 0.0005  memory: 1076  
2025/12/27 23:24:07 - mmengine - INFO - Epoch(val)   [3][3285/3363]    eta: 0:00:06  time: 0.0657  data_time: 0.0005  memory: 1152  
2025/12/27 23:24:07 - mmengine - INFO - Epoch(val)   [3][3290/3363]    eta: 0:00:06  time: 0.0704  data_time: 0.0005  memory: 1350  
2025/12/27 23:24:08 - mmengine - INFO - Epoch(val)   [3][3295/3363]    eta: 0:00:06  time: 0.0639  data_time: 0.0005  memory: 1015  
2025/12/27 23:24:08 - mmengine - INFO - Epoch(val)   [3][3300/3363]    eta: 0:00:05  time: 0.0582  data_time: 0.0005  memory: 1305  
2025/12/27 23:24:08 - mmengine - INFO - Epoch(val)   [3][3305/3363]    eta: 0:00:05  time: 0.0650  data_time: 0.0005  memory: 1183  
2025/12/27 23:24:09 - mmengine - INFO - Epoch(val)   [3][3310/3363]    eta: 0:00:04  time: 0.0720  data_time: 0.0005  memory: 1122  
2025/12/27 23:24:09 - mmengine - INFO - Epoch(val)   [3][3315/3363]    eta: 0:00:04  time: 0.0661  data_time: 0.0005  memory: 1061  
2025/12/27 23:24:09 - mmengine - INFO - Epoch(val)   [3][3320/3363]    eta: 0:00:03  time: 0.0588  data_time: 0.0005  memory: 1122  
2025/12/27 23:24:09 - mmengine - INFO - Epoch(val)   [3][3325/3363]    eta: 0:00:03  time: 0.0630  data_time: 0.0005  memory: 1046  
2025/12/27 23:24:10 - mmengine - INFO - Epoch(val)   [3][3330/3363]    eta: 0:00:02  time: 0.0610  data_time: 0.0005  memory: 1030  
2025/12/27 23:24:10 - mmengine - INFO - Epoch(val)   [3][3335/3363]    eta: 0:00:02  time: 0.0619  data_time: 0.0005  memory: 1091  
2025/12/27 23:24:10 - mmengine - INFO - Epoch(val)   [3][3340/3363]    eta: 0:00:02  time: 0.0707  data_time: 0.0009  memory: 1091  
2025/12/27 23:24:11 - mmengine - INFO - Epoch(val)   [3][3345/3363]    eta: 0:00:01  time: 0.0628  data_time: 0.0009  memory: 1015  
2025/12/27 23:24:11 - mmengine - INFO - Epoch(val)   [3][3350/3363]    eta: 0:00:01  time: 0.0520  data_time: 0.0005  memory: 832  
2025/12/27 23:24:11 - mmengine - INFO - Epoch(val)   [3][3355/3363]    eta: 0:00:00  time: 0.0518  data_time: 0.0005  memory: 923  
2025/12/27 23:24:12 - mmengine - INFO - Epoch(val)   [3][3360/3363]    eta: 0:00:00  time: 0.0567  data_time: 0.0005  memory: 1091  
2025/12/27 23:24:12 - mmengine - INFO - Evaluating hmean-iou...
2025/12/27 23:24:12 - mmengine - INFO - prediction score threshold: 0.30, recall: 0.0000, precision: 0.0000, hmean: 0.0000

2025/12/27 23:24:12 - mmengine - INFO - prediction score threshold: 0.40, recall: 0.0000, precision: 0.0000, hmean: 0.0000

2025/12/27 23:24:12 - mmengine - INFO - prediction score threshold: 0.50, recall: 0.0000, precision: 0.0000, hmean: 0.0000

2025/12/27 23:24:12 - mmengine - INFO - prediction score threshold: 0.60, recall: 0.0000, precision: 0.0000, hmean: 0.0000

2025/12/27 23:24:12 - mmengine - INFO - prediction score threshold: 0.70, recall: 0.0000, precision: 0.0000, hmean: 0.0000

2025/12/27 23:24:12 - mmengine - INFO - prediction score threshold: 0.80, recall: 0.0000, precision: 0.0000, hmean: 0.0000

2025/12/27 23:24:12 - mmengine - INFO - prediction score threshold: 0.90, recall: 0.0000, precision: 0.0000, hmean: 0.0000

2025/12/27 23:24:12 - mmengine - INFO - [art] hmean: 0.0000, precision: 0.0000, recall: 0.0000
2025/12/27 23:24:13 - mmengine - INFO - [rctw] hmean: 0.0000, precision: 0.0000, recall: 0.0000
2025/12/27 23:24:13 - mmengine - INFO - [rects] hmean: 0.0000, precision: 0.0000, recall: 0.0000
2025/12/27 23:24:13 - mmengine - INFO - Epoch(val) [3][3363/3363]    icdar/precision: 0.0000  icdar/recall: 0.0000  icdar/hmean: 0.0000  icdar/art/precision: 0.0000  icdar/art/recall: 0.0000  icdar/art/hmean: 0.0000  icdar/rctw/precision: 0.0000  icdar/rctw/recall: 0.0000  icdar/rctw/hmean: 0.0000  icdar/rects/precision: 0.0000  icdar/rects/recall: 0.0000  icdar/rects/hmean: 0.0000  data_time: 0.0007  time: 0.0888
2025/12/27 23:24:15 - mmengine - INFO - The best checkpoint with 0.0000 icdar/hmean at 3 epoch is saved to best_icdar_hmean_epoch_3.pth.
2025/12/27 23:24:32 - mmengine - INFO - Epoch(train)   [4][  5/947]  lr: 9.9072e-04  eta: 2 days, 11:43:31  time: 2.4430  data_time: 0.3510  memory: 19779  grad_norm: 63.5805  loss: 9.6228  loss_text: 1.2620  loss_center: 3.0513  loss_reg_x: 3.2828  loss_reg_y: 2.0267
2025/12/27 23:24:44 - mmengine - INFO - Epoch(train)   [4][ 10/947]  lr: 9.9072e-04  eta: 2 days, 11:43:09  time: 2.7072  data_time: 0.3511  memory: 19774  grad_norm: 57.6207  loss: 9.9053  loss_text: 1.3221  loss_center: 3.1207  loss_reg_x: 3.4315  loss_reg_y: 2.0311
2025/12/27 23:24:55 - mmengine - INFO - Epoch(train)   [4][ 15/947]  lr: 9.9072e-04  eta: 2 days, 11:42:46  time: 2.2734  data_time: 0.0020  memory: 19774  grad_norm: 70.2272  loss: 9.9932  loss_text: 1.3379  loss_center: 3.1206  loss_reg_x: 3.4561  loss_reg_y: 2.0786
2025/12/27 23:25:07 - mmengine - INFO - Epoch(train)   [4][ 20/947]  lr: 9.9072e-04  eta: 2 days, 11:42:29  time: 2.2885  data_time: 0.0022  memory: 19774  grad_norm: 67.4432  loss: 9.8259  loss_text: 1.3593  loss_center: 3.1205  loss_reg_x: 3.3071  loss_reg_y: 2.0391
2025/12/27 23:25:19 - mmengine - INFO - Epoch(train)   [4][ 25/947]  lr: 9.9072e-04  eta: 2 days, 11:42:26  time: 2.3519  data_time: 0.0023  memory: 19774  grad_norm: 63.8951  loss: 9.6281  loss_text: 1.3235  loss_center: 3.1204  loss_reg_x: 3.2086  loss_reg_y: 1.9756
2025/12/27 23:25:30 - mmengine - INFO - Epoch(train)   [4][ 30/947]  lr: 9.9072e-04  eta: 2 days, 11:42:15  time: 2.3694  data_time: 0.0023  memory: 19774  grad_norm: 63.4031  loss: 9.6749  loss_text: 1.2871  loss_center: 3.1205  loss_reg_x: 3.2825  loss_reg_y: 1.9847
2025/12/27 23:25:42 - mmengine - INFO - Epoch(train)   [4][ 35/947]  lr: 9.9072e-04  eta: 2 days, 11:42:00  time: 2.3326  data_time: 0.0023  memory: 19774  grad_norm: 57.2297  loss: 9.6890  loss_text: 1.2846  loss_center: 3.1206  loss_reg_x: 3.2756  loss_reg_y: 2.0081
2025/12/27 23:25:54 - mmengine - INFO - Epoch(train)   [4][ 40/947]  lr: 9.9072e-04  eta: 2 days, 11:42:05  time: 2.3831  data_time: 0.0023  memory: 19774  grad_norm: 60.2944  loss: 9.8133  loss_text: 1.2733  loss_center: 3.1205  loss_reg_x: 3.3827  loss_reg_y: 2.0368
2025/12/27 23:26:06 - mmengine - INFO - Epoch(train)   [4][ 45/947]  lr: 9.9072e-04  eta: 2 days, 11:41:55  time: 2.3973  data_time: 0.0022  memory: 19774  grad_norm: 62.5554  loss: 9.8267  loss_text: 1.2864  loss_center: 3.1204  loss_reg_x: 3.4131  loss_reg_y: 2.0067
2025/12/27 23:26:18 - mmengine - INFO - Epoch(train)   [4][ 50/947]  lr: 9.9072e-04  eta: 2 days, 11:41:39  time: 2.3334  data_time: 0.0022  memory: 19774  grad_norm: 58.1526  loss: 9.5905  loss_text: 1.2971  loss_center: 3.1205  loss_reg_x: 3.1814  loss_reg_y: 1.9915
2025/12/27 23:26:29 - mmengine - INFO - Epoch(train)   [4][ 55/947]  lr: 9.9072e-04  eta: 2 days, 11:41:13  time: 2.2848  data_time: 0.0022  memory: 19774  grad_norm: 54.5923  loss: 9.7488  loss_text: 1.3027  loss_center: 3.1206  loss_reg_x: 3.2215  loss_reg_y: 2.1039
2025/12/27 23:26:41 - mmengine - INFO - Epoch(train)   [4][ 60/947]  lr: 9.9072e-04  eta: 2 days, 11:41:03  time: 2.3011  data_time: 0.0021  memory: 19774  grad_norm: 61.4300  loss: 10.0707  loss_text: 1.3371  loss_center: 3.1205  loss_reg_x: 3.4386  loss_reg_y: 2.1744
2025/12/27 23:26:52 - mmengine - INFO - Epoch(train)   [4][ 65/947]  lr: 9.9072e-04  eta: 2 days, 11:40:29  time: 2.2752  data_time: 0.0021  memory: 19774  grad_norm: 66.9529  loss: 10.0164  loss_text: 1.3857  loss_center: 3.1204  loss_reg_x: 3.3904  loss_reg_y: 2.1198
2025/12/27 23:27:04 - mmengine - INFO - Epoch(train)   [4][ 70/947]  lr: 9.9072e-04  eta: 2 days, 11:40:26  time: 2.2962  data_time: 0.0022  memory: 19774  grad_norm: 68.5728  loss: 9.9828  loss_text: 1.3772  loss_center: 3.1205  loss_reg_x: 3.3630  loss_reg_y: 2.1220
2025/12/27 23:27:15 - mmengine - INFO - Epoch(train)   [4][ 75/947]  lr: 9.9072e-04  eta: 2 days, 11:40:01  time: 2.3246  data_time: 0.0023  memory: 19774  grad_norm: 73.2905  loss: 10.0734  loss_text: 1.3335  loss_center: 3.1205  loss_reg_x: 3.4672  loss_reg_y: 2.1522
2025/12/27 23:27:27 - mmengine - INFO - Epoch(train)   [4][ 80/947]  lr: 9.9072e-04  eta: 2 days, 11:39:56  time: 2.3187  data_time: 0.0023  memory: 19774  grad_norm: 70.6527  loss: 10.0585  loss_text: 1.3315  loss_center: 3.1202  loss_reg_x: 3.3670  loss_reg_y: 2.2398
2025/12/27 23:27:38 - mmengine - INFO - Epoch(train)   [4][ 85/947]  lr: 9.9072e-04  eta: 2 days, 11:39:38  time: 2.3427  data_time: 0.0023  memory: 19774  grad_norm: 61.8194  loss: 9.8237  loss_text: 1.3310  loss_center: 3.1203  loss_reg_x: 3.2789  loss_reg_y: 2.0936
2025/12/27 23:27:50 - mmengine - INFO - Epoch(train)   [4][ 90/947]  lr: 9.9072e-04  eta: 2 days, 11:39:33  time: 2.3436  data_time: 0.0022  memory: 19774  grad_norm: 65.2889  loss: 9.7945  loss_text: 1.3150  loss_center: 3.1203  loss_reg_x: 3.3743  loss_reg_y: 1.9849
2025/12/27 23:28:02 - mmengine - INFO - Epoch(train)   [4][ 95/947]  lr: 9.9072e-04  eta: 2 days, 11:39:36  time: 2.4083  data_time: 0.0023  memory: 19774  grad_norm: 74.2021  loss: 9.9772  loss_text: 1.3425  loss_center: 3.1203  loss_reg_x: 3.4266  loss_reg_y: 2.0878
2025/12/27 23:28:14 - mmengine - INFO - Epoch(train)   [4][100/947]  lr: 9.9072e-04  eta: 2 days, 11:39:20  time: 2.3740  data_time: 0.0024  memory: 19774  grad_norm: 65.3112  loss: 9.7929  loss_text: 1.3346  loss_center: 3.1205  loss_reg_x: 3.2541  loss_reg_y: 2.0837
2025/12/27 23:28:25 - mmengine - INFO - Epoch(train)   [4][105/947]  lr: 9.9072e-04  eta: 2 days, 11:38:56  time: 2.2874  data_time: 0.0022  memory: 19774  grad_norm: 58.4036  loss: 9.5881  loss_text: 1.3281  loss_center: 3.1204  loss_reg_x: 3.0774  loss_reg_y: 2.0621
2025/12/27 23:28:37 - mmengine - INFO - Epoch(train)   [4][110/947]  lr: 9.9072e-04  eta: 2 days, 11:38:46  time: 2.3061  data_time: 0.0024  memory: 19774  grad_norm: 59.6659  loss: 9.4625  loss_text: 1.3406  loss_center: 3.1205  loss_reg_x: 3.0682  loss_reg_y: 1.9331
2025/12/27 23:28:48 - mmengine - INFO - Epoch(train)   [4][115/947]  lr: 9.9072e-04  eta: 2 days, 11:38:27  time: 2.3211  data_time: 0.0024  memory: 19774  grad_norm: 63.3036  loss: 9.7011  loss_text: 1.3425  loss_center: 3.1205  loss_reg_x: 3.3242  loss_reg_y: 1.9140
2025/12/27 23:29:00 - mmengine - INFO - Epoch(train)   [4][120/947]  lr: 9.9072e-04  eta: 2 days, 11:38:13  time: 2.3092  data_time: 0.0022  memory: 19774  grad_norm: 69.4379  loss: 10.0554  loss_text: 1.3635  loss_center: 3.1205  loss_reg_x: 3.4567  loss_reg_y: 2.1147
2025/12/27 23:29:11 - mmengine - INFO - Epoch(train)   [4][125/947]  lr: 9.9072e-04  eta: 2 days, 11:37:49  time: 2.2942  data_time: 0.0022  memory: 19774  grad_norm: 62.3150  loss: 9.9724  loss_text: 1.3143  loss_center: 3.1206  loss_reg_x: 3.2730  loss_reg_y: 2.2644
2025/12/27 23:29:23 - mmengine - INFO - Epoch(train)   [4][130/947]  lr: 9.9072e-04  eta: 2 days, 11:37:32  time: 2.2843  data_time: 0.0024  memory: 19774  grad_norm: 59.0272  loss: 9.6199  loss_text: 1.2665  loss_center: 3.1205  loss_reg_x: 3.0566  loss_reg_y: 2.1762
2025/12/27 23:29:35 - mmengine - INFO - Epoch(train)   [4][135/947]  lr: 9.9072e-04  eta: 2 days, 11:37:29  time: 2.3518  data_time: 0.0023  memory: 19774  grad_norm: 57.9459  loss: 9.4809  loss_text: 1.2895  loss_center: 3.1205  loss_reg_x: 3.0391  loss_reg_y: 2.0317
2025/12/27 23:29:46 - mmengine - INFO - Epoch(train)   [4][140/947]  lr: 9.9072e-04  eta: 2 days, 11:37:15  time: 2.3606  data_time: 0.0023  memory: 19774  grad_norm: 57.6379  loss: 9.5965  loss_text: 1.2901  loss_center: 3.1204  loss_reg_x: 3.1796  loss_reg_y: 2.0064
2025/12/27 23:29:59 - mmengine - INFO - Epoch(train)   [4][145/947]  lr: 9.9072e-04  eta: 2 days, 11:37:15  time: 2.3697  data_time: 0.0024  memory: 19774  grad_norm: 60.4377  loss: 9.4946  loss_text: 1.2940  loss_center: 3.1204  loss_reg_x: 3.0774  loss_reg_y: 2.0027
2025/12/27 23:30:10 - mmengine - INFO - Epoch(train)   [4][150/947]  lr: 9.9072e-04  eta: 2 days, 11:37:02  time: 2.3714  data_time: 0.0025  memory: 19774  grad_norm: 62.0739  loss: 9.4284  loss_text: 1.3107  loss_center: 3.1204  loss_reg_x: 3.0013  loss_reg_y: 1.9960
2025/12/27 23:30:22 - mmengine - INFO - Epoch(train)   [4][155/947]  lr: 9.9072e-04  eta: 2 days, 11:37:00  time: 2.3684  data_time: 0.0024  memory: 19774  grad_norm: 60.7177  loss: 9.7338  loss_text: 1.2821  loss_center: 3.1204  loss_reg_x: 3.2251  loss_reg_y: 2.1062
2025/12/27 23:30:32 - mmengine - INFO - Exp name: fcenet_r50dcnv2_fpn_1500e_art_rctw_rects_finetune_20251227_212810
2025/12/27 23:30:34 - mmengine - INFO - Epoch(train)   [4][160/947]  lr: 9.9072e-04  eta: 2 days, 11:37:03  time: 2.4205  data_time: 0.0024  memory: 19774  grad_norm: 58.0586  loss: 9.8156  loss_text: 1.2605  loss_center: 3.1205  loss_reg_x: 3.2483  loss_reg_y: 2.1864
2025/12/27 23:30:46 - mmengine - INFO - Epoch(train)   [4][165/947]  lr: 9.9072e-04  eta: 2 days, 11:36:48  time: 2.3767  data_time: 0.0024  memory: 19774  grad_norm: 60.9389  loss: 9.9327  loss_text: 1.3246  loss_center: 3.1204  loss_reg_x: 3.3230  loss_reg_y: 2.1647
2025/12/27 23:30:59 - mmengine - INFO - Epoch(train)   [4][170/947]  lr: 9.9072e-04  eta: 2 days, 11:37:18  time: 2.4663  data_time: 0.0024  memory: 19774  grad_norm: 61.4652  loss: 9.8217  loss_text: 1.3497  loss_center: 3.1204  loss_reg_x: 3.3271  loss_reg_y: 2.0245
2025/12/27 23:31:10 - mmengine - INFO - Epoch(train)   [4][175/947]  lr: 9.9072e-04  eta: 2 days, 11:36:50  time: 2.4247  data_time: 0.0023  memory: 19774  grad_norm: 61.4838  loss: 9.5594  loss_text: 1.3256  loss_center: 3.1203  loss_reg_x: 3.1443  loss_reg_y: 1.9692
2025/12/27 23:31:22 - mmengine - INFO - Epoch(train)   [4][180/947]  lr: 9.9072e-04  eta: 2 days, 11:36:31  time: 2.2643  data_time: 0.0023  memory: 19774  grad_norm: 60.1807  loss: 9.7372  loss_text: 1.3396  loss_center: 3.1205  loss_reg_x: 3.2256  loss_reg_y: 2.0516
2025/12/27 23:31:33 - mmengine - INFO - Epoch(train)   [4][185/947]  lr: 9.9072e-04  eta: 2 days, 11:36:01  time: 2.2563  data_time: 0.0023  memory: 19774  grad_norm: 58.7126  loss: 9.7676  loss_text: 1.3426  loss_center: 3.1205  loss_reg_x: 3.2797  loss_reg_y: 2.0248
2025/12/27 23:31:45 - mmengine - INFO - Epoch(train)   [4][190/947]  lr: 9.9072e-04  eta: 2 days, 11:35:53  time: 2.2936  data_time: 0.0024  memory: 19774  grad_norm: 60.4311  loss: 9.7998  loss_text: 1.3391  loss_center: 3.1203  loss_reg_x: 3.2246  loss_reg_y: 2.1158
2025/12/27 23:31:57 - mmengine - INFO - Epoch(train)   [4][195/947]  lr: 9.9072e-04  eta: 2 days, 11:35:57  time: 2.4046  data_time: 0.0023  memory: 19774  grad_norm: 53.2318  loss: 9.6340  loss_text: 1.2902  loss_center: 3.1204  loss_reg_x: 3.1720  loss_reg_y: 2.0515
2025/12/27 23:32:10 - mmengine - INFO - Epoch(train)   [4][200/947]  lr: 9.9072e-04  eta: 2 days, 11:36:22  time: 2.5143  data_time: 0.0024  memory: 19774  grad_norm: 53.9421  loss: 9.4464  loss_text: 1.2847  loss_center: 3.1204  loss_reg_x: 3.1701  loss_reg_y: 1.8712
2025/12/27 23:32:22 - mmengine - INFO - Epoch(train)   [4][205/947]  lr: 9.9072e-04  eta: 2 days, 11:36:18  time: 2.4872  data_time: 0.0023  memory: 19774  grad_norm: 63.9962  loss: 9.5277  loss_text: 1.2740  loss_center: 3.1203  loss_reg_x: 3.1913  loss_reg_y: 1.9421
2025/12/27 23:32:34 - mmengine - INFO - Epoch(train)   [4][210/947]  lr: 9.9072e-04  eta: 2 days, 11:36:09  time: 2.3743  data_time: 0.0023  memory: 19774  grad_norm: 65.7928  loss: 9.5800  loss_text: 1.2741  loss_center: 3.1204  loss_reg_x: 3.1291  loss_reg_y: 2.0563
2025/12/27 23:32:46 - mmengine - INFO - Epoch(train)   [4][215/947]  lr: 9.9072e-04  eta: 2 days, 11:36:10  time: 2.3931  data_time: 0.0024  memory: 19774  grad_norm: 67.5485  loss: 9.7108  loss_text: 1.3035  loss_center: 3.1204  loss_reg_x: 3.2024  loss_reg_y: 2.0845
2025/12/27 23:32:57 - mmengine - INFO - Epoch(train)   [4][220/947]  lr: 9.9072e-04  eta: 2 days, 11:36:02  time: 2.3953  data_time: 0.0024  memory: 19774  grad_norm: 65.8445  loss: 9.9099  loss_text: 1.2877  loss_center: 3.1203  loss_reg_x: 3.4057  loss_reg_y: 2.0962
2025/12/27 23:33:10 - mmengine - INFO - Epoch(train)   [4][225/947]  lr: 9.9072e-04  eta: 2 days, 11:36:00  time: 2.3867  data_time: 0.0024  memory: 19774  grad_norm: 68.3244  loss: 10.0285  loss_text: 1.3617  loss_center: 3.1204  loss_reg_x: 3.3305  loss_reg_y: 2.2158
2025/12/27 23:33:21 - mmengine - INFO - Epoch(train)   [4][230/947]  lr: 9.9072e-04  eta: 2 days, 11:35:45  time: 2.3645  data_time: 0.0024  memory: 19774  grad_norm: 65.6297  loss: 9.7018  loss_text: 1.3772  loss_center: 3.1204  loss_reg_x: 3.1372  loss_reg_y: 2.0671
2025/12/27 23:33:33 - mmengine - INFO - Epoch(train)   [4][235/947]  lr: 9.9072e-04  eta: 2 days, 11:35:27  time: 2.3079  data_time: 0.0024  memory: 19774  grad_norm: 54.9056  loss: 9.5648  loss_text: 1.3291  loss_center: 3.1205  loss_reg_x: 3.1584  loss_reg_y: 1.9568
2025/12/27 23:33:45 - mmengine - INFO - Epoch(train)   [4][240/947]  lr: 9.9072e-04  eta: 2 days, 11:35:27  time: 2.3593  data_time: 0.0024  memory: 19774  grad_norm: 60.8926  loss: 9.6181  loss_text: 1.3008  loss_center: 3.1206  loss_reg_x: 3.1138  loss_reg_y: 2.0829
2025/12/27 23:33:56 - mmengine - INFO - Epoch(train)   [4][245/947]  lr: 9.9072e-04  eta: 2 days, 11:35:03  time: 2.3391  data_time: 0.0023  memory: 19774  grad_norm: 66.2959  loss: 9.4441  loss_text: 1.2564  loss_center: 3.1205  loss_reg_x: 2.9456  loss_reg_y: 2.1216
2025/12/27 23:34:08 - mmengine - INFO - Epoch(train)   [4][250/947]  lr: 9.9072e-04  eta: 2 days, 11:34:47  time: 2.2860  data_time: 0.0023  memory: 19774  grad_norm: 66.1917  loss: 9.5588  loss_text: 1.3101  loss_center: 3.1205  loss_reg_x: 2.9748  loss_reg_y: 2.1534
2025/12/27 23:34:19 - mmengine - INFO - Epoch(train)   [4][255/947]  lr: 9.9072e-04  eta: 2 days, 11:34:19  time: 2.2727  data_time: 0.0024  memory: 19774  grad_norm: 80.2644  loss: 9.6561  loss_text: 1.3559  loss_center: 3.1205  loss_reg_x: 3.1193  loss_reg_y: 2.0603
2025/12/27 23:34:30 - mmengine - INFO - Epoch(train)   [4][260/947]  lr: 9.9072e-04  eta: 2 days, 11:34:07  time: 2.2854  data_time: 0.0025  memory: 19774  grad_norm: 76.0367  loss: 9.5614  loss_text: 1.3295  loss_center: 3.1205  loss_reg_x: 3.1879  loss_reg_y: 1.9235
2025/12/27 23:34:41 - mmengine - INFO - Epoch(train)   [4][265/947]  lr: 9.9072e-04  eta: 2 days, 11:33:29  time: 2.2506  data_time: 0.0023  memory: 19774  grad_norm: 56.7726  loss: 9.3903  loss_text: 1.3094  loss_center: 3.1204  loss_reg_x: 3.1360  loss_reg_y: 1.8245
2025/12/27 23:34:53 - mmengine - INFO - Epoch(train)   [4][270/947]  lr: 9.9072e-04  eta: 2 days, 11:33:07  time: 2.2177  data_time: 0.0022  memory: 19774  grad_norm: 57.8431  loss: 9.5681  loss_text: 1.3282  loss_center: 3.1203  loss_reg_x: 3.2369  loss_reg_y: 1.8826
2025/12/27 23:35:04 - mmengine - INFO - Epoch(train)   [4][275/947]  lr: 9.9072e-04  eta: 2 days, 11:32:55  time: 2.3050  data_time: 0.0022  memory: 19774  grad_norm: 56.3996  loss: 9.5918  loss_text: 1.3192  loss_center: 3.1204  loss_reg_x: 3.1751  loss_reg_y: 1.9772
2025/12/27 23:35:16 - mmengine - INFO - Epoch(train)   [4][280/947]  lr: 9.9072e-04  eta: 2 days, 11:32:47  time: 2.3504  data_time: 0.0023  memory: 19774  grad_norm: 52.9520  loss: 9.2676  loss_text: 1.2702  loss_center: 3.1205  loss_reg_x: 2.9338  loss_reg_y: 1.9432
2025/12/27 23:35:28 - mmengine - INFO - Epoch(train)   [4][285/947]  lr: 9.9072e-04  eta: 2 days, 11:32:36  time: 2.3583  data_time: 0.0022  memory: 19774  grad_norm: 51.1675  loss: 9.2789  loss_text: 1.3153  loss_center: 3.1203  loss_reg_x: 2.9892  loss_reg_y: 1.8541
2025/12/27 23:35:40 - mmengine - INFO - Epoch(train)   [4][290/947]  lr: 9.9072e-04  eta: 2 days, 11:32:31  time: 2.3672  data_time: 0.0021  memory: 19774  grad_norm: 55.8795  loss: 9.5134  loss_text: 1.3517  loss_center: 3.1204  loss_reg_x: 3.0707  loss_reg_y: 1.9706
2025/12/27 23:35:51 - mmengine - INFO - Epoch(train)   [4][295/947]  lr: 9.9072e-04  eta: 2 days, 11:32:17  time: 2.3531  data_time: 0.0023  memory: 19774  grad_norm: 60.9512  loss: 9.6572  loss_text: 1.3144  loss_center: 3.1205  loss_reg_x: 3.1705  loss_reg_y: 2.0517
2025/12/27 23:36:04 - mmengine - INFO - Epoch(train)   [4][300/947]  lr: 9.9072e-04  eta: 2 days, 11:32:27  time: 2.4062  data_time: 0.0025  memory: 19774  grad_norm: 61.0280  loss: 9.6285  loss_text: 1.3098  loss_center: 3.1205  loss_reg_x: 3.3196  loss_reg_y: 1.8786
2025/12/27 23:36:15 - mmengine - INFO - Epoch(train)   [4][305/947]  lr: 9.9072e-04  eta: 2 days, 11:32:05  time: 2.3805  data_time: 0.0024  memory: 19774  grad_norm: 65.8335  loss: 9.6710  loss_text: 1.2868  loss_center: 3.1205  loss_reg_x: 3.3339  loss_reg_y: 1.9298
2025/12/27 23:36:27 - mmengine - INFO - Epoch(train)   [4][310/947]  lr: 9.9072e-04  eta: 2 days, 11:31:51  time: 2.2985  data_time: 0.0024  memory: 19774  grad_norm: 66.2915  loss: 9.7421  loss_text: 1.2740  loss_center: 3.1203  loss_reg_x: 3.2930  loss_reg_y: 2.0548
2025/12/27 23:36:39 - mmengine - INFO - Epoch(train)   [4][315/947]  lr: 9.9072e-04  eta: 2 days, 11:31:47  time: 2.3597  data_time: 0.0024  memory: 19774  grad_norm: 58.8942  loss: 9.7479  loss_text: 1.3293  loss_center: 3.1203  loss_reg_x: 3.3565  loss_reg_y: 1.9418
2025/12/27 23:36:50 - mmengine - INFO - Epoch(train)   [4][320/947]  lr: 9.9072e-04  eta: 2 days, 11:31:33  time: 2.3611  data_time: 0.0023  memory: 19774  grad_norm: 56.9535  loss: 9.6744  loss_text: 1.3398  loss_center: 3.1203  loss_reg_x: 3.2647  loss_reg_y: 1.9496
2025/12/27 23:37:02 - mmengine - INFO - Epoch(train)   [4][325/947]  lr: 9.9072e-04  eta: 2 days, 11:31:10  time: 2.2932  data_time: 0.0023  memory: 19774  grad_norm: 60.5857  loss: 9.5144  loss_text: 1.3133  loss_center: 3.1204  loss_reg_x: 3.1673  loss_reg_y: 1.9135
2025/12/27 23:37:13 - mmengine - INFO - Epoch(train)   [4][330/947]  lr: 9.9072e-04  eta: 2 days, 11:30:59  time: 2.3038  data_time: 0.0024  memory: 19774  grad_norm: 63.3901  loss: 9.4496  loss_text: 1.3311  loss_center: 3.1204  loss_reg_x: 3.2175  loss_reg_y: 1.7805
2025/12/27 23:37:25 - mmengine - INFO - Epoch(train)   [4][335/947]  lr: 9.9072e-04  eta: 2 days, 11:30:34  time: 2.2999  data_time: 0.0023  memory: 19774  grad_norm: 60.3039  loss: 9.4922  loss_text: 1.3338  loss_center: 3.1202  loss_reg_x: 3.1054  loss_reg_y: 1.9327
2025/12/27 23:37:36 - mmengine - INFO - Epoch(train)   [4][340/947]  lr: 9.9072e-04  eta: 2 days, 11:30:09  time: 2.2479  data_time: 0.0023  memory: 19774  grad_norm: 61.7967  loss: 9.6900  loss_text: 1.3318  loss_center: 3.1202  loss_reg_x: 3.2589  loss_reg_y: 1.9792
2025/12/27 23:37:48 - mmengine - INFO - Epoch(train)   [4][345/947]  lr: 9.9072e-04  eta: 2 days, 11:30:04  time: 2.3158  data_time: 0.0023  memory: 19774  grad_norm: 71.8865  loss: 9.9183  loss_text: 1.3693  loss_center: 3.1203  loss_reg_x: 3.4029  loss_reg_y: 2.0258
2025/12/27 23:38:00 - mmengine - INFO - Epoch(train)   [4][350/947]  lr: 9.9072e-04  eta: 2 days, 11:30:07  time: 2.4158  data_time: 0.0023  memory: 19774  grad_norm: 64.2899  loss: 9.7321  loss_text: 1.3234  loss_center: 3.1203  loss_reg_x: 3.2213  loss_reg_y: 2.0672
2025/12/27 23:38:12 - mmengine - INFO - Epoch(train)   [4][355/947]  lr: 9.9072e-04  eta: 2 days, 11:29:52  time: 2.3828  data_time: 0.0023  memory: 19774  grad_norm: 56.5089  loss: 9.6687  loss_text: 1.2897  loss_center: 3.1203  loss_reg_x: 3.2571  loss_reg_y: 2.0015
2025/12/27 23:38:23 - mmengine - INFO - Epoch(train)   [4][360/947]  lr: 9.9072e-04  eta: 2 days, 11:29:38  time: 2.3198  data_time: 0.0023  memory: 19774  grad_norm: 55.9090  loss: 9.7171  loss_text: 1.2914  loss_center: 3.1203  loss_reg_x: 3.2731  loss_reg_y: 2.0324
2025/12/27 23:38:35 - mmengine - INFO - Epoch(train)   [4][365/947]  lr: 9.9072e-04  eta: 2 days, 11:29:23  time: 2.3179  data_time: 0.0023  memory: 19774  grad_norm: 59.1748  loss: 9.6789  loss_text: 1.2870  loss_center: 3.1203  loss_reg_x: 3.2546  loss_reg_y: 2.0171
2025/12/27 23:38:47 - mmengine - INFO - Epoch(train)   [4][370/947]  lr: 9.9072e-04  eta: 2 days, 11:29:09  time: 2.3220  data_time: 0.0023  memory: 19774  grad_norm: 58.7040  loss: 9.8389  loss_text: 1.3100  loss_center: 3.1203  loss_reg_x: 3.3507  loss_reg_y: 2.0579
2025/12/27 23:38:58 - mmengine - INFO - Epoch(train)   [4][375/947]  lr: 9.9072e-04  eta: 2 days, 11:28:55  time: 2.3272  data_time: 0.0025  memory: 19774  grad_norm: 57.8917  loss: 9.6561  loss_text: 1.2963  loss_center: 3.1201  loss_reg_x: 3.1413  loss_reg_y: 2.0984
2025/12/27 23:39:10 - mmengine - INFO - Epoch(train)   [4][380/947]  lr: 9.9072e-04  eta: 2 days, 11:28:47  time: 2.3461  data_time: 0.0025  memory: 19774  grad_norm: 61.0733  loss: 9.4780  loss_text: 1.2817  loss_center: 3.1200  loss_reg_x: 3.0395  loss_reg_y: 2.0367
2025/12/27 23:39:22 - mmengine - INFO - Epoch(train)   [4][385/947]  lr: 9.9072e-04  eta: 2 days, 11:28:46  time: 2.3900  data_time: 0.0023  memory: 19774  grad_norm: 62.1654  loss: 9.4410  loss_text: 1.2660  loss_center: 3.1201  loss_reg_x: 3.0865  loss_reg_y: 1.9685
2025/12/27 23:39:34 - mmengine - INFO - Epoch(train)   [4][390/947]  lr: 9.9072e-04  eta: 2 days, 11:28:51  time: 2.4365  data_time: 0.0023  memory: 19774  grad_norm: 60.7539  loss: 9.4532  loss_text: 1.2835  loss_center: 3.1204  loss_reg_x: 2.9953  loss_reg_y: 2.0540
2025/12/27 23:39:46 - mmengine - INFO - Epoch(train)   [4][395/947]  lr: 9.9072e-04  eta: 2 days, 11:28:51  time: 2.4410  data_time: 0.0024  memory: 19774  grad_norm: 62.3880  loss: 9.5845  loss_text: 1.3138  loss_center: 3.1203  loss_reg_x: 3.0769  loss_reg_y: 2.0735
2025/12/27 23:39:58 - mmengine - INFO - Epoch(train)   [4][400/947]  lr: 9.9072e-04  eta: 2 days, 11:28:36  time: 2.3710  data_time: 0.0024  memory: 19774  grad_norm: 66.0497  loss: 9.5300  loss_text: 1.3189  loss_center: 3.1202  loss_reg_x: 3.1542  loss_reg_y: 1.9366
2025/12/27 23:40:09 - mmengine - INFO - Epoch(train)   [4][405/947]  lr: 9.9072e-04  eta: 2 days, 11:28:08  time: 2.2727  data_time: 0.0023  memory: 19774  grad_norm: 65.5213  loss: 9.5396  loss_text: 1.3046  loss_center: 3.1203  loss_reg_x: 3.1646  loss_reg_y: 1.9501
2025/12/27 23:40:21 - mmengine - INFO - Epoch(train)   [4][410/947]  lr: 9.9072e-04  eta: 2 days, 11:28:09  time: 2.3277  data_time: 0.0023  memory: 19774  grad_norm: 64.9796  loss: 9.6832  loss_text: 1.2832  loss_center: 3.1203  loss_reg_x: 3.2241  loss_reg_y: 2.0557
2025/12/27 23:40:33 - mmengine - INFO - Epoch(train)   [4][415/947]  lr: 9.9072e-04  eta: 2 days, 11:27:56  time: 2.3802  data_time: 0.0023  memory: 19774  grad_norm: 63.6891  loss: 9.8565  loss_text: 1.2765  loss_center: 3.1203  loss_reg_x: 3.3314  loss_reg_y: 2.1283
2025/12/27 23:40:44 - mmengine - INFO - Epoch(train)   [4][420/947]  lr: 9.9072e-04  eta: 2 days, 11:27:33  time: 2.2986  data_time: 0.0023  memory: 19774  grad_norm: 60.1099  loss: 9.6106  loss_text: 1.2411  loss_center: 3.1203  loss_reg_x: 3.2528  loss_reg_y: 1.9963
2025/12/27 23:40:56 - mmengine - INFO - Epoch(train)   [4][425/947]  lr: 9.9072e-04  eta: 2 days, 11:27:25  time: 2.3153  data_time: 0.0023  memory: 19774  grad_norm: 60.1860  loss: 9.4968  loss_text: 1.2536  loss_center: 3.1202  loss_reg_x: 3.2253  loss_reg_y: 1.8977
2025/12/27 23:41:08 - mmengine - INFO - Epoch(train)   [4][430/947]  lr: 9.9072e-04  eta: 2 days, 11:27:06  time: 2.3265  data_time: 0.0023  memory: 19774  grad_norm: 69.3861  loss: 9.5386  loss_text: 1.2956  loss_center: 3.1201  loss_reg_x: 3.2251  loss_reg_y: 1.8979
2025/12/27 23:41:20 - mmengine - INFO - Epoch(train)   [4][435/947]  lr: 9.9072e-04  eta: 2 days, 11:27:15  time: 2.3903  data_time: 0.0023  memory: 19774  grad_norm: 63.1481  loss: 9.4476  loss_text: 1.3063  loss_center: 3.1202  loss_reg_x: 3.1604  loss_reg_y: 1.8606
2025/12/27 23:41:32 - mmengine - INFO - Epoch(train)   [4][440/947]  lr: 9.9072e-04  eta: 2 days, 11:27:05  time: 2.4206  data_time: 0.0023  memory: 19774  grad_norm: 52.6224  loss: 9.6195  loss_text: 1.3272  loss_center: 3.1202  loss_reg_x: 3.1783  loss_reg_y: 1.9938
2025/12/27 23:41:43 - mmengine - INFO - Epoch(train)   [4][445/947]  lr: 9.9072e-04  eta: 2 days, 11:26:52  time: 2.3408  data_time: 0.0024  memory: 19774  grad_norm: 52.9465  loss: 9.7130  loss_text: 1.3145  loss_center: 3.1204  loss_reg_x: 3.1990  loss_reg_y: 2.0792
2025/12/27 23:41:55 - mmengine - INFO - Epoch(train)   [4][450/947]  lr: 9.9072e-04  eta: 2 days, 11:26:45  time: 2.3543  data_time: 0.0024  memory: 19774  grad_norm: 55.3336  loss: 9.5339  loss_text: 1.2743  loss_center: 3.1204  loss_reg_x: 3.1343  loss_reg_y: 2.0049
2025/12/27 23:42:07 - mmengine - INFO - Epoch(train)   [4][455/947]  lr: 9.9072e-04  eta: 2 days, 11:26:42  time: 2.3911  data_time: 0.0024  memory: 19774  grad_norm: 58.7306  loss: 9.4892  loss_text: 1.2715  loss_center: 3.1201  loss_reg_x: 3.1502  loss_reg_y: 1.9474
2025/12/27 23:42:19 - mmengine - INFO - Epoch(train)   [4][460/947]  lr: 9.9072e-04  eta: 2 days, 11:26:24  time: 2.3500  data_time: 0.0023  memory: 19774  grad_norm: 67.1062  loss: 9.7138  loss_text: 1.2982  loss_center: 3.1201  loss_reg_x: 3.3746  loss_reg_y: 1.9210
2025/12/27 23:42:31 - mmengine - INFO - Epoch(train)   [4][465/947]  lr: 9.9072e-04  eta: 2 days, 11:26:18  time: 2.3368  data_time: 0.0024  memory: 19774  grad_norm: 64.3914  loss: 9.8610  loss_text: 1.3120  loss_center: 3.1202  loss_reg_x: 3.4392  loss_reg_y: 1.9897
2025/12/27 23:42:42 - mmengine - INFO - Epoch(train)   [4][470/947]  lr: 9.9072e-04  eta: 2 days, 11:26:01  time: 2.3439  data_time: 0.0023  memory: 19774  grad_norm: 53.7001  loss: 9.6810  loss_text: 1.3194  loss_center: 3.1201  loss_reg_x: 3.2340  loss_reg_y: 2.0075
2025/12/27 23:42:54 - mmengine - INFO - Epoch(train)   [4][475/947]  lr: 9.9072e-04  eta: 2 days, 11:25:51  time: 2.3308  data_time: 0.0022  memory: 19774  grad_norm: 59.0301  loss: 9.2837  loss_text: 1.2861  loss_center: 3.1202  loss_reg_x: 2.9877  loss_reg_y: 1.8897
2025/12/27 23:43:06 - mmengine - INFO - Epoch(train)   [4][480/947]  lr: 9.9072e-04  eta: 2 days, 11:25:46  time: 2.3691  data_time: 0.0023  memory: 19774  grad_norm: 61.9554  loss: 9.3250  loss_text: 1.2617  loss_center: 3.1203  loss_reg_x: 3.0026  loss_reg_y: 1.9404
2025/12/27 23:43:17 - mmengine - INFO - Epoch(train)   [4][485/947]  lr: 9.9072e-04  eta: 2 days, 11:25:26  time: 2.3351  data_time: 0.0022  memory: 19774  grad_norm: 58.5574  loss: 9.4662  loss_text: 1.2629  loss_center: 3.1203  loss_reg_x: 3.0481  loss_reg_y: 2.0350
2025/12/27 23:43:29 - mmengine - INFO - Epoch(train)   [4][490/947]  lr: 9.9072e-04  eta: 2 days, 11:25:09  time: 2.2929  data_time: 0.0022  memory: 19774  grad_norm: 59.7354  loss: 9.1693  loss_text: 1.2291  loss_center: 3.1202  loss_reg_x: 2.9273  loss_reg_y: 1.8927
2025/12/27 23:43:41 - mmengine - INFO - Epoch(train)   [4][495/947]  lr: 9.9072e-04  eta: 2 days, 11:25:05  time: 2.3478  data_time: 0.0023  memory: 19774  grad_norm: 59.8793  loss: 9.2951  loss_text: 1.2466  loss_center: 3.1202  loss_reg_x: 2.9848  loss_reg_y: 1.9435
2025/12/27 23:43:53 - mmengine - INFO - Epoch(train)   [4][500/947]  lr: 9.9072e-04  eta: 2 days, 11:24:56  time: 2.3779  data_time: 0.0022  memory: 19774  grad_norm: 64.4338  loss: 9.6405  loss_text: 1.2872  loss_center: 3.1202  loss_reg_x: 3.2281  loss_reg_y: 2.0050
2025/12/27 23:44:04 - mmengine - INFO - Epoch(train)   [4][505/947]  lr: 9.9072e-04  eta: 2 days, 11:24:40  time: 2.3358  data_time: 0.0021  memory: 19774  grad_norm: 75.8680  loss: 9.7346  loss_text: 1.3259  loss_center: 3.1201  loss_reg_x: 3.3310  loss_reg_y: 1.9575
2025/12/27 23:44:15 - mmengine - INFO - Epoch(train)   [4][510/947]  lr: 9.9072e-04  eta: 2 days, 11:24:13  time: 2.2703  data_time: 0.0022  memory: 19774  grad_norm: 75.1068  loss: 9.6615  loss_text: 1.3360  loss_center: 3.1201  loss_reg_x: 3.2417  loss_reg_y: 1.9637
2025/12/27 23:44:27 - mmengine - INFO - Epoch(train)   [4][515/947]  lr: 9.9072e-04  eta: 2 days, 11:23:58  time: 2.2741  data_time: 0.0023  memory: 19774  grad_norm: 59.7730  loss: 9.5131  loss_text: 1.3414  loss_center: 3.1201  loss_reg_x: 3.0335  loss_reg_y: 2.0181
2025/12/27 23:44:39 - mmengine - INFO - Epoch(train)   [4][520/947]  lr: 9.9072e-04  eta: 2 days, 11:23:48  time: 2.3355  data_time: 0.0024  memory: 19774  grad_norm: 58.5232  loss: 9.4498  loss_text: 1.3185  loss_center: 3.1202  loss_reg_x: 2.9693  loss_reg_y: 2.0418
2025/12/27 23:44:50 - mmengine - INFO - Epoch(train)   [4][525/947]  lr: 9.9072e-04  eta: 2 days, 11:23:34  time: 2.3372  data_time: 0.0024  memory: 19774  grad_norm: 66.6335  loss: 9.5285  loss_text: 1.2603  loss_center: 3.1201  loss_reg_x: 3.0554  loss_reg_y: 2.0925
2025/12/27 23:45:02 - mmengine - INFO - Epoch(train)   [4][530/947]  lr: 9.9072e-04  eta: 2 days, 11:23:33  time: 2.3723  data_time: 0.0023  memory: 19774  grad_norm: 58.4603  loss: 9.5249  loss_text: 1.2835  loss_center: 3.1201  loss_reg_x: 3.0740  loss_reg_y: 2.0473
2025/12/27 23:45:14 - mmengine - INFO - Epoch(train)   [4][535/947]  lr: 9.9072e-04  eta: 2 days, 11:23:14  time: 2.3559  data_time: 0.0022  memory: 19774  grad_norm: 50.9939  loss: 9.2483  loss_text: 1.2932  loss_center: 3.1202  loss_reg_x: 3.0098  loss_reg_y: 1.8252
2025/12/27 23:45:26 - mmengine - INFO - Epoch(train)   [4][540/947]  lr: 9.9072e-04  eta: 2 days, 11:23:07  time: 2.3309  data_time: 0.0021  memory: 19774  grad_norm: 54.4079  loss: 9.2670  loss_text: 1.2572  loss_center: 3.1202  loss_reg_x: 3.0792  loss_reg_y: 1.8104
2025/12/27 23:45:38 - mmengine - INFO - Epoch(train)   [4][545/947]  lr: 9.9072e-04  eta: 2 days, 11:23:13  time: 2.4214  data_time: 0.0022  memory: 19774  grad_norm: 60.1911  loss: 9.5468  loss_text: 1.2693  loss_center: 3.1201  loss_reg_x: 3.1812  loss_reg_y: 1.9762
2025/12/27 23:45:49 - mmengine - INFO - Epoch(train)   [4][550/947]  lr: 9.9072e-04  eta: 2 days, 11:22:51  time: 2.3711  data_time: 0.0023  memory: 19774  grad_norm: 62.0347  loss: 9.5521  loss_text: 1.2742  loss_center: 3.1201  loss_reg_x: 3.0808  loss_reg_y: 2.0771
2025/12/27 23:46:01 - mmengine - INFO - Epoch(train)   [4][555/947]  lr: 9.9072e-04  eta: 2 days, 11:22:42  time: 2.3131  data_time: 0.0024  memory: 19774  grad_norm: 53.0060  loss: 9.2153  loss_text: 1.2361  loss_center: 3.1202  loss_reg_x: 2.8901  loss_reg_y: 1.9689
2025/12/27 23:46:13 - mmengine - INFO - Epoch(train)   [4][560/947]  lr: 9.9072e-04  eta: 2 days, 11:22:31  time: 2.3516  data_time: 0.0024  memory: 19774  grad_norm: 47.6532  loss: 9.3406  loss_text: 1.2406  loss_center: 3.1202  loss_reg_x: 2.9499  loss_reg_y: 2.0298
2025/12/27 23:46:24 - mmengine - INFO - Epoch(train)   [4][565/947]  lr: 9.9072e-04  eta: 2 days, 11:22:06  time: 2.2961  data_time: 0.0023  memory: 19774  grad_norm: 56.1848  loss: 9.6441  loss_text: 1.3000  loss_center: 3.1202  loss_reg_x: 3.1449  loss_reg_y: 2.0791
2025/12/27 23:46:36 - mmengine - INFO - Epoch(train)   [4][570/947]  lr: 9.9072e-04  eta: 2 days, 11:21:47  time: 2.2660  data_time: 0.0023  memory: 19774  grad_norm: 61.9154  loss: 9.5864  loss_text: 1.3276  loss_center: 3.1202  loss_reg_x: 3.1675  loss_reg_y: 1.9711
2025/12/27 23:46:48 - mmengine - INFO - Epoch(train)   [4][575/947]  lr: 9.9072e-04  eta: 2 days, 11:21:47  time: 2.3570  data_time: 0.0028  memory: 19774  grad_norm: 61.9511  loss: 9.4199  loss_text: 1.2634  loss_center: 3.1201  loss_reg_x: 3.1187  loss_reg_y: 1.9177
2025/12/27 23:46:59 - mmengine - INFO - Epoch(train)   [4][580/947]  lr: 9.9072e-04  eta: 2 days, 11:21:20  time: 2.3284  data_time: 0.0029  memory: 19774  grad_norm: 73.2176  loss: 9.7029  loss_text: 1.2766  loss_center: 3.1200  loss_reg_x: 3.1622  loss_reg_y: 2.1441
2025/12/27 23:47:11 - mmengine - INFO - Epoch(train)   [4][585/947]  lr: 9.9072e-04  eta: 2 days, 11:21:10  time: 2.2911  data_time: 0.0026  memory: 19774  grad_norm: 70.5591  loss: 9.6259  loss_text: 1.2772  loss_center: 3.1199  loss_reg_x: 3.1113  loss_reg_y: 2.1175
2025/12/27 23:47:23 - mmengine - INFO - Epoch(train)   [4][590/947]  lr: 9.9072e-04  eta: 2 days, 11:21:21  time: 2.4325  data_time: 0.0029  memory: 19774  grad_norm: 66.3176  loss: 9.3422  loss_text: 1.2681  loss_center: 3.1201  loss_reg_x: 3.1696  loss_reg_y: 1.7844
2025/12/27 23:47:35 - mmengine - INFO - Epoch(train)   [4][595/947]  lr: 9.9072e-04  eta: 2 days, 11:21:13  time: 2.4401  data_time: 0.0028  memory: 19774  grad_norm: 68.0864  loss: 9.2626  loss_text: 1.3118  loss_center: 3.1202  loss_reg_x: 3.1380  loss_reg_y: 1.6926
2025/12/27 23:47:47 - mmengine - INFO - Epoch(train)   [4][600/947]  lr: 9.9072e-04  eta: 2 days, 11:21:08  time: 2.3803  data_time: 0.0026  memory: 19774  grad_norm: 60.5290  loss: 9.1137  loss_text: 1.2641  loss_center: 3.1202  loss_reg_x: 2.9434  loss_reg_y: 1.7859
2025/12/27 23:48:00 - mmengine - INFO - Epoch(train)   [4][605/947]  lr: 9.9072e-04  eta: 2 days, 11:21:31  time: 2.4984  data_time: 0.0040  memory: 19774  grad_norm: 60.0729  loss: 9.4722  loss_text: 1.2965  loss_center: 3.1202  loss_reg_x: 3.0793  loss_reg_y: 1.9761
2025/12/27 23:48:12 - mmengine - INFO - Epoch(train)   [4][610/947]  lr: 9.9072e-04  eta: 2 days, 11:21:21  time: 2.4785  data_time: 0.0038  memory: 19774  grad_norm: 70.7964  loss: 9.3319  loss_text: 1.2942  loss_center: 3.1201  loss_reg_x: 2.9624  loss_reg_y: 1.9552
2025/12/27 23:48:23 - mmengine - INFO - Epoch(train)   [4][615/947]  lr: 9.9072e-04  eta: 2 days, 11:21:06  time: 2.3331  data_time: 0.0024  memory: 19774  grad_norm: 77.2202  loss: 9.0966  loss_text: 1.2316  loss_center: 3.1200  loss_reg_x: 2.8729  loss_reg_y: 1.8720
2025/12/27 23:48:35 - mmengine - INFO - Epoch(train)   [4][620/947]  lr: 9.9072e-04  eta: 2 days, 11:20:51  time: 2.3145  data_time: 0.0024  memory: 19774  grad_norm: 69.6330  loss: 9.3970  loss_text: 1.2709  loss_center: 3.1200  loss_reg_x: 3.0498  loss_reg_y: 1.9563
2025/12/27 23:48:47 - mmengine - INFO - Epoch(train)   [4][625/947]  lr: 9.9072e-04  eta: 2 days, 11:20:52  time: 2.3793  data_time: 0.0023  memory: 19774  grad_norm: 62.3070  loss: 9.4573  loss_text: 1.2834  loss_center: 3.1201  loss_reg_x: 2.9808  loss_reg_y: 2.0730
2025/12/27 23:48:59 - mmengine - INFO - Epoch(train)   [4][630/947]  lr: 9.9072e-04  eta: 2 days, 11:20:32  time: 2.3608  data_time: 0.0026  memory: 19774  grad_norm: 57.7270  loss: 9.4143  loss_text: 1.2732  loss_center: 3.1202  loss_reg_x: 2.9642  loss_reg_y: 2.0568
2025/12/27 23:49:10 - mmengine - INFO - Epoch(train)   [4][635/947]  lr: 9.9072e-04  eta: 2 days, 11:20:21  time: 2.3127  data_time: 0.0029  memory: 19774  grad_norm: 60.5568  loss: 9.5508  loss_text: 1.3060  loss_center: 3.1201  loss_reg_x: 3.1482  loss_reg_y: 1.9765
2025/12/27 23:49:22 - mmengine - INFO - Epoch(train)   [4][640/947]  lr: 9.9072e-04  eta: 2 days, 11:20:09  time: 2.3437  data_time: 0.0026  memory: 19774  grad_norm: 64.2897  loss: 9.4140  loss_text: 1.2951  loss_center: 3.1202  loss_reg_x: 3.1024  loss_reg_y: 1.8963
2025/12/27 23:49:33 - mmengine - INFO - Epoch(train)   [4][645/947]  lr: 9.9072e-04  eta: 2 days, 11:19:47  time: 2.3000  data_time: 0.0024  memory: 19774  grad_norm: 67.6584  loss: 9.3099  loss_text: 1.2468  loss_center: 3.1203  loss_reg_x: 3.0570  loss_reg_y: 1.8858
2025/12/27 23:49:45 - mmengine - INFO - Epoch(train)   [4][650/947]  lr: 9.9072e-04  eta: 2 days, 11:19:32  time: 2.2875  data_time: 0.0025  memory: 19774  grad_norm: 64.5660  loss: 9.4123  loss_text: 1.2604  loss_center: 3.1202  loss_reg_x: 3.0510  loss_reg_y: 1.9807
2025/12/27 23:49:57 - mmengine - INFO - Epoch(train)   [4][655/947]  lr: 9.9072e-04  eta: 2 days, 11:19:29  time: 2.3644  data_time: 0.0026  memory: 19774  grad_norm: 58.0272  loss: 9.3994  loss_text: 1.3129  loss_center: 3.1203  loss_reg_x: 3.0087  loss_reg_y: 1.9574
2025/12/27 23:50:08 - mmengine - INFO - Epoch(train)   [4][660/947]  lr: 9.9072e-04  eta: 2 days, 11:19:04  time: 2.3253  data_time: 0.0025  memory: 19774  grad_norm: 61.5476  loss: 9.5169  loss_text: 1.3255  loss_center: 3.1203  loss_reg_x: 3.0986  loss_reg_y: 1.9725
2025/12/27 23:50:21 - mmengine - INFO - Epoch(train)   [4][665/947]  lr: 9.9072e-04  eta: 2 days, 11:19:14  time: 2.3740  data_time: 0.0022  memory: 19774  grad_norm: 57.2721  loss: 9.3570  loss_text: 1.2491  loss_center: 3.1201  loss_reg_x: 3.0057  loss_reg_y: 1.9821
2025/12/27 23:50:33 - mmengine - INFO - Epoch(train)   [4][670/947]  lr: 9.9072e-04  eta: 2 days, 11:19:23  time: 2.5050  data_time: 0.0022  memory: 19774  grad_norm: 52.6224  loss: 9.2087  loss_text: 1.2285  loss_center: 3.1201  loss_reg_x: 2.9465  loss_reg_y: 1.9137
2025/12/27 23:50:46 - mmengine - INFO - Epoch(train)   [4][675/947]  lr: 9.9072e-04  eta: 2 days, 11:19:29  time: 2.4885  data_time: 0.0024  memory: 19774  grad_norm: 54.2963  loss: 9.4324  loss_text: 1.2376  loss_center: 3.1202  loss_reg_x: 3.1144  loss_reg_y: 1.9602
2025/12/27 23:50:57 - mmengine - INFO - Epoch(train)   [4][680/947]  lr: 9.9072e-04  eta: 2 days, 11:19:21  time: 2.4241  data_time: 0.0024  memory: 19774  grad_norm: 55.2584  loss: 9.3331  loss_text: 1.2408  loss_center: 3.1202  loss_reg_x: 3.0193  loss_reg_y: 1.9527
2025/12/27 23:51:10 - mmengine - INFO - Epoch(train)   [4][685/947]  lr: 9.9072e-04  eta: 2 days, 11:19:23  time: 2.4109  data_time: 0.0025  memory: 19774  grad_norm: 58.5257  loss: 9.2022  loss_text: 1.2446  loss_center: 3.1202  loss_reg_x: 2.9604  loss_reg_y: 1.8770
2025/12/27 23:51:21 - mmengine - INFO - Epoch(train)   [4][690/947]  lr: 9.9072e-04  eta: 2 days, 11:19:11  time: 2.3927  data_time: 0.0026  memory: 19774  grad_norm: 62.2711  loss: 9.4149  loss_text: 1.2608  loss_center: 3.1202  loss_reg_x: 3.0907  loss_reg_y: 1.9431
2025/12/27 23:51:33 - mmengine - INFO - Epoch(train)   [4][695/947]  lr: 9.9072e-04  eta: 2 days, 11:18:54  time: 2.3199  data_time: 0.0024  memory: 19774  grad_norm: 60.1859  loss: 9.3852  loss_text: 1.2908  loss_center: 3.1202  loss_reg_x: 3.0450  loss_reg_y: 1.9291
2025/12/27 23:51:45 - mmengine - INFO - Epoch(train)   [4][700/947]  lr: 9.9072e-04  eta: 2 days, 11:18:48  time: 2.3458  data_time: 0.0024  memory: 19774  grad_norm: 51.5609  loss: 9.2472  loss_text: 1.2956  loss_center: 3.1201  loss_reg_x: 2.9365  loss_reg_y: 1.8950
2025/12/27 23:51:57 - mmengine - INFO - Epoch(train)   [4][705/947]  lr: 9.9072e-04  eta: 2 days, 11:18:41  time: 2.3828  data_time: 0.0023  memory: 19774  grad_norm: 53.6184  loss: 9.1931  loss_text: 1.2862  loss_center: 3.1201  loss_reg_x: 2.8871  loss_reg_y: 1.8996
2025/12/27 23:52:08 - mmengine - INFO - Epoch(train)   [4][710/947]  lr: 9.9072e-04  eta: 2 days, 11:18:22  time: 2.3339  data_time: 0.0022  memory: 19774  grad_norm: 58.9745  loss: 9.2646  loss_text: 1.2644  loss_center: 3.1200  loss_reg_x: 3.0417  loss_reg_y: 1.8384
2025/12/27 23:52:20 - mmengine - INFO - Epoch(train)   [4][715/947]  lr: 9.9072e-04  eta: 2 days, 11:18:21  time: 2.3555  data_time: 0.0023  memory: 19774  grad_norm: 57.4750  loss: 9.0269  loss_text: 1.2496  loss_center: 3.1200  loss_reg_x: 2.9621  loss_reg_y: 1.6952
2025/12/27 23:52:32 - mmengine - INFO - Epoch(train)   [4][720/947]  lr: 9.9072e-04  eta: 2 days, 11:17:57  time: 2.3334  data_time: 0.0024  memory: 19774  grad_norm: 53.2261  loss: 8.8689  loss_text: 1.2182  loss_center: 3.1200  loss_reg_x: 2.8330  loss_reg_y: 1.6977
2025/12/27 23:52:44 - mmengine - INFO - Epoch(train)   [4][725/947]  lr: 9.9072e-04  eta: 2 days, 11:18:00  time: 2.3517  data_time: 0.0025  memory: 19774  grad_norm: 51.9686  loss: 9.0641  loss_text: 1.2153  loss_center: 3.1200  loss_reg_x: 2.8972  loss_reg_y: 1.8317
2025/12/27 23:52:56 - mmengine - INFO - Epoch(train)   [4][730/947]  lr: 9.9072e-04  eta: 2 days, 11:18:02  time: 2.4543  data_time: 0.0025  memory: 19774  grad_norm: 53.7512  loss: 9.0527  loss_text: 1.2539  loss_center: 3.1200  loss_reg_x: 2.8976  loss_reg_y: 1.7813
2025/12/27 23:53:08 - mmengine - INFO - Epoch(train)   [4][735/947]  lr: 9.9072e-04  eta: 2 days, 11:17:47  time: 2.3848  data_time: 0.0024  memory: 19774  grad_norm: 52.8208  loss: 9.0601  loss_text: 1.2634  loss_center: 3.1201  loss_reg_x: 2.9353  loss_reg_y: 1.7413
2025/12/27 23:53:20 - mmengine - INFO - Epoch(train)   [4][740/947]  lr: 9.9072e-04  eta: 2 days, 11:17:39  time: 2.3461  data_time: 0.0022  memory: 19774  grad_norm: 50.5086  loss: 9.2682  loss_text: 1.2628  loss_center: 3.1201  loss_reg_x: 2.9325  loss_reg_y: 1.9529
2025/12/27 23:53:31 - mmengine - INFO - Epoch(train)   [4][745/947]  lr: 9.9072e-04  eta: 2 days, 11:17:28  time: 2.3585  data_time: 0.0023  memory: 19774  grad_norm: 62.7326  loss: 9.3809  loss_text: 1.2955  loss_center: 3.1202  loss_reg_x: 2.9637  loss_reg_y: 2.0015
2025/12/27 23:53:43 - mmengine - INFO - Epoch(train)   [4][750/947]  lr: 9.9072e-04  eta: 2 days, 11:17:23  time: 2.3709  data_time: 0.0023  memory: 19774  grad_norm: 71.8500  loss: 9.4253  loss_text: 1.3183  loss_center: 3.1203  loss_reg_x: 3.0539  loss_reg_y: 1.9329
2025/12/27 23:53:55 - mmengine - INFO - Epoch(train)   [4][755/947]  lr: 9.9072e-04  eta: 2 days, 11:17:06  time: 2.3491  data_time: 0.0023  memory: 19774  grad_norm: 59.7534  loss: 9.5458  loss_text: 1.3002  loss_center: 3.1202  loss_reg_x: 3.1022  loss_reg_y: 2.0232
2025/12/27 23:54:07 - mmengine - INFO - Epoch(train)   [4][760/947]  lr: 9.9072e-04  eta: 2 days, 11:17:06  time: 2.3685  data_time: 0.0023  memory: 19774  grad_norm: 49.5494  loss: 9.1929  loss_text: 1.2489  loss_center: 3.1201  loss_reg_x: 2.9811  loss_reg_y: 1.8428
2025/12/27 23:54:19 - mmengine - INFO - Epoch(train)   [4][765/947]  lr: 9.9072e-04  eta: 2 days, 11:17:01  time: 2.4168  data_time: 0.0023  memory: 19774  grad_norm: 50.8721  loss: 8.9139  loss_text: 1.2367  loss_center: 3.1201  loss_reg_x: 2.8998  loss_reg_y: 1.6574
2025/12/27 23:54:31 - mmengine - INFO - Epoch(train)   [4][770/947]  lr: 9.9072e-04  eta: 2 days, 11:17:02  time: 2.4205  data_time: 0.0024  memory: 19774  grad_norm: 54.6424  loss: 9.2609  loss_text: 1.2708  loss_center: 3.1201  loss_reg_x: 3.1299  loss_reg_y: 1.7402
2025/12/27 23:54:43 - mmengine - INFO - Epoch(train)   [4][775/947]  lr: 9.9072e-04  eta: 2 days, 11:17:04  time: 2.4482  data_time: 0.0024  memory: 19774  grad_norm: 53.0596  loss: 9.5221  loss_text: 1.2861  loss_center: 3.1201  loss_reg_x: 3.2863  loss_reg_y: 1.8296
2025/12/27 23:54:55 - mmengine - INFO - Epoch(train)   [4][780/947]  lr: 9.9072e-04  eta: 2 days, 11:16:59  time: 2.4211  data_time: 0.0023  memory: 19774  grad_norm: 59.6559  loss: 9.5872  loss_text: 1.3344  loss_center: 3.1201  loss_reg_x: 3.1893  loss_reg_y: 1.9435
2025/12/27 23:55:07 - mmengine - INFO - Epoch(train)   [4][785/947]  lr: 9.9072e-04  eta: 2 days, 11:16:47  time: 2.3657  data_time: 0.0023  memory: 19774  grad_norm: 61.1077  loss: 9.4027  loss_text: 1.3348  loss_center: 3.1200  loss_reg_x: 3.0325  loss_reg_y: 1.9154
2025/12/27 23:55:19 - mmengine - INFO - Epoch(train)   [4][790/947]  lr: 9.9072e-04  eta: 2 days, 11:16:42  time: 2.3705  data_time: 0.0025  memory: 19774  grad_norm: 50.5478  loss: 9.3586  loss_text: 1.3139  loss_center: 3.1199  loss_reg_x: 3.0171  loss_reg_y: 1.9077
2025/12/27 23:55:31 - mmengine - INFO - Epoch(train)   [4][795/947]  lr: 9.9072e-04  eta: 2 days, 11:16:46  time: 2.4327  data_time: 0.0024  memory: 19774  grad_norm: 52.3003  loss: 9.6324  loss_text: 1.2994  loss_center: 3.1200  loss_reg_x: 3.1713  loss_reg_y: 2.0417
2025/12/27 23:55:44 - mmengine - INFO - Epoch(train)   [4][800/947]  lr: 9.9072e-04  eta: 2 days, 11:16:46  time: 2.4542  data_time: 0.0022  memory: 19774  grad_norm: 60.5771  loss: 9.4910  loss_text: 1.2835  loss_center: 3.1200  loss_reg_x: 3.0861  loss_reg_y: 2.0014
2025/12/27 23:55:55 - mmengine - INFO - Epoch(train)   [4][805/947]  lr: 9.9072e-04  eta: 2 days, 11:16:35  time: 2.3969  data_time: 0.0023  memory: 19774  grad_norm: 64.3041  loss: 9.3869  loss_text: 1.3245  loss_center: 3.1201  loss_reg_x: 3.0478  loss_reg_y: 1.8946
2025/12/27 23:56:07 - mmengine - INFO - Epoch(train)   [4][810/947]  lr: 9.9072e-04  eta: 2 days, 11:16:10  time: 2.2928  data_time: 0.0023  memory: 19774  grad_norm: 69.0246  loss: 9.3000  loss_text: 1.2747  loss_center: 3.1200  loss_reg_x: 3.1313  loss_reg_y: 1.7739
2025/12/27 23:56:18 - mmengine - INFO - Epoch(train)   [4][815/947]  lr: 9.9072e-04  eta: 2 days, 11:15:55  time: 2.2759  data_time: 0.0022  memory: 19774  grad_norm: 66.4253  loss: 9.1863  loss_text: 1.2374  loss_center: 3.1199  loss_reg_x: 3.0394  loss_reg_y: 1.7895
2025/12/27 23:56:30 - mmengine - INFO - Epoch(train)   [4][820/947]  lr: 9.9072e-04  eta: 2 days, 11:15:39  time: 2.3117  data_time: 0.0022  memory: 19774  grad_norm: 63.3569  loss: 9.4107  loss_text: 1.2804  loss_center: 3.1199  loss_reg_x: 3.0510  loss_reg_y: 1.9594
2025/12/27 23:56:42 - mmengine - INFO - Epoch(train)   [4][825/947]  lr: 9.9072e-04  eta: 2 days, 11:15:31  time: 2.3403  data_time: 0.0022  memory: 19774  grad_norm: 69.7564  loss: 9.5577  loss_text: 1.3084  loss_center: 3.1201  loss_reg_x: 3.1092  loss_reg_y: 2.0200
2025/12/27 23:56:53 - mmengine - INFO - Epoch(train)   [4][830/947]  lr: 9.9072e-04  eta: 2 days, 11:15:22  time: 2.3696  data_time: 0.0021  memory: 19774  grad_norm: 63.8972  loss: 9.2636  loss_text: 1.2892  loss_center: 3.1203  loss_reg_x: 3.0415  loss_reg_y: 1.8126
2025/12/27 23:57:05 - mmengine - INFO - Epoch(train)   [4][835/947]  lr: 9.9072e-04  eta: 2 days, 11:14:58  time: 2.3032  data_time: 0.0022  memory: 19774  grad_norm: 59.7535  loss: 9.3935  loss_text: 1.3313  loss_center: 3.1202  loss_reg_x: 3.0641  loss_reg_y: 1.8779
2025/12/27 23:57:17 - mmengine - INFO - Epoch(train)   [4][840/947]  lr: 9.9072e-04  eta: 2 days, 11:14:55  time: 2.3288  data_time: 0.0023  memory: 19774  grad_norm: 61.6495  loss: 9.4404  loss_text: 1.3279  loss_center: 3.1204  loss_reg_x: 2.9672  loss_reg_y: 2.0248
2025/12/27 23:57:28 - mmengine - INFO - Epoch(train)   [4][845/947]  lr: 9.9072e-04  eta: 2 days, 11:14:38  time: 2.3578  data_time: 0.0025  memory: 19774  grad_norm: 59.6173  loss: 9.1308  loss_text: 1.2575  loss_center: 3.1203  loss_reg_x: 2.8310  loss_reg_y: 1.9220
2025/12/27 23:57:40 - mmengine - INFO - Epoch(train)   [4][850/947]  lr: 9.9072e-04  eta: 2 days, 11:14:23  time: 2.3100  data_time: 0.0025  memory: 19774  grad_norm: 57.1133  loss: 8.9467  loss_text: 1.2364  loss_center: 3.1201  loss_reg_x: 2.7959  loss_reg_y: 1.7943
2025/12/27 23:57:51 - mmengine - INFO - Epoch(train)   [4][855/947]  lr: 9.9072e-04  eta: 2 days, 11:14:12  time: 2.3340  data_time: 0.0023  memory: 19774  grad_norm: 53.4816  loss: 8.9440  loss_text: 1.2094  loss_center: 3.1201  loss_reg_x: 2.8828  loss_reg_y: 1.7318
2025/12/27 23:58:03 - mmengine - INFO - Epoch(train)   [4][860/947]  lr: 9.9072e-04  eta: 2 days, 11:14:01  time: 2.3474  data_time: 0.0022  memory: 19774  grad_norm: 51.8398  loss: 8.9547  loss_text: 1.2298  loss_center: 3.1200  loss_reg_x: 2.8138  loss_reg_y: 1.7911
2025/12/27 23:58:15 - mmengine - INFO - Epoch(train)   [4][865/947]  lr: 9.9072e-04  eta: 2 days, 11:14:03  time: 2.4009  data_time: 0.0022  memory: 19774  grad_norm: 53.9429  loss: 9.2186  loss_text: 1.2680  loss_center: 3.1200  loss_reg_x: 2.7999  loss_reg_y: 2.0307
2025/12/27 23:58:28 - mmengine - INFO - Epoch(train)   [4][870/947]  lr: 9.9072e-04  eta: 2 days, 11:13:59  time: 2.4339  data_time: 0.0022  memory: 19774  grad_norm: 66.5494  loss: 9.5243  loss_text: 1.2831  loss_center: 3.1199  loss_reg_x: 2.9594  loss_reg_y: 2.1619
2025/12/27 23:58:39 - mmengine - INFO - Epoch(train)   [4][875/947]  lr: 9.9072e-04  eta: 2 days, 11:13:47  time: 2.3770  data_time: 0.0021  memory: 19774  grad_norm: 72.5976  loss: 9.2196  loss_text: 1.2498  loss_center: 3.1198  loss_reg_x: 2.9307  loss_reg_y: 1.9193
2025/12/27 23:58:50 - mmengine - INFO - Epoch(train)   [4][880/947]  lr: 9.9072e-04  eta: 2 days, 11:13:24  time: 2.2951  data_time: 0.0023  memory: 19774  grad_norm: 60.4076  loss: 9.0908  loss_text: 1.2505  loss_center: 3.1198  loss_reg_x: 2.9368  loss_reg_y: 1.7837
2025/12/27 23:59:03 - mmengine - INFO - Epoch(train)   [4][885/947]  lr: 9.9072e-04  eta: 2 days, 11:13:28  time: 2.3598  data_time: 0.0024  memory: 19774  grad_norm: 53.9112  loss: 9.2867  loss_text: 1.2994  loss_center: 3.1200  loss_reg_x: 2.9307  loss_reg_y: 1.9366
2025/12/27 23:59:14 - mmengine - INFO - Epoch(train)   [4][890/947]  lr: 9.9072e-04  eta: 2 days, 11:13:13  time: 2.3938  data_time: 0.0024  memory: 19774  grad_norm: 58.1387  loss: 9.1545  loss_text: 1.2798  loss_center: 3.1201  loss_reg_x: 2.8952  loss_reg_y: 1.8594
2025/12/27 23:59:26 - mmengine - INFO - Epoch(train)   [4][895/947]  lr: 9.9072e-04  eta: 2 days, 11:13:09  time: 2.3636  data_time: 0.0023  memory: 19774  grad_norm: 58.3514  loss: 8.9138  loss_text: 1.2504  loss_center: 3.1200  loss_reg_x: 2.9068  loss_reg_y: 1.6365
2025/12/27 23:59:38 - mmengine - INFO - Epoch(train)   [4][900/947]  lr: 9.9072e-04  eta: 2 days, 11:13:04  time: 2.4031  data_time: 0.0023  memory: 19774  grad_norm: 54.6794  loss: 9.2434  loss_text: 1.3044  loss_center: 3.1199  loss_reg_x: 3.0064  loss_reg_y: 1.8127
2025/12/27 23:59:50 - mmengine - INFO - Epoch(train)   [4][905/947]  lr: 9.9072e-04  eta: 2 days, 11:12:56  time: 2.3842  data_time: 0.0023  memory: 19774  grad_norm: 57.0374  loss: 9.2464  loss_text: 1.2985  loss_center: 3.1200  loss_reg_x: 2.8714  loss_reg_y: 1.9566
2025/12/28 00:00:01 - mmengine - INFO - Epoch(train)   [4][910/947]  lr: 9.9072e-04  eta: 2 days, 11:12:31  time: 2.3027  data_time: 0.0021  memory: 19774  grad_norm: 59.6293  loss: 8.9916  loss_text: 1.2905  loss_center: 3.1200  loss_reg_x: 2.6970  loss_reg_y: 1.8841
2025/12/28 00:00:13 - mmengine - INFO - Epoch(train)   [4][915/947]  lr: 9.9072e-04  eta: 2 days, 11:12:13  time: 2.2636  data_time: 0.0021  memory: 19774  grad_norm: 62.4260  loss: 9.0451  loss_text: 1.2984  loss_center: 3.1200  loss_reg_x: 2.8156  loss_reg_y: 1.8111
2025/12/28 00:00:24 - mmengine - INFO - Epoch(train)   [4][920/947]  lr: 9.9072e-04  eta: 2 days, 11:11:56  time: 2.2954  data_time: 0.0022  memory: 19774  grad_norm: 60.5582  loss: 9.0469  loss_text: 1.2407  loss_center: 3.1200  loss_reg_x: 2.8941  loss_reg_y: 1.7922
2025/12/28 00:00:36 - mmengine - INFO - Epoch(train)   [4][925/947]  lr: 9.9072e-04  eta: 2 days, 11:11:43  time: 2.3157  data_time: 0.0022  memory: 19774  grad_norm: 55.8209  loss: 9.0433  loss_text: 1.2480  loss_center: 3.1200  loss_reg_x: 2.7940  loss_reg_y: 1.8812
2025/12/28 00:00:48 - mmengine - INFO - Epoch(train)   [4][930/947]  lr: 9.9072e-04  eta: 2 days, 11:11:25  time: 2.3151  data_time: 0.0022  memory: 19774  grad_norm: 62.7767  loss: 9.3898  loss_text: 1.2915  loss_center: 3.1199  loss_reg_x: 2.9708  loss_reg_y: 2.0076
2025/12/28 00:01:00 - mmengine - INFO - Epoch(train)   [4][935/947]  lr: 9.9072e-04  eta: 2 days, 11:11:22  time: 2.3550  data_time: 0.0025  memory: 19774  grad_norm: 61.3843  loss: 9.3185  loss_text: 1.3101  loss_center: 3.1199  loss_reg_x: 3.0297  loss_reg_y: 1.8588
2025/12/28 00:01:11 - mmengine - INFO - Epoch(train)   [4][940/947]  lr: 9.9072e-04  eta: 2 days, 11:10:52  time: 2.3027  data_time: 0.0024  memory: 19774  grad_norm: 63.9689  loss: 9.0953  loss_text: 1.2576  loss_center: 3.1199  loss_reg_x: 2.9848  loss_reg_y: 1.7329
2025/12/28 00:01:22 - mmengine - INFO - Epoch(train)   [4][945/947]  lr: 9.9072e-04  eta: 2 days, 11:10:31  time: 2.2289  data_time: 0.0023  memory: 19774  grad_norm: 69.0196  loss: 9.3545  loss_text: 1.2323  loss_center: 3.1199  loss_reg_x: 3.0205  loss_reg_y: 1.9818
2025/12/28 00:01:24 - mmengine - INFO - Exp name: fcenet_r50dcnv2_fpn_1500e_art_rctw_rects_finetune_20251227_212810
2025/12/28 00:01:41 - mmengine - INFO - Epoch(train)   [5][  5/947]  lr: 9.8143e-04  eta: 2 days, 11:11:13  time: 2.5631  data_time: 0.3319  memory: 19774  grad_norm: 62.8360  loss: 9.3121  loss_text: 1.2769  loss_center: 3.1201  loss_reg_x: 2.9439  loss_reg_y: 1.9713
2025/12/28 00:01:53 - mmengine - INFO - Epoch(train)   [5][ 10/947]  lr: 9.8143e-04  eta: 2 days, 11:11:04  time: 2.8144  data_time: 0.3320  memory: 19774  grad_norm: 56.4043  loss: 9.4591  loss_text: 1.2857  loss_center: 3.1200  loss_reg_x: 3.0946  loss_reg_y: 1.9588
2025/12/28 00:02:05 - mmengine - INFO - Epoch(train)   [5][ 15/947]  lr: 9.8143e-04  eta: 2 days, 11:10:57  time: 2.3732  data_time: 0.0024  memory: 19774  grad_norm: 55.3655  loss: 9.4740  loss_text: 1.2998  loss_center: 3.1200  loss_reg_x: 3.0398  loss_reg_y: 2.0143
2025/12/28 00:02:16 - mmengine - INFO - Epoch(train)   [5][ 20/947]  lr: 9.8143e-04  eta: 2 days, 11:10:51  time: 2.3876  data_time: 0.0024  memory: 19774  grad_norm: 53.7318  loss: 9.2725  loss_text: 1.2859  loss_center: 3.1200  loss_reg_x: 2.9358  loss_reg_y: 1.9308
2025/12/28 00:02:30 - mmengine - INFO - Epoch(train)   [5][ 25/947]  lr: 9.8143e-04  eta: 2 days, 11:11:16  time: 2.5212  data_time: 0.0023  memory: 19774  grad_norm: 54.7984  loss: 9.1176  loss_text: 1.2823  loss_center: 3.1201  loss_reg_x: 2.8932  loss_reg_y: 1.8220
2025/12/28 00:02:42 - mmengine - INFO - Epoch(train)   [5][ 30/947]  lr: 9.8143e-04  eta: 2 days, 11:11:16  time: 2.5481  data_time: 0.0022  memory: 19774  grad_norm: 60.5974  loss: 9.2908  loss_text: 1.2858  loss_center: 3.1200  loss_reg_x: 2.8724  loss_reg_y: 2.0126
2025/12/28 00:02:55 - mmengine - INFO - Epoch(train)   [5][ 35/947]  lr: 9.8143e-04  eta: 2 days, 11:11:36  time: 2.5301  data_time: 0.0022  memory: 19774  grad_norm: 65.9543  loss: 9.2938  loss_text: 1.2801  loss_center: 3.1200  loss_reg_x: 2.8453  loss_reg_y: 2.0484
2025/12/28 00:03:08 - mmengine - INFO - Epoch(train)   [5][ 40/947]  lr: 9.8143e-04  eta: 2 days, 11:11:43  time: 2.5583  data_time: 0.0025  memory: 19774  grad_norm: 63.9302  loss: 9.1443  loss_text: 1.2624  loss_center: 3.1200  loss_reg_x: 2.8982  loss_reg_y: 1.8637
2025/12/28 00:03:20 - mmengine - INFO - Epoch(train)   [5][ 45/947]  lr: 9.8143e-04  eta: 2 days, 11:11:49  time: 2.4961  data_time: 0.0025  memory: 19774  grad_norm: 62.8844  loss: 9.3026  loss_text: 1.2331  loss_center: 3.1201  loss_reg_x: 2.9830  loss_reg_y: 1.9664
2025/12/28 00:03:32 - mmengine - INFO - Epoch(train)   [5][ 50/947]  lr: 9.8143e-04  eta: 2 days, 11:11:42  time: 2.4393  data_time: 0.0023  memory: 19774  grad_norm: 63.3380  loss: 9.6191  loss_text: 1.2967  loss_center: 3.1201  loss_reg_x: 3.0773  loss_reg_y: 2.1250
2025/12/28 00:03:44 - mmengine - INFO - Epoch(train)   [5][ 55/947]  lr: 9.8143e-04  eta: 2 days, 11:11:32  time: 2.3727  data_time: 0.0025  memory: 19774  grad_norm: 58.7162  loss: 9.4935  loss_text: 1.3182  loss_center: 3.1200  loss_reg_x: 2.9571  loss_reg_y: 2.0982
2025/12/28 00:03:57 - mmengine - INFO - Epoch(train)   [5][ 60/947]  lr: 9.8143e-04  eta: 2 days, 11:11:45  time: 2.4589  data_time: 0.0024  memory: 19774  grad_norm: 52.3406  loss: 9.2510  loss_text: 1.2759  loss_center: 3.1200  loss_reg_x: 2.9141  loss_reg_y: 1.9410
2025/12/28 00:04:10 - mmengine - INFO - Epoch(train)   [5][ 65/947]  lr: 9.8143e-04  eta: 2 days, 11:12:10  time: 2.6069  data_time: 0.0024  memory: 19774  grad_norm: 54.0390  loss: 9.2227  loss_text: 1.2616  loss_center: 3.1202  loss_reg_x: 2.9603  loss_reg_y: 1.8806
2025/12/28 00:04:22 - mmengine - INFO - Epoch(train)   [5][ 70/947]  lr: 9.8143e-04  eta: 2 days, 11:12:06  time: 2.5346  data_time: 0.0025  memory: 19774  grad_norm: 60.6016  loss: 9.4498  loss_text: 1.3248  loss_center: 3.1203  loss_reg_x: 3.0172  loss_reg_y: 1.9874
2025/12/28 00:04:34 - mmengine - INFO - Epoch(train)   [5][ 75/947]  lr: 9.8143e-04  eta: 2 days, 11:11:53  time: 2.3727  data_time: 0.0023  memory: 19774  grad_norm: 66.4013  loss: 9.6258  loss_text: 1.3616  loss_center: 3.1202  loss_reg_x: 3.1658  loss_reg_y: 1.9782
2025/12/28 00:04:46 - mmengine - INFO - Epoch(train)   [5][ 80/947]  lr: 9.8143e-04  eta: 2 days, 11:11:53  time: 2.3872  data_time: 0.0022  memory: 19774  grad_norm: 58.0318  loss: 9.3711  loss_text: 1.3070  loss_center: 3.1201  loss_reg_x: 3.0412  loss_reg_y: 1.9029
2025/12/28 00:04:58 - mmengine - INFO - Epoch(train)   [5][ 85/947]  lr: 9.8143e-04  eta: 2 days, 11:11:56  time: 2.4608  data_time: 0.0022  memory: 19774  grad_norm: 51.9492  loss: 9.0839  loss_text: 1.2942  loss_center: 3.1202  loss_reg_x: 2.8691  loss_reg_y: 1.8005
2025/12/28 00:05:10 - mmengine - INFO - Epoch(train)   [5][ 90/947]  lr: 9.8143e-04  eta: 2 days, 11:11:42  time: 2.4025  data_time: 0.0023  memory: 19774  grad_norm: 49.8800  loss: 9.2334  loss_text: 1.2794  loss_center: 3.1201  loss_reg_x: 2.9069  loss_reg_y: 1.9270
2025/12/28 00:05:22 - mmengine - INFO - Epoch(train)   [5][ 95/947]  lr: 9.8143e-04  eta: 2 days, 11:11:32  time: 2.3424  data_time: 0.0023  memory: 19774  grad_norm: 48.4446  loss: 9.0829  loss_text: 1.2162  loss_center: 3.1201  loss_reg_x: 2.8296  loss_reg_y: 1.9170
2025/12/28 00:05:33 - mmengine - INFO - Epoch(train)   [5][100/947]  lr: 9.8143e-04  eta: 2 days, 11:11:21  time: 2.3546  data_time: 0.0021  memory: 19774  grad_norm: 54.5945  loss: 9.0231  loss_text: 1.2198  loss_center: 3.1200  loss_reg_x: 2.8265  loss_reg_y: 1.8568
2025/12/28 00:05:45 - mmengine - INFO - Epoch(train)   [5][105/947]  lr: 9.8143e-04  eta: 2 days, 11:11:06  time: 2.3385  data_time: 0.0022  memory: 19774  grad_norm: 66.1677  loss: 9.1142  loss_text: 1.2685  loss_center: 3.1198  loss_reg_x: 2.8690  loss_reg_y: 1.8568
2025/12/28 00:05:56 - mmengine - INFO - Epoch(train)   [5][110/947]  lr: 9.8143e-04  eta: 2 days, 11:10:46  time: 2.2967  data_time: 0.0022  memory: 19774  grad_norm: 64.9917  loss: 8.9174  loss_text: 1.2557  loss_center: 3.1198  loss_reg_x: 2.7449  loss_reg_y: 1.7970
2025/12/28 00:06:07 - mmengine - INFO - Epoch(train)   [5][115/947]  lr: 9.8143e-04  eta: 2 days, 11:10:17  time: 2.2344  data_time: 0.0021  memory: 19774  grad_norm: 53.1381  loss: 8.9890  loss_text: 1.2891  loss_center: 3.1198  loss_reg_x: 2.7201  loss_reg_y: 1.8601
2025/12/28 00:06:19 - mmengine - INFO - Epoch(train)   [5][120/947]  lr: 9.8143e-04  eta: 2 days, 11:10:10  time: 2.2935  data_time: 0.0021  memory: 19774  grad_norm: 64.1698  loss: 9.2812  loss_text: 1.3240  loss_center: 3.1198  loss_reg_x: 2.8671  loss_reg_y: 1.9703
2025/12/28 00:06:32 - mmengine - INFO - Epoch(train)   [5][125/947]  lr: 9.8143e-04  eta: 2 days, 11:10:14  time: 2.4362  data_time: 0.0022  memory: 19774  grad_norm: 68.0965  loss: 9.3670  loss_text: 1.2584  loss_center: 3.1199  loss_reg_x: 3.0180  loss_reg_y: 1.9708
2025/12/28 00:06:43 - mmengine - INFO - Epoch(train)   [5][130/947]  lr: 9.8143e-04  eta: 2 days, 11:10:03  time: 2.4185  data_time: 0.0022  memory: 19774  grad_norm: 64.4069  loss: 9.3110  loss_text: 1.2584  loss_center: 3.1201  loss_reg_x: 3.0421  loss_reg_y: 1.8905
2025/12/28 00:06:55 - mmengine - INFO - Epoch(train)   [5][135/947]  lr: 9.8143e-04  eta: 2 days, 11:09:40  time: 2.2978  data_time: 0.0023  memory: 19774  grad_norm: 67.5655  loss: 9.1667  loss_text: 1.2502  loss_center: 3.1201  loss_reg_x: 2.9673  loss_reg_y: 1.8292
2025/12/28 00:07:06 - mmengine - INFO - Epoch(train)   [5][140/947]  lr: 9.8143e-04  eta: 2 days, 11:09:30  time: 2.3023  data_time: 0.0023  memory: 19774  grad_norm: 63.1952  loss: 9.0400  loss_text: 1.2087  loss_center: 3.1201  loss_reg_x: 2.9618  loss_reg_y: 1.7495
2025/12/28 00:07:19 - mmengine - INFO - Epoch(train)   [5][145/947]  lr: 9.8143e-04  eta: 2 days, 11:09:30  time: 2.4060  data_time: 0.0022  memory: 19774  grad_norm: 55.7561  loss: 8.9322  loss_text: 1.2264  loss_center: 3.1199  loss_reg_x: 2.8604  loss_reg_y: 1.7255
2025/12/28 00:07:30 - mmengine - INFO - Epoch(train)   [5][150/947]  lr: 9.8143e-04  eta: 2 days, 11:09:14  time: 2.3795  data_time: 0.0022  memory: 19774  grad_norm: 57.5962  loss: 9.3546  loss_text: 1.2662  loss_center: 3.1200  loss_reg_x: 2.9306  loss_reg_y: 2.0378
2025/12/28 00:07:42 - mmengine - INFO - Epoch(train)   [5][155/947]  lr: 9.8143e-04  eta: 2 days, 11:09:00  time: 2.3179  data_time: 0.0023  memory: 19774  grad_norm: 61.5195  loss: 9.5741  loss_text: 1.2970  loss_center: 3.1202  loss_reg_x: 3.0885  loss_reg_y: 2.0684
2025/12/28 00:07:54 - mmengine - INFO - Epoch(train)   [5][160/947]  lr: 9.8143e-04  eta: 2 days, 11:08:51  time: 2.3480  data_time: 0.0024  memory: 19774  grad_norm: 62.4066  loss: 9.1071  loss_text: 1.2685  loss_center: 3.1201  loss_reg_x: 2.8953  loss_reg_y: 1.8233
2025/12/28 00:08:05 - mmengine - INFO - Epoch(train)   [5][165/947]  lr: 9.8143e-04  eta: 2 days, 11:08:37  time: 2.3498  data_time: 0.0024  memory: 19774  grad_norm: 60.8222  loss: 8.9636  loss_text: 1.2431  loss_center: 3.1201  loss_reg_x: 2.8342  loss_reg_y: 1.7662
2025/12/28 00:08:17 - mmengine - INFO - Epoch(train)   [5][170/947]  lr: 9.8143e-04  eta: 2 days, 11:08:28  time: 2.3494  data_time: 0.0022  memory: 19774  grad_norm: 55.2021  loss: 9.0941  loss_text: 1.2690  loss_center: 3.1200  loss_reg_x: 2.9580  loss_reg_y: 1.7470
2025/12/28 00:08:29 - mmengine - INFO - Epoch(train)   [5][175/947]  lr: 9.8143e-04  eta: 2 days, 11:08:23  time: 2.3844  data_time: 0.0024  memory: 19774  grad_norm: 57.6431  loss: 9.1829  loss_text: 1.2678  loss_center: 3.1200  loss_reg_x: 2.9778  loss_reg_y: 1.8173
2025/12/28 00:08:42 - mmengine - INFO - Epoch(train)   [5][180/947]  lr: 9.8143e-04  eta: 2 days, 11:08:26  time: 2.4409  data_time: 0.0023  memory: 19774  grad_norm: 64.5251  loss: 9.0559  loss_text: 1.2546  loss_center: 3.1197  loss_reg_x: 2.9295  loss_reg_y: 1.7520
2025/12/28 00:08:54 - mmengine - INFO - Epoch(train)   [5][185/947]  lr: 9.8143e-04  eta: 2 days, 11:08:18  time: 2.4284  data_time: 0.0022  memory: 19774  grad_norm: 61.8447  loss: 9.2257  loss_text: 1.2670  loss_center: 3.1196  loss_reg_x: 3.0558  loss_reg_y: 1.7834
2025/12/28 00:09:05 - mmengine - INFO - Epoch(train)   [5][190/947]  lr: 9.8143e-04  eta: 2 days, 11:08:04  time: 2.3522  data_time: 0.0023  memory: 19774  grad_norm: 61.2289  loss: 9.2631  loss_text: 1.2518  loss_center: 3.1199  loss_reg_x: 3.0624  loss_reg_y: 1.8290
2025/12/28 00:09:17 - mmengine - INFO - Epoch(train)   [5][195/947]  lr: 9.8143e-04  eta: 2 days, 11:07:44  time: 2.3023  data_time: 0.0024  memory: 19774  grad_norm: 58.7322  loss: 9.3812  loss_text: 1.2866  loss_center: 3.1200  loss_reg_x: 3.1005  loss_reg_y: 1.8742
2025/12/28 00:09:29 - mmengine - INFO - Epoch(train)   [5][200/947]  lr: 9.8143e-04  eta: 2 days, 11:07:39  time: 2.3393  data_time: 0.0023  memory: 19774  grad_norm: 53.5968  loss: 9.3317  loss_text: 1.2894  loss_center: 3.1200  loss_reg_x: 3.0002  loss_reg_y: 1.9220
2025/12/28 00:09:41 - mmengine - INFO - Epoch(train)   [5][205/947]  lr: 9.8143e-04  eta: 2 days, 11:07:35  time: 2.4106  data_time: 0.0022  memory: 19774  grad_norm: 54.4897  loss: 8.9081  loss_text: 1.2280  loss_center: 3.1200  loss_reg_x: 2.6911  loss_reg_y: 1.8690
2025/12/28 00:09:53 - mmengine - INFO - Epoch(train)   [5][210/947]  lr: 9.8143e-04  eta: 2 days, 11:07:27  time: 2.3986  data_time: 0.0023  memory: 19774  grad_norm: 55.1826  loss: 8.9451  loss_text: 1.2352  loss_center: 3.1199  loss_reg_x: 2.8276  loss_reg_y: 1.7625
2025/12/28 00:09:57 - mmengine - INFO - Exp name: fcenet_r50dcnv2_fpn_1500e_art_rctw_rects_finetune_20251227_212810
2025/12/28 00:10:04 - mmengine - INFO - Epoch(train)   [5][215/947]  lr: 9.8143e-04  eta: 2 days, 11:07:09  time: 2.3340  data_time: 0.0022  memory: 19774  grad_norm: 56.9476  loss: 9.0503  loss_text: 1.2677  loss_center: 3.1197  loss_reg_x: 2.9518  loss_reg_y: 1.7111
2025/12/28 00:10:16 - mmengine - INFO - Epoch(train)   [5][220/947]  lr: 9.8143e-04  eta: 2 days, 11:07:01  time: 2.3334  data_time: 0.0021  memory: 19774  grad_norm: 58.3385  loss: 9.2125  loss_text: 1.2582  loss_center: 3.1198  loss_reg_x: 2.9835  loss_reg_y: 1.8510
2025/12/28 00:10:28 - mmengine - INFO - Epoch(train)   [5][225/947]  lr: 9.8143e-04  eta: 2 days, 11:06:57  time: 2.3985  data_time: 0.0022  memory: 19774  grad_norm: 53.8480  loss: 9.1945  loss_text: 1.2367  loss_center: 3.1199  loss_reg_x: 2.9605  loss_reg_y: 1.8774
2025/12/28 00:10:40 - mmengine - INFO - Epoch(train)   [5][230/947]  lr: 9.8143e-04  eta: 2 days, 11:06:49  time: 2.3962  data_time: 0.0022  memory: 19774  grad_norm: 49.7337  loss: 9.0566  loss_text: 1.2718  loss_center: 3.1198  loss_reg_x: 2.8296  loss_reg_y: 1.8354
2025/12/28 00:10:51 - mmengine - INFO - Epoch(train)   [5][235/947]  lr: 9.8143e-04  eta: 2 days, 11:06:34  time: 2.3480  data_time: 0.0023  memory: 19774  grad_norm: 51.0897  loss: 8.9708  loss_text: 1.2652  loss_center: 3.1197  loss_reg_x: 2.8073  loss_reg_y: 1.7786
2025/12/28 00:11:04 - mmengine - INFO - Epoch(train)   [5][240/947]  lr: 9.8143e-04  eta: 2 days, 11:06:45  time: 2.4344  data_time: 0.0024  memory: 19774  grad_norm: 50.4375  loss: 8.7853  loss_text: 1.2172  loss_center: 3.1198  loss_reg_x: 2.7719  loss_reg_y: 1.6765
2025/12/28 00:11:17 - mmengine - INFO - Epoch(train)   [5][245/947]  lr: 9.8143e-04  eta: 2 days, 11:06:59  time: 2.5625  data_time: 0.0024  memory: 19774  grad_norm: 49.0581  loss: 8.9011  loss_text: 1.2187  loss_center: 3.1200  loss_reg_x: 2.8539  loss_reg_y: 1.7085
2025/12/28 00:11:29 - mmengine - INFO - Epoch(train)   [5][250/947]  lr: 9.8143e-04  eta: 2 days, 11:06:58  time: 2.5082  data_time: 0.0023  memory: 19774  grad_norm: 51.2394  loss: 8.9297  loss_text: 1.2296  loss_center: 3.1200  loss_reg_x: 2.8021  loss_reg_y: 1.7781
2025/12/28 00:11:42 - mmengine - INFO - Epoch(train)   [5][255/947]  lr: 9.8143e-04  eta: 2 days, 11:06:59  time: 2.4528  data_time: 0.0023  memory: 19774  grad_norm: 50.9140  loss: 8.9791  loss_text: 1.2398  loss_center: 3.1199  loss_reg_x: 2.8244  loss_reg_y: 1.7950
2025/12/28 00:11:53 - mmengine - INFO - Epoch(train)   [5][260/947]  lr: 9.8143e-04  eta: 2 days, 11:06:39  time: 2.3677  data_time: 0.0024  memory: 19774  grad_norm: 55.2675  loss: 8.9271  loss_text: 1.2460  loss_center: 3.1200  loss_reg_x: 2.8023  loss_reg_y: 1.7588
2025/12/28 00:12:05 - mmengine - INFO - Epoch(train)   [5][265/947]  lr: 9.8143e-04  eta: 2 days, 11:06:27  time: 2.3087  data_time: 0.0023  memory: 19774  grad_norm: 59.7687  loss: 8.9517  loss_text: 1.2615  loss_center: 3.1200  loss_reg_x: 2.7172  loss_reg_y: 1.8530
2025/12/28 00:12:16 - mmengine - INFO - Epoch(train)   [5][270/947]  lr: 9.8143e-04  eta: 2 days, 11:06:05  time: 2.3002  data_time: 0.0022  memory: 19774  grad_norm: 65.4402  loss: 9.2765  loss_text: 1.2867  loss_center: 3.1198  loss_reg_x: 2.8907  loss_reg_y: 1.9793
2025/12/28 00:12:28 - mmengine - INFO - Epoch(train)   [5][275/947]  lr: 9.8143e-04  eta: 2 days, 11:06:03  time: 2.3432  data_time: 0.0023  memory: 19774  grad_norm: 70.5524  loss: 9.4373  loss_text: 1.2962  loss_center: 3.1197  loss_reg_x: 3.0222  loss_reg_y: 1.9992
2025/12/28 00:12:40 - mmengine - INFO - Epoch(train)   [5][280/947]  lr: 9.8143e-04  eta: 2 days, 11:05:54  time: 2.4067  data_time: 0.0024  memory: 19774  grad_norm: 65.5390  loss: 9.2784  loss_text: 1.2435  loss_center: 3.1197  loss_reg_x: 2.9849  loss_reg_y: 1.9304
2025/12/28 00:12:52 - mmengine - INFO - Epoch(train)   [5][285/947]  lr: 9.8143e-04  eta: 2 days, 11:05:52  time: 2.4037  data_time: 0.0026  memory: 19774  grad_norm: 63.7449  loss: 9.1400  loss_text: 1.2073  loss_center: 3.1196  loss_reg_x: 2.9496  loss_reg_y: 1.8636
2025/12/28 00:13:04 - mmengine - INFO - Epoch(train)   [5][290/947]  lr: 9.8143e-04  eta: 2 days, 11:05:46  time: 2.4143  data_time: 0.0026  memory: 19774  grad_norm: 62.1720  loss: 9.1103  loss_text: 1.2561  loss_center: 3.1197  loss_reg_x: 2.9822  loss_reg_y: 1.7524
2025/12/28 00:13:16 - mmengine - INFO - Epoch(train)   [5][295/947]  lr: 9.8143e-04  eta: 2 days, 11:05:35  time: 2.3754  data_time: 0.0026  memory: 19774  grad_norm: 68.3974  loss: 8.9164  loss_text: 1.2661  loss_center: 3.1197  loss_reg_x: 2.8755  loss_reg_y: 1.6551
2025/12/28 00:13:28 - mmengine - INFO - Epoch(train)   [5][300/947]  lr: 9.8143e-04  eta: 2 days, 11:05:23  time: 2.3519  data_time: 0.0026  memory: 19774  grad_norm: 67.9897  loss: 8.9099  loss_text: 1.2175  loss_center: 3.1197  loss_reg_x: 2.8232  loss_reg_y: 1.7496
2025/12/28 00:13:41 - mmengine - INFO - Epoch(train)   [5][305/947]  lr: 9.8143e-04  eta: 2 days, 11:05:38  time: 2.4702  data_time: 0.0030  memory: 19774  grad_norm: 56.4385  loss: 8.8649  loss_text: 1.1951  loss_center: 3.1197  loss_reg_x: 2.7578  loss_reg_y: 1.7923
2025/12/28 00:13:52 - mmengine - INFO - Epoch(train)   [5][310/947]  lr: 9.8143e-04  eta: 2 days, 11:05:29  time: 2.4800  data_time: 0.0029  memory: 19774  grad_norm: 50.7846  loss: 8.6992  loss_text: 1.1670  loss_center: 3.1197  loss_reg_x: 2.6757  loss_reg_y: 1.7369
2025/12/28 00:14:04 - mmengine - INFO - Epoch(train)   [5][315/947]  lr: 9.8143e-04  eta: 2 days, 11:05:23  time: 2.3830  data_time: 0.0025  memory: 19774  grad_norm: 49.8276  loss: 8.6225  loss_text: 1.1418  loss_center: 3.1199  loss_reg_x: 2.7135  loss_reg_y: 1.6473
2025/12/28 00:14:17 - mmengine - INFO - Epoch(train)   [5][320/947]  lr: 9.8143e-04  eta: 2 days, 11:05:31  time: 2.4653  data_time: 0.0026  memory: 19774  grad_norm: 53.2933  loss: 8.6819  loss_text: 1.1776  loss_center: 3.1198  loss_reg_x: 2.7196  loss_reg_y: 1.6648
2025/12/28 00:14:29 - mmengine - INFO - Epoch(train)   [5][325/947]  lr: 9.8143e-04  eta: 2 days, 11:05:27  time: 2.4728  data_time: 0.0029  memory: 19774  grad_norm: 57.5536  loss: 8.9550  loss_text: 1.2203  loss_center: 3.1196  loss_reg_x: 2.7900  loss_reg_y: 1.8251
2025/12/28 00:14:42 - mmengine - INFO - Epoch(train)   [5][330/947]  lr: 9.8143e-04  eta: 2 days, 11:05:37  time: 2.4806  data_time: 0.0031  memory: 19774  grad_norm: 56.1839  loss: 9.0847  loss_text: 1.2057  loss_center: 3.1198  loss_reg_x: 2.8324  loss_reg_y: 1.9268
2025/12/28 00:14:54 - mmengine - INFO - Epoch(train)   [5][335/947]  lr: 9.8143e-04  eta: 2 days, 11:05:25  time: 2.4475  data_time: 0.0028  memory: 19774  grad_norm: 53.2643  loss: 8.7618  loss_text: 1.1912  loss_center: 3.1197  loss_reg_x: 2.6230  loss_reg_y: 1.8278
2025/12/28 00:15:06 - mmengine - INFO - Epoch(train)   [5][340/947]  lr: 9.8143e-04  eta: 2 days, 11:05:34  time: 2.4405  data_time: 0.0027  memory: 19774  grad_norm: 53.1476  loss: 8.5966  loss_text: 1.1781  loss_center: 3.1196  loss_reg_x: 2.5617  loss_reg_y: 1.7372
2025/12/28 00:15:19 - mmengine - INFO - Epoch(train)   [5][345/947]  lr: 9.8143e-04  eta: 2 days, 11:05:33  time: 2.4940  data_time: 0.0029  memory: 19774  grad_norm: 70.8206  loss: 8.9424  loss_text: 1.2288  loss_center: 3.1197  loss_reg_x: 2.7521  loss_reg_y: 1.8419
2025/12/28 00:15:30 - mmengine - INFO - Epoch(train)   [5][350/947]  lr: 9.8143e-04  eta: 2 days, 11:05:25  time: 2.4163  data_time: 0.0028  memory: 19774  grad_norm: 76.1558  loss: 8.9898  loss_text: 1.2648  loss_center: 3.1197  loss_reg_x: 2.7678  loss_reg_y: 1.8376
2025/12/28 00:15:42 - mmengine - INFO - Epoch(train)   [5][355/947]  lr: 9.8143e-04  eta: 2 days, 11:05:11  time: 2.3556  data_time: 0.0027  memory: 19774  grad_norm: 59.9351  loss: 9.2804  loss_text: 1.2583  loss_center: 3.1197  loss_reg_x: 2.9813  loss_reg_y: 1.9210
2025/12/28 00:15:54 - mmengine - INFO - Epoch(train)   [5][360/947]  lr: 9.8143e-04  eta: 2 days, 11:05:01  time: 2.3446  data_time: 0.0027  memory: 19774  grad_norm: 56.1626  loss: 9.1107  loss_text: 1.2301  loss_center: 3.1196  loss_reg_x: 2.8896  loss_reg_y: 1.8715
2025/12/28 00:16:06 - mmengine - INFO - Epoch(train)   [5][365/947]  lr: 9.8143e-04  eta: 2 days, 11:04:45  time: 2.3387  data_time: 0.0039  memory: 19774  grad_norm: 52.6263  loss: 8.4644  loss_text: 1.2003  loss_center: 3.1195  loss_reg_x: 2.5343  loss_reg_y: 1.6102
2025/12/28 00:16:17 - mmengine - INFO - Epoch(train)   [5][370/947]  lr: 9.8143e-04  eta: 2 days, 11:04:38  time: 2.3527  data_time: 0.0036  memory: 19774  grad_norm: 48.6282  loss: 8.5645  loss_text: 1.1989  loss_center: 3.1197  loss_reg_x: 2.6037  loss_reg_y: 1.6422
2025/12/28 00:16:29 - mmengine - INFO - Epoch(train)   [5][375/947]  lr: 9.8143e-04  eta: 2 days, 11:04:22  time: 2.3511  data_time: 0.0023  memory: 19774  grad_norm: 57.7327  loss: 8.8702  loss_text: 1.1991  loss_center: 3.1199  loss_reg_x: 2.6831  loss_reg_y: 1.8681
2025/12/28 00:16:41 - mmengine - INFO - Epoch(train)   [5][380/947]  lr: 9.8143e-04  eta: 2 days, 11:04:14  time: 2.3480  data_time: 0.0026  memory: 19774  grad_norm: 63.9369  loss: 8.9418  loss_text: 1.2525  loss_center: 3.1196  loss_reg_x: 2.7214  loss_reg_y: 1.8483
2025/12/28 00:16:53 - mmengine - INFO - Epoch(train)   [5][385/947]  lr: 9.8143e-04  eta: 2 days, 11:04:15  time: 2.4241  data_time: 0.0027  memory: 19774  grad_norm: 58.8828  loss: 8.7160  loss_text: 1.2423  loss_center: 3.1195  loss_reg_x: 2.7341  loss_reg_y: 1.6201
2025/12/28 00:17:05 - mmengine - INFO - Epoch(train)   [5][390/947]  lr: 9.8143e-04  eta: 2 days, 11:04:00  time: 2.3922  data_time: 0.0025  memory: 19774  grad_norm: 51.8934  loss: 8.4727  loss_text: 1.1889  loss_center: 3.1196  loss_reg_x: 2.6079  loss_reg_y: 1.5564
2025/12/28 00:17:17 - mmengine - INFO - Epoch(train)   [5][395/947]  lr: 9.8143e-04  eta: 2 days, 11:03:49  time: 2.3350  data_time: 0.0025  memory: 19774  grad_norm: 51.8442  loss: 8.6209  loss_text: 1.1996  loss_center: 3.1194  loss_reg_x: 2.5648  loss_reg_y: 1.7371
2025/12/28 00:17:28 - mmengine - INFO - Epoch(train)   [5][400/947]  lr: 9.8143e-04  eta: 2 days, 11:03:37  time: 2.3517  data_time: 0.0024  memory: 19774  grad_norm: 53.8483  loss: 8.7348  loss_text: 1.2412  loss_center: 3.1195  loss_reg_x: 2.5542  loss_reg_y: 1.8199
2025/12/28 00:17:40 - mmengine - INFO - Epoch(train)   [5][405/947]  lr: 9.8143e-04  eta: 2 days, 11:03:33  time: 2.3857  data_time: 0.0023  memory: 19774  grad_norm: 54.6797  loss: 8.6581  loss_text: 1.2410  loss_center: 3.1194  loss_reg_x: 2.5732  loss_reg_y: 1.7245
2025/12/28 00:17:52 - mmengine - INFO - Epoch(train)   [5][410/947]  lr: 9.8143e-04  eta: 2 days, 11:03:21  time: 2.3840  data_time: 0.0024  memory: 19774  grad_norm: 61.2515  loss: 8.8360  loss_text: 1.2067  loss_center: 3.1194  loss_reg_x: 2.7122  loss_reg_y: 1.7977
2025/12/28 00:18:04 - mmengine - INFO - Epoch(train)   [5][415/947]  lr: 9.8143e-04  eta: 2 days, 11:03:07  time: 2.3355  data_time: 0.0026  memory: 19774  grad_norm: 61.8366  loss: 8.8081  loss_text: 1.2320  loss_center: 3.1196  loss_reg_x: 2.7104  loss_reg_y: 1.7462
2025/12/28 00:18:16 - mmengine - INFO - Epoch(train)   [5][420/947]  lr: 9.8143e-04  eta: 2 days, 11:03:10  time: 2.4086  data_time: 0.0024  memory: 19774  grad_norm: 65.0521  loss: 8.8402  loss_text: 1.2918  loss_center: 3.1196  loss_reg_x: 2.7195  loss_reg_y: 1.7093
2025/12/28 00:18:29 - mmengine - INFO - Epoch(train)   [5][425/947]  lr: 9.8143e-04  eta: 2 days, 11:03:09  time: 2.4674  data_time: 0.0025  memory: 19774  grad_norm: 62.3198  loss: 8.7192  loss_text: 1.2861  loss_center: 3.1196  loss_reg_x: 2.6184  loss_reg_y: 1.6951
2025/12/28 00:18:40 - mmengine - INFO - Epoch(train)   [5][430/947]  lr: 9.8143e-04  eta: 2 days, 11:02:58  time: 2.3987  data_time: 0.0028  memory: 19774  grad_norm: 51.8811  loss: 8.5746  loss_text: 1.2704  loss_center: 3.1196  loss_reg_x: 2.6069  loss_reg_y: 1.5777
2025/12/28 00:18:52 - mmengine - INFO - Epoch(train)   [5][435/947]  lr: 9.8143e-04  eta: 2 days, 11:02:46  time: 2.3542  data_time: 0.0025  memory: 19774  grad_norm: 50.8814  loss: 8.7402  loss_text: 1.2631  loss_center: 3.1195  loss_reg_x: 2.7325  loss_reg_y: 1.6252
2025/12/28 00:19:03 - mmengine - INFO - Epoch(train)   [5][440/947]  lr: 9.8143e-04  eta: 2 days, 11:02:23  time: 2.2964  data_time: 0.0022  memory: 19774  grad_norm: 50.9218  loss: 8.7769  loss_text: 1.2540  loss_center: 3.1194  loss_reg_x: 2.6989  loss_reg_y: 1.7046
2025/12/28 00:19:15 - mmengine - INFO - Epoch(train)   [5][445/947]  lr: 9.8143e-04  eta: 2 days, 11:02:15  time: 2.3115  data_time: 0.0023  memory: 19774  grad_norm: 49.6069  loss: 8.7073  loss_text: 1.2458  loss_center: 3.1194  loss_reg_x: 2.6695  loss_reg_y: 1.6726
2025/12/28 00:19:27 - mmengine - INFO - Epoch(train)   [5][450/947]  lr: 9.8143e-04  eta: 2 days, 11:02:12  time: 2.4112  data_time: 0.0024  memory: 19774  grad_norm: 58.6858  loss: 8.7726  loss_text: 1.2655  loss_center: 3.1194  loss_reg_x: 2.7130  loss_reg_y: 1.6747
2025/12/28 00:19:39 - mmengine - INFO - Epoch(train)   [5][455/947]  lr: 9.8143e-04  eta: 2 days, 11:02:02  time: 2.4007  data_time: 0.0023  memory: 19774  grad_norm: 62.1173  loss: 8.9212  loss_text: 1.2718  loss_center: 3.1192  loss_reg_x: 2.7764  loss_reg_y: 1.7537
2025/12/28 00:19:51 - mmengine - INFO - Epoch(train)   [5][460/947]  lr: 9.8143e-04  eta: 2 days, 11:01:55  time: 2.3800  data_time: 0.0022  memory: 19774  grad_norm: 55.8671  loss: 8.6818  loss_text: 1.2296  loss_center: 3.1191  loss_reg_x: 2.6278  loss_reg_y: 1.7053
2025/12/28 00:20:03 - mmengine - INFO - Epoch(train)   [5][465/947]  lr: 9.8143e-04  eta: 2 days, 11:01:42  time: 2.3635  data_time: 0.0022  memory: 19774  grad_norm: 59.0238  loss: 8.4827  loss_text: 1.2226  loss_center: 3.1191  loss_reg_x: 2.5361  loss_reg_y: 1.6049
2025/12/28 00:20:15 - mmengine - INFO - Epoch(train)   [5][470/947]  lr: 9.8143e-04  eta: 2 days, 11:01:46  time: 2.4163  data_time: 0.0022  memory: 19774  grad_norm: 62.9292  loss: 8.7390  loss_text: 1.2202  loss_center: 3.1193  loss_reg_x: 2.6838  loss_reg_y: 1.7156
2025/12/28 00:20:27 - mmengine - INFO - Epoch(train)   [5][475/947]  lr: 9.8143e-04  eta: 2 days, 11:01:38  time: 2.4434  data_time: 0.0022  memory: 19774  grad_norm: 60.8105  loss: 8.9275  loss_text: 1.2210  loss_center: 3.1192  loss_reg_x: 2.7822  loss_reg_y: 1.8052
2025/12/28 00:20:39 - mmengine - INFO - Epoch(train)   [5][480/947]  lr: 9.8143e-04  eta: 2 days, 11:01:19  time: 2.3308  data_time: 0.0023  memory: 19774  grad_norm: 63.8871  loss: 8.8776  loss_text: 1.2714  loss_center: 3.1191  loss_reg_x: 2.7295  loss_reg_y: 1.7576
2025/12/28 00:20:51 - mmengine - INFO - Epoch(train)   [5][485/947]  lr: 9.8143e-04  eta: 2 days, 11:01:10  time: 2.3279  data_time: 0.0023  memory: 19774  grad_norm: 66.0210  loss: 8.8033  loss_text: 1.2621  loss_center: 3.1191  loss_reg_x: 2.7025  loss_reg_y: 1.7197
2025/12/28 00:21:03 - mmengine - INFO - Epoch(train)   [5][490/947]  lr: 9.8143e-04  eta: 2 days, 11:01:08  time: 2.4084  data_time: 0.0022  memory: 19774  grad_norm: 57.7632  loss: 8.7483  loss_text: 1.2014  loss_center: 3.1191  loss_reg_x: 2.6839  loss_reg_y: 1.7439
2025/12/28 00:21:14 - mmengine - INFO - Epoch(train)   [5][495/947]  lr: 9.8143e-04  eta: 2 days, 11:00:54  time: 2.3847  data_time: 0.0023  memory: 19774  grad_norm: 53.5260  loss: 8.7805  loss_text: 1.1634  loss_center: 3.1192  loss_reg_x: 2.6937  loss_reg_y: 1.8043
2025/12/28 00:21:27 - mmengine - INFO - Epoch(train)   [5][500/947]  lr: 9.8143e-04  eta: 2 days, 11:00:53  time: 2.3925  data_time: 0.0023  memory: 19774  grad_norm: 53.2634  loss: 8.9624  loss_text: 1.2199  loss_center: 3.1188  loss_reg_x: 2.8687  loss_reg_y: 1.7551
2025/12/28 00:21:38 - mmengine - INFO - Epoch(train)   [5][505/947]  lr: 9.8143e-04  eta: 2 days, 11:00:37  time: 2.3811  data_time: 0.0024  memory: 19774  grad_norm: 59.8399  loss: 8.9300  loss_text: 1.2957  loss_center: 3.1189  loss_reg_x: 2.8913  loss_reg_y: 1.6241
2025/12/28 00:21:51 - mmengine - INFO - Epoch(train)   [5][510/947]  lr: 9.8143e-04  eta: 2 days, 11:00:38  time: 2.3889  data_time: 0.0024  memory: 19774  grad_norm: 67.0041  loss: 8.8326  loss_text: 1.2608  loss_center: 3.1194  loss_reg_x: 2.8342  loss_reg_y: 1.6182
2025/12/28 00:22:02 - mmengine - INFO - Epoch(train)   [5][515/947]  lr: 9.8143e-04  eta: 2 days, 11:00:13  time: 2.3471  data_time: 0.0023  memory: 19774  grad_norm: 67.3885  loss: 8.9351  loss_text: 1.2429  loss_center: 3.1196  loss_reg_x: 2.7264  loss_reg_y: 1.8462
2025/12/28 00:22:13 - mmengine - INFO - Epoch(train)   [5][520/947]  lr: 9.8143e-04  eta: 2 days, 10:59:59  time: 2.2768  data_time: 0.0025  memory: 19774  grad_norm: 67.8013  loss: 9.1646  loss_text: 1.2646  loss_center: 3.1196  loss_reg_x: 2.7954  loss_reg_y: 1.9849
2025/12/28 00:22:26 - mmengine - INFO - Epoch(train)   [5][525/947]  lr: 9.8143e-04  eta: 2 days, 11:00:01  time: 2.4076  data_time: 0.0024  memory: 19774  grad_norm: 68.7660  loss: 9.3668  loss_text: 1.2973  loss_center: 3.1192  loss_reg_x: 2.9939  loss_reg_y: 1.9563
2025/12/28 00:22:38 - mmengine - INFO - Epoch(train)   [5][530/947]  lr: 9.8143e-04  eta: 2 days, 11:00:05  time: 2.4907  data_time: 0.0024  memory: 19774  grad_norm: 68.0845  loss: 9.1721  loss_text: 1.3306  loss_center: 3.1188  loss_reg_x: 2.9013  loss_reg_y: 1.8213
2025/12/28 00:22:50 - mmengine - INFO - Epoch(train)   [5][535/947]  lr: 9.8143e-04  eta: 2 days, 11:00:01  time: 2.4576  data_time: 0.0024  memory: 19774  grad_norm: 60.1199  loss: 9.0933  loss_text: 1.2787  loss_center: 3.1188  loss_reg_x: 2.9246  loss_reg_y: 1.7712
2025/12/28 00:23:02 - mmengine - INFO - Epoch(train)   [5][540/947]  lr: 9.8143e-04  eta: 2 days, 10:59:41  time: 2.3499  data_time: 0.0024  memory: 19774  grad_norm: 56.1505  loss: 9.0104  loss_text: 1.2093  loss_center: 3.1187  loss_reg_x: 2.8549  loss_reg_y: 1.8275
2025/12/28 00:23:13 - mmengine - INFO - Epoch(train)   [5][545/947]  lr: 9.8143e-04  eta: 2 days, 10:59:29  time: 2.3137  data_time: 0.0025  memory: 19774  grad_norm: 51.6724  loss: 8.8880  loss_text: 1.2233  loss_center: 3.1185  loss_reg_x: 2.6868  loss_reg_y: 1.8594
2025/12/28 00:23:26 - mmengine - INFO - Epoch(train)   [5][550/947]  lr: 9.8143e-04  eta: 2 days, 10:59:31  time: 2.4105  data_time: 0.0023  memory: 19774  grad_norm: 46.8849  loss: 8.8097  loss_text: 1.2212  loss_center: 3.1179  loss_reg_x: 2.6706  loss_reg_y: 1.8000
2025/12/28 00:23:38 - mmengine - INFO - Epoch(train)   [5][555/947]  lr: 9.8143e-04  eta: 2 days, 10:59:33  time: 2.4791  data_time: 0.0022  memory: 19774  grad_norm: 46.9691  loss: 8.5967  loss_text: 1.2022  loss_center: 3.1179  loss_reg_x: 2.6229  loss_reg_y: 1.6538
2025/12/28 00:23:50 - mmengine - INFO - Epoch(train)   [5][560/947]  lr: 9.8143e-04  eta: 2 days, 10:59:21  time: 2.4161  data_time: 0.0022  memory: 19774  grad_norm: 52.5103  loss: 8.8114  loss_text: 1.2392  loss_center: 3.1174  loss_reg_x: 2.7172  loss_reg_y: 1.7375
2025/12/28 00:24:02 - mmengine - INFO - Epoch(train)   [5][565/947]  lr: 9.8143e-04  eta: 2 days, 10:59:16  time: 2.3815  data_time: 0.0023  memory: 19774  grad_norm: 56.8572  loss: 9.1875  loss_text: 1.2779  loss_center: 3.1176  loss_reg_x: 2.9001  loss_reg_y: 1.8920
2025/12/28 00:24:14 - mmengine - INFO - Epoch(train)   [5][570/947]  lr: 9.8143e-04  eta: 2 days, 10:59:05  time: 2.3890  data_time: 0.0024  memory: 19774  grad_norm: 60.0519  loss: 9.2069  loss_text: 1.3015  loss_center: 3.1177  loss_reg_x: 2.8245  loss_reg_y: 1.9632
2025/12/28 00:24:25 - mmengine - INFO - Epoch(train)   [5][575/947]  lr: 9.8143e-04  eta: 2 days, 10:58:47  time: 2.3261  data_time: 0.0023  memory: 19774  grad_norm: 63.6177  loss: 9.0328  loss_text: 1.2955  loss_center: 3.1168  loss_reg_x: 2.6847  loss_reg_y: 1.9358
2025/12/28 00:24:37 - mmengine - INFO - Epoch(train)   [5][580/947]  lr: 9.8143e-04  eta: 2 days, 10:58:30  time: 2.2932  data_time: 0.0025  memory: 19774  grad_norm: 56.9839  loss: 8.9125  loss_text: 1.2442  loss_center: 3.1168  loss_reg_x: 2.6665  loss_reg_y: 1.8851
2025/12/28 00:24:49 - mmengine - INFO - Epoch(train)   [5][585/947]  lr: 9.8143e-04  eta: 2 days, 10:58:25  time: 2.3549  data_time: 0.0026  memory: 19774  grad_norm: 55.1938  loss: 8.9576  loss_text: 1.2112  loss_center: 3.1153  loss_reg_x: 2.7909  loss_reg_y: 1.8402
2025/12/28 00:25:01 - mmengine - INFO - Epoch(train)   [5][590/947]  lr: 9.8143e-04  eta: 2 days, 10:58:17  time: 2.4033  data_time: 0.0023  memory: 19774  grad_norm: 54.6974  loss: 9.0170  loss_text: 1.2344  loss_center: 3.1149  loss_reg_x: 2.9249  loss_reg_y: 1.7428
2025/12/28 00:25:13 - mmengine - INFO - Epoch(train)   [5][595/947]  lr: 9.8143e-04  eta: 2 days, 10:58:10  time: 2.3929  data_time: 0.0023  memory: 19774  grad_norm: 51.7780  loss: 8.7124  loss_text: 1.2376  loss_center: 3.1162  loss_reg_x: 2.8222  loss_reg_y: 1.5364
2025/12/28 00:25:25 - mmengine - INFO - Epoch(train)   [5][600/947]  lr: 9.8143e-04  eta: 2 days, 10:58:12  time: 2.4379  data_time: 0.0022  memory: 19774  grad_norm: 56.2737  loss: 8.6625  loss_text: 1.2265  loss_center: 3.1161  loss_reg_x: 2.7315  loss_reg_y: 1.5883
2025/12/28 00:25:37 - mmengine - INFO - Epoch(train)   [5][605/947]  lr: 9.8143e-04  eta: 2 days, 10:58:01  time: 2.4219  data_time: 0.0024  memory: 19774  grad_norm: 56.3066  loss: 8.7528  loss_text: 1.2293  loss_center: 3.1156  loss_reg_x: 2.6038  loss_reg_y: 1.8041
2025/12/28 00:25:49 - mmengine - INFO - Epoch(train)   [5][610/947]  lr: 9.8143e-04  eta: 2 days, 10:57:49  time: 2.3526  data_time: 0.0024  memory: 19774  grad_norm: 56.2368  loss: 8.7813  loss_text: 1.1908  loss_center: 3.1155  loss_reg_x: 2.6777  loss_reg_y: 1.7974
2025/12/28 00:26:00 - mmengine - INFO - Epoch(train)   [5][615/947]  lr: 9.8143e-04  eta: 2 days, 10:57:29  time: 2.3105  data_time: 0.0024  memory: 19774  grad_norm: 65.3454  loss: 8.9662  loss_text: 1.2176  loss_center: 3.1153  loss_reg_x: 2.8338  loss_reg_y: 1.7996
2025/12/28 00:26:12 - mmengine - INFO - Epoch(train)   [5][620/947]  lr: 9.8143e-04  eta: 2 days, 10:57:14  time: 2.2983  data_time: 0.0023  memory: 19774  grad_norm: 65.6814  loss: 8.9368  loss_text: 1.2270  loss_center: 3.1145  loss_reg_x: 2.8049  loss_reg_y: 1.7904
2025/12/28 00:26:24 - mmengine - INFO - Epoch(train)   [5][625/947]  lr: 9.8143e-04  eta: 2 days, 10:57:05  time: 2.3445  data_time: 0.0022  memory: 19774  grad_norm: 64.0771  loss: 9.0253  loss_text: 1.2060  loss_center: 3.1146  loss_reg_x: 2.8573  loss_reg_y: 1.8473
2025/12/28 00:26:35 - mmengine - INFO - Epoch(train)   [5][630/947]  lr: 9.8143e-04  eta: 2 days, 10:56:40  time: 2.2972  data_time: 0.0022  memory: 19774  grad_norm: 71.9208  loss: 8.9404  loss_text: 1.2619  loss_center: 3.1139  loss_reg_x: 2.8202  loss_reg_y: 1.7445
2025/12/28 00:26:46 - mmengine - INFO - Epoch(train)   [5][635/947]  lr: 9.8143e-04  eta: 2 days, 10:56:28  time: 2.2857  data_time: 0.0021  memory: 19774  grad_norm: 68.1202  loss: 8.6828  loss_text: 1.2569  loss_center: 3.1129  loss_reg_x: 2.6574  loss_reg_y: 1.6556
2025/12/28 00:26:59 - mmengine - INFO - Epoch(train)   [5][640/947]  lr: 9.8143e-04  eta: 2 days, 10:56:23  time: 2.3798  data_time: 0.0022  memory: 19774  grad_norm: 60.9998  loss: 8.6502  loss_text: 1.1907  loss_center: 3.1128  loss_reg_x: 2.6584  loss_reg_y: 1.6883
2025/12/28 00:27:10 - mmengine - INFO - Epoch(train)   [5][645/947]  lr: 9.8143e-04  eta: 2 days, 10:56:09  time: 2.3725  data_time: 0.0023  memory: 19774  grad_norm: 65.8391  loss: 8.7675  loss_text: 1.1896  loss_center: 3.1123  loss_reg_x: 2.7675  loss_reg_y: 1.6981
2025/12/28 00:27:22 - mmengine - INFO - Epoch(train)   [5][650/947]  lr: 9.8143e-04  eta: 2 days, 10:55:58  time: 2.3453  data_time: 0.0024  memory: 19774  grad_norm: 61.8962  loss: 8.8077  loss_text: 1.1951  loss_center: 3.1113  loss_reg_x: 2.7397  loss_reg_y: 1.7615
2025/12/28 00:27:34 - mmengine - INFO - Epoch(train)   [5][655/947]  lr: 9.8143e-04  eta: 2 days, 10:55:43  time: 2.3373  data_time: 0.0023  memory: 19774  grad_norm: 52.4706  loss: 8.6197  loss_text: 1.1738  loss_center: 3.1106  loss_reg_x: 2.6274  loss_reg_y: 1.7079
2025/12/28 00:27:46 - mmengine - INFO - Epoch(train)   [5][660/947]  lr: 9.8143e-04  eta: 2 days, 10:55:40  time: 2.3792  data_time: 0.0023  memory: 19774  grad_norm: 53.5506  loss: 8.6023  loss_text: 1.1821  loss_center: 3.1113  loss_reg_x: 2.6307  loss_reg_y: 1.6782
2025/12/28 00:27:58 - mmengine - INFO - Epoch(train)   [5][665/947]  lr: 9.8143e-04  eta: 2 days, 10:55:31  time: 2.4072  data_time: 0.0023  memory: 19774  grad_norm: 60.1871  loss: 8.6416  loss_text: 1.2041  loss_center: 3.1126  loss_reg_x: 2.6239  loss_reg_y: 1.7010
2025/12/28 00:28:09 - mmengine - INFO - Epoch(train)   [5][670/947]  lr: 9.8143e-04  eta: 2 days, 10:55:09  time: 2.3135  data_time: 0.0024  memory: 19774  grad_norm: 56.9348  loss: 8.7154  loss_text: 1.2190  loss_center: 3.1120  loss_reg_x: 2.6333  loss_reg_y: 1.7511
2025/12/28 00:28:21 - mmengine - INFO - Epoch(train)   [5][675/947]  lr: 9.8143e-04  eta: 2 days, 10:54:58  time: 2.3048  data_time: 0.0024  memory: 19774  grad_norm: 53.7714  loss: 9.1067  loss_text: 1.2289  loss_center: 3.1134  loss_reg_x: 2.9097  loss_reg_y: 1.8547
2025/12/28 00:28:33 - mmengine - INFO - Epoch(train)   [5][680/947]  lr: 9.8143e-04  eta: 2 days, 10:54:50  time: 2.3725  data_time: 0.0022  memory: 19774  grad_norm: 56.9251  loss: 9.1226  loss_text: 1.2613  loss_center: 3.1140  loss_reg_x: 2.9202  loss_reg_y: 1.8272
2025/12/28 00:28:44 - mmengine - INFO - Epoch(train)   [5][685/947]  lr: 9.8143e-04  eta: 2 days, 10:54:36  time: 2.3599  data_time: 0.0022  memory: 19774  grad_norm: 56.4112  loss: 8.9824  loss_text: 1.3140  loss_center: 3.1133  loss_reg_x: 2.7403  loss_reg_y: 1.8149
2025/12/28 00:28:57 - mmengine - INFO - Epoch(train)   [5][690/947]  lr: 9.8143e-04  eta: 2 days, 10:54:40  time: 2.4167  data_time: 0.0023  memory: 19774  grad_norm: 51.8223  loss: 8.8647  loss_text: 1.2969  loss_center: 3.1127  loss_reg_x: 2.7269  loss_reg_y: 1.7282
2025/12/28 00:29:09 - mmengine - INFO - Epoch(train)   [5][695/947]  lr: 9.8143e-04  eta: 2 days, 10:54:34  time: 2.4575  data_time: 0.0023  memory: 19774  grad_norm: 54.8039  loss: 8.8307  loss_text: 1.2150  loss_center: 3.1119  loss_reg_x: 2.8225  loss_reg_y: 1.6813
2025/12/28 00:29:21 - mmengine - INFO - Epoch(train)   [5][700/947]  lr: 9.8143e-04  eta: 2 days, 10:54:30  time: 2.4183  data_time: 0.0023  memory: 19774  grad_norm: 59.3679  loss: 8.8307  loss_text: 1.1811  loss_center: 3.1103  loss_reg_x: 2.8511  loss_reg_y: 1.6881
2025/12/28 00:29:33 - mmengine - INFO - Epoch(train)   [5][705/947]  lr: 9.8143e-04  eta: 2 days, 10:54:27  time: 2.4304  data_time: 0.0023  memory: 19774  grad_norm: 54.5080  loss: 8.7033  loss_text: 1.1981  loss_center: 3.1094  loss_reg_x: 2.7050  loss_reg_y: 1.6909
2025/12/28 00:29:46 - mmengine - INFO - Epoch(train)   [5][710/947]  lr: 9.8143e-04  eta: 2 days, 10:54:31  time: 2.4709  data_time: 0.0024  memory: 19774  grad_norm: 54.3298  loss: 8.7246  loss_text: 1.2170  loss_center: 3.1123  loss_reg_x: 2.6210  loss_reg_y: 1.7743
2025/12/28 00:29:57 - mmengine - INFO - Epoch(train)   [5][715/947]  lr: 9.8143e-04  eta: 2 days, 10:54:18  time: 2.4223  data_time: 0.0024  memory: 19774  grad_norm: 53.2141  loss: 8.7605  loss_text: 1.2186  loss_center: 3.1099  loss_reg_x: 2.6102  loss_reg_y: 1.8218
2025/12/28 00:30:09 - mmengine - INFO - Epoch(train)   [5][720/947]  lr: 9.8143e-04  eta: 2 days, 10:54:06  time: 2.3423  data_time: 0.0023  memory: 19774  grad_norm: 49.6282  loss: 8.9239  loss_text: 1.2302  loss_center: 3.1081  loss_reg_x: 2.7125  loss_reg_y: 1.8731
2025/12/28 00:30:23 - mmengine - INFO - Epoch(train)   [5][725/947]  lr: 9.8143e-04  eta: 2 days, 10:54:29  time: 2.5250  data_time: 0.0022  memory: 19774  grad_norm: 53.3942  loss: 9.0037  loss_text: 1.2152  loss_center: 3.1088  loss_reg_x: 2.8375  loss_reg_y: 1.8421
2025/12/28 00:30:35 - mmengine - INFO - Epoch(train)   [5][730/947]  lr: 9.8143e-04  eta: 2 days, 10:54:27  time: 2.5771  data_time: 0.0022  memory: 19774  grad_norm: 53.6195  loss: 8.6993  loss_text: 1.1838  loss_center: 3.1075  loss_reg_x: 2.7297  loss_reg_y: 1.6784
2025/12/28 00:30:47 - mmengine - INFO - Epoch(train)   [5][735/947]  lr: 9.8143e-04  eta: 2 days, 10:54:16  time: 2.4037  data_time: 0.0023  memory: 19774  grad_norm: 52.3748  loss: 8.3807  loss_text: 1.1853  loss_center: 3.1069  loss_reg_x: 2.5602  loss_reg_y: 1.5283
2025/12/28 00:30:59 - mmengine - INFO - Epoch(train)   [5][740/947]  lr: 9.8143e-04  eta: 2 days, 10:54:16  time: 2.4123  data_time: 0.0023  memory: 19774  grad_norm: 50.3205  loss: 8.3759  loss_text: 1.1876  loss_center: 3.1068  loss_reg_x: 2.5020  loss_reg_y: 1.5796
2025/12/28 00:31:11 - mmengine - INFO - Epoch(train)   [5][745/947]  lr: 9.8143e-04  eta: 2 days, 10:54:09  time: 2.4344  data_time: 0.0023  memory: 19774  grad_norm: 50.8081  loss: 8.4621  loss_text: 1.2032  loss_center: 3.1101  loss_reg_x: 2.5870  loss_reg_y: 1.5618
2025/12/28 00:31:23 - mmengine - INFO - Epoch(train)   [5][750/947]  lr: 9.8143e-04  eta: 2 days, 10:53:58  time: 2.3808  data_time: 0.0023  memory: 19774  grad_norm: 52.4055  loss: 8.8013  loss_text: 1.2108  loss_center: 3.1095  loss_reg_x: 2.7706  loss_reg_y: 1.7103
2025/12/28 00:31:35 - mmengine - INFO - Epoch(train)   [5][755/947]  lr: 9.8143e-04  eta: 2 days, 10:54:01  time: 2.4318  data_time: 0.0022  memory: 19774  grad_norm: 54.4950  loss: 9.0354  loss_text: 1.2043  loss_center: 3.1065  loss_reg_x: 2.7745  loss_reg_y: 1.9501
2025/12/28 00:31:48 - mmengine - INFO - Epoch(train)   [5][760/947]  lr: 9.8143e-04  eta: 2 days, 10:53:58  time: 2.4718  data_time: 0.0023  memory: 19774  grad_norm: 56.2071  loss: 8.8019  loss_text: 1.2121  loss_center: 3.1051  loss_reg_x: 2.7253  loss_reg_y: 1.7594
2025/12/28 00:31:59 - mmengine - INFO - Epoch(train)   [5][765/947]  lr: 9.8143e-04  eta: 2 days, 10:53:47  time: 2.3985  data_time: 0.0023  memory: 19774  grad_norm: 54.2621  loss: 8.7492  loss_text: 1.2271  loss_center: 3.1058  loss_reg_x: 2.8065  loss_reg_y: 1.6099
2025/12/28 00:32:12 - mmengine - INFO - Epoch(train)   [5][770/947]  lr: 9.8143e-04  eta: 2 days, 10:53:54  time: 2.4484  data_time: 0.0023  memory: 19774  grad_norm: 53.5246  loss: 8.6750  loss_text: 1.2185  loss_center: 3.1063  loss_reg_x: 2.7284  loss_reg_y: 1.6217
2025/12/28 00:32:24 - mmengine - INFO - Epoch(train)   [5][775/947]  lr: 9.8143e-04  eta: 2 days, 10:53:52  time: 2.4989  data_time: 0.0026  memory: 19774  grad_norm: 56.3113  loss: 8.4114  loss_text: 1.1885  loss_center: 3.1033  loss_reg_x: 2.5743  loss_reg_y: 1.5453
2025/12/28 00:32:36 - mmengine - INFO - Epoch(train)   [5][780/947]  lr: 9.8143e-04  eta: 2 days, 10:53:43  time: 2.4163  data_time: 0.0028  memory: 19774  grad_norm: 66.9086  loss: 8.7672  loss_text: 1.2030  loss_center: 3.1062  loss_reg_x: 2.7745  loss_reg_y: 1.6835
2025/12/28 00:32:48 - mmengine - INFO - Epoch(train)   [5][785/947]  lr: 9.8143e-04  eta: 2 days, 10:53:34  time: 2.3803  data_time: 0.0026  memory: 19774  grad_norm: 71.5577  loss: 9.0011  loss_text: 1.2506  loss_center: 3.1073  loss_reg_x: 2.8504  loss_reg_y: 1.7928
2025/12/28 00:33:01 - mmengine - INFO - Epoch(train)   [5][790/947]  lr: 9.8143e-04  eta: 2 days, 10:53:46  time: 2.4885  data_time: 0.0024  memory: 19774  grad_norm: 61.6990  loss: 8.6807  loss_text: 1.2084  loss_center: 3.1040  loss_reg_x: 2.7626  loss_reg_y: 1.6057
2025/12/28 00:33:13 - mmengine - INFO - Epoch(train)   [5][795/947]  lr: 9.8143e-04  eta: 2 days, 10:53:31  time: 2.4559  data_time: 0.0027  memory: 19774  grad_norm: 55.2304  loss: 8.6111  loss_text: 1.1797  loss_center: 3.1039  loss_reg_x: 2.7006  loss_reg_y: 1.6269
2025/12/28 00:33:25 - mmengine - INFO - Epoch(train)   [5][800/947]  lr: 9.8143e-04  eta: 2 days, 10:53:32  time: 2.4001  data_time: 0.0026  memory: 19774  grad_norm: 49.8525  loss: 8.4797  loss_text: 1.2140  loss_center: 3.1028  loss_reg_x: 2.5213  loss_reg_y: 1.6417
2025/12/28 00:33:37 - mmengine - INFO - Epoch(train)   [5][805/947]  lr: 9.8143e-04  eta: 2 days, 10:53:24  time: 2.4340  data_time: 0.0025  memory: 19774  grad_norm: 43.8214  loss: 8.4547  loss_text: 1.1914  loss_center: 3.1020  loss_reg_x: 2.5649  loss_reg_y: 1.5964
2025/12/28 00:33:49 - mmengine - INFO - Epoch(train)   [5][810/947]  lr: 9.8143e-04  eta: 2 days, 10:53:18  time: 2.4007  data_time: 0.0026  memory: 19774  grad_norm: 51.4026  loss: 8.6611  loss_text: 1.2016  loss_center: 3.1052  loss_reg_x: 2.7338  loss_reg_y: 1.6206
2025/12/28 00:34:02 - mmengine - INFO - Epoch(train)   [5][815/947]  lr: 9.8143e-04  eta: 2 days, 10:53:20  time: 2.4574  data_time: 0.0023  memory: 19774  grad_norm: 54.1272  loss: 8.7526  loss_text: 1.1812  loss_center: 3.1045  loss_reg_x: 2.7455  loss_reg_y: 1.7215
2025/12/28 00:34:14 - mmengine - INFO - Epoch(train)   [5][820/947]  lr: 9.8143e-04  eta: 2 days, 10:53:19  time: 2.4780  data_time: 0.0023  memory: 19774  grad_norm: 51.5232  loss: 8.5967  loss_text: 1.1350  loss_center: 3.1043  loss_reg_x: 2.6476  loss_reg_y: 1.7098
2025/12/28 00:34:26 - mmengine - INFO - Epoch(train)   [5][825/947]  lr: 9.8143e-04  eta: 2 days, 10:53:12  time: 2.4321  data_time: 0.0025  memory: 19774  grad_norm: 56.5885  loss: 8.6355  loss_text: 1.2100  loss_center: 3.1049  loss_reg_x: 2.6272  loss_reg_y: 1.6933
2025/12/28 00:34:38 - mmengine - INFO - Epoch(train)   [5][830/947]  lr: 9.8143e-04  eta: 2 days, 10:53:13  time: 2.4422  data_time: 0.0025  memory: 19774  grad_norm: 60.1094  loss: 8.5935  loss_text: 1.2252  loss_center: 3.1038  loss_reg_x: 2.6367  loss_reg_y: 1.6278
2025/12/28 00:34:50 - mmengine - INFO - Epoch(train)   [5][835/947]  lr: 9.8143e-04  eta: 2 days, 10:53:09  time: 2.4555  data_time: 0.0024  memory: 19774  grad_norm: 59.1131  loss: 8.2253  loss_text: 1.1496  loss_center: 3.1025  loss_reg_x: 2.5248  loss_reg_y: 1.4484
2025/12/28 00:35:02 - mmengine - INFO - Epoch(train)   [5][840/947]  lr: 9.8143e-04  eta: 2 days, 10:52:58  time: 2.3966  data_time: 0.0023  memory: 19774  grad_norm: 58.8432  loss: 8.6286  loss_text: 1.2112  loss_center: 3.1033  loss_reg_x: 2.7385  loss_reg_y: 1.5756
2025/12/28 00:35:14 - mmengine - INFO - Epoch(train)   [5][845/947]  lr: 9.8143e-04  eta: 2 days, 10:52:37  time: 2.3123  data_time: 0.0024  memory: 19774  grad_norm: 57.8171  loss: 8.7114  loss_text: 1.2400  loss_center: 3.1030  loss_reg_x: 2.8291  loss_reg_y: 1.5392
2025/12/28 00:35:25 - mmengine - INFO - Epoch(train)   [5][850/947]  lr: 9.8143e-04  eta: 2 days, 10:52:22  time: 2.2930  data_time: 0.0024  memory: 19774  grad_norm: 57.2313  loss: 8.6171  loss_text: 1.2433  loss_center: 3.1030  loss_reg_x: 2.6825  loss_reg_y: 1.5882
2025/12/28 00:35:37 - mmengine - INFO - Epoch(train)   [5][855/947]  lr: 9.8143e-04  eta: 2 days, 10:52:19  time: 2.3797  data_time: 0.0023  memory: 19774  grad_norm: 57.1814  loss: 9.0623  loss_text: 1.2870  loss_center: 3.1067  loss_reg_x: 2.8401  loss_reg_y: 1.8286
2025/12/28 00:35:50 - mmengine - INFO - Epoch(train)   [5][860/947]  lr: 9.8143e-04  eta: 2 days, 10:52:18  time: 2.4548  data_time: 0.0023  memory: 19774  grad_norm: 53.5538  loss: 8.8732  loss_text: 1.2419  loss_center: 3.1071  loss_reg_x: 2.8524  loss_reg_y: 1.6719
2025/12/28 00:36:01 - mmengine - INFO - Epoch(train)   [5][865/947]  lr: 9.8143e-04  eta: 2 days, 10:52:07  time: 2.4128  data_time: 0.0023  memory: 19774  grad_norm: 53.0940  loss: 8.7378  loss_text: 1.1904  loss_center: 3.1045  loss_reg_x: 2.8710  loss_reg_y: 1.5719
2025/12/28 00:36:14 - mmengine - INFO - Epoch(train)   [5][870/947]  lr: 9.8143e-04  eta: 2 days, 10:52:07  time: 2.4160  data_time: 0.0023  memory: 19774  grad_norm: 67.6811  loss: 8.9204  loss_text: 1.1970  loss_center: 3.1049  loss_reg_x: 2.8701  loss_reg_y: 1.7483
2025/12/28 00:36:26 - mmengine - INFO - Epoch(train)   [5][875/947]  lr: 9.8143e-04  eta: 2 days, 10:52:02  time: 2.4495  data_time: 0.0022  memory: 19774  grad_norm: 74.7409  loss: 8.8344  loss_text: 1.2310  loss_center: 3.1033  loss_reg_x: 2.7822  loss_reg_y: 1.7179
2025/12/28 00:36:38 - mmengine - INFO - Epoch(train)   [5][880/947]  lr: 9.8143e-04  eta: 2 days, 10:51:55  time: 2.4122  data_time: 0.0023  memory: 19774  grad_norm: 66.0733  loss: 8.8017  loss_text: 1.2143  loss_center: 3.1012  loss_reg_x: 2.7740  loss_reg_y: 1.7122
2025/12/28 00:36:50 - mmengine - INFO - Epoch(train)   [5][885/947]  lr: 9.8143e-04  eta: 2 days, 10:51:56  time: 2.4471  data_time: 0.0023  memory: 19774  grad_norm: 57.2461  loss: 8.7892  loss_text: 1.1757  loss_center: 3.1016  loss_reg_x: 2.6457  loss_reg_y: 1.8662
2025/12/28 00:37:02 - mmengine - INFO - Epoch(train)   [5][890/947]  lr: 9.8143e-04  eta: 2 days, 10:51:50  time: 2.4495  data_time: 0.0022  memory: 19774  grad_norm: 52.5572  loss: 8.6652  loss_text: 1.1651  loss_center: 3.0983  loss_reg_x: 2.6085  loss_reg_y: 1.7932
2025/12/28 00:37:14 - mmengine - INFO - Epoch(train)   [5][895/947]  lr: 9.8143e-04  eta: 2 days, 10:51:42  time: 2.4019  data_time: 0.0023  memory: 19774  grad_norm: 61.7576  loss: 8.7280  loss_text: 1.1828  loss_center: 3.0995  loss_reg_x: 2.6790  loss_reg_y: 1.7667
2025/12/28 00:37:26 - mmengine - INFO - Epoch(train)   [5][900/947]  lr: 9.8143e-04  eta: 2 days, 10:51:29  time: 2.3701  data_time: 0.0023  memory: 19774  grad_norm: 66.1227  loss: 8.8721  loss_text: 1.2152  loss_center: 3.1024  loss_reg_x: 2.6993  loss_reg_y: 1.8552
2025/12/28 00:37:38 - mmengine - INFO - Epoch(train)   [5][905/947]  lr: 9.8143e-04  eta: 2 days, 10:51:25  time: 2.3867  data_time: 0.0022  memory: 19774  grad_norm: 60.9860  loss: 8.8287  loss_text: 1.1971  loss_center: 3.1030  loss_reg_x: 2.6722  loss_reg_y: 1.8564
2025/12/28 00:37:50 - mmengine - INFO - Epoch(train)   [5][910/947]  lr: 9.8143e-04  eta: 2 days, 10:51:15  time: 2.4013  data_time: 0.0022  memory: 19774  grad_norm: 58.7566  loss: 8.7606  loss_text: 1.1456  loss_center: 3.1054  loss_reg_x: 2.7416  loss_reg_y: 1.7680
2025/12/28 00:38:02 - mmengine - INFO - Epoch(train)   [5][915/947]  lr: 9.8143e-04  eta: 2 days, 10:51:01  time: 2.3559  data_time: 0.0022  memory: 19774  grad_norm: 52.6097  loss: 8.6449  loss_text: 1.2105  loss_center: 3.1048  loss_reg_x: 2.7420  loss_reg_y: 1.5876
2025/12/28 00:38:14 - mmengine - INFO - Epoch(train)   [5][920/947]  lr: 9.8143e-04  eta: 2 days, 10:50:50  time: 2.3496  data_time: 0.0022  memory: 19774  grad_norm: 56.1872  loss: 8.7661  loss_text: 1.2241  loss_center: 3.1028  loss_reg_x: 2.7719  loss_reg_y: 1.6673
2025/12/28 00:38:26 - mmengine - INFO - Epoch(train)   [5][925/947]  lr: 9.8143e-04  eta: 2 days, 10:50:51  time: 2.4241  data_time: 0.0023  memory: 19774  grad_norm: inf  loss: 9.0567  loss_text: 1.2101  loss_center: 3.1026  loss_reg_x: 2.9049  loss_reg_y: 1.8391
2025/12/28 00:38:38 - mmengine - INFO - Epoch(train)   [5][930/947]  lr: 9.8143e-04  eta: 2 days, 10:50:43  time: 2.4402  data_time: 0.0023  memory: 19774  grad_norm: inf  loss: 8.7518  loss_text: 1.2154  loss_center: 3.1013  loss_reg_x: 2.6708  loss_reg_y: 1.7643
2025/12/28 00:38:50 - mmengine - INFO - Epoch(train)   [5][935/947]  lr: 9.8143e-04  eta: 2 days, 10:50:25  time: 2.3406  data_time: 0.0022  memory: 19774  grad_norm: 56.6608  loss: 8.6797  loss_text: 1.1841  loss_center: 3.1037  loss_reg_x: 2.6348  loss_reg_y: 1.7571
2025/12/28 00:39:00 - mmengine - INFO - Epoch(train)   [5][940/947]  lr: 9.8143e-04  eta: 2 days, 10:49:55  time: 2.2246  data_time: 0.0021  memory: 19774  grad_norm: 56.9991  loss: 8.9717  loss_text: 1.1986  loss_center: 3.1022  loss_reg_x: 2.8625  loss_reg_y: 1.8084
2025/12/28 00:39:12 - mmengine - INFO - Epoch(train)   [5][945/947]  lr: 9.8143e-04  eta: 2 days, 10:49:34  time: 2.2094  data_time: 0.0021  memory: 19774  grad_norm: 68.5996  loss: 9.0075  loss_text: 1.2047  loss_center: 3.1028  loss_reg_x: 2.8826  loss_reg_y: 1.8174
2025/12/28 00:39:14 - mmengine - INFO - Exp name: fcenet_r50dcnv2_fpn_1500e_art_rctw_rects_finetune_20251227_212810
2025/12/28 00:39:30 - mmengine - INFO - Epoch(train)   [6][  5/947]  lr: 9.7212e-04  eta: 2 days, 10:49:45  time: 2.4585  data_time: 0.3013  memory: 19774  grad_norm: 70.4076  loss: 8.6620  loss_text: 1.1448  loss_center: 3.0361  loss_reg_x: 2.6702  loss_reg_y: 1.8109
2025/12/28 00:39:42 - mmengine - INFO - Epoch(train)   [6][ 10/947]  lr: 9.7212e-04  eta: 2 days, 10:49:51  time: 2.8063  data_time: 0.3013  memory: 19774  grad_norm: 56.0242  loss: 8.7573  loss_text: 1.1668  loss_center: 3.1023  loss_reg_x: 2.7317  loss_reg_y: 1.7565
2025/12/28 00:39:54 - mmengine - INFO - Epoch(train)   [6][ 15/947]  lr: 9.7212e-04  eta: 2 days, 10:49:41  time: 2.4570  data_time: 0.0023  memory: 19774  grad_norm: 56.9689  loss: 8.7018  loss_text: 1.2155  loss_center: 3.0998  loss_reg_x: 2.6228  loss_reg_y: 1.7637
2025/12/28 00:40:06 - mmengine - INFO - Epoch(train)   [6][ 20/947]  lr: 9.7212e-04  eta: 2 days, 10:49:33  time: 2.3874  data_time: 0.0024  memory: 19774  grad_norm: 53.7933  loss: 8.5861  loss_text: 1.2667  loss_center: 3.1005  loss_reg_x: 2.5381  loss_reg_y: 1.6808
2025/12/28 00:40:18 - mmengine - INFO - Epoch(train)   [6][ 25/947]  lr: 9.7212e-04  eta: 2 days, 10:49:33  time: 2.4336  data_time: 0.0023  memory: 19774  grad_norm: 51.2301  loss: 8.4509  loss_text: 1.2324  loss_center: 3.0966  loss_reg_x: 2.5427  loss_reg_y: 1.5791
2025/12/28 00:40:30 - mmengine - INFO - Epoch(train)   [6][ 30/947]  lr: 9.7212e-04  eta: 2 days, 10:49:17  time: 2.3925  data_time: 0.0023  memory: 19774  grad_norm: 51.9677  loss: 8.4453  loss_text: 1.1758  loss_center: 3.0933  loss_reg_x: 2.5847  loss_reg_y: 1.5916
2025/12/28 00:40:42 - mmengine - INFO - Epoch(train)   [6][ 35/947]  lr: 9.7212e-04  eta: 2 days, 10:49:13  time: 2.3763  data_time: 0.0022  memory: 19774  grad_norm: 51.0661  loss: 8.3550  loss_text: 1.1538  loss_center: 3.0961  loss_reg_x: 2.5461  loss_reg_y: 1.5590
2025/12/28 00:40:55 - mmengine - INFO - Epoch(train)   [6][ 40/947]  lr: 9.7212e-04  eta: 2 days, 10:49:22  time: 2.5078  data_time: 0.0023  memory: 19774  grad_norm: 48.9815  loss: 8.2464  loss_text: 1.1517  loss_center: 3.0951  loss_reg_x: 2.4925  loss_reg_y: 1.5071
2025/12/28 00:41:08 - mmengine - INFO - Epoch(train)   [6][ 45/947]  lr: 9.7212e-04  eta: 2 days, 10:49:22  time: 2.5297  data_time: 0.0024  memory: 19774  grad_norm: 51.7194  loss: 8.6387  loss_text: 1.2023  loss_center: 3.0997  loss_reg_x: 2.6833  loss_reg_y: 1.6535
2025/12/28 00:41:20 - mmengine - INFO - Epoch(train)   [6][ 50/947]  lr: 9.7212e-04  eta: 2 days, 10:49:19  time: 2.4598  data_time: 0.0022  memory: 19774  grad_norm: 58.7535  loss: 8.8661  loss_text: 1.2040  loss_center: 3.1008  loss_reg_x: 2.8169  loss_reg_y: 1.7443
2025/12/28 00:41:32 - mmengine - INFO - Epoch(train)   [6][ 55/947]  lr: 9.7212e-04  eta: 2 days, 10:49:12  time: 2.4271  data_time: 0.0022  memory: 19774  grad_norm: 64.1118  loss: 8.8143  loss_text: 1.2030  loss_center: 3.0974  loss_reg_x: 2.7348  loss_reg_y: 1.7790
2025/12/28 00:41:44 - mmengine - INFO - Epoch(train)   [6][ 60/947]  lr: 9.7212e-04  eta: 2 days, 10:49:00  time: 2.3798  data_time: 0.0022  memory: 19774  grad_norm: 57.0069  loss: 8.9131  loss_text: 1.2312  loss_center: 3.0992  loss_reg_x: 2.7302  loss_reg_y: 1.8524
2025/12/28 00:41:55 - mmengine - INFO - Epoch(train)   [6][ 65/947]  lr: 9.7212e-04  eta: 2 days, 10:48:41  time: 2.3142  data_time: 0.0022  memory: 19774  grad_norm: 50.3351  loss: 8.7801  loss_text: 1.1917  loss_center: 3.0987  loss_reg_x: 2.7343  loss_reg_y: 1.7554
2025/12/28 00:42:07 - mmengine - INFO - Epoch(train)   [6][ 70/947]  lr: 9.7212e-04  eta: 2 days, 10:48:41  time: 2.3792  data_time: 0.0024  memory: 19774  grad_norm: 51.4230  loss: 8.4684  loss_text: 1.1665  loss_center: 3.0965  loss_reg_x: 2.5774  loss_reg_y: 1.6280
2025/12/28 00:42:19 - mmengine - INFO - Epoch(train)   [6][ 75/947]  lr: 9.7212e-04  eta: 2 days, 10:48:29  time: 2.4143  data_time: 0.0024  memory: 19774  grad_norm: 52.8954  loss: 8.4281  loss_text: 1.1426  loss_center: 3.0959  loss_reg_x: 2.5693  loss_reg_y: 1.6203
2025/12/28 00:42:30 - mmengine - INFO - Epoch(train)   [6][ 80/947]  lr: 9.7212e-04  eta: 2 days, 10:48:05  time: 2.2909  data_time: 0.0023  memory: 19774  grad_norm: 54.3752  loss: 8.7196  loss_text: 1.1447  loss_center: 3.1001  loss_reg_x: 2.7502  loss_reg_y: 1.7246
2025/12/28 00:42:42 - mmengine - INFO - Epoch(train)   [6][ 85/947]  lr: 9.7212e-04  eta: 2 days, 10:47:53  time: 2.2890  data_time: 0.0023  memory: 19774  grad_norm: 54.8661  loss: 8.7898  loss_text: 1.1616  loss_center: 3.1027  loss_reg_x: 2.7940  loss_reg_y: 1.7316
2025/12/28 00:42:54 - mmengine - INFO - Epoch(train)   [6][ 90/947]  lr: 9.7212e-04  eta: 2 days, 10:47:54  time: 2.4214  data_time: 0.0025  memory: 19774  grad_norm: 53.2642  loss: 8.4434  loss_text: 1.1503  loss_center: 3.0992  loss_reg_x: 2.6538  loss_reg_y: 1.5401
2025/12/28 00:43:06 - mmengine - INFO - Epoch(train)   [6][ 95/947]  lr: 9.7212e-04  eta: 2 days, 10:47:32  time: 2.3697  data_time: 0.0026  memory: 19774  grad_norm: 57.7753  loss: 8.4254  loss_text: 1.1571  loss_center: 3.0999  loss_reg_x: 2.5613  loss_reg_y: 1.6071
2025/12/28 00:43:18 - mmengine - INFO - Epoch(train)   [6][100/947]  lr: 9.7212e-04  eta: 2 days, 10:47:21  time: 2.3049  data_time: 0.0024  memory: 19774  grad_norm: 62.8970  loss: 8.6438  loss_text: 1.1815  loss_center: 3.0996  loss_reg_x: 2.5865  loss_reg_y: 1.7762
2025/12/28 00:43:29 - mmengine - INFO - Epoch(train)   [6][105/947]  lr: 9.7212e-04  eta: 2 days, 10:47:12  time: 2.3768  data_time: 0.0023  memory: 19774  grad_norm: 65.6586  loss: 8.6114  loss_text: 1.2355  loss_center: 3.0973  loss_reg_x: 2.5627  loss_reg_y: 1.7159
2025/12/28 00:43:42 - mmengine - INFO - Epoch(train)   [6][110/947]  lr: 9.7212e-04  eta: 2 days, 10:47:12  time: 2.4349  data_time: 0.0023  memory: 19774  grad_norm: 64.2722  loss: 8.7718  loss_text: 1.2711  loss_center: 3.1012  loss_reg_x: 2.6636  loss_reg_y: 1.7359
2025/12/28 00:43:54 - mmengine - INFO - Epoch(train)   [6][115/947]  lr: 9.7212e-04  eta: 2 days, 10:46:58  time: 2.4058  data_time: 0.0024  memory: 19774  grad_norm: 55.6495  loss: 8.9011  loss_text: 1.2682  loss_center: 3.1021  loss_reg_x: 2.7443  loss_reg_y: 1.7865
2025/12/28 00:44:05 - mmengine - INFO - Epoch(train)   [6][120/947]  lr: 9.7212e-04  eta: 2 days, 10:46:48  time: 2.3529  data_time: 0.0024  memory: 19774  grad_norm: 54.2759  loss: 8.8517  loss_text: 1.2671  loss_center: 3.0954  loss_reg_x: 2.7496  loss_reg_y: 1.7396
2025/12/28 00:44:17 - mmengine - INFO - Epoch(train)   [6][125/947]  lr: 9.7212e-04  eta: 2 days, 10:46:32  time: 2.3401  data_time: 0.0024  memory: 19774  grad_norm: 57.0835  loss: 8.8390  loss_text: 1.2790  loss_center: 3.0936  loss_reg_x: 2.7532  loss_reg_y: 1.7132
2025/12/28 00:44:29 - mmengine - INFO - Epoch(train)   [6][130/947]  lr: 9.7212e-04  eta: 2 days, 10:46:24  time: 2.3491  data_time: 0.0024  memory: 19774  grad_norm: 55.4153  loss: 8.6967  loss_text: 1.2279  loss_center: 3.0961  loss_reg_x: 2.6289  loss_reg_y: 1.7438
2025/12/28 00:44:41 - mmengine - INFO - Epoch(train)   [6][135/947]  lr: 9.7212e-04  eta: 2 days, 10:46:13  time: 2.3792  data_time: 0.0026  memory: 19774  grad_norm: 56.4013  loss: 8.7472  loss_text: 1.2002  loss_center: 3.0981  loss_reg_x: 2.6364  loss_reg_y: 1.8124
2025/12/28 00:44:54 - mmengine - INFO - Epoch(train)   [6][140/947]  lr: 9.7212e-04  eta: 2 days, 10:46:20  time: 2.4661  data_time: 0.0026  memory: 19774  grad_norm: 58.6711  loss: 8.6809  loss_text: 1.2463  loss_center: 3.0990  loss_reg_x: 2.5903  loss_reg_y: 1.7454
2025/12/28 00:45:06 - mmengine - INFO - Epoch(train)   [6][145/947]  lr: 9.7212e-04  eta: 2 days, 10:46:14  time: 2.4878  data_time: 0.0028  memory: 19774  grad_norm: 57.3018  loss: 8.3965  loss_text: 1.1925  loss_center: 3.0952  loss_reg_x: 2.4294  loss_reg_y: 1.6794
2025/12/28 00:45:17 - mmengine - INFO - Epoch(train)   [6][150/947]  lr: 9.7212e-04  eta: 2 days, 10:45:56  time: 2.3532  data_time: 0.0028  memory: 19774  grad_norm: 49.3202  loss: 8.2989  loss_text: 1.1523  loss_center: 3.0898  loss_reg_x: 2.4159  loss_reg_y: 1.6409
2025/12/28 00:45:29 - mmengine - INFO - Epoch(train)   [6][155/947]  lr: 9.7212e-04  eta: 2 days, 10:45:53  time: 2.3730  data_time: 0.0024  memory: 19774  grad_norm: 47.7783  loss: 8.4081  loss_text: 1.1639  loss_center: 3.0900  loss_reg_x: 2.4803  loss_reg_y: 1.6740
2025/12/28 00:45:41 - mmengine - INFO - Epoch(train)   [6][160/947]  lr: 9.7212e-04  eta: 2 days, 10:45:44  time: 2.4170  data_time: 0.0022  memory: 19774  grad_norm: 54.5558  loss: 8.5726  loss_text: 1.1788  loss_center: 3.0936  loss_reg_x: 2.5490  loss_reg_y: 1.7512
2025/12/28 00:45:54 - mmengine - INFO - Epoch(train)   [6][165/947]  lr: 9.7212e-04  eta: 2 days, 10:45:48  time: 2.4550  data_time: 0.0024  memory: 19774  grad_norm: 52.8483  loss: 8.4098  loss_text: 1.1610  loss_center: 3.0958  loss_reg_x: 2.5157  loss_reg_y: 1.6373
2025/12/28 00:46:06 - mmengine - INFO - Epoch(train)   [6][170/947]  lr: 9.7212e-04  eta: 2 days, 10:45:41  time: 2.4646  data_time: 0.0024  memory: 19774  grad_norm: 53.7631  loss: 8.4817  loss_text: 1.1543  loss_center: 3.0963  loss_reg_x: 2.6033  loss_reg_y: 1.6277
2025/12/28 00:46:18 - mmengine - INFO - Epoch(train)   [6][175/947]  lr: 9.7212e-04  eta: 2 days, 10:45:35  time: 2.4120  data_time: 0.0023  memory: 19774  grad_norm: 56.2758  loss: 8.3442  loss_text: 1.1346  loss_center: 3.0925  loss_reg_x: 2.5080  loss_reg_y: 1.6091
2025/12/28 00:46:30 - mmengine - INFO - Epoch(train)   [6][180/947]  lr: 9.7212e-04  eta: 2 days, 10:45:29  time: 2.4217  data_time: 0.0024  memory: 19774  grad_norm: 53.8104  loss: 8.1458  loss_text: 1.1235  loss_center: 3.0949  loss_reg_x: 2.3893  loss_reg_y: 1.5381
2025/12/28 00:46:44 - mmengine - INFO - Epoch(train)   [6][185/947]  lr: 9.7212e-04  eta: 2 days, 10:45:51  time: 2.5731  data_time: 0.0023  memory: 19774  grad_norm: 55.3651  loss: 8.6306  loss_text: 1.1600  loss_center: 3.0986  loss_reg_x: 2.6391  loss_reg_y: 1.7329
2025/12/28 00:46:56 - mmengine - INFO - Epoch(train)   [6][190/947]  lr: 9.7212e-04  eta: 2 days, 10:45:48  time: 2.5911  data_time: 0.0023  memory: 19774  grad_norm: 61.1343  loss: 8.6971  loss_text: 1.1618  loss_center: 3.0962  loss_reg_x: 2.7147  loss_reg_y: 1.7244
2025/12/28 00:47:08 - mmengine - INFO - Epoch(train)   [6][195/947]  lr: 9.7212e-04  eta: 2 days, 10:45:44  time: 2.4505  data_time: 0.0024  memory: 19774  grad_norm: 67.9253  loss: 8.8123  loss_text: 1.2166  loss_center: 3.0956  loss_reg_x: 2.7343  loss_reg_y: 1.7658
2025/12/28 00:47:21 - mmengine - INFO - Epoch(train)   [6][200/947]  lr: 9.7212e-04  eta: 2 days, 10:45:49  time: 2.4907  data_time: 0.0025  memory: 19774  grad_norm: 72.7442  loss: 8.8958  loss_text: 1.2145  loss_center: 3.0953  loss_reg_x: 2.7756  loss_reg_y: 1.8105
2025/12/28 00:47:34 - mmengine - INFO - Epoch(train)   [6][205/947]  lr: 9.7212e-04  eta: 2 days, 10:46:01  time: 2.5796  data_time: 0.0025  memory: 19774  grad_norm: 68.3675  loss: 8.6488  loss_text: 1.1899  loss_center: 3.0965  loss_reg_x: 2.6963  loss_reg_y: 1.6661
2025/12/28 00:47:46 - mmengine - INFO - Epoch(train)   [6][210/947]  lr: 9.7212e-04  eta: 2 days, 10:46:01  time: 2.5521  data_time: 0.0024  memory: 19774  grad_norm: 63.9369  loss: 8.8784  loss_text: 1.1941  loss_center: 3.0987  loss_reg_x: 2.7363  loss_reg_y: 1.8493
2025/12/28 00:47:58 - mmengine - INFO - Epoch(train)   [6][215/947]  lr: 9.7212e-04  eta: 2 days, 10:45:46  time: 2.4046  data_time: 0.0023  memory: 19774  grad_norm: 57.8253  loss: 8.9458  loss_text: 1.1930  loss_center: 3.0962  loss_reg_x: 2.8150  loss_reg_y: 1.8416
2025/12/28 00:48:10 - mmengine - INFO - Epoch(train)   [6][220/947]  lr: 9.7212e-04  eta: 2 days, 10:45:35  time: 2.3416  data_time: 0.0024  memory: 19774  grad_norm: 55.5891  loss: 8.6361  loss_text: 1.2007  loss_center: 3.0948  loss_reg_x: 2.7052  loss_reg_y: 1.6354
2025/12/28 00:48:22 - mmengine - INFO - Epoch(train)   [6][225/947]  lr: 9.7212e-04  eta: 2 days, 10:45:34  time: 2.4183  data_time: 0.0025  memory: 19774  grad_norm: 58.6070  loss: 8.6642  loss_text: 1.2008  loss_center: 3.0939  loss_reg_x: 2.6830  loss_reg_y: 1.6865
2025/12/28 00:48:34 - mmengine - INFO - Epoch(train)   [6][230/947]  lr: 9.7212e-04  eta: 2 days, 10:45:25  time: 2.4314  data_time: 0.0025  memory: 19774  grad_norm: 56.6406  loss: 8.4441  loss_text: 1.1653  loss_center: 3.0925  loss_reg_x: 2.5957  loss_reg_y: 1.5906
2025/12/28 00:48:46 - mmengine - INFO - Epoch(train)   [6][235/947]  lr: 9.7212e-04  eta: 2 days, 10:45:19  time: 2.4038  data_time: 0.0024  memory: 19774  grad_norm: 50.8806  loss: 8.1911  loss_text: 1.1572  loss_center: 3.0965  loss_reg_x: 2.4972  loss_reg_y: 1.4403
2025/12/28 00:48:58 - mmengine - INFO - Epoch(train)   [6][240/947]  lr: 9.7212e-04  eta: 2 days, 10:45:14  time: 2.4305  data_time: 0.0023  memory: 19774  grad_norm: 48.8685  loss: 8.5282  loss_text: 1.2085  loss_center: 3.0999  loss_reg_x: 2.6585  loss_reg_y: 1.5614
2025/12/28 00:49:10 - mmengine - INFO - Epoch(train)   [6][245/947]  lr: 9.7212e-04  eta: 2 days, 10:45:02  time: 2.3948  data_time: 0.0023  memory: 19774  grad_norm: 59.0629  loss: 8.5688  loss_text: 1.2182  loss_center: 3.0967  loss_reg_x: 2.6893  loss_reg_y: 1.5646
2025/12/28 00:49:22 - mmengine - INFO - Epoch(train)   [6][250/947]  lr: 9.7212e-04  eta: 2 days, 10:44:57  time: 2.3929  data_time: 0.0023  memory: 19774  grad_norm: 59.0395  loss: 8.5512  loss_text: 1.2274  loss_center: 3.0935  loss_reg_x: 2.6172  loss_reg_y: 1.6130
2025/12/28 00:49:34 - mmengine - INFO - Epoch(train)   [6][255/947]  lr: 9.7212e-04  eta: 2 days, 10:44:39  time: 2.3610  data_time: 0.0023  memory: 19774  grad_norm: 54.5012  loss: 8.5826  loss_text: 1.2400  loss_center: 3.0935  loss_reg_x: 2.5138  loss_reg_y: 1.7354
2025/12/28 00:49:46 - mmengine - INFO - Epoch(train)   [6][260/947]  lr: 9.7212e-04  eta: 2 days, 10:44:35  time: 2.3646  data_time: 0.0022  memory: 19774  grad_norm: 55.0563  loss: 8.5518  loss_text: 1.2409  loss_center: 3.0924  loss_reg_x: 2.5476  loss_reg_y: 1.6709
2025/12/28 00:49:58 - mmengine - INFO - Exp name: fcenet_r50dcnv2_fpn_1500e_art_rctw_rects_finetune_20251227_212810
2025/12/28 00:49:58 - mmengine - INFO - Epoch(train)   [6][265/947]  lr: 9.7212e-04  eta: 2 days, 10:44:30  time: 2.4363  data_time: 0.0024  memory: 19774  grad_norm: 55.7299  loss: 8.6735  loss_text: 1.2190  loss_center: 3.0918  loss_reg_x: 2.6579  loss_reg_y: 1.7048
2025/12/28 00:50:10 - mmengine - INFO - Epoch(train)   [6][270/947]  lr: 9.7212e-04  eta: 2 days, 10:44:11  time: 2.3581  data_time: 0.0025  memory: 19774  grad_norm: 55.4846  loss: 8.7292  loss_text: 1.1966  loss_center: 3.0930  loss_reg_x: 2.7146  loss_reg_y: 1.7250
2025/12/28 00:50:22 - mmengine - INFO - Epoch(train)   [6][275/947]  lr: 9.7212e-04  eta: 2 days, 10:44:07  time: 2.3655  data_time: 0.0023  memory: 19774  grad_norm: 53.8725  loss: 8.8082  loss_text: 1.1917  loss_center: 3.0935  loss_reg_x: 2.7899  loss_reg_y: 1.7331
2025/12/28 00:50:34 - mmengine - INFO - Epoch(train)   [6][280/947]  lr: 9.7212e-04  eta: 2 days, 10:43:53  time: 2.3898  data_time: 0.0022  memory: 19774  grad_norm: 52.4319  loss: 8.6551  loss_text: 1.1723  loss_center: 3.0900  loss_reg_x: 2.6662  loss_reg_y: 1.7265
2025/12/28 00:50:45 - mmengine - INFO - Epoch(train)   [6][285/947]  lr: 9.7212e-04  eta: 2 days, 10:43:42  time: 2.3478  data_time: 0.0022  memory: 19774  grad_norm: 57.2824  loss: 8.4977  loss_text: 1.1876  loss_center: 3.0893  loss_reg_x: 2.6105  loss_reg_y: 1.6103
2025/12/28 00:50:57 - mmengine - INFO - Epoch(train)   [6][290/947]  lr: 9.7212e-04  eta: 2 days, 10:43:32  time: 2.3687  data_time: 0.0023  memory: 19774  grad_norm: 68.5277  loss: 8.6755  loss_text: 1.2173  loss_center: 3.0974  loss_reg_x: 2.7498  loss_reg_y: 1.6110
2025/12/28 00:51:09 - mmengine - INFO - Epoch(train)   [6][295/947]  lr: 9.7212e-04  eta: 2 days, 10:43:12  time: 2.3182  data_time: 0.0023  memory: 19774  grad_norm: 65.8043  loss: 8.6869  loss_text: 1.2325  loss_center: 3.1016  loss_reg_x: 2.7039  loss_reg_y: 1.6490
2025/12/28 00:51:20 - mmengine - INFO - Epoch(train)   [6][300/947]  lr: 9.7212e-04  eta: 2 days, 10:42:46  time: 2.2321  data_time: 0.0022  memory: 19774  grad_norm: 66.1518  loss: 8.5811  loss_text: 1.2041  loss_center: 3.0912  loss_reg_x: 2.5535  loss_reg_y: 1.7324
2025/12/28 00:51:31 - mmengine - INFO - Epoch(train)   [6][305/947]  lr: 9.7212e-04  eta: 2 days, 10:42:27  time: 2.2376  data_time: 0.0022  memory: 19774  grad_norm: 61.5651  loss: 8.4596  loss_text: 1.1547  loss_center: 3.0865  loss_reg_x: 2.5372  loss_reg_y: 1.6811
2025/12/28 00:51:43 - mmengine - INFO - Epoch(train)   [6][310/947]  lr: 9.7212e-04  eta: 2 days, 10:42:16  time: 2.3196  data_time: 0.0023  memory: 19774  grad_norm: 51.6929  loss: 8.4251  loss_text: 1.1785  loss_center: 3.0957  loss_reg_x: 2.5344  loss_reg_y: 1.6165
2025/12/28 00:51:54 - mmengine - INFO - Epoch(train)   [6][315/947]  lr: 9.7212e-04  eta: 2 days, 10:42:03  time: 2.3588  data_time: 0.0023  memory: 19774  grad_norm: 51.2003  loss: 8.5273  loss_text: 1.1907  loss_center: 3.0985  loss_reg_x: 2.5473  loss_reg_y: 1.6908
2025/12/28 00:52:06 - mmengine - INFO - Epoch(train)   [6][320/947]  lr: 9.7212e-04  eta: 2 days, 10:41:45  time: 2.3173  data_time: 0.0021  memory: 19774  grad_norm: 55.0554  loss: 8.5403  loss_text: 1.2240  loss_center: 3.0925  loss_reg_x: 2.5896  loss_reg_y: 1.6342
2025/12/28 00:52:18 - mmengine - INFO - Epoch(train)   [6][325/947]  lr: 9.7212e-04  eta: 2 days, 10:41:36  time: 2.3333  data_time: 0.0021  memory: 19774  grad_norm: 54.3860  loss: 8.4217  loss_text: 1.2420  loss_center: 3.0949  loss_reg_x: 2.5384  loss_reg_y: 1.5465
2025/12/28 00:52:29 - mmengine - INFO - Epoch(train)   [6][330/947]  lr: 9.7212e-04  eta: 2 days, 10:41:20  time: 2.3462  data_time: 0.0024  memory: 19774  grad_norm: 52.4845  loss: 8.3401  loss_text: 1.2003  loss_center: 3.0954  loss_reg_x: 2.4739  loss_reg_y: 1.5705
2025/12/28 00:52:41 - mmengine - INFO - Epoch(train)   [6][335/947]  lr: 9.7212e-04  eta: 2 days, 10:41:08  time: 2.3324  data_time: 0.0025  memory: 19774  grad_norm: 55.2627  loss: 8.4359  loss_text: 1.1825  loss_center: 3.0885  loss_reg_x: 2.5111  loss_reg_y: 1.6538
2025/12/28 00:52:52 - mmengine - INFO - Epoch(train)   [6][340/947]  lr: 9.7212e-04  eta: 2 days, 10:40:48  time: 2.3090  data_time: 0.0023  memory: 19774  grad_norm: 50.6102  loss: 8.4739  loss_text: 1.1584  loss_center: 3.0887  loss_reg_x: 2.5659  loss_reg_y: 1.6609
2025/12/28 00:53:04 - mmengine - INFO - Epoch(train)   [6][345/947]  lr: 9.7212e-04  eta: 2 days, 10:40:31  time: 2.2834  data_time: 0.0023  memory: 19774  grad_norm: 48.5919  loss: 8.3446  loss_text: 1.1814  loss_center: 3.0895  loss_reg_x: 2.5355  loss_reg_y: 1.5382
