2026/01/06 22:31:56 - mmengine - INFO - 
------------------------------------------------------------
System environment:
    sys.platform: linux
    Python: 3.8.20 (default, Oct  3 2024, 15:24:27) [GCC 11.2.0]
    CUDA available: True
    MUSA available: False
    numpy_random_seed: 1899948984
    GPU 0,1: NVIDIA GeForce RTX 3090
    CUDA_HOME: /usr/local/cuda
    NVCC: Cuda compilation tools, release 11.1, V11.1.105
    GCC: gcc (Ubuntu 9.4.0-1ubuntu1~20.04.2) 9.4.0
    PyTorch: 1.10.2+cu111
    PyTorch compiling details: PyTorch built with:
  - GCC 7.3
  - C++ Version: 201402
  - Intel(R) Math Kernel Library Version 2020.0.0 Product Build 20191122 for Intel(R) 64 architecture applications
  - Intel(R) MKL-DNN v2.2.3 (Git Hash 7336ca9f055cf1bfa13efb658fe15dc9b41f0740)
  - OpenMP 201511 (a.k.a. OpenMP 4.5)
  - LAPACK is enabled (usually provided by MKL)
  - NNPACK is enabled
  - CPU capability usage: AVX2
  - CUDA Runtime 11.1
  - NVCC architecture flags: -gencode;arch=compute_37,code=sm_37;-gencode;arch=compute_50,code=sm_50;-gencode;arch=compute_60,code=sm_60;-gencode;arch=compute_70,code=sm_70;-gencode;arch=compute_75,code=sm_75;-gencode;arch=compute_80,code=sm_80;-gencode;arch=compute_86,code=sm_86
  - CuDNN 8.0.5
  - Magma 2.5.2
  - Build settings: BLAS_INFO=mkl, BUILD_TYPE=Release, CUDA_VERSION=11.1, CUDNN_VERSION=8.0.5, CXX_COMPILER=/opt/rh/devtoolset-7/root/usr/bin/c++, CXX_FLAGS= -Wno-deprecated -fvisibility-inlines-hidden -DUSE_PTHREADPOOL -fopenmp -DNDEBUG -DUSE_KINETO -DUSE_FBGEMM -DUSE_QNNPACK -DUSE_PYTORCH_QNNPACK -DUSE_XNNPACK -DSYMBOLICATE_MOBILE_DEBUG_HANDLE -DEDGE_PROFILER_USE_KINETO -O2 -fPIC -Wno-narrowing -Wall -Wextra -Werror=return-type -Wno-missing-field-initializers -Wno-type-limits -Wno-array-bounds -Wno-unknown-pragmas -Wno-sign-compare -Wno-unused-parameter -Wno-unused-variable -Wno-unused-function -Wno-unused-result -Wno-unused-local-typedefs -Wno-strict-overflow -Wno-strict-aliasing -Wno-error=deprecated-declarations -Wno-stringop-overflow -Wno-psabi -Wno-error=pedantic -Wno-error=redundant-decls -Wno-error=old-style-cast -fdiagnostics-color=always -faligned-new -Wno-unused-but-set-variable -Wno-maybe-uninitialized -fno-math-errno -fno-trapping-math -Werror=format -Wno-stringop-overflow, LAPACK_INFO=mkl, PERF_WITH_AVX=1, PERF_WITH_AVX2=1, PERF_WITH_AVX512=1, TORCH_VERSION=1.10.2, USE_CUDA=ON, USE_CUDNN=ON, USE_EXCEPTION_PTR=1, USE_GFLAGS=OFF, USE_GLOG=OFF, USE_MKL=ON, USE_MKLDNN=ON, USE_MPI=OFF, USE_NCCL=ON, USE_NNPACK=ON, USE_OPENMP=ON, 

    TorchVision: 0.11.3+cu111
    OpenCV: 4.12.0
    MMEngine: 0.10.7

Runtime environment:
    cudnn_benchmark: True
    mp_cfg: {'mp_start_method': 'fork', 'opencv_num_threads': 0}
    dist_cfg: {'backend': 'nccl'}
    seed: 1899948984
    Distributed launcher: pytorch
    Distributed training: True
    GPU number: 2
------------------------------------------------------------

2026/01/06 22:32:02 - mmengine - INFO - Config:
auto_scale_lr = dict(base_batch_size=256, enable=True)
default_hooks = dict(
    checkpoint=dict(
        interval=1,
        max_keep_ckpts=2,
        rule='greater',
        save_best=[
            'PretrainCN_holdout/recog/word_acc',
            'PretrainCN_holdout/recog/1-N.E.D',
        ],
        type='CheckpointHook'),
    logger=dict(interval=50, type='LoggerHook'),
    param_scheduler=dict(type='ParamSchedulerHook'),
    sampler_seed=dict(type='DistSamplerSeedHook'),
    sync_buffer=dict(type='SyncBuffersHook'),
    timer=dict(type='IterTimerHook'),
    visualization=dict(
        draw_gt=False,
        draw_pred=False,
        enable=False,
        interval=1,
        show=False,
        type='VisualizationHook'))
default_scope = 'mmocr'
dictionary = dict(
    dict_file='data/charset/charset_rec_cn_en.txt',
    type='Dictionary',
    with_padding=True,
    with_unknown=True)
env_cfg = dict(
    cudnn_benchmark=True,
    dist_cfg=dict(backend='nccl'),
    mp_cfg=dict(mp_start_method='fork', opencv_num_threads=0))
launcher = 'pytorch'
load_from = None
log_level = 'INFO'
log_processor = dict(by_epoch=True, type='LogProcessor', window_size=10)
max_epochs = 20
model = dict(
    data_preprocessor=dict(
        mean=[
            127.5,
        ], std=[
            127.5,
        ], type='TextRecogDataPreprocessor'),
    decoder=dict(
        dictionary=dict(
            dict_file='data/charset/charset_rec_cn_en.txt',
            type='Dictionary',
            with_padding=True,
            with_unknown=True),
        in_channels=384,
        max_seq_len=40,
        module_loss=dict(
            letter_case='lower', type='CTCModuleLoss', zero_infinity=True),
        postprocessor=dict(type='CTCPostProcessor'),
        type='SVTRDecoder'),
    encoder=dict(
        depth=[
            3,
            9,
            9,
        ],
        embed_dims=[
            192,
            256,
            512,
        ],
        img_size=[
            48,
            160,
        ],
        in_channels=3,
        max_seq_len=40,
        merging_types='Conv',
        mixer_types=[
            'Local',
            'Local',
            'Local',
            'Local',
            'Local',
            'Local',
            'Local',
            'Local',
            'Local',
            'Local',
            'Global',
            'Global',
            'Global',
            'Global',
            'Global',
            'Global',
            'Global',
            'Global',
            'Global',
            'Global',
            'Global',
        ],
        num_heads=[
            6,
            8,
            16,
        ],
        out_channels=384,
        prenorm=False,
        type='SVTREncoder',
        window_size=[
            [
                7,
                11,
            ],
            [
                7,
                11,
            ],
            [
                7,
                11,
            ],
        ]),
    preprocessor=dict(
        in_channels=3,
        margins=[
            0.05,
            0.05,
        ],
        num_control_points=20,
        output_image_size=(
            48,
            160,
        ),
        resized_image_size=(
            32,
            64,
        ),
        type='STN'),
    type='SVTR')
optim_wrapper = dict(
    loss_scale='dynamic',
    optimizer=dict(
        betas=(
            0.9,
            0.99,
        ),
        eps=8e-08,
        lr=0.00025,
        type='AdamW',
        weight_decay=0.05),
    type='AmpOptimWrapper')
param_scheduler = [
    dict(
        convert_to_iter_based=True,
        end=2,
        end_factor=1.0,
        start_factor=0.5,
        type='LinearLR',
        verbose=False),
    dict(
        T_max=19,
        begin=2,
        convert_to_iter_based=True,
        end=20,
        type='CosineAnnealingLR',
        verbose=False),
]
pretrain_cn_scene_lmdb = 'data/pretrain_cn_scene'
pretrain_cn_scene_root = 'data'
pretrain_total = 1200000
pretrain_train = dict(
    ann_file='pretrain_cn_scene',
    data_root='data',
    indices=1195000,
    pipeline=[
        dict(ignore_empty=True, min_size=5, type='LoadImageFromNDArray'),
        dict(type='LoadOCRAnnotations', with_text=True),
        dict(
            prob=0.4,
            transforms=[
                dict(type='TextRecogGeneralAug'),
            ],
            type='RandomApply'),
        dict(
            prob=0.4,
            transforms=[
                dict(type='CropHeight'),
            ],
            type='RandomApply'),
        dict(
            condition='min(results["img_shape"])>10',
            true_transforms=dict(
                prob=0.4,
                transforms=[
                    dict(
                        kernel_size=5,
                        op='GaussianBlur',
                        sigma=1,
                        type='TorchVisionWrapper'),
                ],
                type='RandomApply'),
            type='ConditionApply'),
        dict(
            prob=0.4,
            transforms=[
                dict(
                    brightness=0.5,
                    contrast=0.5,
                    hue=0.1,
                    op='ColorJitter',
                    saturation=0.5,
                    type='TorchVisionWrapper'),
            ],
            type='RandomApply'),
        dict(
            prob=0.4,
            transforms=[
                dict(type='ImageContentJitter'),
            ],
            type='RandomApply'),
        dict(
            prob=0.4,
            transforms=[
                dict(
                    args=[
                        dict(
                            cls='AdditiveGaussianNoise',
                            scale=0.31622776601683794),
                    ],
                    type='ImgAugWrapper'),
            ],
            type='RandomApply'),
        dict(
            prob=0.4,
            transforms=[
                dict(type='ReversePixels'),
            ],
            type='RandomApply'),
        dict(scale=(
            256,
            64,
        ), type='Resize'),
        dict(
            meta_keys=(
                'img_path',
                'ori_shape',
                'img_shape',
                'valid_ratio',
            ),
            type='PackTextRecogInputs'),
    ],
    test_mode=False,
    type='RecogLMDBDataset')
pretrain_train_size = 1195000
pretrain_val = dict(
    ann_file='pretrain_cn_scene',
    data_root='data',
    indices=[
        1195000,
        1195001,
        1195002,
        1195003,
        1195004,
        1195005,
        1195006,
        1195007,
        1195008,
        1195009,
        1195010,
        1195011,
        1195012,
        1195013,
        1195014,
        1195015,
        1195016,
        1195017,
        1195018,
        1195019,
        1195020,
        1195021,
        1195022,
        1195023,
        1195024,
        1195025,
        1195026,
        1195027,
        1195028,
        1195029,
        1195030,
        1195031,
        1195032,
        1195033,
        1195034,
        1195035,
        1195036,
        1195037,
        1195038,
        1195039,
        1195040,
        1195041,
        1195042,
        1195043,
        1195044,
        1195045,
        1195046,
        1195047,
        1195048,
        1195049,
        1195050,
        1195051,
        1195052,
        1195053,
        1195054,
        1195055,
        1195056,
        1195057,
        1195058,
        1195059,
        1195060,
        1195061,
        1195062,
        1195063,
        1195064,
        1195065,
        1195066,
        1195067,
        1195068,
        1195069,
        1195070,
        1195071,
        1195072,
        1195073,
        1195074,
        1195075,
        1195076,
        1195077,
        1195078,
        1195079,
        1195080,
        1195081,
        1195082,
        1195083,
        1195084,
        1195085,
        1195086,
        1195087,
        1195088,
        1195089,
        1195090,
        1195091,
        1195092,
        1195093,
        1195094,
        1195095,
        1195096,
        1195097,
        1195098,
        1195099,
        1195100,
        1195101,
        1195102,
        1195103,
        1195104,
        1195105,
        1195106,
        1195107,
        1195108,
        1195109,
        1195110,
        1195111,
        1195112,
        1195113,
        1195114,
        1195115,
        1195116,
        1195117,
        1195118,
        1195119,
        1195120,
        1195121,
        1195122,
        1195123,
        1195124,
        1195125,
        1195126,
        1195127,
        1195128,
        1195129,
        1195130,
        1195131,
        1195132,
        1195133,
        1195134,
        1195135,
        1195136,
        1195137,
        1195138,
        1195139,
        1195140,
        1195141,
        1195142,
        1195143,
        1195144,
        1195145,
        1195146,
        1195147,
        1195148,
        1195149,
        1195150,
        1195151,
        1195152,
        1195153,
        1195154,
        1195155,
        1195156,
        1195157,
        1195158,
        1195159,
        1195160,
        1195161,
        1195162,
        1195163,
        1195164,
        1195165,
        1195166,
        1195167,
        1195168,
        1195169,
        1195170,
        1195171,
        1195172,
        1195173,
        1195174,
        1195175,
        1195176,
        1195177,
        1195178,
        1195179,
        1195180,
        1195181,
        1195182,
        1195183,
        1195184,
        1195185,
        1195186,
        1195187,
        1195188,
        1195189,
        1195190,
        1195191,
        1195192,
        1195193,
        1195194,
        1195195,
        1195196,
        1195197,
        1195198,
        1195199,
        1195200,
        1195201,
        1195202,
        1195203,
        1195204,
        1195205,
        1195206,
        1195207,
        1195208,
        1195209,
        1195210,
        1195211,
        1195212,
        1195213,
        1195214,
        1195215,
        1195216,
        1195217,
        1195218,
        1195219,
        1195220,
        1195221,
        1195222,
        1195223,
        1195224,
        1195225,
        1195226,
        1195227,
        1195228,
        1195229,
        1195230,
        1195231,
        1195232,
        1195233,
        1195234,
        1195235,
        1195236,
        1195237,
        1195238,
        1195239,
        1195240,
        1195241,
        1195242,
        1195243,
        1195244,
        1195245,
        1195246,
        1195247,
        1195248,
        1195249,
        1195250,
        1195251,
        1195252,
        1195253,
        1195254,
        1195255,
        1195256,
        1195257,
        1195258,
        1195259,
        1195260,
        1195261,
        1195262,
        1195263,
        1195264,
        1195265,
        1195266,
        1195267,
        1195268,
        1195269,
        1195270,
        1195271,
        1195272,
        1195273,
        1195274,
        1195275,
        1195276,
        1195277,
        1195278,
        1195279,
        1195280,
        1195281,
        1195282,
        1195283,
        1195284,
        1195285,
        1195286,
        1195287,
        1195288,
        1195289,
        1195290,
        1195291,
        1195292,
        1195293,
        1195294,
        1195295,
        1195296,
        1195297,
        1195298,
        1195299,
        1195300,
        1195301,
        1195302,
        1195303,
        1195304,
        1195305,
        1195306,
        1195307,
        1195308,
        1195309,
        1195310,
        1195311,
        1195312,
        1195313,
        1195314,
        1195315,
        1195316,
        1195317,
        1195318,
        1195319,
        1195320,
        1195321,
        1195322,
        1195323,
        1195324,
        1195325,
        1195326,
        1195327,
        1195328,
        1195329,
        1195330,
        1195331,
        1195332,
        1195333,
        1195334,
        1195335,
        1195336,
        1195337,
        1195338,
        1195339,
        1195340,
        1195341,
        1195342,
        1195343,
        1195344,
        1195345,
        1195346,
        1195347,
        1195348,
        1195349,
        1195350,
        1195351,
        1195352,
        1195353,
        1195354,
        1195355,
        1195356,
        1195357,
        1195358,
        1195359,
        1195360,
        1195361,
        1195362,
        1195363,
        1195364,
        1195365,
        1195366,
        1195367,
        1195368,
        1195369,
        1195370,
        1195371,
        1195372,
        1195373,
        1195374,
        1195375,
        1195376,
        1195377,
        1195378,
        1195379,
        1195380,
        1195381,
        1195382,
        1195383,
        1195384,
        1195385,
        1195386,
        1195387,
        1195388,
        1195389,
        1195390,
        1195391,
        1195392,
        1195393,
        1195394,
        1195395,
        1195396,
        1195397,
        1195398,
        1195399,
        1195400,
        1195401,
        1195402,
        1195403,
        1195404,
        1195405,
        1195406,
        1195407,
        1195408,
        1195409,
        1195410,
        1195411,
        1195412,
        1195413,
        1195414,
        1195415,
        1195416,
        1195417,
        1195418,
        1195419,
        1195420,
        1195421,
        1195422,
        1195423,
        1195424,
        1195425,
        1195426,
        1195427,
        1195428,
        1195429,
        1195430,
        1195431,
        1195432,
        1195433,
        1195434,
        1195435,
        1195436,
        1195437,
        1195438,
        1195439,
        1195440,
        1195441,
        1195442,
        1195443,
        1195444,
        1195445,
        1195446,
        1195447,
        1195448,
        1195449,
        1195450,
        1195451,
        1195452,
        1195453,
        1195454,
        1195455,
        1195456,
        1195457,
        1195458,
        1195459,
        1195460,
        1195461,
        1195462,
        1195463,
        1195464,
        1195465,
        1195466,
        1195467,
        1195468,
        1195469,
        1195470,
        1195471,
        1195472,
        1195473,
        1195474,
        1195475,
        1195476,
        1195477,
        1195478,
        1195479,
        1195480,
        1195481,
        1195482,
        1195483,
        1195484,
        1195485,
        1195486,
        1195487,
        1195488,
        1195489,
        1195490,
        1195491,
        1195492,
        1195493,
        1195494,
        1195495,
        1195496,
        1195497,
        1195498,
        1195499,
        1195500,
        1195501,
        1195502,
        1195503,
        1195504,
        1195505,
        1195506,
        1195507,
        1195508,
        1195509,
        1195510,
        1195511,
        1195512,
        1195513,
        1195514,
        1195515,
        1195516,
        1195517,
        1195518,
        1195519,
        1195520,
        1195521,
        1195522,
        1195523,
        1195524,
        1195525,
        1195526,
        1195527,
        1195528,
        1195529,
        1195530,
        1195531,
        1195532,
        1195533,
        1195534,
        1195535,
        1195536,
        1195537,
        1195538,
        1195539,
        1195540,
        1195541,
        1195542,
        1195543,
        1195544,
        1195545,
        1195546,
        1195547,
        1195548,
        1195549,
        1195550,
        1195551,
        1195552,
        1195553,
        1195554,
        1195555,
        1195556,
        1195557,
        1195558,
        1195559,
        1195560,
        1195561,
        1195562,
        1195563,
        1195564,
        1195565,
        1195566,
        1195567,
        1195568,
        1195569,
        1195570,
        1195571,
        1195572,
        1195573,
        1195574,
        1195575,
        1195576,
        1195577,
        1195578,
        1195579,
        1195580,
        1195581,
        1195582,
        1195583,
        1195584,
        1195585,
        1195586,
        1195587,
        1195588,
        1195589,
        1195590,
        1195591,
        1195592,
        1195593,
        1195594,
        1195595,
        1195596,
        1195597,
        1195598,
        1195599,
        1195600,
        1195601,
        1195602,
        1195603,
        1195604,
        1195605,
        1195606,
        1195607,
        1195608,
        1195609,
        1195610,
        1195611,
        1195612,
        1195613,
        1195614,
        1195615,
        1195616,
        1195617,
        1195618,
        1195619,
        1195620,
        1195621,
        1195622,
        1195623,
        1195624,
        1195625,
        1195626,
        1195627,
        1195628,
        1195629,
        1195630,
        1195631,
        1195632,
        1195633,
        1195634,
        1195635,
        1195636,
        1195637,
        1195638,
        1195639,
        1195640,
        1195641,
        1195642,
        1195643,
        1195644,
        1195645,
        1195646,
        1195647,
        1195648,
        1195649,
        1195650,
        1195651,
        1195652,
        1195653,
        1195654,
        1195655,
        1195656,
        1195657,
        1195658,
        1195659,
        1195660,
        1195661,
        1195662,
        1195663,
        1195664,
        1195665,
        1195666,
        1195667,
        1195668,
        1195669,
        1195670,
        1195671,
        1195672,
        1195673,
        1195674,
        1195675,
        1195676,
        1195677,
        1195678,
        1195679,
        1195680,
        1195681,
        1195682,
        1195683,
        1195684,
        1195685,
        1195686,
        1195687,
        1195688,
        1195689,
        1195690,
        1195691,
        1195692,
        1195693,
        1195694,
        1195695,
        1195696,
        1195697,
        1195698,
        1195699,
        1195700,
        1195701,
        1195702,
        1195703,
        1195704,
        1195705,
        1195706,
        1195707,
        1195708,
        1195709,
        1195710,
        1195711,
        1195712,
        1195713,
        1195714,
        1195715,
        1195716,
        1195717,
        1195718,
        1195719,
        1195720,
        1195721,
        1195722,
        1195723,
        1195724,
        1195725,
        1195726,
        1195727,
        1195728,
        1195729,
        1195730,
        1195731,
        1195732,
        1195733,
        1195734,
        1195735,
        1195736,
        1195737,
        1195738,
        1195739,
        1195740,
        1195741,
        1195742,
        1195743,
        1195744,
        1195745,
        1195746,
        1195747,
        1195748,
        1195749,
        1195750,
        1195751,
        1195752,
        1195753,
        1195754,
        1195755,
        1195756,
        1195757,
        1195758,
        1195759,
        1195760,
        1195761,
        1195762,
        1195763,
        1195764,
        1195765,
        1195766,
        1195767,
        1195768,
        1195769,
        1195770,
        1195771,
        1195772,
        1195773,
        1195774,
        1195775,
        1195776,
        1195777,
        1195778,
        1195779,
        1195780,
        1195781,
        1195782,
        1195783,
        1195784,
        1195785,
        1195786,
        1195787,
        1195788,
        1195789,
        1195790,
        1195791,
        1195792,
        1195793,
        1195794,
        1195795,
        1195796,
        1195797,
        1195798,
        1195799,
        1195800,
        1195801,
        1195802,
        1195803,
        1195804,
        1195805,
        1195806,
        1195807,
        1195808,
        1195809,
        1195810,
        1195811,
        1195812,
        1195813,
        1195814,
        1195815,
        1195816,
        1195817,
        1195818,
        1195819,
        1195820,
        1195821,
        1195822,
        1195823,
        1195824,
        1195825,
        1195826,
        1195827,
        1195828,
        1195829,
        1195830,
        1195831,
        1195832,
        1195833,
        1195834,
        1195835,
        1195836,
        1195837,
        1195838,
        1195839,
        1195840,
        1195841,
        1195842,
        1195843,
        1195844,
        1195845,
        1195846,
        1195847,
        1195848,
        1195849,
        1195850,
        1195851,
        1195852,
        1195853,
        1195854,
        1195855,
        1195856,
        1195857,
        1195858,
        1195859,
        1195860,
        1195861,
        1195862,
        1195863,
        1195864,
        1195865,
        1195866,
        1195867,
        1195868,
        1195869,
        1195870,
        1195871,
        1195872,
        1195873,
        1195874,
        1195875,
        1195876,
        1195877,
        1195878,
        1195879,
        1195880,
        1195881,
        1195882,
        1195883,
        1195884,
        1195885,
        1195886,
        1195887,
        1195888,
        1195889,
        1195890,
        1195891,
        1195892,
        1195893,
        1195894,
        1195895,
        1195896,
        1195897,
        1195898,
        1195899,
        1195900,
        1195901,
        1195902,
        1195903,
        1195904,
        1195905,
        1195906,
        1195907,
        1195908,
        1195909,
        1195910,
        1195911,
        1195912,
        1195913,
        1195914,
        1195915,
        1195916,
        1195917,
        1195918,
        1195919,
        1195920,
        1195921,
        1195922,
        1195923,
        1195924,
        1195925,
        1195926,
        1195927,
        1195928,
        1195929,
        1195930,
        1195931,
        1195932,
        1195933,
        1195934,
        1195935,
        1195936,
        1195937,
        1195938,
        1195939,
        1195940,
        1195941,
        1195942,
        1195943,
        1195944,
        1195945,
        1195946,
        1195947,
        1195948,
        1195949,
        1195950,
        1195951,
        1195952,
        1195953,
        1195954,
        1195955,
        1195956,
        1195957,
        1195958,
        1195959,
        1195960,
        1195961,
        1195962,
        1195963,
        1195964,
        1195965,
        1195966,
        1195967,
        1195968,
        1195969,
        1195970,
        1195971,
        1195972,
        1195973,
        1195974,
        1195975,
        1195976,
        1195977,
        1195978,
        1195979,
        1195980,
        1195981,
        1195982,
        1195983,
        1195984,
        1195985,
        1195986,
        1195987,
        1195988,
        1195989,
        1195990,
        1195991,
        1195992,
        1195993,
        1195994,
        1195995,
        1195996,
        1195997,
        1195998,
        1195999,
        1196000,
        1196001,
        1196002,
        1196003,
        1196004,
        1196005,
        1196006,
        1196007,
        1196008,
        1196009,
        1196010,
        1196011,
        1196012,
        1196013,
        1196014,
        1196015,
        1196016,
        1196017,
        1196018,
        1196019,
        1196020,
        1196021,
        1196022,
        1196023,
        1196024,
        1196025,
        1196026,
        1196027,
        1196028,
        1196029,
        1196030,
        1196031,
        1196032,
        1196033,
        1196034,
        1196035,
        1196036,
        1196037,
        1196038,
        1196039,
        1196040,
        1196041,
        1196042,
        1196043,
        1196044,
        1196045,
        1196046,
        1196047,
        1196048,
        1196049,
        1196050,
        1196051,
        1196052,
        1196053,
        1196054,
        1196055,
        1196056,
        1196057,
        1196058,
        1196059,
        1196060,
        1196061,
        1196062,
        1196063,
        1196064,
        1196065,
        1196066,
        1196067,
        1196068,
        1196069,
        1196070,
        1196071,
        1196072,
        1196073,
        1196074,
        1196075,
        1196076,
        1196077,
        1196078,
        1196079,
        1196080,
        1196081,
        1196082,
        1196083,
        1196084,
        1196085,
        1196086,
        1196087,
        1196088,
        1196089,
        1196090,
        1196091,
        1196092,
        1196093,
        1196094,
        1196095,
        1196096,
        1196097,
        1196098,
        1196099,
        1196100,
        1196101,
        1196102,
        1196103,
        1196104,
        1196105,
        1196106,
        1196107,
        1196108,
        1196109,
        1196110,
        1196111,
        1196112,
        1196113,
        1196114,
        1196115,
        1196116,
        1196117,
        1196118,
        1196119,
        1196120,
        1196121,
        1196122,
        1196123,
        1196124,
        1196125,
        1196126,
        1196127,
        1196128,
        1196129,
        1196130,
        1196131,
        1196132,
        1196133,
        1196134,
        1196135,
        1196136,
        1196137,
        1196138,
        1196139,
        1196140,
        1196141,
        1196142,
        1196143,
        1196144,
        1196145,
        1196146,
        1196147,
        1196148,
        1196149,
        1196150,
        1196151,
        1196152,
        1196153,
        1196154,
        1196155,
        1196156,
        1196157,
        1196158,
        1196159,
        1196160,
        1196161,
        1196162,
        1196163,
        1196164,
        1196165,
        1196166,
        1196167,
        1196168,
        1196169,
        1196170,
        1196171,
        1196172,
        1196173,
        1196174,
        1196175,
        1196176,
        1196177,
        1196178,
        1196179,
        1196180,
        1196181,
        1196182,
        1196183,
        1196184,
        1196185,
        1196186,
        1196187,
        1196188,
        1196189,
        1196190,
        1196191,
        1196192,
        1196193,
        1196194,
        1196195,
        1196196,
        1196197,
        1196198,
        1196199,
        1196200,
        1196201,
        1196202,
        1196203,
        1196204,
        1196205,
        1196206,
        1196207,
        1196208,
        1196209,
        1196210,
        1196211,
        1196212,
        1196213,
        1196214,
        1196215,
        1196216,
        1196217,
        1196218,
        1196219,
        1196220,
        1196221,
        1196222,
        1196223,
        1196224,
        1196225,
        1196226,
        1196227,
        1196228,
        1196229,
        1196230,
        1196231,
        1196232,
        1196233,
        1196234,
        1196235,
        1196236,
        1196237,
        1196238,
        1196239,
        1196240,
        1196241,
        1196242,
        1196243,
        1196244,
        1196245,
        1196246,
        1196247,
        1196248,
        1196249,
        1196250,
        1196251,
        1196252,
        1196253,
        1196254,
        1196255,
        1196256,
        1196257,
        1196258,
        1196259,
        1196260,
        1196261,
        1196262,
        1196263,
        1196264,
        1196265,
        1196266,
        1196267,
        1196268,
        1196269,
        1196270,
        1196271,
        1196272,
        1196273,
        1196274,
        1196275,
        1196276,
        1196277,
        1196278,
        1196279,
        1196280,
        1196281,
        1196282,
        1196283,
        1196284,
        1196285,
        1196286,
        1196287,
        1196288,
        1196289,
        1196290,
        1196291,
        1196292,
        1196293,
        1196294,
        1196295,
        1196296,
        1196297,
        1196298,
        1196299,
        1196300,
        1196301,
        1196302,
        1196303,
        1196304,
        1196305,
        1196306,
        1196307,
        1196308,
        1196309,
        1196310,
        1196311,
        1196312,
        1196313,
        1196314,
        1196315,
        1196316,
        1196317,
        1196318,
        1196319,
        1196320,
        1196321,
        1196322,
        1196323,
        1196324,
        1196325,
        1196326,
        1196327,
        1196328,
        1196329,
        1196330,
        1196331,
        1196332,
        1196333,
        1196334,
        1196335,
        1196336,
        1196337,
        1196338,
        1196339,
        1196340,
        1196341,
        1196342,
        1196343,
        1196344,
        1196345,
        1196346,
        1196347,
        1196348,
        1196349,
        1196350,
        1196351,
        1196352,
        1196353,
        1196354,
        1196355,
        1196356,
        1196357,
        1196358,
        1196359,
        1196360,
        1196361,
        1196362,
        1196363,
        1196364,
        1196365,
        1196366,
        1196367,
        1196368,
        1196369,
        1196370,
        1196371,
        1196372,
        1196373,
        1196374,
        1196375,
        1196376,
        1196377,
        1196378,
        1196379,
        1196380,
        1196381,
        1196382,
        1196383,
        1196384,
        1196385,
        1196386,
        1196387,
        1196388,
        1196389,
        1196390,
        1196391,
        1196392,
        1196393,
        1196394,
        1196395,
        1196396,
        1196397,
        1196398,
        1196399,
        1196400,
        1196401,
        1196402,
        1196403,
        1196404,
        1196405,
        1196406,
        1196407,
        1196408,
        1196409,
        1196410,
        1196411,
        1196412,
        1196413,
        1196414,
        1196415,
        1196416,
        1196417,
        1196418,
        1196419,
        1196420,
        1196421,
        1196422,
        1196423,
        1196424,
        1196425,
        1196426,
        1196427,
        1196428,
        1196429,
        1196430,
        1196431,
        1196432,
        1196433,
        1196434,
        1196435,
        1196436,
        1196437,
        1196438,
        1196439,
        1196440,
        1196441,
        1196442,
        1196443,
        1196444,
        1196445,
        1196446,
        1196447,
        1196448,
        1196449,
        1196450,
        1196451,
        1196452,
        1196453,
        1196454,
        1196455,
        1196456,
        1196457,
        1196458,
        1196459,
        1196460,
        1196461,
        1196462,
        1196463,
        1196464,
        1196465,
        1196466,
        1196467,
        1196468,
        1196469,
        1196470,
        1196471,
        1196472,
        1196473,
        1196474,
        1196475,
        1196476,
        1196477,
        1196478,
        1196479,
        1196480,
        1196481,
        1196482,
        1196483,
        1196484,
        1196485,
        1196486,
        1196487,
        1196488,
        1196489,
        1196490,
        1196491,
        1196492,
        1196493,
        1196494,
        1196495,
        1196496,
        1196497,
        1196498,
        1196499,
        1196500,
        1196501,
        1196502,
        1196503,
        1196504,
        1196505,
        1196506,
        1196507,
        1196508,
        1196509,
        1196510,
        1196511,
        1196512,
        1196513,
        1196514,
        1196515,
        1196516,
        1196517,
        1196518,
        1196519,
        1196520,
        1196521,
        1196522,
        1196523,
        1196524,
        1196525,
        1196526,
        1196527,
        1196528,
        1196529,
        1196530,
        1196531,
        1196532,
        1196533,
        1196534,
        1196535,
        1196536,
        1196537,
        1196538,
        1196539,
        1196540,
        1196541,
        1196542,
        1196543,
        1196544,
        1196545,
        1196546,
        1196547,
        1196548,
        1196549,
        1196550,
        1196551,
        1196552,
        1196553,
        1196554,
        1196555,
        1196556,
        1196557,
        1196558,
        1196559,
        1196560,
        1196561,
        1196562,
        1196563,
        1196564,
        1196565,
        1196566,
        1196567,
        1196568,
        1196569,
        1196570,
        1196571,
        1196572,
        1196573,
        1196574,
        1196575,
        1196576,
        1196577,
        1196578,
        1196579,
        1196580,
        1196581,
        1196582,
        1196583,
        1196584,
        1196585,
        1196586,
        1196587,
        1196588,
        1196589,
        1196590,
        1196591,
        1196592,
        1196593,
        1196594,
        1196595,
        1196596,
        1196597,
        1196598,
        1196599,
        1196600,
        1196601,
        1196602,
        1196603,
        1196604,
        1196605,
        1196606,
        1196607,
        1196608,
        1196609,
        1196610,
        1196611,
        1196612,
        1196613,
        1196614,
        1196615,
        1196616,
        1196617,
        1196618,
        1196619,
        1196620,
        1196621,
        1196622,
        1196623,
        1196624,
        1196625,
        1196626,
        1196627,
        1196628,
        1196629,
        1196630,
        1196631,
        1196632,
        1196633,
        1196634,
        1196635,
        1196636,
        1196637,
        1196638,
        1196639,
        1196640,
        1196641,
        1196642,
        1196643,
        1196644,
        1196645,
        1196646,
        1196647,
        1196648,
        1196649,
        1196650,
        1196651,
        1196652,
        1196653,
        1196654,
        1196655,
        1196656,
        1196657,
        1196658,
        1196659,
        1196660,
        1196661,
        1196662,
        1196663,
        1196664,
        1196665,
        1196666,
        1196667,
        1196668,
        1196669,
        1196670,
        1196671,
        1196672,
        1196673,
        1196674,
        1196675,
        1196676,
        1196677,
        1196678,
        1196679,
        1196680,
        1196681,
        1196682,
        1196683,
        1196684,
        1196685,
        1196686,
        1196687,
        1196688,
        1196689,
        1196690,
        1196691,
        1196692,
        1196693,
        1196694,
        1196695,
        1196696,
        1196697,
        1196698,
        1196699,
        1196700,
        1196701,
        1196702,
        1196703,
        1196704,
        1196705,
        1196706,
        1196707,
        1196708,
        1196709,
        1196710,
        1196711,
        1196712,
        1196713,
        1196714,
        1196715,
        1196716,
        1196717,
        1196718,
        1196719,
        1196720,
        1196721,
        1196722,
        1196723,
        1196724,
        1196725,
        1196726,
        1196727,
        1196728,
        1196729,
        1196730,
        1196731,
        1196732,
        1196733,
        1196734,
        1196735,
        1196736,
        1196737,
        1196738,
        1196739,
        1196740,
        1196741,
        1196742,
        1196743,
        1196744,
        1196745,
        1196746,
        1196747,
        1196748,
        1196749,
        1196750,
        1196751,
        1196752,
        1196753,
        1196754,
        1196755,
        1196756,
        1196757,
        1196758,
        1196759,
        1196760,
        1196761,
        1196762,
        1196763,
        1196764,
        1196765,
        1196766,
        1196767,
        1196768,
        1196769,
        1196770,
        1196771,
        1196772,
        1196773,
        1196774,
        1196775,
        1196776,
        1196777,
        1196778,
        1196779,
        1196780,
        1196781,
        1196782,
        1196783,
        1196784,
        1196785,
        1196786,
        1196787,
        1196788,
        1196789,
        1196790,
        1196791,
        1196792,
        1196793,
        1196794,
        1196795,
        1196796,
        1196797,
        1196798,
        1196799,
        1196800,
        1196801,
        1196802,
        1196803,
        1196804,
        1196805,
        1196806,
        1196807,
        1196808,
        1196809,
        1196810,
        1196811,
        1196812,
        1196813,
        1196814,
        1196815,
        1196816,
        1196817,
        1196818,
        1196819,
        1196820,
        1196821,
        1196822,
        1196823,
        1196824,
        1196825,
        1196826,
        1196827,
        1196828,
        1196829,
        1196830,
        1196831,
        1196832,
        1196833,
        1196834,
        1196835,
        1196836,
        1196837,
        1196838,
        1196839,
        1196840,
        1196841,
        1196842,
        1196843,
        1196844,
        1196845,
        1196846,
        1196847,
        1196848,
        1196849,
        1196850,
        1196851,
        1196852,
        1196853,
        1196854,
        1196855,
        1196856,
        1196857,
        1196858,
        1196859,
        1196860,
        1196861,
        1196862,
        1196863,
        1196864,
        1196865,
        1196866,
        1196867,
        1196868,
        1196869,
        1196870,
        1196871,
        1196872,
        1196873,
        1196874,
        1196875,
        1196876,
        1196877,
        1196878,
        1196879,
        1196880,
        1196881,
        1196882,
        1196883,
        1196884,
        1196885,
        1196886,
        1196887,
        1196888,
        1196889,
        1196890,
        1196891,
        1196892,
        1196893,
        1196894,
        1196895,
        1196896,
        1196897,
        1196898,
        1196899,
        1196900,
        1196901,
        1196902,
        1196903,
        1196904,
        1196905,
        1196906,
        1196907,
        1196908,
        1196909,
        1196910,
        1196911,
        1196912,
        1196913,
        1196914,
        1196915,
        1196916,
        1196917,
        1196918,
        1196919,
        1196920,
        1196921,
        1196922,
        1196923,
        1196924,
        1196925,
        1196926,
        1196927,
        1196928,
        1196929,
        1196930,
        1196931,
        1196932,
        1196933,
        1196934,
        1196935,
        1196936,
        1196937,
        1196938,
        1196939,
        1196940,
        1196941,
        1196942,
        1196943,
        1196944,
        1196945,
        1196946,
        1196947,
        1196948,
        1196949,
        1196950,
        1196951,
        1196952,
        1196953,
        1196954,
        1196955,
        1196956,
        1196957,
        1196958,
        1196959,
        1196960,
        1196961,
        1196962,
        1196963,
        1196964,
        1196965,
        1196966,
        1196967,
        1196968,
        1196969,
        1196970,
        1196971,
        1196972,
        1196973,
        1196974,
        1196975,
        1196976,
        1196977,
        1196978,
        1196979,
        1196980,
        1196981,
        1196982,
        1196983,
        1196984,
        1196985,
        1196986,
        1196987,
        1196988,
        1196989,
        1196990,
        1196991,
        1196992,
        1196993,
        1196994,
        1196995,
        1196996,
        1196997,
        1196998,
        1196999,
        1197000,
        1197001,
        1197002,
        1197003,
        1197004,
        1197005,
        1197006,
        1197007,
        1197008,
        1197009,
        1197010,
        1197011,
        1197012,
        1197013,
        1197014,
        1197015,
        1197016,
        1197017,
        1197018,
        1197019,
        1197020,
        1197021,
        1197022,
        1197023,
        1197024,
        1197025,
        1197026,
        1197027,
        1197028,
        1197029,
        1197030,
        1197031,
        1197032,
        1197033,
        1197034,
        1197035,
        1197036,
        1197037,
        1197038,
        1197039,
        1197040,
        1197041,
        1197042,
        1197043,
        1197044,
        1197045,
        1197046,
        1197047,
        1197048,
        1197049,
        1197050,
        1197051,
        1197052,
        1197053,
        1197054,
        1197055,
        1197056,
        1197057,
        1197058,
        1197059,
        1197060,
        1197061,
        1197062,
        1197063,
        1197064,
        1197065,
        1197066,
        1197067,
        1197068,
        1197069,
        1197070,
        1197071,
        1197072,
        1197073,
        1197074,
        1197075,
        1197076,
        1197077,
        1197078,
        1197079,
        1197080,
        1197081,
        1197082,
        1197083,
        1197084,
        1197085,
        1197086,
        1197087,
        1197088,
        1197089,
        1197090,
        1197091,
        1197092,
        1197093,
        1197094,
        1197095,
        1197096,
        1197097,
        1197098,
        1197099,
        1197100,
        1197101,
        1197102,
        1197103,
        1197104,
        1197105,
        1197106,
        1197107,
        1197108,
        1197109,
        1197110,
        1197111,
        1197112,
        1197113,
        1197114,
        1197115,
        1197116,
        1197117,
        1197118,
        1197119,
        1197120,
        1197121,
        1197122,
        1197123,
        1197124,
        1197125,
        1197126,
        1197127,
        1197128,
        1197129,
        1197130,
        1197131,
        1197132,
        1197133,
        1197134,
        1197135,
        1197136,
        1197137,
        1197138,
        1197139,
        1197140,
        1197141,
        1197142,
        1197143,
        1197144,
        1197145,
        1197146,
        1197147,
        1197148,
        1197149,
        1197150,
        1197151,
        1197152,
        1197153,
        1197154,
        1197155,
        1197156,
        1197157,
        1197158,
        1197159,
        1197160,
        1197161,
        1197162,
        1197163,
        1197164,
        1197165,
        1197166,
        1197167,
        1197168,
        1197169,
        1197170,
        1197171,
        1197172,
        1197173,
        1197174,
        1197175,
        1197176,
        1197177,
        1197178,
        1197179,
        1197180,
        1197181,
        1197182,
        1197183,
        1197184,
        1197185,
        1197186,
        1197187,
        1197188,
        1197189,
        1197190,
        1197191,
        1197192,
        1197193,
        1197194,
        1197195,
        1197196,
        1197197,
        1197198,
        1197199,
        1197200,
        1197201,
        1197202,
        1197203,
        1197204,
        1197205,
        1197206,
        1197207,
        1197208,
        1197209,
        1197210,
        1197211,
        1197212,
        1197213,
        1197214,
        1197215,
        1197216,
        1197217,
        1197218,
        1197219,
        1197220,
        1197221,
        1197222,
        1197223,
        1197224,
        1197225,
        1197226,
        1197227,
        1197228,
        1197229,
        1197230,
        1197231,
        1197232,
        1197233,
        1197234,
        1197235,
        1197236,
        1197237,
        1197238,
        1197239,
        1197240,
        1197241,
        1197242,
        1197243,
        1197244,
        1197245,
        1197246,
        1197247,
        1197248,
        1197249,
        1197250,
        1197251,
        1197252,
        1197253,
        1197254,
        1197255,
        1197256,
        1197257,
        1197258,
        1197259,
        1197260,
        1197261,
        1197262,
        1197263,
        1197264,
        1197265,
        1197266,
        1197267,
        1197268,
        1197269,
        1197270,
        1197271,
        1197272,
        1197273,
        1197274,
        1197275,
        1197276,
        1197277,
        1197278,
        1197279,
        1197280,
        1197281,
        1197282,
        1197283,
        1197284,
        1197285,
        1197286,
        1197287,
        1197288,
        1197289,
        1197290,
        1197291,
        1197292,
        1197293,
        1197294,
        1197295,
        1197296,
        1197297,
        1197298,
        1197299,
        1197300,
        1197301,
        1197302,
        1197303,
        1197304,
        1197305,
        1197306,
        1197307,
        1197308,
        1197309,
        1197310,
        1197311,
        1197312,
        1197313,
        1197314,
        1197315,
        1197316,
        1197317,
        1197318,
        1197319,
        1197320,
        1197321,
        1197322,
        1197323,
        1197324,
        1197325,
        1197326,
        1197327,
        1197328,
        1197329,
        1197330,
        1197331,
        1197332,
        1197333,
        1197334,
        1197335,
        1197336,
        1197337,
        1197338,
        1197339,
        1197340,
        1197341,
        1197342,
        1197343,
        1197344,
        1197345,
        1197346,
        1197347,
        1197348,
        1197349,
        1197350,
        1197351,
        1197352,
        1197353,
        1197354,
        1197355,
        1197356,
        1197357,
        1197358,
        1197359,
        1197360,
        1197361,
        1197362,
        1197363,
        1197364,
        1197365,
        1197366,
        1197367,
        1197368,
        1197369,
        1197370,
        1197371,
        1197372,
        1197373,
        1197374,
        1197375,
        1197376,
        1197377,
        1197378,
        1197379,
        1197380,
        1197381,
        1197382,
        1197383,
        1197384,
        1197385,
        1197386,
        1197387,
        1197388,
        1197389,
        1197390,
        1197391,
        1197392,
        1197393,
        1197394,
        1197395,
        1197396,
        1197397,
        1197398,
        1197399,
        1197400,
        1197401,
        1197402,
        1197403,
        1197404,
        1197405,
        1197406,
        1197407,
        1197408,
        1197409,
        1197410,
        1197411,
        1197412,
        1197413,
        1197414,
        1197415,
        1197416,
        1197417,
        1197418,
        1197419,
        1197420,
        1197421,
        1197422,
        1197423,
        1197424,
        1197425,
        1197426,
        1197427,
        1197428,
        1197429,
        1197430,
        1197431,
        1197432,
        1197433,
        1197434,
        1197435,
        1197436,
        1197437,
        1197438,
        1197439,
        1197440,
        1197441,
        1197442,
        1197443,
        1197444,
        1197445,
        1197446,
        1197447,
        1197448,
        1197449,
        1197450,
        1197451,
        1197452,
        1197453,
        1197454,
        1197455,
        1197456,
        1197457,
        1197458,
        1197459,
        1197460,
        1197461,
        1197462,
        1197463,
        1197464,
        1197465,
        1197466,
        1197467,
        1197468,
        1197469,
        1197470,
        1197471,
        1197472,
        1197473,
        1197474,
        1197475,
        1197476,
        1197477,
        1197478,
        1197479,
        1197480,
        1197481,
        1197482,
        1197483,
        1197484,
        1197485,
        1197486,
        1197487,
        1197488,
        1197489,
        1197490,
        1197491,
        1197492,
        1197493,
        1197494,
        1197495,
        1197496,
        1197497,
        1197498,
        1197499,
        1197500,
        1197501,
        1197502,
        1197503,
        1197504,
        1197505,
        1197506,
        1197507,
        1197508,
        1197509,
        1197510,
        1197511,
        1197512,
        1197513,
        1197514,
        1197515,
        1197516,
        1197517,
        1197518,
        1197519,
        1197520,
        1197521,
        1197522,
        1197523,
        1197524,
        1197525,
        1197526,
        1197527,
        1197528,
        1197529,
        1197530,
        1197531,
        1197532,
        1197533,
        1197534,
        1197535,
        1197536,
        1197537,
        1197538,
        1197539,
        1197540,
        1197541,
        1197542,
        1197543,
        1197544,
        1197545,
        1197546,
        1197547,
        1197548,
        1197549,
        1197550,
        1197551,
        1197552,
        1197553,
        1197554,
        1197555,
        1197556,
        1197557,
        1197558,
        1197559,
        1197560,
        1197561,
        1197562,
        1197563,
        1197564,
        1197565,
        1197566,
        1197567,
        1197568,
        1197569,
        1197570,
        1197571,
        1197572,
        1197573,
        1197574,
        1197575,
        1197576,
        1197577,
        1197578,
        1197579,
        1197580,
        1197581,
        1197582,
        1197583,
        1197584,
        1197585,
        1197586,
        1197587,
        1197588,
        1197589,
        1197590,
        1197591,
        1197592,
        1197593,
        1197594,
        1197595,
        1197596,
        1197597,
        1197598,
        1197599,
        1197600,
        1197601,
        1197602,
        1197603,
        1197604,
        1197605,
        1197606,
        1197607,
        1197608,
        1197609,
        1197610,
        1197611,
        1197612,
        1197613,
        1197614,
        1197615,
        1197616,
        1197617,
        1197618,
        1197619,
        1197620,
        1197621,
        1197622,
        1197623,
        1197624,
        1197625,
        1197626,
        1197627,
        1197628,
        1197629,
        1197630,
        1197631,
        1197632,
        1197633,
        1197634,
        1197635,
        1197636,
        1197637,
        1197638,
        1197639,
        1197640,
        1197641,
        1197642,
        1197643,
        1197644,
        1197645,
        1197646,
        1197647,
        1197648,
        1197649,
        1197650,
        1197651,
        1197652,
        1197653,
        1197654,
        1197655,
        1197656,
        1197657,
        1197658,
        1197659,
        1197660,
        1197661,
        1197662,
        1197663,
        1197664,
        1197665,
        1197666,
        1197667,
        1197668,
        1197669,
        1197670,
        1197671,
        1197672,
        1197673,
        1197674,
        1197675,
        1197676,
        1197677,
        1197678,
        1197679,
        1197680,
        1197681,
        1197682,
        1197683,
        1197684,
        1197685,
        1197686,
        1197687,
        1197688,
        1197689,
        1197690,
        1197691,
        1197692,
        1197693,
        1197694,
        1197695,
        1197696,
        1197697,
        1197698,
        1197699,
        1197700,
        1197701,
        1197702,
        1197703,
        1197704,
        1197705,
        1197706,
        1197707,
        1197708,
        1197709,
        1197710,
        1197711,
        1197712,
        1197713,
        1197714,
        1197715,
        1197716,
        1197717,
        1197718,
        1197719,
        1197720,
        1197721,
        1197722,
        1197723,
        1197724,
        1197725,
        1197726,
        1197727,
        1197728,
        1197729,
        1197730,
        1197731,
        1197732,
        1197733,
        1197734,
        1197735,
        1197736,
        1197737,
        1197738,
        1197739,
        1197740,
        1197741,
        1197742,
        1197743,
        1197744,
        1197745,
        1197746,
        1197747,
        1197748,
        1197749,
        1197750,
        1197751,
        1197752,
        1197753,
        1197754,
        1197755,
        1197756,
        1197757,
        1197758,
        1197759,
        1197760,
        1197761,
        1197762,
        1197763,
        1197764,
        1197765,
        1197766,
        1197767,
        1197768,
        1197769,
        1197770,
        1197771,
        1197772,
        1197773,
        1197774,
        1197775,
        1197776,
        1197777,
        1197778,
        1197779,
        1197780,
        1197781,
        1197782,
        1197783,
        1197784,
        1197785,
        1197786,
        1197787,
        1197788,
        1197789,
        1197790,
        1197791,
        1197792,
        1197793,
        1197794,
        1197795,
        1197796,
        1197797,
        1197798,
        1197799,
        1197800,
        1197801,
        1197802,
        1197803,
        1197804,
        1197805,
        1197806,
        1197807,
        1197808,
        1197809,
        1197810,
        1197811,
        1197812,
        1197813,
        1197814,
        1197815,
        1197816,
        1197817,
        1197818,
        1197819,
        1197820,
        1197821,
        1197822,
        1197823,
        1197824,
        1197825,
        1197826,
        1197827,
        1197828,
        1197829,
        1197830,
        1197831,
        1197832,
        1197833,
        1197834,
        1197835,
        1197836,
        1197837,
        1197838,
        1197839,
        1197840,
        1197841,
        1197842,
        1197843,
        1197844,
        1197845,
        1197846,
        1197847,
        1197848,
        1197849,
        1197850,
        1197851,
        1197852,
        1197853,
        1197854,
        1197855,
        1197856,
        1197857,
        1197858,
        1197859,
        1197860,
        1197861,
        1197862,
        1197863,
        1197864,
        1197865,
        1197866,
        1197867,
        1197868,
        1197869,
        1197870,
        1197871,
        1197872,
        1197873,
        1197874,
        1197875,
        1197876,
        1197877,
        1197878,
        1197879,
        1197880,
        1197881,
        1197882,
        1197883,
        1197884,
        1197885,
        1197886,
        1197887,
        1197888,
        1197889,
        1197890,
        1197891,
        1197892,
        1197893,
        1197894,
        1197895,
        1197896,
        1197897,
        1197898,
        1197899,
        1197900,
        1197901,
        1197902,
        1197903,
        1197904,
        1197905,
        1197906,
        1197907,
        1197908,
        1197909,
        1197910,
        1197911,
        1197912,
        1197913,
        1197914,
        1197915,
        1197916,
        1197917,
        1197918,
        1197919,
        1197920,
        1197921,
        1197922,
        1197923,
        1197924,
        1197925,
        1197926,
        1197927,
        1197928,
        1197929,
        1197930,
        1197931,
        1197932,
        1197933,
        1197934,
        1197935,
        1197936,
        1197937,
        1197938,
        1197939,
        1197940,
        1197941,
        1197942,
        1197943,
        1197944,
        1197945,
        1197946,
        1197947,
        1197948,
        1197949,
        1197950,
        1197951,
        1197952,
        1197953,
        1197954,
        1197955,
        1197956,
        1197957,
        1197958,
        1197959,
        1197960,
        1197961,
        1197962,
        1197963,
        1197964,
        1197965,
        1197966,
        1197967,
        1197968,
        1197969,
        1197970,
        1197971,
        1197972,
        1197973,
        1197974,
        1197975,
        1197976,
        1197977,
        1197978,
        1197979,
        1197980,
        1197981,
        1197982,
        1197983,
        1197984,
        1197985,
        1197986,
        1197987,
        1197988,
        1197989,
        1197990,
        1197991,
        1197992,
        1197993,
        1197994,
        1197995,
        1197996,
        1197997,
        1197998,
        1197999,
        1198000,
        1198001,
        1198002,
        1198003,
        1198004,
        1198005,
        1198006,
        1198007,
        1198008,
        1198009,
        1198010,
        1198011,
        1198012,
        1198013,
        1198014,
        1198015,
        1198016,
        1198017,
        1198018,
        1198019,
        1198020,
        1198021,
        1198022,
        1198023,
        1198024,
        1198025,
        1198026,
        1198027,
        1198028,
        1198029,
        1198030,
        1198031,
        1198032,
        1198033,
        1198034,
        1198035,
        1198036,
        1198037,
        1198038,
        1198039,
        1198040,
        1198041,
        1198042,
        1198043,
        1198044,
        1198045,
        1198046,
        1198047,
        1198048,
        1198049,
        1198050,
        1198051,
        1198052,
        1198053,
        1198054,
        1198055,
        1198056,
        1198057,
        1198058,
        1198059,
        1198060,
        1198061,
        1198062,
        1198063,
        1198064,
        1198065,
        1198066,
        1198067,
        1198068,
        1198069,
        1198070,
        1198071,
        1198072,
        1198073,
        1198074,
        1198075,
        1198076,
        1198077,
        1198078,
        1198079,
        1198080,
        1198081,
        1198082,
        1198083,
        1198084,
        1198085,
        1198086,
        1198087,
        1198088,
        1198089,
        1198090,
        1198091,
        1198092,
        1198093,
        1198094,
        1198095,
        1198096,
        1198097,
        1198098,
        1198099,
        1198100,
        1198101,
        1198102,
        1198103,
        1198104,
        1198105,
        1198106,
        1198107,
        1198108,
        1198109,
        1198110,
        1198111,
        1198112,
        1198113,
        1198114,
        1198115,
        1198116,
        1198117,
        1198118,
        1198119,
        1198120,
        1198121,
        1198122,
        1198123,
        1198124,
        1198125,
        1198126,
        1198127,
        1198128,
        1198129,
        1198130,
        1198131,
        1198132,
        1198133,
        1198134,
        1198135,
        1198136,
        1198137,
        1198138,
        1198139,
        1198140,
        1198141,
        1198142,
        1198143,
        1198144,
        1198145,
        1198146,
        1198147,
        1198148,
        1198149,
        1198150,
        1198151,
        1198152,
        1198153,
        1198154,
        1198155,
        1198156,
        1198157,
        1198158,
        1198159,
        1198160,
        1198161,
        1198162,
        1198163,
        1198164,
        1198165,
        1198166,
        1198167,
        1198168,
        1198169,
        1198170,
        1198171,
        1198172,
        1198173,
        1198174,
        1198175,
        1198176,
        1198177,
        1198178,
        1198179,
        1198180,
        1198181,
        1198182,
        1198183,
        1198184,
        1198185,
        1198186,
        1198187,
        1198188,
        1198189,
        1198190,
        1198191,
        1198192,
        1198193,
        1198194,
        1198195,
        1198196,
        1198197,
        1198198,
        1198199,
        1198200,
        1198201,
        1198202,
        1198203,
        1198204,
        1198205,
        1198206,
        1198207,
        1198208,
        1198209,
        1198210,
        1198211,
        1198212,
        1198213,
        1198214,
        1198215,
        1198216,
        1198217,
        1198218,
        1198219,
        1198220,
        1198221,
        1198222,
        1198223,
        1198224,
        1198225,
        1198226,
        1198227,
        1198228,
        1198229,
        1198230,
        1198231,
        1198232,
        1198233,
        1198234,
        1198235,
        1198236,
        1198237,
        1198238,
        1198239,
        1198240,
        1198241,
        1198242,
        1198243,
        1198244,
        1198245,
        1198246,
        1198247,
        1198248,
        1198249,
        1198250,
        1198251,
        1198252,
        1198253,
        1198254,
        1198255,
        1198256,
        1198257,
        1198258,
        1198259,
        1198260,
        1198261,
        1198262,
        1198263,
        1198264,
        1198265,
        1198266,
        1198267,
        1198268,
        1198269,
        1198270,
        1198271,
        1198272,
        1198273,
        1198274,
        1198275,
        1198276,
        1198277,
        1198278,
        1198279,
        1198280,
        1198281,
        1198282,
        1198283,
        1198284,
        1198285,
        1198286,
        1198287,
        1198288,
        1198289,
        1198290,
        1198291,
        1198292,
        1198293,
        1198294,
        1198295,
        1198296,
        1198297,
        1198298,
        1198299,
        1198300,
        1198301,
        1198302,
        1198303,
        1198304,
        1198305,
        1198306,
        1198307,
        1198308,
        1198309,
        1198310,
        1198311,
        1198312,
        1198313,
        1198314,
        1198315,
        1198316,
        1198317,
        1198318,
        1198319,
        1198320,
        1198321,
        1198322,
        1198323,
        1198324,
        1198325,
        1198326,
        1198327,
        1198328,
        1198329,
        1198330,
        1198331,
        1198332,
        1198333,
        1198334,
        1198335,
        1198336,
        1198337,
        1198338,
        1198339,
        1198340,
        1198341,
        1198342,
        1198343,
        1198344,
        1198345,
        1198346,
        1198347,
        1198348,
        1198349,
        1198350,
        1198351,
        1198352,
        1198353,
        1198354,
        1198355,
        1198356,
        1198357,
        1198358,
        1198359,
        1198360,
        1198361,
        1198362,
        1198363,
        1198364,
        1198365,
        1198366,
        1198367,
        1198368,
        1198369,
        1198370,
        1198371,
        1198372,
        1198373,
        1198374,
        1198375,
        1198376,
        1198377,
        1198378,
        1198379,
        1198380,
        1198381,
        1198382,
        1198383,
        1198384,
        1198385,
        1198386,
        1198387,
        1198388,
        1198389,
        1198390,
        1198391,
        1198392,
        1198393,
        1198394,
        1198395,
        1198396,
        1198397,
        1198398,
        1198399,
        1198400,
        1198401,
        1198402,
        1198403,
        1198404,
        1198405,
        1198406,
        1198407,
        1198408,
        1198409,
        1198410,
        1198411,
        1198412,
        1198413,
        1198414,
        1198415,
        1198416,
        1198417,
        1198418,
        1198419,
        1198420,
        1198421,
        1198422,
        1198423,
        1198424,
        1198425,
        1198426,
        1198427,
        1198428,
        1198429,
        1198430,
        1198431,
        1198432,
        1198433,
        1198434,
        1198435,
        1198436,
        1198437,
        1198438,
        1198439,
        1198440,
        1198441,
        1198442,
        1198443,
        1198444,
        1198445,
        1198446,
        1198447,
        1198448,
        1198449,
        1198450,
        1198451,
        1198452,
        1198453,
        1198454,
        1198455,
        1198456,
        1198457,
        1198458,
        1198459,
        1198460,
        1198461,
        1198462,
        1198463,
        1198464,
        1198465,
        1198466,
        1198467,
        1198468,
        1198469,
        1198470,
        1198471,
        1198472,
        1198473,
        1198474,
        1198475,
        1198476,
        1198477,
        1198478,
        1198479,
        1198480,
        1198481,
        1198482,
        1198483,
        1198484,
        1198485,
        1198486,
        1198487,
        1198488,
        1198489,
        1198490,
        1198491,
        1198492,
        1198493,
        1198494,
        1198495,
        1198496,
        1198497,
        1198498,
        1198499,
        1198500,
        1198501,
        1198502,
        1198503,
        1198504,
        1198505,
        1198506,
        1198507,
        1198508,
        1198509,
        1198510,
        1198511,
        1198512,
        1198513,
        1198514,
        1198515,
        1198516,
        1198517,
        1198518,
        1198519,
        1198520,
        1198521,
        1198522,
        1198523,
        1198524,
        1198525,
        1198526,
        1198527,
        1198528,
        1198529,
        1198530,
        1198531,
        1198532,
        1198533,
        1198534,
        1198535,
        1198536,
        1198537,
        1198538,
        1198539,
        1198540,
        1198541,
        1198542,
        1198543,
        1198544,
        1198545,
        1198546,
        1198547,
        1198548,
        1198549,
        1198550,
        1198551,
        1198552,
        1198553,
        1198554,
        1198555,
        1198556,
        1198557,
        1198558,
        1198559,
        1198560,
        1198561,
        1198562,
        1198563,
        1198564,
        1198565,
        1198566,
        1198567,
        1198568,
        1198569,
        1198570,
        1198571,
        1198572,
        1198573,
        1198574,
        1198575,
        1198576,
        1198577,
        1198578,
        1198579,
        1198580,
        1198581,
        1198582,
        1198583,
        1198584,
        1198585,
        1198586,
        1198587,
        1198588,
        1198589,
        1198590,
        1198591,
        1198592,
        1198593,
        1198594,
        1198595,
        1198596,
        1198597,
        1198598,
        1198599,
        1198600,
        1198601,
        1198602,
        1198603,
        1198604,
        1198605,
        1198606,
        1198607,
        1198608,
        1198609,
        1198610,
        1198611,
        1198612,
        1198613,
        1198614,
        1198615,
        1198616,
        1198617,
        1198618,
        1198619,
        1198620,
        1198621,
        1198622,
        1198623,
        1198624,
        1198625,
        1198626,
        1198627,
        1198628,
        1198629,
        1198630,
        1198631,
        1198632,
        1198633,
        1198634,
        1198635,
        1198636,
        1198637,
        1198638,
        1198639,
        1198640,
        1198641,
        1198642,
        1198643,
        1198644,
        1198645,
        1198646,
        1198647,
        1198648,
        1198649,
        1198650,
        1198651,
        1198652,
        1198653,
        1198654,
        1198655,
        1198656,
        1198657,
        1198658,
        1198659,
        1198660,
        1198661,
        1198662,
        1198663,
        1198664,
        1198665,
        1198666,
        1198667,
        1198668,
        1198669,
        1198670,
        1198671,
        1198672,
        1198673,
        1198674,
        1198675,
        1198676,
        1198677,
        1198678,
        1198679,
        1198680,
        1198681,
        1198682,
        1198683,
        1198684,
        1198685,
        1198686,
        1198687,
        1198688,
        1198689,
        1198690,
        1198691,
        1198692,
        1198693,
        1198694,
        1198695,
        1198696,
        1198697,
        1198698,
        1198699,
        1198700,
        1198701,
        1198702,
        1198703,
        1198704,
        1198705,
        1198706,
        1198707,
        1198708,
        1198709,
        1198710,
        1198711,
        1198712,
        1198713,
        1198714,
        1198715,
        1198716,
        1198717,
        1198718,
        1198719,
        1198720,
        1198721,
        1198722,
        1198723,
        1198724,
        1198725,
        1198726,
        1198727,
        1198728,
        1198729,
        1198730,
        1198731,
        1198732,
        1198733,
        1198734,
        1198735,
        1198736,
        1198737,
        1198738,
        1198739,
        1198740,
        1198741,
        1198742,
        1198743,
        1198744,
        1198745,
        1198746,
        1198747,
        1198748,
        1198749,
        1198750,
        1198751,
        1198752,
        1198753,
        1198754,
        1198755,
        1198756,
        1198757,
        1198758,
        1198759,
        1198760,
        1198761,
        1198762,
        1198763,
        1198764,
        1198765,
        1198766,
        1198767,
        1198768,
        1198769,
        1198770,
        1198771,
        1198772,
        1198773,
        1198774,
        1198775,
        1198776,
        1198777,
        1198778,
        1198779,
        1198780,
        1198781,
        1198782,
        1198783,
        1198784,
        1198785,
        1198786,
        1198787,
        1198788,
        1198789,
        1198790,
        1198791,
        1198792,
        1198793,
        1198794,
        1198795,
        1198796,
        1198797,
        1198798,
        1198799,
        1198800,
        1198801,
        1198802,
        1198803,
        1198804,
        1198805,
        1198806,
        1198807,
        1198808,
        1198809,
        1198810,
        1198811,
        1198812,
        1198813,
        1198814,
        1198815,
        1198816,
        1198817,
        1198818,
        1198819,
        1198820,
        1198821,
        1198822,
        1198823,
        1198824,
        1198825,
        1198826,
        1198827,
        1198828,
        1198829,
        1198830,
        1198831,
        1198832,
        1198833,
        1198834,
        1198835,
        1198836,
        1198837,
        1198838,
        1198839,
        1198840,
        1198841,
        1198842,
        1198843,
        1198844,
        1198845,
        1198846,
        1198847,
        1198848,
        1198849,
        1198850,
        1198851,
        1198852,
        1198853,
        1198854,
        1198855,
        1198856,
        1198857,
        1198858,
        1198859,
        1198860,
        1198861,
        1198862,
        1198863,
        1198864,
        1198865,
        1198866,
        1198867,
        1198868,
        1198869,
        1198870,
        1198871,
        1198872,
        1198873,
        1198874,
        1198875,
        1198876,
        1198877,
        1198878,
        1198879,
        1198880,
        1198881,
        1198882,
        1198883,
        1198884,
        1198885,
        1198886,
        1198887,
        1198888,
        1198889,
        1198890,
        1198891,
        1198892,
        1198893,
        1198894,
        1198895,
        1198896,
        1198897,
        1198898,
        1198899,
        1198900,
        1198901,
        1198902,
        1198903,
        1198904,
        1198905,
        1198906,
        1198907,
        1198908,
        1198909,
        1198910,
        1198911,
        1198912,
        1198913,
        1198914,
        1198915,
        1198916,
        1198917,
        1198918,
        1198919,
        1198920,
        1198921,
        1198922,
        1198923,
        1198924,
        1198925,
        1198926,
        1198927,
        1198928,
        1198929,
        1198930,
        1198931,
        1198932,
        1198933,
        1198934,
        1198935,
        1198936,
        1198937,
        1198938,
        1198939,
        1198940,
        1198941,
        1198942,
        1198943,
        1198944,
        1198945,
        1198946,
        1198947,
        1198948,
        1198949,
        1198950,
        1198951,
        1198952,
        1198953,
        1198954,
        1198955,
        1198956,
        1198957,
        1198958,
        1198959,
        1198960,
        1198961,
        1198962,
        1198963,
        1198964,
        1198965,
        1198966,
        1198967,
        1198968,
        1198969,
        1198970,
        1198971,
        1198972,
        1198973,
        1198974,
        1198975,
        1198976,
        1198977,
        1198978,
        1198979,
        1198980,
        1198981,
        1198982,
        1198983,
        1198984,
        1198985,
        1198986,
        1198987,
        1198988,
        1198989,
        1198990,
        1198991,
        1198992,
        1198993,
        1198994,
        1198995,
        1198996,
        1198997,
        1198998,
        1198999,
        1199000,
        1199001,
        1199002,
        1199003,
        1199004,
        1199005,
        1199006,
        1199007,
        1199008,
        1199009,
        1199010,
        1199011,
        1199012,
        1199013,
        1199014,
        1199015,
        1199016,
        1199017,
        1199018,
        1199019,
        1199020,
        1199021,
        1199022,
        1199023,
        1199024,
        1199025,
        1199026,
        1199027,
        1199028,
        1199029,
        1199030,
        1199031,
        1199032,
        1199033,
        1199034,
        1199035,
        1199036,
        1199037,
        1199038,
        1199039,
        1199040,
        1199041,
        1199042,
        1199043,
        1199044,
        1199045,
        1199046,
        1199047,
        1199048,
        1199049,
        1199050,
        1199051,
        1199052,
        1199053,
        1199054,
        1199055,
        1199056,
        1199057,
        1199058,
        1199059,
        1199060,
        1199061,
        1199062,
        1199063,
        1199064,
        1199065,
        1199066,
        1199067,
        1199068,
        1199069,
        1199070,
        1199071,
        1199072,
        1199073,
        1199074,
        1199075,
        1199076,
        1199077,
        1199078,
        1199079,
        1199080,
        1199081,
        1199082,
        1199083,
        1199084,
        1199085,
        1199086,
        1199087,
        1199088,
        1199089,
        1199090,
        1199091,
        1199092,
        1199093,
        1199094,
        1199095,
        1199096,
        1199097,
        1199098,
        1199099,
        1199100,
        1199101,
        1199102,
        1199103,
        1199104,
        1199105,
        1199106,
        1199107,
        1199108,
        1199109,
        1199110,
        1199111,
        1199112,
        1199113,
        1199114,
        1199115,
        1199116,
        1199117,
        1199118,
        1199119,
        1199120,
        1199121,
        1199122,
        1199123,
        1199124,
        1199125,
        1199126,
        1199127,
        1199128,
        1199129,
        1199130,
        1199131,
        1199132,
        1199133,
        1199134,
        1199135,
        1199136,
        1199137,
        1199138,
        1199139,
        1199140,
        1199141,
        1199142,
        1199143,
        1199144,
        1199145,
        1199146,
        1199147,
        1199148,
        1199149,
        1199150,
        1199151,
        1199152,
        1199153,
        1199154,
        1199155,
        1199156,
        1199157,
        1199158,
        1199159,
        1199160,
        1199161,
        1199162,
        1199163,
        1199164,
        1199165,
        1199166,
        1199167,
        1199168,
        1199169,
        1199170,
        1199171,
        1199172,
        1199173,
        1199174,
        1199175,
        1199176,
        1199177,
        1199178,
        1199179,
        1199180,
        1199181,
        1199182,
        1199183,
        1199184,
        1199185,
        1199186,
        1199187,
        1199188,
        1199189,
        1199190,
        1199191,
        1199192,
        1199193,
        1199194,
        1199195,
        1199196,
        1199197,
        1199198,
        1199199,
        1199200,
        1199201,
        1199202,
        1199203,
        1199204,
        1199205,
        1199206,
        1199207,
        1199208,
        1199209,
        1199210,
        1199211,
        1199212,
        1199213,
        1199214,
        1199215,
        1199216,
        1199217,
        1199218,
        1199219,
        1199220,
        1199221,
        1199222,
        1199223,
        1199224,
        1199225,
        1199226,
        1199227,
        1199228,
        1199229,
        1199230,
        1199231,
        1199232,
        1199233,
        1199234,
        1199235,
        1199236,
        1199237,
        1199238,
        1199239,
        1199240,
        1199241,
        1199242,
        1199243,
        1199244,
        1199245,
        1199246,
        1199247,
        1199248,
        1199249,
        1199250,
        1199251,
        1199252,
        1199253,
        1199254,
        1199255,
        1199256,
        1199257,
        1199258,
        1199259,
        1199260,
        1199261,
        1199262,
        1199263,
        1199264,
        1199265,
        1199266,
        1199267,
        1199268,
        1199269,
        1199270,
        1199271,
        1199272,
        1199273,
        1199274,
        1199275,
        1199276,
        1199277,
        1199278,
        1199279,
        1199280,
        1199281,
        1199282,
        1199283,
        1199284,
        1199285,
        1199286,
        1199287,
        1199288,
        1199289,
        1199290,
        1199291,
        1199292,
        1199293,
        1199294,
        1199295,
        1199296,
        1199297,
        1199298,
        1199299,
        1199300,
        1199301,
        1199302,
        1199303,
        1199304,
        1199305,
        1199306,
        1199307,
        1199308,
        1199309,
        1199310,
        1199311,
        1199312,
        1199313,
        1199314,
        1199315,
        1199316,
        1199317,
        1199318,
        1199319,
        1199320,
        1199321,
        1199322,
        1199323,
        1199324,
        1199325,
        1199326,
        1199327,
        1199328,
        1199329,
        1199330,
        1199331,
        1199332,
        1199333,
        1199334,
        1199335,
        1199336,
        1199337,
        1199338,
        1199339,
        1199340,
        1199341,
        1199342,
        1199343,
        1199344,
        1199345,
        1199346,
        1199347,
        1199348,
        1199349,
        1199350,
        1199351,
        1199352,
        1199353,
        1199354,
        1199355,
        1199356,
        1199357,
        1199358,
        1199359,
        1199360,
        1199361,
        1199362,
        1199363,
        1199364,
        1199365,
        1199366,
        1199367,
        1199368,
        1199369,
        1199370,
        1199371,
        1199372,
        1199373,
        1199374,
        1199375,
        1199376,
        1199377,
        1199378,
        1199379,
        1199380,
        1199381,
        1199382,
        1199383,
        1199384,
        1199385,
        1199386,
        1199387,
        1199388,
        1199389,
        1199390,
        1199391,
        1199392,
        1199393,
        1199394,
        1199395,
        1199396,
        1199397,
        1199398,
        1199399,
        1199400,
        1199401,
        1199402,
        1199403,
        1199404,
        1199405,
        1199406,
        1199407,
        1199408,
        1199409,
        1199410,
        1199411,
        1199412,
        1199413,
        1199414,
        1199415,
        1199416,
        1199417,
        1199418,
        1199419,
        1199420,
        1199421,
        1199422,
        1199423,
        1199424,
        1199425,
        1199426,
        1199427,
        1199428,
        1199429,
        1199430,
        1199431,
        1199432,
        1199433,
        1199434,
        1199435,
        1199436,
        1199437,
        1199438,
        1199439,
        1199440,
        1199441,
        1199442,
        1199443,
        1199444,
        1199445,
        1199446,
        1199447,
        1199448,
        1199449,
        1199450,
        1199451,
        1199452,
        1199453,
        1199454,
        1199455,
        1199456,
        1199457,
        1199458,
        1199459,
        1199460,
        1199461,
        1199462,
        1199463,
        1199464,
        1199465,
        1199466,
        1199467,
        1199468,
        1199469,
        1199470,
        1199471,
        1199472,
        1199473,
        1199474,
        1199475,
        1199476,
        1199477,
        1199478,
        1199479,
        1199480,
        1199481,
        1199482,
        1199483,
        1199484,
        1199485,
        1199486,
        1199487,
        1199488,
        1199489,
        1199490,
        1199491,
        1199492,
        1199493,
        1199494,
        1199495,
        1199496,
        1199497,
        1199498,
        1199499,
        1199500,
        1199501,
        1199502,
        1199503,
        1199504,
        1199505,
        1199506,
        1199507,
        1199508,
        1199509,
        1199510,
        1199511,
        1199512,
        1199513,
        1199514,
        1199515,
        1199516,
        1199517,
        1199518,
        1199519,
        1199520,
        1199521,
        1199522,
        1199523,
        1199524,
        1199525,
        1199526,
        1199527,
        1199528,
        1199529,
        1199530,
        1199531,
        1199532,
        1199533,
        1199534,
        1199535,
        1199536,
        1199537,
        1199538,
        1199539,
        1199540,
        1199541,
        1199542,
        1199543,
        1199544,
        1199545,
        1199546,
        1199547,
        1199548,
        1199549,
        1199550,
        1199551,
        1199552,
        1199553,
        1199554,
        1199555,
        1199556,
        1199557,
        1199558,
        1199559,
        1199560,
        1199561,
        1199562,
        1199563,
        1199564,
        1199565,
        1199566,
        1199567,
        1199568,
        1199569,
        1199570,
        1199571,
        1199572,
        1199573,
        1199574,
        1199575,
        1199576,
        1199577,
        1199578,
        1199579,
        1199580,
        1199581,
        1199582,
        1199583,
        1199584,
        1199585,
        1199586,
        1199587,
        1199588,
        1199589,
        1199590,
        1199591,
        1199592,
        1199593,
        1199594,
        1199595,
        1199596,
        1199597,
        1199598,
        1199599,
        1199600,
        1199601,
        1199602,
        1199603,
        1199604,
        1199605,
        1199606,
        1199607,
        1199608,
        1199609,
        1199610,
        1199611,
        1199612,
        1199613,
        1199614,
        1199615,
        1199616,
        1199617,
        1199618,
        1199619,
        1199620,
        1199621,
        1199622,
        1199623,
        1199624,
        1199625,
        1199626,
        1199627,
        1199628,
        1199629,
        1199630,
        1199631,
        1199632,
        1199633,
        1199634,
        1199635,
        1199636,
        1199637,
        1199638,
        1199639,
        1199640,
        1199641,
        1199642,
        1199643,
        1199644,
        1199645,
        1199646,
        1199647,
        1199648,
        1199649,
        1199650,
        1199651,
        1199652,
        1199653,
        1199654,
        1199655,
        1199656,
        1199657,
        1199658,
        1199659,
        1199660,
        1199661,
        1199662,
        1199663,
        1199664,
        1199665,
        1199666,
        1199667,
        1199668,
        1199669,
        1199670,
        1199671,
        1199672,
        1199673,
        1199674,
        1199675,
        1199676,
        1199677,
        1199678,
        1199679,
        1199680,
        1199681,
        1199682,
        1199683,
        1199684,
        1199685,
        1199686,
        1199687,
        1199688,
        1199689,
        1199690,
        1199691,
        1199692,
        1199693,
        1199694,
        1199695,
        1199696,
        1199697,
        1199698,
        1199699,
        1199700,
        1199701,
        1199702,
        1199703,
        1199704,
        1199705,
        1199706,
        1199707,
        1199708,
        1199709,
        1199710,
        1199711,
        1199712,
        1199713,
        1199714,
        1199715,
        1199716,
        1199717,
        1199718,
        1199719,
        1199720,
        1199721,
        1199722,
        1199723,
        1199724,
        1199725,
        1199726,
        1199727,
        1199728,
        1199729,
        1199730,
        1199731,
        1199732,
        1199733,
        1199734,
        1199735,
        1199736,
        1199737,
        1199738,
        1199739,
        1199740,
        1199741,
        1199742,
        1199743,
        1199744,
        1199745,
        1199746,
        1199747,
        1199748,
        1199749,
        1199750,
        1199751,
        1199752,
        1199753,
        1199754,
        1199755,
        1199756,
        1199757,
        1199758,
        1199759,
        1199760,
        1199761,
        1199762,
        1199763,
        1199764,
        1199765,
        1199766,
        1199767,
        1199768,
        1199769,
        1199770,
        1199771,
        1199772,
        1199773,
        1199774,
        1199775,
        1199776,
        1199777,
        1199778,
        1199779,
        1199780,
        1199781,
        1199782,
        1199783,
        1199784,
        1199785,
        1199786,
        1199787,
        1199788,
        1199789,
        1199790,
        1199791,
        1199792,
        1199793,
        1199794,
        1199795,
        1199796,
        1199797,
        1199798,
        1199799,
        1199800,
        1199801,
        1199802,
        1199803,
        1199804,
        1199805,
        1199806,
        1199807,
        1199808,
        1199809,
        1199810,
        1199811,
        1199812,
        1199813,
        1199814,
        1199815,
        1199816,
        1199817,
        1199818,
        1199819,
        1199820,
        1199821,
        1199822,
        1199823,
        1199824,
        1199825,
        1199826,
        1199827,
        1199828,
        1199829,
        1199830,
        1199831,
        1199832,
        1199833,
        1199834,
        1199835,
        1199836,
        1199837,
        1199838,
        1199839,
        1199840,
        1199841,
        1199842,
        1199843,
        1199844,
        1199845,
        1199846,
        1199847,
        1199848,
        1199849,
        1199850,
        1199851,
        1199852,
        1199853,
        1199854,
        1199855,
        1199856,
        1199857,
        1199858,
        1199859,
        1199860,
        1199861,
        1199862,
        1199863,
        1199864,
        1199865,
        1199866,
        1199867,
        1199868,
        1199869,
        1199870,
        1199871,
        1199872,
        1199873,
        1199874,
        1199875,
        1199876,
        1199877,
        1199878,
        1199879,
        1199880,
        1199881,
        1199882,
        1199883,
        1199884,
        1199885,
        1199886,
        1199887,
        1199888,
        1199889,
        1199890,
        1199891,
        1199892,
        1199893,
        1199894,
        1199895,
        1199896,
        1199897,
        1199898,
        1199899,
        1199900,
        1199901,
        1199902,
        1199903,
        1199904,
        1199905,
        1199906,
        1199907,
        1199908,
        1199909,
        1199910,
        1199911,
        1199912,
        1199913,
        1199914,
        1199915,
        1199916,
        1199917,
        1199918,
        1199919,
        1199920,
        1199921,
        1199922,
        1199923,
        1199924,
        1199925,
        1199926,
        1199927,
        1199928,
        1199929,
        1199930,
        1199931,
        1199932,
        1199933,
        1199934,
        1199935,
        1199936,
        1199937,
        1199938,
        1199939,
        1199940,
        1199941,
        1199942,
        1199943,
        1199944,
        1199945,
        1199946,
        1199947,
        1199948,
        1199949,
        1199950,
        1199951,
        1199952,
        1199953,
        1199954,
        1199955,
        1199956,
        1199957,
        1199958,
        1199959,
        1199960,
        1199961,
        1199962,
        1199963,
        1199964,
        1199965,
        1199966,
        1199967,
        1199968,
        1199969,
        1199970,
        1199971,
        1199972,
        1199973,
        1199974,
        1199975,
        1199976,
        1199977,
        1199978,
        1199979,
        1199980,
        1199981,
        1199982,
        1199983,
        1199984,
        1199985,
        1199986,
        1199987,
        1199988,
        1199989,
        1199990,
        1199991,
        1199992,
        1199993,
        1199994,
        1199995,
        1199996,
        1199997,
        1199998,
        1199999,
    ],
    pipeline=[
        dict(type='LoadImageFromNDArray'),
        dict(scale=(
            256,
            64,
        ), type='Resize'),
        dict(type='LoadOCRAnnotations', with_text=True),
        dict(
            meta_keys=(
                'img_path',
                'ori_shape',
                'img_shape',
                'valid_ratio',
            ),
            type='PackTextRecogInputs'),
    ],
    test_mode=True,
    type='RecogLMDBDataset')
pretrain_val_size = 5000
randomness = dict(seed=None)
resume = True
test_cfg = dict(type='TestLoop')
test_dataloader = dict(
    batch_size=128,
    dataset=dict(
        ann_file='pretrain_cn_scene',
        data_root='data',
        indices=[
            1195000,
            1195001,
            1195002,
            1195003,
            1195004,
            1195005,
            1195006,
            1195007,
            1195008,
            1195009,
            1195010,
            1195011,
            1195012,
            1195013,
            1195014,
            1195015,
            1195016,
            1195017,
            1195018,
            1195019,
            1195020,
            1195021,
            1195022,
            1195023,
            1195024,
            1195025,
            1195026,
            1195027,
            1195028,
            1195029,
            1195030,
            1195031,
            1195032,
            1195033,
            1195034,
            1195035,
            1195036,
            1195037,
            1195038,
            1195039,
            1195040,
            1195041,
            1195042,
            1195043,
            1195044,
            1195045,
            1195046,
            1195047,
            1195048,
            1195049,
            1195050,
            1195051,
            1195052,
            1195053,
            1195054,
            1195055,
            1195056,
            1195057,
            1195058,
            1195059,
            1195060,
            1195061,
            1195062,
            1195063,
            1195064,
            1195065,
            1195066,
            1195067,
            1195068,
            1195069,
            1195070,
            1195071,
            1195072,
            1195073,
            1195074,
            1195075,
            1195076,
            1195077,
            1195078,
            1195079,
            1195080,
            1195081,
            1195082,
            1195083,
            1195084,
            1195085,
            1195086,
            1195087,
            1195088,
            1195089,
            1195090,
            1195091,
            1195092,
            1195093,
            1195094,
            1195095,
            1195096,
            1195097,
            1195098,
            1195099,
            1195100,
            1195101,
            1195102,
            1195103,
            1195104,
            1195105,
            1195106,
            1195107,
            1195108,
            1195109,
            1195110,
            1195111,
            1195112,
            1195113,
            1195114,
            1195115,
            1195116,
            1195117,
            1195118,
            1195119,
            1195120,
            1195121,
            1195122,
            1195123,
            1195124,
            1195125,
            1195126,
            1195127,
            1195128,
            1195129,
            1195130,
            1195131,
            1195132,
            1195133,
            1195134,
            1195135,
            1195136,
            1195137,
            1195138,
            1195139,
            1195140,
            1195141,
            1195142,
            1195143,
            1195144,
            1195145,
            1195146,
            1195147,
            1195148,
            1195149,
            1195150,
            1195151,
            1195152,
            1195153,
            1195154,
            1195155,
            1195156,
            1195157,
            1195158,
            1195159,
            1195160,
            1195161,
            1195162,
            1195163,
            1195164,
            1195165,
            1195166,
            1195167,
            1195168,
            1195169,
            1195170,
            1195171,
            1195172,
            1195173,
            1195174,
            1195175,
            1195176,
            1195177,
            1195178,
            1195179,
            1195180,
            1195181,
            1195182,
            1195183,
            1195184,
            1195185,
            1195186,
            1195187,
            1195188,
            1195189,
            1195190,
            1195191,
            1195192,
            1195193,
            1195194,
            1195195,
            1195196,
            1195197,
            1195198,
            1195199,
            1195200,
            1195201,
            1195202,
            1195203,
            1195204,
            1195205,
            1195206,
            1195207,
            1195208,
            1195209,
            1195210,
            1195211,
            1195212,
            1195213,
            1195214,
            1195215,
            1195216,
            1195217,
            1195218,
            1195219,
            1195220,
            1195221,
            1195222,
            1195223,
            1195224,
            1195225,
            1195226,
            1195227,
            1195228,
            1195229,
            1195230,
            1195231,
            1195232,
            1195233,
            1195234,
            1195235,
            1195236,
            1195237,
            1195238,
            1195239,
            1195240,
            1195241,
            1195242,
            1195243,
            1195244,
            1195245,
            1195246,
            1195247,
            1195248,
            1195249,
            1195250,
            1195251,
            1195252,
            1195253,
            1195254,
            1195255,
            1195256,
            1195257,
            1195258,
            1195259,
            1195260,
            1195261,
            1195262,
            1195263,
            1195264,
            1195265,
            1195266,
            1195267,
            1195268,
            1195269,
            1195270,
            1195271,
            1195272,
            1195273,
            1195274,
            1195275,
            1195276,
            1195277,
            1195278,
            1195279,
            1195280,
            1195281,
            1195282,
            1195283,
            1195284,
            1195285,
            1195286,
            1195287,
            1195288,
            1195289,
            1195290,
            1195291,
            1195292,
            1195293,
            1195294,
            1195295,
            1195296,
            1195297,
            1195298,
            1195299,
            1195300,
            1195301,
            1195302,
            1195303,
            1195304,
            1195305,
            1195306,
            1195307,
            1195308,
            1195309,
            1195310,
            1195311,
            1195312,
            1195313,
            1195314,
            1195315,
            1195316,
            1195317,
            1195318,
            1195319,
            1195320,
            1195321,
            1195322,
            1195323,
            1195324,
            1195325,
            1195326,
            1195327,
            1195328,
            1195329,
            1195330,
            1195331,
            1195332,
            1195333,
            1195334,
            1195335,
            1195336,
            1195337,
            1195338,
            1195339,
            1195340,
            1195341,
            1195342,
            1195343,
            1195344,
            1195345,
            1195346,
            1195347,
            1195348,
            1195349,
            1195350,
            1195351,
            1195352,
            1195353,
            1195354,
            1195355,
            1195356,
            1195357,
            1195358,
            1195359,
            1195360,
            1195361,
            1195362,
            1195363,
            1195364,
            1195365,
            1195366,
            1195367,
            1195368,
            1195369,
            1195370,
            1195371,
            1195372,
            1195373,
            1195374,
            1195375,
            1195376,
            1195377,
            1195378,
            1195379,
            1195380,
            1195381,
            1195382,
            1195383,
            1195384,
            1195385,
            1195386,
            1195387,
            1195388,
            1195389,
            1195390,
            1195391,
            1195392,
            1195393,
            1195394,
            1195395,
            1195396,
            1195397,
            1195398,
            1195399,
            1195400,
            1195401,
            1195402,
            1195403,
            1195404,
            1195405,
            1195406,
            1195407,
            1195408,
            1195409,
            1195410,
            1195411,
            1195412,
            1195413,
            1195414,
            1195415,
            1195416,
            1195417,
            1195418,
            1195419,
            1195420,
            1195421,
            1195422,
            1195423,
            1195424,
            1195425,
            1195426,
            1195427,
            1195428,
            1195429,
            1195430,
            1195431,
            1195432,
            1195433,
            1195434,
            1195435,
            1195436,
            1195437,
            1195438,
            1195439,
            1195440,
            1195441,
            1195442,
            1195443,
            1195444,
            1195445,
            1195446,
            1195447,
            1195448,
            1195449,
            1195450,
            1195451,
            1195452,
            1195453,
            1195454,
            1195455,
            1195456,
            1195457,
            1195458,
            1195459,
            1195460,
            1195461,
            1195462,
            1195463,
            1195464,
            1195465,
            1195466,
            1195467,
            1195468,
            1195469,
            1195470,
            1195471,
            1195472,
            1195473,
            1195474,
            1195475,
            1195476,
            1195477,
            1195478,
            1195479,
            1195480,
            1195481,
            1195482,
            1195483,
            1195484,
            1195485,
            1195486,
            1195487,
            1195488,
            1195489,
            1195490,
            1195491,
            1195492,
            1195493,
            1195494,
            1195495,
            1195496,
            1195497,
            1195498,
            1195499,
            1195500,
            1195501,
            1195502,
            1195503,
            1195504,
            1195505,
            1195506,
            1195507,
            1195508,
            1195509,
            1195510,
            1195511,
            1195512,
            1195513,
            1195514,
            1195515,
            1195516,
            1195517,
            1195518,
            1195519,
            1195520,
            1195521,
            1195522,
            1195523,
            1195524,
            1195525,
            1195526,
            1195527,
            1195528,
            1195529,
            1195530,
            1195531,
            1195532,
            1195533,
            1195534,
            1195535,
            1195536,
            1195537,
            1195538,
            1195539,
            1195540,
            1195541,
            1195542,
            1195543,
            1195544,
            1195545,
            1195546,
            1195547,
            1195548,
            1195549,
            1195550,
            1195551,
            1195552,
            1195553,
            1195554,
            1195555,
            1195556,
            1195557,
            1195558,
            1195559,
            1195560,
            1195561,
            1195562,
            1195563,
            1195564,
            1195565,
            1195566,
            1195567,
            1195568,
            1195569,
            1195570,
            1195571,
            1195572,
            1195573,
            1195574,
            1195575,
            1195576,
            1195577,
            1195578,
            1195579,
            1195580,
            1195581,
            1195582,
            1195583,
            1195584,
            1195585,
            1195586,
            1195587,
            1195588,
            1195589,
            1195590,
            1195591,
            1195592,
            1195593,
            1195594,
            1195595,
            1195596,
            1195597,
            1195598,
            1195599,
            1195600,
            1195601,
            1195602,
            1195603,
            1195604,
            1195605,
            1195606,
            1195607,
            1195608,
            1195609,
            1195610,
            1195611,
            1195612,
            1195613,
            1195614,
            1195615,
            1195616,
            1195617,
            1195618,
            1195619,
            1195620,
            1195621,
            1195622,
            1195623,
            1195624,
            1195625,
            1195626,
            1195627,
            1195628,
            1195629,
            1195630,
            1195631,
            1195632,
            1195633,
            1195634,
            1195635,
            1195636,
            1195637,
            1195638,
            1195639,
            1195640,
            1195641,
            1195642,
            1195643,
            1195644,
            1195645,
            1195646,
            1195647,
            1195648,
            1195649,
            1195650,
            1195651,
            1195652,
            1195653,
            1195654,
            1195655,
            1195656,
            1195657,
            1195658,
            1195659,
            1195660,
            1195661,
            1195662,
            1195663,
            1195664,
            1195665,
            1195666,
            1195667,
            1195668,
            1195669,
            1195670,
            1195671,
            1195672,
            1195673,
            1195674,
            1195675,
            1195676,
            1195677,
            1195678,
            1195679,
            1195680,
            1195681,
            1195682,
            1195683,
            1195684,
            1195685,
            1195686,
            1195687,
            1195688,
            1195689,
            1195690,
            1195691,
            1195692,
            1195693,
            1195694,
            1195695,
            1195696,
            1195697,
            1195698,
            1195699,
            1195700,
            1195701,
            1195702,
            1195703,
            1195704,
            1195705,
            1195706,
            1195707,
            1195708,
            1195709,
            1195710,
            1195711,
            1195712,
            1195713,
            1195714,
            1195715,
            1195716,
            1195717,
            1195718,
            1195719,
            1195720,
            1195721,
            1195722,
            1195723,
            1195724,
            1195725,
            1195726,
            1195727,
            1195728,
            1195729,
            1195730,
            1195731,
            1195732,
            1195733,
            1195734,
            1195735,
            1195736,
            1195737,
            1195738,
            1195739,
            1195740,
            1195741,
            1195742,
            1195743,
            1195744,
            1195745,
            1195746,
            1195747,
            1195748,
            1195749,
            1195750,
            1195751,
            1195752,
            1195753,
            1195754,
            1195755,
            1195756,
            1195757,
            1195758,
            1195759,
            1195760,
            1195761,
            1195762,
            1195763,
            1195764,
            1195765,
            1195766,
            1195767,
            1195768,
            1195769,
            1195770,
            1195771,
            1195772,
            1195773,
            1195774,
            1195775,
            1195776,
            1195777,
            1195778,
            1195779,
            1195780,
            1195781,
            1195782,
            1195783,
            1195784,
            1195785,
            1195786,
            1195787,
            1195788,
            1195789,
            1195790,
            1195791,
            1195792,
            1195793,
            1195794,
            1195795,
            1195796,
            1195797,
            1195798,
            1195799,
            1195800,
            1195801,
            1195802,
            1195803,
            1195804,
            1195805,
            1195806,
            1195807,
            1195808,
            1195809,
            1195810,
            1195811,
            1195812,
            1195813,
            1195814,
            1195815,
            1195816,
            1195817,
            1195818,
            1195819,
            1195820,
            1195821,
            1195822,
            1195823,
            1195824,
            1195825,
            1195826,
            1195827,
            1195828,
            1195829,
            1195830,
            1195831,
            1195832,
            1195833,
            1195834,
            1195835,
            1195836,
            1195837,
            1195838,
            1195839,
            1195840,
            1195841,
            1195842,
            1195843,
            1195844,
            1195845,
            1195846,
            1195847,
            1195848,
            1195849,
            1195850,
            1195851,
            1195852,
            1195853,
            1195854,
            1195855,
            1195856,
            1195857,
            1195858,
            1195859,
            1195860,
            1195861,
            1195862,
            1195863,
            1195864,
            1195865,
            1195866,
            1195867,
            1195868,
            1195869,
            1195870,
            1195871,
            1195872,
            1195873,
            1195874,
            1195875,
            1195876,
            1195877,
            1195878,
            1195879,
            1195880,
            1195881,
            1195882,
            1195883,
            1195884,
            1195885,
            1195886,
            1195887,
            1195888,
            1195889,
            1195890,
            1195891,
            1195892,
            1195893,
            1195894,
            1195895,
            1195896,
            1195897,
            1195898,
            1195899,
            1195900,
            1195901,
            1195902,
            1195903,
            1195904,
            1195905,
            1195906,
            1195907,
            1195908,
            1195909,
            1195910,
            1195911,
            1195912,
            1195913,
            1195914,
            1195915,
            1195916,
            1195917,
            1195918,
            1195919,
            1195920,
            1195921,
            1195922,
            1195923,
            1195924,
            1195925,
            1195926,
            1195927,
            1195928,
            1195929,
            1195930,
            1195931,
            1195932,
            1195933,
            1195934,
            1195935,
            1195936,
            1195937,
            1195938,
            1195939,
            1195940,
            1195941,
            1195942,
            1195943,
            1195944,
            1195945,
            1195946,
            1195947,
            1195948,
            1195949,
            1195950,
            1195951,
            1195952,
            1195953,
            1195954,
            1195955,
            1195956,
            1195957,
            1195958,
            1195959,
            1195960,
            1195961,
            1195962,
            1195963,
            1195964,
            1195965,
            1195966,
            1195967,
            1195968,
            1195969,
            1195970,
            1195971,
            1195972,
            1195973,
            1195974,
            1195975,
            1195976,
            1195977,
            1195978,
            1195979,
            1195980,
            1195981,
            1195982,
            1195983,
            1195984,
            1195985,
            1195986,
            1195987,
            1195988,
            1195989,
            1195990,
            1195991,
            1195992,
            1195993,
            1195994,
            1195995,
            1195996,
            1195997,
            1195998,
            1195999,
            1196000,
            1196001,
            1196002,
            1196003,
            1196004,
            1196005,
            1196006,
            1196007,
            1196008,
            1196009,
            1196010,
            1196011,
            1196012,
            1196013,
            1196014,
            1196015,
            1196016,
            1196017,
            1196018,
            1196019,
            1196020,
            1196021,
            1196022,
            1196023,
            1196024,
            1196025,
            1196026,
            1196027,
            1196028,
            1196029,
            1196030,
            1196031,
            1196032,
            1196033,
            1196034,
            1196035,
            1196036,
            1196037,
            1196038,
            1196039,
            1196040,
            1196041,
            1196042,
            1196043,
            1196044,
            1196045,
            1196046,
            1196047,
            1196048,
            1196049,
            1196050,
            1196051,
            1196052,
            1196053,
            1196054,
            1196055,
            1196056,
            1196057,
            1196058,
            1196059,
            1196060,
            1196061,
            1196062,
            1196063,
            1196064,
            1196065,
            1196066,
            1196067,
            1196068,
            1196069,
            1196070,
            1196071,
            1196072,
            1196073,
            1196074,
            1196075,
            1196076,
            1196077,
            1196078,
            1196079,
            1196080,
            1196081,
            1196082,
            1196083,
            1196084,
            1196085,
            1196086,
            1196087,
            1196088,
            1196089,
            1196090,
            1196091,
            1196092,
            1196093,
            1196094,
            1196095,
            1196096,
            1196097,
            1196098,
            1196099,
            1196100,
            1196101,
            1196102,
            1196103,
            1196104,
            1196105,
            1196106,
            1196107,
            1196108,
            1196109,
            1196110,
            1196111,
            1196112,
            1196113,
            1196114,
            1196115,
            1196116,
            1196117,
            1196118,
            1196119,
            1196120,
            1196121,
            1196122,
            1196123,
            1196124,
            1196125,
            1196126,
            1196127,
            1196128,
            1196129,
            1196130,
            1196131,
            1196132,
            1196133,
            1196134,
            1196135,
            1196136,
            1196137,
            1196138,
            1196139,
            1196140,
            1196141,
            1196142,
            1196143,
            1196144,
            1196145,
            1196146,
            1196147,
            1196148,
            1196149,
            1196150,
            1196151,
            1196152,
            1196153,
            1196154,
            1196155,
            1196156,
            1196157,
            1196158,
            1196159,
            1196160,
            1196161,
            1196162,
            1196163,
            1196164,
            1196165,
            1196166,
            1196167,
            1196168,
            1196169,
            1196170,
            1196171,
            1196172,
            1196173,
            1196174,
            1196175,
            1196176,
            1196177,
            1196178,
            1196179,
            1196180,
            1196181,
            1196182,
            1196183,
            1196184,
            1196185,
            1196186,
            1196187,
            1196188,
            1196189,
            1196190,
            1196191,
            1196192,
            1196193,
            1196194,
            1196195,
            1196196,
            1196197,
            1196198,
            1196199,
            1196200,
            1196201,
            1196202,
            1196203,
            1196204,
            1196205,
            1196206,
            1196207,
            1196208,
            1196209,
            1196210,
            1196211,
            1196212,
            1196213,
            1196214,
            1196215,
            1196216,
            1196217,
            1196218,
            1196219,
            1196220,
            1196221,
            1196222,
            1196223,
            1196224,
            1196225,
            1196226,
            1196227,
            1196228,
            1196229,
            1196230,
            1196231,
            1196232,
            1196233,
            1196234,
            1196235,
            1196236,
            1196237,
            1196238,
            1196239,
            1196240,
            1196241,
            1196242,
            1196243,
            1196244,
            1196245,
            1196246,
            1196247,
            1196248,
            1196249,
            1196250,
            1196251,
            1196252,
            1196253,
            1196254,
            1196255,
            1196256,
            1196257,
            1196258,
            1196259,
            1196260,
            1196261,
            1196262,
            1196263,
            1196264,
            1196265,
            1196266,
            1196267,
            1196268,
            1196269,
            1196270,
            1196271,
            1196272,
            1196273,
            1196274,
            1196275,
            1196276,
            1196277,
            1196278,
            1196279,
            1196280,
            1196281,
            1196282,
            1196283,
            1196284,
            1196285,
            1196286,
            1196287,
            1196288,
            1196289,
            1196290,
            1196291,
            1196292,
            1196293,
            1196294,
            1196295,
            1196296,
            1196297,
            1196298,
            1196299,
            1196300,
            1196301,
            1196302,
            1196303,
            1196304,
            1196305,
            1196306,
            1196307,
            1196308,
            1196309,
            1196310,
            1196311,
            1196312,
            1196313,
            1196314,
            1196315,
            1196316,
            1196317,
            1196318,
            1196319,
            1196320,
            1196321,
            1196322,
            1196323,
            1196324,
            1196325,
            1196326,
            1196327,
            1196328,
            1196329,
            1196330,
            1196331,
            1196332,
            1196333,
            1196334,
            1196335,
            1196336,
            1196337,
            1196338,
            1196339,
            1196340,
            1196341,
            1196342,
            1196343,
            1196344,
            1196345,
            1196346,
            1196347,
            1196348,
            1196349,
            1196350,
            1196351,
            1196352,
            1196353,
            1196354,
            1196355,
            1196356,
            1196357,
            1196358,
            1196359,
            1196360,
            1196361,
            1196362,
            1196363,
            1196364,
            1196365,
            1196366,
            1196367,
            1196368,
            1196369,
            1196370,
            1196371,
            1196372,
            1196373,
            1196374,
            1196375,
            1196376,
            1196377,
            1196378,
            1196379,
            1196380,
            1196381,
            1196382,
            1196383,
            1196384,
            1196385,
            1196386,
            1196387,
            1196388,
            1196389,
            1196390,
            1196391,
            1196392,
            1196393,
            1196394,
            1196395,
            1196396,
            1196397,
            1196398,
            1196399,
            1196400,
            1196401,
            1196402,
            1196403,
            1196404,
            1196405,
            1196406,
            1196407,
            1196408,
            1196409,
            1196410,
            1196411,
            1196412,
            1196413,
            1196414,
            1196415,
            1196416,
            1196417,
            1196418,
            1196419,
            1196420,
            1196421,
            1196422,
            1196423,
            1196424,
            1196425,
            1196426,
            1196427,
            1196428,
            1196429,
            1196430,
            1196431,
            1196432,
            1196433,
            1196434,
            1196435,
            1196436,
            1196437,
            1196438,
            1196439,
            1196440,
            1196441,
            1196442,
            1196443,
            1196444,
            1196445,
            1196446,
            1196447,
            1196448,
            1196449,
            1196450,
            1196451,
            1196452,
            1196453,
            1196454,
            1196455,
            1196456,
            1196457,
            1196458,
            1196459,
            1196460,
            1196461,
            1196462,
            1196463,
            1196464,
            1196465,
            1196466,
            1196467,
            1196468,
            1196469,
            1196470,
            1196471,
            1196472,
            1196473,
            1196474,
            1196475,
            1196476,
            1196477,
            1196478,
            1196479,
            1196480,
            1196481,
            1196482,
            1196483,
            1196484,
            1196485,
            1196486,
            1196487,
            1196488,
            1196489,
            1196490,
            1196491,
            1196492,
            1196493,
            1196494,
            1196495,
            1196496,
            1196497,
            1196498,
            1196499,
            1196500,
            1196501,
            1196502,
            1196503,
            1196504,
            1196505,
            1196506,
            1196507,
            1196508,
            1196509,
            1196510,
            1196511,
            1196512,
            1196513,
            1196514,
            1196515,
            1196516,
            1196517,
            1196518,
            1196519,
            1196520,
            1196521,
            1196522,
            1196523,
            1196524,
            1196525,
            1196526,
            1196527,
            1196528,
            1196529,
            1196530,
            1196531,
            1196532,
            1196533,
            1196534,
            1196535,
            1196536,
            1196537,
            1196538,
            1196539,
            1196540,
            1196541,
            1196542,
            1196543,
            1196544,
            1196545,
            1196546,
            1196547,
            1196548,
            1196549,
            1196550,
            1196551,
            1196552,
            1196553,
            1196554,
            1196555,
            1196556,
            1196557,
            1196558,
            1196559,
            1196560,
            1196561,
            1196562,
            1196563,
            1196564,
            1196565,
            1196566,
            1196567,
            1196568,
            1196569,
            1196570,
            1196571,
            1196572,
            1196573,
            1196574,
            1196575,
            1196576,
            1196577,
            1196578,
            1196579,
            1196580,
            1196581,
            1196582,
            1196583,
            1196584,
            1196585,
            1196586,
            1196587,
            1196588,
            1196589,
            1196590,
            1196591,
            1196592,
            1196593,
            1196594,
            1196595,
            1196596,
            1196597,
            1196598,
            1196599,
            1196600,
            1196601,
            1196602,
            1196603,
            1196604,
            1196605,
            1196606,
            1196607,
            1196608,
            1196609,
            1196610,
            1196611,
            1196612,
            1196613,
            1196614,
            1196615,
            1196616,
            1196617,
            1196618,
            1196619,
            1196620,
            1196621,
            1196622,
            1196623,
            1196624,
            1196625,
            1196626,
            1196627,
            1196628,
            1196629,
            1196630,
            1196631,
            1196632,
            1196633,
            1196634,
            1196635,
            1196636,
            1196637,
            1196638,
            1196639,
            1196640,
            1196641,
            1196642,
            1196643,
            1196644,
            1196645,
            1196646,
            1196647,
            1196648,
            1196649,
            1196650,
            1196651,
            1196652,
            1196653,
            1196654,
            1196655,
            1196656,
            1196657,
            1196658,
            1196659,
            1196660,
            1196661,
            1196662,
            1196663,
            1196664,
            1196665,
            1196666,
            1196667,
            1196668,
            1196669,
            1196670,
            1196671,
            1196672,
            1196673,
            1196674,
            1196675,
            1196676,
            1196677,
            1196678,
            1196679,
            1196680,
            1196681,
            1196682,
            1196683,
            1196684,
            1196685,
            1196686,
            1196687,
            1196688,
            1196689,
            1196690,
            1196691,
            1196692,
            1196693,
            1196694,
            1196695,
            1196696,
            1196697,
            1196698,
            1196699,
            1196700,
            1196701,
            1196702,
            1196703,
            1196704,
            1196705,
            1196706,
            1196707,
            1196708,
            1196709,
            1196710,
            1196711,
            1196712,
            1196713,
            1196714,
            1196715,
            1196716,
            1196717,
            1196718,
            1196719,
            1196720,
            1196721,
            1196722,
            1196723,
            1196724,
            1196725,
            1196726,
            1196727,
            1196728,
            1196729,
            1196730,
            1196731,
            1196732,
            1196733,
            1196734,
            1196735,
            1196736,
            1196737,
            1196738,
            1196739,
            1196740,
            1196741,
            1196742,
            1196743,
            1196744,
            1196745,
            1196746,
            1196747,
            1196748,
            1196749,
            1196750,
            1196751,
            1196752,
            1196753,
            1196754,
            1196755,
            1196756,
            1196757,
            1196758,
            1196759,
            1196760,
            1196761,
            1196762,
            1196763,
            1196764,
            1196765,
            1196766,
            1196767,
            1196768,
            1196769,
            1196770,
            1196771,
            1196772,
            1196773,
            1196774,
            1196775,
            1196776,
            1196777,
            1196778,
            1196779,
            1196780,
            1196781,
            1196782,
            1196783,
            1196784,
            1196785,
            1196786,
            1196787,
            1196788,
            1196789,
            1196790,
            1196791,
            1196792,
            1196793,
            1196794,
            1196795,
            1196796,
            1196797,
            1196798,
            1196799,
            1196800,
            1196801,
            1196802,
            1196803,
            1196804,
            1196805,
            1196806,
            1196807,
            1196808,
            1196809,
            1196810,
            1196811,
            1196812,
            1196813,
            1196814,
            1196815,
            1196816,
            1196817,
            1196818,
            1196819,
            1196820,
            1196821,
            1196822,
            1196823,
            1196824,
            1196825,
            1196826,
            1196827,
            1196828,
            1196829,
            1196830,
            1196831,
            1196832,
            1196833,
            1196834,
            1196835,
            1196836,
            1196837,
            1196838,
            1196839,
            1196840,
            1196841,
            1196842,
            1196843,
            1196844,
            1196845,
            1196846,
            1196847,
            1196848,
            1196849,
            1196850,
            1196851,
            1196852,
            1196853,
            1196854,
            1196855,
            1196856,
            1196857,
            1196858,
            1196859,
            1196860,
            1196861,
            1196862,
            1196863,
            1196864,
            1196865,
            1196866,
            1196867,
            1196868,
            1196869,
            1196870,
            1196871,
            1196872,
            1196873,
            1196874,
            1196875,
            1196876,
            1196877,
            1196878,
            1196879,
            1196880,
            1196881,
            1196882,
            1196883,
            1196884,
            1196885,
            1196886,
            1196887,
            1196888,
            1196889,
            1196890,
            1196891,
            1196892,
            1196893,
            1196894,
            1196895,
            1196896,
            1196897,
            1196898,
            1196899,
            1196900,
            1196901,
            1196902,
            1196903,
            1196904,
            1196905,
            1196906,
            1196907,
            1196908,
            1196909,
            1196910,
            1196911,
            1196912,
            1196913,
            1196914,
            1196915,
            1196916,
            1196917,
            1196918,
            1196919,
            1196920,
            1196921,
            1196922,
            1196923,
            1196924,
            1196925,
            1196926,
            1196927,
            1196928,
            1196929,
            1196930,
            1196931,
            1196932,
            1196933,
            1196934,
            1196935,
            1196936,
            1196937,
            1196938,
            1196939,
            1196940,
            1196941,
            1196942,
            1196943,
            1196944,
            1196945,
            1196946,
            1196947,
            1196948,
            1196949,
            1196950,
            1196951,
            1196952,
            1196953,
            1196954,
            1196955,
            1196956,
            1196957,
            1196958,
            1196959,
            1196960,
            1196961,
            1196962,
            1196963,
            1196964,
            1196965,
            1196966,
            1196967,
            1196968,
            1196969,
            1196970,
            1196971,
            1196972,
            1196973,
            1196974,
            1196975,
            1196976,
            1196977,
            1196978,
            1196979,
            1196980,
            1196981,
            1196982,
            1196983,
            1196984,
            1196985,
            1196986,
            1196987,
            1196988,
            1196989,
            1196990,
            1196991,
            1196992,
            1196993,
            1196994,
            1196995,
            1196996,
            1196997,
            1196998,
            1196999,
            1197000,
            1197001,
            1197002,
            1197003,
            1197004,
            1197005,
            1197006,
            1197007,
            1197008,
            1197009,
            1197010,
            1197011,
            1197012,
            1197013,
            1197014,
            1197015,
            1197016,
            1197017,
            1197018,
            1197019,
            1197020,
            1197021,
            1197022,
            1197023,
            1197024,
            1197025,
            1197026,
            1197027,
            1197028,
            1197029,
            1197030,
            1197031,
            1197032,
            1197033,
            1197034,
            1197035,
            1197036,
            1197037,
            1197038,
            1197039,
            1197040,
            1197041,
            1197042,
            1197043,
            1197044,
            1197045,
            1197046,
            1197047,
            1197048,
            1197049,
            1197050,
            1197051,
            1197052,
            1197053,
            1197054,
            1197055,
            1197056,
            1197057,
            1197058,
            1197059,
            1197060,
            1197061,
            1197062,
            1197063,
            1197064,
            1197065,
            1197066,
            1197067,
            1197068,
            1197069,
            1197070,
            1197071,
            1197072,
            1197073,
            1197074,
            1197075,
            1197076,
            1197077,
            1197078,
            1197079,
            1197080,
            1197081,
            1197082,
            1197083,
            1197084,
            1197085,
            1197086,
            1197087,
            1197088,
            1197089,
            1197090,
            1197091,
            1197092,
            1197093,
            1197094,
            1197095,
            1197096,
            1197097,
            1197098,
            1197099,
            1197100,
            1197101,
            1197102,
            1197103,
            1197104,
            1197105,
            1197106,
            1197107,
            1197108,
            1197109,
            1197110,
            1197111,
            1197112,
            1197113,
            1197114,
            1197115,
            1197116,
            1197117,
            1197118,
            1197119,
            1197120,
            1197121,
            1197122,
            1197123,
            1197124,
            1197125,
            1197126,
            1197127,
            1197128,
            1197129,
            1197130,
            1197131,
            1197132,
            1197133,
            1197134,
            1197135,
            1197136,
            1197137,
            1197138,
            1197139,
            1197140,
            1197141,
            1197142,
            1197143,
            1197144,
            1197145,
            1197146,
            1197147,
            1197148,
            1197149,
            1197150,
            1197151,
            1197152,
            1197153,
            1197154,
            1197155,
            1197156,
            1197157,
            1197158,
            1197159,
            1197160,
            1197161,
            1197162,
            1197163,
            1197164,
            1197165,
            1197166,
            1197167,
            1197168,
            1197169,
            1197170,
            1197171,
            1197172,
            1197173,
            1197174,
            1197175,
            1197176,
            1197177,
            1197178,
            1197179,
            1197180,
            1197181,
            1197182,
            1197183,
            1197184,
            1197185,
            1197186,
            1197187,
            1197188,
            1197189,
            1197190,
            1197191,
            1197192,
            1197193,
            1197194,
            1197195,
            1197196,
            1197197,
            1197198,
            1197199,
            1197200,
            1197201,
            1197202,
            1197203,
            1197204,
            1197205,
            1197206,
            1197207,
            1197208,
            1197209,
            1197210,
            1197211,
            1197212,
            1197213,
            1197214,
            1197215,
            1197216,
            1197217,
            1197218,
            1197219,
            1197220,
            1197221,
            1197222,
            1197223,
            1197224,
            1197225,
            1197226,
            1197227,
            1197228,
            1197229,
            1197230,
            1197231,
            1197232,
            1197233,
            1197234,
            1197235,
            1197236,
            1197237,
            1197238,
            1197239,
            1197240,
            1197241,
            1197242,
            1197243,
            1197244,
            1197245,
            1197246,
            1197247,
            1197248,
            1197249,
            1197250,
            1197251,
            1197252,
            1197253,
            1197254,
            1197255,
            1197256,
            1197257,
            1197258,
            1197259,
            1197260,
            1197261,
            1197262,
            1197263,
            1197264,
            1197265,
            1197266,
            1197267,
            1197268,
            1197269,
            1197270,
            1197271,
            1197272,
            1197273,
            1197274,
            1197275,
            1197276,
            1197277,
            1197278,
            1197279,
            1197280,
            1197281,
            1197282,
            1197283,
            1197284,
            1197285,
            1197286,
            1197287,
            1197288,
            1197289,
            1197290,
            1197291,
            1197292,
            1197293,
            1197294,
            1197295,
            1197296,
            1197297,
            1197298,
            1197299,
            1197300,
            1197301,
            1197302,
            1197303,
            1197304,
            1197305,
            1197306,
            1197307,
            1197308,
            1197309,
            1197310,
            1197311,
            1197312,
            1197313,
            1197314,
            1197315,
            1197316,
            1197317,
            1197318,
            1197319,
            1197320,
            1197321,
            1197322,
            1197323,
            1197324,
            1197325,
            1197326,
            1197327,
            1197328,
            1197329,
            1197330,
            1197331,
            1197332,
            1197333,
            1197334,
            1197335,
            1197336,
            1197337,
            1197338,
            1197339,
            1197340,
            1197341,
            1197342,
            1197343,
            1197344,
            1197345,
            1197346,
            1197347,
            1197348,
            1197349,
            1197350,
            1197351,
            1197352,
            1197353,
            1197354,
            1197355,
            1197356,
            1197357,
            1197358,
            1197359,
            1197360,
            1197361,
            1197362,
            1197363,
            1197364,
            1197365,
            1197366,
            1197367,
            1197368,
            1197369,
            1197370,
            1197371,
            1197372,
            1197373,
            1197374,
            1197375,
            1197376,
            1197377,
            1197378,
            1197379,
            1197380,
            1197381,
            1197382,
            1197383,
            1197384,
            1197385,
            1197386,
            1197387,
            1197388,
            1197389,
            1197390,
            1197391,
            1197392,
            1197393,
            1197394,
            1197395,
            1197396,
            1197397,
            1197398,
            1197399,
            1197400,
            1197401,
            1197402,
            1197403,
            1197404,
            1197405,
            1197406,
            1197407,
            1197408,
            1197409,
            1197410,
            1197411,
            1197412,
            1197413,
            1197414,
            1197415,
            1197416,
            1197417,
            1197418,
            1197419,
            1197420,
            1197421,
            1197422,
            1197423,
            1197424,
            1197425,
            1197426,
            1197427,
            1197428,
            1197429,
            1197430,
            1197431,
            1197432,
            1197433,
            1197434,
            1197435,
            1197436,
            1197437,
            1197438,
            1197439,
            1197440,
            1197441,
            1197442,
            1197443,
            1197444,
            1197445,
            1197446,
            1197447,
            1197448,
            1197449,
            1197450,
            1197451,
            1197452,
            1197453,
            1197454,
            1197455,
            1197456,
            1197457,
            1197458,
            1197459,
            1197460,
            1197461,
            1197462,
            1197463,
            1197464,
            1197465,
            1197466,
            1197467,
            1197468,
            1197469,
            1197470,
            1197471,
            1197472,
            1197473,
            1197474,
            1197475,
            1197476,
            1197477,
            1197478,
            1197479,
            1197480,
            1197481,
            1197482,
            1197483,
            1197484,
            1197485,
            1197486,
            1197487,
            1197488,
            1197489,
            1197490,
            1197491,
            1197492,
            1197493,
            1197494,
            1197495,
            1197496,
            1197497,
            1197498,
            1197499,
            1197500,
            1197501,
            1197502,
            1197503,
            1197504,
            1197505,
            1197506,
            1197507,
            1197508,
            1197509,
            1197510,
            1197511,
            1197512,
            1197513,
            1197514,
            1197515,
            1197516,
            1197517,
            1197518,
            1197519,
            1197520,
            1197521,
            1197522,
            1197523,
            1197524,
            1197525,
            1197526,
            1197527,
            1197528,
            1197529,
            1197530,
            1197531,
            1197532,
            1197533,
            1197534,
            1197535,
            1197536,
            1197537,
            1197538,
            1197539,
            1197540,
            1197541,
            1197542,
            1197543,
            1197544,
            1197545,
            1197546,
            1197547,
            1197548,
            1197549,
            1197550,
            1197551,
            1197552,
            1197553,
            1197554,
            1197555,
            1197556,
            1197557,
            1197558,
            1197559,
            1197560,
            1197561,
            1197562,
            1197563,
            1197564,
            1197565,
            1197566,
            1197567,
            1197568,
            1197569,
            1197570,
            1197571,
            1197572,
            1197573,
            1197574,
            1197575,
            1197576,
            1197577,
            1197578,
            1197579,
            1197580,
            1197581,
            1197582,
            1197583,
            1197584,
            1197585,
            1197586,
            1197587,
            1197588,
            1197589,
            1197590,
            1197591,
            1197592,
            1197593,
            1197594,
            1197595,
            1197596,
            1197597,
            1197598,
            1197599,
            1197600,
            1197601,
            1197602,
            1197603,
            1197604,
            1197605,
            1197606,
            1197607,
            1197608,
            1197609,
            1197610,
            1197611,
            1197612,
            1197613,
            1197614,
            1197615,
            1197616,
            1197617,
            1197618,
            1197619,
            1197620,
            1197621,
            1197622,
            1197623,
            1197624,
            1197625,
            1197626,
            1197627,
            1197628,
            1197629,
            1197630,
            1197631,
            1197632,
            1197633,
            1197634,
            1197635,
            1197636,
            1197637,
            1197638,
            1197639,
            1197640,
            1197641,
            1197642,
            1197643,
            1197644,
            1197645,
            1197646,
            1197647,
            1197648,
            1197649,
            1197650,
            1197651,
            1197652,
            1197653,
            1197654,
            1197655,
            1197656,
            1197657,
            1197658,
            1197659,
            1197660,
            1197661,
            1197662,
            1197663,
            1197664,
            1197665,
            1197666,
            1197667,
            1197668,
            1197669,
            1197670,
            1197671,
            1197672,
            1197673,
            1197674,
            1197675,
            1197676,
            1197677,
            1197678,
            1197679,
            1197680,
            1197681,
            1197682,
            1197683,
            1197684,
            1197685,
            1197686,
            1197687,
            1197688,
            1197689,
            1197690,
            1197691,
            1197692,
            1197693,
            1197694,
            1197695,
            1197696,
            1197697,
            1197698,
            1197699,
            1197700,
            1197701,
            1197702,
            1197703,
            1197704,
            1197705,
            1197706,
            1197707,
            1197708,
            1197709,
            1197710,
            1197711,
            1197712,
            1197713,
            1197714,
            1197715,
            1197716,
            1197717,
            1197718,
            1197719,
            1197720,
            1197721,
            1197722,
            1197723,
            1197724,
            1197725,
            1197726,
            1197727,
            1197728,
            1197729,
            1197730,
            1197731,
            1197732,
            1197733,
            1197734,
            1197735,
            1197736,
            1197737,
            1197738,
            1197739,
            1197740,
            1197741,
            1197742,
            1197743,
            1197744,
            1197745,
            1197746,
            1197747,
            1197748,
            1197749,
            1197750,
            1197751,
            1197752,
            1197753,
            1197754,
            1197755,
            1197756,
            1197757,
            1197758,
            1197759,
            1197760,
            1197761,
            1197762,
            1197763,
            1197764,
            1197765,
            1197766,
            1197767,
            1197768,
            1197769,
            1197770,
            1197771,
            1197772,
            1197773,
            1197774,
            1197775,
            1197776,
            1197777,
            1197778,
            1197779,
            1197780,
            1197781,
            1197782,
            1197783,
            1197784,
            1197785,
            1197786,
            1197787,
            1197788,
            1197789,
            1197790,
            1197791,
            1197792,
            1197793,
            1197794,
            1197795,
            1197796,
            1197797,
            1197798,
            1197799,
            1197800,
            1197801,
            1197802,
            1197803,
            1197804,
            1197805,
            1197806,
            1197807,
            1197808,
            1197809,
            1197810,
            1197811,
            1197812,
            1197813,
            1197814,
            1197815,
            1197816,
            1197817,
            1197818,
            1197819,
            1197820,
            1197821,
            1197822,
            1197823,
            1197824,
            1197825,
            1197826,
            1197827,
            1197828,
            1197829,
            1197830,
            1197831,
            1197832,
            1197833,
            1197834,
            1197835,
            1197836,
            1197837,
            1197838,
            1197839,
            1197840,
            1197841,
            1197842,
            1197843,
            1197844,
            1197845,
            1197846,
            1197847,
            1197848,
            1197849,
            1197850,
            1197851,
            1197852,
            1197853,
            1197854,
            1197855,
            1197856,
            1197857,
            1197858,
            1197859,
            1197860,
            1197861,
            1197862,
            1197863,
            1197864,
            1197865,
            1197866,
            1197867,
            1197868,
            1197869,
            1197870,
            1197871,
            1197872,
            1197873,
            1197874,
            1197875,
            1197876,
            1197877,
            1197878,
            1197879,
            1197880,
            1197881,
            1197882,
            1197883,
            1197884,
            1197885,
            1197886,
            1197887,
            1197888,
            1197889,
            1197890,
            1197891,
            1197892,
            1197893,
            1197894,
            1197895,
            1197896,
            1197897,
            1197898,
            1197899,
            1197900,
            1197901,
            1197902,
            1197903,
            1197904,
            1197905,
            1197906,
            1197907,
            1197908,
            1197909,
            1197910,
            1197911,
            1197912,
            1197913,
            1197914,
            1197915,
            1197916,
            1197917,
            1197918,
            1197919,
            1197920,
            1197921,
            1197922,
            1197923,
            1197924,
            1197925,
            1197926,
            1197927,
            1197928,
            1197929,
            1197930,
            1197931,
            1197932,
            1197933,
            1197934,
            1197935,
            1197936,
            1197937,
            1197938,
            1197939,
            1197940,
            1197941,
            1197942,
            1197943,
            1197944,
            1197945,
            1197946,
            1197947,
            1197948,
            1197949,
            1197950,
            1197951,
            1197952,
            1197953,
            1197954,
            1197955,
            1197956,
            1197957,
            1197958,
            1197959,
            1197960,
            1197961,
            1197962,
            1197963,
            1197964,
            1197965,
            1197966,
            1197967,
            1197968,
            1197969,
            1197970,
            1197971,
            1197972,
            1197973,
            1197974,
            1197975,
            1197976,
            1197977,
            1197978,
            1197979,
            1197980,
            1197981,
            1197982,
            1197983,
            1197984,
            1197985,
            1197986,
            1197987,
            1197988,
            1197989,
            1197990,
            1197991,
            1197992,
            1197993,
            1197994,
            1197995,
            1197996,
            1197997,
            1197998,
            1197999,
            1198000,
            1198001,
            1198002,
            1198003,
            1198004,
            1198005,
            1198006,
            1198007,
            1198008,
            1198009,
            1198010,
            1198011,
            1198012,
            1198013,
            1198014,
            1198015,
            1198016,
            1198017,
            1198018,
            1198019,
            1198020,
            1198021,
            1198022,
            1198023,
            1198024,
            1198025,
            1198026,
            1198027,
            1198028,
            1198029,
            1198030,
            1198031,
            1198032,
            1198033,
            1198034,
            1198035,
            1198036,
            1198037,
            1198038,
            1198039,
            1198040,
            1198041,
            1198042,
            1198043,
            1198044,
            1198045,
            1198046,
            1198047,
            1198048,
            1198049,
            1198050,
            1198051,
            1198052,
            1198053,
            1198054,
            1198055,
            1198056,
            1198057,
            1198058,
            1198059,
            1198060,
            1198061,
            1198062,
            1198063,
            1198064,
            1198065,
            1198066,
            1198067,
            1198068,
            1198069,
            1198070,
            1198071,
            1198072,
            1198073,
            1198074,
            1198075,
            1198076,
            1198077,
            1198078,
            1198079,
            1198080,
            1198081,
            1198082,
            1198083,
            1198084,
            1198085,
            1198086,
            1198087,
            1198088,
            1198089,
            1198090,
            1198091,
            1198092,
            1198093,
            1198094,
            1198095,
            1198096,
            1198097,
            1198098,
            1198099,
            1198100,
            1198101,
            1198102,
            1198103,
            1198104,
            1198105,
            1198106,
            1198107,
            1198108,
            1198109,
            1198110,
            1198111,
            1198112,
            1198113,
            1198114,
            1198115,
            1198116,
            1198117,
            1198118,
            1198119,
            1198120,
            1198121,
            1198122,
            1198123,
            1198124,
            1198125,
            1198126,
            1198127,
            1198128,
            1198129,
            1198130,
            1198131,
            1198132,
            1198133,
            1198134,
            1198135,
            1198136,
            1198137,
            1198138,
            1198139,
            1198140,
            1198141,
            1198142,
            1198143,
            1198144,
            1198145,
            1198146,
            1198147,
            1198148,
            1198149,
            1198150,
            1198151,
            1198152,
            1198153,
            1198154,
            1198155,
            1198156,
            1198157,
            1198158,
            1198159,
            1198160,
            1198161,
            1198162,
            1198163,
            1198164,
            1198165,
            1198166,
            1198167,
            1198168,
            1198169,
            1198170,
            1198171,
            1198172,
            1198173,
            1198174,
            1198175,
            1198176,
            1198177,
            1198178,
            1198179,
            1198180,
            1198181,
            1198182,
            1198183,
            1198184,
            1198185,
            1198186,
            1198187,
            1198188,
            1198189,
            1198190,
            1198191,
            1198192,
            1198193,
            1198194,
            1198195,
            1198196,
            1198197,
            1198198,
            1198199,
            1198200,
            1198201,
            1198202,
            1198203,
            1198204,
            1198205,
            1198206,
            1198207,
            1198208,
            1198209,
            1198210,
            1198211,
            1198212,
            1198213,
            1198214,
            1198215,
            1198216,
            1198217,
            1198218,
            1198219,
            1198220,
            1198221,
            1198222,
            1198223,
            1198224,
            1198225,
            1198226,
            1198227,
            1198228,
            1198229,
            1198230,
            1198231,
            1198232,
            1198233,
            1198234,
            1198235,
            1198236,
            1198237,
            1198238,
            1198239,
            1198240,
            1198241,
            1198242,
            1198243,
            1198244,
            1198245,
            1198246,
            1198247,
            1198248,
            1198249,
            1198250,
            1198251,
            1198252,
            1198253,
            1198254,
            1198255,
            1198256,
            1198257,
            1198258,
            1198259,
            1198260,
            1198261,
            1198262,
            1198263,
            1198264,
            1198265,
            1198266,
            1198267,
            1198268,
            1198269,
            1198270,
            1198271,
            1198272,
            1198273,
            1198274,
            1198275,
            1198276,
            1198277,
            1198278,
            1198279,
            1198280,
            1198281,
            1198282,
            1198283,
            1198284,
            1198285,
            1198286,
            1198287,
            1198288,
            1198289,
            1198290,
            1198291,
            1198292,
            1198293,
            1198294,
            1198295,
            1198296,
            1198297,
            1198298,
            1198299,
            1198300,
            1198301,
            1198302,
            1198303,
            1198304,
            1198305,
            1198306,
            1198307,
            1198308,
            1198309,
            1198310,
            1198311,
            1198312,
            1198313,
            1198314,
            1198315,
            1198316,
            1198317,
            1198318,
            1198319,
            1198320,
            1198321,
            1198322,
            1198323,
            1198324,
            1198325,
            1198326,
            1198327,
            1198328,
            1198329,
            1198330,
            1198331,
            1198332,
            1198333,
            1198334,
            1198335,
            1198336,
            1198337,
            1198338,
            1198339,
            1198340,
            1198341,
            1198342,
            1198343,
            1198344,
            1198345,
            1198346,
            1198347,
            1198348,
            1198349,
            1198350,
            1198351,
            1198352,
            1198353,
            1198354,
            1198355,
            1198356,
            1198357,
            1198358,
            1198359,
            1198360,
            1198361,
            1198362,
            1198363,
            1198364,
            1198365,
            1198366,
            1198367,
            1198368,
            1198369,
            1198370,
            1198371,
            1198372,
            1198373,
            1198374,
            1198375,
            1198376,
            1198377,
            1198378,
            1198379,
            1198380,
            1198381,
            1198382,
            1198383,
            1198384,
            1198385,
            1198386,
            1198387,
            1198388,
            1198389,
            1198390,
            1198391,
            1198392,
            1198393,
            1198394,
            1198395,
            1198396,
            1198397,
            1198398,
            1198399,
            1198400,
            1198401,
            1198402,
            1198403,
            1198404,
            1198405,
            1198406,
            1198407,
            1198408,
            1198409,
            1198410,
            1198411,
            1198412,
            1198413,
            1198414,
            1198415,
            1198416,
            1198417,
            1198418,
            1198419,
            1198420,
            1198421,
            1198422,
            1198423,
            1198424,
            1198425,
            1198426,
            1198427,
            1198428,
            1198429,
            1198430,
            1198431,
            1198432,
            1198433,
            1198434,
            1198435,
            1198436,
            1198437,
            1198438,
            1198439,
            1198440,
            1198441,
            1198442,
            1198443,
            1198444,
            1198445,
            1198446,
            1198447,
            1198448,
            1198449,
            1198450,
            1198451,
            1198452,
            1198453,
            1198454,
            1198455,
            1198456,
            1198457,
            1198458,
            1198459,
            1198460,
            1198461,
            1198462,
            1198463,
            1198464,
            1198465,
            1198466,
            1198467,
            1198468,
            1198469,
            1198470,
            1198471,
            1198472,
            1198473,
            1198474,
            1198475,
            1198476,
            1198477,
            1198478,
            1198479,
            1198480,
            1198481,
            1198482,
            1198483,
            1198484,
            1198485,
            1198486,
            1198487,
            1198488,
            1198489,
            1198490,
            1198491,
            1198492,
            1198493,
            1198494,
            1198495,
            1198496,
            1198497,
            1198498,
            1198499,
            1198500,
            1198501,
            1198502,
            1198503,
            1198504,
            1198505,
            1198506,
            1198507,
            1198508,
            1198509,
            1198510,
            1198511,
            1198512,
            1198513,
            1198514,
            1198515,
            1198516,
            1198517,
            1198518,
            1198519,
            1198520,
            1198521,
            1198522,
            1198523,
            1198524,
            1198525,
            1198526,
            1198527,
            1198528,
            1198529,
            1198530,
            1198531,
            1198532,
            1198533,
            1198534,
            1198535,
            1198536,
            1198537,
            1198538,
            1198539,
            1198540,
            1198541,
            1198542,
            1198543,
            1198544,
            1198545,
            1198546,
            1198547,
            1198548,
            1198549,
            1198550,
            1198551,
            1198552,
            1198553,
            1198554,
            1198555,
            1198556,
            1198557,
            1198558,
            1198559,
            1198560,
            1198561,
            1198562,
            1198563,
            1198564,
            1198565,
            1198566,
            1198567,
            1198568,
            1198569,
            1198570,
            1198571,
            1198572,
            1198573,
            1198574,
            1198575,
            1198576,
            1198577,
            1198578,
            1198579,
            1198580,
            1198581,
            1198582,
            1198583,
            1198584,
            1198585,
            1198586,
            1198587,
            1198588,
            1198589,
            1198590,
            1198591,
            1198592,
            1198593,
            1198594,
            1198595,
            1198596,
            1198597,
            1198598,
            1198599,
            1198600,
            1198601,
            1198602,
            1198603,
            1198604,
            1198605,
            1198606,
            1198607,
            1198608,
            1198609,
            1198610,
            1198611,
            1198612,
            1198613,
            1198614,
            1198615,
            1198616,
            1198617,
            1198618,
            1198619,
            1198620,
            1198621,
            1198622,
            1198623,
            1198624,
            1198625,
            1198626,
            1198627,
            1198628,
            1198629,
            1198630,
            1198631,
            1198632,
            1198633,
            1198634,
            1198635,
            1198636,
            1198637,
            1198638,
            1198639,
            1198640,
            1198641,
            1198642,
            1198643,
            1198644,
            1198645,
            1198646,
            1198647,
            1198648,
            1198649,
            1198650,
            1198651,
            1198652,
            1198653,
            1198654,
            1198655,
            1198656,
            1198657,
            1198658,
            1198659,
            1198660,
            1198661,
            1198662,
            1198663,
            1198664,
            1198665,
            1198666,
            1198667,
            1198668,
            1198669,
            1198670,
            1198671,
            1198672,
            1198673,
            1198674,
            1198675,
            1198676,
            1198677,
            1198678,
            1198679,
            1198680,
            1198681,
            1198682,
            1198683,
            1198684,
            1198685,
            1198686,
            1198687,
            1198688,
            1198689,
            1198690,
            1198691,
            1198692,
            1198693,
            1198694,
            1198695,
            1198696,
            1198697,
            1198698,
            1198699,
            1198700,
            1198701,
            1198702,
            1198703,
            1198704,
            1198705,
            1198706,
            1198707,
            1198708,
            1198709,
            1198710,
            1198711,
            1198712,
            1198713,
            1198714,
            1198715,
            1198716,
            1198717,
            1198718,
            1198719,
            1198720,
            1198721,
            1198722,
            1198723,
            1198724,
            1198725,
            1198726,
            1198727,
            1198728,
            1198729,
            1198730,
            1198731,
            1198732,
            1198733,
            1198734,
            1198735,
            1198736,
            1198737,
            1198738,
            1198739,
            1198740,
            1198741,
            1198742,
            1198743,
            1198744,
            1198745,
            1198746,
            1198747,
            1198748,
            1198749,
            1198750,
            1198751,
            1198752,
            1198753,
            1198754,
            1198755,
            1198756,
            1198757,
            1198758,
            1198759,
            1198760,
            1198761,
            1198762,
            1198763,
            1198764,
            1198765,
            1198766,
            1198767,
            1198768,
            1198769,
            1198770,
            1198771,
            1198772,
            1198773,
            1198774,
            1198775,
            1198776,
            1198777,
            1198778,
            1198779,
            1198780,
            1198781,
            1198782,
            1198783,
            1198784,
            1198785,
            1198786,
            1198787,
            1198788,
            1198789,
            1198790,
            1198791,
            1198792,
            1198793,
            1198794,
            1198795,
            1198796,
            1198797,
            1198798,
            1198799,
            1198800,
            1198801,
            1198802,
            1198803,
            1198804,
            1198805,
            1198806,
            1198807,
            1198808,
            1198809,
            1198810,
            1198811,
            1198812,
            1198813,
            1198814,
            1198815,
            1198816,
            1198817,
            1198818,
            1198819,
            1198820,
            1198821,
            1198822,
            1198823,
            1198824,
            1198825,
            1198826,
            1198827,
            1198828,
            1198829,
            1198830,
            1198831,
            1198832,
            1198833,
            1198834,
            1198835,
            1198836,
            1198837,
            1198838,
            1198839,
            1198840,
            1198841,
            1198842,
            1198843,
            1198844,
            1198845,
            1198846,
            1198847,
            1198848,
            1198849,
            1198850,
            1198851,
            1198852,
            1198853,
            1198854,
            1198855,
            1198856,
            1198857,
            1198858,
            1198859,
            1198860,
            1198861,
            1198862,
            1198863,
            1198864,
            1198865,
            1198866,
            1198867,
            1198868,
            1198869,
            1198870,
            1198871,
            1198872,
            1198873,
            1198874,
            1198875,
            1198876,
            1198877,
            1198878,
            1198879,
            1198880,
            1198881,
            1198882,
            1198883,
            1198884,
            1198885,
            1198886,
            1198887,
            1198888,
            1198889,
            1198890,
            1198891,
            1198892,
            1198893,
            1198894,
            1198895,
            1198896,
            1198897,
            1198898,
            1198899,
            1198900,
            1198901,
            1198902,
            1198903,
            1198904,
            1198905,
            1198906,
            1198907,
            1198908,
            1198909,
            1198910,
            1198911,
            1198912,
            1198913,
            1198914,
            1198915,
            1198916,
            1198917,
            1198918,
            1198919,
            1198920,
            1198921,
            1198922,
            1198923,
            1198924,
            1198925,
            1198926,
            1198927,
            1198928,
            1198929,
            1198930,
            1198931,
            1198932,
            1198933,
            1198934,
            1198935,
            1198936,
            1198937,
            1198938,
            1198939,
            1198940,
            1198941,
            1198942,
            1198943,
            1198944,
            1198945,
            1198946,
            1198947,
            1198948,
            1198949,
            1198950,
            1198951,
            1198952,
            1198953,
            1198954,
            1198955,
            1198956,
            1198957,
            1198958,
            1198959,
            1198960,
            1198961,
            1198962,
            1198963,
            1198964,
            1198965,
            1198966,
            1198967,
            1198968,
            1198969,
            1198970,
            1198971,
            1198972,
            1198973,
            1198974,
            1198975,
            1198976,
            1198977,
            1198978,
            1198979,
            1198980,
            1198981,
            1198982,
            1198983,
            1198984,
            1198985,
            1198986,
            1198987,
            1198988,
            1198989,
            1198990,
            1198991,
            1198992,
            1198993,
            1198994,
            1198995,
            1198996,
            1198997,
            1198998,
            1198999,
            1199000,
            1199001,
            1199002,
            1199003,
            1199004,
            1199005,
            1199006,
            1199007,
            1199008,
            1199009,
            1199010,
            1199011,
            1199012,
            1199013,
            1199014,
            1199015,
            1199016,
            1199017,
            1199018,
            1199019,
            1199020,
            1199021,
            1199022,
            1199023,
            1199024,
            1199025,
            1199026,
            1199027,
            1199028,
            1199029,
            1199030,
            1199031,
            1199032,
            1199033,
            1199034,
            1199035,
            1199036,
            1199037,
            1199038,
            1199039,
            1199040,
            1199041,
            1199042,
            1199043,
            1199044,
            1199045,
            1199046,
            1199047,
            1199048,
            1199049,
            1199050,
            1199051,
            1199052,
            1199053,
            1199054,
            1199055,
            1199056,
            1199057,
            1199058,
            1199059,
            1199060,
            1199061,
            1199062,
            1199063,
            1199064,
            1199065,
            1199066,
            1199067,
            1199068,
            1199069,
            1199070,
            1199071,
            1199072,
            1199073,
            1199074,
            1199075,
            1199076,
            1199077,
            1199078,
            1199079,
            1199080,
            1199081,
            1199082,
            1199083,
            1199084,
            1199085,
            1199086,
            1199087,
            1199088,
            1199089,
            1199090,
            1199091,
            1199092,
            1199093,
            1199094,
            1199095,
            1199096,
            1199097,
            1199098,
            1199099,
            1199100,
            1199101,
            1199102,
            1199103,
            1199104,
            1199105,
            1199106,
            1199107,
            1199108,
            1199109,
            1199110,
            1199111,
            1199112,
            1199113,
            1199114,
            1199115,
            1199116,
            1199117,
            1199118,
            1199119,
            1199120,
            1199121,
            1199122,
            1199123,
            1199124,
            1199125,
            1199126,
            1199127,
            1199128,
            1199129,
            1199130,
            1199131,
            1199132,
            1199133,
            1199134,
            1199135,
            1199136,
            1199137,
            1199138,
            1199139,
            1199140,
            1199141,
            1199142,
            1199143,
            1199144,
            1199145,
            1199146,
            1199147,
            1199148,
            1199149,
            1199150,
            1199151,
            1199152,
            1199153,
            1199154,
            1199155,
            1199156,
            1199157,
            1199158,
            1199159,
            1199160,
            1199161,
            1199162,
            1199163,
            1199164,
            1199165,
            1199166,
            1199167,
            1199168,
            1199169,
            1199170,
            1199171,
            1199172,
            1199173,
            1199174,
            1199175,
            1199176,
            1199177,
            1199178,
            1199179,
            1199180,
            1199181,
            1199182,
            1199183,
            1199184,
            1199185,
            1199186,
            1199187,
            1199188,
            1199189,
            1199190,
            1199191,
            1199192,
            1199193,
            1199194,
            1199195,
            1199196,
            1199197,
            1199198,
            1199199,
            1199200,
            1199201,
            1199202,
            1199203,
            1199204,
            1199205,
            1199206,
            1199207,
            1199208,
            1199209,
            1199210,
            1199211,
            1199212,
            1199213,
            1199214,
            1199215,
            1199216,
            1199217,
            1199218,
            1199219,
            1199220,
            1199221,
            1199222,
            1199223,
            1199224,
            1199225,
            1199226,
            1199227,
            1199228,
            1199229,
            1199230,
            1199231,
            1199232,
            1199233,
            1199234,
            1199235,
            1199236,
            1199237,
            1199238,
            1199239,
            1199240,
            1199241,
            1199242,
            1199243,
            1199244,
            1199245,
            1199246,
            1199247,
            1199248,
            1199249,
            1199250,
            1199251,
            1199252,
            1199253,
            1199254,
            1199255,
            1199256,
            1199257,
            1199258,
            1199259,
            1199260,
            1199261,
            1199262,
            1199263,
            1199264,
            1199265,
            1199266,
            1199267,
            1199268,
            1199269,
            1199270,
            1199271,
            1199272,
            1199273,
            1199274,
            1199275,
            1199276,
            1199277,
            1199278,
            1199279,
            1199280,
            1199281,
            1199282,
            1199283,
            1199284,
            1199285,
            1199286,
            1199287,
            1199288,
            1199289,
            1199290,
            1199291,
            1199292,
            1199293,
            1199294,
            1199295,
            1199296,
            1199297,
            1199298,
            1199299,
            1199300,
            1199301,
            1199302,
            1199303,
            1199304,
            1199305,
            1199306,
            1199307,
            1199308,
            1199309,
            1199310,
            1199311,
            1199312,
            1199313,
            1199314,
            1199315,
            1199316,
            1199317,
            1199318,
            1199319,
            1199320,
            1199321,
            1199322,
            1199323,
            1199324,
            1199325,
            1199326,
            1199327,
            1199328,
            1199329,
            1199330,
            1199331,
            1199332,
            1199333,
            1199334,
            1199335,
            1199336,
            1199337,
            1199338,
            1199339,
            1199340,
            1199341,
            1199342,
            1199343,
            1199344,
            1199345,
            1199346,
            1199347,
            1199348,
            1199349,
            1199350,
            1199351,
            1199352,
            1199353,
            1199354,
            1199355,
            1199356,
            1199357,
            1199358,
            1199359,
            1199360,
            1199361,
            1199362,
            1199363,
            1199364,
            1199365,
            1199366,
            1199367,
            1199368,
            1199369,
            1199370,
            1199371,
            1199372,
            1199373,
            1199374,
            1199375,
            1199376,
            1199377,
            1199378,
            1199379,
            1199380,
            1199381,
            1199382,
            1199383,
            1199384,
            1199385,
            1199386,
            1199387,
            1199388,
            1199389,
            1199390,
            1199391,
            1199392,
            1199393,
            1199394,
            1199395,
            1199396,
            1199397,
            1199398,
            1199399,
            1199400,
            1199401,
            1199402,
            1199403,
            1199404,
            1199405,
            1199406,
            1199407,
            1199408,
            1199409,
            1199410,
            1199411,
            1199412,
            1199413,
            1199414,
            1199415,
            1199416,
            1199417,
            1199418,
            1199419,
            1199420,
            1199421,
            1199422,
            1199423,
            1199424,
            1199425,
            1199426,
            1199427,
            1199428,
            1199429,
            1199430,
            1199431,
            1199432,
            1199433,
            1199434,
            1199435,
            1199436,
            1199437,
            1199438,
            1199439,
            1199440,
            1199441,
            1199442,
            1199443,
            1199444,
            1199445,
            1199446,
            1199447,
            1199448,
            1199449,
            1199450,
            1199451,
            1199452,
            1199453,
            1199454,
            1199455,
            1199456,
            1199457,
            1199458,
            1199459,
            1199460,
            1199461,
            1199462,
            1199463,
            1199464,
            1199465,
            1199466,
            1199467,
            1199468,
            1199469,
            1199470,
            1199471,
            1199472,
            1199473,
            1199474,
            1199475,
            1199476,
            1199477,
            1199478,
            1199479,
            1199480,
            1199481,
            1199482,
            1199483,
            1199484,
            1199485,
            1199486,
            1199487,
            1199488,
            1199489,
            1199490,
            1199491,
            1199492,
            1199493,
            1199494,
            1199495,
            1199496,
            1199497,
            1199498,
            1199499,
            1199500,
            1199501,
            1199502,
            1199503,
            1199504,
            1199505,
            1199506,
            1199507,
            1199508,
            1199509,
            1199510,
            1199511,
            1199512,
            1199513,
            1199514,
            1199515,
            1199516,
            1199517,
            1199518,
            1199519,
            1199520,
            1199521,
            1199522,
            1199523,
            1199524,
            1199525,
            1199526,
            1199527,
            1199528,
            1199529,
            1199530,
            1199531,
            1199532,
            1199533,
            1199534,
            1199535,
            1199536,
            1199537,
            1199538,
            1199539,
            1199540,
            1199541,
            1199542,
            1199543,
            1199544,
            1199545,
            1199546,
            1199547,
            1199548,
            1199549,
            1199550,
            1199551,
            1199552,
            1199553,
            1199554,
            1199555,
            1199556,
            1199557,
            1199558,
            1199559,
            1199560,
            1199561,
            1199562,
            1199563,
            1199564,
            1199565,
            1199566,
            1199567,
            1199568,
            1199569,
            1199570,
            1199571,
            1199572,
            1199573,
            1199574,
            1199575,
            1199576,
            1199577,
            1199578,
            1199579,
            1199580,
            1199581,
            1199582,
            1199583,
            1199584,
            1199585,
            1199586,
            1199587,
            1199588,
            1199589,
            1199590,
            1199591,
            1199592,
            1199593,
            1199594,
            1199595,
            1199596,
            1199597,
            1199598,
            1199599,
            1199600,
            1199601,
            1199602,
            1199603,
            1199604,
            1199605,
            1199606,
            1199607,
            1199608,
            1199609,
            1199610,
            1199611,
            1199612,
            1199613,
            1199614,
            1199615,
            1199616,
            1199617,
            1199618,
            1199619,
            1199620,
            1199621,
            1199622,
            1199623,
            1199624,
            1199625,
            1199626,
            1199627,
            1199628,
            1199629,
            1199630,
            1199631,
            1199632,
            1199633,
            1199634,
            1199635,
            1199636,
            1199637,
            1199638,
            1199639,
            1199640,
            1199641,
            1199642,
            1199643,
            1199644,
            1199645,
            1199646,
            1199647,
            1199648,
            1199649,
            1199650,
            1199651,
            1199652,
            1199653,
            1199654,
            1199655,
            1199656,
            1199657,
            1199658,
            1199659,
            1199660,
            1199661,
            1199662,
            1199663,
            1199664,
            1199665,
            1199666,
            1199667,
            1199668,
            1199669,
            1199670,
            1199671,
            1199672,
            1199673,
            1199674,
            1199675,
            1199676,
            1199677,
            1199678,
            1199679,
            1199680,
            1199681,
            1199682,
            1199683,
            1199684,
            1199685,
            1199686,
            1199687,
            1199688,
            1199689,
            1199690,
            1199691,
            1199692,
            1199693,
            1199694,
            1199695,
            1199696,
            1199697,
            1199698,
            1199699,
            1199700,
            1199701,
            1199702,
            1199703,
            1199704,
            1199705,
            1199706,
            1199707,
            1199708,
            1199709,
            1199710,
            1199711,
            1199712,
            1199713,
            1199714,
            1199715,
            1199716,
            1199717,
            1199718,
            1199719,
            1199720,
            1199721,
            1199722,
            1199723,
            1199724,
            1199725,
            1199726,
            1199727,
            1199728,
            1199729,
            1199730,
            1199731,
            1199732,
            1199733,
            1199734,
            1199735,
            1199736,
            1199737,
            1199738,
            1199739,
            1199740,
            1199741,
            1199742,
            1199743,
            1199744,
            1199745,
            1199746,
            1199747,
            1199748,
            1199749,
            1199750,
            1199751,
            1199752,
            1199753,
            1199754,
            1199755,
            1199756,
            1199757,
            1199758,
            1199759,
            1199760,
            1199761,
            1199762,
            1199763,
            1199764,
            1199765,
            1199766,
            1199767,
            1199768,
            1199769,
            1199770,
            1199771,
            1199772,
            1199773,
            1199774,
            1199775,
            1199776,
            1199777,
            1199778,
            1199779,
            1199780,
            1199781,
            1199782,
            1199783,
            1199784,
            1199785,
            1199786,
            1199787,
            1199788,
            1199789,
            1199790,
            1199791,
            1199792,
            1199793,
            1199794,
            1199795,
            1199796,
            1199797,
            1199798,
            1199799,
            1199800,
            1199801,
            1199802,
            1199803,
            1199804,
            1199805,
            1199806,
            1199807,
            1199808,
            1199809,
            1199810,
            1199811,
            1199812,
            1199813,
            1199814,
            1199815,
            1199816,
            1199817,
            1199818,
            1199819,
            1199820,
            1199821,
            1199822,
            1199823,
            1199824,
            1199825,
            1199826,
            1199827,
            1199828,
            1199829,
            1199830,
            1199831,
            1199832,
            1199833,
            1199834,
            1199835,
            1199836,
            1199837,
            1199838,
            1199839,
            1199840,
            1199841,
            1199842,
            1199843,
            1199844,
            1199845,
            1199846,
            1199847,
            1199848,
            1199849,
            1199850,
            1199851,
            1199852,
            1199853,
            1199854,
            1199855,
            1199856,
            1199857,
            1199858,
            1199859,
            1199860,
            1199861,
            1199862,
            1199863,
            1199864,
            1199865,
            1199866,
            1199867,
            1199868,
            1199869,
            1199870,
            1199871,
            1199872,
            1199873,
            1199874,
            1199875,
            1199876,
            1199877,
            1199878,
            1199879,
            1199880,
            1199881,
            1199882,
            1199883,
            1199884,
            1199885,
            1199886,
            1199887,
            1199888,
            1199889,
            1199890,
            1199891,
            1199892,
            1199893,
            1199894,
            1199895,
            1199896,
            1199897,
            1199898,
            1199899,
            1199900,
            1199901,
            1199902,
            1199903,
            1199904,
            1199905,
            1199906,
            1199907,
            1199908,
            1199909,
            1199910,
            1199911,
            1199912,
            1199913,
            1199914,
            1199915,
            1199916,
            1199917,
            1199918,
            1199919,
            1199920,
            1199921,
            1199922,
            1199923,
            1199924,
            1199925,
            1199926,
            1199927,
            1199928,
            1199929,
            1199930,
            1199931,
            1199932,
            1199933,
            1199934,
            1199935,
            1199936,
            1199937,
            1199938,
            1199939,
            1199940,
            1199941,
            1199942,
            1199943,
            1199944,
            1199945,
            1199946,
            1199947,
            1199948,
            1199949,
            1199950,
            1199951,
            1199952,
            1199953,
            1199954,
            1199955,
            1199956,
            1199957,
            1199958,
            1199959,
            1199960,
            1199961,
            1199962,
            1199963,
            1199964,
            1199965,
            1199966,
            1199967,
            1199968,
            1199969,
            1199970,
            1199971,
            1199972,
            1199973,
            1199974,
            1199975,
            1199976,
            1199977,
            1199978,
            1199979,
            1199980,
            1199981,
            1199982,
            1199983,
            1199984,
            1199985,
            1199986,
            1199987,
            1199988,
            1199989,
            1199990,
            1199991,
            1199992,
            1199993,
            1199994,
            1199995,
            1199996,
            1199997,
            1199998,
            1199999,
        ],
        pipeline=[
            dict(type='LoadImageFromNDArray'),
            dict(scale=(
                256,
                64,
            ), type='Resize'),
            dict(type='LoadOCRAnnotations', with_text=True),
            dict(
                meta_keys=(
                    'img_path',
                    'ori_shape',
                    'img_shape',
                    'valid_ratio',
                ),
                type='PackTextRecogInputs'),
        ],
        test_mode=True,
        type='RecogLMDBDataset'),
    drop_last=False,
    num_workers=4,
    persistent_workers=True,
    pin_memory=True,
    sampler=dict(shuffle=False, type='DefaultSampler'))
test_evaluator = dict(
    dataset_prefixes=[
        'PretrainCN_holdout',
    ],
    metrics=[
        dict(mode=[
            'exact',
        ], type='WordMetric'),
        dict(type='OneMinusNEDMetric'),
    ],
    type='MultiDatasetsEvaluator')
test_pipeline = [
    dict(type='LoadImageFromNDArray'),
    dict(scale=(
        256,
        64,
    ), type='Resize'),
    dict(type='LoadOCRAnnotations', with_text=True),
    dict(
        meta_keys=(
            'img_path',
            'ori_shape',
            'img_shape',
            'valid_ratio',
        ),
        type='PackTextRecogInputs'),
]
train_cfg = dict(max_epochs=20, type='EpochBasedTrainLoop', val_interval=1)
train_dataloader = dict(
    batch_size=128,
    dataset=dict(
        ann_file='pretrain_cn_scene',
        data_root='data',
        indices=1195000,
        pipeline=[
            dict(ignore_empty=True, min_size=5, type='LoadImageFromNDArray'),
            dict(type='LoadOCRAnnotations', with_text=True),
            dict(
                prob=0.4,
                transforms=[
                    dict(type='TextRecogGeneralAug'),
                ],
                type='RandomApply'),
            dict(
                prob=0.4,
                transforms=[
                    dict(type='CropHeight'),
                ],
                type='RandomApply'),
            dict(
                condition='min(results["img_shape"])>10',
                true_transforms=dict(
                    prob=0.4,
                    transforms=[
                        dict(
                            kernel_size=5,
                            op='GaussianBlur',
                            sigma=1,
                            type='TorchVisionWrapper'),
                    ],
                    type='RandomApply'),
                type='ConditionApply'),
            dict(
                prob=0.4,
                transforms=[
                    dict(
                        brightness=0.5,
                        contrast=0.5,
                        hue=0.1,
                        op='ColorJitter',
                        saturation=0.5,
                        type='TorchVisionWrapper'),
                ],
                type='RandomApply'),
            dict(
                prob=0.4,
                transforms=[
                    dict(type='ImageContentJitter'),
                ],
                type='RandomApply'),
            dict(
                prob=0.4,
                transforms=[
                    dict(
                        args=[
                            dict(
                                cls='AdditiveGaussianNoise',
                                scale=0.31622776601683794),
                        ],
                        type='ImgAugWrapper'),
                ],
                type='RandomApply'),
            dict(
                prob=0.4,
                transforms=[
                    dict(type='ReversePixels'),
                ],
                type='RandomApply'),
            dict(scale=(
                256,
                64,
            ), type='Resize'),
            dict(
                meta_keys=(
                    'img_path',
                    'ori_shape',
                    'img_shape',
                    'valid_ratio',
                ),
                type='PackTextRecogInputs'),
        ],
        test_mode=False,
        type='RecogLMDBDataset'),
    num_workers=8,
    persistent_workers=True,
    pin_memory=True,
    sampler=dict(shuffle=True, type='DefaultSampler'))
train_pipeline = [
    dict(ignore_empty=True, min_size=5, type='LoadImageFromNDArray'),
    dict(type='LoadOCRAnnotations', with_text=True),
    dict(
        prob=0.4,
        transforms=[
            dict(type='TextRecogGeneralAug'),
        ],
        type='RandomApply'),
    dict(prob=0.4, transforms=[
        dict(type='CropHeight'),
    ], type='RandomApply'),
    dict(
        condition='min(results["img_shape"])>10',
        true_transforms=dict(
            prob=0.4,
            transforms=[
                dict(
                    kernel_size=5,
                    op='GaussianBlur',
                    sigma=1,
                    type='TorchVisionWrapper'),
            ],
            type='RandomApply'),
        type='ConditionApply'),
    dict(
        prob=0.4,
        transforms=[
            dict(
                brightness=0.5,
                contrast=0.5,
                hue=0.1,
                op='ColorJitter',
                saturation=0.5,
                type='TorchVisionWrapper'),
        ],
        type='RandomApply'),
    dict(
        prob=0.4,
        transforms=[
            dict(type='ImageContentJitter'),
        ],
        type='RandomApply'),
    dict(
        prob=0.4,
        transforms=[
            dict(
                args=[
                    dict(
                        cls='AdditiveGaussianNoise',
                        scale=0.31622776601683794),
                ],
                type='ImgAugWrapper'),
        ],
        type='RandomApply'),
    dict(
        prob=0.4,
        transforms=[
            dict(type='ReversePixels'),
        ],
        type='RandomApply'),
    dict(scale=(
        256,
        64,
    ), type='Resize'),
    dict(
        meta_keys=(
            'img_path',
            'ori_shape',
            'img_shape',
            'valid_ratio',
        ),
        type='PackTextRecogInputs'),
]
tta_model = dict(type='EncoderDecoderRecognizerTTAModel')
tta_pipeline = [
    dict(type='LoadImageFromNDArray'),
    dict(
        transforms=[
            [
                dict(
                    condition="results['img_shape'][1]<results['img_shape'][0]",
                    true_transforms=[
                        dict(
                            args=[
                                dict(cls='Rot90', k=0, keep_size=False),
                            ],
                            type='ImgAugWrapper'),
                    ],
                    type='ConditionApply'),
                dict(
                    condition="results['img_shape'][1]<results['img_shape'][0]",
                    true_transforms=[
                        dict(
                            args=[
                                dict(cls='Rot90', k=1, keep_size=False),
                            ],
                            type='ImgAugWrapper'),
                    ],
                    type='ConditionApply'),
                dict(
                    condition="results['img_shape'][1]<results['img_shape'][0]",
                    true_transforms=[
                        dict(
                            args=[
                                dict(cls='Rot90', k=3, keep_size=False),
                            ],
                            type='ImgAugWrapper'),
                    ],
                    type='ConditionApply'),
            ],
            [
                dict(scale=(
                    256,
                    64,
                ), type='Resize'),
            ],
            [
                dict(type='LoadOCRAnnotations', with_text=True),
            ],
            [
                dict(
                    meta_keys=(
                        'img_path',
                        'ori_shape',
                        'img_shape',
                        'valid_ratio',
                    ),
                    type='PackTextRecogInputs'),
            ],
        ],
        type='TestTimeAug'),
]
val_cfg = dict(type='ValLoop')
val_dataloader = dict(
    batch_size=128,
    dataset=dict(
        ann_file='pretrain_cn_scene',
        data_root='data',
        indices=[
            1195000,
            1195001,
            1195002,
            1195003,
            1195004,
            1195005,
            1195006,
            1195007,
            1195008,
            1195009,
            1195010,
            1195011,
            1195012,
            1195013,
            1195014,
            1195015,
            1195016,
            1195017,
            1195018,
            1195019,
            1195020,
            1195021,
            1195022,
            1195023,
            1195024,
            1195025,
            1195026,
            1195027,
            1195028,
            1195029,
            1195030,
            1195031,
            1195032,
            1195033,
            1195034,
            1195035,
            1195036,
            1195037,
            1195038,
            1195039,
            1195040,
            1195041,
            1195042,
            1195043,
            1195044,
            1195045,
            1195046,
            1195047,
            1195048,
            1195049,
            1195050,
            1195051,
            1195052,
            1195053,
            1195054,
            1195055,
            1195056,
            1195057,
            1195058,
            1195059,
            1195060,
            1195061,
            1195062,
            1195063,
            1195064,
            1195065,
            1195066,
            1195067,
            1195068,
            1195069,
            1195070,
            1195071,
            1195072,
            1195073,
            1195074,
            1195075,
            1195076,
            1195077,
            1195078,
            1195079,
            1195080,
            1195081,
            1195082,
            1195083,
            1195084,
            1195085,
            1195086,
            1195087,
            1195088,
            1195089,
            1195090,
            1195091,
            1195092,
            1195093,
            1195094,
            1195095,
            1195096,
            1195097,
            1195098,
            1195099,
            1195100,
            1195101,
            1195102,
            1195103,
            1195104,
            1195105,
            1195106,
            1195107,
            1195108,
            1195109,
            1195110,
            1195111,
            1195112,
            1195113,
            1195114,
            1195115,
            1195116,
            1195117,
            1195118,
            1195119,
            1195120,
            1195121,
            1195122,
            1195123,
            1195124,
            1195125,
            1195126,
            1195127,
            1195128,
            1195129,
            1195130,
            1195131,
            1195132,
            1195133,
            1195134,
            1195135,
            1195136,
            1195137,
            1195138,
            1195139,
            1195140,
            1195141,
            1195142,
            1195143,
            1195144,
            1195145,
            1195146,
            1195147,
            1195148,
            1195149,
            1195150,
            1195151,
            1195152,
            1195153,
            1195154,
            1195155,
            1195156,
            1195157,
            1195158,
            1195159,
            1195160,
            1195161,
            1195162,
            1195163,
            1195164,
            1195165,
            1195166,
            1195167,
            1195168,
            1195169,
            1195170,
            1195171,
            1195172,
            1195173,
            1195174,
            1195175,
            1195176,
            1195177,
            1195178,
            1195179,
            1195180,
            1195181,
            1195182,
            1195183,
            1195184,
            1195185,
            1195186,
            1195187,
            1195188,
            1195189,
            1195190,
            1195191,
            1195192,
            1195193,
            1195194,
            1195195,
            1195196,
            1195197,
            1195198,
            1195199,
            1195200,
            1195201,
            1195202,
            1195203,
            1195204,
            1195205,
            1195206,
            1195207,
            1195208,
            1195209,
            1195210,
            1195211,
            1195212,
            1195213,
            1195214,
            1195215,
            1195216,
            1195217,
            1195218,
            1195219,
            1195220,
            1195221,
            1195222,
            1195223,
            1195224,
            1195225,
            1195226,
            1195227,
            1195228,
            1195229,
            1195230,
            1195231,
            1195232,
            1195233,
            1195234,
            1195235,
            1195236,
            1195237,
            1195238,
            1195239,
            1195240,
            1195241,
            1195242,
            1195243,
            1195244,
            1195245,
            1195246,
            1195247,
            1195248,
            1195249,
            1195250,
            1195251,
            1195252,
            1195253,
            1195254,
            1195255,
            1195256,
            1195257,
            1195258,
            1195259,
            1195260,
            1195261,
            1195262,
            1195263,
            1195264,
            1195265,
            1195266,
            1195267,
            1195268,
            1195269,
            1195270,
            1195271,
            1195272,
            1195273,
            1195274,
            1195275,
            1195276,
            1195277,
            1195278,
            1195279,
            1195280,
            1195281,
            1195282,
            1195283,
            1195284,
            1195285,
            1195286,
            1195287,
            1195288,
            1195289,
            1195290,
            1195291,
            1195292,
            1195293,
            1195294,
            1195295,
            1195296,
            1195297,
            1195298,
            1195299,
            1195300,
            1195301,
            1195302,
            1195303,
            1195304,
            1195305,
            1195306,
            1195307,
            1195308,
            1195309,
            1195310,
            1195311,
            1195312,
            1195313,
            1195314,
            1195315,
            1195316,
            1195317,
            1195318,
            1195319,
            1195320,
            1195321,
            1195322,
            1195323,
            1195324,
            1195325,
            1195326,
            1195327,
            1195328,
            1195329,
            1195330,
            1195331,
            1195332,
            1195333,
            1195334,
            1195335,
            1195336,
            1195337,
            1195338,
            1195339,
            1195340,
            1195341,
            1195342,
            1195343,
            1195344,
            1195345,
            1195346,
            1195347,
            1195348,
            1195349,
            1195350,
            1195351,
            1195352,
            1195353,
            1195354,
            1195355,
            1195356,
            1195357,
            1195358,
            1195359,
            1195360,
            1195361,
            1195362,
            1195363,
            1195364,
            1195365,
            1195366,
            1195367,
            1195368,
            1195369,
            1195370,
            1195371,
            1195372,
            1195373,
            1195374,
            1195375,
            1195376,
            1195377,
            1195378,
            1195379,
            1195380,
            1195381,
            1195382,
            1195383,
            1195384,
            1195385,
            1195386,
            1195387,
            1195388,
            1195389,
            1195390,
            1195391,
            1195392,
            1195393,
            1195394,
            1195395,
            1195396,
            1195397,
            1195398,
            1195399,
            1195400,
            1195401,
            1195402,
            1195403,
            1195404,
            1195405,
            1195406,
            1195407,
            1195408,
            1195409,
            1195410,
            1195411,
            1195412,
            1195413,
            1195414,
            1195415,
            1195416,
            1195417,
            1195418,
            1195419,
            1195420,
            1195421,
            1195422,
            1195423,
            1195424,
            1195425,
            1195426,
            1195427,
            1195428,
            1195429,
            1195430,
            1195431,
            1195432,
            1195433,
            1195434,
            1195435,
            1195436,
            1195437,
            1195438,
            1195439,
            1195440,
            1195441,
            1195442,
            1195443,
            1195444,
            1195445,
            1195446,
            1195447,
            1195448,
            1195449,
            1195450,
            1195451,
            1195452,
            1195453,
            1195454,
            1195455,
            1195456,
            1195457,
            1195458,
            1195459,
            1195460,
            1195461,
            1195462,
            1195463,
            1195464,
            1195465,
            1195466,
            1195467,
            1195468,
            1195469,
            1195470,
            1195471,
            1195472,
            1195473,
            1195474,
            1195475,
            1195476,
            1195477,
            1195478,
            1195479,
            1195480,
            1195481,
            1195482,
            1195483,
            1195484,
            1195485,
            1195486,
            1195487,
            1195488,
            1195489,
            1195490,
            1195491,
            1195492,
            1195493,
            1195494,
            1195495,
            1195496,
            1195497,
            1195498,
            1195499,
            1195500,
            1195501,
            1195502,
            1195503,
            1195504,
            1195505,
            1195506,
            1195507,
            1195508,
            1195509,
            1195510,
            1195511,
            1195512,
            1195513,
            1195514,
            1195515,
            1195516,
            1195517,
            1195518,
            1195519,
            1195520,
            1195521,
            1195522,
            1195523,
            1195524,
            1195525,
            1195526,
            1195527,
            1195528,
            1195529,
            1195530,
            1195531,
            1195532,
            1195533,
            1195534,
            1195535,
            1195536,
            1195537,
            1195538,
            1195539,
            1195540,
            1195541,
            1195542,
            1195543,
            1195544,
            1195545,
            1195546,
            1195547,
            1195548,
            1195549,
            1195550,
            1195551,
            1195552,
            1195553,
            1195554,
            1195555,
            1195556,
            1195557,
            1195558,
            1195559,
            1195560,
            1195561,
            1195562,
            1195563,
            1195564,
            1195565,
            1195566,
            1195567,
            1195568,
            1195569,
            1195570,
            1195571,
            1195572,
            1195573,
            1195574,
            1195575,
            1195576,
            1195577,
            1195578,
            1195579,
            1195580,
            1195581,
            1195582,
            1195583,
            1195584,
            1195585,
            1195586,
            1195587,
            1195588,
            1195589,
            1195590,
            1195591,
            1195592,
            1195593,
            1195594,
            1195595,
            1195596,
            1195597,
            1195598,
            1195599,
            1195600,
            1195601,
            1195602,
            1195603,
            1195604,
            1195605,
            1195606,
            1195607,
            1195608,
            1195609,
            1195610,
            1195611,
            1195612,
            1195613,
            1195614,
            1195615,
            1195616,
            1195617,
            1195618,
            1195619,
            1195620,
            1195621,
            1195622,
            1195623,
            1195624,
            1195625,
            1195626,
            1195627,
            1195628,
            1195629,
            1195630,
            1195631,
            1195632,
            1195633,
            1195634,
            1195635,
            1195636,
            1195637,
            1195638,
            1195639,
            1195640,
            1195641,
            1195642,
            1195643,
            1195644,
            1195645,
            1195646,
            1195647,
            1195648,
            1195649,
            1195650,
            1195651,
            1195652,
            1195653,
            1195654,
            1195655,
            1195656,
            1195657,
            1195658,
            1195659,
            1195660,
            1195661,
            1195662,
            1195663,
            1195664,
            1195665,
            1195666,
            1195667,
            1195668,
            1195669,
            1195670,
            1195671,
            1195672,
            1195673,
            1195674,
            1195675,
            1195676,
            1195677,
            1195678,
            1195679,
            1195680,
            1195681,
            1195682,
            1195683,
            1195684,
            1195685,
            1195686,
            1195687,
            1195688,
            1195689,
            1195690,
            1195691,
            1195692,
            1195693,
            1195694,
            1195695,
            1195696,
            1195697,
            1195698,
            1195699,
            1195700,
            1195701,
            1195702,
            1195703,
            1195704,
            1195705,
            1195706,
            1195707,
            1195708,
            1195709,
            1195710,
            1195711,
            1195712,
            1195713,
            1195714,
            1195715,
            1195716,
            1195717,
            1195718,
            1195719,
            1195720,
            1195721,
            1195722,
            1195723,
            1195724,
            1195725,
            1195726,
            1195727,
            1195728,
            1195729,
            1195730,
            1195731,
            1195732,
            1195733,
            1195734,
            1195735,
            1195736,
            1195737,
            1195738,
            1195739,
            1195740,
            1195741,
            1195742,
            1195743,
            1195744,
            1195745,
            1195746,
            1195747,
            1195748,
            1195749,
            1195750,
            1195751,
            1195752,
            1195753,
            1195754,
            1195755,
            1195756,
            1195757,
            1195758,
            1195759,
            1195760,
            1195761,
            1195762,
            1195763,
            1195764,
            1195765,
            1195766,
            1195767,
            1195768,
            1195769,
            1195770,
            1195771,
            1195772,
            1195773,
            1195774,
            1195775,
            1195776,
            1195777,
            1195778,
            1195779,
            1195780,
            1195781,
            1195782,
            1195783,
            1195784,
            1195785,
            1195786,
            1195787,
            1195788,
            1195789,
            1195790,
            1195791,
            1195792,
            1195793,
            1195794,
            1195795,
            1195796,
            1195797,
            1195798,
            1195799,
            1195800,
            1195801,
            1195802,
            1195803,
            1195804,
            1195805,
            1195806,
            1195807,
            1195808,
            1195809,
            1195810,
            1195811,
            1195812,
            1195813,
            1195814,
            1195815,
            1195816,
            1195817,
            1195818,
            1195819,
            1195820,
            1195821,
            1195822,
            1195823,
            1195824,
            1195825,
            1195826,
            1195827,
            1195828,
            1195829,
            1195830,
            1195831,
            1195832,
            1195833,
            1195834,
            1195835,
            1195836,
            1195837,
            1195838,
            1195839,
            1195840,
            1195841,
            1195842,
            1195843,
            1195844,
            1195845,
            1195846,
            1195847,
            1195848,
            1195849,
            1195850,
            1195851,
            1195852,
            1195853,
            1195854,
            1195855,
            1195856,
            1195857,
            1195858,
            1195859,
            1195860,
            1195861,
            1195862,
            1195863,
            1195864,
            1195865,
            1195866,
            1195867,
            1195868,
            1195869,
            1195870,
            1195871,
            1195872,
            1195873,
            1195874,
            1195875,
            1195876,
            1195877,
            1195878,
            1195879,
            1195880,
            1195881,
            1195882,
            1195883,
            1195884,
            1195885,
            1195886,
            1195887,
            1195888,
            1195889,
            1195890,
            1195891,
            1195892,
            1195893,
            1195894,
            1195895,
            1195896,
            1195897,
            1195898,
            1195899,
            1195900,
            1195901,
            1195902,
            1195903,
            1195904,
            1195905,
            1195906,
            1195907,
            1195908,
            1195909,
            1195910,
            1195911,
            1195912,
            1195913,
            1195914,
            1195915,
            1195916,
            1195917,
            1195918,
            1195919,
            1195920,
            1195921,
            1195922,
            1195923,
            1195924,
            1195925,
            1195926,
            1195927,
            1195928,
            1195929,
            1195930,
            1195931,
            1195932,
            1195933,
            1195934,
            1195935,
            1195936,
            1195937,
            1195938,
            1195939,
            1195940,
            1195941,
            1195942,
            1195943,
            1195944,
            1195945,
            1195946,
            1195947,
            1195948,
            1195949,
            1195950,
            1195951,
            1195952,
            1195953,
            1195954,
            1195955,
            1195956,
            1195957,
            1195958,
            1195959,
            1195960,
            1195961,
            1195962,
            1195963,
            1195964,
            1195965,
            1195966,
            1195967,
            1195968,
            1195969,
            1195970,
            1195971,
            1195972,
            1195973,
            1195974,
            1195975,
            1195976,
            1195977,
            1195978,
            1195979,
            1195980,
            1195981,
            1195982,
            1195983,
            1195984,
            1195985,
            1195986,
            1195987,
            1195988,
            1195989,
            1195990,
            1195991,
            1195992,
            1195993,
            1195994,
            1195995,
            1195996,
            1195997,
            1195998,
            1195999,
            1196000,
            1196001,
            1196002,
            1196003,
            1196004,
            1196005,
            1196006,
            1196007,
            1196008,
            1196009,
            1196010,
            1196011,
            1196012,
            1196013,
            1196014,
            1196015,
            1196016,
            1196017,
            1196018,
            1196019,
            1196020,
            1196021,
            1196022,
            1196023,
            1196024,
            1196025,
            1196026,
            1196027,
            1196028,
            1196029,
            1196030,
            1196031,
            1196032,
            1196033,
            1196034,
            1196035,
            1196036,
            1196037,
            1196038,
            1196039,
            1196040,
            1196041,
            1196042,
            1196043,
            1196044,
            1196045,
            1196046,
            1196047,
            1196048,
            1196049,
            1196050,
            1196051,
            1196052,
            1196053,
            1196054,
            1196055,
            1196056,
            1196057,
            1196058,
            1196059,
            1196060,
            1196061,
            1196062,
            1196063,
            1196064,
            1196065,
            1196066,
            1196067,
            1196068,
            1196069,
            1196070,
            1196071,
            1196072,
            1196073,
            1196074,
            1196075,
            1196076,
            1196077,
            1196078,
            1196079,
            1196080,
            1196081,
            1196082,
            1196083,
            1196084,
            1196085,
            1196086,
            1196087,
            1196088,
            1196089,
            1196090,
            1196091,
            1196092,
            1196093,
            1196094,
            1196095,
            1196096,
            1196097,
            1196098,
            1196099,
            1196100,
            1196101,
            1196102,
            1196103,
            1196104,
            1196105,
            1196106,
            1196107,
            1196108,
            1196109,
            1196110,
            1196111,
            1196112,
            1196113,
            1196114,
            1196115,
            1196116,
            1196117,
            1196118,
            1196119,
            1196120,
            1196121,
            1196122,
            1196123,
            1196124,
            1196125,
            1196126,
            1196127,
            1196128,
            1196129,
            1196130,
            1196131,
            1196132,
            1196133,
            1196134,
            1196135,
            1196136,
            1196137,
            1196138,
            1196139,
            1196140,
            1196141,
            1196142,
            1196143,
            1196144,
            1196145,
            1196146,
            1196147,
            1196148,
            1196149,
            1196150,
            1196151,
            1196152,
            1196153,
            1196154,
            1196155,
            1196156,
            1196157,
            1196158,
            1196159,
            1196160,
            1196161,
            1196162,
            1196163,
            1196164,
            1196165,
            1196166,
            1196167,
            1196168,
            1196169,
            1196170,
            1196171,
            1196172,
            1196173,
            1196174,
            1196175,
            1196176,
            1196177,
            1196178,
            1196179,
            1196180,
            1196181,
            1196182,
            1196183,
            1196184,
            1196185,
            1196186,
            1196187,
            1196188,
            1196189,
            1196190,
            1196191,
            1196192,
            1196193,
            1196194,
            1196195,
            1196196,
            1196197,
            1196198,
            1196199,
            1196200,
            1196201,
            1196202,
            1196203,
            1196204,
            1196205,
            1196206,
            1196207,
            1196208,
            1196209,
            1196210,
            1196211,
            1196212,
            1196213,
            1196214,
            1196215,
            1196216,
            1196217,
            1196218,
            1196219,
            1196220,
            1196221,
            1196222,
            1196223,
            1196224,
            1196225,
            1196226,
            1196227,
            1196228,
            1196229,
            1196230,
            1196231,
            1196232,
            1196233,
            1196234,
            1196235,
            1196236,
            1196237,
            1196238,
            1196239,
            1196240,
            1196241,
            1196242,
            1196243,
            1196244,
            1196245,
            1196246,
            1196247,
            1196248,
            1196249,
            1196250,
            1196251,
            1196252,
            1196253,
            1196254,
            1196255,
            1196256,
            1196257,
            1196258,
            1196259,
            1196260,
            1196261,
            1196262,
            1196263,
            1196264,
            1196265,
            1196266,
            1196267,
            1196268,
            1196269,
            1196270,
            1196271,
            1196272,
            1196273,
            1196274,
            1196275,
            1196276,
            1196277,
            1196278,
            1196279,
            1196280,
            1196281,
            1196282,
            1196283,
            1196284,
            1196285,
            1196286,
            1196287,
            1196288,
            1196289,
            1196290,
            1196291,
            1196292,
            1196293,
            1196294,
            1196295,
            1196296,
            1196297,
            1196298,
            1196299,
            1196300,
            1196301,
            1196302,
            1196303,
            1196304,
            1196305,
            1196306,
            1196307,
            1196308,
            1196309,
            1196310,
            1196311,
            1196312,
            1196313,
            1196314,
            1196315,
            1196316,
            1196317,
            1196318,
            1196319,
            1196320,
            1196321,
            1196322,
            1196323,
            1196324,
            1196325,
            1196326,
            1196327,
            1196328,
            1196329,
            1196330,
            1196331,
            1196332,
            1196333,
            1196334,
            1196335,
            1196336,
            1196337,
            1196338,
            1196339,
            1196340,
            1196341,
            1196342,
            1196343,
            1196344,
            1196345,
            1196346,
            1196347,
            1196348,
            1196349,
            1196350,
            1196351,
            1196352,
            1196353,
            1196354,
            1196355,
            1196356,
            1196357,
            1196358,
            1196359,
            1196360,
            1196361,
            1196362,
            1196363,
            1196364,
            1196365,
            1196366,
            1196367,
            1196368,
            1196369,
            1196370,
            1196371,
            1196372,
            1196373,
            1196374,
            1196375,
            1196376,
            1196377,
            1196378,
            1196379,
            1196380,
            1196381,
            1196382,
            1196383,
            1196384,
            1196385,
            1196386,
            1196387,
            1196388,
            1196389,
            1196390,
            1196391,
            1196392,
            1196393,
            1196394,
            1196395,
            1196396,
            1196397,
            1196398,
            1196399,
            1196400,
            1196401,
            1196402,
            1196403,
            1196404,
            1196405,
            1196406,
            1196407,
            1196408,
            1196409,
            1196410,
            1196411,
            1196412,
            1196413,
            1196414,
            1196415,
            1196416,
            1196417,
            1196418,
            1196419,
            1196420,
            1196421,
            1196422,
            1196423,
            1196424,
            1196425,
            1196426,
            1196427,
            1196428,
            1196429,
            1196430,
            1196431,
            1196432,
            1196433,
            1196434,
            1196435,
            1196436,
            1196437,
            1196438,
            1196439,
            1196440,
            1196441,
            1196442,
            1196443,
            1196444,
            1196445,
            1196446,
            1196447,
            1196448,
            1196449,
            1196450,
            1196451,
            1196452,
            1196453,
            1196454,
            1196455,
            1196456,
            1196457,
            1196458,
            1196459,
            1196460,
            1196461,
            1196462,
            1196463,
            1196464,
            1196465,
            1196466,
            1196467,
            1196468,
            1196469,
            1196470,
            1196471,
            1196472,
            1196473,
            1196474,
            1196475,
            1196476,
            1196477,
            1196478,
            1196479,
            1196480,
            1196481,
            1196482,
            1196483,
            1196484,
            1196485,
            1196486,
            1196487,
            1196488,
            1196489,
            1196490,
            1196491,
            1196492,
            1196493,
            1196494,
            1196495,
            1196496,
            1196497,
            1196498,
            1196499,
            1196500,
            1196501,
            1196502,
            1196503,
            1196504,
            1196505,
            1196506,
            1196507,
            1196508,
            1196509,
            1196510,
            1196511,
            1196512,
            1196513,
            1196514,
            1196515,
            1196516,
            1196517,
            1196518,
            1196519,
            1196520,
            1196521,
            1196522,
            1196523,
            1196524,
            1196525,
            1196526,
            1196527,
            1196528,
            1196529,
            1196530,
            1196531,
            1196532,
            1196533,
            1196534,
            1196535,
            1196536,
            1196537,
            1196538,
            1196539,
            1196540,
            1196541,
            1196542,
            1196543,
            1196544,
            1196545,
            1196546,
            1196547,
            1196548,
            1196549,
            1196550,
            1196551,
            1196552,
            1196553,
            1196554,
            1196555,
            1196556,
            1196557,
            1196558,
            1196559,
            1196560,
            1196561,
            1196562,
            1196563,
            1196564,
            1196565,
            1196566,
            1196567,
            1196568,
            1196569,
            1196570,
            1196571,
            1196572,
            1196573,
            1196574,
            1196575,
            1196576,
            1196577,
            1196578,
            1196579,
            1196580,
            1196581,
            1196582,
            1196583,
            1196584,
            1196585,
            1196586,
            1196587,
            1196588,
            1196589,
            1196590,
            1196591,
            1196592,
            1196593,
            1196594,
            1196595,
            1196596,
            1196597,
            1196598,
            1196599,
            1196600,
            1196601,
            1196602,
            1196603,
            1196604,
            1196605,
            1196606,
            1196607,
            1196608,
            1196609,
            1196610,
            1196611,
            1196612,
            1196613,
            1196614,
            1196615,
            1196616,
            1196617,
            1196618,
            1196619,
            1196620,
            1196621,
            1196622,
            1196623,
            1196624,
            1196625,
            1196626,
            1196627,
            1196628,
            1196629,
            1196630,
            1196631,
            1196632,
            1196633,
            1196634,
            1196635,
            1196636,
            1196637,
            1196638,
            1196639,
            1196640,
            1196641,
            1196642,
            1196643,
            1196644,
            1196645,
            1196646,
            1196647,
            1196648,
            1196649,
            1196650,
            1196651,
            1196652,
            1196653,
            1196654,
            1196655,
            1196656,
            1196657,
            1196658,
            1196659,
            1196660,
            1196661,
            1196662,
            1196663,
            1196664,
            1196665,
            1196666,
            1196667,
            1196668,
            1196669,
            1196670,
            1196671,
            1196672,
            1196673,
            1196674,
            1196675,
            1196676,
            1196677,
            1196678,
            1196679,
            1196680,
            1196681,
            1196682,
            1196683,
            1196684,
            1196685,
            1196686,
            1196687,
            1196688,
            1196689,
            1196690,
            1196691,
            1196692,
            1196693,
            1196694,
            1196695,
            1196696,
            1196697,
            1196698,
            1196699,
            1196700,
            1196701,
            1196702,
            1196703,
            1196704,
            1196705,
            1196706,
            1196707,
            1196708,
            1196709,
            1196710,
            1196711,
            1196712,
            1196713,
            1196714,
            1196715,
            1196716,
            1196717,
            1196718,
            1196719,
            1196720,
            1196721,
            1196722,
            1196723,
            1196724,
            1196725,
            1196726,
            1196727,
            1196728,
            1196729,
            1196730,
            1196731,
            1196732,
            1196733,
            1196734,
            1196735,
            1196736,
            1196737,
            1196738,
            1196739,
            1196740,
            1196741,
            1196742,
            1196743,
            1196744,
            1196745,
            1196746,
            1196747,
            1196748,
            1196749,
            1196750,
            1196751,
            1196752,
            1196753,
            1196754,
            1196755,
            1196756,
            1196757,
            1196758,
            1196759,
            1196760,
            1196761,
            1196762,
            1196763,
            1196764,
            1196765,
            1196766,
            1196767,
            1196768,
            1196769,
            1196770,
            1196771,
            1196772,
            1196773,
            1196774,
            1196775,
            1196776,
            1196777,
            1196778,
            1196779,
            1196780,
            1196781,
            1196782,
            1196783,
            1196784,
            1196785,
            1196786,
            1196787,
            1196788,
            1196789,
            1196790,
            1196791,
            1196792,
            1196793,
            1196794,
            1196795,
            1196796,
            1196797,
            1196798,
            1196799,
            1196800,
            1196801,
            1196802,
            1196803,
            1196804,
            1196805,
            1196806,
            1196807,
            1196808,
            1196809,
            1196810,
            1196811,
            1196812,
            1196813,
            1196814,
            1196815,
            1196816,
            1196817,
            1196818,
            1196819,
            1196820,
            1196821,
            1196822,
            1196823,
            1196824,
            1196825,
            1196826,
            1196827,
            1196828,
            1196829,
            1196830,
            1196831,
            1196832,
            1196833,
            1196834,
            1196835,
            1196836,
            1196837,
            1196838,
            1196839,
            1196840,
            1196841,
            1196842,
            1196843,
            1196844,
            1196845,
            1196846,
            1196847,
            1196848,
            1196849,
            1196850,
            1196851,
            1196852,
            1196853,
            1196854,
            1196855,
            1196856,
            1196857,
            1196858,
            1196859,
            1196860,
            1196861,
            1196862,
            1196863,
            1196864,
            1196865,
            1196866,
            1196867,
            1196868,
            1196869,
            1196870,
            1196871,
            1196872,
            1196873,
            1196874,
            1196875,
            1196876,
            1196877,
            1196878,
            1196879,
            1196880,
            1196881,
            1196882,
            1196883,
            1196884,
            1196885,
            1196886,
            1196887,
            1196888,
            1196889,
            1196890,
            1196891,
            1196892,
            1196893,
            1196894,
            1196895,
            1196896,
            1196897,
            1196898,
            1196899,
            1196900,
            1196901,
            1196902,
            1196903,
            1196904,
            1196905,
            1196906,
            1196907,
            1196908,
            1196909,
            1196910,
            1196911,
            1196912,
            1196913,
            1196914,
            1196915,
            1196916,
            1196917,
            1196918,
            1196919,
            1196920,
            1196921,
            1196922,
            1196923,
            1196924,
            1196925,
            1196926,
            1196927,
            1196928,
            1196929,
            1196930,
            1196931,
            1196932,
            1196933,
            1196934,
            1196935,
            1196936,
            1196937,
            1196938,
            1196939,
            1196940,
            1196941,
            1196942,
            1196943,
            1196944,
            1196945,
            1196946,
            1196947,
            1196948,
            1196949,
            1196950,
            1196951,
            1196952,
            1196953,
            1196954,
            1196955,
            1196956,
            1196957,
            1196958,
            1196959,
            1196960,
            1196961,
            1196962,
            1196963,
            1196964,
            1196965,
            1196966,
            1196967,
            1196968,
            1196969,
            1196970,
            1196971,
            1196972,
            1196973,
            1196974,
            1196975,
            1196976,
            1196977,
            1196978,
            1196979,
            1196980,
            1196981,
            1196982,
            1196983,
            1196984,
            1196985,
            1196986,
            1196987,
            1196988,
            1196989,
            1196990,
            1196991,
            1196992,
            1196993,
            1196994,
            1196995,
            1196996,
            1196997,
            1196998,
            1196999,
            1197000,
            1197001,
            1197002,
            1197003,
            1197004,
            1197005,
            1197006,
            1197007,
            1197008,
            1197009,
            1197010,
            1197011,
            1197012,
            1197013,
            1197014,
            1197015,
            1197016,
            1197017,
            1197018,
            1197019,
            1197020,
            1197021,
            1197022,
            1197023,
            1197024,
            1197025,
            1197026,
            1197027,
            1197028,
            1197029,
            1197030,
            1197031,
            1197032,
            1197033,
            1197034,
            1197035,
            1197036,
            1197037,
            1197038,
            1197039,
            1197040,
            1197041,
            1197042,
            1197043,
            1197044,
            1197045,
            1197046,
            1197047,
            1197048,
            1197049,
            1197050,
            1197051,
            1197052,
            1197053,
            1197054,
            1197055,
            1197056,
            1197057,
            1197058,
            1197059,
            1197060,
            1197061,
            1197062,
            1197063,
            1197064,
            1197065,
            1197066,
            1197067,
            1197068,
            1197069,
            1197070,
            1197071,
            1197072,
            1197073,
            1197074,
            1197075,
            1197076,
            1197077,
            1197078,
            1197079,
            1197080,
            1197081,
            1197082,
            1197083,
            1197084,
            1197085,
            1197086,
            1197087,
            1197088,
            1197089,
            1197090,
            1197091,
            1197092,
            1197093,
            1197094,
            1197095,
            1197096,
            1197097,
            1197098,
            1197099,
            1197100,
            1197101,
            1197102,
            1197103,
            1197104,
            1197105,
            1197106,
            1197107,
            1197108,
            1197109,
            1197110,
            1197111,
            1197112,
            1197113,
            1197114,
            1197115,
            1197116,
            1197117,
            1197118,
            1197119,
            1197120,
            1197121,
            1197122,
            1197123,
            1197124,
            1197125,
            1197126,
            1197127,
            1197128,
            1197129,
            1197130,
            1197131,
            1197132,
            1197133,
            1197134,
            1197135,
            1197136,
            1197137,
            1197138,
            1197139,
            1197140,
            1197141,
            1197142,
            1197143,
            1197144,
            1197145,
            1197146,
            1197147,
            1197148,
            1197149,
            1197150,
            1197151,
            1197152,
            1197153,
            1197154,
            1197155,
            1197156,
            1197157,
            1197158,
            1197159,
            1197160,
            1197161,
            1197162,
            1197163,
            1197164,
            1197165,
            1197166,
            1197167,
            1197168,
            1197169,
            1197170,
            1197171,
            1197172,
            1197173,
            1197174,
            1197175,
            1197176,
            1197177,
            1197178,
            1197179,
            1197180,
            1197181,
            1197182,
            1197183,
            1197184,
            1197185,
            1197186,
            1197187,
            1197188,
            1197189,
            1197190,
            1197191,
            1197192,
            1197193,
            1197194,
            1197195,
            1197196,
            1197197,
            1197198,
            1197199,
            1197200,
            1197201,
            1197202,
            1197203,
            1197204,
            1197205,
            1197206,
            1197207,
            1197208,
            1197209,
            1197210,
            1197211,
            1197212,
            1197213,
            1197214,
            1197215,
            1197216,
            1197217,
            1197218,
            1197219,
            1197220,
            1197221,
            1197222,
            1197223,
            1197224,
            1197225,
            1197226,
            1197227,
            1197228,
            1197229,
            1197230,
            1197231,
            1197232,
            1197233,
            1197234,
            1197235,
            1197236,
            1197237,
            1197238,
            1197239,
            1197240,
            1197241,
            1197242,
            1197243,
            1197244,
            1197245,
            1197246,
            1197247,
            1197248,
            1197249,
            1197250,
            1197251,
            1197252,
            1197253,
            1197254,
            1197255,
            1197256,
            1197257,
            1197258,
            1197259,
            1197260,
            1197261,
            1197262,
            1197263,
            1197264,
            1197265,
            1197266,
            1197267,
            1197268,
            1197269,
            1197270,
            1197271,
            1197272,
            1197273,
            1197274,
            1197275,
            1197276,
            1197277,
            1197278,
            1197279,
            1197280,
            1197281,
            1197282,
            1197283,
            1197284,
            1197285,
            1197286,
            1197287,
            1197288,
            1197289,
            1197290,
            1197291,
            1197292,
            1197293,
            1197294,
            1197295,
            1197296,
            1197297,
            1197298,
            1197299,
            1197300,
            1197301,
            1197302,
            1197303,
            1197304,
            1197305,
            1197306,
            1197307,
            1197308,
            1197309,
            1197310,
            1197311,
            1197312,
            1197313,
            1197314,
            1197315,
            1197316,
            1197317,
            1197318,
            1197319,
            1197320,
            1197321,
            1197322,
            1197323,
            1197324,
            1197325,
            1197326,
            1197327,
            1197328,
            1197329,
            1197330,
            1197331,
            1197332,
            1197333,
            1197334,
            1197335,
            1197336,
            1197337,
            1197338,
            1197339,
            1197340,
            1197341,
            1197342,
            1197343,
            1197344,
            1197345,
            1197346,
            1197347,
            1197348,
            1197349,
            1197350,
            1197351,
            1197352,
            1197353,
            1197354,
            1197355,
            1197356,
            1197357,
            1197358,
            1197359,
            1197360,
            1197361,
            1197362,
            1197363,
            1197364,
            1197365,
            1197366,
            1197367,
            1197368,
            1197369,
            1197370,
            1197371,
            1197372,
            1197373,
            1197374,
            1197375,
            1197376,
            1197377,
            1197378,
            1197379,
            1197380,
            1197381,
            1197382,
            1197383,
            1197384,
            1197385,
            1197386,
            1197387,
            1197388,
            1197389,
            1197390,
            1197391,
            1197392,
            1197393,
            1197394,
            1197395,
            1197396,
            1197397,
            1197398,
            1197399,
            1197400,
            1197401,
            1197402,
            1197403,
            1197404,
            1197405,
            1197406,
            1197407,
            1197408,
            1197409,
            1197410,
            1197411,
            1197412,
            1197413,
            1197414,
            1197415,
            1197416,
            1197417,
            1197418,
            1197419,
            1197420,
            1197421,
            1197422,
            1197423,
            1197424,
            1197425,
            1197426,
            1197427,
            1197428,
            1197429,
            1197430,
            1197431,
            1197432,
            1197433,
            1197434,
            1197435,
            1197436,
            1197437,
            1197438,
            1197439,
            1197440,
            1197441,
            1197442,
            1197443,
            1197444,
            1197445,
            1197446,
            1197447,
            1197448,
            1197449,
            1197450,
            1197451,
            1197452,
            1197453,
            1197454,
            1197455,
            1197456,
            1197457,
            1197458,
            1197459,
            1197460,
            1197461,
            1197462,
            1197463,
            1197464,
            1197465,
            1197466,
            1197467,
            1197468,
            1197469,
            1197470,
            1197471,
            1197472,
            1197473,
            1197474,
            1197475,
            1197476,
            1197477,
            1197478,
            1197479,
            1197480,
            1197481,
            1197482,
            1197483,
            1197484,
            1197485,
            1197486,
            1197487,
            1197488,
            1197489,
            1197490,
            1197491,
            1197492,
            1197493,
            1197494,
            1197495,
            1197496,
            1197497,
            1197498,
            1197499,
            1197500,
            1197501,
            1197502,
            1197503,
            1197504,
            1197505,
            1197506,
            1197507,
            1197508,
            1197509,
            1197510,
            1197511,
            1197512,
            1197513,
            1197514,
            1197515,
            1197516,
            1197517,
            1197518,
            1197519,
            1197520,
            1197521,
            1197522,
            1197523,
            1197524,
            1197525,
            1197526,
            1197527,
            1197528,
            1197529,
            1197530,
            1197531,
            1197532,
            1197533,
            1197534,
            1197535,
            1197536,
            1197537,
            1197538,
            1197539,
            1197540,
            1197541,
            1197542,
            1197543,
            1197544,
            1197545,
            1197546,
            1197547,
            1197548,
            1197549,
            1197550,
            1197551,
            1197552,
            1197553,
            1197554,
            1197555,
            1197556,
            1197557,
            1197558,
            1197559,
            1197560,
            1197561,
            1197562,
            1197563,
            1197564,
            1197565,
            1197566,
            1197567,
            1197568,
            1197569,
            1197570,
            1197571,
            1197572,
            1197573,
            1197574,
            1197575,
            1197576,
            1197577,
            1197578,
            1197579,
            1197580,
            1197581,
            1197582,
            1197583,
            1197584,
            1197585,
            1197586,
            1197587,
            1197588,
            1197589,
            1197590,
            1197591,
            1197592,
            1197593,
            1197594,
            1197595,
            1197596,
            1197597,
            1197598,
            1197599,
            1197600,
            1197601,
            1197602,
            1197603,
            1197604,
            1197605,
            1197606,
            1197607,
            1197608,
            1197609,
            1197610,
            1197611,
            1197612,
            1197613,
            1197614,
            1197615,
            1197616,
            1197617,
            1197618,
            1197619,
            1197620,
            1197621,
            1197622,
            1197623,
            1197624,
            1197625,
            1197626,
            1197627,
            1197628,
            1197629,
            1197630,
            1197631,
            1197632,
            1197633,
            1197634,
            1197635,
            1197636,
            1197637,
            1197638,
            1197639,
            1197640,
            1197641,
            1197642,
            1197643,
            1197644,
            1197645,
            1197646,
            1197647,
            1197648,
            1197649,
            1197650,
            1197651,
            1197652,
            1197653,
            1197654,
            1197655,
            1197656,
            1197657,
            1197658,
            1197659,
            1197660,
            1197661,
            1197662,
            1197663,
            1197664,
            1197665,
            1197666,
            1197667,
            1197668,
            1197669,
            1197670,
            1197671,
            1197672,
            1197673,
            1197674,
            1197675,
            1197676,
            1197677,
            1197678,
            1197679,
            1197680,
            1197681,
            1197682,
            1197683,
            1197684,
            1197685,
            1197686,
            1197687,
            1197688,
            1197689,
            1197690,
            1197691,
            1197692,
            1197693,
            1197694,
            1197695,
            1197696,
            1197697,
            1197698,
            1197699,
            1197700,
            1197701,
            1197702,
            1197703,
            1197704,
            1197705,
            1197706,
            1197707,
            1197708,
            1197709,
            1197710,
            1197711,
            1197712,
            1197713,
            1197714,
            1197715,
            1197716,
            1197717,
            1197718,
            1197719,
            1197720,
            1197721,
            1197722,
            1197723,
            1197724,
            1197725,
            1197726,
            1197727,
            1197728,
            1197729,
            1197730,
            1197731,
            1197732,
            1197733,
            1197734,
            1197735,
            1197736,
            1197737,
            1197738,
            1197739,
            1197740,
            1197741,
            1197742,
            1197743,
            1197744,
            1197745,
            1197746,
            1197747,
            1197748,
            1197749,
            1197750,
            1197751,
            1197752,
            1197753,
            1197754,
            1197755,
            1197756,
            1197757,
            1197758,
            1197759,
            1197760,
            1197761,
            1197762,
            1197763,
            1197764,
            1197765,
            1197766,
            1197767,
            1197768,
            1197769,
            1197770,
            1197771,
            1197772,
            1197773,
            1197774,
            1197775,
            1197776,
            1197777,
            1197778,
            1197779,
            1197780,
            1197781,
            1197782,
            1197783,
            1197784,
            1197785,
            1197786,
            1197787,
            1197788,
            1197789,
            1197790,
            1197791,
            1197792,
            1197793,
            1197794,
            1197795,
            1197796,
            1197797,
            1197798,
            1197799,
            1197800,
            1197801,
            1197802,
            1197803,
            1197804,
            1197805,
            1197806,
            1197807,
            1197808,
            1197809,
            1197810,
            1197811,
            1197812,
            1197813,
            1197814,
            1197815,
            1197816,
            1197817,
            1197818,
            1197819,
            1197820,
            1197821,
            1197822,
            1197823,
            1197824,
            1197825,
            1197826,
            1197827,
            1197828,
            1197829,
            1197830,
            1197831,
            1197832,
            1197833,
            1197834,
            1197835,
            1197836,
            1197837,
            1197838,
            1197839,
            1197840,
            1197841,
            1197842,
            1197843,
            1197844,
            1197845,
            1197846,
            1197847,
            1197848,
            1197849,
            1197850,
            1197851,
            1197852,
            1197853,
            1197854,
            1197855,
            1197856,
            1197857,
            1197858,
            1197859,
            1197860,
            1197861,
            1197862,
            1197863,
            1197864,
            1197865,
            1197866,
            1197867,
            1197868,
            1197869,
            1197870,
            1197871,
            1197872,
            1197873,
            1197874,
            1197875,
            1197876,
            1197877,
            1197878,
            1197879,
            1197880,
            1197881,
            1197882,
            1197883,
            1197884,
            1197885,
            1197886,
            1197887,
            1197888,
            1197889,
            1197890,
            1197891,
            1197892,
            1197893,
            1197894,
            1197895,
            1197896,
            1197897,
            1197898,
            1197899,
            1197900,
            1197901,
            1197902,
            1197903,
            1197904,
            1197905,
            1197906,
            1197907,
            1197908,
            1197909,
            1197910,
            1197911,
            1197912,
            1197913,
            1197914,
            1197915,
            1197916,
            1197917,
            1197918,
            1197919,
            1197920,
            1197921,
            1197922,
            1197923,
            1197924,
            1197925,
            1197926,
            1197927,
            1197928,
            1197929,
            1197930,
            1197931,
            1197932,
            1197933,
            1197934,
            1197935,
            1197936,
            1197937,
            1197938,
            1197939,
            1197940,
            1197941,
            1197942,
            1197943,
            1197944,
            1197945,
            1197946,
            1197947,
            1197948,
            1197949,
            1197950,
            1197951,
            1197952,
            1197953,
            1197954,
            1197955,
            1197956,
            1197957,
            1197958,
            1197959,
            1197960,
            1197961,
            1197962,
            1197963,
            1197964,
            1197965,
            1197966,
            1197967,
            1197968,
            1197969,
            1197970,
            1197971,
            1197972,
            1197973,
            1197974,
            1197975,
            1197976,
            1197977,
            1197978,
            1197979,
            1197980,
            1197981,
            1197982,
            1197983,
            1197984,
            1197985,
            1197986,
            1197987,
            1197988,
            1197989,
            1197990,
            1197991,
            1197992,
            1197993,
            1197994,
            1197995,
            1197996,
            1197997,
            1197998,
            1197999,
            1198000,
            1198001,
            1198002,
            1198003,
            1198004,
            1198005,
            1198006,
            1198007,
            1198008,
            1198009,
            1198010,
            1198011,
            1198012,
            1198013,
            1198014,
            1198015,
            1198016,
            1198017,
            1198018,
            1198019,
            1198020,
            1198021,
            1198022,
            1198023,
            1198024,
            1198025,
            1198026,
            1198027,
            1198028,
            1198029,
            1198030,
            1198031,
            1198032,
            1198033,
            1198034,
            1198035,
            1198036,
            1198037,
            1198038,
            1198039,
            1198040,
            1198041,
            1198042,
            1198043,
            1198044,
            1198045,
            1198046,
            1198047,
            1198048,
            1198049,
            1198050,
            1198051,
            1198052,
            1198053,
            1198054,
            1198055,
            1198056,
            1198057,
            1198058,
            1198059,
            1198060,
            1198061,
            1198062,
            1198063,
            1198064,
            1198065,
            1198066,
            1198067,
            1198068,
            1198069,
            1198070,
            1198071,
            1198072,
            1198073,
            1198074,
            1198075,
            1198076,
            1198077,
            1198078,
            1198079,
            1198080,
            1198081,
            1198082,
            1198083,
            1198084,
            1198085,
            1198086,
            1198087,
            1198088,
            1198089,
            1198090,
            1198091,
            1198092,
            1198093,
            1198094,
            1198095,
            1198096,
            1198097,
            1198098,
            1198099,
            1198100,
            1198101,
            1198102,
            1198103,
            1198104,
            1198105,
            1198106,
            1198107,
            1198108,
            1198109,
            1198110,
            1198111,
            1198112,
            1198113,
            1198114,
            1198115,
            1198116,
            1198117,
            1198118,
            1198119,
            1198120,
            1198121,
            1198122,
            1198123,
            1198124,
            1198125,
            1198126,
            1198127,
            1198128,
            1198129,
            1198130,
            1198131,
            1198132,
            1198133,
            1198134,
            1198135,
            1198136,
            1198137,
            1198138,
            1198139,
            1198140,
            1198141,
            1198142,
            1198143,
            1198144,
            1198145,
            1198146,
            1198147,
            1198148,
            1198149,
            1198150,
            1198151,
            1198152,
            1198153,
            1198154,
            1198155,
            1198156,
            1198157,
            1198158,
            1198159,
            1198160,
            1198161,
            1198162,
            1198163,
            1198164,
            1198165,
            1198166,
            1198167,
            1198168,
            1198169,
            1198170,
            1198171,
            1198172,
            1198173,
            1198174,
            1198175,
            1198176,
            1198177,
            1198178,
            1198179,
            1198180,
            1198181,
            1198182,
            1198183,
            1198184,
            1198185,
            1198186,
            1198187,
            1198188,
            1198189,
            1198190,
            1198191,
            1198192,
            1198193,
            1198194,
            1198195,
            1198196,
            1198197,
            1198198,
            1198199,
            1198200,
            1198201,
            1198202,
            1198203,
            1198204,
            1198205,
            1198206,
            1198207,
            1198208,
            1198209,
            1198210,
            1198211,
            1198212,
            1198213,
            1198214,
            1198215,
            1198216,
            1198217,
            1198218,
            1198219,
            1198220,
            1198221,
            1198222,
            1198223,
            1198224,
            1198225,
            1198226,
            1198227,
            1198228,
            1198229,
            1198230,
            1198231,
            1198232,
            1198233,
            1198234,
            1198235,
            1198236,
            1198237,
            1198238,
            1198239,
            1198240,
            1198241,
            1198242,
            1198243,
            1198244,
            1198245,
            1198246,
            1198247,
            1198248,
            1198249,
            1198250,
            1198251,
            1198252,
            1198253,
            1198254,
            1198255,
            1198256,
            1198257,
            1198258,
            1198259,
            1198260,
            1198261,
            1198262,
            1198263,
            1198264,
            1198265,
            1198266,
            1198267,
            1198268,
            1198269,
            1198270,
            1198271,
            1198272,
            1198273,
            1198274,
            1198275,
            1198276,
            1198277,
            1198278,
            1198279,
            1198280,
            1198281,
            1198282,
            1198283,
            1198284,
            1198285,
            1198286,
            1198287,
            1198288,
            1198289,
            1198290,
            1198291,
            1198292,
            1198293,
            1198294,
            1198295,
            1198296,
            1198297,
            1198298,
            1198299,
            1198300,
            1198301,
            1198302,
            1198303,
            1198304,
            1198305,
            1198306,
            1198307,
            1198308,
            1198309,
            1198310,
            1198311,
            1198312,
            1198313,
            1198314,
            1198315,
            1198316,
            1198317,
            1198318,
            1198319,
            1198320,
            1198321,
            1198322,
            1198323,
            1198324,
            1198325,
            1198326,
            1198327,
            1198328,
            1198329,
            1198330,
            1198331,
            1198332,
            1198333,
            1198334,
            1198335,
            1198336,
            1198337,
            1198338,
            1198339,
            1198340,
            1198341,
            1198342,
            1198343,
            1198344,
            1198345,
            1198346,
            1198347,
            1198348,
            1198349,
            1198350,
            1198351,
            1198352,
            1198353,
            1198354,
            1198355,
            1198356,
            1198357,
            1198358,
            1198359,
            1198360,
            1198361,
            1198362,
            1198363,
            1198364,
            1198365,
            1198366,
            1198367,
            1198368,
            1198369,
            1198370,
            1198371,
            1198372,
            1198373,
            1198374,
            1198375,
            1198376,
            1198377,
            1198378,
            1198379,
            1198380,
            1198381,
            1198382,
            1198383,
            1198384,
            1198385,
            1198386,
            1198387,
            1198388,
            1198389,
            1198390,
            1198391,
            1198392,
            1198393,
            1198394,
            1198395,
            1198396,
            1198397,
            1198398,
            1198399,
            1198400,
            1198401,
            1198402,
            1198403,
            1198404,
            1198405,
            1198406,
            1198407,
            1198408,
            1198409,
            1198410,
            1198411,
            1198412,
            1198413,
            1198414,
            1198415,
            1198416,
            1198417,
            1198418,
            1198419,
            1198420,
            1198421,
            1198422,
            1198423,
            1198424,
            1198425,
            1198426,
            1198427,
            1198428,
            1198429,
            1198430,
            1198431,
            1198432,
            1198433,
            1198434,
            1198435,
            1198436,
            1198437,
            1198438,
            1198439,
            1198440,
            1198441,
            1198442,
            1198443,
            1198444,
            1198445,
            1198446,
            1198447,
            1198448,
            1198449,
            1198450,
            1198451,
            1198452,
            1198453,
            1198454,
            1198455,
            1198456,
            1198457,
            1198458,
            1198459,
            1198460,
            1198461,
            1198462,
            1198463,
            1198464,
            1198465,
            1198466,
            1198467,
            1198468,
            1198469,
            1198470,
            1198471,
            1198472,
            1198473,
            1198474,
            1198475,
            1198476,
            1198477,
            1198478,
            1198479,
            1198480,
            1198481,
            1198482,
            1198483,
            1198484,
            1198485,
            1198486,
            1198487,
            1198488,
            1198489,
            1198490,
            1198491,
            1198492,
            1198493,
            1198494,
            1198495,
            1198496,
            1198497,
            1198498,
            1198499,
            1198500,
            1198501,
            1198502,
            1198503,
            1198504,
            1198505,
            1198506,
            1198507,
            1198508,
            1198509,
            1198510,
            1198511,
            1198512,
            1198513,
            1198514,
            1198515,
            1198516,
            1198517,
            1198518,
            1198519,
            1198520,
            1198521,
            1198522,
            1198523,
            1198524,
            1198525,
            1198526,
            1198527,
            1198528,
            1198529,
            1198530,
            1198531,
            1198532,
            1198533,
            1198534,
            1198535,
            1198536,
            1198537,
            1198538,
            1198539,
            1198540,
            1198541,
            1198542,
            1198543,
            1198544,
            1198545,
            1198546,
            1198547,
            1198548,
            1198549,
            1198550,
            1198551,
            1198552,
            1198553,
            1198554,
            1198555,
            1198556,
            1198557,
            1198558,
            1198559,
            1198560,
            1198561,
            1198562,
            1198563,
            1198564,
            1198565,
            1198566,
            1198567,
            1198568,
            1198569,
            1198570,
            1198571,
            1198572,
            1198573,
            1198574,
            1198575,
            1198576,
            1198577,
            1198578,
            1198579,
            1198580,
            1198581,
            1198582,
            1198583,
            1198584,
            1198585,
            1198586,
            1198587,
            1198588,
            1198589,
            1198590,
            1198591,
            1198592,
            1198593,
            1198594,
            1198595,
            1198596,
            1198597,
            1198598,
            1198599,
            1198600,
            1198601,
            1198602,
            1198603,
            1198604,
            1198605,
            1198606,
            1198607,
            1198608,
            1198609,
            1198610,
            1198611,
            1198612,
            1198613,
            1198614,
            1198615,
            1198616,
            1198617,
            1198618,
            1198619,
            1198620,
            1198621,
            1198622,
            1198623,
            1198624,
            1198625,
            1198626,
            1198627,
            1198628,
            1198629,
            1198630,
            1198631,
            1198632,
            1198633,
            1198634,
            1198635,
            1198636,
            1198637,
            1198638,
            1198639,
            1198640,
            1198641,
            1198642,
            1198643,
            1198644,
            1198645,
            1198646,
            1198647,
            1198648,
            1198649,
            1198650,
            1198651,
            1198652,
            1198653,
            1198654,
            1198655,
            1198656,
            1198657,
            1198658,
            1198659,
            1198660,
            1198661,
            1198662,
            1198663,
            1198664,
            1198665,
            1198666,
            1198667,
            1198668,
            1198669,
            1198670,
            1198671,
            1198672,
            1198673,
            1198674,
            1198675,
            1198676,
            1198677,
            1198678,
            1198679,
            1198680,
            1198681,
            1198682,
            1198683,
            1198684,
            1198685,
            1198686,
            1198687,
            1198688,
            1198689,
            1198690,
            1198691,
            1198692,
            1198693,
            1198694,
            1198695,
            1198696,
            1198697,
            1198698,
            1198699,
            1198700,
            1198701,
            1198702,
            1198703,
            1198704,
            1198705,
            1198706,
            1198707,
            1198708,
            1198709,
            1198710,
            1198711,
            1198712,
            1198713,
            1198714,
            1198715,
            1198716,
            1198717,
            1198718,
            1198719,
            1198720,
            1198721,
            1198722,
            1198723,
            1198724,
            1198725,
            1198726,
            1198727,
            1198728,
            1198729,
            1198730,
            1198731,
            1198732,
            1198733,
            1198734,
            1198735,
            1198736,
            1198737,
            1198738,
            1198739,
            1198740,
            1198741,
            1198742,
            1198743,
            1198744,
            1198745,
            1198746,
            1198747,
            1198748,
            1198749,
            1198750,
            1198751,
            1198752,
            1198753,
            1198754,
            1198755,
            1198756,
            1198757,
            1198758,
            1198759,
            1198760,
            1198761,
            1198762,
            1198763,
            1198764,
            1198765,
            1198766,
            1198767,
            1198768,
            1198769,
            1198770,
            1198771,
            1198772,
            1198773,
            1198774,
            1198775,
            1198776,
            1198777,
            1198778,
            1198779,
            1198780,
            1198781,
            1198782,
            1198783,
            1198784,
            1198785,
            1198786,
            1198787,
            1198788,
            1198789,
            1198790,
            1198791,
            1198792,
            1198793,
            1198794,
            1198795,
            1198796,
            1198797,
            1198798,
            1198799,
            1198800,
            1198801,
            1198802,
            1198803,
            1198804,
            1198805,
            1198806,
            1198807,
            1198808,
            1198809,
            1198810,
            1198811,
            1198812,
            1198813,
            1198814,
            1198815,
            1198816,
            1198817,
            1198818,
            1198819,
            1198820,
            1198821,
            1198822,
            1198823,
            1198824,
            1198825,
            1198826,
            1198827,
            1198828,
            1198829,
            1198830,
            1198831,
            1198832,
            1198833,
            1198834,
            1198835,
            1198836,
            1198837,
            1198838,
            1198839,
            1198840,
            1198841,
            1198842,
            1198843,
            1198844,
            1198845,
            1198846,
            1198847,
            1198848,
            1198849,
            1198850,
            1198851,
            1198852,
            1198853,
            1198854,
            1198855,
            1198856,
            1198857,
            1198858,
            1198859,
            1198860,
            1198861,
            1198862,
            1198863,
            1198864,
            1198865,
            1198866,
            1198867,
            1198868,
            1198869,
            1198870,
            1198871,
            1198872,
            1198873,
            1198874,
            1198875,
            1198876,
            1198877,
            1198878,
            1198879,
            1198880,
            1198881,
            1198882,
            1198883,
            1198884,
            1198885,
            1198886,
            1198887,
            1198888,
            1198889,
            1198890,
            1198891,
            1198892,
            1198893,
            1198894,
            1198895,
            1198896,
            1198897,
            1198898,
            1198899,
            1198900,
            1198901,
            1198902,
            1198903,
            1198904,
            1198905,
            1198906,
            1198907,
            1198908,
            1198909,
            1198910,
            1198911,
            1198912,
            1198913,
            1198914,
            1198915,
            1198916,
            1198917,
            1198918,
            1198919,
            1198920,
            1198921,
            1198922,
            1198923,
            1198924,
            1198925,
            1198926,
            1198927,
            1198928,
            1198929,
            1198930,
            1198931,
            1198932,
            1198933,
            1198934,
            1198935,
            1198936,
            1198937,
            1198938,
            1198939,
            1198940,
            1198941,
            1198942,
            1198943,
            1198944,
            1198945,
            1198946,
            1198947,
            1198948,
            1198949,
            1198950,
            1198951,
            1198952,
            1198953,
            1198954,
            1198955,
            1198956,
            1198957,
            1198958,
            1198959,
            1198960,
            1198961,
            1198962,
            1198963,
            1198964,
            1198965,
            1198966,
            1198967,
            1198968,
            1198969,
            1198970,
            1198971,
            1198972,
            1198973,
            1198974,
            1198975,
            1198976,
            1198977,
            1198978,
            1198979,
            1198980,
            1198981,
            1198982,
            1198983,
            1198984,
            1198985,
            1198986,
            1198987,
            1198988,
            1198989,
            1198990,
            1198991,
            1198992,
            1198993,
            1198994,
            1198995,
            1198996,
            1198997,
            1198998,
            1198999,
            1199000,
            1199001,
            1199002,
            1199003,
            1199004,
            1199005,
            1199006,
            1199007,
            1199008,
            1199009,
            1199010,
            1199011,
            1199012,
            1199013,
            1199014,
            1199015,
            1199016,
            1199017,
            1199018,
            1199019,
            1199020,
            1199021,
            1199022,
            1199023,
            1199024,
            1199025,
            1199026,
            1199027,
            1199028,
            1199029,
            1199030,
            1199031,
            1199032,
            1199033,
            1199034,
            1199035,
            1199036,
            1199037,
            1199038,
            1199039,
            1199040,
            1199041,
            1199042,
            1199043,
            1199044,
            1199045,
            1199046,
            1199047,
            1199048,
            1199049,
            1199050,
            1199051,
            1199052,
            1199053,
            1199054,
            1199055,
            1199056,
            1199057,
            1199058,
            1199059,
            1199060,
            1199061,
            1199062,
            1199063,
            1199064,
            1199065,
            1199066,
            1199067,
            1199068,
            1199069,
            1199070,
            1199071,
            1199072,
            1199073,
            1199074,
            1199075,
            1199076,
            1199077,
            1199078,
            1199079,
            1199080,
            1199081,
            1199082,
            1199083,
            1199084,
            1199085,
            1199086,
            1199087,
            1199088,
            1199089,
            1199090,
            1199091,
            1199092,
            1199093,
            1199094,
            1199095,
            1199096,
            1199097,
            1199098,
            1199099,
            1199100,
            1199101,
            1199102,
            1199103,
            1199104,
            1199105,
            1199106,
            1199107,
            1199108,
            1199109,
            1199110,
            1199111,
            1199112,
            1199113,
            1199114,
            1199115,
            1199116,
            1199117,
            1199118,
            1199119,
            1199120,
            1199121,
            1199122,
            1199123,
            1199124,
            1199125,
            1199126,
            1199127,
            1199128,
            1199129,
            1199130,
            1199131,
            1199132,
            1199133,
            1199134,
            1199135,
            1199136,
            1199137,
            1199138,
            1199139,
            1199140,
            1199141,
            1199142,
            1199143,
            1199144,
            1199145,
            1199146,
            1199147,
            1199148,
            1199149,
            1199150,
            1199151,
            1199152,
            1199153,
            1199154,
            1199155,
            1199156,
            1199157,
            1199158,
            1199159,
            1199160,
            1199161,
            1199162,
            1199163,
            1199164,
            1199165,
            1199166,
            1199167,
            1199168,
            1199169,
            1199170,
            1199171,
            1199172,
            1199173,
            1199174,
            1199175,
            1199176,
            1199177,
            1199178,
            1199179,
            1199180,
            1199181,
            1199182,
            1199183,
            1199184,
            1199185,
            1199186,
            1199187,
            1199188,
            1199189,
            1199190,
            1199191,
            1199192,
            1199193,
            1199194,
            1199195,
            1199196,
            1199197,
            1199198,
            1199199,
            1199200,
            1199201,
            1199202,
            1199203,
            1199204,
            1199205,
            1199206,
            1199207,
            1199208,
            1199209,
            1199210,
            1199211,
            1199212,
            1199213,
            1199214,
            1199215,
            1199216,
            1199217,
            1199218,
            1199219,
            1199220,
            1199221,
            1199222,
            1199223,
            1199224,
            1199225,
            1199226,
            1199227,
            1199228,
            1199229,
            1199230,
            1199231,
            1199232,
            1199233,
            1199234,
            1199235,
            1199236,
            1199237,
            1199238,
            1199239,
            1199240,
            1199241,
            1199242,
            1199243,
            1199244,
            1199245,
            1199246,
            1199247,
            1199248,
            1199249,
            1199250,
            1199251,
            1199252,
            1199253,
            1199254,
            1199255,
            1199256,
            1199257,
            1199258,
            1199259,
            1199260,
            1199261,
            1199262,
            1199263,
            1199264,
            1199265,
            1199266,
            1199267,
            1199268,
            1199269,
            1199270,
            1199271,
            1199272,
            1199273,
            1199274,
            1199275,
            1199276,
            1199277,
            1199278,
            1199279,
            1199280,
            1199281,
            1199282,
            1199283,
            1199284,
            1199285,
            1199286,
            1199287,
            1199288,
            1199289,
            1199290,
            1199291,
            1199292,
            1199293,
            1199294,
            1199295,
            1199296,
            1199297,
            1199298,
            1199299,
            1199300,
            1199301,
            1199302,
            1199303,
            1199304,
            1199305,
            1199306,
            1199307,
            1199308,
            1199309,
            1199310,
            1199311,
            1199312,
            1199313,
            1199314,
            1199315,
            1199316,
            1199317,
            1199318,
            1199319,
            1199320,
            1199321,
            1199322,
            1199323,
            1199324,
            1199325,
            1199326,
            1199327,
            1199328,
            1199329,
            1199330,
            1199331,
            1199332,
            1199333,
            1199334,
            1199335,
            1199336,
            1199337,
            1199338,
            1199339,
            1199340,
            1199341,
            1199342,
            1199343,
            1199344,
            1199345,
            1199346,
            1199347,
            1199348,
            1199349,
            1199350,
            1199351,
            1199352,
            1199353,
            1199354,
            1199355,
            1199356,
            1199357,
            1199358,
            1199359,
            1199360,
            1199361,
            1199362,
            1199363,
            1199364,
            1199365,
            1199366,
            1199367,
            1199368,
            1199369,
            1199370,
            1199371,
            1199372,
            1199373,
            1199374,
            1199375,
            1199376,
            1199377,
            1199378,
            1199379,
            1199380,
            1199381,
            1199382,
            1199383,
            1199384,
            1199385,
            1199386,
            1199387,
            1199388,
            1199389,
            1199390,
            1199391,
            1199392,
            1199393,
            1199394,
            1199395,
            1199396,
            1199397,
            1199398,
            1199399,
            1199400,
            1199401,
            1199402,
            1199403,
            1199404,
            1199405,
            1199406,
            1199407,
            1199408,
            1199409,
            1199410,
            1199411,
            1199412,
            1199413,
            1199414,
            1199415,
            1199416,
            1199417,
            1199418,
            1199419,
            1199420,
            1199421,
            1199422,
            1199423,
            1199424,
            1199425,
            1199426,
            1199427,
            1199428,
            1199429,
            1199430,
            1199431,
            1199432,
            1199433,
            1199434,
            1199435,
            1199436,
            1199437,
            1199438,
            1199439,
            1199440,
            1199441,
            1199442,
            1199443,
            1199444,
            1199445,
            1199446,
            1199447,
            1199448,
            1199449,
            1199450,
            1199451,
            1199452,
            1199453,
            1199454,
            1199455,
            1199456,
            1199457,
            1199458,
            1199459,
            1199460,
            1199461,
            1199462,
            1199463,
            1199464,
            1199465,
            1199466,
            1199467,
            1199468,
            1199469,
            1199470,
            1199471,
            1199472,
            1199473,
            1199474,
            1199475,
            1199476,
            1199477,
            1199478,
            1199479,
            1199480,
            1199481,
            1199482,
            1199483,
            1199484,
            1199485,
            1199486,
            1199487,
            1199488,
            1199489,
            1199490,
            1199491,
            1199492,
            1199493,
            1199494,
            1199495,
            1199496,
            1199497,
            1199498,
            1199499,
            1199500,
            1199501,
            1199502,
            1199503,
            1199504,
            1199505,
            1199506,
            1199507,
            1199508,
            1199509,
            1199510,
            1199511,
            1199512,
            1199513,
            1199514,
            1199515,
            1199516,
            1199517,
            1199518,
            1199519,
            1199520,
            1199521,
            1199522,
            1199523,
            1199524,
            1199525,
            1199526,
            1199527,
            1199528,
            1199529,
            1199530,
            1199531,
            1199532,
            1199533,
            1199534,
            1199535,
            1199536,
            1199537,
            1199538,
            1199539,
            1199540,
            1199541,
            1199542,
            1199543,
            1199544,
            1199545,
            1199546,
            1199547,
            1199548,
            1199549,
            1199550,
            1199551,
            1199552,
            1199553,
            1199554,
            1199555,
            1199556,
            1199557,
            1199558,
            1199559,
            1199560,
            1199561,
            1199562,
            1199563,
            1199564,
            1199565,
            1199566,
            1199567,
            1199568,
            1199569,
            1199570,
            1199571,
            1199572,
            1199573,
            1199574,
            1199575,
            1199576,
            1199577,
            1199578,
            1199579,
            1199580,
            1199581,
            1199582,
            1199583,
            1199584,
            1199585,
            1199586,
            1199587,
            1199588,
            1199589,
            1199590,
            1199591,
            1199592,
            1199593,
            1199594,
            1199595,
            1199596,
            1199597,
            1199598,
            1199599,
            1199600,
            1199601,
            1199602,
            1199603,
            1199604,
            1199605,
            1199606,
            1199607,
            1199608,
            1199609,
            1199610,
            1199611,
            1199612,
            1199613,
            1199614,
            1199615,
            1199616,
            1199617,
            1199618,
            1199619,
            1199620,
            1199621,
            1199622,
            1199623,
            1199624,
            1199625,
            1199626,
            1199627,
            1199628,
            1199629,
            1199630,
            1199631,
            1199632,
            1199633,
            1199634,
            1199635,
            1199636,
            1199637,
            1199638,
            1199639,
            1199640,
            1199641,
            1199642,
            1199643,
            1199644,
            1199645,
            1199646,
            1199647,
            1199648,
            1199649,
            1199650,
            1199651,
            1199652,
            1199653,
            1199654,
            1199655,
            1199656,
            1199657,
            1199658,
            1199659,
            1199660,
            1199661,
            1199662,
            1199663,
            1199664,
            1199665,
            1199666,
            1199667,
            1199668,
            1199669,
            1199670,
            1199671,
            1199672,
            1199673,
            1199674,
            1199675,
            1199676,
            1199677,
            1199678,
            1199679,
            1199680,
            1199681,
            1199682,
            1199683,
            1199684,
            1199685,
            1199686,
            1199687,
            1199688,
            1199689,
            1199690,
            1199691,
            1199692,
            1199693,
            1199694,
            1199695,
            1199696,
            1199697,
            1199698,
            1199699,
            1199700,
            1199701,
            1199702,
            1199703,
            1199704,
            1199705,
            1199706,
            1199707,
            1199708,
            1199709,
            1199710,
            1199711,
            1199712,
            1199713,
            1199714,
            1199715,
            1199716,
            1199717,
            1199718,
            1199719,
            1199720,
            1199721,
            1199722,
            1199723,
            1199724,
            1199725,
            1199726,
            1199727,
            1199728,
            1199729,
            1199730,
            1199731,
            1199732,
            1199733,
            1199734,
            1199735,
            1199736,
            1199737,
            1199738,
            1199739,
            1199740,
            1199741,
            1199742,
            1199743,
            1199744,
            1199745,
            1199746,
            1199747,
            1199748,
            1199749,
            1199750,
            1199751,
            1199752,
            1199753,
            1199754,
            1199755,
            1199756,
            1199757,
            1199758,
            1199759,
            1199760,
            1199761,
            1199762,
            1199763,
            1199764,
            1199765,
            1199766,
            1199767,
            1199768,
            1199769,
            1199770,
            1199771,
            1199772,
            1199773,
            1199774,
            1199775,
            1199776,
            1199777,
            1199778,
            1199779,
            1199780,
            1199781,
            1199782,
            1199783,
            1199784,
            1199785,
            1199786,
            1199787,
            1199788,
            1199789,
            1199790,
            1199791,
            1199792,
            1199793,
            1199794,
            1199795,
            1199796,
            1199797,
            1199798,
            1199799,
            1199800,
            1199801,
            1199802,
            1199803,
            1199804,
            1199805,
            1199806,
            1199807,
            1199808,
            1199809,
            1199810,
            1199811,
            1199812,
            1199813,
            1199814,
            1199815,
            1199816,
            1199817,
            1199818,
            1199819,
            1199820,
            1199821,
            1199822,
            1199823,
            1199824,
            1199825,
            1199826,
            1199827,
            1199828,
            1199829,
            1199830,
            1199831,
            1199832,
            1199833,
            1199834,
            1199835,
            1199836,
            1199837,
            1199838,
            1199839,
            1199840,
            1199841,
            1199842,
            1199843,
            1199844,
            1199845,
            1199846,
            1199847,
            1199848,
            1199849,
            1199850,
            1199851,
            1199852,
            1199853,
            1199854,
            1199855,
            1199856,
            1199857,
            1199858,
            1199859,
            1199860,
            1199861,
            1199862,
            1199863,
            1199864,
            1199865,
            1199866,
            1199867,
            1199868,
            1199869,
            1199870,
            1199871,
            1199872,
            1199873,
            1199874,
            1199875,
            1199876,
            1199877,
            1199878,
            1199879,
            1199880,
            1199881,
            1199882,
            1199883,
            1199884,
            1199885,
            1199886,
            1199887,
            1199888,
            1199889,
            1199890,
            1199891,
            1199892,
            1199893,
            1199894,
            1199895,
            1199896,
            1199897,
            1199898,
            1199899,
            1199900,
            1199901,
            1199902,
            1199903,
            1199904,
            1199905,
            1199906,
            1199907,
            1199908,
            1199909,
            1199910,
            1199911,
            1199912,
            1199913,
            1199914,
            1199915,
            1199916,
            1199917,
            1199918,
            1199919,
            1199920,
            1199921,
            1199922,
            1199923,
            1199924,
            1199925,
            1199926,
            1199927,
            1199928,
            1199929,
            1199930,
            1199931,
            1199932,
            1199933,
            1199934,
            1199935,
            1199936,
            1199937,
            1199938,
            1199939,
            1199940,
            1199941,
            1199942,
            1199943,
            1199944,
            1199945,
            1199946,
            1199947,
            1199948,
            1199949,
            1199950,
            1199951,
            1199952,
            1199953,
            1199954,
            1199955,
            1199956,
            1199957,
            1199958,
            1199959,
            1199960,
            1199961,
            1199962,
            1199963,
            1199964,
            1199965,
            1199966,
            1199967,
            1199968,
            1199969,
            1199970,
            1199971,
            1199972,
            1199973,
            1199974,
            1199975,
            1199976,
            1199977,
            1199978,
            1199979,
            1199980,
            1199981,
            1199982,
            1199983,
            1199984,
            1199985,
            1199986,
            1199987,
            1199988,
            1199989,
            1199990,
            1199991,
            1199992,
            1199993,
            1199994,
            1199995,
            1199996,
            1199997,
            1199998,
            1199999,
        ],
        pipeline=[
            dict(type='LoadImageFromNDArray'),
            dict(scale=(
                256,
                64,
            ), type='Resize'),
            dict(type='LoadOCRAnnotations', with_text=True),
            dict(
                meta_keys=(
                    'img_path',
                    'ori_shape',
                    'img_shape',
                    'valid_ratio',
                ),
                type='PackTextRecogInputs'),
        ],
        test_mode=True,
        type='RecogLMDBDataset'),
    drop_last=False,
    num_workers=4,
    persistent_workers=True,
    pin_memory=True,
    sampler=dict(shuffle=False, type='DefaultSampler'))
val_evaluator = dict(
    dataset_prefixes=[
        'PretrainCN_holdout',
    ],
    metrics=[
        dict(mode=[
            'exact',
        ], type='WordMetric'),
        dict(type='OneMinusNEDMetric'),
    ],
    type='MultiDatasetsEvaluator')
vis_backends = [
    dict(type='LocalVisBackend'),
]
visualizer = dict(
    name='visualizer',
    type='TextRecogLocalVisualizer',
    vis_backends=[
        dict(type='LocalVisBackend'),
    ])
work_dir = 'work_dirs/svtr-large_pretrain'

2026/01/06 22:32:09 - mmengine - INFO - Hooks will be executed in the following order:
before_run:
(VERY_HIGH   ) RuntimeInfoHook                    
(BELOW_NORMAL) LoggerHook                         
 -------------------- 
before_train:
(VERY_HIGH   ) RuntimeInfoHook                    
(NORMAL      ) IterTimerHook                      
(VERY_LOW    ) CheckpointHook                     
 -------------------- 
before_train_epoch:
(VERY_HIGH   ) RuntimeInfoHook                    
(NORMAL      ) IterTimerHook                      
(NORMAL      ) DistSamplerSeedHook                
 -------------------- 
before_train_iter:
(VERY_HIGH   ) RuntimeInfoHook                    
(NORMAL      ) IterTimerHook                      
 -------------------- 
after_train_iter:
(VERY_HIGH   ) RuntimeInfoHook                    
(NORMAL      ) IterTimerHook                      
(BELOW_NORMAL) LoggerHook                         
(LOW         ) ParamSchedulerHook                 
(VERY_LOW    ) CheckpointHook                     
 -------------------- 
after_train_epoch:
(NORMAL      ) IterTimerHook                      
(NORMAL      ) SyncBuffersHook                    
(LOW         ) ParamSchedulerHook                 
(VERY_LOW    ) CheckpointHook                     
 -------------------- 
before_val:
(VERY_HIGH   ) RuntimeInfoHook                    
 -------------------- 
before_val_epoch:
(NORMAL      ) IterTimerHook                      
(NORMAL      ) SyncBuffersHook                    
 -------------------- 
before_val_iter:
(NORMAL      ) IterTimerHook                      
 -------------------- 
after_val_iter:
(NORMAL      ) IterTimerHook                      
(NORMAL      ) VisualizationHook                  
(BELOW_NORMAL) LoggerHook                         
 -------------------- 
after_val_epoch:
(VERY_HIGH   ) RuntimeInfoHook                    
(NORMAL      ) IterTimerHook                      
(BELOW_NORMAL) LoggerHook                         
(LOW         ) ParamSchedulerHook                 
(VERY_LOW    ) CheckpointHook                     
 -------------------- 
after_val:
(VERY_HIGH   ) RuntimeInfoHook                    
 -------------------- 
after_train:
(VERY_HIGH   ) RuntimeInfoHook                    
(VERY_LOW    ) CheckpointHook                     
 -------------------- 
before_test:
(VERY_HIGH   ) RuntimeInfoHook                    
 -------------------- 
before_test_epoch:
(NORMAL      ) IterTimerHook                      
 -------------------- 
before_test_iter:
(NORMAL      ) IterTimerHook                      
 -------------------- 
after_test_iter:
(NORMAL      ) IterTimerHook                      
(NORMAL      ) VisualizationHook                  
(BELOW_NORMAL) LoggerHook                         
 -------------------- 
after_test_epoch:
(VERY_HIGH   ) RuntimeInfoHook                    
(NORMAL      ) IterTimerHook                      
(BELOW_NORMAL) LoggerHook                         
 -------------------- 
after_test:
(VERY_HIGH   ) RuntimeInfoHook                    
 -------------------- 
after_run:
(BELOW_NORMAL) LoggerHook                         
 -------------------- 
2026/01/06 22:32:28 - mmengine - INFO - LR is set based on batch size of 256 and the current batch size is 256. Scaling the original LR by 1.0.
Name of parameter - Initialization information

preprocessor.stn_convnet.0.conv.weight - torch.Size([32, 3, 3, 3]): 
XavierInit: gain=1, distribution=normal, bias=0 

preprocessor.stn_convnet.0.bn.weight - torch.Size([32]): 
The value is the same before and after calling `init_weights` of SVTR  

preprocessor.stn_convnet.0.bn.bias - torch.Size([32]): 
The value is the same before and after calling `init_weights` of SVTR  

preprocessor.stn_convnet.2.conv.weight - torch.Size([64, 32, 3, 3]): 
XavierInit: gain=1, distribution=normal, bias=0 

preprocessor.stn_convnet.2.bn.weight - torch.Size([64]): 
The value is the same before and after calling `init_weights` of SVTR  

preprocessor.stn_convnet.2.bn.bias - torch.Size([64]): 
The value is the same before and after calling `init_weights` of SVTR  

preprocessor.stn_convnet.4.conv.weight - torch.Size([128, 64, 3, 3]): 
XavierInit: gain=1, distribution=normal, bias=0 

preprocessor.stn_convnet.4.bn.weight - torch.Size([128]): 
The value is the same before and after calling `init_weights` of SVTR  

preprocessor.stn_convnet.4.bn.bias - torch.Size([128]): 
The value is the same before and after calling `init_weights` of SVTR  

preprocessor.stn_convnet.6.conv.weight - torch.Size([256, 128, 3, 3]): 
XavierInit: gain=1, distribution=normal, bias=0 

preprocessor.stn_convnet.6.bn.weight - torch.Size([256]): 
The value is the same before and after calling `init_weights` of SVTR  

preprocessor.stn_convnet.6.bn.bias - torch.Size([256]): 
The value is the same before and after calling `init_weights` of SVTR  

preprocessor.stn_convnet.8.conv.weight - torch.Size([256, 256, 3, 3]): 
XavierInit: gain=1, distribution=normal, bias=0 

preprocessor.stn_convnet.8.bn.weight - torch.Size([256]): 
The value is the same before and after calling `init_weights` of SVTR  

preprocessor.stn_convnet.8.bn.bias - torch.Size([256]): 
The value is the same before and after calling `init_weights` of SVTR  

preprocessor.stn_convnet.10.conv.weight - torch.Size([256, 256, 3, 3]): 
XavierInit: gain=1, distribution=normal, bias=0 

preprocessor.stn_convnet.10.bn.weight - torch.Size([256]): 
The value is the same before and after calling `init_weights` of SVTR  

preprocessor.stn_convnet.10.bn.bias - torch.Size([256]): 
The value is the same before and after calling `init_weights` of SVTR  

preprocessor.stn_fc1.0.weight - torch.Size([512, 512]): 
The value is the same before and after calling `init_weights` of SVTR  

preprocessor.stn_fc1.0.bias - torch.Size([512]): 
The value is the same before and after calling `init_weights` of SVTR  

preprocessor.stn_fc1.1.weight - torch.Size([512]): 
The value is the same before and after calling `init_weights` of SVTR  

preprocessor.stn_fc1.1.bias - torch.Size([512]): 
The value is the same before and after calling `init_weights` of SVTR  

preprocessor.stn_fc2.weight - torch.Size([40, 512]): 
The value is the same before and after calling `init_weights` of SVTR  

preprocessor.stn_fc2.bias - torch.Size([40]): 
The value is the same before and after calling `init_weights` of SVTR  

encoder.absolute_pos_embed - torch.Size([1, 480, 192]): 
The value is the same before and after calling `init_weights` of SVTR  

encoder.patch_embed.net.ConvModule0.conv.weight - torch.Size([96, 3, 3, 3]): 
The value is the same before and after calling `init_weights` of SVTR  

encoder.patch_embed.net.ConvModule0.bn.weight - torch.Size([96]): 
The value is the same before and after calling `init_weights` of SVTR  

encoder.patch_embed.net.ConvModule0.bn.bias - torch.Size([96]): 
The value is the same before and after calling `init_weights` of SVTR  

encoder.patch_embed.net.ConvModule1.conv.weight - torch.Size([192, 96, 3, 3]): 
The value is the same before and after calling `init_weights` of SVTR  

encoder.patch_embed.net.ConvModule1.bn.weight - torch.Size([192]): 
The value is the same before and after calling `init_weights` of SVTR  

encoder.patch_embed.net.ConvModule1.bn.bias - torch.Size([192]): 
The value is the same before and after calling `init_weights` of SVTR  

encoder.blocks1.0.norm1.weight - torch.Size([192]): 
The value is the same before and after calling `init_weights` of SVTR  

encoder.blocks1.0.norm1.bias - torch.Size([192]): 
The value is the same before and after calling `init_weights` of SVTR  

encoder.blocks1.0.mixer.qkv.weight - torch.Size([576, 192]): 
The value is the same before and after calling `init_weights` of SVTR  

encoder.blocks1.0.mixer.qkv.bias - torch.Size([576]): 
The value is the same before and after calling `init_weights` of SVTR  

encoder.blocks1.0.mixer.proj.weight - torch.Size([192, 192]): 
The value is the same before and after calling `init_weights` of SVTR  

encoder.blocks1.0.mixer.proj.bias - torch.Size([192]): 
The value is the same before and after calling `init_weights` of SVTR  

encoder.blocks1.0.norm2.weight - torch.Size([192]): 
The value is the same before and after calling `init_weights` of SVTR  

encoder.blocks1.0.norm2.bias - torch.Size([192]): 
The value is the same before and after calling `init_weights` of SVTR  

encoder.blocks1.0.mlp.fc1.weight - torch.Size([768, 192]): 
The value is the same before and after calling `init_weights` of SVTR  

encoder.blocks1.0.mlp.fc1.bias - torch.Size([768]): 
The value is the same before and after calling `init_weights` of SVTR  

encoder.blocks1.0.mlp.fc2.weight - torch.Size([192, 768]): 
The value is the same before and after calling `init_weights` of SVTR  

encoder.blocks1.0.mlp.fc2.bias - torch.Size([192]): 
The value is the same before and after calling `init_weights` of SVTR  

encoder.blocks1.1.norm1.weight - torch.Size([192]): 
The value is the same before and after calling `init_weights` of SVTR  

encoder.blocks1.1.norm1.bias - torch.Size([192]): 
The value is the same before and after calling `init_weights` of SVTR  

encoder.blocks1.1.mixer.qkv.weight - torch.Size([576, 192]): 
The value is the same before and after calling `init_weights` of SVTR  

encoder.blocks1.1.mixer.qkv.bias - torch.Size([576]): 
The value is the same before and after calling `init_weights` of SVTR  

encoder.blocks1.1.mixer.proj.weight - torch.Size([192, 192]): 
The value is the same before and after calling `init_weights` of SVTR  

encoder.blocks1.1.mixer.proj.bias - torch.Size([192]): 
The value is the same before and after calling `init_weights` of SVTR  

encoder.blocks1.1.norm2.weight - torch.Size([192]): 
The value is the same before and after calling `init_weights` of SVTR  

encoder.blocks1.1.norm2.bias - torch.Size([192]): 
The value is the same before and after calling `init_weights` of SVTR  

encoder.blocks1.1.mlp.fc1.weight - torch.Size([768, 192]): 
The value is the same before and after calling `init_weights` of SVTR  

encoder.blocks1.1.mlp.fc1.bias - torch.Size([768]): 
The value is the same before and after calling `init_weights` of SVTR  

encoder.blocks1.1.mlp.fc2.weight - torch.Size([192, 768]): 
The value is the same before and after calling `init_weights` of SVTR  

encoder.blocks1.1.mlp.fc2.bias - torch.Size([192]): 
The value is the same before and after calling `init_weights` of SVTR  

encoder.blocks1.2.norm1.weight - torch.Size([192]): 
The value is the same before and after calling `init_weights` of SVTR  

encoder.blocks1.2.norm1.bias - torch.Size([192]): 
The value is the same before and after calling `init_weights` of SVTR  

encoder.blocks1.2.mixer.qkv.weight - torch.Size([576, 192]): 
The value is the same before and after calling `init_weights` of SVTR  

encoder.blocks1.2.mixer.qkv.bias - torch.Size([576]): 
The value is the same before and after calling `init_weights` of SVTR  

encoder.blocks1.2.mixer.proj.weight - torch.Size([192, 192]): 
The value is the same before and after calling `init_weights` of SVTR  

encoder.blocks1.2.mixer.proj.bias - torch.Size([192]): 
The value is the same before and after calling `init_weights` of SVTR  

encoder.blocks1.2.norm2.weight - torch.Size([192]): 
The value is the same before and after calling `init_weights` of SVTR  

encoder.blocks1.2.norm2.bias - torch.Size([192]): 
The value is the same before and after calling `init_weights` of SVTR  

encoder.blocks1.2.mlp.fc1.weight - torch.Size([768, 192]): 
The value is the same before and after calling `init_weights` of SVTR  

encoder.blocks1.2.mlp.fc1.bias - torch.Size([768]): 
The value is the same before and after calling `init_weights` of SVTR  

encoder.blocks1.2.mlp.fc2.weight - torch.Size([192, 768]): 
The value is the same before and after calling `init_weights` of SVTR  

encoder.blocks1.2.mlp.fc2.bias - torch.Size([192]): 
The value is the same before and after calling `init_weights` of SVTR  

encoder.downsample1.conv.weight - torch.Size([256, 192, 3, 3]): 
The value is the same before and after calling `init_weights` of SVTR  

encoder.downsample1.conv.bias - torch.Size([256]): 
The value is the same before and after calling `init_weights` of SVTR  

encoder.downsample1.norm.weight - torch.Size([256]): 
The value is the same before and after calling `init_weights` of SVTR  

encoder.downsample1.norm.bias - torch.Size([256]): 
The value is the same before and after calling `init_weights` of SVTR  

encoder.blocks2.0.norm1.weight - torch.Size([256]): 
The value is the same before and after calling `init_weights` of SVTR  

encoder.blocks2.0.norm1.bias - torch.Size([256]): 
The value is the same before and after calling `init_weights` of SVTR  

encoder.blocks2.0.mixer.qkv.weight - torch.Size([768, 256]): 
The value is the same before and after calling `init_weights` of SVTR  

encoder.blocks2.0.mixer.qkv.bias - torch.Size([768]): 
The value is the same before and after calling `init_weights` of SVTR  

encoder.blocks2.0.mixer.proj.weight - torch.Size([256, 256]): 
The value is the same before and after calling `init_weights` of SVTR  

encoder.blocks2.0.mixer.proj.bias - torch.Size([256]): 
The value is the same before and after calling `init_weights` of SVTR  

encoder.blocks2.0.norm2.weight - torch.Size([256]): 
The value is the same before and after calling `init_weights` of SVTR  

encoder.blocks2.0.norm2.bias - torch.Size([256]): 
The value is the same before and after calling `init_weights` of SVTR  

encoder.blocks2.0.mlp.fc1.weight - torch.Size([1024, 256]): 
The value is the same before and after calling `init_weights` of SVTR  

encoder.blocks2.0.mlp.fc1.bias - torch.Size([1024]): 
The value is the same before and after calling `init_weights` of SVTR  

encoder.blocks2.0.mlp.fc2.weight - torch.Size([256, 1024]): 
The value is the same before and after calling `init_weights` of SVTR  

encoder.blocks2.0.mlp.fc2.bias - torch.Size([256]): 
The value is the same before and after calling `init_weights` of SVTR  

encoder.blocks2.1.norm1.weight - torch.Size([256]): 
The value is the same before and after calling `init_weights` of SVTR  

encoder.blocks2.1.norm1.bias - torch.Size([256]): 
The value is the same before and after calling `init_weights` of SVTR  

encoder.blocks2.1.mixer.qkv.weight - torch.Size([768, 256]): 
The value is the same before and after calling `init_weights` of SVTR  

encoder.blocks2.1.mixer.qkv.bias - torch.Size([768]): 
The value is the same before and after calling `init_weights` of SVTR  

encoder.blocks2.1.mixer.proj.weight - torch.Size([256, 256]): 
The value is the same before and after calling `init_weights` of SVTR  

encoder.blocks2.1.mixer.proj.bias - torch.Size([256]): 
The value is the same before and after calling `init_weights` of SVTR  

encoder.blocks2.1.norm2.weight - torch.Size([256]): 
The value is the same before and after calling `init_weights` of SVTR  

encoder.blocks2.1.norm2.bias - torch.Size([256]): 
The value is the same before and after calling `init_weights` of SVTR  

encoder.blocks2.1.mlp.fc1.weight - torch.Size([1024, 256]): 
The value is the same before and after calling `init_weights` of SVTR  

encoder.blocks2.1.mlp.fc1.bias - torch.Size([1024]): 
The value is the same before and after calling `init_weights` of SVTR  

encoder.blocks2.1.mlp.fc2.weight - torch.Size([256, 1024]): 
The value is the same before and after calling `init_weights` of SVTR  

encoder.blocks2.1.mlp.fc2.bias - torch.Size([256]): 
The value is the same before and after calling `init_weights` of SVTR  

encoder.blocks2.2.norm1.weight - torch.Size([256]): 
The value is the same before and after calling `init_weights` of SVTR  

encoder.blocks2.2.norm1.bias - torch.Size([256]): 
The value is the same before and after calling `init_weights` of SVTR  

encoder.blocks2.2.mixer.qkv.weight - torch.Size([768, 256]): 
The value is the same before and after calling `init_weights` of SVTR  

encoder.blocks2.2.mixer.qkv.bias - torch.Size([768]): 
The value is the same before and after calling `init_weights` of SVTR  

encoder.blocks2.2.mixer.proj.weight - torch.Size([256, 256]): 
The value is the same before and after calling `init_weights` of SVTR  

encoder.blocks2.2.mixer.proj.bias - torch.Size([256]): 
The value is the same before and after calling `init_weights` of SVTR  

encoder.blocks2.2.norm2.weight - torch.Size([256]): 
The value is the same before and after calling `init_weights` of SVTR  

encoder.blocks2.2.norm2.bias - torch.Size([256]): 
The value is the same before and after calling `init_weights` of SVTR  

encoder.blocks2.2.mlp.fc1.weight - torch.Size([1024, 256]): 
The value is the same before and after calling `init_weights` of SVTR  

encoder.blocks2.2.mlp.fc1.bias - torch.Size([1024]): 
The value is the same before and after calling `init_weights` of SVTR  

encoder.blocks2.2.mlp.fc2.weight - torch.Size([256, 1024]): 
The value is the same before and after calling `init_weights` of SVTR  

encoder.blocks2.2.mlp.fc2.bias - torch.Size([256]): 
The value is the same before and after calling `init_weights` of SVTR  

encoder.blocks2.3.norm1.weight - torch.Size([256]): 
The value is the same before and after calling `init_weights` of SVTR  

encoder.blocks2.3.norm1.bias - torch.Size([256]): 
The value is the same before and after calling `init_weights` of SVTR  

encoder.blocks2.3.mixer.qkv.weight - torch.Size([768, 256]): 
The value is the same before and after calling `init_weights` of SVTR  

encoder.blocks2.3.mixer.qkv.bias - torch.Size([768]): 
The value is the same before and after calling `init_weights` of SVTR  

encoder.blocks2.3.mixer.proj.weight - torch.Size([256, 256]): 
The value is the same before and after calling `init_weights` of SVTR  

encoder.blocks2.3.mixer.proj.bias - torch.Size([256]): 
The value is the same before and after calling `init_weights` of SVTR  

encoder.blocks2.3.norm2.weight - torch.Size([256]): 
The value is the same before and after calling `init_weights` of SVTR  

encoder.blocks2.3.norm2.bias - torch.Size([256]): 
The value is the same before and after calling `init_weights` of SVTR  

encoder.blocks2.3.mlp.fc1.weight - torch.Size([1024, 256]): 
The value is the same before and after calling `init_weights` of SVTR  

encoder.blocks2.3.mlp.fc1.bias - torch.Size([1024]): 
The value is the same before and after calling `init_weights` of SVTR  

encoder.blocks2.3.mlp.fc2.weight - torch.Size([256, 1024]): 
The value is the same before and after calling `init_weights` of SVTR  

encoder.blocks2.3.mlp.fc2.bias - torch.Size([256]): 
The value is the same before and after calling `init_weights` of SVTR  

encoder.blocks2.4.norm1.weight - torch.Size([256]): 
The value is the same before and after calling `init_weights` of SVTR  

encoder.blocks2.4.norm1.bias - torch.Size([256]): 
The value is the same before and after calling `init_weights` of SVTR  

encoder.blocks2.4.mixer.qkv.weight - torch.Size([768, 256]): 
The value is the same before and after calling `init_weights` of SVTR  

encoder.blocks2.4.mixer.qkv.bias - torch.Size([768]): 
The value is the same before and after calling `init_weights` of SVTR  

encoder.blocks2.4.mixer.proj.weight - torch.Size([256, 256]): 
The value is the same before and after calling `init_weights` of SVTR  

encoder.blocks2.4.mixer.proj.bias - torch.Size([256]): 
The value is the same before and after calling `init_weights` of SVTR  

encoder.blocks2.4.norm2.weight - torch.Size([256]): 
The value is the same before and after calling `init_weights` of SVTR  

encoder.blocks2.4.norm2.bias - torch.Size([256]): 
The value is the same before and after calling `init_weights` of SVTR  

encoder.blocks2.4.mlp.fc1.weight - torch.Size([1024, 256]): 
The value is the same before and after calling `init_weights` of SVTR  

encoder.blocks2.4.mlp.fc1.bias - torch.Size([1024]): 
The value is the same before and after calling `init_weights` of SVTR  

encoder.blocks2.4.mlp.fc2.weight - torch.Size([256, 1024]): 
The value is the same before and after calling `init_weights` of SVTR  

encoder.blocks2.4.mlp.fc2.bias - torch.Size([256]): 
The value is the same before and after calling `init_weights` of SVTR  

encoder.blocks2.5.norm1.weight - torch.Size([256]): 
The value is the same before and after calling `init_weights` of SVTR  

encoder.blocks2.5.norm1.bias - torch.Size([256]): 
The value is the same before and after calling `init_weights` of SVTR  

encoder.blocks2.5.mixer.qkv.weight - torch.Size([768, 256]): 
The value is the same before and after calling `init_weights` of SVTR  

encoder.blocks2.5.mixer.qkv.bias - torch.Size([768]): 
The value is the same before and after calling `init_weights` of SVTR  

encoder.blocks2.5.mixer.proj.weight - torch.Size([256, 256]): 
The value is the same before and after calling `init_weights` of SVTR  

encoder.blocks2.5.mixer.proj.bias - torch.Size([256]): 
The value is the same before and after calling `init_weights` of SVTR  

encoder.blocks2.5.norm2.weight - torch.Size([256]): 
The value is the same before and after calling `init_weights` of SVTR  

encoder.blocks2.5.norm2.bias - torch.Size([256]): 
The value is the same before and after calling `init_weights` of SVTR  

encoder.blocks2.5.mlp.fc1.weight - torch.Size([1024, 256]): 
The value is the same before and after calling `init_weights` of SVTR  

encoder.blocks2.5.mlp.fc1.bias - torch.Size([1024]): 
The value is the same before and after calling `init_weights` of SVTR  

encoder.blocks2.5.mlp.fc2.weight - torch.Size([256, 1024]): 
The value is the same before and after calling `init_weights` of SVTR  

encoder.blocks2.5.mlp.fc2.bias - torch.Size([256]): 
The value is the same before and after calling `init_weights` of SVTR  

encoder.blocks2.6.norm1.weight - torch.Size([256]): 
The value is the same before and after calling `init_weights` of SVTR  

encoder.blocks2.6.norm1.bias - torch.Size([256]): 
The value is the same before and after calling `init_weights` of SVTR  

encoder.blocks2.6.mixer.qkv.weight - torch.Size([768, 256]): 
The value is the same before and after calling `init_weights` of SVTR  

encoder.blocks2.6.mixer.qkv.bias - torch.Size([768]): 
The value is the same before and after calling `init_weights` of SVTR  

encoder.blocks2.6.mixer.proj.weight - torch.Size([256, 256]): 
The value is the same before and after calling `init_weights` of SVTR  

encoder.blocks2.6.mixer.proj.bias - torch.Size([256]): 
The value is the same before and after calling `init_weights` of SVTR  

encoder.blocks2.6.norm2.weight - torch.Size([256]): 
The value is the same before and after calling `init_weights` of SVTR  

encoder.blocks2.6.norm2.bias - torch.Size([256]): 
The value is the same before and after calling `init_weights` of SVTR  

encoder.blocks2.6.mlp.fc1.weight - torch.Size([1024, 256]): 
The value is the same before and after calling `init_weights` of SVTR  

encoder.blocks2.6.mlp.fc1.bias - torch.Size([1024]): 
The value is the same before and after calling `init_weights` of SVTR  

encoder.blocks2.6.mlp.fc2.weight - torch.Size([256, 1024]): 
The value is the same before and after calling `init_weights` of SVTR  

encoder.blocks2.6.mlp.fc2.bias - torch.Size([256]): 
The value is the same before and after calling `init_weights` of SVTR  

encoder.blocks2.7.norm1.weight - torch.Size([256]): 
The value is the same before and after calling `init_weights` of SVTR  

encoder.blocks2.7.norm1.bias - torch.Size([256]): 
The value is the same before and after calling `init_weights` of SVTR  

encoder.blocks2.7.mixer.qkv.weight - torch.Size([768, 256]): 
The value is the same before and after calling `init_weights` of SVTR  

encoder.blocks2.7.mixer.qkv.bias - torch.Size([768]): 
The value is the same before and after calling `init_weights` of SVTR  

encoder.blocks2.7.mixer.proj.weight - torch.Size([256, 256]): 
The value is the same before and after calling `init_weights` of SVTR  

encoder.blocks2.7.mixer.proj.bias - torch.Size([256]): 
The value is the same before and after calling `init_weights` of SVTR  

encoder.blocks2.7.norm2.weight - torch.Size([256]): 
The value is the same before and after calling `init_weights` of SVTR  

encoder.blocks2.7.norm2.bias - torch.Size([256]): 
The value is the same before and after calling `init_weights` of SVTR  

encoder.blocks2.7.mlp.fc1.weight - torch.Size([1024, 256]): 
The value is the same before and after calling `init_weights` of SVTR  

encoder.blocks2.7.mlp.fc1.bias - torch.Size([1024]): 
The value is the same before and after calling `init_weights` of SVTR  

encoder.blocks2.7.mlp.fc2.weight - torch.Size([256, 1024]): 
The value is the same before and after calling `init_weights` of SVTR  

encoder.blocks2.7.mlp.fc2.bias - torch.Size([256]): 
The value is the same before and after calling `init_weights` of SVTR  

encoder.blocks2.8.norm1.weight - torch.Size([256]): 
The value is the same before and after calling `init_weights` of SVTR  

encoder.blocks2.8.norm1.bias - torch.Size([256]): 
The value is the same before and after calling `init_weights` of SVTR  

encoder.blocks2.8.mixer.qkv.weight - torch.Size([768, 256]): 
The value is the same before and after calling `init_weights` of SVTR  

encoder.blocks2.8.mixer.qkv.bias - torch.Size([768]): 
The value is the same before and after calling `init_weights` of SVTR  

encoder.blocks2.8.mixer.proj.weight - torch.Size([256, 256]): 
The value is the same before and after calling `init_weights` of SVTR  

encoder.blocks2.8.mixer.proj.bias - torch.Size([256]): 
The value is the same before and after calling `init_weights` of SVTR  

encoder.blocks2.8.norm2.weight - torch.Size([256]): 
The value is the same before and after calling `init_weights` of SVTR  

encoder.blocks2.8.norm2.bias - torch.Size([256]): 
The value is the same before and after calling `init_weights` of SVTR  

encoder.blocks2.8.mlp.fc1.weight - torch.Size([1024, 256]): 
The value is the same before and after calling `init_weights` of SVTR  

encoder.blocks2.8.mlp.fc1.bias - torch.Size([1024]): 
The value is the same before and after calling `init_weights` of SVTR  

encoder.blocks2.8.mlp.fc2.weight - torch.Size([256, 1024]): 
The value is the same before and after calling `init_weights` of SVTR  

encoder.blocks2.8.mlp.fc2.bias - torch.Size([256]): 
The value is the same before and after calling `init_weights` of SVTR  

encoder.downsample2.conv.weight - torch.Size([512, 256, 3, 3]): 
The value is the same before and after calling `init_weights` of SVTR  

encoder.downsample2.conv.bias - torch.Size([512]): 
The value is the same before and after calling `init_weights` of SVTR  

encoder.downsample2.norm.weight - torch.Size([512]): 
The value is the same before and after calling `init_weights` of SVTR  

encoder.downsample2.norm.bias - torch.Size([512]): 
The value is the same before and after calling `init_weights` of SVTR  

encoder.blocks3.0.norm1.weight - torch.Size([512]): 
The value is the same before and after calling `init_weights` of SVTR  

encoder.blocks3.0.norm1.bias - torch.Size([512]): 
The value is the same before and after calling `init_weights` of SVTR  

encoder.blocks3.0.mixer.qkv.weight - torch.Size([1536, 512]): 
The value is the same before and after calling `init_weights` of SVTR  

encoder.blocks3.0.mixer.qkv.bias - torch.Size([1536]): 
The value is the same before and after calling `init_weights` of SVTR  

encoder.blocks3.0.mixer.proj.weight - torch.Size([512, 512]): 
The value is the same before and after calling `init_weights` of SVTR  

encoder.blocks3.0.mixer.proj.bias - torch.Size([512]): 
The value is the same before and after calling `init_weights` of SVTR  

encoder.blocks3.0.norm2.weight - torch.Size([512]): 
The value is the same before and after calling `init_weights` of SVTR  

encoder.blocks3.0.norm2.bias - torch.Size([512]): 
The value is the same before and after calling `init_weights` of SVTR  

encoder.blocks3.0.mlp.fc1.weight - torch.Size([2048, 512]): 
The value is the same before and after calling `init_weights` of SVTR  

encoder.blocks3.0.mlp.fc1.bias - torch.Size([2048]): 
The value is the same before and after calling `init_weights` of SVTR  

encoder.blocks3.0.mlp.fc2.weight - torch.Size([512, 2048]): 
The value is the same before and after calling `init_weights` of SVTR  

encoder.blocks3.0.mlp.fc2.bias - torch.Size([512]): 
The value is the same before and after calling `init_weights` of SVTR  

encoder.blocks3.1.norm1.weight - torch.Size([512]): 
The value is the same before and after calling `init_weights` of SVTR  

encoder.blocks3.1.norm1.bias - torch.Size([512]): 
The value is the same before and after calling `init_weights` of SVTR  

encoder.blocks3.1.mixer.qkv.weight - torch.Size([1536, 512]): 
The value is the same before and after calling `init_weights` of SVTR  

encoder.blocks3.1.mixer.qkv.bias - torch.Size([1536]): 
The value is the same before and after calling `init_weights` of SVTR  

encoder.blocks3.1.mixer.proj.weight - torch.Size([512, 512]): 
The value is the same before and after calling `init_weights` of SVTR  

encoder.blocks3.1.mixer.proj.bias - torch.Size([512]): 
The value is the same before and after calling `init_weights` of SVTR  

encoder.blocks3.1.norm2.weight - torch.Size([512]): 
The value is the same before and after calling `init_weights` of SVTR  

encoder.blocks3.1.norm2.bias - torch.Size([512]): 
The value is the same before and after calling `init_weights` of SVTR  

encoder.blocks3.1.mlp.fc1.weight - torch.Size([2048, 512]): 
The value is the same before and after calling `init_weights` of SVTR  

encoder.blocks3.1.mlp.fc1.bias - torch.Size([2048]): 
The value is the same before and after calling `init_weights` of SVTR  

encoder.blocks3.1.mlp.fc2.weight - torch.Size([512, 2048]): 
The value is the same before and after calling `init_weights` of SVTR  

encoder.blocks3.1.mlp.fc2.bias - torch.Size([512]): 
The value is the same before and after calling `init_weights` of SVTR  

encoder.blocks3.2.norm1.weight - torch.Size([512]): 
The value is the same before and after calling `init_weights` of SVTR  

encoder.blocks3.2.norm1.bias - torch.Size([512]): 
The value is the same before and after calling `init_weights` of SVTR  

encoder.blocks3.2.mixer.qkv.weight - torch.Size([1536, 512]): 
The value is the same before and after calling `init_weights` of SVTR  

encoder.blocks3.2.mixer.qkv.bias - torch.Size([1536]): 
The value is the same before and after calling `init_weights` of SVTR  

encoder.blocks3.2.mixer.proj.weight - torch.Size([512, 512]): 
The value is the same before and after calling `init_weights` of SVTR  

encoder.blocks3.2.mixer.proj.bias - torch.Size([512]): 
The value is the same before and after calling `init_weights` of SVTR  

encoder.blocks3.2.norm2.weight - torch.Size([512]): 
The value is the same before and after calling `init_weights` of SVTR  

encoder.blocks3.2.norm2.bias - torch.Size([512]): 
The value is the same before and after calling `init_weights` of SVTR  

encoder.blocks3.2.mlp.fc1.weight - torch.Size([2048, 512]): 
The value is the same before and after calling `init_weights` of SVTR  

encoder.blocks3.2.mlp.fc1.bias - torch.Size([2048]): 
The value is the same before and after calling `init_weights` of SVTR  

encoder.blocks3.2.mlp.fc2.weight - torch.Size([512, 2048]): 
The value is the same before and after calling `init_weights` of SVTR  

encoder.blocks3.2.mlp.fc2.bias - torch.Size([512]): 
The value is the same before and after calling `init_weights` of SVTR  

encoder.blocks3.3.norm1.weight - torch.Size([512]): 
The value is the same before and after calling `init_weights` of SVTR  

encoder.blocks3.3.norm1.bias - torch.Size([512]): 
The value is the same before and after calling `init_weights` of SVTR  

encoder.blocks3.3.mixer.qkv.weight - torch.Size([1536, 512]): 
The value is the same before and after calling `init_weights` of SVTR  

encoder.blocks3.3.mixer.qkv.bias - torch.Size([1536]): 
The value is the same before and after calling `init_weights` of SVTR  

encoder.blocks3.3.mixer.proj.weight - torch.Size([512, 512]): 
The value is the same before and after calling `init_weights` of SVTR  

encoder.blocks3.3.mixer.proj.bias - torch.Size([512]): 
The value is the same before and after calling `init_weights` of SVTR  

encoder.blocks3.3.norm2.weight - torch.Size([512]): 
The value is the same before and after calling `init_weights` of SVTR  

encoder.blocks3.3.norm2.bias - torch.Size([512]): 
The value is the same before and after calling `init_weights` of SVTR  

encoder.blocks3.3.mlp.fc1.weight - torch.Size([2048, 512]): 
The value is the same before and after calling `init_weights` of SVTR  

encoder.blocks3.3.mlp.fc1.bias - torch.Size([2048]): 
The value is the same before and after calling `init_weights` of SVTR  

encoder.blocks3.3.mlp.fc2.weight - torch.Size([512, 2048]): 
The value is the same before and after calling `init_weights` of SVTR  

encoder.blocks3.3.mlp.fc2.bias - torch.Size([512]): 
The value is the same before and after calling `init_weights` of SVTR  

encoder.blocks3.4.norm1.weight - torch.Size([512]): 
The value is the same before and after calling `init_weights` of SVTR  

encoder.blocks3.4.norm1.bias - torch.Size([512]): 
The value is the same before and after calling `init_weights` of SVTR  

encoder.blocks3.4.mixer.qkv.weight - torch.Size([1536, 512]): 
The value is the same before and after calling `init_weights` of SVTR  

encoder.blocks3.4.mixer.qkv.bias - torch.Size([1536]): 
The value is the same before and after calling `init_weights` of SVTR  

encoder.blocks3.4.mixer.proj.weight - torch.Size([512, 512]): 
The value is the same before and after calling `init_weights` of SVTR  

encoder.blocks3.4.mixer.proj.bias - torch.Size([512]): 
The value is the same before and after calling `init_weights` of SVTR  

encoder.blocks3.4.norm2.weight - torch.Size([512]): 
The value is the same before and after calling `init_weights` of SVTR  

encoder.blocks3.4.norm2.bias - torch.Size([512]): 
The value is the same before and after calling `init_weights` of SVTR  

encoder.blocks3.4.mlp.fc1.weight - torch.Size([2048, 512]): 
The value is the same before and after calling `init_weights` of SVTR  

encoder.blocks3.4.mlp.fc1.bias - torch.Size([2048]): 
The value is the same before and after calling `init_weights` of SVTR  

encoder.blocks3.4.mlp.fc2.weight - torch.Size([512, 2048]): 
The value is the same before and after calling `init_weights` of SVTR  

encoder.blocks3.4.mlp.fc2.bias - torch.Size([512]): 
The value is the same before and after calling `init_weights` of SVTR  

encoder.blocks3.5.norm1.weight - torch.Size([512]): 
The value is the same before and after calling `init_weights` of SVTR  

encoder.blocks3.5.norm1.bias - torch.Size([512]): 
The value is the same before and after calling `init_weights` of SVTR  

encoder.blocks3.5.mixer.qkv.weight - torch.Size([1536, 512]): 
The value is the same before and after calling `init_weights` of SVTR  

encoder.blocks3.5.mixer.qkv.bias - torch.Size([1536]): 
The value is the same before and after calling `init_weights` of SVTR  

encoder.blocks3.5.mixer.proj.weight - torch.Size([512, 512]): 
The value is the same before and after calling `init_weights` of SVTR  

encoder.blocks3.5.mixer.proj.bias - torch.Size([512]): 
The value is the same before and after calling `init_weights` of SVTR  

encoder.blocks3.5.norm2.weight - torch.Size([512]): 
The value is the same before and after calling `init_weights` of SVTR  

encoder.blocks3.5.norm2.bias - torch.Size([512]): 
The value is the same before and after calling `init_weights` of SVTR  

encoder.blocks3.5.mlp.fc1.weight - torch.Size([2048, 512]): 
The value is the same before and after calling `init_weights` of SVTR  

encoder.blocks3.5.mlp.fc1.bias - torch.Size([2048]): 
The value is the same before and after calling `init_weights` of SVTR  

encoder.blocks3.5.mlp.fc2.weight - torch.Size([512, 2048]): 
The value is the same before and after calling `init_weights` of SVTR  

encoder.blocks3.5.mlp.fc2.bias - torch.Size([512]): 
The value is the same before and after calling `init_weights` of SVTR  

encoder.blocks3.6.norm1.weight - torch.Size([512]): 
The value is the same before and after calling `init_weights` of SVTR  

encoder.blocks3.6.norm1.bias - torch.Size([512]): 
The value is the same before and after calling `init_weights` of SVTR  

encoder.blocks3.6.mixer.qkv.weight - torch.Size([1536, 512]): 
The value is the same before and after calling `init_weights` of SVTR  

encoder.blocks3.6.mixer.qkv.bias - torch.Size([1536]): 
The value is the same before and after calling `init_weights` of SVTR  

encoder.blocks3.6.mixer.proj.weight - torch.Size([512, 512]): 
The value is the same before and after calling `init_weights` of SVTR  

encoder.blocks3.6.mixer.proj.bias - torch.Size([512]): 
The value is the same before and after calling `init_weights` of SVTR  

encoder.blocks3.6.norm2.weight - torch.Size([512]): 
The value is the same before and after calling `init_weights` of SVTR  

encoder.blocks3.6.norm2.bias - torch.Size([512]): 
The value is the same before and after calling `init_weights` of SVTR  

encoder.blocks3.6.mlp.fc1.weight - torch.Size([2048, 512]): 
The value is the same before and after calling `init_weights` of SVTR  

encoder.blocks3.6.mlp.fc1.bias - torch.Size([2048]): 
The value is the same before and after calling `init_weights` of SVTR  

encoder.blocks3.6.mlp.fc2.weight - torch.Size([512, 2048]): 
The value is the same before and after calling `init_weights` of SVTR  

encoder.blocks3.6.mlp.fc2.bias - torch.Size([512]): 
The value is the same before and after calling `init_weights` of SVTR  

encoder.blocks3.7.norm1.weight - torch.Size([512]): 
The value is the same before and after calling `init_weights` of SVTR  

encoder.blocks3.7.norm1.bias - torch.Size([512]): 
The value is the same before and after calling `init_weights` of SVTR  

encoder.blocks3.7.mixer.qkv.weight - torch.Size([1536, 512]): 
The value is the same before and after calling `init_weights` of SVTR  

encoder.blocks3.7.mixer.qkv.bias - torch.Size([1536]): 
The value is the same before and after calling `init_weights` of SVTR  

encoder.blocks3.7.mixer.proj.weight - torch.Size([512, 512]): 
The value is the same before and after calling `init_weights` of SVTR  

encoder.blocks3.7.mixer.proj.bias - torch.Size([512]): 
The value is the same before and after calling `init_weights` of SVTR  

encoder.blocks3.7.norm2.weight - torch.Size([512]): 
The value is the same before and after calling `init_weights` of SVTR  

encoder.blocks3.7.norm2.bias - torch.Size([512]): 
The value is the same before and after calling `init_weights` of SVTR  

encoder.blocks3.7.mlp.fc1.weight - torch.Size([2048, 512]): 
The value is the same before and after calling `init_weights` of SVTR  

encoder.blocks3.7.mlp.fc1.bias - torch.Size([2048]): 
The value is the same before and after calling `init_weights` of SVTR  

encoder.blocks3.7.mlp.fc2.weight - torch.Size([512, 2048]): 
The value is the same before and after calling `init_weights` of SVTR  

encoder.blocks3.7.mlp.fc2.bias - torch.Size([512]): 
The value is the same before and after calling `init_weights` of SVTR  

encoder.blocks3.8.norm1.weight - torch.Size([512]): 
The value is the same before and after calling `init_weights` of SVTR  

encoder.blocks3.8.norm1.bias - torch.Size([512]): 
The value is the same before and after calling `init_weights` of SVTR  

encoder.blocks3.8.mixer.qkv.weight - torch.Size([1536, 512]): 
The value is the same before and after calling `init_weights` of SVTR  

encoder.blocks3.8.mixer.qkv.bias - torch.Size([1536]): 
The value is the same before and after calling `init_weights` of SVTR  

encoder.blocks3.8.mixer.proj.weight - torch.Size([512, 512]): 
The value is the same before and after calling `init_weights` of SVTR  

encoder.blocks3.8.mixer.proj.bias - torch.Size([512]): 
The value is the same before and after calling `init_weights` of SVTR  

encoder.blocks3.8.norm2.weight - torch.Size([512]): 
The value is the same before and after calling `init_weights` of SVTR  

encoder.blocks3.8.norm2.bias - torch.Size([512]): 
The value is the same before and after calling `init_weights` of SVTR  

encoder.blocks3.8.mlp.fc1.weight - torch.Size([2048, 512]): 
The value is the same before and after calling `init_weights` of SVTR  

encoder.blocks3.8.mlp.fc1.bias - torch.Size([2048]): 
The value is the same before and after calling `init_weights` of SVTR  

encoder.blocks3.8.mlp.fc2.weight - torch.Size([512, 2048]): 
The value is the same before and after calling `init_weights` of SVTR  

encoder.blocks3.8.mlp.fc2.bias - torch.Size([512]): 
The value is the same before and after calling `init_weights` of SVTR  

encoder.layer_norm.weight - torch.Size([512]): 
The value is the same before and after calling `init_weights` of SVTR  

encoder.layer_norm.bias - torch.Size([512]): 
The value is the same before and after calling `init_weights` of SVTR  

encoder.last_conv.weight - torch.Size([384, 512, 1, 1]): 
The value is the same before and after calling `init_weights` of SVTR  

decoder.decoder.weight - torch.Size([5885, 384]): 
The value is the same before and after calling `init_weights` of SVTR  

decoder.decoder.bias - torch.Size([5885]): 
The value is the same before and after calling `init_weights` of SVTR  
2026/01/06 22:32:43 - mmengine - INFO - Auto resumed from the latest checkpoint /root/lanyun-tmp/mmocr/work_dirs/svtr-large_pretrain/epoch_15.pth.
2026/01/06 22:32:43 - mmengine - INFO - Load checkpoint from /root/lanyun-tmp/mmocr/work_dirs/svtr-large_pretrain/epoch_15.pth
2026/01/06 22:32:43 - mmengine - INFO - resumed epoch: 15, iter: 70300
2026/01/06 22:32:43 - mmengine - WARNING - "FileClient" will be deprecated in future. Please use io functions in https://mmengine.readthedocs.io/en/latest/api/fileio.html#file-io
2026/01/06 22:32:43 - mmengine - WARNING - "HardDiskBackend" is the alias of "LocalBackend" and the former will be deprecated in future.
2026/01/06 22:32:43 - mmengine - INFO - Checkpoints will be saved to /root/lanyun-tmp/mmocr/work_dirs/svtr-large_pretrain.
2026/01/06 22:33:13 - mmengine - INFO - Epoch(train) [16][  50/4668]  lr: 5.6524e-05  eta: 3:44:35  time: 0.4547  data_time: 0.0025  memory: 18271  loss: 0.2737  loss_ctc: 0.2737
2026/01/06 22:33:35 - mmengine - INFO - Epoch(train) [16][ 100/4668]  lr: 5.6340e-05  eta: 3:18:39  time: 0.4470  data_time: 0.0020  memory: 18271  loss: 0.2751  loss_ctc: 0.2751
2026/01/06 22:33:58 - mmengine - INFO - Epoch(train) [16][ 150/4668]  lr: 5.6156e-05  eta: 3:09:17  time: 0.4374  data_time: 0.0020  memory: 18271  loss: 0.3216  loss_ctc: 0.3216
2026/01/06 22:34:21 - mmengine - INFO - Epoch(train) [16][ 200/4668]  lr: 5.5972e-05  eta: 3:05:04  time: 0.4967  data_time: 0.0021  memory: 18271  loss: 0.3140  loss_ctc: 0.3140
2026/01/06 22:34:43 - mmengine - INFO - Epoch(train) [16][ 250/4668]  lr: 5.5789e-05  eta: 3:01:38  time: 0.4558  data_time: 0.0019  memory: 18271  loss: 0.3125  loss_ctc: 0.3125
2026/01/06 22:35:06 - mmengine - INFO - Epoch(train) [16][ 300/4668]  lr: 5.5605e-05  eta: 3:00:09  time: 0.4515  data_time: 0.0019  memory: 18271  loss: 0.3205  loss_ctc: 0.3205
2026/01/06 22:35:28 - mmengine - INFO - Epoch(train) [16][ 350/4668]  lr: 5.5422e-05  eta: 2:58:18  time: 0.4478  data_time: 0.0019  memory: 18271  loss: 0.2747  loss_ctc: 0.2747
2026/01/06 22:35:51 - mmengine - INFO - Epoch(train) [16][ 400/4668]  lr: 5.5239e-05  eta: 2:57:17  time: 0.4494  data_time: 0.0019  memory: 18271  loss: 0.3053  loss_ctc: 0.3053
2026/01/06 22:36:14 - mmengine - INFO - Epoch(train) [16][ 450/4668]  lr: 5.5056e-05  eta: 2:56:22  time: 0.4424  data_time: 0.0019  memory: 18271  loss: 0.3142  loss_ctc: 0.3142
2026/01/06 22:36:37 - mmengine - INFO - Epoch(train) [16][ 500/4668]  lr: 5.4873e-05  eta: 2:55:24  time: 0.4321  data_time: 0.0019  memory: 18271  loss: 0.3660  loss_ctc: 0.3660
2026/01/06 22:37:00 - mmengine - INFO - Epoch(train) [16][ 550/4668]  lr: 5.4691e-05  eta: 2:54:59  time: 0.4997  data_time: 0.0021  memory: 18271  loss: 0.3639  loss_ctc: 0.3639
2026/01/06 22:37:23 - mmengine - INFO - Epoch(train) [16][ 600/4668]  lr: 5.4509e-05  eta: 2:54:13  time: 0.4632  data_time: 0.0019  memory: 18271  loss: 0.3344  loss_ctc: 0.3344
2026/01/06 22:37:45 - mmengine - INFO - Epoch(train) [16][ 650/4668]  lr: 5.4327e-05  eta: 2:53:12  time: 0.4383  data_time: 0.0019  memory: 18271  loss: 0.3454  loss_ctc: 0.3454
2026/01/06 22:38:08 - mmengine - INFO - Exp name: svtr-large_pretrain_cn_scene_20260106_223149
2026/01/06 22:38:08 - mmengine - INFO - Epoch(train) [16][ 700/4668]  lr: 5.4145e-05  eta: 2:52:40  time: 0.4406  data_time: 0.0020  memory: 18271  loss: 0.3120  loss_ctc: 0.3120
2026/01/06 22:38:31 - mmengine - INFO - Epoch(train) [16][ 750/4668]  lr: 5.3964e-05  eta: 2:52:02  time: 0.4452  data_time: 0.0020  memory: 18271  loss: 0.3016  loss_ctc: 0.3016
2026/01/06 22:38:53 - mmengine - INFO - Epoch(train) [16][ 800/4668]  lr: 5.3782e-05  eta: 2:51:14  time: 0.4391  data_time: 0.0020  memory: 18271  loss: 0.3288  loss_ctc: 0.3288
2026/01/06 22:39:16 - mmengine - INFO - Epoch(train) [16][ 850/4668]  lr: 5.3601e-05  eta: 2:50:42  time: 0.4362  data_time: 0.0019  memory: 18271  loss: 0.2381  loss_ctc: 0.2381
2026/01/06 22:39:38 - mmengine - INFO - Epoch(train) [16][ 900/4668]  lr: 5.3421e-05  eta: 2:50:03  time: 0.4398  data_time: 0.0019  memory: 18271  loss: 0.2746  loss_ctc: 0.2746
2026/01/06 22:40:01 - mmengine - INFO - Epoch(train) [16][ 950/4668]  lr: 5.3240e-05  eta: 2:49:36  time: 0.4719  data_time: 0.0020  memory: 18271  loss: 0.3307  loss_ctc: 0.3307
2026/01/06 22:40:23 - mmengine - INFO - Epoch(train) [16][1000/4668]  lr: 5.3060e-05  eta: 2:49:00  time: 0.4725  data_time: 0.0022  memory: 18271  loss: 0.3158  loss_ctc: 0.3158
2026/01/06 22:40:46 - mmengine - INFO - Epoch(train) [16][1050/4668]  lr: 5.2879e-05  eta: 2:48:36  time: 0.4657  data_time: 0.0022  memory: 18271  loss: 0.3295  loss_ctc: 0.3295
2026/01/06 22:41:09 - mmengine - INFO - Epoch(train) [16][1100/4668]  lr: 5.2699e-05  eta: 2:48:15  time: 0.4471  data_time: 0.0019  memory: 18271  loss: 0.3013  loss_ctc: 0.3013
2026/01/06 22:41:32 - mmengine - INFO - Epoch(train) [16][1150/4668]  lr: 5.2520e-05  eta: 2:47:46  time: 0.4369  data_time: 0.0018  memory: 18271  loss: 0.3095  loss_ctc: 0.3095
2026/01/06 22:41:55 - mmengine - INFO - Epoch(train) [16][1200/4668]  lr: 5.2340e-05  eta: 2:47:17  time: 0.4800  data_time: 0.0022  memory: 18271  loss: 0.3010  loss_ctc: 0.3010
2026/01/06 22:42:17 - mmengine - INFO - Epoch(train) [16][1250/4668]  lr: 5.2161e-05  eta: 2:46:49  time: 0.4457  data_time: 0.0021  memory: 18271  loss: 0.3682  loss_ctc: 0.3682
2026/01/06 22:42:40 - mmengine - INFO - Epoch(train) [16][1300/4668]  lr: 5.1982e-05  eta: 2:46:22  time: 0.4494  data_time: 0.0019  memory: 18271  loss: 0.3417  loss_ctc: 0.3417
2026/01/06 22:43:03 - mmengine - INFO - Epoch(train) [16][1350/4668]  lr: 5.1803e-05  eta: 2:45:58  time: 0.4720  data_time: 0.0022  memory: 18271  loss: 0.3111  loss_ctc: 0.3111
2026/01/06 22:43:26 - mmengine - INFO - Epoch(train) [16][1400/4668]  lr: 5.1625e-05  eta: 2:45:30  time: 0.4555  data_time: 0.0019  memory: 18271  loss: 0.3240  loss_ctc: 0.3240
2026/01/06 22:43:49 - mmengine - INFO - Epoch(train) [16][1450/4668]  lr: 5.1446e-05  eta: 2:45:08  time: 0.4623  data_time: 0.0021  memory: 18271  loss: 0.3720  loss_ctc: 0.3720
2026/01/06 22:44:12 - mmengine - INFO - Epoch(train) [16][1500/4668]  lr: 5.1268e-05  eta: 2:44:45  time: 0.4778  data_time: 0.0021  memory: 18271  loss: 0.3203  loss_ctc: 0.3203
2026/01/06 22:44:34 - mmengine - INFO - Epoch(train) [16][1550/4668]  lr: 5.1090e-05  eta: 2:44:16  time: 0.4373  data_time: 0.0019  memory: 18271  loss: 0.3741  loss_ctc: 0.3741
2026/01/06 22:44:57 - mmengine - INFO - Epoch(train) [16][1600/4668]  lr: 5.0913e-05  eta: 2:43:48  time: 0.4373  data_time: 0.0019  memory: 18271  loss: 0.3335  loss_ctc: 0.3335
2026/01/06 22:45:19 - mmengine - INFO - Epoch(train) [16][1650/4668]  lr: 5.0735e-05  eta: 2:43:23  time: 0.4607  data_time: 0.0021  memory: 18271  loss: 0.3271  loss_ctc: 0.3271
2026/01/06 22:45:43 - mmengine - INFO - Exp name: svtr-large_pretrain_cn_scene_20260106_223149
2026/01/06 22:45:43 - mmengine - INFO - Epoch(train) [16][1700/4668]  lr: 5.0558e-05  eta: 2:43:05  time: 0.4488  data_time: 0.0019  memory: 18271  loss: 0.3069  loss_ctc: 0.3069
2026/01/06 22:46:05 - mmengine - INFO - Epoch(train) [16][1750/4668]  lr: 5.0381e-05  eta: 2:42:38  time: 0.4603  data_time: 0.0019  memory: 18271  loss: 0.3056  loss_ctc: 0.3056
2026/01/06 22:46:28 - mmengine - INFO - Epoch(train) [16][1800/4668]  lr: 5.0204e-05  eta: 2:42:09  time: 0.4551  data_time: 0.0019  memory: 18271  loss: 0.2848  loss_ctc: 0.2848
2026/01/06 22:46:50 - mmengine - INFO - Epoch(train) [16][1850/4668]  lr: 5.0028e-05  eta: 2:41:46  time: 0.4659  data_time: 0.0019  memory: 18271  loss: 0.3636  loss_ctc: 0.3636
2026/01/06 22:47:13 - mmengine - INFO - Epoch(train) [16][1900/4668]  lr: 4.9851e-05  eta: 2:41:19  time: 0.4393  data_time: 0.0020  memory: 18271  loss: 0.3318  loss_ctc: 0.3318
2026/01/06 22:47:36 - mmengine - INFO - Epoch(train) [16][1950/4668]  lr: 4.9675e-05  eta: 2:40:56  time: 0.4447  data_time: 0.0020  memory: 18271  loss: 0.3038  loss_ctc: 0.3038
2026/01/06 22:47:59 - mmengine - INFO - Epoch(train) [16][2000/4668]  lr: 4.9500e-05  eta: 2:40:31  time: 0.4518  data_time: 0.0020  memory: 18271  loss: 0.3627  loss_ctc: 0.3627
2026/01/06 22:48:21 - mmengine - INFO - Epoch(train) [16][2050/4668]  lr: 4.9324e-05  eta: 2:40:08  time: 0.4415  data_time: 0.0019  memory: 18271  loss: 0.3013  loss_ctc: 0.3013
2026/01/06 22:48:44 - mmengine - INFO - Epoch(train) [16][2100/4668]  lr: 4.9149e-05  eta: 2:39:44  time: 0.4504  data_time: 0.0019  memory: 18271  loss: 0.3696  loss_ctc: 0.3696
2026/01/06 22:49:07 - mmengine - INFO - Epoch(train) [16][2150/4668]  lr: 4.8974e-05  eta: 2:39:20  time: 0.4604  data_time: 0.0020  memory: 18271  loss: 0.3563  loss_ctc: 0.3563
2026/01/06 22:49:29 - mmengine - INFO - Epoch(train) [16][2200/4668]  lr: 4.8799e-05  eta: 2:38:53  time: 0.4443  data_time: 0.0020  memory: 18271  loss: 0.3313  loss_ctc: 0.3313
2026/01/06 22:49:52 - mmengine - INFO - Epoch(train) [16][2250/4668]  lr: 4.8624e-05  eta: 2:38:27  time: 0.4353  data_time: 0.0020  memory: 18271  loss: 0.2846  loss_ctc: 0.2846
2026/01/06 22:50:15 - mmengine - INFO - Epoch(train) [16][2300/4668]  lr: 4.8450e-05  eta: 2:38:05  time: 0.4488  data_time: 0.0019  memory: 18271  loss: 0.2782  loss_ctc: 0.2782
2026/01/06 22:50:38 - mmengine - INFO - Epoch(train) [16][2350/4668]  lr: 4.8276e-05  eta: 2:37:42  time: 0.4604  data_time: 0.0022  memory: 18271  loss: 0.3249  loss_ctc: 0.3249
2026/01/06 22:51:00 - mmengine - INFO - Epoch(train) [16][2400/4668]  lr: 4.8102e-05  eta: 2:37:18  time: 0.4650  data_time: 0.0019  memory: 18271  loss: 0.3245  loss_ctc: 0.3245
2026/01/06 22:51:23 - mmengine - INFO - Epoch(train) [16][2450/4668]  lr: 4.7928e-05  eta: 2:36:53  time: 0.4358  data_time: 0.0019  memory: 18271  loss: 0.3670  loss_ctc: 0.3670
2026/01/06 22:51:46 - mmengine - INFO - Epoch(train) [16][2500/4668]  lr: 4.7755e-05  eta: 2:36:31  time: 0.4563  data_time: 0.0023  memory: 18271  loss: 0.2769  loss_ctc: 0.2769
2026/01/06 22:52:08 - mmengine - INFO - Epoch(train) [16][2550/4668]  lr: 4.7581e-05  eta: 2:36:05  time: 0.4604  data_time: 0.0020  memory: 18271  loss: 0.3064  loss_ctc: 0.3064
2026/01/06 22:52:31 - mmengine - INFO - Epoch(train) [16][2600/4668]  lr: 4.7408e-05  eta: 2:35:43  time: 0.4672  data_time: 0.0019  memory: 18271  loss: 0.4027  loss_ctc: 0.4027
2026/01/06 22:52:54 - mmengine - INFO - Epoch(train) [16][2650/4668]  lr: 4.7236e-05  eta: 2:35:18  time: 0.4541  data_time: 0.0020  memory: 18271  loss: 0.3498  loss_ctc: 0.3498
2026/01/06 22:53:17 - mmengine - INFO - Exp name: svtr-large_pretrain_cn_scene_20260106_223149
2026/01/06 22:53:17 - mmengine - INFO - Epoch(train) [16][2700/4668]  lr: 4.7063e-05  eta: 2:34:54  time: 0.4606  data_time: 0.0020  memory: 18271  loss: 0.3013  loss_ctc: 0.3013
2026/01/06 22:53:39 - mmengine - INFO - Epoch(train) [16][2750/4668]  lr: 4.6891e-05  eta: 2:34:32  time: 0.4756  data_time: 0.0020  memory: 18271  loss: 0.3870  loss_ctc: 0.3870
2026/01/06 22:54:02 - mmengine - INFO - Epoch(train) [16][2800/4668]  lr: 4.6719e-05  eta: 2:34:08  time: 0.4483  data_time: 0.0019  memory: 18271  loss: 0.2748  loss_ctc: 0.2748
2026/01/06 22:54:25 - mmengine - INFO - Epoch(train) [16][2850/4668]  lr: 4.6547e-05  eta: 2:33:44  time: 0.4490  data_time: 0.0020  memory: 18271  loss: 0.2708  loss_ctc: 0.2708
2026/01/06 22:54:48 - mmengine - INFO - Epoch(train) [16][2900/4668]  lr: 4.6376e-05  eta: 2:33:20  time: 0.4320  data_time: 0.0019  memory: 18271  loss: 0.3288  loss_ctc: 0.3288
2026/01/06 22:55:10 - mmengine - INFO - Epoch(train) [16][2950/4668]  lr: 4.6205e-05  eta: 2:32:57  time: 0.4411  data_time: 0.0019  memory: 18271  loss: 0.3415  loss_ctc: 0.3415
2026/01/06 22:55:33 - mmengine - INFO - Epoch(train) [16][3000/4668]  lr: 4.6034e-05  eta: 2:32:34  time: 0.4574  data_time: 0.0019  memory: 18271  loss: 0.3267  loss_ctc: 0.3267
2026/01/06 22:55:56 - mmengine - INFO - Epoch(train) [16][3050/4668]  lr: 4.5863e-05  eta: 2:32:11  time: 0.4636  data_time: 0.0019  memory: 18271  loss: 0.2927  loss_ctc: 0.2927
2026/01/06 22:56:18 - mmengine - INFO - Epoch(train) [16][3100/4668]  lr: 4.5692e-05  eta: 2:31:45  time: 0.4351  data_time: 0.0019  memory: 18271  loss: 0.2993  loss_ctc: 0.2993
2026/01/06 22:56:41 - mmengine - INFO - Epoch(train) [16][3150/4668]  lr: 4.5522e-05  eta: 2:31:21  time: 0.4745  data_time: 0.0020  memory: 18271  loss: 0.3233  loss_ctc: 0.3233
2026/01/06 22:57:04 - mmengine - INFO - Epoch(train) [16][3200/4668]  lr: 4.5352e-05  eta: 2:30:59  time: 0.4647  data_time: 0.0020  memory: 18271  loss: 0.3080  loss_ctc: 0.3080
2026/01/06 22:57:26 - mmengine - INFO - Epoch(train) [16][3250/4668]  lr: 4.5182e-05  eta: 2:30:35  time: 0.4460  data_time: 0.0020  memory: 18271  loss: 0.2757  loss_ctc: 0.2757
2026/01/06 22:57:49 - mmengine - INFO - Epoch(train) [16][3300/4668]  lr: 4.5013e-05  eta: 2:30:12  time: 0.4555  data_time: 0.0019  memory: 18271  loss: 0.3441  loss_ctc: 0.3441
2026/01/06 22:58:12 - mmengine - INFO - Epoch(train) [16][3350/4668]  lr: 4.4843e-05  eta: 2:29:50  time: 0.4434  data_time: 0.0019  memory: 18271  loss: 0.3705  loss_ctc: 0.3705
2026/01/06 22:58:35 - mmengine - INFO - Epoch(train) [16][3400/4668]  lr: 4.4674e-05  eta: 2:29:26  time: 0.4327  data_time: 0.0019  memory: 18271  loss: 0.3412  loss_ctc: 0.3412
2026/01/06 22:58:58 - mmengine - INFO - Epoch(train) [16][3450/4668]  lr: 4.4506e-05  eta: 2:29:03  time: 0.4715  data_time: 0.0019  memory: 18271  loss: 0.2940  loss_ctc: 0.2940
2026/01/06 22:59:20 - mmengine - INFO - Epoch(train) [16][3500/4668]  lr: 4.4337e-05  eta: 2:28:36  time: 0.4524  data_time: 0.0021  memory: 18271  loss: 0.2898  loss_ctc: 0.2898
2026/01/06 22:59:42 - mmengine - INFO - Epoch(train) [16][3550/4668]  lr: 4.4169e-05  eta: 2:28:12  time: 0.4278  data_time: 0.0019  memory: 18271  loss: 0.3300  loss_ctc: 0.3300
2026/01/06 23:00:05 - mmengine - INFO - Epoch(train) [16][3600/4668]  lr: 4.4001e-05  eta: 2:27:47  time: 0.4501  data_time: 0.0019  memory: 18271  loss: 0.3300  loss_ctc: 0.3300
2026/01/06 23:00:27 - mmengine - INFO - Epoch(train) [16][3650/4668]  lr: 4.3833e-05  eta: 2:27:24  time: 0.4697  data_time: 0.0021  memory: 18271  loss: 0.3132  loss_ctc: 0.3132
2026/01/06 23:00:50 - mmengine - INFO - Exp name: svtr-large_pretrain_cn_scene_20260106_223149
2026/01/06 23:00:50 - mmengine - INFO - Epoch(train) [16][3700/4668]  lr: 4.3666e-05  eta: 2:26:58  time: 0.4433  data_time: 0.0019  memory: 18271  loss: 0.2955  loss_ctc: 0.2955
2026/01/06 23:01:13 - mmengine - INFO - Epoch(train) [16][3750/4668]  lr: 4.3498e-05  eta: 2:26:36  time: 0.4475  data_time: 0.0019  memory: 18271  loss: 0.2891  loss_ctc: 0.2891
2026/01/06 23:01:35 - mmengine - INFO - Epoch(train) [16][3800/4668]  lr: 4.3331e-05  eta: 2:26:13  time: 0.4549  data_time: 0.0019  memory: 18271  loss: 0.2609  loss_ctc: 0.2609
2026/01/06 23:01:58 - mmengine - INFO - Epoch(train) [16][3850/4668]  lr: 4.3165e-05  eta: 2:25:50  time: 0.4538  data_time: 0.0020  memory: 18271  loss: 0.2810  loss_ctc: 0.2810
2026/01/06 23:02:21 - mmengine - INFO - Epoch(train) [16][3900/4668]  lr: 4.2998e-05  eta: 2:25:27  time: 0.4524  data_time: 0.0019  memory: 18271  loss: 0.2800  loss_ctc: 0.2800
2026/01/06 23:02:43 - mmengine - INFO - Epoch(train) [16][3950/4668]  lr: 4.2832e-05  eta: 2:25:04  time: 0.4790  data_time: 0.0020  memory: 18271  loss: 0.2968  loss_ctc: 0.2968
2026/01/06 23:03:06 - mmengine - INFO - Epoch(train) [16][4000/4668]  lr: 4.2666e-05  eta: 2:24:38  time: 0.4442  data_time: 0.0020  memory: 18271  loss: 0.3488  loss_ctc: 0.3488
2026/01/06 23:03:28 - mmengine - INFO - Epoch(train) [16][4050/4668]  lr: 4.2500e-05  eta: 2:24:15  time: 0.4515  data_time: 0.0019  memory: 18271  loss: 0.2894  loss_ctc: 0.2894
2026/01/06 23:03:51 - mmengine - INFO - Epoch(train) [16][4100/4668]  lr: 4.2335e-05  eta: 2:23:50  time: 0.4422  data_time: 0.0019  memory: 18271  loss: 0.3730  loss_ctc: 0.3730
2026/01/06 23:04:14 - mmengine - INFO - Epoch(train) [16][4150/4668]  lr: 4.2169e-05  eta: 2:23:28  time: 0.4391  data_time: 0.0019  memory: 18271  loss: 0.2853  loss_ctc: 0.2853
2026/01/06 23:04:36 - mmengine - INFO - Epoch(train) [16][4200/4668]  lr: 4.2004e-05  eta: 2:23:05  time: 0.4427  data_time: 0.0019  memory: 18271  loss: 0.2960  loss_ctc: 0.2960
2026/01/06 23:04:59 - mmengine - INFO - Epoch(train) [16][4250/4668]  lr: 4.1840e-05  eta: 2:22:42  time: 0.4604  data_time: 0.0020  memory: 18271  loss: 0.3655  loss_ctc: 0.3655
2026/01/06 23:05:22 - mmengine - INFO - Epoch(train) [16][4300/4668]  lr: 4.1675e-05  eta: 2:22:18  time: 0.4321  data_time: 0.0019  memory: 18271  loss: 0.3357  loss_ctc: 0.3357
2026/01/06 23:05:44 - mmengine - INFO - Epoch(train) [16][4350/4668]  lr: 4.1511e-05  eta: 2:21:54  time: 0.4802  data_time: 0.0021  memory: 18271  loss: 0.3643  loss_ctc: 0.3643
2026/01/06 23:06:07 - mmengine - INFO - Epoch(train) [16][4400/4668]  lr: 4.1347e-05  eta: 2:21:31  time: 0.4691  data_time: 0.0019  memory: 18271  loss: 0.3018  loss_ctc: 0.3018
2026/01/06 23:06:29 - mmengine - INFO - Epoch(train) [16][4450/4668]  lr: 4.1183e-05  eta: 2:21:07  time: 0.4495  data_time: 0.0019  memory: 18271  loss: 0.2702  loss_ctc: 0.2702
2026/01/06 23:06:52 - mmengine - INFO - Epoch(train) [16][4500/4668]  lr: 4.1020e-05  eta: 2:20:45  time: 0.4567  data_time: 0.0022  memory: 18271  loss: 0.3677  loss_ctc: 0.3677
2026/01/06 23:07:15 - mmengine - INFO - Epoch(train) [16][4550/4668]  lr: 4.0857e-05  eta: 2:20:22  time: 0.4552  data_time: 0.0019  memory: 18271  loss: 0.3007  loss_ctc: 0.3007
2026/01/06 23:07:37 - mmengine - INFO - Epoch(train) [16][4600/4668]  lr: 4.0694e-05  eta: 2:19:58  time: 0.4515  data_time: 0.0019  memory: 18271  loss: 0.3164  loss_ctc: 0.3164
2026/01/06 23:08:00 - mmengine - INFO - Epoch(train) [16][4650/4668]  lr: 4.0531e-05  eta: 2:19:35  time: 0.4507  data_time: 0.0021  memory: 18271  loss: 0.2858  loss_ctc: 0.2858
2026/01/06 23:08:09 - mmengine - INFO - Exp name: svtr-large_pretrain_cn_scene_20260106_223149
2026/01/06 23:08:09 - mmengine - INFO - Saving checkpoint at 16 epochs
2026/01/06 23:08:25 - mmengine - INFO - Epoch(val) [16][20/20]    PretrainCN/recog/word_acc: 0.9082  PretrainCN/recog/1-N.E.D: 0.9695  PretrainCN_holdout/recog/word_acc: 0.9064  PretrainCN_holdout/recog/1-N.E.D: 0.9723  data_time: 0.0588  time: 0.3836
2026/01/06 23:08:32 - mmengine - INFO - The best checkpoint with 0.9064 PretrainCN_holdout/recog/word_acc at 16 epoch is saved to best_PretrainCN_holdout_recog_word_acc_epoch_16.pth.
2026/01/06 23:08:39 - mmengine - INFO - The best checkpoint with 0.9723 PretrainCN_holdout/recog/1-N.E.D at 16 epoch is saved to best_PretrainCN_holdout_recog_1-N.E.D_epoch_16.pth.
2026/01/06 23:09:26 - mmengine - INFO - Exp name: svtr-large_pretrain_cn_scene_20260106_223149
2026/01/06 23:09:34 - mmengine - INFO - Epoch(train) [17][  50/4668]  lr: 4.0311e-05  eta: 2:19:19  time: 0.4522  data_time: 0.0019  memory: 18271  loss: 0.3443  loss_ctc: 0.3443
2026/01/06 23:09:57 - mmengine - INFO - Epoch(train) [17][ 100/4668]  lr: 4.0149e-05  eta: 2:18:55  time: 0.4379  data_time: 0.0019  memory: 18271  loss: 0.3614  loss_ctc: 0.3614
2026/01/06 23:10:19 - mmengine - INFO - Epoch(train) [17][ 150/4668]  lr: 3.9987e-05  eta: 2:18:31  time: 0.4594  data_time: 0.0024  memory: 18271  loss: 0.3291  loss_ctc: 0.3291
2026/01/06 23:10:42 - mmengine - INFO - Epoch(train) [17][ 200/4668]  lr: 3.9825e-05  eta: 2:18:08  time: 0.4443  data_time: 0.0020  memory: 18271  loss: 0.2694  loss_ctc: 0.2694
2026/01/06 23:11:04 - mmengine - INFO - Epoch(train) [17][ 250/4668]  lr: 3.9664e-05  eta: 2:17:45  time: 0.4465  data_time: 0.0020  memory: 18271  loss: 0.2948  loss_ctc: 0.2948
2026/01/06 23:11:27 - mmengine - INFO - Epoch(train) [17][ 300/4668]  lr: 3.9503e-05  eta: 2:17:22  time: 0.4748  data_time: 0.0020  memory: 18271  loss: 0.3264  loss_ctc: 0.3264
2026/01/06 23:11:50 - mmengine - INFO - Epoch(train) [17][ 350/4668]  lr: 3.9343e-05  eta: 2:16:59  time: 0.4457  data_time: 0.0020  memory: 18271  loss: 0.2906  loss_ctc: 0.2906
2026/01/06 23:12:13 - mmengine - INFO - Epoch(train) [17][ 400/4668]  lr: 3.9182e-05  eta: 2:16:36  time: 0.4458  data_time: 0.0019  memory: 18271  loss: 0.3029  loss_ctc: 0.3029
2026/01/06 23:12:35 - mmengine - INFO - Epoch(train) [17][ 450/4668]  lr: 3.9022e-05  eta: 2:16:12  time: 0.4668  data_time: 0.0020  memory: 18271  loss: 0.3126  loss_ctc: 0.3126
2026/01/06 23:12:58 - mmengine - INFO - Epoch(train) [17][ 500/4668]  lr: 3.8862e-05  eta: 2:15:48  time: 0.4307  data_time: 0.0020  memory: 18271  loss: 0.2830  loss_ctc: 0.2830
2026/01/06 23:13:20 - mmengine - INFO - Epoch(train) [17][ 550/4668]  lr: 3.8703e-05  eta: 2:15:25  time: 0.4372  data_time: 0.0021  memory: 18271  loss: 0.3334  loss_ctc: 0.3334
2026/01/06 23:13:43 - mmengine - INFO - Epoch(train) [17][ 600/4668]  lr: 3.8543e-05  eta: 2:15:01  time: 0.4488  data_time: 0.0019  memory: 18271  loss: 0.3014  loss_ctc: 0.3014
2026/01/06 23:14:05 - mmengine - INFO - Epoch(train) [17][ 650/4668]  lr: 3.8384e-05  eta: 2:14:38  time: 0.4404  data_time: 0.0019  memory: 18271  loss: 0.3288  loss_ctc: 0.3288
2026/01/06 23:14:28 - mmengine - INFO - Epoch(train) [17][ 700/4668]  lr: 3.8225e-05  eta: 2:14:15  time: 0.4546  data_time: 0.0019  memory: 18271  loss: 0.2877  loss_ctc: 0.2877
2026/01/06 23:14:51 - mmengine - INFO - Epoch(train) [17][ 750/4668]  lr: 3.8067e-05  eta: 2:13:52  time: 0.4483  data_time: 0.0020  memory: 18271  loss: 0.3563  loss_ctc: 0.3563
2026/01/06 23:15:14 - mmengine - INFO - Epoch(train) [17][ 800/4668]  lr: 3.7909e-05  eta: 2:13:29  time: 0.4392  data_time: 0.0019  memory: 18271  loss: 0.2815  loss_ctc: 0.2815
2026/01/06 23:15:36 - mmengine - INFO - Epoch(train) [17][ 850/4668]  lr: 3.7751e-05  eta: 2:13:06  time: 0.4505  data_time: 0.0020  memory: 18271  loss: 0.2682  loss_ctc: 0.2682
2026/01/06 23:15:59 - mmengine - INFO - Epoch(train) [17][ 900/4668]  lr: 3.7593e-05  eta: 2:12:43  time: 0.4647  data_time: 0.0021  memory: 18271  loss: 0.2775  loss_ctc: 0.2775
2026/01/06 23:16:22 - mmengine - INFO - Epoch(train) [17][ 950/4668]  lr: 3.7435e-05  eta: 2:12:20  time: 0.4506  data_time: 0.0021  memory: 18271  loss: 0.3344  loss_ctc: 0.3344
2026/01/06 23:16:44 - mmengine - INFO - Epoch(train) [17][1000/4668]  lr: 3.7278e-05  eta: 2:11:57  time: 0.4462  data_time: 0.0021  memory: 18271  loss: 0.2996  loss_ctc: 0.2996
2026/01/06 23:16:59 - mmengine - INFO - Exp name: svtr-large_pretrain_cn_scene_20260106_223149
2026/01/06 23:17:07 - mmengine - INFO - Epoch(train) [17][1050/4668]  lr: 3.7121e-05  eta: 2:11:33  time: 0.4474  data_time: 0.0020  memory: 18271  loss: 0.3585  loss_ctc: 0.3585
2026/01/06 23:17:30 - mmengine - INFO - Epoch(train) [17][1100/4668]  lr: 3.6965e-05  eta: 2:11:12  time: 0.4497  data_time: 0.0020  memory: 18271  loss: 0.3335  loss_ctc: 0.3335
2026/01/06 23:17:53 - mmengine - INFO - Epoch(train) [17][1150/4668]  lr: 3.6808e-05  eta: 2:10:50  time: 0.4806  data_time: 0.0021  memory: 18271  loss: 0.3396  loss_ctc: 0.3396
2026/01/06 23:18:16 - mmengine - INFO - Epoch(train) [17][1200/4668]  lr: 3.6652e-05  eta: 2:10:27  time: 0.4548  data_time: 0.0020  memory: 18271  loss: 0.3209  loss_ctc: 0.3209
2026/01/06 23:18:39 - mmengine - INFO - Epoch(train) [17][1250/4668]  lr: 3.6496e-05  eta: 2:10:04  time: 0.4670  data_time: 0.0020  memory: 18271  loss: 0.3241  loss_ctc: 0.3241
2026/01/06 23:19:01 - mmengine - INFO - Epoch(train) [17][1300/4668]  lr: 3.6341e-05  eta: 2:09:42  time: 0.4736  data_time: 0.0021  memory: 18271  loss: 0.3117  loss_ctc: 0.3117
2026/01/06 23:19:24 - mmengine - INFO - Epoch(train) [17][1350/4668]  lr: 3.6186e-05  eta: 2:09:18  time: 0.4652  data_time: 0.0020  memory: 18271  loss: 0.3081  loss_ctc: 0.3081
2026/01/06 23:19:46 - mmengine - INFO - Epoch(train) [17][1400/4668]  lr: 3.6031e-05  eta: 2:08:54  time: 0.4516  data_time: 0.0020  memory: 18271  loss: 0.2959  loss_ctc: 0.2959
2026/01/06 23:20:09 - mmengine - INFO - Epoch(train) [17][1450/4668]  lr: 3.5876e-05  eta: 2:08:32  time: 0.4588  data_time: 0.0019  memory: 18271  loss: 0.3307  loss_ctc: 0.3307
2026/01/06 23:20:32 - mmengine - INFO - Epoch(train) [17][1500/4668]  lr: 3.5721e-05  eta: 2:08:09  time: 0.4506  data_time: 0.0020  memory: 18271  loss: 0.3368  loss_ctc: 0.3368
2026/01/06 23:20:55 - mmengine - INFO - Epoch(train) [17][1550/4668]  lr: 3.5567e-05  eta: 2:07:47  time: 0.4517  data_time: 0.0019  memory: 18271  loss: 0.3657  loss_ctc: 0.3657
2026/01/06 23:21:17 - mmengine - INFO - Epoch(train) [17][1600/4668]  lr: 3.5413e-05  eta: 2:07:23  time: 0.4554  data_time: 0.0019  memory: 18271  loss: 0.2941  loss_ctc: 0.2941
2026/01/06 23:21:40 - mmengine - INFO - Epoch(train) [17][1650/4668]  lr: 3.5260e-05  eta: 2:07:00  time: 0.4648  data_time: 0.0020  memory: 18271  loss: 0.2999  loss_ctc: 0.2999
2026/01/06 23:22:03 - mmengine - INFO - Epoch(train) [17][1700/4668]  lr: 3.5107e-05  eta: 2:06:37  time: 0.4553  data_time: 0.0019  memory: 18271  loss: 0.3047  loss_ctc: 0.3047
2026/01/06 23:22:25 - mmengine - INFO - Epoch(train) [17][1750/4668]  lr: 3.4954e-05  eta: 2:06:13  time: 0.4393  data_time: 0.0019  memory: 18271  loss: 0.3209  loss_ctc: 0.3209
2026/01/06 23:22:48 - mmengine - INFO - Epoch(train) [17][1800/4668]  lr: 3.4801e-05  eta: 2:05:51  time: 0.4601  data_time: 0.0019  memory: 18271  loss: 0.3460  loss_ctc: 0.3460
2026/01/06 23:23:10 - mmengine - INFO - Epoch(train) [17][1850/4668]  lr: 3.4648e-05  eta: 2:05:27  time: 0.4340  data_time: 0.0019  memory: 18271  loss: 0.2291  loss_ctc: 0.2291
2026/01/06 23:23:33 - mmengine - INFO - Epoch(train) [17][1900/4668]  lr: 3.4496e-05  eta: 2:05:04  time: 0.4434  data_time: 0.0019  memory: 18271  loss: 0.3430  loss_ctc: 0.3430
2026/01/06 23:23:56 - mmengine - INFO - Epoch(train) [17][1950/4668]  lr: 3.4344e-05  eta: 2:04:41  time: 0.4445  data_time: 0.0019  memory: 18271  loss: 0.3236  loss_ctc: 0.3236
2026/01/06 23:24:18 - mmengine - INFO - Epoch(train) [17][2000/4668]  lr: 3.4193e-05  eta: 2:04:18  time: 0.4604  data_time: 0.0021  memory: 18271  loss: 0.2836  loss_ctc: 0.2836
2026/01/06 23:24:33 - mmengine - INFO - Exp name: svtr-large_pretrain_cn_scene_20260106_223149
2026/01/06 23:24:41 - mmengine - INFO - Epoch(train) [17][2050/4668]  lr: 3.4041e-05  eta: 2:03:54  time: 0.4534  data_time: 0.0019  memory: 18271  loss: 0.2815  loss_ctc: 0.2815
2026/01/06 23:25:03 - mmengine - INFO - Epoch(train) [17][2100/4668]  lr: 3.3890e-05  eta: 2:03:31  time: 0.4539  data_time: 0.0019  memory: 18271  loss: 0.3636  loss_ctc: 0.3636
2026/01/06 23:25:26 - mmengine - INFO - Epoch(train) [17][2150/4668]  lr: 3.3739e-05  eta: 2:03:08  time: 0.4552  data_time: 0.0022  memory: 18271  loss: 0.2531  loss_ctc: 0.2531
2026/01/06 23:25:48 - mmengine - INFO - Epoch(train) [17][2200/4668]  lr: 3.3589e-05  eta: 2:02:45  time: 0.4467  data_time: 0.0019  memory: 18271  loss: 0.3142  loss_ctc: 0.3142
2026/01/06 23:26:11 - mmengine - INFO - Epoch(train) [17][2250/4668]  lr: 3.3439e-05  eta: 2:02:22  time: 0.4375  data_time: 0.0019  memory: 18271  loss: 0.2907  loss_ctc: 0.2907
2026/01/06 23:26:34 - mmengine - INFO - Epoch(train) [17][2300/4668]  lr: 3.3289e-05  eta: 2:01:59  time: 0.4578  data_time: 0.0022  memory: 18271  loss: 0.2577  loss_ctc: 0.2577
2026/01/06 23:26:57 - mmengine - INFO - Epoch(train) [17][2350/4668]  lr: 3.3139e-05  eta: 2:01:36  time: 0.4678  data_time: 0.0020  memory: 18271  loss: 0.3038  loss_ctc: 0.3038
2026/01/06 23:27:19 - mmengine - INFO - Epoch(train) [17][2400/4668]  lr: 3.2990e-05  eta: 2:01:14  time: 0.4533  data_time: 0.0020  memory: 18271  loss: 0.3172  loss_ctc: 0.3172
2026/01/06 23:27:42 - mmengine - INFO - Epoch(train) [17][2450/4668]  lr: 3.2841e-05  eta: 2:00:51  time: 0.4649  data_time: 0.0020  memory: 18271  loss: 0.3130  loss_ctc: 0.3130
2026/01/06 23:28:05 - mmengine - INFO - Epoch(train) [17][2500/4668]  lr: 3.2692e-05  eta: 2:00:28  time: 0.4420  data_time: 0.0021  memory: 18271  loss: 0.2742  loss_ctc: 0.2742
2026/01/06 23:28:28 - mmengine - INFO - Epoch(train) [17][2550/4668]  lr: 3.2543e-05  eta: 2:00:06  time: 0.4593  data_time: 0.0020  memory: 18271  loss: 0.3222  loss_ctc: 0.3222
2026/01/06 23:28:51 - mmengine - INFO - Epoch(train) [17][2600/4668]  lr: 3.2395e-05  eta: 1:59:43  time: 0.4561  data_time: 0.0020  memory: 18271  loss: 0.3016  loss_ctc: 0.3016
2026/01/06 23:29:14 - mmengine - INFO - Epoch(train) [17][2650/4668]  lr: 3.2247e-05  eta: 1:59:21  time: 0.4580  data_time: 0.0019  memory: 18271  loss: 0.2562  loss_ctc: 0.2562
2026/01/06 23:29:37 - mmengine - INFO - Epoch(train) [17][2700/4668]  lr: 3.2100e-05  eta: 1:58:58  time: 0.4454  data_time: 0.0019  memory: 18271  loss: 0.2547  loss_ctc: 0.2547
2026/01/06 23:29:59 - mmengine - INFO - Epoch(train) [17][2750/4668]  lr: 3.1952e-05  eta: 1:58:36  time: 0.4702  data_time: 0.0020  memory: 18271  loss: 0.2729  loss_ctc: 0.2729
2026/01/06 23:30:22 - mmengine - INFO - Epoch(train) [17][2800/4668]  lr: 3.1805e-05  eta: 1:58:13  time: 0.4464  data_time: 0.0019  memory: 18271  loss: 0.2531  loss_ctc: 0.2531
2026/01/06 23:30:45 - mmengine - INFO - Epoch(train) [17][2850/4668]  lr: 3.1658e-05  eta: 1:57:50  time: 0.4415  data_time: 0.0020  memory: 18271  loss: 0.2741  loss_ctc: 0.2741
2026/01/06 23:31:08 - mmengine - INFO - Epoch(train) [17][2900/4668]  lr: 3.1512e-05  eta: 1:57:28  time: 0.4486  data_time: 0.0020  memory: 18271  loss: 0.2983  loss_ctc: 0.2983
2026/01/06 23:31:31 - mmengine - INFO - Epoch(train) [17][2950/4668]  lr: 3.1366e-05  eta: 1:57:05  time: 0.4584  data_time: 0.0020  memory: 18271  loss: 0.3207  loss_ctc: 0.3207
2026/01/06 23:31:53 - mmengine - INFO - Epoch(train) [17][3000/4668]  lr: 3.1220e-05  eta: 1:56:42  time: 0.4534  data_time: 0.0019  memory: 18271  loss: 0.2837  loss_ctc: 0.2837
2026/01/06 23:32:08 - mmengine - INFO - Exp name: svtr-large_pretrain_cn_scene_20260106_223149
2026/01/06 23:32:16 - mmengine - INFO - Epoch(train) [17][3050/4668]  lr: 3.1074e-05  eta: 1:56:20  time: 0.4529  data_time: 0.0020  memory: 18271  loss: 0.3666  loss_ctc: 0.3666
2026/01/06 23:32:39 - mmengine - INFO - Epoch(train) [17][3100/4668]  lr: 3.0929e-05  eta: 1:55:58  time: 0.4781  data_time: 0.0021  memory: 18271  loss: 0.2474  loss_ctc: 0.2474
2026/01/06 23:33:02 - mmengine - INFO - Epoch(train) [17][3150/4668]  lr: 3.0784e-05  eta: 1:55:36  time: 0.4663  data_time: 0.0020  memory: 18271  loss: 0.2881  loss_ctc: 0.2881
2026/01/06 23:33:25 - mmengine - INFO - Epoch(train) [17][3200/4668]  lr: 3.0639e-05  eta: 1:55:12  time: 0.4504  data_time: 0.0020  memory: 18271  loss: 0.2846  loss_ctc: 0.2846
2026/01/06 23:33:48 - mmengine - INFO - Epoch(train) [17][3250/4668]  lr: 3.0495e-05  eta: 1:54:50  time: 0.4561  data_time: 0.0019  memory: 18271  loss: 0.2681  loss_ctc: 0.2681
2026/01/06 23:34:11 - mmengine - INFO - Epoch(train) [17][3300/4668]  lr: 3.0351e-05  eta: 1:54:27  time: 0.4665  data_time: 0.0020  memory: 18271  loss: 0.3468  loss_ctc: 0.3468
2026/01/06 23:34:34 - mmengine - INFO - Epoch(train) [17][3350/4668]  lr: 3.0207e-05  eta: 1:54:05  time: 0.4516  data_time: 0.0020  memory: 18271  loss: 0.3293  loss_ctc: 0.3293
2026/01/06 23:34:56 - mmengine - INFO - Epoch(train) [17][3400/4668]  lr: 3.0063e-05  eta: 1:53:42  time: 0.4540  data_time: 0.0020  memory: 18271  loss: 0.2748  loss_ctc: 0.2748
2026/01/06 23:35:19 - mmengine - INFO - Epoch(train) [17][3450/4668]  lr: 2.9920e-05  eta: 1:53:19  time: 0.4540  data_time: 0.0022  memory: 18271  loss: 0.3273  loss_ctc: 0.3273
2026/01/06 23:35:42 - mmengine - INFO - Epoch(train) [17][3500/4668]  lr: 2.9777e-05  eta: 1:52:56  time: 0.4543  data_time: 0.0020  memory: 18271  loss: 0.2856  loss_ctc: 0.2856
2026/01/06 23:36:04 - mmengine - INFO - Epoch(train) [17][3550/4668]  lr: 2.9634e-05  eta: 1:52:33  time: 0.4465  data_time: 0.0020  memory: 18271  loss: 0.2536  loss_ctc: 0.2536
2026/01/06 23:36:27 - mmengine - INFO - Epoch(train) [17][3600/4668]  lr: 2.9492e-05  eta: 1:52:11  time: 0.4489  data_time: 0.0022  memory: 18271  loss: 0.3130  loss_ctc: 0.3130
2026/01/06 23:36:50 - mmengine - INFO - Epoch(train) [17][3650/4668]  lr: 2.9350e-05  eta: 1:51:48  time: 0.4564  data_time: 0.0019  memory: 18271  loss: 0.2849  loss_ctc: 0.2849
2026/01/06 23:37:12 - mmengine - INFO - Epoch(train) [17][3700/4668]  lr: 2.9208e-05  eta: 1:51:24  time: 0.4693  data_time: 0.0019  memory: 18271  loss: 0.2204  loss_ctc: 0.2204
2026/01/06 23:37:35 - mmengine - INFO - Epoch(train) [17][3750/4668]  lr: 2.9067e-05  eta: 1:51:01  time: 0.4491  data_time: 0.0021  memory: 18271  loss: 0.2880  loss_ctc: 0.2880
2026/01/06 23:37:57 - mmengine - INFO - Epoch(train) [17][3800/4668]  lr: 2.8926e-05  eta: 1:50:38  time: 0.4390  data_time: 0.0019  memory: 18271  loss: 0.2750  loss_ctc: 0.2750
2026/01/06 23:38:20 - mmengine - INFO - Epoch(train) [17][3850/4668]  lr: 2.8785e-05  eta: 1:50:15  time: 0.4600  data_time: 0.0020  memory: 18271  loss: 0.2779  loss_ctc: 0.2779
2026/01/06 23:38:43 - mmengine - INFO - Epoch(train) [17][3900/4668]  lr: 2.8644e-05  eta: 1:49:52  time: 0.4803  data_time: 0.0021  memory: 18271  loss: 0.2773  loss_ctc: 0.2773
2026/01/06 23:39:05 - mmengine - INFO - Epoch(train) [17][3950/4668]  lr: 2.8504e-05  eta: 1:49:30  time: 0.4432  data_time: 0.0020  memory: 18271  loss: 0.2465  loss_ctc: 0.2465
2026/01/06 23:39:28 - mmengine - INFO - Epoch(train) [17][4000/4668]  lr: 2.8364e-05  eta: 1:49:07  time: 0.4448  data_time: 0.0020  memory: 18271  loss: 0.3223  loss_ctc: 0.3223
2026/01/06 23:39:43 - mmengine - INFO - Exp name: svtr-large_pretrain_cn_scene_20260106_223149
2026/01/06 23:39:51 - mmengine - INFO - Epoch(train) [17][4050/4668]  lr: 2.8224e-05  eta: 1:48:44  time: 0.4424  data_time: 0.0021  memory: 18271  loss: 0.2781  loss_ctc: 0.2781
2026/01/06 23:40:14 - mmengine - INFO - Epoch(train) [17][4100/4668]  lr: 2.8085e-05  eta: 1:48:21  time: 0.4458  data_time: 0.0020  memory: 18271  loss: 0.2921  loss_ctc: 0.2921
2026/01/06 23:40:37 - mmengine - INFO - Epoch(train) [17][4150/4668]  lr: 2.7946e-05  eta: 1:47:59  time: 0.4427  data_time: 0.0020  memory: 18271  loss: 0.2844  loss_ctc: 0.2844
2026/01/06 23:40:59 - mmengine - INFO - Epoch(train) [17][4200/4668]  lr: 2.7807e-05  eta: 1:47:36  time: 0.4469  data_time: 0.0020  memory: 18271  loss: 0.2571  loss_ctc: 0.2571
2026/01/06 23:41:22 - mmengine - INFO - Epoch(train) [17][4250/4668]  lr: 2.7669e-05  eta: 1:47:13  time: 0.4560  data_time: 0.0021  memory: 18271  loss: 0.3066  loss_ctc: 0.3066
2026/01/06 23:41:45 - mmengine - INFO - Epoch(train) [17][4300/4668]  lr: 2.7530e-05  eta: 1:46:51  time: 0.4515  data_time: 0.0019  memory: 18271  loss: 0.3084  loss_ctc: 0.3084
2026/01/06 23:42:08 - mmengine - INFO - Epoch(train) [17][4350/4668]  lr: 2.7393e-05  eta: 1:46:28  time: 0.4553  data_time: 0.0020  memory: 18271  loss: 0.2855  loss_ctc: 0.2855
2026/01/06 23:42:31 - mmengine - INFO - Epoch(train) [17][4400/4668]  lr: 2.7255e-05  eta: 1:46:05  time: 0.4667  data_time: 0.0021  memory: 18271  loss: 0.3000  loss_ctc: 0.3000
2026/01/06 23:42:53 - mmengine - INFO - Epoch(train) [17][4450/4668]  lr: 2.7118e-05  eta: 1:45:42  time: 0.4330  data_time: 0.0021  memory: 18271  loss: 0.2656  loss_ctc: 0.2656
2026/01/06 23:43:16 - mmengine - INFO - Epoch(train) [17][4500/4668]  lr: 2.6981e-05  eta: 1:45:19  time: 0.4813  data_time: 0.0019  memory: 18271  loss: 0.3038  loss_ctc: 0.3038
2026/01/06 23:43:39 - mmengine - INFO - Epoch(train) [17][4550/4668]  lr: 2.6844e-05  eta: 1:44:57  time: 0.4593  data_time: 0.0019  memory: 18271  loss: 0.2810  loss_ctc: 0.2810
2026/01/06 23:44:02 - mmengine - INFO - Epoch(train) [17][4600/4668]  lr: 2.6708e-05  eta: 1:44:34  time: 0.4546  data_time: 0.0022  memory: 18271  loss: 0.2823  loss_ctc: 0.2823
2026/01/06 23:44:25 - mmengine - INFO - Epoch(train) [17][4650/4668]  lr: 2.6572e-05  eta: 1:44:12  time: 0.4537  data_time: 0.0021  memory: 18271  loss: 0.2784  loss_ctc: 0.2784
2026/01/06 23:44:33 - mmengine - INFO - Exp name: svtr-large_pretrain_cn_scene_20260106_223149
2026/01/06 23:44:33 - mmengine - INFO - Saving checkpoint at 17 epochs
2026/01/06 23:44:48 - mmengine - INFO - Epoch(val) [17][20/20]    PretrainCN/recog/word_acc: 0.9082  PretrainCN/recog/1-N.E.D: 0.9695  PretrainCN_holdout/recog/word_acc: 0.9140  PretrainCN_holdout/recog/1-N.E.D: 0.9749  data_time: 0.0254  time: 0.3530
2026/01/06 23:44:48 - mmengine - INFO - The previous best checkpoint /root/lanyun-tmp/mmocr/work_dirs/svtr-large_pretrain/best_PretrainCN_holdout_recog_word_acc_epoch_16.pth is removed
2026/01/06 23:44:55 - mmengine - INFO - The best checkpoint with 0.9140 PretrainCN_holdout/recog/word_acc at 17 epoch is saved to best_PretrainCN_holdout_recog_word_acc_epoch_17.pth.
2026/01/06 23:44:55 - mmengine - INFO - The previous best checkpoint /root/lanyun-tmp/mmocr/work_dirs/svtr-large_pretrain/best_PretrainCN_holdout_recog_1-N.E.D_epoch_16.pth is removed
2026/01/06 23:45:02 - mmengine - INFO - The best checkpoint with 0.9749 PretrainCN_holdout/recog/1-N.E.D at 17 epoch is saved to best_PretrainCN_holdout_recog_1-N.E.D_epoch_17.pth.
2026/01/06 23:46:09 - mmengine - INFO - Epoch(train) [18][  50/4668]  lr: 2.6387e-05  eta: 1:43:46  time: 0.4501  data_time: 0.0020  memory: 18271  loss: 0.3111  loss_ctc: 0.3111
2026/01/06 23:46:32 - mmengine - INFO - Epoch(train) [18][ 100/4668]  lr: 2.6252e-05  eta: 1:43:23  time: 0.4669  data_time: 0.0021  memory: 18271  loss: 0.2855  loss_ctc: 0.2855
2026/01/06 23:46:55 - mmengine - INFO - Epoch(train) [18][ 150/4668]  lr: 2.6117e-05  eta: 1:43:01  time: 0.4815  data_time: 0.0023  memory: 18271  loss: 0.2248  loss_ctc: 0.2248
2026/01/06 23:47:18 - mmengine - INFO - Epoch(train) [18][ 200/4668]  lr: 2.5982e-05  eta: 1:42:37  time: 0.4538  data_time: 0.0020  memory: 18271  loss: 0.2714  loss_ctc: 0.2714
2026/01/06 23:47:40 - mmengine - INFO - Epoch(train) [18][ 250/4668]  lr: 2.5848e-05  eta: 1:42:15  time: 0.4436  data_time: 0.0020  memory: 18271  loss: 0.3632  loss_ctc: 0.3632
2026/01/06 23:48:03 - mmengine - INFO - Epoch(train) [18][ 300/4668]  lr: 2.5714e-05  eta: 1:41:52  time: 0.4605  data_time: 0.0022  memory: 18271  loss: 0.2659  loss_ctc: 0.2659
2026/01/06 23:48:26 - mmengine - INFO - Epoch(train) [18][ 350/4668]  lr: 2.5580e-05  eta: 1:41:29  time: 0.4691  data_time: 0.0020  memory: 18271  loss: 0.2941  loss_ctc: 0.2941
2026/01/06 23:48:32 - mmengine - INFO - Exp name: svtr-large_pretrain_cn_scene_20260106_223149
2026/01/06 23:48:48 - mmengine - INFO - Epoch(train) [18][ 400/4668]  lr: 2.5447e-05  eta: 1:41:06  time: 0.4438  data_time: 0.0020  memory: 18271  loss: 0.3230  loss_ctc: 0.3230
2026/01/06 23:49:11 - mmengine - INFO - Epoch(train) [18][ 450/4668]  lr: 2.5313e-05  eta: 1:40:43  time: 0.4511  data_time: 0.0021  memory: 18271  loss: 0.2727  loss_ctc: 0.2727
2026/01/06 23:49:34 - mmengine - INFO - Epoch(train) [18][ 500/4668]  lr: 2.5181e-05  eta: 1:40:20  time: 0.4756  data_time: 0.0020  memory: 18271  loss: 0.2590  loss_ctc: 0.2590
2026/01/06 23:49:57 - mmengine - INFO - Epoch(train) [18][ 550/4668]  lr: 2.5048e-05  eta: 1:39:58  time: 0.4628  data_time: 0.0021  memory: 18271  loss: 0.2688  loss_ctc: 0.2688
2026/01/06 23:50:19 - mmengine - INFO - Epoch(train) [18][ 600/4668]  lr: 2.4916e-05  eta: 1:39:35  time: 0.4584  data_time: 0.0024  memory: 18271  loss: 0.2969  loss_ctc: 0.2969
2026/01/06 23:50:42 - mmengine - INFO - Epoch(train) [18][ 650/4668]  lr: 2.4784e-05  eta: 1:39:12  time: 0.4448  data_time: 0.0021  memory: 18271  loss: 0.2562  loss_ctc: 0.2562
2026/01/06 23:51:05 - mmengine - INFO - Epoch(train) [18][ 700/4668]  lr: 2.4652e-05  eta: 1:38:49  time: 0.4718  data_time: 0.0020  memory: 18271  loss: 0.3147  loss_ctc: 0.3147
2026/01/06 23:51:28 - mmengine - INFO - Epoch(train) [18][ 750/4668]  lr: 2.4521e-05  eta: 1:38:26  time: 0.4426  data_time: 0.0020  memory: 18271  loss: 0.2750  loss_ctc: 0.2750
2026/01/06 23:51:50 - mmengine - INFO - Epoch(train) [18][ 800/4668]  lr: 2.4390e-05  eta: 1:38:04  time: 0.4369  data_time: 0.0020  memory: 18271  loss: 0.2600  loss_ctc: 0.2600
2026/01/06 23:52:13 - mmengine - INFO - Epoch(train) [18][ 850/4668]  lr: 2.4259e-05  eta: 1:37:41  time: 0.4524  data_time: 0.0020  memory: 18271  loss: 0.3262  loss_ctc: 0.3262
2026/01/06 23:52:36 - mmengine - INFO - Epoch(train) [18][ 900/4668]  lr: 2.4129e-05  eta: 1:37:18  time: 0.4679  data_time: 0.0022  memory: 18271  loss: 0.2968  loss_ctc: 0.2968
2026/01/06 23:52:59 - mmengine - INFO - Epoch(train) [18][ 950/4668]  lr: 2.3999e-05  eta: 1:36:55  time: 0.4343  data_time: 0.0020  memory: 18271  loss: 0.2391  loss_ctc: 0.2391
2026/01/06 23:53:21 - mmengine - INFO - Epoch(train) [18][1000/4668]  lr: 2.3869e-05  eta: 1:36:32  time: 0.4312  data_time: 0.0020  memory: 18271  loss: 0.2975  loss_ctc: 0.2975
2026/01/06 23:53:44 - mmengine - INFO - Epoch(train) [18][1050/4668]  lr: 2.3740e-05  eta: 1:36:09  time: 0.4628  data_time: 0.0020  memory: 18271  loss: 0.2528  loss_ctc: 0.2528
2026/01/06 23:54:07 - mmengine - INFO - Epoch(train) [18][1100/4668]  lr: 2.3611e-05  eta: 1:35:47  time: 0.4644  data_time: 0.0020  memory: 18271  loss: 0.2660  loss_ctc: 0.2660
2026/01/06 23:54:29 - mmengine - INFO - Epoch(train) [18][1150/4668]  lr: 2.3482e-05  eta: 1:35:24  time: 0.4419  data_time: 0.0021  memory: 18271  loss: 0.2978  loss_ctc: 0.2978
2026/01/06 23:54:52 - mmengine - INFO - Epoch(train) [18][1200/4668]  lr: 2.3354e-05  eta: 1:35:01  time: 0.4391  data_time: 0.0020  memory: 18271  loss: 0.2930  loss_ctc: 0.2930
2026/01/06 23:55:15 - mmengine - INFO - Epoch(train) [18][1250/4668]  lr: 2.3225e-05  eta: 1:34:38  time: 0.4453  data_time: 0.0020  memory: 18271  loss: 0.2943  loss_ctc: 0.2943
2026/01/06 23:55:38 - mmengine - INFO - Epoch(train) [18][1300/4668]  lr: 2.3098e-05  eta: 1:34:15  time: 0.4715  data_time: 0.0024  memory: 18271  loss: 0.2784  loss_ctc: 0.2784
2026/01/06 23:56:00 - mmengine - INFO - Epoch(train) [18][1350/4668]  lr: 2.2970e-05  eta: 1:33:52  time: 0.4508  data_time: 0.0021  memory: 18271  loss: 0.2646  loss_ctc: 0.2646
2026/01/06 23:56:07 - mmengine - INFO - Exp name: svtr-large_pretrain_cn_scene_20260106_223149
2026/01/06 23:56:23 - mmengine - INFO - Epoch(train) [18][1400/4668]  lr: 2.2843e-05  eta: 1:33:29  time: 0.4407  data_time: 0.0021  memory: 18271  loss: 0.3164  loss_ctc: 0.3164
2026/01/06 23:56:45 - mmengine - INFO - Epoch(train) [18][1450/4668]  lr: 2.2716e-05  eta: 1:33:06  time: 0.4469  data_time: 0.0022  memory: 18271  loss: 0.3134  loss_ctc: 0.3134
2026/01/06 23:57:08 - mmengine - INFO - Epoch(train) [18][1500/4668]  lr: 2.2589e-05  eta: 1:32:44  time: 0.4623  data_time: 0.0020  memory: 18271  loss: 0.3569  loss_ctc: 0.3569
2026/01/06 23:57:31 - mmengine - INFO - Epoch(train) [18][1550/4668]  lr: 2.2463e-05  eta: 1:32:21  time: 0.4708  data_time: 0.0021  memory: 18271  loss: 0.2703  loss_ctc: 0.2703
2026/01/06 23:57:54 - mmengine - INFO - Epoch(train) [18][1600/4668]  lr: 2.2337e-05  eta: 1:31:58  time: 0.4634  data_time: 0.0023  memory: 18271  loss: 0.2962  loss_ctc: 0.2962
2026/01/06 23:58:17 - mmengine - INFO - Epoch(train) [18][1650/4668]  lr: 2.2212e-05  eta: 1:31:36  time: 0.4558  data_time: 0.0021  memory: 18271  loss: 0.2769  loss_ctc: 0.2769
2026/01/06 23:58:39 - mmengine - INFO - Epoch(train) [18][1700/4668]  lr: 2.2086e-05  eta: 1:31:13  time: 0.4489  data_time: 0.0020  memory: 18271  loss: 0.3161  loss_ctc: 0.3161
2026/01/06 23:59:02 - mmengine - INFO - Epoch(train) [18][1750/4668]  lr: 2.1961e-05  eta: 1:30:50  time: 0.4623  data_time: 0.0022  memory: 18271  loss: 0.2886  loss_ctc: 0.2886
2026/01/06 23:59:24 - mmengine - INFO - Epoch(train) [18][1800/4668]  lr: 2.1837e-05  eta: 1:30:27  time: 0.4344  data_time: 0.0019  memory: 18271  loss: 0.2728  loss_ctc: 0.2728
2026/01/06 23:59:47 - mmengine - INFO - Epoch(train) [18][1850/4668]  lr: 2.1712e-05  eta: 1:30:04  time: 0.4426  data_time: 0.0020  memory: 18271  loss: 0.2370  loss_ctc: 0.2370
2026/01/07 00:00:10 - mmengine - INFO - Epoch(train) [18][1900/4668]  lr: 2.1588e-05  eta: 1:29:41  time: 0.4635  data_time: 0.0020  memory: 18271  loss: 0.3639  loss_ctc: 0.3639
2026/01/07 00:00:32 - mmengine - INFO - Epoch(train) [18][1950/4668]  lr: 2.1465e-05  eta: 1:29:18  time: 0.4539  data_time: 0.0020  memory: 18271  loss: 0.2308  loss_ctc: 0.2308
2026/01/07 00:00:55 - mmengine - INFO - Epoch(train) [18][2000/4668]  lr: 2.1341e-05  eta: 1:28:55  time: 0.4628  data_time: 0.0021  memory: 18271  loss: 0.2874  loss_ctc: 0.2874
2026/01/07 00:01:18 - mmengine - INFO - Epoch(train) [18][2050/4668]  lr: 2.1218e-05  eta: 1:28:33  time: 0.4504  data_time: 0.0020  memory: 18271  loss: 0.2509  loss_ctc: 0.2509
2026/01/07 00:01:40 - mmengine - INFO - Epoch(train) [18][2100/4668]  lr: 2.1096e-05  eta: 1:28:10  time: 0.4533  data_time: 0.0021  memory: 18271  loss: 0.2853  loss_ctc: 0.2853
2026/01/07 00:02:03 - mmengine - INFO - Epoch(train) [18][2150/4668]  lr: 2.0973e-05  eta: 1:27:47  time: 0.4562  data_time: 0.0020  memory: 18271  loss: 0.2677  loss_ctc: 0.2677
2026/01/07 00:02:26 - mmengine - INFO - Epoch(train) [18][2200/4668]  lr: 2.0851e-05  eta: 1:27:24  time: 0.4500  data_time: 0.0019  memory: 18271  loss: 0.2585  loss_ctc: 0.2585
2026/01/07 00:02:49 - mmengine - INFO - Epoch(train) [18][2250/4668]  lr: 2.0730e-05  eta: 1:27:01  time: 0.4612  data_time: 0.0022  memory: 18271  loss: 0.3104  loss_ctc: 0.3104
2026/01/07 00:03:11 - mmengine - INFO - Epoch(train) [18][2300/4668]  lr: 2.0608e-05  eta: 1:26:38  time: 0.4489  data_time: 0.0023  memory: 18271  loss: 0.2533  loss_ctc: 0.2533
2026/01/07 00:03:34 - mmengine - INFO - Epoch(train) [18][2350/4668]  lr: 2.0487e-05  eta: 1:26:15  time: 0.4373  data_time: 0.0020  memory: 18271  loss: 0.2791  loss_ctc: 0.2791
2026/01/07 00:03:40 - mmengine - INFO - Exp name: svtr-large_pretrain_cn_scene_20260106_223149
2026/01/07 00:03:56 - mmengine - INFO - Epoch(train) [18][2400/4668]  lr: 2.0366e-05  eta: 1:25:52  time: 0.4613  data_time: 0.0023  memory: 18271  loss: 0.2508  loss_ctc: 0.2508
2026/01/07 00:04:19 - mmengine - INFO - Epoch(train) [18][2450/4668]  lr: 2.0246e-05  eta: 1:25:30  time: 0.4745  data_time: 0.0022  memory: 18271  loss: 0.3625  loss_ctc: 0.3625
2026/01/07 00:04:42 - mmengine - INFO - Epoch(train) [18][2500/4668]  lr: 2.0126e-05  eta: 1:25:07  time: 0.4526  data_time: 0.0020  memory: 18271  loss: 0.2959  loss_ctc: 0.2959
2026/01/07 00:05:04 - mmengine - INFO - Epoch(train) [18][2550/4668]  lr: 2.0006e-05  eta: 1:24:44  time: 0.4418  data_time: 0.0021  memory: 18271  loss: 0.2963  loss_ctc: 0.2963
2026/01/07 00:05:27 - mmengine - INFO - Epoch(train) [18][2600/4668]  lr: 1.9886e-05  eta: 1:24:21  time: 0.4472  data_time: 0.0023  memory: 18271  loss: 0.2504  loss_ctc: 0.2504
2026/01/07 00:05:50 - mmengine - INFO - Epoch(train) [18][2650/4668]  lr: 1.9767e-05  eta: 1:23:58  time: 0.4548  data_time: 0.0021  memory: 18271  loss: 0.3124  loss_ctc: 0.3124
2026/01/07 00:06:12 - mmengine - INFO - Epoch(train) [18][2700/4668]  lr: 1.9649e-05  eta: 1:23:35  time: 0.4633  data_time: 0.0020  memory: 18271  loss: 0.2668  loss_ctc: 0.2668
2026/01/07 00:06:35 - mmengine - INFO - Epoch(train) [18][2750/4668]  lr: 1.9530e-05  eta: 1:23:13  time: 0.4548  data_time: 0.0021  memory: 18271  loss: 0.3045  loss_ctc: 0.3045
2026/01/07 00:06:58 - mmengine - INFO - Epoch(train) [18][2800/4668]  lr: 1.9412e-05  eta: 1:22:50  time: 0.4418  data_time: 0.0020  memory: 18271  loss: 0.2775  loss_ctc: 0.2775
2026/01/07 00:07:21 - mmengine - INFO - Epoch(train) [18][2850/4668]  lr: 1.9294e-05  eta: 1:22:27  time: 0.4653  data_time: 0.0021  memory: 18271  loss: 0.2952  loss_ctc: 0.2952
2026/01/07 00:07:44 - mmengine - INFO - Epoch(train) [18][2900/4668]  lr: 1.9177e-05  eta: 1:22:05  time: 0.4707  data_time: 0.0020  memory: 18271  loss: 0.2699  loss_ctc: 0.2699
2026/01/07 00:08:06 - mmengine - INFO - Epoch(train) [18][2950/4668]  lr: 1.9059e-05  eta: 1:21:42  time: 0.4457  data_time: 0.0020  memory: 18271  loss: 0.2239  loss_ctc: 0.2239
2026/01/07 00:08:29 - mmengine - INFO - Epoch(train) [18][3000/4668]  lr: 1.8943e-05  eta: 1:21:19  time: 0.4453  data_time: 0.0020  memory: 18271  loss: 0.2763  loss_ctc: 0.2763
2026/01/07 00:08:52 - mmengine - INFO - Epoch(train) [18][3050/4668]  lr: 1.8826e-05  eta: 1:20:56  time: 0.4395  data_time: 0.0020  memory: 18271  loss: 0.2948  loss_ctc: 0.2948
2026/01/07 00:09:15 - mmengine - INFO - Epoch(train) [18][3100/4668]  lr: 1.8710e-05  eta: 1:20:34  time: 0.4511  data_time: 0.0022  memory: 18271  loss: 0.2768  loss_ctc: 0.2768
2026/01/07 00:09:37 - mmengine - INFO - Epoch(train) [18][3150/4668]  lr: 1.8594e-05  eta: 1:20:11  time: 0.4513  data_time: 0.0021  memory: 18271  loss: 0.3197  loss_ctc: 0.3197
2026/01/07 00:10:00 - mmengine - INFO - Epoch(train) [18][3200/4668]  lr: 1.8479e-05  eta: 1:19:48  time: 0.4510  data_time: 0.0020  memory: 18271  loss: 0.3137  loss_ctc: 0.3137
2026/01/07 00:10:23 - mmengine - INFO - Epoch(train) [18][3250/4668]  lr: 1.8363e-05  eta: 1:19:25  time: 0.4706  data_time: 0.0020  memory: 18271  loss: 0.2227  loss_ctc: 0.2227
2026/01/07 00:10:46 - mmengine - INFO - Epoch(train) [18][3300/4668]  lr: 1.8249e-05  eta: 1:19:03  time: 0.4707  data_time: 0.0021  memory: 18271  loss: 0.2752  loss_ctc: 0.2752
2026/01/07 00:11:09 - mmengine - INFO - Epoch(train) [18][3350/4668]  lr: 1.8134e-05  eta: 1:18:40  time: 0.4488  data_time: 0.0021  memory: 18271  loss: 0.2299  loss_ctc: 0.2299
2026/01/07 00:11:15 - mmengine - INFO - Exp name: svtr-large_pretrain_cn_scene_20260106_223149
2026/01/07 00:11:31 - mmengine - INFO - Epoch(train) [18][3400/4668]  lr: 1.8020e-05  eta: 1:18:17  time: 0.4434  data_time: 0.0020  memory: 18271  loss: 0.3377  loss_ctc: 0.3377
2026/01/07 00:11:54 - mmengine - INFO - Epoch(train) [18][3450/4668]  lr: 1.7906e-05  eta: 1:17:54  time: 0.4360  data_time: 0.0019  memory: 18271  loss: 0.2922  loss_ctc: 0.2922
2026/01/07 00:12:17 - mmengine - INFO - Epoch(train) [18][3500/4668]  lr: 1.7792e-05  eta: 1:17:32  time: 0.4670  data_time: 0.0020  memory: 18271  loss: 0.2512  loss_ctc: 0.2512
2026/01/07 00:12:40 - mmengine - INFO - Epoch(train) [18][3550/4668]  lr: 1.7679e-05  eta: 1:17:09  time: 0.4759  data_time: 0.0020  memory: 18271  loss: 0.2640  loss_ctc: 0.2640
2026/01/07 00:13:03 - mmengine - INFO - Epoch(train) [18][3600/4668]  lr: 1.7566e-05  eta: 1:16:46  time: 0.4534  data_time: 0.0022  memory: 18271  loss: 0.2828  loss_ctc: 0.2828
2026/01/07 00:13:25 - mmengine - INFO - Epoch(train) [18][3650/4668]  lr: 1.7454e-05  eta: 1:16:23  time: 0.4478  data_time: 0.0021  memory: 18271  loss: 0.2515  loss_ctc: 0.2515
2026/01/07 00:13:48 - mmengine - INFO - Epoch(train) [18][3700/4668]  lr: 1.7342e-05  eta: 1:16:01  time: 0.4583  data_time: 0.0021  memory: 18271  loss: 0.3143  loss_ctc: 0.3143
2026/01/07 00:14:11 - mmengine - INFO - Epoch(train) [18][3750/4668]  lr: 1.7230e-05  eta: 1:15:38  time: 0.4685  data_time: 0.0022  memory: 18271  loss: 0.2619  loss_ctc: 0.2619
2026/01/07 00:14:33 - mmengine - INFO - Epoch(train) [18][3800/4668]  lr: 1.7118e-05  eta: 1:15:15  time: 0.4544  data_time: 0.0021  memory: 18271  loss: 0.2785  loss_ctc: 0.2785
2026/01/07 00:14:56 - mmengine - INFO - Epoch(train) [18][3850/4668]  lr: 1.7007e-05  eta: 1:14:52  time: 0.4658  data_time: 0.0020  memory: 18271  loss: 0.2590  loss_ctc: 0.2590
2026/01/07 00:15:19 - mmengine - INFO - Epoch(train) [18][3900/4668]  lr: 1.6896e-05  eta: 1:14:30  time: 0.4680  data_time: 0.0021  memory: 18271  loss: 0.3118  loss_ctc: 0.3118
2026/01/07 00:15:41 - mmengine - INFO - Epoch(train) [18][3950/4668]  lr: 1.6786e-05  eta: 1:14:06  time: 0.4393  data_time: 0.0019  memory: 18271  loss: 0.2438  loss_ctc: 0.2438
2026/01/07 00:16:04 - mmengine - INFO - Epoch(train) [18][4000/4668]  lr: 1.6676e-05  eta: 1:13:44  time: 0.4421  data_time: 0.0020  memory: 18271  loss: 0.2417  loss_ctc: 0.2417
2026/01/07 00:16:27 - mmengine - INFO - Epoch(train) [18][4050/4668]  lr: 1.6566e-05  eta: 1:13:21  time: 0.4465  data_time: 0.0020  memory: 18271  loss: 0.2803  loss_ctc: 0.2803
2026/01/07 00:16:50 - mmengine - INFO - Epoch(train) [18][4100/4668]  lr: 1.6456e-05  eta: 1:12:58  time: 0.4478  data_time: 0.0021  memory: 18271  loss: 0.2996  loss_ctc: 0.2996
2026/01/07 00:17:12 - mmengine - INFO - Epoch(train) [18][4150/4668]  lr: 1.6347e-05  eta: 1:12:35  time: 0.4522  data_time: 0.0020  memory: 18271  loss: 0.3027  loss_ctc: 0.3027
2026/01/07 00:17:35 - mmengine - INFO - Epoch(train) [18][4200/4668]  lr: 1.6238e-05  eta: 1:12:13  time: 0.4594  data_time: 0.0024  memory: 18271  loss: 0.3080  loss_ctc: 0.3080
2026/01/07 00:17:58 - mmengine - INFO - Epoch(train) [18][4250/4668]  lr: 1.6130e-05  eta: 1:11:50  time: 0.4315  data_time: 0.0020  memory: 18271  loss: 0.2880  loss_ctc: 0.2880
2026/01/07 00:18:21 - mmengine - INFO - Epoch(train) [18][4300/4668]  lr: 1.6022e-05  eta: 1:11:27  time: 0.4683  data_time: 0.0021  memory: 18271  loss: 0.2721  loss_ctc: 0.2721
2026/01/07 00:18:44 - mmengine - INFO - Epoch(train) [18][4350/4668]  lr: 1.5914e-05  eta: 1:11:05  time: 0.4463  data_time: 0.0021  memory: 18271  loss: 0.2881  loss_ctc: 0.2881
2026/01/07 00:18:50 - mmengine - INFO - Exp name: svtr-large_pretrain_cn_scene_20260106_223149
2026/01/07 00:19:06 - mmengine - INFO - Epoch(train) [18][4400/4668]  lr: 1.5806e-05  eta: 1:10:42  time: 0.4512  data_time: 0.0020  memory: 18271  loss: 0.3093  loss_ctc: 0.3093
2026/01/07 00:19:29 - mmengine - INFO - Epoch(train) [18][4450/4668]  lr: 1.5699e-05  eta: 1:10:19  time: 0.4348  data_time: 0.0020  memory: 18271  loss: 0.2549  loss_ctc: 0.2549
2026/01/07 00:19:51 - mmengine - INFO - Epoch(train) [18][4500/4668]  lr: 1.5593e-05  eta: 1:09:56  time: 0.4382  data_time: 0.0020  memory: 18271  loss: 0.2867  loss_ctc: 0.2867
2026/01/07 00:20:14 - mmengine - INFO - Epoch(train) [18][4550/4668]  lr: 1.5486e-05  eta: 1:09:33  time: 0.4705  data_time: 0.0020  memory: 18271  loss: 0.2873  loss_ctc: 0.2873
2026/01/07 00:20:37 - mmengine - INFO - Epoch(train) [18][4600/4668]  lr: 1.5380e-05  eta: 1:09:11  time: 0.4707  data_time: 0.0020  memory: 18271  loss: 0.2907  loss_ctc: 0.2907
2026/01/07 00:21:00 - mmengine - INFO - Epoch(train) [18][4650/4668]  lr: 1.5274e-05  eta: 1:08:48  time: 0.4695  data_time: 0.0020  memory: 18271  loss: 0.2222  loss_ctc: 0.2222
2026/01/07 00:21:08 - mmengine - INFO - Exp name: svtr-large_pretrain_cn_scene_20260106_223149
2026/01/07 00:21:08 - mmengine - INFO - Saving checkpoint at 18 epochs
2026/01/07 00:21:23 - mmengine - INFO - Epoch(val) [18][20/20]    PretrainCN/recog/word_acc: 0.9082  PretrainCN/recog/1-N.E.D: 0.9695  PretrainCN_holdout/recog/word_acc: 0.9202  PretrainCN_holdout/recog/1-N.E.D: 0.9768  data_time: 0.0176  time: 0.3351
2026/01/07 00:21:23 - mmengine - INFO - The previous best checkpoint /root/lanyun-tmp/mmocr/work_dirs/svtr-large_pretrain/best_PretrainCN_holdout_recog_word_acc_epoch_17.pth is removed
2026/01/07 00:21:30 - mmengine - INFO - The best checkpoint with 0.9202 PretrainCN_holdout/recog/word_acc at 18 epoch is saved to best_PretrainCN_holdout_recog_word_acc_epoch_18.pth.
2026/01/07 00:21:30 - mmengine - INFO - The previous best checkpoint /root/lanyun-tmp/mmocr/work_dirs/svtr-large_pretrain/best_PretrainCN_holdout_recog_1-N.E.D_epoch_17.pth is removed
2026/01/07 00:21:37 - mmengine - INFO - The best checkpoint with 0.9768 PretrainCN_holdout/recog/1-N.E.D at 18 epoch is saved to best_PretrainCN_holdout_recog_1-N.E.D_epoch_18.pth.
2026/01/07 00:22:35 - mmengine - INFO - Epoch(train) [19][  50/4668]  lr: 1.5131e-05  eta: 1:08:19  time: 0.4708  data_time: 0.0021  memory: 18271  loss: 0.3212  loss_ctc: 0.3212
2026/01/07 00:22:58 - mmengine - INFO - Epoch(train) [19][ 100/4668]  lr: 1.5026e-05  eta: 1:07:56  time: 0.4531  data_time: 0.0020  memory: 18271  loss: 0.2894  loss_ctc: 0.2894
2026/01/07 00:23:21 - mmengine - INFO - Epoch(train) [19][ 150/4668]  lr: 1.4921e-05  eta: 1:07:33  time: 0.4534  data_time: 0.0020  memory: 18271  loss: 0.2962  loss_ctc: 0.2962
2026/01/07 00:23:43 - mmengine - INFO - Epoch(train) [19][ 200/4668]  lr: 1.4817e-05  eta: 1:07:10  time: 0.4551  data_time: 0.0021  memory: 18271  loss: 0.2896  loss_ctc: 0.2896
2026/01/07 00:24:06 - mmengine - INFO - Epoch(train) [19][ 250/4668]  lr: 1.4713e-05  eta: 1:06:47  time: 0.4380  data_time: 0.0020  memory: 18271  loss: 0.3021  loss_ctc: 0.3021
2026/01/07 00:24:28 - mmengine - INFO - Epoch(train) [19][ 300/4668]  lr: 1.4610e-05  eta: 1:06:24  time: 0.4348  data_time: 0.0019  memory: 18271  loss: 0.2699  loss_ctc: 0.2699
2026/01/07 00:24:51 - mmengine - INFO - Epoch(train) [19][ 350/4668]  lr: 1.4506e-05  eta: 1:06:01  time: 0.4436  data_time: 0.0020  memory: 18271  loss: 0.2647  loss_ctc: 0.2647
2026/01/07 00:25:14 - mmengine - INFO - Epoch(train) [19][ 400/4668]  lr: 1.4403e-05  eta: 1:05:39  time: 0.4531  data_time: 0.0023  memory: 18271  loss: 0.2475  loss_ctc: 0.2475
2026/01/07 00:25:37 - mmengine - INFO - Epoch(train) [19][ 450/4668]  lr: 1.4301e-05  eta: 1:05:16  time: 0.4525  data_time: 0.0020  memory: 18271  loss: 0.2199  loss_ctc: 0.2199
2026/01/07 00:25:59 - mmengine - INFO - Epoch(train) [19][ 500/4668]  lr: 1.4199e-05  eta: 1:04:53  time: 0.4466  data_time: 0.0020  memory: 18271  loss: 0.2735  loss_ctc: 0.2735
2026/01/07 00:26:22 - mmengine - INFO - Epoch(train) [19][ 550/4668]  lr: 1.4097e-05  eta: 1:04:30  time: 0.4818  data_time: 0.0021  memory: 18271  loss: 0.2790  loss_ctc: 0.2790
2026/01/07 00:26:45 - mmengine - INFO - Epoch(train) [19][ 600/4668]  lr: 1.3995e-05  eta: 1:04:08  time: 0.4481  data_time: 0.0020  memory: 18271  loss: 0.2570  loss_ctc: 0.2570
2026/01/07 00:27:08 - mmengine - INFO - Epoch(train) [19][ 650/4668]  lr: 1.3894e-05  eta: 1:03:45  time: 0.4459  data_time: 0.0020  memory: 18271  loss: 0.2637  loss_ctc: 0.2637
2026/01/07 00:27:28 - mmengine - INFO - Exp name: svtr-large_pretrain_cn_scene_20260106_223149
2026/01/07 00:27:30 - mmengine - INFO - Epoch(train) [19][ 700/4668]  lr: 1.3793e-05  eta: 1:03:22  time: 0.4444  data_time: 0.0023  memory: 18271  loss: 0.2268  loss_ctc: 0.2268
2026/01/07 00:27:53 - mmengine - INFO - Epoch(train) [19][ 750/4668]  lr: 1.3693e-05  eta: 1:02:59  time: 0.4497  data_time: 0.0020  memory: 18271  loss: 0.2538  loss_ctc: 0.2538
2026/01/07 00:28:16 - mmengine - INFO - Epoch(train) [19][ 800/4668]  lr: 1.3593e-05  eta: 1:02:36  time: 0.4712  data_time: 0.0020  memory: 18271  loss: 0.2928  loss_ctc: 0.2928
2026/01/07 00:28:38 - mmengine - INFO - Epoch(train) [19][ 850/4668]  lr: 1.3493e-05  eta: 1:02:14  time: 0.4658  data_time: 0.0023  memory: 18271  loss: 0.2488  loss_ctc: 0.2488
2026/01/07 00:29:01 - mmengine - INFO - Epoch(train) [19][ 900/4668]  lr: 1.3393e-05  eta: 1:01:51  time: 0.4343  data_time: 0.0020  memory: 18271  loss: 0.2630  loss_ctc: 0.2630
2026/01/07 00:29:24 - mmengine - INFO - Epoch(train) [19][ 950/4668]  lr: 1.3294e-05  eta: 1:01:28  time: 0.4362  data_time: 0.0021  memory: 18271  loss: 0.2598  loss_ctc: 0.2598
2026/01/07 00:29:46 - mmengine - INFO - Epoch(train) [19][1000/4668]  lr: 1.3195e-05  eta: 1:01:05  time: 0.4743  data_time: 0.0022  memory: 18271  loss: 0.2354  loss_ctc: 0.2354
2026/01/07 00:30:09 - mmengine - INFO - Epoch(train) [19][1050/4668]  lr: 1.3097e-05  eta: 1:00:42  time: 0.4498  data_time: 0.0021  memory: 18271  loss: 0.2507  loss_ctc: 0.2507
2026/01/07 00:30:32 - mmengine - INFO - Epoch(train) [19][1100/4668]  lr: 1.2999e-05  eta: 1:00:20  time: 0.4476  data_time: 0.0021  memory: 18271  loss: 0.2862  loss_ctc: 0.2862
2026/01/07 00:30:55 - mmengine - INFO - Epoch(train) [19][1150/4668]  lr: 1.2901e-05  eta: 0:59:57  time: 0.4521  data_time: 0.0023  memory: 18271  loss: 0.2608  loss_ctc: 0.2608
2026/01/07 00:31:18 - mmengine - INFO - Epoch(train) [19][1200/4668]  lr: 1.2804e-05  eta: 0:59:34  time: 0.4437  data_time: 0.0020  memory: 18271  loss: 0.2775  loss_ctc: 0.2775
2026/01/07 00:31:41 - mmengine - INFO - Epoch(train) [19][1250/4668]  lr: 1.2707e-05  eta: 0:59:12  time: 0.4622  data_time: 0.0020  memory: 18271  loss: 0.3020  loss_ctc: 0.3020
2026/01/07 00:32:03 - mmengine - INFO - Epoch(train) [19][1300/4668]  lr: 1.2610e-05  eta: 0:58:49  time: 0.4390  data_time: 0.0020  memory: 18271  loss: 0.2129  loss_ctc: 0.2129
2026/01/07 00:32:26 - mmengine - INFO - Epoch(train) [19][1350/4668]  lr: 1.2514e-05  eta: 0:58:26  time: 0.4539  data_time: 0.0020  memory: 18271  loss: 0.2482  loss_ctc: 0.2482
2026/01/07 00:32:49 - mmengine - INFO - Epoch(train) [19][1400/4668]  lr: 1.2418e-05  eta: 0:58:03  time: 0.4659  data_time: 0.0020  memory: 18271  loss: 0.2769  loss_ctc: 0.2769
2026/01/07 00:33:12 - mmengine - INFO - Epoch(train) [19][1450/4668]  lr: 1.2322e-05  eta: 0:57:41  time: 0.4739  data_time: 0.0022  memory: 18271  loss: 0.3069  loss_ctc: 0.3069
2026/01/07 00:33:35 - mmengine - INFO - Epoch(train) [19][1500/4668]  lr: 1.2227e-05  eta: 0:57:18  time: 0.4435  data_time: 0.0020  memory: 18271  loss: 0.2970  loss_ctc: 0.2970
2026/01/07 00:33:58 - mmengine - INFO - Epoch(train) [19][1550/4668]  lr: 1.2132e-05  eta: 0:56:55  time: 0.4419  data_time: 0.0020  memory: 18271  loss: 0.2449  loss_ctc: 0.2449
2026/01/07 00:34:20 - mmengine - INFO - Epoch(train) [19][1600/4668]  lr: 1.2038e-05  eta: 0:56:33  time: 0.4542  data_time: 0.0020  memory: 18271  loss: 0.2985  loss_ctc: 0.2985
2026/01/07 00:34:43 - mmengine - INFO - Epoch(train) [19][1650/4668]  lr: 1.1943e-05  eta: 0:56:10  time: 0.4698  data_time: 0.0020  memory: 18271  loss: 0.3338  loss_ctc: 0.3338
2026/01/07 00:35:04 - mmengine - INFO - Exp name: svtr-large_pretrain_cn_scene_20260106_223149
2026/01/07 00:35:06 - mmengine - INFO - Epoch(train) [19][1700/4668]  lr: 1.1850e-05  eta: 0:55:47  time: 0.4528  data_time: 0.0021  memory: 18271  loss: 0.2826  loss_ctc: 0.2826
2026/01/07 00:35:29 - mmengine - INFO - Epoch(train) [19][1750/4668]  lr: 1.1756e-05  eta: 0:55:24  time: 0.4489  data_time: 0.0021  memory: 18271  loss: 0.2245  loss_ctc: 0.2245
2026/01/07 00:35:51 - mmengine - INFO - Epoch(train) [19][1800/4668]  lr: 1.1663e-05  eta: 0:55:01  time: 0.4518  data_time: 0.0020  memory: 18271  loss: 0.2349  loss_ctc: 0.2349
2026/01/07 00:36:14 - mmengine - INFO - Epoch(train) [19][1850/4668]  lr: 1.1570e-05  eta: 0:54:39  time: 0.4575  data_time: 0.0021  memory: 18271  loss: 0.2343  loss_ctc: 0.2343
2026/01/07 00:36:36 - mmengine - INFO - Epoch(train) [19][1900/4668]  lr: 1.1478e-05  eta: 0:54:16  time: 0.4569  data_time: 0.0021  memory: 18271  loss: 0.2306  loss_ctc: 0.2306
2026/01/07 00:36:59 - mmengine - INFO - Epoch(train) [19][1950/4668]  lr: 1.1386e-05  eta: 0:53:53  time: 0.4327  data_time: 0.0021  memory: 18271  loss: 0.2589  loss_ctc: 0.2589
2026/01/07 00:37:21 - mmengine - INFO - Epoch(train) [19][2000/4668]  lr: 1.1294e-05  eta: 0:53:30  time: 0.4689  data_time: 0.0024  memory: 18271  loss: 0.2681  loss_ctc: 0.2681
2026/01/07 00:37:44 - mmengine - INFO - Epoch(train) [19][2050/4668]  lr: 1.1202e-05  eta: 0:53:07  time: 0.4486  data_time: 0.0020  memory: 18271  loss: 0.2109  loss_ctc: 0.2109
2026/01/07 00:38:06 - mmengine - INFO - Epoch(train) [19][2100/4668]  lr: 1.1111e-05  eta: 0:52:44  time: 0.4427  data_time: 0.0020  memory: 18271  loss: 0.2740  loss_ctc: 0.2740
2026/01/07 00:38:29 - mmengine - INFO - Epoch(train) [19][2150/4668]  lr: 1.1021e-05  eta: 0:52:22  time: 0.4584  data_time: 0.0020  memory: 18271  loss: 0.2669  loss_ctc: 0.2669
2026/01/07 00:38:52 - mmengine - INFO - Epoch(train) [19][2200/4668]  lr: 1.0930e-05  eta: 0:51:59  time: 0.4627  data_time: 0.0020  memory: 18271  loss: 0.2738  loss_ctc: 0.2738
2026/01/07 00:39:14 - mmengine - INFO - Epoch(train) [19][2250/4668]  lr: 1.0840e-05  eta: 0:51:36  time: 0.4394  data_time: 0.0020  memory: 18271  loss: 0.2539  loss_ctc: 0.2539
2026/01/07 00:39:36 - mmengine - INFO - Epoch(train) [19][2300/4668]  lr: 1.0751e-05  eta: 0:51:13  time: 0.4339  data_time: 0.0020  memory: 18271  loss: 0.2389  loss_ctc: 0.2389
2026/01/07 00:39:59 - mmengine - INFO - Epoch(train) [19][2350/4668]  lr: 1.0662e-05  eta: 0:50:50  time: 0.4420  data_time: 0.0021  memory: 18271  loss: 0.2684  loss_ctc: 0.2684
2026/01/07 00:40:22 - mmengine - INFO - Epoch(train) [19][2400/4668]  lr: 1.0573e-05  eta: 0:50:27  time: 0.4606  data_time: 0.0020  memory: 18271  loss: 0.2654  loss_ctc: 0.2654
2026/01/07 00:40:44 - mmengine - INFO - Epoch(train) [19][2450/4668]  lr: 1.0484e-05  eta: 0:50:04  time: 0.4680  data_time: 0.0020  memory: 18271  loss: 0.2620  loss_ctc: 0.2620
2026/01/07 00:41:07 - mmengine - INFO - Epoch(train) [19][2500/4668]  lr: 1.0396e-05  eta: 0:49:42  time: 0.4545  data_time: 0.0021  memory: 18271  loss: 0.2765  loss_ctc: 0.2765
2026/01/07 00:41:29 - mmengine - INFO - Epoch(train) [19][2550/4668]  lr: 1.0308e-05  eta: 0:49:19  time: 0.4511  data_time: 0.0021  memory: 18271  loss: 0.2731  loss_ctc: 0.2731
2026/01/07 00:41:52 - mmengine - INFO - Epoch(train) [19][2600/4668]  lr: 1.0221e-05  eta: 0:48:56  time: 0.4562  data_time: 0.0021  memory: 18271  loss: 0.3122  loss_ctc: 0.3122
2026/01/07 00:42:15 - mmengine - INFO - Epoch(train) [19][2650/4668]  lr: 1.0133e-05  eta: 0:48:34  time: 0.4630  data_time: 0.0021  memory: 18271  loss: 0.1963  loss_ctc: 0.1963
2026/01/07 00:42:36 - mmengine - INFO - Exp name: svtr-large_pretrain_cn_scene_20260106_223149
2026/01/07 00:42:38 - mmengine - INFO - Epoch(train) [19][2700/4668]  lr: 1.0047e-05  eta: 0:48:11  time: 0.4596  data_time: 0.0022  memory: 18271  loss: 0.2417  loss_ctc: 0.2417
2026/01/07 00:43:01 - mmengine - INFO - Epoch(train) [19][2750/4668]  lr: 9.9603e-06  eta: 0:47:48  time: 0.4518  data_time: 0.0020  memory: 18271  loss: 0.2409  loss_ctc: 0.2409
2026/01/07 00:43:24 - mmengine - INFO - Epoch(train) [19][2800/4668]  lr: 9.8742e-06  eta: 0:47:25  time: 0.4605  data_time: 0.0020  memory: 18271  loss: 0.2023  loss_ctc: 0.2023
2026/01/07 00:43:46 - mmengine - INFO - Epoch(train) [19][2850/4668]  lr: 9.7886e-06  eta: 0:47:03  time: 0.4650  data_time: 0.0024  memory: 18271  loss: 0.2842  loss_ctc: 0.2842
2026/01/07 00:44:09 - mmengine - INFO - Epoch(train) [19][2900/4668]  lr: 9.7032e-06  eta: 0:46:40  time: 0.4405  data_time: 0.0020  memory: 18271  loss: 0.2541  loss_ctc: 0.2541
2026/01/07 00:44:32 - mmengine - INFO - Epoch(train) [19][2950/4668]  lr: 9.6182e-06  eta: 0:46:17  time: 0.4453  data_time: 0.0020  memory: 18271  loss: 0.2771  loss_ctc: 0.2771
2026/01/07 00:44:54 - mmengine - INFO - Epoch(train) [19][3000/4668]  lr: 9.5336e-06  eta: 0:45:54  time: 0.4622  data_time: 0.0022  memory: 18271  loss: 0.2884  loss_ctc: 0.2884
2026/01/07 00:45:17 - mmengine - INFO - Epoch(train) [19][3050/4668]  lr: 9.4494e-06  eta: 0:45:32  time: 0.4402  data_time: 0.0020  memory: 18271  loss: 0.2881  loss_ctc: 0.2881
2026/01/07 00:45:40 - mmengine - INFO - Epoch(train) [19][3100/4668]  lr: 9.3655e-06  eta: 0:45:09  time: 0.4735  data_time: 0.0021  memory: 18271  loss: 0.3257  loss_ctc: 0.3257
2026/01/07 00:46:03 - mmengine - INFO - Epoch(train) [19][3150/4668]  lr: 9.2819e-06  eta: 0:44:46  time: 0.4709  data_time: 0.0022  memory: 18271  loss: 0.2552  loss_ctc: 0.2552
2026/01/07 00:46:26 - mmengine - INFO - Epoch(train) [19][3200/4668]  lr: 9.1988e-06  eta: 0:44:23  time: 0.4604  data_time: 0.0020  memory: 18271  loss: 0.2387  loss_ctc: 0.2387
2026/01/07 00:46:49 - mmengine - INFO - Epoch(train) [19][3250/4668]  lr: 9.1159e-06  eta: 0:44:01  time: 0.4403  data_time: 0.0020  memory: 18271  loss: 0.2427  loss_ctc: 0.2427
2026/01/07 00:47:11 - mmengine - INFO - Epoch(train) [19][3300/4668]  lr: 9.0335e-06  eta: 0:43:38  time: 0.4497  data_time: 0.0021  memory: 18271  loss: 0.2989  loss_ctc: 0.2989
2026/01/07 00:47:35 - mmengine - INFO - Epoch(train) [19][3350/4668]  lr: 8.9514e-06  eta: 0:43:15  time: 0.4606  data_time: 0.0021  memory: 18271  loss: 0.2855  loss_ctc: 0.2855
2026/01/07 00:47:57 - mmengine - INFO - Epoch(train) [19][3400/4668]  lr: 8.8696e-06  eta: 0:42:53  time: 0.4440  data_time: 0.0020  memory: 18271  loss: 0.2599  loss_ctc: 0.2599
2026/01/07 00:48:20 - mmengine - INFO - Epoch(train) [19][3450/4668]  lr: 8.7883e-06  eta: 0:42:30  time: 0.4625  data_time: 0.0020  memory: 18271  loss: 0.2704  loss_ctc: 0.2704
2026/01/07 00:48:42 - mmengine - INFO - Epoch(train) [19][3500/4668]  lr: 8.7073e-06  eta: 0:42:07  time: 0.4487  data_time: 0.0020  memory: 18271  loss: 0.2622  loss_ctc: 0.2622
2026/01/07 00:49:05 - mmengine - INFO - Epoch(train) [19][3550/4668]  lr: 8.6266e-06  eta: 0:41:44  time: 0.4805  data_time: 0.0021  memory: 18271  loss: 0.2765  loss_ctc: 0.2765
2026/01/07 00:49:28 - mmengine - INFO - Epoch(train) [19][3600/4668]  lr: 8.5463e-06  eta: 0:41:21  time: 0.4516  data_time: 0.0022  memory: 18271  loss: 0.2872  loss_ctc: 0.2872
2026/01/07 00:49:51 - mmengine - INFO - Epoch(train) [19][3650/4668]  lr: 8.4664e-06  eta: 0:40:59  time: 0.4403  data_time: 0.0020  memory: 18271  loss: 0.2526  loss_ctc: 0.2526
2026/01/07 00:50:12 - mmengine - INFO - Exp name: svtr-large_pretrain_cn_scene_20260106_223149
2026/01/07 00:50:13 - mmengine - INFO - Epoch(train) [19][3700/4668]  lr: 8.3868e-06  eta: 0:40:36  time: 0.4422  data_time: 0.0021  memory: 18271  loss: 0.3143  loss_ctc: 0.3143
2026/01/07 00:50:36 - mmengine - INFO - Epoch(train) [19][3750/4668]  lr: 8.3076e-06  eta: 0:40:13  time: 0.4411  data_time: 0.0021  memory: 18271  loss: 0.2337  loss_ctc: 0.2337
2026/01/07 00:50:59 - mmengine - INFO - Epoch(train) [19][3800/4668]  lr: 8.2288e-06  eta: 0:39:50  time: 0.4753  data_time: 0.0021  memory: 18271  loss: 0.2297  loss_ctc: 0.2297
2026/01/07 00:51:21 - mmengine - INFO - Epoch(train) [19][3850/4668]  lr: 8.1503e-06  eta: 0:39:28  time: 0.4490  data_time: 0.0020  memory: 18271  loss: 0.2495  loss_ctc: 0.2495
2026/01/07 00:51:44 - mmengine - INFO - Epoch(train) [19][3900/4668]  lr: 8.0722e-06  eta: 0:39:05  time: 0.4682  data_time: 0.0022  memory: 18271  loss: 0.3030  loss_ctc: 0.3030
2026/01/07 00:52:07 - mmengine - INFO - Epoch(train) [19][3950/4668]  lr: 7.9944e-06  eta: 0:38:42  time: 0.4771  data_time: 0.0020  memory: 18271  loss: 0.2725  loss_ctc: 0.2725
2026/01/07 00:52:30 - mmengine - INFO - Epoch(train) [19][4000/4668]  lr: 7.9170e-06  eta: 0:38:19  time: 0.4611  data_time: 0.0023  memory: 18271  loss: 0.2462  loss_ctc: 0.2462
2026/01/07 00:52:52 - mmengine - INFO - Epoch(train) [19][4050/4668]  lr: 7.8400e-06  eta: 0:37:57  time: 0.4599  data_time: 0.0021  memory: 18271  loss: 0.2610  loss_ctc: 0.2610
2026/01/07 00:53:15 - mmengine - INFO - Epoch(train) [19][4100/4668]  lr: 7.7634e-06  eta: 0:37:34  time: 0.4517  data_time: 0.0021  memory: 18271  loss: 0.2570  loss_ctc: 0.2570
2026/01/07 00:53:37 - mmengine - INFO - Epoch(train) [19][4150/4668]  lr: 7.6871e-06  eta: 0:37:11  time: 0.4594  data_time: 0.0023  memory: 18271  loss: 0.2568  loss_ctc: 0.2568
2026/01/07 00:54:00 - mmengine - INFO - Epoch(train) [19][4200/4668]  lr: 7.6111e-06  eta: 0:36:48  time: 0.4337  data_time: 0.0020  memory: 18271  loss: 0.2486  loss_ctc: 0.2486
2026/01/07 00:54:23 - mmengine - INFO - Epoch(train) [19][4250/4668]  lr: 7.5356e-06  eta: 0:36:25  time: 0.4694  data_time: 0.0021  memory: 18271  loss: 0.2874  loss_ctc: 0.2874
2026/01/07 00:54:46 - mmengine - INFO - Epoch(train) [19][4300/4668]  lr: 7.4604e-06  eta: 0:36:03  time: 0.4780  data_time: 0.0023  memory: 18271  loss: 0.2707  loss_ctc: 0.2707
2026/01/07 00:55:08 - mmengine - INFO - Epoch(train) [19][4350/4668]  lr: 7.3855e-06  eta: 0:35:40  time: 0.4457  data_time: 0.0021  memory: 18271  loss: 0.2564  loss_ctc: 0.2564
2026/01/07 00:55:31 - mmengine - INFO - Epoch(train) [19][4400/4668]  lr: 7.3111e-06  eta: 0:35:17  time: 0.4592  data_time: 0.0020  memory: 18271  loss: 0.2378  loss_ctc: 0.2378
2026/01/07 00:55:53 - mmengine - INFO - Epoch(train) [19][4450/4668]  lr: 7.2370e-06  eta: 0:34:54  time: 0.4333  data_time: 0.0020  memory: 18271  loss: 0.2134  loss_ctc: 0.2134
2026/01/07 00:56:16 - mmengine - INFO - Epoch(train) [19][4500/4668]  lr: 7.1632e-06  eta: 0:34:32  time: 0.4552  data_time: 0.0021  memory: 18271  loss: 0.2348  loss_ctc: 0.2348
2026/01/07 00:56:39 - mmengine - INFO - Epoch(train) [19][4550/4668]  lr: 7.0899e-06  eta: 0:34:09  time: 0.4649  data_time: 0.0020  memory: 18271  loss: 0.2559  loss_ctc: 0.2559
2026/01/07 00:57:01 - mmengine - INFO - Epoch(train) [19][4600/4668]  lr: 7.0169e-06  eta: 0:33:46  time: 0.4576  data_time: 0.0022  memory: 18271  loss: 0.2448  loss_ctc: 0.2448
2026/01/07 00:57:24 - mmengine - INFO - Epoch(train) [19][4650/4668]  lr: 6.9442e-06  eta: 0:33:23  time: 0.4556  data_time: 0.0020  memory: 18271  loss: 0.2748  loss_ctc: 0.2748
2026/01/07 00:57:32 - mmengine - INFO - Exp name: svtr-large_pretrain_cn_scene_20260106_223149
2026/01/07 00:57:32 - mmengine - INFO - Saving checkpoint at 19 epochs
2026/01/07 00:57:47 - mmengine - INFO - Epoch(val) [19][20/20]    PretrainCN/recog/word_acc: 0.9082  PretrainCN/recog/1-N.E.D: 0.9695  PretrainCN_holdout/recog/word_acc: 0.9196  PretrainCN_holdout/recog/1-N.E.D: 0.9764  data_time: 0.0126  time: 0.3461
2026/01/07 00:58:04 - mmengine - INFO - Exp name: svtr-large_pretrain_cn_scene_20260106_223149
2026/01/07 00:58:14 - mmengine - INFO - Epoch(train) [20][  50/4668]  lr: 6.8460e-06  eta: 0:32:53  time: 0.4603  data_time: 0.0022  memory: 18271  loss: 0.2345  loss_ctc: 0.2345
2026/01/07 00:58:37 - mmengine - INFO - Epoch(train) [20][ 100/4668]  lr: 6.7743e-06  eta: 0:32:31  time: 0.4438  data_time: 0.0020  memory: 18271  loss: 0.2830  loss_ctc: 0.2830
2026/01/07 00:58:59 - mmengine - INFO - Epoch(train) [20][ 150/4668]  lr: 6.7029e-06  eta: 0:32:08  time: 0.4501  data_time: 0.0020  memory: 18271  loss: 0.2576  loss_ctc: 0.2576
2026/01/07 00:59:22 - mmengine - INFO - Epoch(train) [20][ 200/4668]  lr: 6.6318e-06  eta: 0:31:45  time: 0.4463  data_time: 0.0020  memory: 18271  loss: 0.2867  loss_ctc: 0.2867
2026/01/07 00:59:45 - mmengine - INFO - Epoch(train) [20][ 250/4668]  lr: 6.5612e-06  eta: 0:31:22  time: 0.4611  data_time: 0.0020  memory: 18271  loss: 0.2487  loss_ctc: 0.2487
2026/01/07 01:00:07 - mmengine - INFO - Epoch(train) [20][ 300/4668]  lr: 6.4909e-06  eta: 0:30:59  time: 0.4464  data_time: 0.0020  memory: 18271  loss: 0.2719  loss_ctc: 0.2719
2026/01/07 01:00:30 - mmengine - INFO - Epoch(train) [20][ 350/4668]  lr: 6.4210e-06  eta: 0:30:37  time: 0.4628  data_time: 0.0021  memory: 18271  loss: 0.2682  loss_ctc: 0.2682
2026/01/07 01:00:53 - mmengine - INFO - Epoch(train) [20][ 400/4668]  lr: 6.3514e-06  eta: 0:30:14  time: 0.4561  data_time: 0.0020  memory: 18271  loss: 0.2796  loss_ctc: 0.2796
2026/01/07 01:01:16 - mmengine - INFO - Epoch(train) [20][ 450/4668]  lr: 6.2822e-06  eta: 0:29:51  time: 0.4370  data_time: 0.0021  memory: 18271  loss: 0.2337  loss_ctc: 0.2337
2026/01/07 01:01:39 - mmengine - INFO - Epoch(train) [20][ 500/4668]  lr: 6.2134e-06  eta: 0:29:29  time: 0.4454  data_time: 0.0021  memory: 18271  loss: 0.2844  loss_ctc: 0.2844
2026/01/07 01:02:02 - mmengine - INFO - Epoch(train) [20][ 550/4668]  lr: 6.1449e-06  eta: 0:29:06  time: 0.4511  data_time: 0.0021  memory: 18271  loss: 0.2082  loss_ctc: 0.2082
2026/01/07 01:02:25 - mmengine - INFO - Epoch(train) [20][ 600/4668]  lr: 6.0769e-06  eta: 0:28:43  time: 0.4819  data_time: 0.0023  memory: 18271  loss: 0.2407  loss_ctc: 0.2407
2026/01/07 01:02:48 - mmengine - INFO - Epoch(train) [20][ 650/4668]  lr: 6.0091e-06  eta: 0:28:20  time: 0.4777  data_time: 0.0025  memory: 18271  loss: 0.2807  loss_ctc: 0.2807
2026/01/07 01:03:10 - mmengine - INFO - Epoch(train) [20][ 700/4668]  lr: 5.9418e-06  eta: 0:27:58  time: 0.4493  data_time: 0.0026  memory: 18271  loss: 0.2257  loss_ctc: 0.2257
2026/01/07 01:03:33 - mmengine - INFO - Epoch(train) [20][ 750/4668]  lr: 5.8748e-06  eta: 0:27:35  time: 0.4502  data_time: 0.0020  memory: 18271  loss: 0.2509  loss_ctc: 0.2509
2026/01/07 01:03:56 - mmengine - INFO - Epoch(train) [20][ 800/4668]  lr: 5.8082e-06  eta: 0:27:12  time: 0.4435  data_time: 0.0020  memory: 18271  loss: 0.2538  loss_ctc: 0.2538
2026/01/07 01:04:19 - mmengine - INFO - Epoch(train) [20][ 850/4668]  lr: 5.7420e-06  eta: 0:26:49  time: 0.4495  data_time: 0.0022  memory: 18271  loss: 0.3214  loss_ctc: 0.3214
2026/01/07 01:04:41 - mmengine - INFO - Epoch(train) [20][ 900/4668]  lr: 5.6761e-06  eta: 0:26:27  time: 0.4391  data_time: 0.0022  memory: 18271  loss: 0.2098  loss_ctc: 0.2098
2026/01/07 01:05:03 - mmengine - INFO - Epoch(train) [20][ 950/4668]  lr: 5.6107e-06  eta: 0:26:04  time: 0.4455  data_time: 0.0021  memory: 18271  loss: 0.2353  loss_ctc: 0.2353
2026/01/07 01:05:26 - mmengine - INFO - Epoch(train) [20][1000/4668]  lr: 5.5455e-06  eta: 0:25:41  time: 0.4689  data_time: 0.0021  memory: 18271  loss: 0.2271  loss_ctc: 0.2271
2026/01/07 01:05:39 - mmengine - INFO - Exp name: svtr-large_pretrain_cn_scene_20260106_223149
2026/01/07 01:05:49 - mmengine - INFO - Epoch(train) [20][1050/4668]  lr: 5.4808e-06  eta: 0:25:18  time: 0.4559  data_time: 0.0024  memory: 18271  loss: 0.2550  loss_ctc: 0.2550
2026/01/07 01:06:12 - mmengine - INFO - Epoch(train) [20][1100/4668]  lr: 5.4164e-06  eta: 0:24:55  time: 0.4618  data_time: 0.0021  memory: 18271  loss: 0.2333  loss_ctc: 0.2333
2026/01/07 01:06:34 - mmengine - INFO - Epoch(train) [20][1150/4668]  lr: 5.3524e-06  eta: 0:24:33  time: 0.4591  data_time: 0.0020  memory: 18271  loss: 0.2211  loss_ctc: 0.2211
2026/01/07 01:06:57 - mmengine - INFO - Epoch(train) [20][1200/4668]  lr: 5.2888e-06  eta: 0:24:10  time: 0.4768  data_time: 0.0023  memory: 18271  loss: 0.2965  loss_ctc: 0.2965
2026/01/07 01:07:20 - mmengine - INFO - Epoch(train) [20][1250/4668]  lr: 5.2255e-06  eta: 0:23:47  time: 0.4582  data_time: 0.0020  memory: 18271  loss: 0.2505  loss_ctc: 0.2505
2026/01/07 01:07:43 - mmengine - INFO - Epoch(train) [20][1300/4668]  lr: 5.1627e-06  eta: 0:23:24  time: 0.4591  data_time: 0.0021  memory: 18271  loss: 0.2978  loss_ctc: 0.2978
2026/01/07 01:08:05 - mmengine - INFO - Epoch(train) [20][1350/4668]  lr: 5.1001e-06  eta: 0:23:02  time: 0.4471  data_time: 0.0022  memory: 18271  loss: 0.2748  loss_ctc: 0.2748
2026/01/07 01:08:28 - mmengine - INFO - Epoch(train) [20][1400/4668]  lr: 5.0380e-06  eta: 0:22:39  time: 0.4554  data_time: 0.0021  memory: 18271  loss: 0.2614  loss_ctc: 0.2614
2026/01/07 01:08:51 - mmengine - INFO - Epoch(train) [20][1450/4668]  lr: 4.9762e-06  eta: 0:22:16  time: 0.4581  data_time: 0.0022  memory: 18271  loss: 0.2373  loss_ctc: 0.2373
2026/01/07 01:09:14 - mmengine - INFO - Epoch(train) [20][1500/4668]  lr: 4.9148e-06  eta: 0:21:53  time: 0.4524  data_time: 0.0023  memory: 18271  loss: 0.2494  loss_ctc: 0.2494
2026/01/07 01:09:37 - mmengine - INFO - Epoch(train) [20][1550/4668]  lr: 4.8538e-06  eta: 0:21:31  time: 0.4594  data_time: 0.0022  memory: 18271  loss: 0.2912  loss_ctc: 0.2912
2026/01/07 01:09:59 - mmengine - INFO - Epoch(train) [20][1600/4668]  lr: 4.7932e-06  eta: 0:21:08  time: 0.4512  data_time: 0.0023  memory: 18271  loss: 0.2596  loss_ctc: 0.2596
2026/01/07 01:10:22 - mmengine - INFO - Epoch(train) [20][1650/4668]  lr: 4.7329e-06  eta: 0:20:45  time: 0.4423  data_time: 0.0021  memory: 18271  loss: 0.2817  loss_ctc: 0.2817
2026/01/07 01:10:45 - mmengine - INFO - Epoch(train) [20][1700/4668]  lr: 4.6730e-06  eta: 0:20:22  time: 0.4266  data_time: 0.0022  memory: 18271  loss: 0.3149  loss_ctc: 0.3149
2026/01/07 01:11:07 - mmengine - INFO - Epoch(train) [20][1750/4668]  lr: 4.6135e-06  eta: 0:20:00  time: 0.4434  data_time: 0.0020  memory: 18271  loss: 0.2632  loss_ctc: 0.2632
2026/01/07 01:11:30 - mmengine - INFO - Epoch(train) [20][1800/4668]  lr: 4.5543e-06  eta: 0:19:37  time: 0.4633  data_time: 0.0020  memory: 18271  loss: 0.3055  loss_ctc: 0.3055
2026/01/07 01:11:53 - mmengine - INFO - Epoch(train) [20][1850/4668]  lr: 4.4956e-06  eta: 0:19:14  time: 0.4472  data_time: 0.0020  memory: 18271  loss: 0.2534  loss_ctc: 0.2534
2026/01/07 01:12:16 - mmengine - INFO - Epoch(train) [20][1900/4668]  lr: 4.4372e-06  eta: 0:18:51  time: 0.4691  data_time: 0.0020  memory: 18271  loss: 0.2376  loss_ctc: 0.2376
2026/01/07 01:12:38 - mmengine - INFO - Epoch(train) [20][1950/4668]  lr: 4.3791e-06  eta: 0:18:29  time: 0.4634  data_time: 0.0020  memory: 18271  loss: 0.2715  loss_ctc: 0.2715
2026/01/07 01:13:01 - mmengine - INFO - Epoch(train) [20][2000/4668]  lr: 4.3215e-06  eta: 0:18:06  time: 0.4427  data_time: 0.0021  memory: 18271  loss: 0.2775  loss_ctc: 0.2775
2026/01/07 01:13:13 - mmengine - INFO - Exp name: svtr-large_pretrain_cn_scene_20260106_223149
2026/01/07 01:13:23 - mmengine - INFO - Epoch(train) [20][2050/4668]  lr: 4.2642e-06  eta: 0:17:43  time: 0.4820  data_time: 0.0023  memory: 18271  loss: 0.2877  loss_ctc: 0.2877
2026/01/07 01:13:46 - mmengine - INFO - Epoch(train) [20][2100/4668]  lr: 4.2073e-06  eta: 0:17:20  time: 0.4480  data_time: 0.0020  memory: 18271  loss: 0.2480  loss_ctc: 0.2480
2026/01/07 01:14:09 - mmengine - INFO - Epoch(train) [20][2150/4668]  lr: 4.1508e-06  eta: 0:16:58  time: 0.4404  data_time: 0.0022  memory: 18271  loss: 0.2763  loss_ctc: 0.2763
2026/01/07 01:14:32 - mmengine - INFO - Epoch(train) [20][2200/4668]  lr: 4.0946e-06  eta: 0:16:35  time: 0.4714  data_time: 0.0023  memory: 18271  loss: 0.2747  loss_ctc: 0.2747
2026/01/07 01:14:54 - mmengine - INFO - Epoch(train) [20][2250/4668]  lr: 4.0389e-06  eta: 0:16:12  time: 0.4522  data_time: 0.0021  memory: 18271  loss: 0.2483  loss_ctc: 0.2483
2026/01/07 01:15:17 - mmengine - INFO - Epoch(train) [20][2300/4668]  lr: 3.9835e-06  eta: 0:15:49  time: 0.4588  data_time: 0.0021  memory: 18271  loss: 0.2293  loss_ctc: 0.2293
2026/01/07 01:15:40 - mmengine - INFO - Epoch(train) [20][2350/4668]  lr: 3.9285e-06  eta: 0:15:27  time: 0.4663  data_time: 0.0022  memory: 18271  loss: 0.2918  loss_ctc: 0.2918
2026/01/07 01:16:02 - mmengine - INFO - Epoch(train) [20][2400/4668]  lr: 3.8738e-06  eta: 0:15:04  time: 0.4580  data_time: 0.0021  memory: 18271  loss: 0.2190  loss_ctc: 0.2190
2026/01/07 01:16:25 - mmengine - INFO - Epoch(train) [20][2450/4668]  lr: 3.8196e-06  eta: 0:14:41  time: 0.4518  data_time: 0.0021  memory: 18271  loss: 0.2679  loss_ctc: 0.2679
2026/01/07 01:16:49 - mmengine - INFO - Epoch(train) [20][2500/4668]  lr: 3.7657e-06  eta: 0:14:18  time: 0.4574  data_time: 0.0022  memory: 18271  loss: 0.2442  loss_ctc: 0.2442
2026/01/07 01:17:11 - mmengine - INFO - Epoch(train) [20][2550/4668]  lr: 3.7122e-06  eta: 0:13:56  time: 0.4382  data_time: 0.0020  memory: 18271  loss: 0.2336  loss_ctc: 0.2336
2026/01/07 01:17:34 - mmengine - INFO - Epoch(train) [20][2600/4668]  lr: 3.6590e-06  eta: 0:13:33  time: 0.4391  data_time: 0.0020  memory: 18271  loss: 0.2270  loss_ctc: 0.2270
2026/01/07 01:17:57 - mmengine - INFO - Epoch(train) [20][2650/4668]  lr: 3.6063e-06  eta: 0:13:10  time: 0.4569  data_time: 0.0020  memory: 18271  loss: 0.2293  loss_ctc: 0.2293
2026/01/07 01:18:20 - mmengine - INFO - Epoch(train) [20][2700/4668]  lr: 3.5539e-06  eta: 0:12:47  time: 0.4902  data_time: 0.0022  memory: 18271  loss: 0.2844  loss_ctc: 0.2844
2026/01/07 01:18:43 - mmengine - INFO - Epoch(train) [20][2750/4668]  lr: 3.5019e-06  eta: 0:12:25  time: 0.4518  data_time: 0.0021  memory: 18271  loss: 0.2849  loss_ctc: 0.2849
2026/01/07 01:19:05 - mmengine - INFO - Epoch(train) [20][2800/4668]  lr: 3.4503e-06  eta: 0:12:02  time: 0.4409  data_time: 0.0020  memory: 18271  loss: 0.2491  loss_ctc: 0.2491
2026/01/07 01:19:28 - mmengine - INFO - Epoch(train) [20][2850/4668]  lr: 3.3990e-06  eta: 0:11:39  time: 0.4589  data_time: 0.0021  memory: 18271  loss: 0.2880  loss_ctc: 0.2880
2026/01/07 01:19:50 - mmengine - INFO - Epoch(train) [20][2900/4668]  lr: 3.3481e-06  eta: 0:11:16  time: 0.4400  data_time: 0.0021  memory: 18271  loss: 0.2543  loss_ctc: 0.2543
2026/01/07 01:20:13 - mmengine - INFO - Epoch(train) [20][2950/4668]  lr: 3.2977e-06  eta: 0:10:54  time: 0.4358  data_time: 0.0022  memory: 18271  loss: 0.2490  loss_ctc: 0.2490
2026/01/07 01:20:36 - mmengine - INFO - Epoch(train) [20][3000/4668]  lr: 3.2475e-06  eta: 0:10:31  time: 0.4519  data_time: 0.0020  memory: 18271  loss: 0.2376  loss_ctc: 0.2376
2026/01/07 01:20:48 - mmengine - INFO - Exp name: svtr-large_pretrain_cn_scene_20260106_223149
2026/01/07 01:20:59 - mmengine - INFO - Epoch(train) [20][3050/4668]  lr: 3.1978e-06  eta: 0:10:08  time: 0.4520  data_time: 0.0020  memory: 18271  loss: 0.2482  loss_ctc: 0.2482
2026/01/07 01:21:21 - mmengine - INFO - Epoch(train) [20][3100/4668]  lr: 3.1485e-06  eta: 0:09:45  time: 0.4679  data_time: 0.0020  memory: 18271  loss: 0.2545  loss_ctc: 0.2545
2026/01/07 01:21:44 - mmengine - INFO - Epoch(train) [20][3150/4668]  lr: 3.0995e-06  eta: 0:09:23  time: 0.4462  data_time: 0.0020  memory: 18271  loss: 0.2614  loss_ctc: 0.2614
2026/01/07 01:22:07 - mmengine - INFO - Epoch(train) [20][3200/4668]  lr: 3.0509e-06  eta: 0:09:00  time: 0.4279  data_time: 0.0020  memory: 18271  loss: 0.2572  loss_ctc: 0.2572
2026/01/07 01:22:30 - mmengine - INFO - Epoch(train) [20][3250/4668]  lr: 3.0027e-06  eta: 0:08:37  time: 0.4527  data_time: 0.0021  memory: 18271  loss: 0.2562  loss_ctc: 0.2562
2026/01/07 01:22:52 - mmengine - INFO - Epoch(train) [20][3300/4668]  lr: 2.9548e-06  eta: 0:08:14  time: 0.4420  data_time: 0.0021  memory: 18271  loss: 0.2624  loss_ctc: 0.2624
2026/01/07 01:23:15 - mmengine - INFO - Epoch(train) [20][3350/4668]  lr: 2.9074e-06  eta: 0:07:52  time: 0.4390  data_time: 0.0023  memory: 18271  loss: 0.2661  loss_ctc: 0.2661
2026/01/07 01:23:37 - mmengine - INFO - Epoch(train) [20][3400/4668]  lr: 2.8603e-06  eta: 0:07:29  time: 0.4369  data_time: 0.0019  memory: 18271  loss: 0.2479  loss_ctc: 0.2479
2026/01/07 01:24:00 - mmengine - INFO - Epoch(train) [20][3450/4668]  lr: 2.8136e-06  eta: 0:07:06  time: 0.4605  data_time: 0.0021  memory: 18271  loss: 0.3046  loss_ctc: 0.3046
2026/01/07 01:24:23 - mmengine - INFO - Epoch(train) [20][3500/4668]  lr: 2.7673e-06  eta: 0:06:43  time: 0.5056  data_time: 0.0021  memory: 18271  loss: 0.2589  loss_ctc: 0.2589
2026/01/07 01:24:45 - mmengine - INFO - Epoch(train) [20][3550/4668]  lr: 2.7214e-06  eta: 0:06:21  time: 0.4498  data_time: 0.0020  memory: 18271  loss: 0.2250  loss_ctc: 0.2250
2026/01/07 01:25:08 - mmengine - INFO - Epoch(train) [20][3600/4668]  lr: 2.6758e-06  eta: 0:05:58  time: 0.4458  data_time: 0.0020  memory: 18271  loss: 0.2997  loss_ctc: 0.2997
2026/01/07 01:25:30 - mmengine - INFO - Epoch(train) [20][3650/4668]  lr: 2.6306e-06  eta: 0:05:35  time: 0.4558  data_time: 0.0021  memory: 18271  loss: 0.2390  loss_ctc: 0.2390
2026/01/07 01:25:53 - mmengine - INFO - Epoch(train) [20][3700/4668]  lr: 2.5858e-06  eta: 0:05:12  time: 0.4547  data_time: 0.0022  memory: 18271  loss: 0.2669  loss_ctc: 0.2669
2026/01/07 01:26:16 - mmengine - INFO - Epoch(train) [20][3750/4668]  lr: 2.5414e-06  eta: 0:04:50  time: 0.4407  data_time: 0.0021  memory: 18271  loss: 0.2837  loss_ctc: 0.2837
2026/01/07 01:26:38 - mmengine - INFO - Epoch(train) [20][3800/4668]  lr: 2.4974e-06  eta: 0:04:27  time: 0.4360  data_time: 0.0020  memory: 18271  loss: 0.2285  loss_ctc: 0.2285
2026/01/07 01:27:01 - mmengine - INFO - Epoch(train) [20][3850/4668]  lr: 2.4537e-06  eta: 0:04:04  time: 0.4292  data_time: 0.0022  memory: 18271  loss: 0.2424  loss_ctc: 0.2424
2026/01/07 01:27:23 - mmengine - INFO - Epoch(train) [20][3900/4668]  lr: 2.4104e-06  eta: 0:03:41  time: 0.4685  data_time: 0.0020  memory: 18271  loss: 0.2495  loss_ctc: 0.2495
2026/01/07 01:27:45 - mmengine - INFO - Epoch(train) [20][3950/4668]  lr: 2.3676e-06  eta: 0:03:19  time: 0.4407  data_time: 0.0020  memory: 18271  loss: 0.2631  loss_ctc: 0.2631
2026/01/07 01:28:08 - mmengine - INFO - Epoch(train) [20][4000/4668]  lr: 2.3250e-06  eta: 0:02:56  time: 0.4374  data_time: 0.0020  memory: 18271  loss: 0.2742  loss_ctc: 0.2742
2026/01/07 01:28:21 - mmengine - INFO - Exp name: svtr-large_pretrain_cn_scene_20260106_223149
2026/01/07 01:28:31 - mmengine - INFO - Epoch(train) [20][4050/4668]  lr: 2.2829e-06  eta: 0:02:33  time: 0.4471  data_time: 0.0021  memory: 18271  loss: 0.3084  loss_ctc: 0.3084
2026/01/07 01:28:54 - mmengine - INFO - Epoch(train) [20][4100/4668]  lr: 2.2412e-06  eta: 0:02:10  time: 0.4542  data_time: 0.0020  memory: 18271  loss: 0.2531  loss_ctc: 0.2531
2026/01/07 01:29:17 - mmengine - INFO - Epoch(train) [20][4150/4668]  lr: 2.1998e-06  eta: 0:01:48  time: 0.4510  data_time: 0.0021  memory: 18271  loss: 0.2401  loss_ctc: 0.2401
2026/01/07 01:29:40 - mmengine - INFO - Epoch(train) [20][4200/4668]  lr: 2.1588e-06  eta: 0:01:25  time: 0.4452  data_time: 0.0021  memory: 18271  loss: 0.2638  loss_ctc: 0.2638
2026/01/07 01:30:02 - mmengine - INFO - Epoch(train) [20][4250/4668]  lr: 2.1182e-06  eta: 0:01:02  time: 0.4610  data_time: 0.0021  memory: 18271  loss: 0.2350  loss_ctc: 0.2350
2026/01/07 01:30:25 - mmengine - INFO - Epoch(train) [20][4300/4668]  lr: 2.0780e-06  eta: 0:00:40  time: 0.4549  data_time: 0.0021  memory: 18271  loss: 0.2849  loss_ctc: 0.2849
2026/01/07 01:30:48 - mmengine - INFO - Epoch(train) [20][4350/4668]  lr: 2.0382e-06  eta: 0:00:17  time: 0.4780  data_time: 0.0025  memory: 18271  loss: 0.3018  loss_ctc: 0.3018
2026/01/07 01:31:10 - mmengine - INFO - Epoch(train) [20][4400/4668]  lr: 1.9987e-06  eta: -1 day, 23:59:55  time: 0.4598  data_time: 0.0021  memory: 18271  loss: 0.3028  loss_ctc: 0.3028
2026/01/07 01:31:33 - mmengine - INFO - Epoch(train) [20][4450/4668]  lr: 1.9596e-06  eta: -1 day, 23:59:32  time: 0.4514  data_time: 0.0020  memory: 18271  loss: 0.3200  loss_ctc: 0.3200
2026/01/07 01:31:56 - mmengine - INFO - Epoch(train) [20][4500/4668]  lr: 1.9210e-06  eta: -1 day, 23:59:10  time: 0.4603  data_time: 0.0025  memory: 18271  loss: 0.2782  loss_ctc: 0.2782
2026/01/07 01:32:18 - mmengine - INFO - Epoch(train) [20][4550/4668]  lr: 1.8826e-06  eta: -1 day, 23:58:47  time: 0.4358  data_time: 0.0020  memory: 18271  loss: 0.2481  loss_ctc: 0.2481
2026/01/07 01:32:41 - mmengine - INFO - Epoch(train) [20][4600/4668]  lr: 1.8447e-06  eta: -1 day, 23:58:24  time: 0.4480  data_time: 0.0020  memory: 18271  loss: 0.2898  loss_ctc: 0.2898
2026/01/07 01:33:04 - mmengine - INFO - Epoch(train) [20][4650/4668]  lr: 1.8072e-06  eta: -1 day, 23:58:01  time: 0.4712  data_time: 0.0022  memory: 18271  loss: 0.2489  loss_ctc: 0.2489
2026/01/07 01:33:11 - mmengine - INFO - Exp name: svtr-large_pretrain_cn_scene_20260106_223149
2026/01/07 01:33:11 - mmengine - INFO - Saving checkpoint at 20 epochs
2026/01/07 01:33:26 - mmengine - INFO - Epoch(val) [20][20/20]    PretrainCN/recog/word_acc: 0.9082  PretrainCN/recog/1-N.E.D: 0.9695  PretrainCN_holdout/recog/word_acc: 0.9216  PretrainCN_holdout/recog/1-N.E.D: 0.9772  data_time: 0.0225  time: 0.3523
2026/01/07 01:33:26 - mmengine - INFO - The previous best checkpoint /root/lanyun-tmp/mmocr/work_dirs/svtr-large_pretrain/best_PretrainCN_holdout_recog_word_acc_epoch_18.pth is removed
2026/01/07 01:33:33 - mmengine - INFO - The best checkpoint with 0.9216 PretrainCN_holdout/recog/word_acc at 20 epoch is saved to best_PretrainCN_holdout_recog_word_acc_epoch_20.pth.
2026/01/07 01:33:33 - mmengine - INFO - The previous best checkpoint /root/lanyun-tmp/mmocr/work_dirs/svtr-large_pretrain/best_PretrainCN_holdout_recog_1-N.E.D_epoch_18.pth is removed
2026/01/07 01:33:40 - mmengine - INFO - The best checkpoint with 0.9772 PretrainCN_holdout/recog/1-N.E.D at 20 epoch is saved to best_PretrainCN_holdout_recog_1-N.E.D_epoch_20.pth.
