2026/01/08 08:43:23 - mmengine - INFO - 
------------------------------------------------------------
System environment:
    sys.platform: linux
    Python: 3.8.20 (default, Oct  3 2024, 15:24:27) [GCC 11.2.0]
    CUDA available: True
    MUSA available: False
    numpy_random_seed: 1708413471
    GPU 0,1: NVIDIA GeForce RTX 3090
    CUDA_HOME: /usr/local/cuda
    NVCC: Cuda compilation tools, release 11.1, V11.1.105
    GCC: gcc (Ubuntu 9.4.0-1ubuntu1~20.04.2) 9.4.0
    PyTorch: 1.10.2+cu111
    PyTorch compiling details: PyTorch built with:
  - GCC 7.3
  - C++ Version: 201402
  - Intel(R) Math Kernel Library Version 2020.0.0 Product Build 20191122 for Intel(R) 64 architecture applications
  - Intel(R) MKL-DNN v2.2.3 (Git Hash 7336ca9f055cf1bfa13efb658fe15dc9b41f0740)
  - OpenMP 201511 (a.k.a. OpenMP 4.5)
  - LAPACK is enabled (usually provided by MKL)
  - NNPACK is enabled
  - CPU capability usage: AVX2
  - CUDA Runtime 11.1
  - NVCC architecture flags: -gencode;arch=compute_37,code=sm_37;-gencode;arch=compute_50,code=sm_50;-gencode;arch=compute_60,code=sm_60;-gencode;arch=compute_70,code=sm_70;-gencode;arch=compute_75,code=sm_75;-gencode;arch=compute_80,code=sm_80;-gencode;arch=compute_86,code=sm_86
  - CuDNN 8.0.5
  - Magma 2.5.2
  - Build settings: BLAS_INFO=mkl, BUILD_TYPE=Release, CUDA_VERSION=11.1, CUDNN_VERSION=8.0.5, CXX_COMPILER=/opt/rh/devtoolset-7/root/usr/bin/c++, CXX_FLAGS= -Wno-deprecated -fvisibility-inlines-hidden -DUSE_PTHREADPOOL -fopenmp -DNDEBUG -DUSE_KINETO -DUSE_FBGEMM -DUSE_QNNPACK -DUSE_PYTORCH_QNNPACK -DUSE_XNNPACK -DSYMBOLICATE_MOBILE_DEBUG_HANDLE -DEDGE_PROFILER_USE_KINETO -O2 -fPIC -Wno-narrowing -Wall -Wextra -Werror=return-type -Wno-missing-field-initializers -Wno-type-limits -Wno-array-bounds -Wno-unknown-pragmas -Wno-sign-compare -Wno-unused-parameter -Wno-unused-variable -Wno-unused-function -Wno-unused-result -Wno-unused-local-typedefs -Wno-strict-overflow -Wno-strict-aliasing -Wno-error=deprecated-declarations -Wno-stringop-overflow -Wno-psabi -Wno-error=pedantic -Wno-error=redundant-decls -Wno-error=old-style-cast -fdiagnostics-color=always -faligned-new -Wno-unused-but-set-variable -Wno-maybe-uninitialized -fno-math-errno -fno-trapping-math -Werror=format -Wno-stringop-overflow, LAPACK_INFO=mkl, PERF_WITH_AVX=1, PERF_WITH_AVX2=1, PERF_WITH_AVX512=1, TORCH_VERSION=1.10.2, USE_CUDA=ON, USE_CUDNN=ON, USE_EXCEPTION_PTR=1, USE_GFLAGS=OFF, USE_GLOG=OFF, USE_MKL=ON, USE_MKLDNN=ON, USE_MPI=OFF, USE_NCCL=ON, USE_NNPACK=ON, USE_OPENMP=ON, 

    TorchVision: 0.11.3+cu111
    OpenCV: 4.12.0
    MMEngine: 0.10.7

Runtime environment:
    cudnn_benchmark: True
    mp_cfg: {'mp_start_method': 'fork', 'opencv_num_threads': 0}
    dist_cfg: {'backend': 'nccl'}
    seed: 1708413471
    Distributed launcher: pytorch
    Distributed training: True
    GPU number: 2
------------------------------------------------------------

2026/01/08 08:43:24 - mmengine - INFO - Config:
auto_scale_lr = dict(base_batch_size=256, enable=True)
default_hooks = dict(
    checkpoint=dict(
        interval=1,
        max_keep_ckpts=3,
        rule='greater',
        save_best='Fudan/recog/word_acc',
        type='CheckpointHook'),
    logger=dict(interval=50, type='LoggerHook'),
    param_scheduler=dict(type='ParamSchedulerHook'),
    sampler_seed=dict(type='DistSamplerSeedHook'),
    sync_buffer=dict(type='SyncBuffersHook'),
    timer=dict(type='IterTimerHook'),
    visualization=dict(
        draw_gt=False,
        draw_pred=False,
        enable=False,
        interval=1,
        show=False,
        type='VisualizationHook'))
default_scope = 'mmocr'
dictionary = dict(
    dict_file='data/charset/charset_rec_cn_en.txt',
    type='Dictionary',
    with_padding=True,
    with_unknown=True)
env_cfg = dict(
    cudnn_benchmark=True,
    dist_cfg=dict(backend='nccl'),
    mp_cfg=dict(mp_start_method='fork', opencv_num_threads=0))
fudan_scene_rec_root = 'data/fudan/scene'
fudan_scene_test_dataloader = dict(
    batch_size=64,
    dataset=dict(
        ann_file='scene_test',
        data_root='data/fudan/scene',
        pipeline=None,
        type='RecogLMDBDataset'),
    num_workers=8,
    persistent_workers=True,
    pin_memory=True,
    sampler=dict(shuffle=False, type='DefaultSampler'))
fudan_scene_textrecog_test = dict(
    ann_file='scene_test',
    data_root='data/fudan/scene',
    pipeline=None,
    type='RecogLMDBDataset')
fudan_scene_textrecog_train = dict(
    ann_file='scene_train',
    data_root='data/fudan/scene',
    pipeline=None,
    type='RecogLMDBDataset')
fudan_scene_textrecog_val = dict(
    ann_file='scene_val',
    data_root='data/fudan/scene',
    pipeline=None,
    type='RecogLMDBDataset')
fudan_scene_train_dataloader = dict(
    batch_size=64,
    dataset=dict(
        ann_file='scene_train',
        data_root='data/fudan/scene',
        pipeline=None,
        type='RecogLMDBDataset'),
    num_workers=8,
    persistent_workers=True,
    pin_memory=True,
    sampler=dict(shuffle=True, type='DefaultSampler'))
fudan_scene_val_dataloader = dict(
    batch_size=64,
    dataset=dict(
        ann_file='scene_val',
        data_root='data/fudan/scene',
        pipeline=None,
        type='RecogLMDBDataset'),
    num_workers=8,
    persistent_workers=True,
    pin_memory=True,
    sampler=dict(shuffle=False, type='DefaultSampler'))
launcher = 'pytorch'
load_from = 'work_dirs/svtr-large_new_pretrain/best_Fudan_recog_word_acc_epoch_13.pth'
log_level = 'INFO'
log_processor = dict(by_epoch=True, type='LogProcessor', window_size=10)
model = dict(
    data_preprocessor=dict(
        mean=[
            127.5,
        ], std=[
            127.5,
        ], type='TextRecogDataPreprocessor'),
    decoder=dict(
        dictionary=dict(
            dict_file='data/charset/charset_rec_cn_en.txt',
            type='Dictionary',
            with_padding=True,
            with_unknown=True),
        in_channels=384,
        max_seq_len=40,
        module_loss=dict(
            letter_case='lower', type='CTCModuleLoss', zero_infinity=True),
        postprocessor=dict(type='CTCPostProcessor'),
        type='SVTRDecoder'),
    encoder=dict(
        depth=[
            3,
            9,
            9,
        ],
        embed_dims=[
            192,
            256,
            512,
        ],
        img_size=[
            48,
            160,
        ],
        in_channels=3,
        max_seq_len=40,
        merging_types='Conv',
        mixer_types=[
            'Local',
            'Local',
            'Local',
            'Local',
            'Local',
            'Local',
            'Local',
            'Local',
            'Local',
            'Local',
            'Global',
            'Global',
            'Global',
            'Global',
            'Global',
            'Global',
            'Global',
            'Global',
            'Global',
            'Global',
            'Global',
        ],
        num_heads=[
            6,
            8,
            16,
        ],
        out_channels=384,
        prenorm=False,
        type='SVTREncoder',
        window_size=[
            [
                7,
                11,
            ],
            [
                7,
                11,
            ],
            [
                7,
                11,
            ],
        ]),
    preprocessor=dict(
        in_channels=3,
        margins=[
            0.05,
            0.05,
        ],
        num_control_points=20,
        output_image_size=(
            48,
            160,
        ),
        resized_image_size=(
            32,
            64,
        ),
        type='STN'),
    type='SVTR')
optim_wrapper = dict(
    loss_scale='dynamic',
    optimizer=dict(
        betas=(
            0.9,
            0.99,
        ),
        eps=8e-08,
        lr=0.00025,
        type='AdamW',
        weight_decay=0.05),
    type='AmpOptimWrapper')
param_scheduler = [
    dict(
        convert_to_iter_based=True,
        end=2,
        end_factor=1.0,
        start_factor=0.5,
        type='LinearLR',
        verbose=False),
    dict(
        T_max=29,
        begin=2,
        convert_to_iter_based=True,
        end=30,
        type='CosineAnnealingLR',
        verbose=False),
]
pretrain_epoch = 13
pretrain_work_dir = 'work_dirs/svtr-large_new_pretrain'
randomness = dict(seed=None)
resume = False
test_cfg = dict(type='TestLoop')
test_dataloader = dict(
    batch_size=64,
    dataset=dict(
        ann_file='scene_test',
        data_root='data/fudan/scene',
        pipeline=[
            dict(type='LoadImageFromNDArray'),
            dict(scale=(
                256,
                64,
            ), type='Resize'),
            dict(type='LoadOCRAnnotations', with_text=True),
            dict(
                meta_keys=(
                    'img_path',
                    'ori_shape',
                    'img_shape',
                    'valid_ratio',
                ),
                type='PackTextRecogInputs'),
        ],
        type='RecogLMDBDataset'),
    num_workers=4,
    persistent_workers=True,
    pin_memory=True,
    prefetch_factor=2,
    sampler=dict(shuffle=False, type='DefaultSampler'))
test_evaluator = dict(
    dataset_prefixes=[
        'Fudan',
    ],
    metrics=[
        dict(mode=[
            'exact',
        ], type='WordMetric'),
        dict(type='OneMinusNEDMetric'),
    ],
    type='MultiDatasetsEvaluator')
test_pipeline = [
    dict(type='LoadImageFromNDArray'),
    dict(scale=(
        256,
        64,
    ), type='Resize'),
    dict(type='LoadOCRAnnotations', with_text=True),
    dict(
        meta_keys=(
            'img_path',
            'ori_shape',
            'img_shape',
            'valid_ratio',
        ),
        type='PackTextRecogInputs'),
]
train_cfg = dict(max_epochs=30, type='EpochBasedTrainLoop', val_interval=1)
train_dataloader = dict(
    batch_size=128,
    dataset=dict(
        ann_file='scene_train',
        data_root='data/fudan/scene',
        pipeline=[
            dict(ignore_empty=True, min_size=5, type='LoadImageFromNDArray'),
            dict(type='LoadOCRAnnotations', with_text=True),
            dict(
                prob=0.4,
                transforms=[
                    dict(type='TextRecogGeneralAug'),
                ],
                type='RandomApply'),
            dict(
                prob=0.4,
                transforms=[
                    dict(type='CropHeight'),
                ],
                type='RandomApply'),
            dict(
                condition='min(results["img_shape"])>10',
                true_transforms=dict(
                    prob=0.4,
                    transforms=[
                        dict(
                            kernel_size=5,
                            op='GaussianBlur',
                            sigma=1,
                            type='TorchVisionWrapper'),
                    ],
                    type='RandomApply'),
                type='ConditionApply'),
            dict(
                prob=0.4,
                transforms=[
                    dict(
                        brightness=0.5,
                        contrast=0.5,
                        hue=0.1,
                        op='ColorJitter',
                        saturation=0.5,
                        type='TorchVisionWrapper'),
                ],
                type='RandomApply'),
            dict(
                prob=0.4,
                transforms=[
                    dict(type='ImageContentJitter'),
                ],
                type='RandomApply'),
            dict(
                prob=0.4,
                transforms=[
                    dict(
                        args=[
                            dict(
                                cls='AdditiveGaussianNoise',
                                scale=0.31622776601683794),
                        ],
                        type='ImgAugWrapper'),
                ],
                type='RandomApply'),
            dict(
                prob=0.4,
                transforms=[
                    dict(type='ReversePixels'),
                ],
                type='RandomApply'),
            dict(scale=(
                256,
                64,
            ), type='Resize'),
            dict(
                meta_keys=(
                    'img_path',
                    'ori_shape',
                    'img_shape',
                    'valid_ratio',
                ),
                type='PackTextRecogInputs'),
        ],
        type='RecogLMDBDataset'),
    num_workers=4,
    persistent_workers=True,
    pin_memory=True,
    prefetch_factor=2,
    sampler=dict(shuffle=True, type='DefaultSampler'))
train_pipeline = [
    dict(ignore_empty=True, min_size=5, type='LoadImageFromNDArray'),
    dict(type='LoadOCRAnnotations', with_text=True),
    dict(
        prob=0.4,
        transforms=[
            dict(type='TextRecogGeneralAug'),
        ],
        type='RandomApply'),
    dict(prob=0.4, transforms=[
        dict(type='CropHeight'),
    ], type='RandomApply'),
    dict(
        condition='min(results["img_shape"])>10',
        true_transforms=dict(
            prob=0.4,
            transforms=[
                dict(
                    kernel_size=5,
                    op='GaussianBlur',
                    sigma=1,
                    type='TorchVisionWrapper'),
            ],
            type='RandomApply'),
        type='ConditionApply'),
    dict(
        prob=0.4,
        transforms=[
            dict(
                brightness=0.5,
                contrast=0.5,
                hue=0.1,
                op='ColorJitter',
                saturation=0.5,
                type='TorchVisionWrapper'),
        ],
        type='RandomApply'),
    dict(
        prob=0.4,
        transforms=[
            dict(type='ImageContentJitter'),
        ],
        type='RandomApply'),
    dict(
        prob=0.4,
        transforms=[
            dict(
                args=[
                    dict(
                        cls='AdditiveGaussianNoise',
                        scale=0.31622776601683794),
                ],
                type='ImgAugWrapper'),
        ],
        type='RandomApply'),
    dict(
        prob=0.4,
        transforms=[
            dict(type='ReversePixels'),
        ],
        type='RandomApply'),
    dict(scale=(
        256,
        64,
    ), type='Resize'),
    dict(
        meta_keys=(
            'img_path',
            'ori_shape',
            'img_shape',
            'valid_ratio',
        ),
        type='PackTextRecogInputs'),
]
tta_model = dict(type='EncoderDecoderRecognizerTTAModel')
tta_pipeline = [
    dict(type='LoadImageFromNDArray'),
    dict(
        transforms=[
            [
                dict(
                    condition="results['img_shape'][1]<results['img_shape'][0]",
                    true_transforms=[
                        dict(
                            args=[
                                dict(cls='Rot90', k=0, keep_size=False),
                            ],
                            type='ImgAugWrapper'),
                    ],
                    type='ConditionApply'),
                dict(
                    condition="results['img_shape'][1]<results['img_shape'][0]",
                    true_transforms=[
                        dict(
                            args=[
                                dict(cls='Rot90', k=1, keep_size=False),
                            ],
                            type='ImgAugWrapper'),
                    ],
                    type='ConditionApply'),
                dict(
                    condition="results['img_shape'][1]<results['img_shape'][0]",
                    true_transforms=[
                        dict(
                            args=[
                                dict(cls='Rot90', k=3, keep_size=False),
                            ],
                            type='ImgAugWrapper'),
                    ],
                    type='ConditionApply'),
            ],
            [
                dict(scale=(
                    256,
                    64,
                ), type='Resize'),
            ],
            [
                dict(type='LoadOCRAnnotations', with_text=True),
            ],
            [
                dict(
                    meta_keys=(
                        'img_path',
                        'ori_shape',
                        'img_shape',
                        'valid_ratio',
                    ),
                    type='PackTextRecogInputs'),
            ],
        ],
        type='TestTimeAug'),
]
val_cfg = dict(type='ValLoop')
val_dataloader = dict(
    batch_size=64,
    dataset=dict(
        ann_file='scene_val',
        data_root='data/fudan/scene',
        pipeline=[
            dict(type='LoadImageFromNDArray'),
            dict(scale=(
                256,
                64,
            ), type='Resize'),
            dict(type='LoadOCRAnnotations', with_text=True),
            dict(
                meta_keys=(
                    'img_path',
                    'ori_shape',
                    'img_shape',
                    'valid_ratio',
                ),
                type='PackTextRecogInputs'),
        ],
        type='RecogLMDBDataset'),
    num_workers=4,
    persistent_workers=True,
    pin_memory=True,
    prefetch_factor=2,
    sampler=dict(shuffle=False, type='DefaultSampler'))
val_evaluator = dict(
    dataset_prefixes=[
        'Fudan',
    ],
    metrics=[
        dict(mode=[
            'exact',
        ], type='WordMetric'),
        dict(type='OneMinusNEDMetric'),
    ],
    type='MultiDatasetsEvaluator')
vis_backends = [
    dict(type='LocalVisBackend'),
]
visualizer = dict(
    name='visualizer',
    type='TextRecogLocalVisualizer',
    vis_backends=[
        dict(type='LocalVisBackend'),
    ])
work_dir = 'work_dirs/svtr-large_new_finetune'

2026/01/08 08:43:25 - mmengine - INFO - Hooks will be executed in the following order:
before_run:
(VERY_HIGH   ) RuntimeInfoHook                    
(BELOW_NORMAL) LoggerHook                         
 -------------------- 
before_train:
(VERY_HIGH   ) RuntimeInfoHook                    
(NORMAL      ) IterTimerHook                      
(VERY_LOW    ) CheckpointHook                     
 -------------------- 
before_train_epoch:
(VERY_HIGH   ) RuntimeInfoHook                    
(NORMAL      ) IterTimerHook                      
(NORMAL      ) DistSamplerSeedHook                
 -------------------- 
before_train_iter:
(VERY_HIGH   ) RuntimeInfoHook                    
(NORMAL      ) IterTimerHook                      
 -------------------- 
after_train_iter:
(VERY_HIGH   ) RuntimeInfoHook                    
(NORMAL      ) IterTimerHook                      
(BELOW_NORMAL) LoggerHook                         
(LOW         ) ParamSchedulerHook                 
(VERY_LOW    ) CheckpointHook                     
 -------------------- 
after_train_epoch:
(NORMAL      ) IterTimerHook                      
(NORMAL      ) SyncBuffersHook                    
(LOW         ) ParamSchedulerHook                 
(VERY_LOW    ) CheckpointHook                     
 -------------------- 
before_val:
(VERY_HIGH   ) RuntimeInfoHook                    
 -------------------- 
before_val_epoch:
(NORMAL      ) IterTimerHook                      
(NORMAL      ) SyncBuffersHook                    
 -------------------- 
before_val_iter:
(NORMAL      ) IterTimerHook                      
 -------------------- 
after_val_iter:
(NORMAL      ) IterTimerHook                      
(NORMAL      ) VisualizationHook                  
(BELOW_NORMAL) LoggerHook                         
 -------------------- 
after_val_epoch:
(VERY_HIGH   ) RuntimeInfoHook                    
(NORMAL      ) IterTimerHook                      
(BELOW_NORMAL) LoggerHook                         
(LOW         ) ParamSchedulerHook                 
(VERY_LOW    ) CheckpointHook                     
 -------------------- 
after_val:
(VERY_HIGH   ) RuntimeInfoHook                    
 -------------------- 
after_train:
(VERY_HIGH   ) RuntimeInfoHook                    
(VERY_LOW    ) CheckpointHook                     
 -------------------- 
before_test:
(VERY_HIGH   ) RuntimeInfoHook                    
 -------------------- 
before_test_epoch:
(NORMAL      ) IterTimerHook                      
 -------------------- 
before_test_iter:
(NORMAL      ) IterTimerHook                      
 -------------------- 
after_test_iter:
(NORMAL      ) IterTimerHook                      
(NORMAL      ) VisualizationHook                  
(BELOW_NORMAL) LoggerHook                         
 -------------------- 
after_test_epoch:
(VERY_HIGH   ) RuntimeInfoHook                    
(NORMAL      ) IterTimerHook                      
(BELOW_NORMAL) LoggerHook                         
 -------------------- 
after_test:
(VERY_HIGH   ) RuntimeInfoHook                    
 -------------------- 
after_run:
(BELOW_NORMAL) LoggerHook                         
 -------------------- 
2026/01/08 08:43:31 - mmengine - INFO - LR is set based on batch size of 256 and the current batch size is 256. Scaling the original LR by 1.0.
Name of parameter - Initialization information

preprocessor.stn_convnet.0.conv.weight - torch.Size([32, 3, 3, 3]): 
XavierInit: gain=1, distribution=normal, bias=0 

preprocessor.stn_convnet.0.bn.weight - torch.Size([32]): 
The value is the same before and after calling `init_weights` of SVTR  

preprocessor.stn_convnet.0.bn.bias - torch.Size([32]): 
The value is the same before and after calling `init_weights` of SVTR  

preprocessor.stn_convnet.2.conv.weight - torch.Size([64, 32, 3, 3]): 
XavierInit: gain=1, distribution=normal, bias=0 

preprocessor.stn_convnet.2.bn.weight - torch.Size([64]): 
The value is the same before and after calling `init_weights` of SVTR  

preprocessor.stn_convnet.2.bn.bias - torch.Size([64]): 
The value is the same before and after calling `init_weights` of SVTR  

preprocessor.stn_convnet.4.conv.weight - torch.Size([128, 64, 3, 3]): 
XavierInit: gain=1, distribution=normal, bias=0 

preprocessor.stn_convnet.4.bn.weight - torch.Size([128]): 
The value is the same before and after calling `init_weights` of SVTR  

preprocessor.stn_convnet.4.bn.bias - torch.Size([128]): 
The value is the same before and after calling `init_weights` of SVTR  

preprocessor.stn_convnet.6.conv.weight - torch.Size([256, 128, 3, 3]): 
XavierInit: gain=1, distribution=normal, bias=0 

preprocessor.stn_convnet.6.bn.weight - torch.Size([256]): 
The value is the same before and after calling `init_weights` of SVTR  

preprocessor.stn_convnet.6.bn.bias - torch.Size([256]): 
The value is the same before and after calling `init_weights` of SVTR  

preprocessor.stn_convnet.8.conv.weight - torch.Size([256, 256, 3, 3]): 
XavierInit: gain=1, distribution=normal, bias=0 

preprocessor.stn_convnet.8.bn.weight - torch.Size([256]): 
The value is the same before and after calling `init_weights` of SVTR  

preprocessor.stn_convnet.8.bn.bias - torch.Size([256]): 
The value is the same before and after calling `init_weights` of SVTR  

preprocessor.stn_convnet.10.conv.weight - torch.Size([256, 256, 3, 3]): 
XavierInit: gain=1, distribution=normal, bias=0 

preprocessor.stn_convnet.10.bn.weight - torch.Size([256]): 
The value is the same before and after calling `init_weights` of SVTR  

preprocessor.stn_convnet.10.bn.bias - torch.Size([256]): 
The value is the same before and after calling `init_weights` of SVTR  

preprocessor.stn_fc1.0.weight - torch.Size([512, 512]): 
The value is the same before and after calling `init_weights` of SVTR  

preprocessor.stn_fc1.0.bias - torch.Size([512]): 
The value is the same before and after calling `init_weights` of SVTR  

preprocessor.stn_fc1.1.weight - torch.Size([512]): 
The value is the same before and after calling `init_weights` of SVTR  

preprocessor.stn_fc1.1.bias - torch.Size([512]): 
The value is the same before and after calling `init_weights` of SVTR  

preprocessor.stn_fc2.weight - torch.Size([40, 512]): 
The value is the same before and after calling `init_weights` of SVTR  

preprocessor.stn_fc2.bias - torch.Size([40]): 
The value is the same before and after calling `init_weights` of SVTR  

encoder.absolute_pos_embed - torch.Size([1, 480, 192]): 
The value is the same before and after calling `init_weights` of SVTR  

encoder.patch_embed.net.ConvModule0.conv.weight - torch.Size([96, 3, 3, 3]): 
The value is the same before and after calling `init_weights` of SVTR  

encoder.patch_embed.net.ConvModule0.bn.weight - torch.Size([96]): 
The value is the same before and after calling `init_weights` of SVTR  

encoder.patch_embed.net.ConvModule0.bn.bias - torch.Size([96]): 
The value is the same before and after calling `init_weights` of SVTR  

encoder.patch_embed.net.ConvModule1.conv.weight - torch.Size([192, 96, 3, 3]): 
The value is the same before and after calling `init_weights` of SVTR  

encoder.patch_embed.net.ConvModule1.bn.weight - torch.Size([192]): 
The value is the same before and after calling `init_weights` of SVTR  

encoder.patch_embed.net.ConvModule1.bn.bias - torch.Size([192]): 
The value is the same before and after calling `init_weights` of SVTR  

encoder.blocks1.0.norm1.weight - torch.Size([192]): 
The value is the same before and after calling `init_weights` of SVTR  

encoder.blocks1.0.norm1.bias - torch.Size([192]): 
The value is the same before and after calling `init_weights` of SVTR  

encoder.blocks1.0.mixer.qkv.weight - torch.Size([576, 192]): 
The value is the same before and after calling `init_weights` of SVTR  

encoder.blocks1.0.mixer.qkv.bias - torch.Size([576]): 
The value is the same before and after calling `init_weights` of SVTR  

encoder.blocks1.0.mixer.proj.weight - torch.Size([192, 192]): 
The value is the same before and after calling `init_weights` of SVTR  

encoder.blocks1.0.mixer.proj.bias - torch.Size([192]): 
The value is the same before and after calling `init_weights` of SVTR  

encoder.blocks1.0.norm2.weight - torch.Size([192]): 
The value is the same before and after calling `init_weights` of SVTR  

encoder.blocks1.0.norm2.bias - torch.Size([192]): 
The value is the same before and after calling `init_weights` of SVTR  

encoder.blocks1.0.mlp.fc1.weight - torch.Size([768, 192]): 
The value is the same before and after calling `init_weights` of SVTR  

encoder.blocks1.0.mlp.fc1.bias - torch.Size([768]): 
The value is the same before and after calling `init_weights` of SVTR  

encoder.blocks1.0.mlp.fc2.weight - torch.Size([192, 768]): 
The value is the same before and after calling `init_weights` of SVTR  

encoder.blocks1.0.mlp.fc2.bias - torch.Size([192]): 
The value is the same before and after calling `init_weights` of SVTR  

encoder.blocks1.1.norm1.weight - torch.Size([192]): 
The value is the same before and after calling `init_weights` of SVTR  

encoder.blocks1.1.norm1.bias - torch.Size([192]): 
The value is the same before and after calling `init_weights` of SVTR  

encoder.blocks1.1.mixer.qkv.weight - torch.Size([576, 192]): 
The value is the same before and after calling `init_weights` of SVTR  

encoder.blocks1.1.mixer.qkv.bias - torch.Size([576]): 
The value is the same before and after calling `init_weights` of SVTR  

encoder.blocks1.1.mixer.proj.weight - torch.Size([192, 192]): 
The value is the same before and after calling `init_weights` of SVTR  

encoder.blocks1.1.mixer.proj.bias - torch.Size([192]): 
The value is the same before and after calling `init_weights` of SVTR  

encoder.blocks1.1.norm2.weight - torch.Size([192]): 
The value is the same before and after calling `init_weights` of SVTR  

encoder.blocks1.1.norm2.bias - torch.Size([192]): 
The value is the same before and after calling `init_weights` of SVTR  

encoder.blocks1.1.mlp.fc1.weight - torch.Size([768, 192]): 
The value is the same before and after calling `init_weights` of SVTR  

encoder.blocks1.1.mlp.fc1.bias - torch.Size([768]): 
The value is the same before and after calling `init_weights` of SVTR  

encoder.blocks1.1.mlp.fc2.weight - torch.Size([192, 768]): 
The value is the same before and after calling `init_weights` of SVTR  

encoder.blocks1.1.mlp.fc2.bias - torch.Size([192]): 
The value is the same before and after calling `init_weights` of SVTR  

encoder.blocks1.2.norm1.weight - torch.Size([192]): 
The value is the same before and after calling `init_weights` of SVTR  

encoder.blocks1.2.norm1.bias - torch.Size([192]): 
The value is the same before and after calling `init_weights` of SVTR  

encoder.blocks1.2.mixer.qkv.weight - torch.Size([576, 192]): 
The value is the same before and after calling `init_weights` of SVTR  

encoder.blocks1.2.mixer.qkv.bias - torch.Size([576]): 
The value is the same before and after calling `init_weights` of SVTR  

encoder.blocks1.2.mixer.proj.weight - torch.Size([192, 192]): 
The value is the same before and after calling `init_weights` of SVTR  

encoder.blocks1.2.mixer.proj.bias - torch.Size([192]): 
The value is the same before and after calling `init_weights` of SVTR  

encoder.blocks1.2.norm2.weight - torch.Size([192]): 
The value is the same before and after calling `init_weights` of SVTR  

encoder.blocks1.2.norm2.bias - torch.Size([192]): 
The value is the same before and after calling `init_weights` of SVTR  

encoder.blocks1.2.mlp.fc1.weight - torch.Size([768, 192]): 
The value is the same before and after calling `init_weights` of SVTR  

encoder.blocks1.2.mlp.fc1.bias - torch.Size([768]): 
The value is the same before and after calling `init_weights` of SVTR  

encoder.blocks1.2.mlp.fc2.weight - torch.Size([192, 768]): 
The value is the same before and after calling `init_weights` of SVTR  

encoder.blocks1.2.mlp.fc2.bias - torch.Size([192]): 
The value is the same before and after calling `init_weights` of SVTR  

encoder.downsample1.conv.weight - torch.Size([256, 192, 3, 3]): 
The value is the same before and after calling `init_weights` of SVTR  

encoder.downsample1.conv.bias - torch.Size([256]): 
The value is the same before and after calling `init_weights` of SVTR  

encoder.downsample1.norm.weight - torch.Size([256]): 
The value is the same before and after calling `init_weights` of SVTR  

encoder.downsample1.norm.bias - torch.Size([256]): 
The value is the same before and after calling `init_weights` of SVTR  

encoder.blocks2.0.norm1.weight - torch.Size([256]): 
The value is the same before and after calling `init_weights` of SVTR  

encoder.blocks2.0.norm1.bias - torch.Size([256]): 
The value is the same before and after calling `init_weights` of SVTR  

encoder.blocks2.0.mixer.qkv.weight - torch.Size([768, 256]): 
The value is the same before and after calling `init_weights` of SVTR  

encoder.blocks2.0.mixer.qkv.bias - torch.Size([768]): 
The value is the same before and after calling `init_weights` of SVTR  

encoder.blocks2.0.mixer.proj.weight - torch.Size([256, 256]): 
The value is the same before and after calling `init_weights` of SVTR  

encoder.blocks2.0.mixer.proj.bias - torch.Size([256]): 
The value is the same before and after calling `init_weights` of SVTR  

encoder.blocks2.0.norm2.weight - torch.Size([256]): 
The value is the same before and after calling `init_weights` of SVTR  

encoder.blocks2.0.norm2.bias - torch.Size([256]): 
The value is the same before and after calling `init_weights` of SVTR  

encoder.blocks2.0.mlp.fc1.weight - torch.Size([1024, 256]): 
The value is the same before and after calling `init_weights` of SVTR  

encoder.blocks2.0.mlp.fc1.bias - torch.Size([1024]): 
The value is the same before and after calling `init_weights` of SVTR  

encoder.blocks2.0.mlp.fc2.weight - torch.Size([256, 1024]): 
The value is the same before and after calling `init_weights` of SVTR  

encoder.blocks2.0.mlp.fc2.bias - torch.Size([256]): 
The value is the same before and after calling `init_weights` of SVTR  

encoder.blocks2.1.norm1.weight - torch.Size([256]): 
The value is the same before and after calling `init_weights` of SVTR  

encoder.blocks2.1.norm1.bias - torch.Size([256]): 
The value is the same before and after calling `init_weights` of SVTR  

encoder.blocks2.1.mixer.qkv.weight - torch.Size([768, 256]): 
The value is the same before and after calling `init_weights` of SVTR  

encoder.blocks2.1.mixer.qkv.bias - torch.Size([768]): 
The value is the same before and after calling `init_weights` of SVTR  

encoder.blocks2.1.mixer.proj.weight - torch.Size([256, 256]): 
The value is the same before and after calling `init_weights` of SVTR  

encoder.blocks2.1.mixer.proj.bias - torch.Size([256]): 
The value is the same before and after calling `init_weights` of SVTR  

encoder.blocks2.1.norm2.weight - torch.Size([256]): 
The value is the same before and after calling `init_weights` of SVTR  

encoder.blocks2.1.norm2.bias - torch.Size([256]): 
The value is the same before and after calling `init_weights` of SVTR  

encoder.blocks2.1.mlp.fc1.weight - torch.Size([1024, 256]): 
The value is the same before and after calling `init_weights` of SVTR  

encoder.blocks2.1.mlp.fc1.bias - torch.Size([1024]): 
The value is the same before and after calling `init_weights` of SVTR  

encoder.blocks2.1.mlp.fc2.weight - torch.Size([256, 1024]): 
The value is the same before and after calling `init_weights` of SVTR  

encoder.blocks2.1.mlp.fc2.bias - torch.Size([256]): 
The value is the same before and after calling `init_weights` of SVTR  

encoder.blocks2.2.norm1.weight - torch.Size([256]): 
The value is the same before and after calling `init_weights` of SVTR  

encoder.blocks2.2.norm1.bias - torch.Size([256]): 
The value is the same before and after calling `init_weights` of SVTR  

encoder.blocks2.2.mixer.qkv.weight - torch.Size([768, 256]): 
The value is the same before and after calling `init_weights` of SVTR  

encoder.blocks2.2.mixer.qkv.bias - torch.Size([768]): 
The value is the same before and after calling `init_weights` of SVTR  

encoder.blocks2.2.mixer.proj.weight - torch.Size([256, 256]): 
The value is the same before and after calling `init_weights` of SVTR  

encoder.blocks2.2.mixer.proj.bias - torch.Size([256]): 
The value is the same before and after calling `init_weights` of SVTR  

encoder.blocks2.2.norm2.weight - torch.Size([256]): 
The value is the same before and after calling `init_weights` of SVTR  

encoder.blocks2.2.norm2.bias - torch.Size([256]): 
The value is the same before and after calling `init_weights` of SVTR  

encoder.blocks2.2.mlp.fc1.weight - torch.Size([1024, 256]): 
The value is the same before and after calling `init_weights` of SVTR  

encoder.blocks2.2.mlp.fc1.bias - torch.Size([1024]): 
The value is the same before and after calling `init_weights` of SVTR  

encoder.blocks2.2.mlp.fc2.weight - torch.Size([256, 1024]): 
The value is the same before and after calling `init_weights` of SVTR  

encoder.blocks2.2.mlp.fc2.bias - torch.Size([256]): 
The value is the same before and after calling `init_weights` of SVTR  

encoder.blocks2.3.norm1.weight - torch.Size([256]): 
The value is the same before and after calling `init_weights` of SVTR  

encoder.blocks2.3.norm1.bias - torch.Size([256]): 
The value is the same before and after calling `init_weights` of SVTR  

encoder.blocks2.3.mixer.qkv.weight - torch.Size([768, 256]): 
The value is the same before and after calling `init_weights` of SVTR  

encoder.blocks2.3.mixer.qkv.bias - torch.Size([768]): 
The value is the same before and after calling `init_weights` of SVTR  

encoder.blocks2.3.mixer.proj.weight - torch.Size([256, 256]): 
The value is the same before and after calling `init_weights` of SVTR  

encoder.blocks2.3.mixer.proj.bias - torch.Size([256]): 
The value is the same before and after calling `init_weights` of SVTR  

encoder.blocks2.3.norm2.weight - torch.Size([256]): 
The value is the same before and after calling `init_weights` of SVTR  

encoder.blocks2.3.norm2.bias - torch.Size([256]): 
The value is the same before and after calling `init_weights` of SVTR  

encoder.blocks2.3.mlp.fc1.weight - torch.Size([1024, 256]): 
The value is the same before and after calling `init_weights` of SVTR  

encoder.blocks2.3.mlp.fc1.bias - torch.Size([1024]): 
The value is the same before and after calling `init_weights` of SVTR  

encoder.blocks2.3.mlp.fc2.weight - torch.Size([256, 1024]): 
The value is the same before and after calling `init_weights` of SVTR  

encoder.blocks2.3.mlp.fc2.bias - torch.Size([256]): 
The value is the same before and after calling `init_weights` of SVTR  

encoder.blocks2.4.norm1.weight - torch.Size([256]): 
The value is the same before and after calling `init_weights` of SVTR  

encoder.blocks2.4.norm1.bias - torch.Size([256]): 
The value is the same before and after calling `init_weights` of SVTR  

encoder.blocks2.4.mixer.qkv.weight - torch.Size([768, 256]): 
The value is the same before and after calling `init_weights` of SVTR  

encoder.blocks2.4.mixer.qkv.bias - torch.Size([768]): 
The value is the same before and after calling `init_weights` of SVTR  

encoder.blocks2.4.mixer.proj.weight - torch.Size([256, 256]): 
The value is the same before and after calling `init_weights` of SVTR  

encoder.blocks2.4.mixer.proj.bias - torch.Size([256]): 
The value is the same before and after calling `init_weights` of SVTR  

encoder.blocks2.4.norm2.weight - torch.Size([256]): 
The value is the same before and after calling `init_weights` of SVTR  

encoder.blocks2.4.norm2.bias - torch.Size([256]): 
The value is the same before and after calling `init_weights` of SVTR  

encoder.blocks2.4.mlp.fc1.weight - torch.Size([1024, 256]): 
The value is the same before and after calling `init_weights` of SVTR  

encoder.blocks2.4.mlp.fc1.bias - torch.Size([1024]): 
The value is the same before and after calling `init_weights` of SVTR  

encoder.blocks2.4.mlp.fc2.weight - torch.Size([256, 1024]): 
The value is the same before and after calling `init_weights` of SVTR  

encoder.blocks2.4.mlp.fc2.bias - torch.Size([256]): 
The value is the same before and after calling `init_weights` of SVTR  

encoder.blocks2.5.norm1.weight - torch.Size([256]): 
The value is the same before and after calling `init_weights` of SVTR  

encoder.blocks2.5.norm1.bias - torch.Size([256]): 
The value is the same before and after calling `init_weights` of SVTR  

encoder.blocks2.5.mixer.qkv.weight - torch.Size([768, 256]): 
The value is the same before and after calling `init_weights` of SVTR  

encoder.blocks2.5.mixer.qkv.bias - torch.Size([768]): 
The value is the same before and after calling `init_weights` of SVTR  

encoder.blocks2.5.mixer.proj.weight - torch.Size([256, 256]): 
The value is the same before and after calling `init_weights` of SVTR  

encoder.blocks2.5.mixer.proj.bias - torch.Size([256]): 
The value is the same before and after calling `init_weights` of SVTR  

encoder.blocks2.5.norm2.weight - torch.Size([256]): 
The value is the same before and after calling `init_weights` of SVTR  

encoder.blocks2.5.norm2.bias - torch.Size([256]): 
The value is the same before and after calling `init_weights` of SVTR  

encoder.blocks2.5.mlp.fc1.weight - torch.Size([1024, 256]): 
The value is the same before and after calling `init_weights` of SVTR  

encoder.blocks2.5.mlp.fc1.bias - torch.Size([1024]): 
The value is the same before and after calling `init_weights` of SVTR  

encoder.blocks2.5.mlp.fc2.weight - torch.Size([256, 1024]): 
The value is the same before and after calling `init_weights` of SVTR  

encoder.blocks2.5.mlp.fc2.bias - torch.Size([256]): 
The value is the same before and after calling `init_weights` of SVTR  

encoder.blocks2.6.norm1.weight - torch.Size([256]): 
The value is the same before and after calling `init_weights` of SVTR  

encoder.blocks2.6.norm1.bias - torch.Size([256]): 
The value is the same before and after calling `init_weights` of SVTR  

encoder.blocks2.6.mixer.qkv.weight - torch.Size([768, 256]): 
The value is the same before and after calling `init_weights` of SVTR  

encoder.blocks2.6.mixer.qkv.bias - torch.Size([768]): 
The value is the same before and after calling `init_weights` of SVTR  

encoder.blocks2.6.mixer.proj.weight - torch.Size([256, 256]): 
The value is the same before and after calling `init_weights` of SVTR  

encoder.blocks2.6.mixer.proj.bias - torch.Size([256]): 
The value is the same before and after calling `init_weights` of SVTR  

encoder.blocks2.6.norm2.weight - torch.Size([256]): 
The value is the same before and after calling `init_weights` of SVTR  

encoder.blocks2.6.norm2.bias - torch.Size([256]): 
The value is the same before and after calling `init_weights` of SVTR  

encoder.blocks2.6.mlp.fc1.weight - torch.Size([1024, 256]): 
The value is the same before and after calling `init_weights` of SVTR  

encoder.blocks2.6.mlp.fc1.bias - torch.Size([1024]): 
The value is the same before and after calling `init_weights` of SVTR  

encoder.blocks2.6.mlp.fc2.weight - torch.Size([256, 1024]): 
The value is the same before and after calling `init_weights` of SVTR  

encoder.blocks2.6.mlp.fc2.bias - torch.Size([256]): 
The value is the same before and after calling `init_weights` of SVTR  

encoder.blocks2.7.norm1.weight - torch.Size([256]): 
The value is the same before and after calling `init_weights` of SVTR  

encoder.blocks2.7.norm1.bias - torch.Size([256]): 
The value is the same before and after calling `init_weights` of SVTR  

encoder.blocks2.7.mixer.qkv.weight - torch.Size([768, 256]): 
The value is the same before and after calling `init_weights` of SVTR  

encoder.blocks2.7.mixer.qkv.bias - torch.Size([768]): 
The value is the same before and after calling `init_weights` of SVTR  

encoder.blocks2.7.mixer.proj.weight - torch.Size([256, 256]): 
The value is the same before and after calling `init_weights` of SVTR  

encoder.blocks2.7.mixer.proj.bias - torch.Size([256]): 
The value is the same before and after calling `init_weights` of SVTR  

encoder.blocks2.7.norm2.weight - torch.Size([256]): 
The value is the same before and after calling `init_weights` of SVTR  

encoder.blocks2.7.norm2.bias - torch.Size([256]): 
The value is the same before and after calling `init_weights` of SVTR  

encoder.blocks2.7.mlp.fc1.weight - torch.Size([1024, 256]): 
The value is the same before and after calling `init_weights` of SVTR  

encoder.blocks2.7.mlp.fc1.bias - torch.Size([1024]): 
The value is the same before and after calling `init_weights` of SVTR  

encoder.blocks2.7.mlp.fc2.weight - torch.Size([256, 1024]): 
The value is the same before and after calling `init_weights` of SVTR  

encoder.blocks2.7.mlp.fc2.bias - torch.Size([256]): 
The value is the same before and after calling `init_weights` of SVTR  

encoder.blocks2.8.norm1.weight - torch.Size([256]): 
The value is the same before and after calling `init_weights` of SVTR  

encoder.blocks2.8.norm1.bias - torch.Size([256]): 
The value is the same before and after calling `init_weights` of SVTR  

encoder.blocks2.8.mixer.qkv.weight - torch.Size([768, 256]): 
The value is the same before and after calling `init_weights` of SVTR  

encoder.blocks2.8.mixer.qkv.bias - torch.Size([768]): 
The value is the same before and after calling `init_weights` of SVTR  

encoder.blocks2.8.mixer.proj.weight - torch.Size([256, 256]): 
The value is the same before and after calling `init_weights` of SVTR  

encoder.blocks2.8.mixer.proj.bias - torch.Size([256]): 
The value is the same before and after calling `init_weights` of SVTR  

encoder.blocks2.8.norm2.weight - torch.Size([256]): 
The value is the same before and after calling `init_weights` of SVTR  

encoder.blocks2.8.norm2.bias - torch.Size([256]): 
The value is the same before and after calling `init_weights` of SVTR  

encoder.blocks2.8.mlp.fc1.weight - torch.Size([1024, 256]): 
The value is the same before and after calling `init_weights` of SVTR  

encoder.blocks2.8.mlp.fc1.bias - torch.Size([1024]): 
The value is the same before and after calling `init_weights` of SVTR  

encoder.blocks2.8.mlp.fc2.weight - torch.Size([256, 1024]): 
The value is the same before and after calling `init_weights` of SVTR  

encoder.blocks2.8.mlp.fc2.bias - torch.Size([256]): 
The value is the same before and after calling `init_weights` of SVTR  

encoder.downsample2.conv.weight - torch.Size([512, 256, 3, 3]): 
The value is the same before and after calling `init_weights` of SVTR  

encoder.downsample2.conv.bias - torch.Size([512]): 
The value is the same before and after calling `init_weights` of SVTR  

encoder.downsample2.norm.weight - torch.Size([512]): 
The value is the same before and after calling `init_weights` of SVTR  

encoder.downsample2.norm.bias - torch.Size([512]): 
The value is the same before and after calling `init_weights` of SVTR  

encoder.blocks3.0.norm1.weight - torch.Size([512]): 
The value is the same before and after calling `init_weights` of SVTR  

encoder.blocks3.0.norm1.bias - torch.Size([512]): 
The value is the same before and after calling `init_weights` of SVTR  

encoder.blocks3.0.mixer.qkv.weight - torch.Size([1536, 512]): 
The value is the same before and after calling `init_weights` of SVTR  

encoder.blocks3.0.mixer.qkv.bias - torch.Size([1536]): 
The value is the same before and after calling `init_weights` of SVTR  

encoder.blocks3.0.mixer.proj.weight - torch.Size([512, 512]): 
The value is the same before and after calling `init_weights` of SVTR  

encoder.blocks3.0.mixer.proj.bias - torch.Size([512]): 
The value is the same before and after calling `init_weights` of SVTR  

encoder.blocks3.0.norm2.weight - torch.Size([512]): 
The value is the same before and after calling `init_weights` of SVTR  

encoder.blocks3.0.norm2.bias - torch.Size([512]): 
The value is the same before and after calling `init_weights` of SVTR  

encoder.blocks3.0.mlp.fc1.weight - torch.Size([2048, 512]): 
The value is the same before and after calling `init_weights` of SVTR  

encoder.blocks3.0.mlp.fc1.bias - torch.Size([2048]): 
The value is the same before and after calling `init_weights` of SVTR  

encoder.blocks3.0.mlp.fc2.weight - torch.Size([512, 2048]): 
The value is the same before and after calling `init_weights` of SVTR  

encoder.blocks3.0.mlp.fc2.bias - torch.Size([512]): 
The value is the same before and after calling `init_weights` of SVTR  

encoder.blocks3.1.norm1.weight - torch.Size([512]): 
The value is the same before and after calling `init_weights` of SVTR  

encoder.blocks3.1.norm1.bias - torch.Size([512]): 
The value is the same before and after calling `init_weights` of SVTR  

encoder.blocks3.1.mixer.qkv.weight - torch.Size([1536, 512]): 
The value is the same before and after calling `init_weights` of SVTR  

encoder.blocks3.1.mixer.qkv.bias - torch.Size([1536]): 
The value is the same before and after calling `init_weights` of SVTR  

encoder.blocks3.1.mixer.proj.weight - torch.Size([512, 512]): 
The value is the same before and after calling `init_weights` of SVTR  

encoder.blocks3.1.mixer.proj.bias - torch.Size([512]): 
The value is the same before and after calling `init_weights` of SVTR  

encoder.blocks3.1.norm2.weight - torch.Size([512]): 
The value is the same before and after calling `init_weights` of SVTR  

encoder.blocks3.1.norm2.bias - torch.Size([512]): 
The value is the same before and after calling `init_weights` of SVTR  

encoder.blocks3.1.mlp.fc1.weight - torch.Size([2048, 512]): 
The value is the same before and after calling `init_weights` of SVTR  

encoder.blocks3.1.mlp.fc1.bias - torch.Size([2048]): 
The value is the same before and after calling `init_weights` of SVTR  

encoder.blocks3.1.mlp.fc2.weight - torch.Size([512, 2048]): 
The value is the same before and after calling `init_weights` of SVTR  

encoder.blocks3.1.mlp.fc2.bias - torch.Size([512]): 
The value is the same before and after calling `init_weights` of SVTR  

encoder.blocks3.2.norm1.weight - torch.Size([512]): 
The value is the same before and after calling `init_weights` of SVTR  

encoder.blocks3.2.norm1.bias - torch.Size([512]): 
The value is the same before and after calling `init_weights` of SVTR  

encoder.blocks3.2.mixer.qkv.weight - torch.Size([1536, 512]): 
The value is the same before and after calling `init_weights` of SVTR  

encoder.blocks3.2.mixer.qkv.bias - torch.Size([1536]): 
The value is the same before and after calling `init_weights` of SVTR  

encoder.blocks3.2.mixer.proj.weight - torch.Size([512, 512]): 
The value is the same before and after calling `init_weights` of SVTR  

encoder.blocks3.2.mixer.proj.bias - torch.Size([512]): 
The value is the same before and after calling `init_weights` of SVTR  

encoder.blocks3.2.norm2.weight - torch.Size([512]): 
The value is the same before and after calling `init_weights` of SVTR  

encoder.blocks3.2.norm2.bias - torch.Size([512]): 
The value is the same before and after calling `init_weights` of SVTR  

encoder.blocks3.2.mlp.fc1.weight - torch.Size([2048, 512]): 
The value is the same before and after calling `init_weights` of SVTR  

encoder.blocks3.2.mlp.fc1.bias - torch.Size([2048]): 
The value is the same before and after calling `init_weights` of SVTR  

encoder.blocks3.2.mlp.fc2.weight - torch.Size([512, 2048]): 
The value is the same before and after calling `init_weights` of SVTR  

encoder.blocks3.2.mlp.fc2.bias - torch.Size([512]): 
The value is the same before and after calling `init_weights` of SVTR  

encoder.blocks3.3.norm1.weight - torch.Size([512]): 
The value is the same before and after calling `init_weights` of SVTR  

encoder.blocks3.3.norm1.bias - torch.Size([512]): 
The value is the same before and after calling `init_weights` of SVTR  

encoder.blocks3.3.mixer.qkv.weight - torch.Size([1536, 512]): 
The value is the same before and after calling `init_weights` of SVTR  

encoder.blocks3.3.mixer.qkv.bias - torch.Size([1536]): 
The value is the same before and after calling `init_weights` of SVTR  

encoder.blocks3.3.mixer.proj.weight - torch.Size([512, 512]): 
The value is the same before and after calling `init_weights` of SVTR  

encoder.blocks3.3.mixer.proj.bias - torch.Size([512]): 
The value is the same before and after calling `init_weights` of SVTR  

encoder.blocks3.3.norm2.weight - torch.Size([512]): 
The value is the same before and after calling `init_weights` of SVTR  

encoder.blocks3.3.norm2.bias - torch.Size([512]): 
The value is the same before and after calling `init_weights` of SVTR  

encoder.blocks3.3.mlp.fc1.weight - torch.Size([2048, 512]): 
The value is the same before and after calling `init_weights` of SVTR  

encoder.blocks3.3.mlp.fc1.bias - torch.Size([2048]): 
The value is the same before and after calling `init_weights` of SVTR  

encoder.blocks3.3.mlp.fc2.weight - torch.Size([512, 2048]): 
The value is the same before and after calling `init_weights` of SVTR  

encoder.blocks3.3.mlp.fc2.bias - torch.Size([512]): 
The value is the same before and after calling `init_weights` of SVTR  

encoder.blocks3.4.norm1.weight - torch.Size([512]): 
The value is the same before and after calling `init_weights` of SVTR  

encoder.blocks3.4.norm1.bias - torch.Size([512]): 
The value is the same before and after calling `init_weights` of SVTR  

encoder.blocks3.4.mixer.qkv.weight - torch.Size([1536, 512]): 
The value is the same before and after calling `init_weights` of SVTR  

encoder.blocks3.4.mixer.qkv.bias - torch.Size([1536]): 
The value is the same before and after calling `init_weights` of SVTR  

encoder.blocks3.4.mixer.proj.weight - torch.Size([512, 512]): 
The value is the same before and after calling `init_weights` of SVTR  

encoder.blocks3.4.mixer.proj.bias - torch.Size([512]): 
The value is the same before and after calling `init_weights` of SVTR  

encoder.blocks3.4.norm2.weight - torch.Size([512]): 
The value is the same before and after calling `init_weights` of SVTR  

encoder.blocks3.4.norm2.bias - torch.Size([512]): 
The value is the same before and after calling `init_weights` of SVTR  

encoder.blocks3.4.mlp.fc1.weight - torch.Size([2048, 512]): 
The value is the same before and after calling `init_weights` of SVTR  

encoder.blocks3.4.mlp.fc1.bias - torch.Size([2048]): 
The value is the same before and after calling `init_weights` of SVTR  

encoder.blocks3.4.mlp.fc2.weight - torch.Size([512, 2048]): 
The value is the same before and after calling `init_weights` of SVTR  

encoder.blocks3.4.mlp.fc2.bias - torch.Size([512]): 
The value is the same before and after calling `init_weights` of SVTR  

encoder.blocks3.5.norm1.weight - torch.Size([512]): 
The value is the same before and after calling `init_weights` of SVTR  

encoder.blocks3.5.norm1.bias - torch.Size([512]): 
The value is the same before and after calling `init_weights` of SVTR  

encoder.blocks3.5.mixer.qkv.weight - torch.Size([1536, 512]): 
The value is the same before and after calling `init_weights` of SVTR  

encoder.blocks3.5.mixer.qkv.bias - torch.Size([1536]): 
The value is the same before and after calling `init_weights` of SVTR  

encoder.blocks3.5.mixer.proj.weight - torch.Size([512, 512]): 
The value is the same before and after calling `init_weights` of SVTR  

encoder.blocks3.5.mixer.proj.bias - torch.Size([512]): 
The value is the same before and after calling `init_weights` of SVTR  

encoder.blocks3.5.norm2.weight - torch.Size([512]): 
The value is the same before and after calling `init_weights` of SVTR  

encoder.blocks3.5.norm2.bias - torch.Size([512]): 
The value is the same before and after calling `init_weights` of SVTR  

encoder.blocks3.5.mlp.fc1.weight - torch.Size([2048, 512]): 
The value is the same before and after calling `init_weights` of SVTR  

encoder.blocks3.5.mlp.fc1.bias - torch.Size([2048]): 
The value is the same before and after calling `init_weights` of SVTR  

encoder.blocks3.5.mlp.fc2.weight - torch.Size([512, 2048]): 
The value is the same before and after calling `init_weights` of SVTR  

encoder.blocks3.5.mlp.fc2.bias - torch.Size([512]): 
The value is the same before and after calling `init_weights` of SVTR  

encoder.blocks3.6.norm1.weight - torch.Size([512]): 
The value is the same before and after calling `init_weights` of SVTR  

encoder.blocks3.6.norm1.bias - torch.Size([512]): 
The value is the same before and after calling `init_weights` of SVTR  

encoder.blocks3.6.mixer.qkv.weight - torch.Size([1536, 512]): 
The value is the same before and after calling `init_weights` of SVTR  

encoder.blocks3.6.mixer.qkv.bias - torch.Size([1536]): 
The value is the same before and after calling `init_weights` of SVTR  

encoder.blocks3.6.mixer.proj.weight - torch.Size([512, 512]): 
The value is the same before and after calling `init_weights` of SVTR  

encoder.blocks3.6.mixer.proj.bias - torch.Size([512]): 
The value is the same before and after calling `init_weights` of SVTR  

encoder.blocks3.6.norm2.weight - torch.Size([512]): 
The value is the same before and after calling `init_weights` of SVTR  

encoder.blocks3.6.norm2.bias - torch.Size([512]): 
The value is the same before and after calling `init_weights` of SVTR  

encoder.blocks3.6.mlp.fc1.weight - torch.Size([2048, 512]): 
The value is the same before and after calling `init_weights` of SVTR  

encoder.blocks3.6.mlp.fc1.bias - torch.Size([2048]): 
The value is the same before and after calling `init_weights` of SVTR  

encoder.blocks3.6.mlp.fc2.weight - torch.Size([512, 2048]): 
The value is the same before and after calling `init_weights` of SVTR  

encoder.blocks3.6.mlp.fc2.bias - torch.Size([512]): 
The value is the same before and after calling `init_weights` of SVTR  

encoder.blocks3.7.norm1.weight - torch.Size([512]): 
The value is the same before and after calling `init_weights` of SVTR  

encoder.blocks3.7.norm1.bias - torch.Size([512]): 
The value is the same before and after calling `init_weights` of SVTR  

encoder.blocks3.7.mixer.qkv.weight - torch.Size([1536, 512]): 
The value is the same before and after calling `init_weights` of SVTR  

encoder.blocks3.7.mixer.qkv.bias - torch.Size([1536]): 
The value is the same before and after calling `init_weights` of SVTR  

encoder.blocks3.7.mixer.proj.weight - torch.Size([512, 512]): 
The value is the same before and after calling `init_weights` of SVTR  

encoder.blocks3.7.mixer.proj.bias - torch.Size([512]): 
The value is the same before and after calling `init_weights` of SVTR  

encoder.blocks3.7.norm2.weight - torch.Size([512]): 
The value is the same before and after calling `init_weights` of SVTR  

encoder.blocks3.7.norm2.bias - torch.Size([512]): 
The value is the same before and after calling `init_weights` of SVTR  

encoder.blocks3.7.mlp.fc1.weight - torch.Size([2048, 512]): 
The value is the same before and after calling `init_weights` of SVTR  

encoder.blocks3.7.mlp.fc1.bias - torch.Size([2048]): 
The value is the same before and after calling `init_weights` of SVTR  

encoder.blocks3.7.mlp.fc2.weight - torch.Size([512, 2048]): 
The value is the same before and after calling `init_weights` of SVTR  

encoder.blocks3.7.mlp.fc2.bias - torch.Size([512]): 
The value is the same before and after calling `init_weights` of SVTR  

encoder.blocks3.8.norm1.weight - torch.Size([512]): 
The value is the same before and after calling `init_weights` of SVTR  

encoder.blocks3.8.norm1.bias - torch.Size([512]): 
The value is the same before and after calling `init_weights` of SVTR  

encoder.blocks3.8.mixer.qkv.weight - torch.Size([1536, 512]): 
The value is the same before and after calling `init_weights` of SVTR  

encoder.blocks3.8.mixer.qkv.bias - torch.Size([1536]): 
The value is the same before and after calling `init_weights` of SVTR  

encoder.blocks3.8.mixer.proj.weight - torch.Size([512, 512]): 
The value is the same before and after calling `init_weights` of SVTR  

encoder.blocks3.8.mixer.proj.bias - torch.Size([512]): 
The value is the same before and after calling `init_weights` of SVTR  

encoder.blocks3.8.norm2.weight - torch.Size([512]): 
The value is the same before and after calling `init_weights` of SVTR  

encoder.blocks3.8.norm2.bias - torch.Size([512]): 
The value is the same before and after calling `init_weights` of SVTR  

encoder.blocks3.8.mlp.fc1.weight - torch.Size([2048, 512]): 
The value is the same before and after calling `init_weights` of SVTR  

encoder.blocks3.8.mlp.fc1.bias - torch.Size([2048]): 
The value is the same before and after calling `init_weights` of SVTR  

encoder.blocks3.8.mlp.fc2.weight - torch.Size([512, 2048]): 
The value is the same before and after calling `init_weights` of SVTR  

encoder.blocks3.8.mlp.fc2.bias - torch.Size([512]): 
The value is the same before and after calling `init_weights` of SVTR  

encoder.layer_norm.weight - torch.Size([512]): 
The value is the same before and after calling `init_weights` of SVTR  

encoder.layer_norm.bias - torch.Size([512]): 
The value is the same before and after calling `init_weights` of SVTR  

encoder.last_conv.weight - torch.Size([384, 512, 1, 1]): 
The value is the same before and after calling `init_weights` of SVTR  

decoder.decoder.weight - torch.Size([5885, 384]): 
The value is the same before and after calling `init_weights` of SVTR  

decoder.decoder.bias - torch.Size([5885]): 
The value is the same before and after calling `init_weights` of SVTR  
2026/01/08 08:43:33 - mmengine - INFO - Load checkpoint from work_dirs/svtr-large_new_pretrain/best_Fudan_recog_word_acc_epoch_13.pth
2026/01/08 08:43:33 - mmengine - WARNING - "FileClient" will be deprecated in future. Please use io functions in https://mmengine.readthedocs.io/en/latest/api/fileio.html#file-io
2026/01/08 08:43:33 - mmengine - WARNING - "HardDiskBackend" is the alias of "LocalBackend" and the former will be deprecated in future.
2026/01/08 08:43:33 - mmengine - INFO - Checkpoints will be saved to /root/lanyun-tmp/mmocr/work_dirs/svtr-large_new_finetune.
2026/01/08 08:44:20 - mmengine - INFO - Epoch(train)  [1][  50/1989]  lr: 1.2654e-04  eta: 15:27:33  time: 0.7579  data_time: 0.0019  memory: 18262  loss: 3.3639  loss_ctc: 3.3639
2026/01/08 08:44:57 - mmengine - INFO - Epoch(train)  [1][ 100/1989]  lr: 1.2811e-04  eta: 13:50:05  time: 0.4708  data_time: 0.0019  memory: 18262  loss: 3.0964  loss_ctc: 3.0964
2026/01/08 08:45:34 - mmengine - INFO - Epoch(train)  [1][ 150/1989]  lr: 1.2968e-04  eta: 13:22:44  time: 0.9457  data_time: 0.3831  memory: 18262  loss: 3.0375  loss_ctc: 3.0375
2026/01/08 08:46:11 - mmengine - INFO - Epoch(train)  [1][ 200/1989]  lr: 1.3125e-04  eta: 13:04:47  time: 0.5155  data_time: 0.0019  memory: 18262  loss: 2.8916  loss_ctc: 2.8916
2026/01/08 08:46:48 - mmengine - INFO - Epoch(train)  [1][ 250/1989]  lr: 1.3283e-04  eta: 12:53:37  time: 0.6289  data_time: 0.0017  memory: 18262  loss: 2.9352  loss_ctc: 2.9352
2026/01/08 08:47:22 - mmengine - INFO - Epoch(train)  [1][ 300/1989]  lr: 1.3440e-04  eta: 12:35:25  time: 0.4631  data_time: 0.0251  memory: 18262  loss: 2.8047  loss_ctc: 2.8047
2026/01/08 08:47:58 - mmengine - INFO - Epoch(train)  [1][ 350/1989]  lr: 1.3597e-04  eta: 12:28:04  time: 0.8364  data_time: 0.3887  memory: 18262  loss: 2.9667  loss_ctc: 2.9667
2026/01/08 08:48:33 - mmengine - INFO - Epoch(train)  [1][ 400/1989]  lr: 1.3754e-04  eta: 12:19:40  time: 0.8589  data_time: 0.4192  memory: 18262  loss: 3.0998  loss_ctc: 3.0998
2026/01/08 08:49:09 - mmengine - INFO - Epoch(train)  [1][ 450/1989]  lr: 1.3911e-04  eta: 12:17:18  time: 0.6241  data_time: 0.0017  memory: 18262  loss: 2.7731  loss_ctc: 2.7731
2026/01/08 08:49:42 - mmengine - INFO - Epoch(train)  [1][ 500/1989]  lr: 1.4068e-04  eta: 12:08:30  time: 0.6031  data_time: 0.0461  memory: 18262  loss: 2.8701  loss_ctc: 2.8701
2026/01/08 08:50:16 - mmengine - INFO - Epoch(train)  [1][ 550/1989]  lr: 1.4226e-04  eta: 12:02:32  time: 0.5572  data_time: 0.1038  memory: 18262  loss: 2.9577  loss_ctc: 2.9577
2026/01/08 08:50:53 - mmengine - INFO - Epoch(train)  [1][ 600/1989]  lr: 1.4383e-04  eta: 12:01:12  time: 0.9379  data_time: 0.4407  memory: 18262  loss: 2.6792  loss_ctc: 2.6792
2026/01/08 08:51:28 - mmengine - INFO - Epoch(train)  [1][ 650/1989]  lr: 1.4540e-04  eta: 11:58:39  time: 0.7807  data_time: 0.2355  memory: 18262  loss: 2.9951  loss_ctc: 2.9951
2026/01/08 08:52:07 - mmengine - INFO - Epoch(train)  [1][ 700/1989]  lr: 1.4697e-04  eta: 12:02:03  time: 0.8591  data_time: 0.4049  memory: 18262  loss: 2.7227  loss_ctc: 2.7227
2026/01/08 08:52:42 - mmengine - INFO - Epoch(train)  [1][ 750/1989]  lr: 1.4854e-04  eta: 11:59:08  time: 0.5673  data_time: 0.0230  memory: 18262  loss: 2.8566  loss_ctc: 2.8566
2026/01/08 08:53:18 - mmengine - INFO - Epoch(train)  [1][ 800/1989]  lr: 1.5011e-04  eta: 11:57:56  time: 0.7001  data_time: 0.0096  memory: 18262  loss: 2.8008  loss_ctc: 2.8008
2026/01/08 08:53:57 - mmengine - INFO - Epoch(train)  [1][ 850/1989]  lr: 1.5168e-04  eta: 11:59:48  time: 0.8487  data_time: 0.0019  memory: 18262  loss: 2.9318  loss_ctc: 2.9318
2026/01/08 08:54:30 - mmengine - INFO - Epoch(train)  [1][ 900/1989]  lr: 1.5326e-04  eta: 11:55:01  time: 0.6614  data_time: 0.0045  memory: 18262  loss: 2.5620  loss_ctc: 2.5620
2026/01/08 08:55:06 - mmengine - INFO - Epoch(train)  [1][ 950/1989]  lr: 1.5483e-04  eta: 11:53:58  time: 0.5805  data_time: 0.0018  memory: 18262  loss: 2.7710  loss_ctc: 2.7710
2026/01/08 08:55:44 - mmengine - INFO - Exp name: svtr-large_fudan_scene_finetune_from_pretrain_cn_scene_20260108_084316
2026/01/08 08:55:44 - mmengine - INFO - Epoch(train)  [1][1000/1989]  lr: 1.5640e-04  eta: 11:54:54  time: 0.7821  data_time: 0.0443  memory: 18262  loss: 2.5632  loss_ctc: 2.5632
2026/01/08 08:56:18 - mmengine - INFO - Epoch(train)  [1][1050/1989]  lr: 1.5797e-04  eta: 11:51:41  time: 0.6487  data_time: 0.0025  memory: 18262  loss: 2.6697  loss_ctc: 2.6697
2026/01/08 08:56:58 - mmengine - INFO - Epoch(train)  [1][1100/1989]  lr: 1.5954e-04  eta: 11:54:09  time: 0.9026  data_time: 0.3305  memory: 18262  loss: 2.5105  loss_ctc: 2.5105
2026/01/08 08:57:32 - mmengine - INFO - Epoch(train)  [1][1150/1989]  lr: 1.6111e-04  eta: 11:51:24  time: 0.4745  data_time: 0.0016  memory: 18262  loss: 2.4873  loss_ctc: 2.4873
2026/01/08 08:58:11 - mmengine - INFO - Epoch(train)  [1][1200/1989]  lr: 1.6269e-04  eta: 11:52:59  time: 0.7024  data_time: 0.0018  memory: 18262  loss: 2.6096  loss_ctc: 2.6096
2026/01/08 08:58:45 - mmengine - INFO - Epoch(train)  [1][1250/1989]  lr: 1.6426e-04  eta: 11:50:41  time: 0.6792  data_time: 0.0019  memory: 18262  loss: 2.4756  loss_ctc: 2.4756
2026/01/08 08:59:19 - mmengine - INFO - Epoch(train)  [1][1300/1989]  lr: 1.6583e-04  eta: 11:48:00  time: 0.7477  data_time: 0.2155  memory: 18262  loss: 2.6551  loss_ctc: 2.6551
2026/01/08 09:00:00 - mmengine - INFO - Epoch(train)  [1][1350/1989]  lr: 1.6740e-04  eta: 11:50:53  time: 0.8668  data_time: 0.0017  memory: 18262  loss: 2.4857  loss_ctc: 2.4857
2026/01/08 09:00:38 - mmengine - INFO - Epoch(train)  [1][1400/1989]  lr: 1.6897e-04  eta: 11:51:01  time: 0.6617  data_time: 0.0017  memory: 18262  loss: 2.7445  loss_ctc: 2.7445
2026/01/08 09:01:10 - mmengine - INFO - Epoch(train)  [1][1450/1989]  lr: 1.7054e-04  eta: 11:47:33  time: 0.7892  data_time: 0.0389  memory: 18262  loss: 2.7445  loss_ctc: 2.7445
2026/01/08 09:01:50 - mmengine - INFO - Epoch(train)  [1][1500/1989]  lr: 1.7211e-04  eta: 11:48:44  time: 0.4852  data_time: 0.0360  memory: 18262  loss: 2.5775  loss_ctc: 2.5775
2026/01/08 09:02:28 - mmengine - INFO - Epoch(train)  [1][1550/1989]  lr: 1.7369e-04  eta: 11:49:01  time: 0.7943  data_time: 0.0019  memory: 18262  loss: 2.6430  loss_ctc: 2.6430
2026/01/08 09:03:04 - mmengine - INFO - Epoch(train)  [1][1600/1989]  lr: 1.7526e-04  eta: 11:48:05  time: 0.6781  data_time: 0.2465  memory: 18262  loss: 2.5538  loss_ctc: 2.5538
2026/01/08 09:03:36 - mmengine - INFO - Epoch(train)  [1][1650/1989]  lr: 1.7683e-04  eta: 11:45:00  time: 0.5987  data_time: 0.0018  memory: 18262  loss: 2.5060  loss_ctc: 2.5060
2026/01/08 09:04:15 - mmengine - INFO - Epoch(train)  [1][1700/1989]  lr: 1.7840e-04  eta: 11:45:44  time: 1.1494  data_time: 0.7156  memory: 18262  loss: 2.6162  loss_ctc: 2.6162
2026/01/08 09:04:53 - mmengine - INFO - Epoch(train)  [1][1750/1989]  lr: 1.7997e-04  eta: 11:45:47  time: 0.4745  data_time: 0.0419  memory: 18262  loss: 2.3987  loss_ctc: 2.3987
2026/01/08 09:05:26 - mmengine - INFO - Epoch(train)  [1][1800/1989]  lr: 1.8154e-04  eta: 11:43:25  time: 0.6608  data_time: 0.2156  memory: 18262  loss: 2.7653  loss_ctc: 2.7653
2026/01/08 09:06:01 - mmengine - INFO - Epoch(train)  [1][1850/1989]  lr: 1.8312e-04  eta: 11:42:11  time: 0.9325  data_time: 0.0019  memory: 18262  loss: 2.7001  loss_ctc: 2.7001
2026/01/08 09:06:37 - mmengine - INFO - Epoch(train)  [1][1900/1989]  lr: 1.8469e-04  eta: 11:41:07  time: 0.6775  data_time: 0.0017  memory: 18262  loss: 2.7893  loss_ctc: 2.7893
2026/01/08 09:07:08 - mmengine - INFO - Epoch(train)  [1][1950/1989]  lr: 1.8626e-04  eta: 11:37:58  time: 0.5087  data_time: 0.0018  memory: 18262  loss: 2.7048  loss_ctc: 2.7048
2026/01/08 09:07:41 - mmengine - INFO - Exp name: svtr-large_fudan_scene_finetune_from_pretrain_cn_scene_20260108_084316
2026/01/08 09:07:41 - mmengine - INFO - Saving checkpoint at 1 epochs
2026/01/08 09:07:53 - mmengine - INFO - Epoch(val)  [1][ 50/498]    eta: 0:01:25  time: 0.1819  data_time: 0.0006  memory: 18262  
2026/01/08 09:08:01 - mmengine - INFO - Epoch(val)  [1][100/498]    eta: 0:01:11  time: 0.1724  data_time: 0.0005  memory: 1674  
2026/01/08 09:08:10 - mmengine - INFO - Epoch(val)  [1][150/498]    eta: 0:01:02  time: 0.1725  data_time: 0.0005  memory: 1674  
2026/01/08 09:08:19 - mmengine - INFO - Epoch(val)  [1][200/498]    eta: 0:00:52  time: 0.1711  data_time: 0.0005  memory: 1674  
2026/01/08 09:08:28 - mmengine - INFO - Epoch(val)  [1][250/498]    eta: 0:00:43  time: 0.1815  data_time: 0.0006  memory: 1674  
2026/01/08 09:08:36 - mmengine - INFO - Epoch(val)  [1][300/498]    eta: 0:00:34  time: 0.1752  data_time: 0.0005  memory: 1674  
2026/01/08 09:08:45 - mmengine - INFO - Epoch(val)  [1][350/498]    eta: 0:00:25  time: 0.1698  data_time: 0.0005  memory: 1674  
2026/01/08 09:08:53 - mmengine - INFO - Epoch(val)  [1][400/498]    eta: 0:00:17  time: 0.1710  data_time: 0.0005  memory: 1674  
2026/01/08 09:09:02 - mmengine - INFO - Epoch(val)  [1][450/498]    eta: 0:00:08  time: 0.1796  data_time: 0.0006  memory: 1674  
2026/01/08 09:09:11 - mmengine - INFO - Epoch(val) [1][498/498]    Fudan/recog/word_acc: 0.4266  Fudan/recog/1-N.E.D: 0.6274  data_time: 0.0018  time: 0.1745
2026/01/08 09:09:12 - mmengine - INFO - The best checkpoint with 0.4266 Fudan/recog/word_acc at 1 epoch is saved to best_Fudan_recog_word_acc_epoch_1.pth.
2026/01/08 09:09:23 - mmengine - INFO - Exp name: svtr-large_fudan_scene_finetune_from_pretrain_cn_scene_20260108_084316
2026/01/08 09:09:56 - mmengine - INFO - Epoch(train)  [2][  50/1989]  lr: 1.8906e-04  eta: 11:41:23  time: 0.6811  data_time: 0.0017  memory: 18282  loss: 2.7383  loss_ctc: 2.7383
2026/01/08 09:10:33 - mmengine - INFO - Epoch(train)  [2][ 100/1989]  lr: 1.9063e-04  eta: 11:41:14  time: 0.7127  data_time: 0.0018  memory: 18277  loss: 2.4908  loss_ctc: 2.4908
2026/01/08 09:11:09 - mmengine - INFO - Epoch(train)  [2][ 150/1989]  lr: 1.9220e-04  eta: 11:40:06  time: 0.5831  data_time: 0.1395  memory: 18277  loss: 2.4840  loss_ctc: 2.4840
2026/01/08 09:11:47 - mmengine - INFO - Epoch(train)  [2][ 200/1989]  lr: 1.9377e-04  eta: 11:40:30  time: 0.8014  data_time: 0.0119  memory: 18277  loss: 2.4068  loss_ctc: 2.4068
2026/01/08 09:12:21 - mmengine - INFO - Epoch(train)  [2][ 250/1989]  lr: 1.9534e-04  eta: 11:38:34  time: 0.6984  data_time: 0.0018  memory: 18277  loss: 2.5895  loss_ctc: 2.5895
2026/01/08 09:12:54 - mmengine - INFO - Epoch(train)  [2][ 300/1989]  lr: 1.9691e-04  eta: 11:36:38  time: 0.5697  data_time: 0.0019  memory: 18277  loss: 2.5232  loss_ctc: 2.5232
2026/01/08 09:13:35 - mmengine - INFO - Epoch(train)  [2][ 350/1989]  lr: 1.9849e-04  eta: 11:37:56  time: 0.8890  data_time: 0.4506  memory: 18277  loss: 2.5015  loss_ctc: 2.5015
2026/01/08 09:14:11 - mmengine - INFO - Epoch(train)  [2][ 400/1989]  lr: 2.0006e-04  eta: 11:36:50  time: 0.6430  data_time: 0.1077  memory: 18277  loss: 2.5184  loss_ctc: 2.5184
2026/01/08 09:14:48 - mmengine - INFO - Epoch(train)  [2][ 450/1989]  lr: 2.0163e-04  eta: 11:36:43  time: 0.6276  data_time: 0.0020  memory: 18277  loss: 2.4963  loss_ctc: 2.4963
2026/01/08 09:15:28 - mmengine - INFO - Epoch(train)  [2][ 500/1989]  lr: 2.0320e-04  eta: 11:37:30  time: 0.6871  data_time: 0.2517  memory: 18277  loss: 2.6816  loss_ctc: 2.6816
2026/01/08 09:16:07 - mmengine - INFO - Epoch(train)  [2][ 550/1989]  lr: 2.0477e-04  eta: 11:37:31  time: 1.0428  data_time: 0.3550  memory: 18277  loss: 2.4234  loss_ctc: 2.4234
2026/01/08 09:16:40 - mmengine - INFO - Epoch(train)  [2][ 600/1989]  lr: 2.0634e-04  eta: 11:35:48  time: 0.8365  data_time: 0.4037  memory: 18277  loss: 2.6805  loss_ctc: 2.6805
2026/01/08 09:17:20 - mmengine - INFO - Epoch(train)  [2][ 650/1989]  lr: 2.0791e-04  eta: 11:36:12  time: 0.8179  data_time: 0.3815  memory: 18277  loss: 2.3757  loss_ctc: 2.3757
2026/01/08 09:17:52 - mmengine - INFO - Epoch(train)  [2][ 700/1989]  lr: 2.0949e-04  eta: 11:34:10  time: 0.7336  data_time: 0.0600  memory: 18277  loss: 2.6067  loss_ctc: 2.6067
2026/01/08 09:18:24 - mmengine - INFO - Epoch(train)  [2][ 750/1989]  lr: 2.1106e-04  eta: 11:31:45  time: 0.6395  data_time: 0.1250  memory: 18277  loss: 2.4322  loss_ctc: 2.4322
2026/01/08 09:19:09 - mmengine - INFO - Epoch(train)  [2][ 800/1989]  lr: 2.1263e-04  eta: 11:34:04  time: 1.0958  data_time: 0.0668  memory: 18277  loss: 2.9010  loss_ctc: 2.9010
2026/01/08 09:19:45 - mmengine - INFO - Epoch(train)  [2][ 850/1989]  lr: 2.1420e-04  eta: 11:33:30  time: 0.9964  data_time: 0.5504  memory: 18277  loss: 2.8415  loss_ctc: 2.8415
2026/01/08 09:20:19 - mmengine - INFO - Epoch(train)  [2][ 900/1989]  lr: 2.1577e-04  eta: 11:31:52  time: 0.8239  data_time: 0.0019  memory: 18277  loss: 2.3909  loss_ctc: 2.3909
2026/01/08 09:20:58 - mmengine - INFO - Epoch(train)  [2][ 950/1989]  lr: 2.1734e-04  eta: 11:31:58  time: 0.7417  data_time: 0.0145  memory: 18277  loss: 2.3651  loss_ctc: 2.3651
2026/01/08 09:21:37 - mmengine - INFO - Epoch(train)  [2][1000/1989]  lr: 2.1892e-04  eta: 11:32:15  time: 1.0277  data_time: 0.0018  memory: 18277  loss: 2.5149  loss_ctc: 2.5149
2026/01/08 09:21:47 - mmengine - INFO - Exp name: svtr-large_fudan_scene_finetune_from_pretrain_cn_scene_20260108_084316
2026/01/08 09:22:15 - mmengine - INFO - Epoch(train)  [2][1050/1989]  lr: 2.2049e-04  eta: 11:32:04  time: 0.6550  data_time: 0.2132  memory: 18277  loss: 2.6213  loss_ctc: 2.6213
2026/01/08 09:22:51 - mmengine - INFO - Epoch(train)  [2][1100/1989]  lr: 2.2206e-04  eta: 11:31:07  time: 0.5739  data_time: 0.1434  memory: 18277  loss: 2.4396  loss_ctc: 2.4396
2026/01/08 09:23:25 - mmengine - INFO - Epoch(train)  [2][1150/1989]  lr: 2.2363e-04  eta: 11:29:41  time: 0.6404  data_time: 0.1940  memory: 18277  loss: 2.3197  loss_ctc: 2.3197
2026/01/08 09:24:02 - mmengine - INFO - Epoch(train)  [2][1200/1989]  lr: 2.2520e-04  eta: 11:29:14  time: 0.5832  data_time: 0.1367  memory: 18277  loss: 2.8494  loss_ctc: 2.8494
2026/01/08 09:24:36 - mmengine - INFO - Epoch(train)  [2][1250/1989]  lr: 2.2677e-04  eta: 11:27:50  time: 0.5719  data_time: 0.0021  memory: 18277  loss: 2.6251  loss_ctc: 2.6251
2026/01/08 09:25:09 - mmengine - INFO - Epoch(train)  [2][1300/1989]  lr: 2.2834e-04  eta: 11:26:21  time: 0.6855  data_time: 0.2283  memory: 18277  loss: 2.6908  loss_ctc: 2.6908
2026/01/08 09:25:49 - mmengine - INFO - Epoch(train)  [2][1350/1989]  lr: 2.2992e-04  eta: 11:26:43  time: 1.2299  data_time: 0.7920  memory: 18277  loss: 2.8358  loss_ctc: 2.8358
2026/01/08 09:26:23 - mmengine - INFO - Epoch(train)  [2][1400/1989]  lr: 2.3149e-04  eta: 11:25:23  time: 0.5623  data_time: 0.0019  memory: 18277  loss: 2.4938  loss_ctc: 2.4938
2026/01/08 09:27:00 - mmengine - INFO - Epoch(train)  [2][1450/1989]  lr: 2.3306e-04  eta: 11:24:46  time: 0.8130  data_time: 0.0019  memory: 18277  loss: 2.5473  loss_ctc: 2.5473
2026/01/08 09:27:35 - mmengine - INFO - Epoch(train)  [2][1500/1989]  lr: 2.3463e-04  eta: 11:23:57  time: 0.8202  data_time: 0.0018  memory: 18277  loss: 2.3201  loss_ctc: 2.3201
2026/01/08 09:28:07 - mmengine - INFO - Epoch(train)  [2][1550/1989]  lr: 2.3620e-04  eta: 11:22:07  time: 0.6953  data_time: 0.1346  memory: 18277  loss: 2.2552  loss_ctc: 2.2552
2026/01/08 09:28:47 - mmengine - INFO - Epoch(train)  [2][1600/1989]  lr: 2.3777e-04  eta: 11:22:22  time: 0.6855  data_time: 0.2370  memory: 18277  loss: 2.4261  loss_ctc: 2.4261
2026/01/08 09:29:24 - mmengine - INFO - Epoch(train)  [2][1650/1989]  lr: 2.3934e-04  eta: 11:22:00  time: 0.5282  data_time: 0.0408  memory: 18277  loss: 2.4384  loss_ctc: 2.4384
2026/01/08 09:30:01 - mmengine - INFO - Epoch(train)  [2][1700/1989]  lr: 2.4092e-04  eta: 11:21:17  time: 0.5395  data_time: 0.0019  memory: 18277  loss: 2.3502  loss_ctc: 2.3502
2026/01/08 09:30:37 - mmengine - INFO - Epoch(train)  [2][1750/1989]  lr: 2.4249e-04  eta: 11:20:33  time: 0.6642  data_time: 0.0019  memory: 18277  loss: 3.1442  loss_ctc: 3.1442
2026/01/08 09:31:11 - mmengine - INFO - Epoch(train)  [2][1800/1989]  lr: 2.4406e-04  eta: 11:19:18  time: 0.7920  data_time: 0.0020  memory: 18277  loss: 2.6510  loss_ctc: 2.6510
2026/01/08 09:31:43 - mmengine - INFO - Epoch(train)  [2][1850/1989]  lr: 2.4563e-04  eta: 11:17:40  time: 0.5967  data_time: 0.0021  memory: 18277  loss: 2.5623  loss_ctc: 2.5623
2026/01/08 09:32:23 - mmengine - INFO - Epoch(train)  [2][1900/1989]  lr: 2.4720e-04  eta: 11:17:57  time: 1.2418  data_time: 0.1509  memory: 18277  loss: 2.9504  loss_ctc: 2.9504
2026/01/08 09:32:57 - mmengine - INFO - Epoch(train)  [2][1950/1989]  lr: 2.4877e-04  eta: 11:16:42  time: 0.9085  data_time: 0.0311  memory: 18277  loss: 2.4012  loss_ctc: 2.4012
2026/01/08 09:33:22 - mmengine - INFO - Exp name: svtr-large_fudan_scene_finetune_from_pretrain_cn_scene_20260108_084316
2026/01/08 09:33:22 - mmengine - INFO - Saving checkpoint at 2 epochs
2026/01/08 09:33:34 - mmengine - INFO - Epoch(val)  [2][ 50/498]    eta: 0:01:19  time: 0.1720  data_time: 0.0005  memory: 18277  
2026/01/08 09:33:42 - mmengine - INFO - Epoch(val)  [2][100/498]    eta: 0:01:09  time: 0.1697  data_time: 0.0006  memory: 1675  
2026/01/08 09:33:51 - mmengine - INFO - Epoch(val)  [2][150/498]    eta: 0:01:00  time: 0.1792  data_time: 0.0006  memory: 1675  
2026/01/08 09:34:00 - mmengine - INFO - Epoch(val)  [2][200/498]    eta: 0:00:51  time: 0.1802  data_time: 0.0006  memory: 1675  
2026/01/08 09:34:08 - mmengine - INFO - Epoch(val)  [2][250/498]    eta: 0:00:43  time: 0.1701  data_time: 0.0005  memory: 1675  
2026/01/08 09:34:17 - mmengine - INFO - Epoch(val)  [2][300/498]    eta: 0:00:34  time: 0.1716  data_time: 0.0005  memory: 1675  
2026/01/08 09:34:26 - mmengine - INFO - Epoch(val)  [2][350/498]    eta: 0:00:25  time: 0.1819  data_time: 0.0006  memory: 1675  
2026/01/08 09:34:34 - mmengine - INFO - Epoch(val)  [2][400/498]    eta: 0:00:17  time: 0.1830  data_time: 0.0006  memory: 1675  
2026/01/08 09:34:43 - mmengine - INFO - Epoch(val)  [2][450/498]    eta: 0:00:08  time: 0.1739  data_time: 0.0006  memory: 1675  
2026/01/08 09:34:52 - mmengine - INFO - Epoch(val) [2][498/498]    Fudan/recog/word_acc: 0.4621  Fudan/recog/1-N.E.D: 0.6636  data_time: 0.0009  time: 0.1729
2026/01/08 09:34:52 - mmengine - INFO - The previous best checkpoint /root/lanyun-tmp/mmocr/work_dirs/svtr-large_new_finetune/best_Fudan_recog_word_acc_epoch_1.pth is removed
2026/01/08 09:34:53 - mmengine - INFO - The best checkpoint with 0.4621 Fudan/recog/word_acc at 2 epoch is saved to best_Fudan_recog_word_acc_epoch_2.pth.
2026/01/08 09:35:13 - mmengine - INFO - Exp name: svtr-large_fudan_scene_finetune_from_pretrain_cn_scene_20260108_084316
2026/01/08 09:35:33 - mmengine - INFO - Epoch(train)  [3][  50/1989]  lr: 2.5000e-04  eta: 11:15:00  time: 0.4845  data_time: 0.0021  memory: 18277  loss: 2.3786  loss_ctc: 2.3786
2026/01/08 09:36:07 - mmengine - INFO - Epoch(train)  [3][ 100/1989]  lr: 2.5000e-04  eta: 11:13:54  time: 0.6952  data_time: 0.0026  memory: 18277  loss: 2.4590  loss_ctc: 2.4590
2026/01/08 09:36:40 - mmengine - INFO - Epoch(train)  [3][ 150/1989]  lr: 2.5000e-04  eta: 11:12:26  time: 0.6529  data_time: 0.1214  memory: 18277  loss: 2.7616  loss_ctc: 2.7616
2026/01/08 09:37:20 - mmengine - INFO - Epoch(train)  [3][ 200/1989]  lr: 2.4999e-04  eta: 11:12:46  time: 0.6963  data_time: 0.0646  memory: 18277  loss: 2.6915  loss_ctc: 2.6915
2026/01/08 09:37:57 - mmengine - INFO - Epoch(train)  [3][ 250/1989]  lr: 2.4999e-04  eta: 11:12:13  time: 0.9920  data_time: 0.0517  memory: 18277  loss: 2.6366  loss_ctc: 2.6366
2026/01/08 09:38:39 - mmengine - INFO - Epoch(train)  [3][ 300/1989]  lr: 2.4998e-04  eta: 11:12:50  time: 1.0763  data_time: 0.0021  memory: 18277  loss: 2.7221  loss_ctc: 2.7221
2026/01/08 09:39:15 - mmengine - INFO - Epoch(train)  [3][ 350/1989]  lr: 2.4998e-04  eta: 11:12:12  time: 0.5267  data_time: 0.0612  memory: 18277  loss: 2.5384  loss_ctc: 2.5384
2026/01/08 09:39:49 - mmengine - INFO - Epoch(train)  [3][ 400/1989]  lr: 2.4997e-04  eta: 11:10:56  time: 0.5373  data_time: 0.0022  memory: 18277  loss: 2.6202  loss_ctc: 2.6202
2026/01/08 09:40:25 - mmengine - INFO - Epoch(train)  [3][ 450/1989]  lr: 2.4996e-04  eta: 11:10:16  time: 0.7664  data_time: 0.0505  memory: 18277  loss: 2.7283  loss_ctc: 2.7283
2026/01/08 09:41:02 - mmengine - INFO - Epoch(train)  [3][ 500/1989]  lr: 2.4995e-04  eta: 11:09:53  time: 0.8862  data_time: 0.4588  memory: 18277  loss: 2.6656  loss_ctc: 2.6656
2026/01/08 09:41:46 - mmengine - INFO - Epoch(train)  [3][ 550/1989]  lr: 2.4994e-04  eta: 11:10:42  time: 0.8799  data_time: 0.0018  memory: 18277  loss: 2.4488  loss_ctc: 2.4488
2026/01/08 09:42:27 - mmengine - INFO - Epoch(train)  [3][ 600/1989]  lr: 2.4993e-04  eta: 11:11:07  time: 0.9379  data_time: 0.2244  memory: 18277  loss: 2.6421  loss_ctc: 2.6421
2026/01/08 09:43:04 - mmengine - INFO - Epoch(train)  [3][ 650/1989]  lr: 2.4992e-04  eta: 11:10:28  time: 1.0026  data_time: 0.0020  memory: 18277  loss: 2.6931  loss_ctc: 2.6931
2026/01/08 09:43:40 - mmengine - INFO - Epoch(train)  [3][ 700/1989]  lr: 2.4991e-04  eta: 11:09:50  time: 0.8751  data_time: 0.3253  memory: 18277  loss: 2.2899  loss_ctc: 2.2899
2026/01/08 09:44:17 - mmengine - INFO - Epoch(train)  [3][ 750/1989]  lr: 2.4990e-04  eta: 11:09:15  time: 0.5867  data_time: 0.1305  memory: 18277  loss: 2.5028  loss_ctc: 2.5028
2026/01/08 09:44:54 - mmengine - INFO - Epoch(train)  [3][ 800/1989]  lr: 2.4988e-04  eta: 11:08:45  time: 0.8087  data_time: 0.1751  memory: 18277  loss: 2.5197  loss_ctc: 2.5197
2026/01/08 09:45:32 - mmengine - INFO - Epoch(train)  [3][ 850/1989]  lr: 2.4987e-04  eta: 11:08:24  time: 0.9355  data_time: 0.4149  memory: 18277  loss: 2.5093  loss_ctc: 2.5093
2026/01/08 09:46:04 - mmengine - INFO - Epoch(train)  [3][ 900/1989]  lr: 2.4985e-04  eta: 11:06:59  time: 0.6556  data_time: 0.0020  memory: 18277  loss: 2.7945  loss_ctc: 2.7945
2026/01/08 09:46:44 - mmengine - INFO - Epoch(train)  [3][ 950/1989]  lr: 2.4983e-04  eta: 11:06:56  time: 0.5052  data_time: 0.0019  memory: 18277  loss: 2.5509  loss_ctc: 2.5509
2026/01/08 09:47:23 - mmengine - INFO - Epoch(train)  [3][1000/1989]  lr: 2.4982e-04  eta: 11:06:50  time: 0.6876  data_time: 0.0020  memory: 18277  loss: 2.5648  loss_ctc: 2.5648
2026/01/08 09:47:36 - mmengine - INFO - Exp name: svtr-large_fudan_scene_finetune_from_pretrain_cn_scene_20260108_084316
2026/01/08 09:47:59 - mmengine - INFO - Epoch(train)  [3][1050/1989]  lr: 2.4980e-04  eta: 11:06:07  time: 0.6687  data_time: 0.2172  memory: 18277  loss: 2.5241  loss_ctc: 2.5241
2026/01/08 09:48:37 - mmengine - INFO - Epoch(train)  [3][1100/1989]  lr: 2.4978e-04  eta: 11:05:42  time: 1.0645  data_time: 0.6187  memory: 18277  loss: 2.3801  loss_ctc: 2.3801
2026/01/08 09:49:09 - mmengine - INFO - Epoch(train)  [3][1150/1989]  lr: 2.4976e-04  eta: 11:04:17  time: 0.4822  data_time: 0.0461  memory: 18277  loss: 2.4375  loss_ctc: 2.4375
2026/01/08 09:49:44 - mmengine - INFO - Epoch(train)  [3][1200/1989]  lr: 2.4973e-04  eta: 11:03:28  time: 0.7703  data_time: 0.3294  memory: 18277  loss: 2.6501  loss_ctc: 2.6501
2026/01/08 09:50:14 - mmengine - INFO - Epoch(train)  [3][1250/1989]  lr: 2.4971e-04  eta: 11:01:48  time: 0.5696  data_time: 0.1278  memory: 18277  loss: 2.3804  loss_ctc: 2.3804
2026/01/08 09:50:49 - mmengine - INFO - Epoch(train)  [3][1300/1989]  lr: 2.4969e-04  eta: 11:00:50  time: 0.7137  data_time: 0.0614  memory: 18277  loss: 2.5777  loss_ctc: 2.5777
2026/01/08 09:51:23 - mmengine - INFO - Epoch(train)  [3][1350/1989]  lr: 2.4966e-04  eta: 10:59:50  time: 0.6225  data_time: 0.1383  memory: 18277  loss: 2.6756  loss_ctc: 2.6756
2026/01/08 09:52:04 - mmengine - INFO - Epoch(train)  [3][1400/1989]  lr: 2.4964e-04  eta: 11:00:00  time: 1.0172  data_time: 0.5750  memory: 18277  loss: 2.2592  loss_ctc: 2.2592
2026/01/08 09:52:41 - mmengine - INFO - Epoch(train)  [3][1450/1989]  lr: 2.4961e-04  eta: 10:59:30  time: 0.7616  data_time: 0.0020  memory: 18277  loss: 2.3072  loss_ctc: 2.3072
2026/01/08 09:53:23 - mmengine - INFO - Epoch(train)  [3][1500/1989]  lr: 2.4958e-04  eta: 10:59:51  time: 1.0812  data_time: 0.6377  memory: 18277  loss: 2.5067  loss_ctc: 2.5067
2026/01/08 09:53:59 - mmengine - INFO - Epoch(train)  [3][1550/1989]  lr: 2.4956e-04  eta: 10:59:07  time: 0.7568  data_time: 0.1726  memory: 18277  loss: 2.5087  loss_ctc: 2.5087
2026/01/08 09:54:31 - mmengine - INFO - Epoch(train)  [3][1600/1989]  lr: 2.4953e-04  eta: 10:57:46  time: 0.6423  data_time: 0.0987  memory: 18277  loss: 2.6031  loss_ctc: 2.6031
2026/01/08 09:55:10 - mmengine - INFO - Epoch(train)  [3][1650/1989]  lr: 2.4950e-04  eta: 10:57:29  time: 0.4586  data_time: 0.0020  memory: 18277  loss: 2.6931  loss_ctc: 2.6931
2026/01/08 09:55:51 - mmengine - INFO - Epoch(train)  [3][1700/1989]  lr: 2.4947e-04  eta: 10:57:40  time: 0.8771  data_time: 0.4490  memory: 18277  loss: 2.4896  loss_ctc: 2.4896
2026/01/08 09:56:28 - mmengine - INFO - Epoch(train)  [3][1750/1989]  lr: 2.4943e-04  eta: 10:57:06  time: 0.6138  data_time: 0.0324  memory: 18277  loss: 2.3753  loss_ctc: 2.3753
2026/01/08 09:57:04 - mmengine - INFO - Epoch(train)  [3][1800/1989]  lr: 2.4940e-04  eta: 10:56:24  time: 0.4633  data_time: 0.0019  memory: 18277  loss: 2.5618  loss_ctc: 2.5618
2026/01/08 09:57:41 - mmengine - INFO - Epoch(train)  [3][1850/1989]  lr: 2.4937e-04  eta: 10:55:49  time: 0.5544  data_time: 0.0649  memory: 18277  loss: 2.4815  loss_ctc: 2.4815
2026/01/08 09:58:16 - mmengine - INFO - Epoch(train)  [3][1900/1989]  lr: 2.4933e-04  eta: 10:55:00  time: 0.8478  data_time: 0.4160  memory: 18277  loss: 2.3459  loss_ctc: 2.3459
2026/01/08 09:58:53 - mmengine - INFO - Epoch(train)  [3][1950/1989]  lr: 2.4930e-04  eta: 10:54:34  time: 0.6357  data_time: 0.0020  memory: 18277  loss: 2.5993  loss_ctc: 2.5993
2026/01/08 09:59:19 - mmengine - INFO - Exp name: svtr-large_fudan_scene_finetune_from_pretrain_cn_scene_20260108_084316
2026/01/08 09:59:19 - mmengine - INFO - Saving checkpoint at 3 epochs
2026/01/08 09:59:31 - mmengine - INFO - Epoch(val)  [3][ 50/498]    eta: 0:01:21  time: 0.1707  data_time: 0.0005  memory: 18277  
2026/01/08 09:59:40 - mmengine - INFO - Epoch(val)  [3][100/498]    eta: 0:01:10  time: 0.1713  data_time: 0.0005  memory: 1675  
2026/01/08 09:59:49 - mmengine - INFO - Epoch(val)  [3][150/498]    eta: 0:01:01  time: 0.1719  data_time: 0.0006  memory: 1675  
2026/01/08 09:59:57 - mmengine - INFO - Epoch(val)  [3][200/498]    eta: 0:00:52  time: 0.1900  data_time: 0.0006  memory: 1675  
2026/01/08 10:00:06 - mmengine - INFO - Epoch(val)  [3][250/498]    eta: 0:00:44  time: 0.1772  data_time: 0.0006  memory: 1675  
2026/01/08 10:00:15 - mmengine - INFO - Epoch(val)  [3][300/498]    eta: 0:00:35  time: 0.1870  data_time: 0.0005  memory: 1675  
2026/01/08 10:00:24 - mmengine - INFO - Epoch(val)  [3][350/498]    eta: 0:00:26  time: 0.1727  data_time: 0.0006  memory: 1675  
2026/01/08 10:00:33 - mmengine - INFO - Epoch(val)  [3][400/498]    eta: 0:00:17  time: 0.1862  data_time: 0.0005  memory: 1675  
2026/01/08 10:00:42 - mmengine - INFO - Epoch(val)  [3][450/498]    eta: 0:00:08  time: 0.1733  data_time: 0.0006  memory: 1675  
2026/01/08 10:00:51 - mmengine - INFO - Epoch(val) [3][498/498]    Fudan/recog/word_acc: 0.4801  Fudan/recog/1-N.E.D: 0.6821  data_time: 0.0012  time: 0.1769
2026/01/08 10:00:51 - mmengine - INFO - The previous best checkpoint /root/lanyun-tmp/mmocr/work_dirs/svtr-large_new_finetune/best_Fudan_recog_word_acc_epoch_2.pth is removed
2026/01/08 10:00:52 - mmengine - INFO - The best checkpoint with 0.4801 Fudan/recog/word_acc at 3 epoch is saved to best_Fudan_recog_word_acc_epoch_3.pth.
2026/01/08 10:01:23 - mmengine - INFO - Exp name: svtr-large_fudan_scene_finetune_from_pretrain_cn_scene_20260108_084316
2026/01/08 10:01:35 - mmengine - INFO - Epoch(train)  [4][  50/1989]  lr: 2.4923e-04  eta: 10:53:24  time: 0.7317  data_time: 0.2967  memory: 18277  loss: 2.5131  loss_ctc: 2.5131
2026/01/08 10:02:09 - mmengine - INFO - Epoch(train)  [4][ 100/1989]  lr: 2.4919e-04  eta: 10:52:25  time: 0.7087  data_time: 0.0019  memory: 18277  loss: 2.5416  loss_ctc: 2.5416
2026/01/08 10:02:46 - mmengine - INFO - Epoch(train)  [4][ 150/1989]  lr: 2.4915e-04  eta: 10:51:55  time: 0.8435  data_time: 0.0021  memory: 18277  loss: 2.3652  loss_ctc: 2.3652
2026/01/08 10:03:22 - mmengine - INFO - Epoch(train)  [4][ 200/1989]  lr: 2.4911e-04  eta: 10:51:16  time: 1.0095  data_time: 0.0019  memory: 18277  loss: 2.6914  loss_ctc: 2.6914
2026/01/08 10:03:58 - mmengine - INFO - Epoch(train)  [4][ 250/1989]  lr: 2.4907e-04  eta: 10:50:31  time: 0.7899  data_time: 0.0903  memory: 18277  loss: 2.5397  loss_ctc: 2.5397
2026/01/08 10:04:34 - mmengine - INFO - Epoch(train)  [4][ 300/1989]  lr: 2.4903e-04  eta: 10:49:54  time: 0.9273  data_time: 0.4107  memory: 18277  loss: 2.7155  loss_ctc: 2.7155
2026/01/08 10:05:16 - mmengine - INFO - Epoch(train)  [4][ 350/1989]  lr: 2.4899e-04  eta: 10:50:03  time: 0.5776  data_time: 0.0019  memory: 18277  loss: 2.3330  loss_ctc: 2.3330
2026/01/08 10:05:56 - mmengine - INFO - Epoch(train)  [4][ 400/1989]  lr: 2.4894e-04  eta: 10:49:51  time: 0.7075  data_time: 0.0122  memory: 18277  loss: 2.3552  loss_ctc: 2.3552
2026/01/08 10:06:33 - mmengine - INFO - Epoch(train)  [4][ 450/1989]  lr: 2.4890e-04  eta: 10:49:24  time: 0.7753  data_time: 0.0019  memory: 18277  loss: 3.3279  loss_ctc: 3.3279
2026/01/08 10:07:07 - mmengine - INFO - Epoch(train)  [4][ 500/1989]  lr: 2.4885e-04  eta: 10:48:21  time: 0.5626  data_time: 0.0019  memory: 18277  loss: 2.8325  loss_ctc: 2.8325
2026/01/08 10:07:42 - mmengine - INFO - Epoch(train)  [4][ 550/1989]  lr: 2.4881e-04  eta: 10:47:34  time: 0.6441  data_time: 0.0019  memory: 18277  loss: 2.6655  loss_ctc: 2.6655
2026/01/08 10:08:19 - mmengine - INFO - Epoch(train)  [4][ 600/1989]  lr: 2.4876e-04  eta: 10:47:03  time: 0.7042  data_time: 0.1199  memory: 18277  loss: 2.3815  loss_ctc: 2.3815
2026/01/08 10:08:58 - mmengine - INFO - Epoch(train)  [4][ 650/1989]  lr: 2.4871e-04  eta: 10:46:45  time: 0.6577  data_time: 0.0019  memory: 18277  loss: 2.2748  loss_ctc: 2.2748
2026/01/08 10:09:31 - mmengine - INFO - Epoch(train)  [4][ 700/1989]  lr: 2.4866e-04  eta: 10:45:41  time: 0.5205  data_time: 0.0847  memory: 18277  loss: 2.4369  loss_ctc: 2.4369
2026/01/08 10:10:08 - mmengine - INFO - Epoch(train)  [4][ 750/1989]  lr: 2.4861e-04  eta: 10:45:06  time: 0.6679  data_time: 0.0019  memory: 18277  loss: 2.3359  loss_ctc: 2.3359
2026/01/08 10:10:41 - mmengine - INFO - Epoch(train)  [4][ 800/1989]  lr: 2.4856e-04  eta: 10:43:58  time: 0.5649  data_time: 0.1314  memory: 18277  loss: 2.3022  loss_ctc: 2.3022
2026/01/08 10:11:15 - mmengine - INFO - Epoch(train)  [4][ 850/1989]  lr: 2.4851e-04  eta: 10:43:06  time: 0.4445  data_time: 0.0018  memory: 18277  loss: 2.0681  loss_ctc: 2.0681
2026/01/08 10:11:55 - mmengine - INFO - Epoch(train)  [4][ 900/1989]  lr: 2.4846e-04  eta: 10:42:59  time: 0.6659  data_time: 0.1984  memory: 18277  loss: 2.1421  loss_ctc: 2.1421
2026/01/08 10:12:32 - mmengine - INFO - Epoch(train)  [4][ 950/1989]  lr: 2.4840e-04  eta: 10:42:22  time: 0.8216  data_time: 0.3546  memory: 18277  loss: 2.0680  loss_ctc: 2.0680
2026/01/08 10:13:08 - mmengine - INFO - Epoch(train)  [4][1000/1989]  lr: 2.4835e-04  eta: 10:41:41  time: 0.6421  data_time: 0.2100  memory: 18277  loss: 2.0211  loss_ctc: 2.0211
2026/01/08 10:13:31 - mmengine - INFO - Exp name: svtr-large_fudan_scene_finetune_from_pretrain_cn_scene_20260108_084316
2026/01/08 10:13:43 - mmengine - INFO - Epoch(train)  [4][1050/1989]  lr: 2.4829e-04  eta: 10:40:55  time: 0.8182  data_time: 0.3225  memory: 18277  loss: 2.1609  loss_ctc: 2.1609
2026/01/08 10:14:17 - mmengine - INFO - Epoch(train)  [4][1100/1989]  lr: 2.4824e-04  eta: 10:39:55  time: 0.6447  data_time: 0.0022  memory: 18277  loss: 2.1640  loss_ctc: 2.1640
2026/01/08 10:15:00 - mmengine - INFO - Epoch(train)  [4][1150/1989]  lr: 2.4818e-04  eta: 10:40:09  time: 0.8945  data_time: 0.2794  memory: 18277  loss: 2.1597  loss_ctc: 2.1597
2026/01/08 10:15:37 - mmengine - INFO - Epoch(train)  [4][1200/1989]  lr: 2.4812e-04  eta: 10:39:38  time: 0.7282  data_time: 0.1985  memory: 18277  loss: 2.1554  loss_ctc: 2.1554
2026/01/08 10:16:22 - mmengine - INFO - Epoch(train)  [4][1250/1989]  lr: 2.4806e-04  eta: 10:40:00  time: 1.0698  data_time: 0.6058  memory: 18277  loss: 2.1790  loss_ctc: 2.1790
2026/01/08 10:16:55 - mmengine - INFO - Epoch(train)  [4][1300/1989]  lr: 2.4800e-04  eta: 10:39:00  time: 0.6967  data_time: 0.2487  memory: 18277  loss: 2.1657  loss_ctc: 2.1657
2026/01/08 10:17:30 - mmengine - INFO - Epoch(train)  [4][1350/1989]  lr: 2.4794e-04  eta: 10:38:14  time: 0.7383  data_time: 0.0499  memory: 18277  loss: 2.0148  loss_ctc: 2.0148
2026/01/08 10:18:07 - mmengine - INFO - Epoch(train)  [4][1400/1989]  lr: 2.4788e-04  eta: 10:37:37  time: 0.9614  data_time: 0.0020  memory: 18277  loss: 2.0616  loss_ctc: 2.0616
2026/01/08 10:18:51 - mmengine - INFO - Epoch(train)  [4][1450/1989]  lr: 2.4781e-04  eta: 10:37:56  time: 1.2862  data_time: 0.7746  memory: 18277  loss: 1.9921  loss_ctc: 1.9921
2026/01/08 10:19:29 - mmengine - INFO - Epoch(train)  [4][1500/1989]  lr: 2.4775e-04  eta: 10:37:26  time: 0.7133  data_time: 0.0020  memory: 18277  loss: 2.0472  loss_ctc: 2.0472
2026/01/08 10:20:04 - mmengine - INFO - Epoch(train)  [4][1550/1989]  lr: 2.4769e-04  eta: 10:36:38  time: 0.7461  data_time: 0.1536  memory: 18277  loss: 1.9564  loss_ctc: 1.9564
2026/01/08 10:20:36 - mmengine - INFO - Epoch(train)  [4][1600/1989]  lr: 2.4762e-04  eta: 10:35:33  time: 0.5722  data_time: 0.0021  memory: 18277  loss: 2.3326  loss_ctc: 2.3326
2026/01/08 10:21:11 - mmengine - INFO - Epoch(train)  [4][1650/1989]  lr: 2.4755e-04  eta: 10:34:42  time: 0.7297  data_time: 0.0020  memory: 18277  loss: 2.5902  loss_ctc: 2.5902
2026/01/08 10:21:45 - mmengine - INFO - Epoch(train)  [4][1700/1989]  lr: 2.4749e-04  eta: 10:33:48  time: 0.7221  data_time: 0.1003  memory: 18277  loss: 2.3621  loss_ctc: 2.3621
2026/01/08 10:22:19 - mmengine - INFO - Epoch(train)  [4][1750/1989]  lr: 2.4742e-04  eta: 10:32:58  time: 0.6141  data_time: 0.1114  memory: 18277  loss: 1.9749  loss_ctc: 1.9749
2026/01/08 10:22:56 - mmengine - INFO - Epoch(train)  [4][1800/1989]  lr: 2.4735e-04  eta: 10:32:22  time: 0.6951  data_time: 0.2619  memory: 18277  loss: 2.4111  loss_ctc: 2.4111
2026/01/08 10:23:31 - mmengine - INFO - Epoch(train)  [4][1850/1989]  lr: 2.4728e-04  eta: 10:31:33  time: 0.7662  data_time: 0.1650  memory: 18277  loss: 2.6054  loss_ctc: 2.6054
2026/01/08 10:24:04 - mmengine - INFO - Epoch(train)  [4][1900/1989]  lr: 2.4721e-04  eta: 10:30:37  time: 0.5284  data_time: 0.0019  memory: 18277  loss: 2.3956  loss_ctc: 2.3956
2026/01/08 10:24:41 - mmengine - INFO - Epoch(train)  [4][1950/1989]  lr: 2.4714e-04  eta: 10:30:01  time: 0.7154  data_time: 0.0545  memory: 18277  loss: 2.2401  loss_ctc: 2.2401
2026/01/08 10:25:08 - mmengine - INFO - Exp name: svtr-large_fudan_scene_finetune_from_pretrain_cn_scene_20260108_084316
2026/01/08 10:25:08 - mmengine - INFO - Saving checkpoint at 4 epochs
2026/01/08 10:25:19 - mmengine - INFO - Epoch(val)  [4][ 50/498]    eta: 0:01:20  time: 0.1711  data_time: 0.0005  memory: 18277  
2026/01/08 10:25:28 - mmengine - INFO - Epoch(val)  [4][100/498]    eta: 0:01:09  time: 0.1714  data_time: 0.0005  memory: 1675  
2026/01/08 10:25:37 - mmengine - INFO - Epoch(val)  [4][150/498]    eta: 0:01:00  time: 0.1737  data_time: 0.0005  memory: 1675  
2026/01/08 10:25:45 - mmengine - INFO - Epoch(val)  [4][200/498]    eta: 0:00:51  time: 0.1682  data_time: 0.0005  memory: 1675  
2026/01/08 10:25:54 - mmengine - INFO - Epoch(val)  [4][250/498]    eta: 0:00:42  time: 0.1699  data_time: 0.0005  memory: 1675  
2026/01/08 10:26:02 - mmengine - INFO - Epoch(val)  [4][300/498]    eta: 0:00:34  time: 0.1701  data_time: 0.0005  memory: 1675  
2026/01/08 10:26:11 - mmengine - INFO - Epoch(val)  [4][350/498]    eta: 0:00:25  time: 0.1689  data_time: 0.0005  memory: 1675  
2026/01/08 10:26:20 - mmengine - INFO - Epoch(val)  [4][400/498]    eta: 0:00:16  time: 0.1705  data_time: 0.0005  memory: 1675  
2026/01/08 10:26:28 - mmengine - INFO - Epoch(val)  [4][450/498]    eta: 0:00:08  time: 0.1708  data_time: 0.0005  memory: 1675  
2026/01/08 10:26:37 - mmengine - INFO - Epoch(val) [4][498/498]    Fudan/recog/word_acc: 0.5155  Fudan/recog/1-N.E.D: 0.7115  data_time: 0.0010  time: 0.1720
2026/01/08 10:26:37 - mmengine - INFO - The previous best checkpoint /root/lanyun-tmp/mmocr/work_dirs/svtr-large_new_finetune/best_Fudan_recog_word_acc_epoch_3.pth is removed
2026/01/08 10:26:38 - mmengine - INFO - The best checkpoint with 0.5155 Fudan/recog/word_acc at 4 epoch is saved to best_Fudan_recog_word_acc_epoch_4.pth.
2026/01/08 10:27:15 - mmengine - INFO - Exp name: svtr-large_fudan_scene_finetune_from_pretrain_cn_scene_20260108_084316
2026/01/08 10:27:21 - mmengine - INFO - Epoch(train)  [5][  50/1989]  lr: 2.4701e-04  eta: 10:28:58  time: 0.7657  data_time: 0.0019  memory: 18277  loss: 2.2971  loss_ctc: 2.2971
2026/01/08 10:28:01 - mmengine - INFO - Epoch(train)  [5][ 100/1989]  lr: 2.4693e-04  eta: 10:28:49  time: 0.4558  data_time: 0.0174  memory: 18277  loss: 2.5254  loss_ctc: 2.5254
2026/01/08 10:28:35 - mmengine - INFO - Epoch(train)  [5][ 150/1989]  lr: 2.4686e-04  eta: 10:27:56  time: 0.5706  data_time: 0.0018  memory: 18277  loss: 2.3892  loss_ctc: 2.3892
2026/01/08 10:29:10 - mmengine - INFO - Epoch(train)  [5][ 200/1989]  lr: 2.4678e-04  eta: 10:27:07  time: 0.5452  data_time: 0.0019  memory: 18277  loss: 2.3758  loss_ctc: 2.3758
2026/01/08 10:29:45 - mmengine - INFO - Epoch(train)  [5][ 250/1989]  lr: 2.4670e-04  eta: 10:26:18  time: 0.5337  data_time: 0.0033  memory: 18277  loss: 2.2854  loss_ctc: 2.2854
2026/01/08 10:30:20 - mmengine - INFO - Epoch(train)  [5][ 300/1989]  lr: 2.4662e-04  eta: 10:25:36  time: 0.5931  data_time: 0.0019  memory: 18277  loss: 2.4446  loss_ctc: 2.4446
2026/01/08 10:31:00 - mmengine - INFO - Epoch(train)  [5][ 350/1989]  lr: 2.4654e-04  eta: 10:25:23  time: 0.8863  data_time: 0.4362  memory: 18277  loss: 2.5786  loss_ctc: 2.5786
2026/01/08 10:31:35 - mmengine - INFO - Epoch(train)  [5][ 400/1989]  lr: 2.4646e-04  eta: 10:24:35  time: 0.8972  data_time: 0.2483  memory: 18277  loss: 2.3793  loss_ctc: 2.3793
2026/01/08 10:32:17 - mmengine - INFO - Epoch(train)  [5][ 450/1989]  lr: 2.4638e-04  eta: 10:24:34  time: 1.6361  data_time: 0.0171  memory: 18277  loss: 2.5438  loss_ctc: 2.5438
2026/01/08 10:32:57 - mmengine - INFO - Epoch(train)  [5][ 500/1989]  lr: 2.4630e-04  eta: 10:24:14  time: 0.7633  data_time: 0.0019  memory: 18277  loss: 2.4393  loss_ctc: 2.4393
2026/01/08 10:33:29 - mmengine - INFO - Epoch(train)  [5][ 550/1989]  lr: 2.4622e-04  eta: 10:23:12  time: 0.5393  data_time: 0.0933  memory: 18277  loss: 2.5769  loss_ctc: 2.5769
2026/01/08 10:34:06 - mmengine - INFO - Epoch(train)  [5][ 600/1989]  lr: 2.4614e-04  eta: 10:22:40  time: 0.7195  data_time: 0.0020  memory: 18277  loss: 2.4609  loss_ctc: 2.4609
2026/01/08 10:34:39 - mmengine - INFO - Epoch(train)  [5][ 650/1989]  lr: 2.4605e-04  eta: 10:21:39  time: 0.6320  data_time: 0.0019  memory: 18277  loss: 2.6531  loss_ctc: 2.6531
2026/01/08 10:35:16 - mmengine - INFO - Epoch(train)  [5][ 700/1989]  lr: 2.4597e-04  eta: 10:21:08  time: 0.7372  data_time: 0.0019  memory: 18277  loss: 2.4915  loss_ctc: 2.4915
2026/01/08 10:35:52 - mmengine - INFO - Epoch(train)  [5][ 750/1989]  lr: 2.4588e-04  eta: 10:20:27  time: 0.7867  data_time: 0.3238  memory: 18277  loss: 2.2045  loss_ctc: 2.2045
2026/01/08 10:36:27 - mmengine - INFO - Epoch(train)  [5][ 800/1989]  lr: 2.4579e-04  eta: 10:19:40  time: 0.7137  data_time: 0.2586  memory: 18277  loss: 2.3142  loss_ctc: 2.3142
2026/01/08 10:37:01 - mmengine - INFO - Epoch(train)  [5][ 850/1989]  lr: 2.4570e-04  eta: 10:18:49  time: 0.6890  data_time: 0.2326  memory: 18277  loss: 2.6021  loss_ctc: 2.6021
2026/01/08 10:37:33 - mmengine - INFO - Epoch(train)  [5][ 900/1989]  lr: 2.4562e-04  eta: 10:17:45  time: 0.6043  data_time: 0.0020  memory: 18277  loss: 2.3761  loss_ctc: 2.3761
2026/01/08 10:38:11 - mmengine - INFO - Epoch(train)  [5][ 950/1989]  lr: 2.4553e-04  eta: 10:17:18  time: 0.7720  data_time: 0.3275  memory: 18277  loss: 2.6620  loss_ctc: 2.6620
2026/01/08 10:38:47 - mmengine - INFO - Epoch(train)  [5][1000/1989]  lr: 2.4544e-04  eta: 10:16:44  time: 0.7107  data_time: 0.0020  memory: 18277  loss: 2.4132  loss_ctc: 2.4132
2026/01/08 10:39:26 - mmengine - INFO - Exp name: svtr-large_fudan_scene_finetune_from_pretrain_cn_scene_20260108_084316
2026/01/08 10:39:30 - mmengine - INFO - Epoch(train)  [5][1050/1989]  lr: 2.4534e-04  eta: 10:16:41  time: 0.7995  data_time: 0.0020  memory: 18277  loss: 2.2221  loss_ctc: 2.2221
2026/01/08 10:40:09 - mmengine - INFO - Epoch(train)  [5][1100/1989]  lr: 2.4525e-04  eta: 10:16:17  time: 0.7310  data_time: 0.2574  memory: 18277  loss: 2.2613  loss_ctc: 2.2613
2026/01/08 10:40:47 - mmengine - INFO - Epoch(train)  [5][1150/1989]  lr: 2.4516e-04  eta: 10:15:50  time: 0.5109  data_time: 0.0317  memory: 18277  loss: 2.2646  loss_ctc: 2.2646
2026/01/08 10:41:29 - mmengine - INFO - Epoch(train)  [5][1200/1989]  lr: 2.4506e-04  eta: 10:15:41  time: 0.8314  data_time: 0.0018  memory: 18277  loss: 2.5457  loss_ctc: 2.5457
2026/01/08 10:42:04 - mmengine - INFO - Epoch(train)  [5][1250/1989]  lr: 2.4497e-04  eta: 10:14:57  time: 0.5132  data_time: 0.0206  memory: 18277  loss: 2.6151  loss_ctc: 2.6151
2026/01/08 10:42:37 - mmengine - INFO - Epoch(train)  [5][1300/1989]  lr: 2.4487e-04  eta: 10:14:04  time: 0.4928  data_time: 0.0574  memory: 18277  loss: 2.3728  loss_ctc: 2.3728
2026/01/08 10:43:12 - mmengine - INFO - Epoch(train)  [5][1350/1989]  lr: 2.4478e-04  eta: 10:13:15  time: 0.6556  data_time: 0.0020  memory: 18277  loss: 2.1248  loss_ctc: 2.1248
2026/01/08 10:43:49 - mmengine - INFO - Epoch(train)  [5][1400/1989]  lr: 2.4468e-04  eta: 10:12:43  time: 0.8177  data_time: 0.0020  memory: 18277  loss: 2.2978  loss_ctc: 2.2978
2026/01/08 10:44:25 - mmengine - INFO - Epoch(train)  [5][1450/1989]  lr: 2.4458e-04  eta: 10:12:03  time: 0.7596  data_time: 0.2813  memory: 18277  loss: 2.3013  loss_ctc: 2.3013
2026/01/08 10:45:02 - mmengine - INFO - Epoch(train)  [5][1500/1989]  lr: 2.4448e-04  eta: 10:11:33  time: 0.5944  data_time: 0.1254  memory: 18277  loss: 2.4820  loss_ctc: 2.4820
2026/01/08 10:45:38 - mmengine - INFO - Epoch(train)  [5][1550/1989]  lr: 2.4438e-04  eta: 10:10:48  time: 0.7828  data_time: 0.3454  memory: 18277  loss: 2.2805  loss_ctc: 2.2805
2026/01/08 10:46:13 - mmengine - INFO - Epoch(train)  [5][1600/1989]  lr: 2.4428e-04  eta: 10:10:08  time: 0.8032  data_time: 0.0019  memory: 18277  loss: 2.1203  loss_ctc: 2.1203
2026/01/08 10:46:47 - mmengine - INFO - Epoch(train)  [5][1650/1989]  lr: 2.4418e-04  eta: 10:09:15  time: 0.6444  data_time: 0.0201  memory: 18277  loss: 2.3165  loss_ctc: 2.3165
2026/01/08 10:47:30 - mmengine - INFO - Epoch(train)  [5][1700/1989]  lr: 2.4407e-04  eta: 10:09:15  time: 0.7053  data_time: 0.0019  memory: 18277  loss: 2.1700  loss_ctc: 2.1700
2026/01/08 10:48:10 - mmengine - INFO - Epoch(train)  [5][1750/1989]  lr: 2.4397e-04  eta: 10:08:55  time: 0.5103  data_time: 0.0021  memory: 18277  loss: 2.2521  loss_ctc: 2.2521
2026/01/08 10:48:46 - mmengine - INFO - Epoch(train)  [5][1800/1989]  lr: 2.4386e-04  eta: 10:08:16  time: 0.9069  data_time: 0.4728  memory: 18277  loss: 2.2690  loss_ctc: 2.2690
2026/01/08 10:49:20 - mmengine - INFO - Epoch(train)  [5][1850/1989]  lr: 2.4376e-04  eta: 10:07:27  time: 0.6932  data_time: 0.0019  memory: 18277  loss: 2.2843  loss_ctc: 2.2843
2026/01/08 10:49:57 - mmengine - INFO - Epoch(train)  [5][1900/1989]  lr: 2.4365e-04  eta: 10:06:50  time: 0.6007  data_time: 0.0127  memory: 18277  loss: 2.3362  loss_ctc: 2.3362
2026/01/08 10:50:33 - mmengine - INFO - Epoch(train)  [5][1950/1989]  lr: 2.4354e-04  eta: 10:06:12  time: 0.6494  data_time: 0.1686  memory: 18277  loss: 2.1383  loss_ctc: 2.1383
2026/01/08 10:50:57 - mmengine - INFO - Exp name: svtr-large_fudan_scene_finetune_from_pretrain_cn_scene_20260108_084316
2026/01/08 10:50:57 - mmengine - INFO - Saving checkpoint at 5 epochs
2026/01/08 10:51:09 - mmengine - INFO - Epoch(val)  [5][ 50/498]    eta: 0:01:20  time: 0.1855  data_time: 0.0005  memory: 18277  
2026/01/08 10:51:17 - mmengine - INFO - Epoch(val)  [5][100/498]    eta: 0:01:10  time: 0.1707  data_time: 0.0005  memory: 1675  
2026/01/08 10:51:26 - mmengine - INFO - Epoch(val)  [5][150/498]    eta: 0:01:01  time: 0.1713  data_time: 0.0005  memory: 1675  
2026/01/08 10:51:35 - mmengine - INFO - Epoch(val)  [5][200/498]    eta: 0:00:52  time: 0.1706  data_time: 0.0005  memory: 1675  
2026/01/08 10:51:43 - mmengine - INFO - Epoch(val)  [5][250/498]    eta: 0:00:43  time: 0.1703  data_time: 0.0005  memory: 1675  
2026/01/08 10:51:52 - mmengine - INFO - Epoch(val)  [5][300/498]    eta: 0:00:34  time: 0.1703  data_time: 0.0005  memory: 1675  
2026/01/08 10:52:01 - mmengine - INFO - Epoch(val)  [5][350/498]    eta: 0:00:25  time: 0.1699  data_time: 0.0005  memory: 1675  
2026/01/08 10:52:09 - mmengine - INFO - Epoch(val)  [5][400/498]    eta: 0:00:17  time: 0.1733  data_time: 0.0005  memory: 1675  
2026/01/08 10:52:18 - mmengine - INFO - Epoch(val)  [5][450/498]    eta: 0:00:08  time: 0.1708  data_time: 0.0005  memory: 1675  
2026/01/08 10:52:27 - mmengine - INFO - Epoch(val) [5][498/498]    Fudan/recog/word_acc: 0.5340  Fudan/recog/1-N.E.D: 0.7319  data_time: 0.0012  time: 0.1734
2026/01/08 10:52:27 - mmengine - INFO - The previous best checkpoint /root/lanyun-tmp/mmocr/work_dirs/svtr-large_new_finetune/best_Fudan_recog_word_acc_epoch_4.pth is removed
2026/01/08 10:52:28 - mmengine - INFO - The best checkpoint with 0.5340 Fudan/recog/word_acc at 5 epoch is saved to best_Fudan_recog_word_acc_epoch_5.pth.
2026/01/08 10:53:06 - mmengine - INFO - Epoch(train)  [6][  50/1989]  lr: 2.4335e-04  eta: 10:04:32  time: 0.6064  data_time: 0.0021  memory: 18277  loss: 1.9923  loss_ctc: 1.9923
2026/01/08 10:53:09 - mmengine - INFO - Exp name: svtr-large_fudan_scene_finetune_from_pretrain_cn_scene_20260108_084316
2026/01/08 10:53:42 - mmengine - INFO - Epoch(train)  [6][ 100/1989]  lr: 2.4324e-04  eta: 10:03:51  time: 0.5797  data_time: 0.1309  memory: 18277  loss: 2.0010  loss_ctc: 2.0010
2026/01/08 10:54:24 - mmengine - INFO - Epoch(train)  [6][ 150/1989]  lr: 2.4313e-04  eta: 10:03:41  time: 1.1970  data_time: 0.7461  memory: 18277  loss: 1.9481  loss_ctc: 1.9481
2026/01/08 10:54:59 - mmengine - INFO - Epoch(train)  [6][ 200/1989]  lr: 2.4302e-04  eta: 10:03:02  time: 0.6310  data_time: 0.0019  memory: 18277  loss: 1.9557  loss_ctc: 1.9557
2026/01/08 10:55:38 - mmengine - INFO - Epoch(train)  [6][ 250/1989]  lr: 2.4290e-04  eta: 10:02:34  time: 0.8560  data_time: 0.0019  memory: 18277  loss: 1.9212  loss_ctc: 1.9212
