{"icdar/precision": 0.7668845315904139, "icdar/recall": 0.7441860465116279, "icdar/hmean": 0.7553648068669527, "icdar/art/precision": 0.7668845315904139, "icdar/art/recall": 0.7441860465116279, "icdar/art/hmean": 0.7553648068669527}