{"icdar/precision": 0.0, "icdar/recall": 0.0, "icdar/hmean": 0.0, "data_time": 0.03467762470245361, "time": 4.670212984085083, "step": 0}
