{"lr": 0.00015000000000000001, "data_time": 1.5454567909240722, "grad_norm": Infinity, "loss": 15.009374237060547, "loss_prob": 11.27982292175293, "loss_thr": 2.797048330307007, "loss_db": 0.9325028181076049, "time": 5.359403896331787, "epoch": 1, "iter": 5, "memory": 17991, "step": 5}
{"lr": 0.00015000000000000001, "data_time": 0.7736887216567994, "grad_norm": Infinity, "loss": 14.862371730804444, "loss_prob": 11.161000061035157, "loss_thr": 2.7676722526550295, "loss_db": 0.9336992859840393, "time": 3.903737688064575, "epoch": 1, "iter": 10, "memory": 17790, "step": 10}
{"lr": 0.00015000000000000001, "data_time": 0.0019565820693969727, "grad_norm": 85.37077865600585, "loss": 14.388261795043945, "loss_prob": 10.743574619293213, "loss_thr": 2.707799506187439, "loss_db": 0.9368877112865448, "time": 2.424576187133789, "epoch": 1, "iter": 15, "memory": 17790, "step": 15}
{"lr": 0.00015000000000000001, "data_time": 0.002059006690979004, "grad_norm": 92.03348808288574, "loss": 13.726811027526855, "loss_prob": 10.117703056335449, "loss_thr": 2.668096351623535, "loss_db": 0.9410117447376252, "time": 2.341092038154602, "epoch": 1, "iter": 20, "memory": 17790, "step": 20}
{"lr": 0.00015000000000000001, "data_time": 0.0020197153091430662, "grad_norm": 104.45510749816894, "loss": 13.010440063476562, "loss_prob": 9.439128208160401, "loss_thr": 2.6281315088272095, "loss_db": 0.9431803822517395, "time": 2.2838448762893675, "epoch": 1, "iter": 25, "memory": 17790, "step": 25}
{"lr": 0.00015000000000000001, "data_time": 0.001938796043395996, "grad_norm": Infinity, "loss": 12.276558208465577, "loss_prob": 8.783272743225098, "loss_thr": 2.550545406341553, "loss_db": 0.9427401781082153, "time": 2.245880651473999, "epoch": 1, "iter": 30, "memory": 17790, "step": 30}
{"lr": 0.00015000000000000001, "data_time": 0.0020119905471801757, "grad_norm": Infinity, "loss": 11.756498336791992, "loss_prob": 8.333444213867187, "loss_thr": 2.478931498527527, "loss_db": 0.9441229104995728, "time": 2.2009982824325562, "epoch": 1, "iter": 35, "memory": 17790, "step": 35}
{"lr": 0.00015000000000000001, "data_time": 0.002020859718322754, "grad_norm": 118.9027931213379, "loss": 11.318037509918213, "loss_prob": 7.9529616355896, "loss_thr": 2.422007703781128, "loss_db": 0.9430683195590973, "time": 2.2538079261779784, "epoch": 1, "iter": 40, "memory": 17790, "step": 40}
{"lr": 0.00015000000000000001, "data_time": 0.001969313621520996, "grad_norm": 120.46073455810547, "loss": 10.892868995666504, "loss_prob": 7.575051736831665, "loss_thr": 2.3739837646484374, "loss_db": 0.9438334107398987, "time": 2.2750629425048827, "epoch": 1, "iter": 45, "memory": 17790, "step": 45}
{"lr": 0.00015000000000000001, "data_time": 0.0019258975982666016, "grad_norm": 106.79199295043945, "loss": 10.52641429901123, "loss_prob": 7.25732011795044, "loss_thr": 2.324075150489807, "loss_db": 0.9450189709663391, "time": 2.2071138858795165, "epoch": 1, "iter": 50, "memory": 17790, "step": 50}
{"lr": 0.00015000000000000001, "data_time": 0.001883530616760254, "grad_norm": 100.05266189575195, "loss": 10.115840339660645, "loss_prob": 6.926504278182984, "loss_thr": 2.2471824884414673, "loss_db": 0.9421535789966583, "time": 2.2175737380981446, "epoch": 1, "iter": 55, "memory": 17790, "step": 55}
{"lr": 0.00015000000000000001, "data_time": 0.0019001483917236329, "grad_norm": 103.66462936401368, "loss": 9.757350826263428, "loss_prob": 6.647555494308472, "loss_thr": 2.169212007522583, "loss_db": 0.9405833959579468, "time": 2.2525136709213256, "epoch": 1, "iter": 60, "memory": 17790, "step": 60}
{"lr": 0.00015000000000000001, "data_time": 0.001899409294128418, "grad_norm": Infinity, "loss": 9.563313293457032, "loss_prob": 6.522082567214966, "loss_thr": 2.1005097150802614, "loss_db": 0.9407210290431977, "time": 2.323996376991272, "epoch": 1, "iter": 65, "memory": 17790, "step": 65}
{"lr": 0.00015000000000000001, "data_time": 0.0018359661102294923, "grad_norm": Infinity, "loss": 9.367701435089112, "loss_prob": 6.388967275619507, "loss_thr": 2.037042486667633, "loss_db": 0.9416914939880371, "time": 2.3669650077819826, "epoch": 1, "iter": 70, "memory": 17790, "step": 70}
{"lr": 0.00015000000000000001, "data_time": 0.0021678447723388673, "grad_norm": 96.3956241607666, "loss": 9.150616264343261, "loss_prob": 6.232955694198608, "loss_thr": 1.9744412899017334, "loss_db": 0.9432192921638489, "time": 2.290191626548767, "epoch": 1, "iter": 75, "memory": 17790, "step": 75}
