{"icdar/precision": 0.8461538461538461, "icdar/recall": 0.6875, "icdar/hmean": 0.7586206896551724, "icdar/art/precision": 0.8571428571428571, "icdar/art/recall": 0.6, "icdar/art/hmean": 0.7058823529411764, "icdar/rctw/precision": 0.8, "icdar/rctw/recall": 0.5714285714285714, "icdar/rctw/hmean": 0.6666666666666666, "icdar/rects/precision": 1.0, "icdar/rects/recall": 1.0, "icdar/rects/hmean": 1.0}