ratio,icdar/hmean,icdar/art/hmean,icdar/rctw/hmean,icdar/rects/hmean,ms_per_img,stage2_ms_per_patch,dry_run
0.0,0.7384125218094925,0.7866638531335725,0.752465483234714,0.7123924033337887,65.79537871353264,0.0,False
0.1,0.7384529912371525,0.7866020644617654,0.7526115275900209,0.7123998543335762,247.84997696100717,32.52925187428586,False
0.3,0.7380880274581063,0.7858120197873908,0.7526670754138565,0.7120356882738528,352.2101964880752,35.40394138325356,False
0.5,0.7377719448791076,0.7858947368421053,0.7514408338442674,0.7118860108344334,391.73075611476844,36.36768351860775,False
1.0,0.736759731408088,0.7848794356112457,0.7483744325849587,0.7116452699626696,436.0704010379078,36.72053900063001,False
