nohup: ignoring input
12/27 20:25:22 - mmengine - INFO - 
------------------------------------------------------------
System environment:
    sys.platform: linux
    Python: 3.8.20 (default, Oct  3 2024, 15:24:27) [GCC 11.2.0]
    CUDA available: True
    MUSA available: False
    numpy_random_seed: 1589500513
    GPU 0: NVIDIA GeForce RTX 3090
    CUDA_HOME: /usr/local/cuda
    NVCC: Cuda compilation tools, release 11.1, V11.1.105
    GCC: gcc (Ubuntu 9.4.0-1ubuntu1~20.04.2) 9.4.0
    PyTorch: 1.10.2+cu111
    PyTorch compiling details: PyTorch built with:
  - GCC 7.3
  - C++ Version: 201402
  - Intel(R) Math Kernel Library Version 2020.0.0 Product Build 20191122 for Intel(R) 64 architecture applications
  - Intel(R) MKL-DNN v2.2.3 (Git Hash 7336ca9f055cf1bfa13efb658fe15dc9b41f0740)
  - OpenMP 201511 (a.k.a. OpenMP 4.5)
  - LAPACK is enabled (usually provided by MKL)
  - NNPACK is enabled
  - CPU capability usage: AVX2
  - CUDA Runtime 11.1
  - NVCC architecture flags: -gencode;arch=compute_37,code=sm_37;-gencode;arch=compute_50,code=sm_50;-gencode;arch=compute_60,code=sm_60;-gencode;arch=compute_70,code=sm_70;-gencode;arch=compute_75,code=sm_75;-gencode;arch=compute_80,code=sm_80;-gencode;arch=compute_86,code=sm_86
  - CuDNN 8.0.5
  - Magma 2.5.2
  - Build settings: BLAS_INFO=mkl, BUILD_TYPE=Release, CUDA_VERSION=11.1, CUDNN_VERSION=8.0.5, CXX_COMPILER=/opt/rh/devtoolset-7/root/usr/bin/c++, CXX_FLAGS= -Wno-deprecated -fvisibility-inlines-hidden -DUSE_PTHREADPOOL -fopenmp -DNDEBUG -DUSE_KINETO -DUSE_FBGEMM -DUSE_QNNPACK -DUSE_PYTORCH_QNNPACK -DUSE_XNNPACK -DSYMBOLICATE_MOBILE_DEBUG_HANDLE -DEDGE_PROFILER_USE_KINETO -O2 -fPIC -Wno-narrowing -Wall -Wextra -Werror=return-type -Wno-missing-field-initializers -Wno-type-limits -Wno-array-bounds -Wno-unknown-pragmas -Wno-sign-compare -Wno-unused-parameter -Wno-unused-variable -Wno-unused-function -Wno-unused-result -Wno-unused-local-typedefs -Wno-strict-overflow -Wno-strict-aliasing -Wno-error=deprecated-declarations -Wno-stringop-overflow -Wno-psabi -Wno-error=pedantic -Wno-error=redundant-decls -Wno-error=old-style-cast -fdiagnostics-color=always -faligned-new -Wno-unused-but-set-variable -Wno-maybe-uninitialized -fno-math-errno -fno-trapping-math -Werror=format -Wno-stringop-overflow, LAPACK_INFO=mkl, PERF_WITH_AVX=1, PERF_WITH_AVX2=1, PERF_WITH_AVX512=1, TORCH_VERSION=1.10.2, USE_CUDA=ON, USE_CUDNN=ON, USE_EXCEPTION_PTR=1, USE_GFLAGS=OFF, USE_GLOG=OFF, USE_MKL=ON, USE_MKLDNN=ON, USE_MPI=OFF, USE_NCCL=ON, USE_NNPACK=ON, USE_OPENMP=ON, 

    TorchVision: 0.11.3+cu111
    OpenCV: 4.12.0
    MMEngine: 0.10.7

Runtime environment:
    cudnn_benchmark: True
    mp_cfg: {'mp_start_method': 'fork', 'opencv_num_threads': 0}
    dist_cfg: {'backend': 'nccl'}
    seed: 1589500513
    Distributed launcher: none
    Distributed training: False
    GPU number: 1
------------------------------------------------------------

12/27 20:25:23 - mmengine - INFO - Config:
auto_scale_lr = dict(base_batch_size=12, enable=True)
custom_hooks = [
    dict(
        min_delta=0.001,
        monitor='icdar/hmean',
        patience=6,
        rule='greater',
        type='EarlyStoppingHook'),
]
default_hooks = dict(
    checkpoint=dict(
        interval=5,
        max_keep_ckpts=3,
        rule='greater',
        save_best='icdar/hmean',
        type='CheckpointHook'),
    logger=dict(interval=5, type='LoggerHook'),
    param_scheduler=dict(type='ParamSchedulerHook'),
    sampler_seed=dict(type='DistSamplerSeedHook'),
    sync_buffer=dict(type='SyncBuffersHook'),
    timer=dict(type='IterTimerHook'),
    visualization=dict(
        draw_gt=False,
        draw_pred=False,
        enable=False,
        interval=1,
        show=False,
        type='VisualizationHook'))
default_scope = 'mmocr'
env_cfg = dict(
    cudnn_benchmark=True,
    dist_cfg=dict(backend='nccl'),
    mp_cfg=dict(mp_start_method='fork', opencv_num_threads=0))
launcher = 'none'
load_from = None
log_level = 'INFO'
log_processor = dict(by_epoch=True, type='LogProcessor', window_size=10)
max_epochs = 60
model = dict(
    backbone=dict(
        dcn=dict(deform_groups=2, fallback_on_stride=False, type='DCNv2'),
        depth=50,
        frozen_stages=-1,
        init_cfg=dict(checkpoint='torchvision://resnet50', type='Pretrained'),
        norm_cfg=dict(requires_grad=True, type='BN'),
        norm_eval=True,
        num_stages=4,
        out_indices=(
            1,
            2,
            3,
        ),
        stage_with_dcn=(
            False,
            True,
            True,
            True,
        ),
        style='pytorch',
        type='mmdet.ResNet'),
    data_preprocessor=dict(
        bgr_to_rgb=True,
        mean=[
            123.675,
            116.28,
            103.53,
        ],
        pad_size_divisor=32,
        std=[
            58.395,
            57.12,
            57.375,
        ],
        type='TextDetDataPreprocessor'),
    det_head=dict(
        fourier_degree=5,
        in_channels=256,
        module_loss=dict(
            level_proportion_range=(
                (
                    0,
                    0.25,
                ),
                (
                    0.2,
                    0.65,
                ),
                (
                    0.55,
                    1.0,
                ),
            ),
            num_sample=50,
            type='FCEModuleLoss'),
        postprocessor=dict(
            alpha=1.0,
            beta=2.0,
            num_reconstr_points=50,
            scales=(
                8,
                16,
                32,
            ),
            score_thr=0.3,
            text_repr_type='poly',
            type='FCEPostprocessor'),
        type='FCEHead'),
    neck=dict(
        act_cfg=None,
        add_extra_convs='on_output',
        in_channels=[
            512,
            1024,
            2048,
        ],
        num_outs=3,
        out_channels=256,
        relu_before_extra_convs=True,
        type='mmdet.FPN'),
    type='FCENet')
optim_wrapper = dict(
    clip_grad=dict(max_norm=5, norm_type=2),
    loss_scale='dynamic',
    optimizer=dict(lr=0.001, momentum=0.9, type='SGD', weight_decay=0.0005),
    type='AmpOptimWrapper')
param_scheduler = [
    dict(begin=0, by_epoch=True, end=2, start_factor=0.1, type='LinearLR'),
    dict(
        begin=2,
        by_epoch=True,
        end=60,
        eta_min=1e-07,
        power=0.9,
        type='PolyLR'),
]
randomness = dict(seed=None)
resume = True
test_cfg = dict(type='TestLoop')
test_dataloader = dict(
    batch_size=1,
    dataset=dict(
        datasets=[
            dict(
                ann_file='instances_val.json',
                data_root='data/lsvt_mmocr',
                pipeline=None,
                test_mode=True,
                type='OCRDataset'),
            dict(
                ann_file='instances_val.json',
                data_root='data/ctw_mmocr',
                pipeline=None,
                test_mode=True,
                type='OCRDataset'),
        ],
        pipeline=[
            dict(
                color_type='color_ignore_orientation',
                type='LoadImageFromFile'),
            dict(keep_ratio=True, scale=(
                2260,
                2260,
            ), type='Resize'),
            dict(
                type='LoadOCRAnnotations',
                with_bbox=True,
                with_label=True,
                with_polygon=True),
            dict(
                meta_keys=(
                    'img_path',
                    'ori_shape',
                    'img_shape',
                    'scale_factor',
                ),
                type='PackTextDetInputs'),
        ],
        type='ConcatDataset'),
    num_workers=2,
    persistent_workers=True,
    pin_memory=True,
    sampler=dict(shuffle=False, type='DefaultSampler'))
test_evaluator = dict(
    dataset_prefixes=dict(ctw='data/ctw_mmocr', lsvt='data/lsvt_mmocr'),
    type='MultiDatasetHmeanIOUMetric')
test_list = [
    dict(
        ann_file='instances_val.json',
        data_root='data/lsvt_mmocr',
        pipeline=None,
        test_mode=True,
        type='OCRDataset'),
    dict(
        ann_file='instances_val.json',
        data_root='data/ctw_mmocr',
        pipeline=None,
        test_mode=True,
        type='OCRDataset'),
]
test_pipeline = [
    dict(color_type='color_ignore_orientation', type='LoadImageFromFile'),
    dict(keep_ratio=True, scale=(
        2260,
        2260,
    ), type='Resize'),
    dict(
        type='LoadOCRAnnotations',
        with_bbox=True,
        with_label=True,
        with_polygon=True),
    dict(
        meta_keys=(
            'img_path',
            'ori_shape',
            'img_shape',
            'scale_factor',
        ),
        type='PackTextDetInputs'),
]
textdet_ctw_data_root = 'data/ctw_mmocr'
textdet_ctw_test = dict(
    ann_file='instances_val.json',
    data_root='data/ctw_mmocr',
    pipeline=None,
    test_mode=True,
    type='OCRDataset')
textdet_ctw_train = dict(
    ann_file='instances_train.json',
    data_root='data/ctw_mmocr',
    filter_cfg=dict(filter_empty_gt=True, min_size=32),
    pipeline=None,
    type='OCRDataset')
textdet_lsvt_ctw_data_root = 'data/textdet_pretrain_lsvt_ctw'
textdet_lsvt_ctw_test = dict(
    ann_file='instances_val.json',
    data_root='data/textdet_pretrain_lsvt_ctw',
    pipeline=None,
    test_mode=True,
    type='OCRDataset')
textdet_lsvt_ctw_train = dict(
    ann_file='instances_train.json',
    data_root='data/textdet_pretrain_lsvt_ctw',
    filter_cfg=dict(filter_empty_gt=True, min_size=32),
    pipeline=None,
    type='OCRDataset')
textdet_lsvt_data_root = 'data/lsvt_mmocr'
textdet_lsvt_test = dict(
    ann_file='instances_val.json',
    data_root='data/lsvt_mmocr',
    pipeline=None,
    test_mode=True,
    type='OCRDataset')
textdet_lsvt_train = dict(
    ann_file='instances_train.json',
    data_root='data/lsvt_mmocr',
    filter_cfg=dict(filter_empty_gt=True, min_size=32),
    pipeline=None,
    type='OCRDataset')
train_cfg = dict(max_epochs=60, type='EpochBasedTrainLoop', val_interval=5)
train_dataloader = dict(
    batch_size=32,
    dataset=dict(
        datasets=[
            dict(
                ann_file='instances_train.json',
                data_root='data/lsvt_mmocr',
                filter_cfg=dict(filter_empty_gt=True, min_size=32),
                pipeline=None,
                type='OCRDataset'),
            dict(
                ann_file='instances_train.json',
                data_root='data/ctw_mmocr',
                filter_cfg=dict(filter_empty_gt=True, min_size=32),
                pipeline=None,
                type='OCRDataset'),
        ],
        pipeline=[
            dict(
                color_type='color_ignore_orientation',
                type='LoadImageFromFile'),
            dict(
                type='LoadOCRAnnotations',
                with_bbox=True,
                with_label=True,
                with_polygon=True),
            dict(
                keep_ratio=True,
                ratio_range=(
                    0.75,
                    2.5,
                ),
                scale=(
                    800,
                    800,
                ),
                type='RandomResize'),
            dict(
                crop_ratio=0.5,
                iter_num=1,
                min_area_ratio=0.2,
                type='TextDetRandomCropFlip'),
            dict(
                prob=0.8,
                transforms=[
                    dict(min_side_ratio=0.3, type='RandomCrop'),
                ],
                type='RandomApply'),
            dict(
                prob=0.5,
                transforms=[
                    dict(
                        max_angle=30,
                        pad_with_fixed_color=False,
                        type='RandomRotate',
                        use_canvas=True),
                ],
                type='RandomApply'),
            dict(
                prob=[
                    0.6,
                    0.4,
                ],
                transforms=[
                    [
                        dict(keep_ratio=True, scale=800, type='Resize'),
                        dict(target_scale=800, type='SourceImagePad'),
                    ],
                    dict(keep_ratio=False, scale=800, type='Resize'),
                ],
                type='RandomChoice'),
            dict(direction='horizontal', prob=0.5, type='RandomFlip'),
            dict(
                brightness=0.12549019607843137,
                contrast=0.5,
                op='ColorJitter',
                saturation=0.5,
                type='TorchVisionWrapper'),
            dict(
                meta_keys=(
                    'img_path',
                    'ori_shape',
                    'img_shape',
                    'scale_factor',
                ),
                type='PackTextDetInputs'),
        ],
        type='ConcatDataset'),
    num_workers=6,
    persistent_workers=True,
    pin_memory=True,
    sampler=dict(shuffle=True, type='DefaultSampler'))
train_list = [
    dict(
        ann_file='instances_train.json',
        data_root='data/lsvt_mmocr',
        filter_cfg=dict(filter_empty_gt=True, min_size=32),
        pipeline=None,
        type='OCRDataset'),
    dict(
        ann_file='instances_train.json',
        data_root='data/ctw_mmocr',
        filter_cfg=dict(filter_empty_gt=True, min_size=32),
        pipeline=None,
        type='OCRDataset'),
]
train_pipeline = [
    dict(color_type='color_ignore_orientation', type='LoadImageFromFile'),
    dict(
        type='LoadOCRAnnotations',
        with_bbox=True,
        with_label=True,
        with_polygon=True),
    dict(
        keep_ratio=True,
        ratio_range=(
            0.75,
            2.5,
        ),
        scale=(
            800,
            800,
        ),
        type='RandomResize'),
    dict(
        crop_ratio=0.5,
        iter_num=1,
        min_area_ratio=0.2,
        type='TextDetRandomCropFlip'),
    dict(
        prob=0.8,
        transforms=[
            dict(min_side_ratio=0.3, type='RandomCrop'),
        ],
        type='RandomApply'),
    dict(
        prob=0.5,
        transforms=[
            dict(
                max_angle=30,
                pad_with_fixed_color=False,
                type='RandomRotate',
                use_canvas=True),
        ],
        type='RandomApply'),
    dict(
        prob=[
            0.6,
            0.4,
        ],
        transforms=[
            [
                dict(keep_ratio=True, scale=800, type='Resize'),
                dict(target_scale=800, type='SourceImagePad'),
            ],
            dict(keep_ratio=False, scale=800, type='Resize'),
        ],
        type='RandomChoice'),
    dict(direction='horizontal', prob=0.5, type='RandomFlip'),
    dict(
        brightness=0.12549019607843137,
        contrast=0.5,
        op='ColorJitter',
        saturation=0.5,
        type='TorchVisionWrapper'),
    dict(
        meta_keys=(
            'img_path',
            'ori_shape',
            'img_shape',
            'scale_factor',
        ),
        type='PackTextDetInputs'),
]
val_cfg = dict(type='ValLoop')
val_dataloader = dict(
    batch_size=1,
    dataset=dict(
        datasets=[
            dict(
                ann_file='instances_val.json',
                data_root='data/lsvt_mmocr',
                pipeline=None,
                test_mode=True,
                type='OCRDataset'),
            dict(
                ann_file='instances_val.json',
                data_root='data/ctw_mmocr',
                pipeline=None,
                test_mode=True,
                type='OCRDataset'),
        ],
        pipeline=[
            dict(
                color_type='color_ignore_orientation',
                type='LoadImageFromFile'),
            dict(keep_ratio=True, scale=(
                2260,
                2260,
            ), type='Resize'),
            dict(
                type='LoadOCRAnnotations',
                with_bbox=True,
                with_label=True,
                with_polygon=True),
            dict(
                meta_keys=(
                    'img_path',
                    'ori_shape',
                    'img_shape',
                    'scale_factor',
                ),
                type='PackTextDetInputs'),
        ],
        type='ConcatDataset'),
    num_workers=2,
    persistent_workers=True,
    pin_memory=True,
    sampler=dict(shuffle=False, type='DefaultSampler'))
val_evaluator = dict(
    dataset_prefixes=dict(ctw='data/ctw_mmocr', lsvt='data/lsvt_mmocr'),
    type='MultiDatasetHmeanIOUMetric')
vis_backends = [
    dict(type='LocalVisBackend'),
]
visualizer = dict(
    name='visualizer',
    type='TextDetLocalVisualizer',
    vis_backends=[
        dict(type='LocalVisBackend'),
    ])
work_dir = 'work_dirs/fcenet_r50dcnv2_fpn_1500e_lsvt_ctw_pretrain'

12/27 20:25:30 - mmengine - INFO - Distributed training is not used, all SyncBatchNorm (SyncBN) layers in the model will be automatically reverted to BatchNormXd layers if they are used.
12/27 20:25:30 - mmengine - INFO - Hooks will be executed in the following order:
before_run:
(VERY_HIGH   ) RuntimeInfoHook                    
(BELOW_NORMAL) LoggerHook                         
(LOWEST      ) EarlyStoppingHook                  
 -------------------- 
before_train:
(VERY_HIGH   ) RuntimeInfoHook                    
(NORMAL      ) IterTimerHook                      
(VERY_LOW    ) CheckpointHook                     
 -------------------- 
before_train_epoch:
(VERY_HIGH   ) RuntimeInfoHook                    
(NORMAL      ) IterTimerHook                      
(NORMAL      ) DistSamplerSeedHook                
 -------------------- 
before_train_iter:
(VERY_HIGH   ) RuntimeInfoHook                    
(NORMAL      ) IterTimerHook                      
 -------------------- 
after_train_iter:
(VERY_HIGH   ) RuntimeInfoHook                    
(NORMAL      ) IterTimerHook                      
(BELOW_NORMAL) LoggerHook                         
(LOW         ) ParamSchedulerHook                 
(VERY_LOW    ) CheckpointHook                     
 -------------------- 
after_train_epoch:
(NORMAL      ) IterTimerHook                      
(NORMAL      ) SyncBuffersHook                    
(LOW         ) ParamSchedulerHook                 
(VERY_LOW    ) CheckpointHook                     
 -------------------- 
before_val:
(VERY_HIGH   ) RuntimeInfoHook                    
 -------------------- 
before_val_epoch:
(NORMAL      ) IterTimerHook                      
(NORMAL      ) SyncBuffersHook                    
 -------------------- 
before_val_iter:
(NORMAL      ) IterTimerHook                      
 -------------------- 
after_val_iter:
(NORMAL      ) IterTimerHook                      
(NORMAL      ) VisualizationHook                  
(BELOW_NORMAL) LoggerHook                         
 -------------------- 
after_val_epoch:
(VERY_HIGH   ) RuntimeInfoHook                    
(NORMAL      ) IterTimerHook                      
(BELOW_NORMAL) LoggerHook                         
(LOW         ) ParamSchedulerHook                 
(VERY_LOW    ) CheckpointHook                     
(LOWEST      ) EarlyStoppingHook                  
 -------------------- 
after_val:
(VERY_HIGH   ) RuntimeInfoHook                    
 -------------------- 
after_train:
(VERY_HIGH   ) RuntimeInfoHook                    
(VERY_LOW    ) CheckpointHook                     
 -------------------- 
before_test:
(VERY_HIGH   ) RuntimeInfoHook                    
 -------------------- 
before_test_epoch:
(NORMAL      ) IterTimerHook                      
 -------------------- 
before_test_iter:
(NORMAL      ) IterTimerHook                      
 -------------------- 
after_test_iter:
(NORMAL      ) IterTimerHook                      
(NORMAL      ) VisualizationHook                  
(BELOW_NORMAL) LoggerHook                         
 -------------------- 
after_test_epoch:
(VERY_HIGH   ) RuntimeInfoHook                    
(NORMAL      ) IterTimerHook                      
(BELOW_NORMAL) LoggerHook                         
 -------------------- 
after_test:
(VERY_HIGH   ) RuntimeInfoHook                    
 -------------------- 
after_run:
(BELOW_NORMAL) LoggerHook                         
 -------------------- 
12/27 20:25:48 - mmengine - INFO - LR is set based on batch size of 12 and the current batch size is 32. Scaling the original LR by 2.6666666666666665.
12/27 20:25:51 - mmengine - INFO - load model from: torchvision://resnet50
12/27 20:25:51 - mmengine - INFO - Loads checkpoint by torchvision backend from path: torchvision://resnet50
12/27 20:25:51 - mmengine - WARNING - The model and loaded state dict do not match exactly

unexpected key in source state_dict: fc.weight, fc.bias

missing keys in source state_dict: layer2.0.conv2.conv_offset.weight, layer2.0.conv2.conv_offset.bias, layer2.1.conv2.conv_offset.weight, layer2.1.conv2.conv_offset.bias, layer2.2.conv2.conv_offset.weight, layer2.2.conv2.conv_offset.bias, layer2.3.conv2.conv_offset.weight, layer2.3.conv2.conv_offset.bias, layer3.0.conv2.conv_offset.weight, layer3.0.conv2.conv_offset.bias, layer3.1.conv2.conv_offset.weight, layer3.1.conv2.conv_offset.bias, layer3.2.conv2.conv_offset.weight, layer3.2.conv2.conv_offset.bias, layer3.3.conv2.conv_offset.weight, layer3.3.conv2.conv_offset.bias, layer3.4.conv2.conv_offset.weight, layer3.4.conv2.conv_offset.bias, layer3.5.conv2.conv_offset.weight, layer3.5.conv2.conv_offset.bias, layer4.0.conv2.conv_offset.weight, layer4.0.conv2.conv_offset.bias, layer4.1.conv2.conv_offset.weight, layer4.1.conv2.conv_offset.bias, layer4.2.conv2.conv_offset.weight, layer4.2.conv2.conv_offset.bias

12/27 20:25:51 - mmengine - INFO - Auto resumed from the latest checkpoint /root/lanyun-tmp/mmocr/work_dirs/fcenet_r50dcnv2_fpn_1500e_lsvt_ctw_pretrain/epoch_15.pth.
Loads checkpoint by local backend from path: /root/lanyun-tmp/mmocr/work_dirs/fcenet_r50dcnv2_fpn_1500e_lsvt_ctw_pretrain/epoch_15.pth
12/27 20:25:52 - mmengine - INFO - ModulatedDeformConvPack backbone.layer2.0.conv2 is upgraded to version 2.
12/27 20:25:52 - mmengine - INFO - ModulatedDeformConvPack backbone.layer2.1.conv2 is upgraded to version 2.
12/27 20:25:52 - mmengine - INFO - ModulatedDeformConvPack backbone.layer2.2.conv2 is upgraded to version 2.
12/27 20:25:52 - mmengine - INFO - ModulatedDeformConvPack backbone.layer2.3.conv2 is upgraded to version 2.
12/27 20:25:52 - mmengine - INFO - ModulatedDeformConvPack backbone.layer3.0.conv2 is upgraded to version 2.
12/27 20:25:52 - mmengine - INFO - ModulatedDeformConvPack backbone.layer3.1.conv2 is upgraded to version 2.
12/27 20:25:52 - mmengine - INFO - ModulatedDeformConvPack backbone.layer3.2.conv2 is upgraded to version 2.
12/27 20:25:52 - mmengine - INFO - ModulatedDeformConvPack backbone.layer3.3.conv2 is upgraded to version 2.
12/27 20:25:52 - mmengine - INFO - ModulatedDeformConvPack backbone.layer3.4.conv2 is upgraded to version 2.
12/27 20:25:52 - mmengine - INFO - ModulatedDeformConvPack backbone.layer3.5.conv2 is upgraded to version 2.
12/27 20:25:52 - mmengine - INFO - ModulatedDeformConvPack backbone.layer4.0.conv2 is upgraded to version 2.
12/27 20:25:52 - mmengine - INFO - ModulatedDeformConvPack backbone.layer4.1.conv2 is upgraded to version 2.
12/27 20:25:52 - mmengine - INFO - ModulatedDeformConvPack backbone.layer4.2.conv2 is upgraded to version 2.
12/27 20:25:52 - mmengine - INFO - Load checkpoint from /root/lanyun-tmp/mmocr/work_dirs/fcenet_r50dcnv2_fpn_1500e_lsvt_ctw_pretrain/epoch_15.pth
12/27 20:25:52 - mmengine - INFO - resumed epoch: 15, iter: 23160
12/27 20:25:52 - mmengine - WARNING - "FileClient" will be deprecated in future. Please use io functions in https://mmengine.readthedocs.io/en/latest/api/fileio.html#file-io
12/27 20:25:52 - mmengine - WARNING - "HardDiskBackend" is the alias of "LocalBackend" and the former will be deprecated in future.
12/27 20:25:52 - mmengine - INFO - Checkpoints will be saved to /root/lanyun-tmp/mmocr/work_dirs/fcenet_r50dcnv2_fpn_1500e_lsvt_ctw_pretrain.
12/27 20:26:20 - mmengine - INFO - Epoch(train) [16][   5/1544]  lr: 2.1125e-03  eta: 4 days, 15:18:17  time: 4.5784  data_time: 0.5356  memory: 20552  grad_norm: 24.6834  loss: 5.5339  loss_text: 0.8367  loss_center: 2.9440  loss_reg_x: 1.0118  loss_reg_y: 0.7414
12/27 20:26:39 - mmengine - INFO - Epoch(train) [16][  10/1544]  lr: 2.1125e-03  eta: 3 days, 19:53:23  time: 4.7618  data_time: 0.5359  memory: 19779  grad_norm: 23.6277  loss: 5.4697  loss_text: 0.7736  loss_center: 2.9394  loss_reg_x: 0.9795  loss_reg_y: 0.7772
12/27 20:26:58 - mmengine - INFO - Epoch(train) [16][  15/1544]  lr: 2.1125e-03  eta: 3 days, 13:33:25  time: 3.7672  data_time: 0.0028  memory: 19779  grad_norm: 26.0222  loss: 5.4202  loss_text: 0.7408  loss_center: 2.9385  loss_reg_x: 1.0052  loss_reg_y: 0.7357
12/27 20:27:17 - mmengine - INFO - Epoch(train) [16][  20/1544]  lr: 2.1125e-03  eta: 3 days, 10:10:18  time: 3.7559  data_time: 0.0029  memory: 19779  grad_norm: 25.2538  loss: 5.4567  loss_text: 0.7538  loss_center: 2.9451  loss_reg_x: 1.0277  loss_reg_y: 0.7301
12/27 20:27:37 - mmengine - INFO - Epoch(train) [16][  25/1544]  lr: 2.1125e-03  eta: 3 days, 9:33:48  time: 3.9181  data_time: 0.0030  memory: 19779  grad_norm: 26.5901  loss: 5.2933  loss_text: 0.8012  loss_center: 2.9341  loss_reg_x: 0.8764  loss_reg_y: 0.6817
12/27 20:27:57 - mmengine - INFO - Epoch(train) [16][  30/1544]  lr: 2.1125e-03  eta: 3 days, 8:27:49  time: 3.9951  data_time: 0.0039  memory: 19779  grad_norm: 30.0590  loss: 5.3860  loss_text: 0.8572  loss_center: 2.9320  loss_reg_x: 0.9620  loss_reg_y: 0.6348
12/27 20:28:14 - mmengine - INFO - Epoch(train) [16][  35/1544]  lr: 2.1125e-03  eta: 3 days, 6:22:16  time: 3.6506  data_time: 0.0038  memory: 19779  grad_norm: 23.0635  loss: 5.2787  loss_text: 0.8157  loss_center: 2.9363  loss_reg_x: 0.9292  loss_reg_y: 0.5976
12/27 20:28:31 - mmengine - INFO - Epoch(train) [16][  40/1544]  lr: 2.1125e-03  eta: 3 days, 4:48:10  time: 3.4141  data_time: 0.0029  memory: 19779  grad_norm: 21.6419  loss: 5.2563  loss_text: 0.7994  loss_center: 2.9256  loss_reg_x: 0.9146  loss_reg_y: 0.6167
12/27 20:28:53 - mmengine - INFO - Epoch(train) [16][  45/1544]  lr: 2.1125e-03  eta: 3 days, 5:37:15  time: 3.8903  data_time: 0.0032  memory: 19779  grad_norm: 25.7631  loss: 5.3402  loss_text: 0.7846  loss_center: 2.8561  loss_reg_x: 1.0405  loss_reg_y: 0.6589
12/27 20:29:14 - mmengine - INFO - Epoch(train) [16][  50/1544]  lr: 2.1125e-03  eta: 3 days, 5:52:37  time: 4.2631  data_time: 0.0034  memory: 19779  grad_norm: 25.9936  loss: 5.5086  loss_text: 0.8327  loss_center: 2.8674  loss_reg_x: 1.1542  loss_reg_y: 0.6543
12/27 20:29:33 - mmengine - INFO - Epoch(train) [16][  55/1544]  lr: 2.1125e-03  eta: 3 days, 5:32:50  time: 4.0066  data_time: 0.0030  memory: 19779  grad_norm: 21.6406  loss: 5.6680  loss_text: 0.8559  loss_center: 2.9443  loss_reg_x: 1.2101  loss_reg_y: 0.6579
12/27 20:29:53 - mmengine - INFO - Epoch(train) [16][  60/1544]  lr: 2.1125e-03  eta: 3 days, 5:28:55  time: 3.9185  data_time: 0.0027  memory: 19779  grad_norm: 19.1325  loss: 5.1369  loss_text: 0.7264  loss_center: 2.9224  loss_reg_x: 0.9000  loss_reg_y: 0.5881
12/27 20:30:11 - mmengine - INFO - Epoch(train) [16][  65/1544]  lr: 2.1125e-03  eta: 3 days, 4:55:09  time: 3.8132  data_time: 0.0028  memory: 19779  grad_norm: 21.5788  loss: 5.1104  loss_text: 0.7300  loss_center: 2.9268  loss_reg_x: 0.8228  loss_reg_y: 0.6308
12/27 20:30:29 - mmengine - INFO - Epoch(train) [16][  70/1544]  lr: 2.1125e-03  eta: 3 days, 4:27:35  time: 3.6510  data_time: 0.0029  memory: 19779  grad_norm: 31.7090  loss: 5.8737  loss_text: 0.8648  loss_center: 2.9422  loss_reg_x: 1.0844  loss_reg_y: 0.9824
12/27 20:30:51 - mmengine - INFO - Epoch(train) [16][  75/1544]  lr: 2.1125e-03  eta: 3 days, 4:57:06  time: 4.0061  data_time: 0.0030  memory: 19779  grad_norm: 33.1188  loss: 5.8660  loss_text: 0.8549  loss_center: 2.9425  loss_reg_x: 1.0930  loss_reg_y: 0.9757
12/27 20:31:08 - mmengine - INFO - Epoch(train) [16][  80/1544]  lr: 2.1125e-03  eta: 3 days, 4:20:15  time: 3.9195  data_time: 0.0032  memory: 19779  grad_norm: 32.8403  loss: 5.6023  loss_text: 0.8371  loss_center: 2.9458  loss_reg_x: 1.1438  loss_reg_y: 0.6756
12/27 20:31:27 - mmengine - INFO - Epoch(train) [16][  85/1544]  lr: 2.1125e-03  eta: 3 days, 4:02:50  time: 3.5976  data_time: 0.0029  memory: 19779  grad_norm: 30.2394  loss: 5.3052  loss_text: 0.8067  loss_center: 2.8693  loss_reg_x: 1.0592  loss_reg_y: 0.5700
12/27 20:31:45 - mmengine - INFO - Epoch(train) [16][  90/1544]  lr: 2.1125e-03  eta: 3 days, 3:41:59  time: 3.6672  data_time: 0.0029  memory: 19779  grad_norm: 24.6420  loss: 5.1774  loss_text: 0.8219  loss_center: 2.8590  loss_reg_x: 0.9431  loss_reg_y: 0.5534
12/27 20:32:05 - mmengine - INFO - Epoch(train) [16][  95/1544]  lr: 2.1125e-03  eta: 3 days, 3:44:31  time: 3.8000  data_time: 0.0032  memory: 19779  grad_norm: 27.2836  loss: 5.4616  loss_text: 0.8859  loss_center: 2.9406  loss_reg_x: 1.0458  loss_reg_y: 0.5893
12/27 20:32:24 - mmengine - INFO - Epoch(train) [16][ 100/1544]  lr: 2.1125e-03  eta: 3 days, 3:31:58  time: 3.8464  data_time: 0.0029  memory: 19779  grad_norm: 26.1844  loss: 5.4118  loss_text: 0.8207  loss_center: 2.9506  loss_reg_x: 1.0313  loss_reg_y: 0.6092
12/27 20:32:42 - mmengine - INFO - Epoch(train) [16][ 105/1544]  lr: 2.1125e-03  eta: 3 days, 3:14:53  time: 3.6666  data_time: 0.0027  memory: 19779  grad_norm: 27.2539  loss: 5.4615  loss_text: 0.8164  loss_center: 2.9402  loss_reg_x: 0.9818  loss_reg_y: 0.7231
12/27 20:33:00 - mmengine - INFO - Epoch(train) [16][ 110/1544]  lr: 2.1125e-03  eta: 3 days, 3:02:49  time: 3.6481  data_time: 0.0027  memory: 19779  grad_norm: 23.6123  loss: 5.3064  loss_text: 0.7802  loss_center: 2.9421  loss_reg_x: 0.8602  loss_reg_y: 0.7239
12/27 20:33:20 - mmengine - INFO - Epoch(train) [16][ 115/1544]  lr: 2.1125e-03  eta: 3 days, 3:11:30  time: 3.8776  data_time: 0.0028  memory: 19779  grad_norm: 26.3123  loss: 5.5449  loss_text: 0.7803  loss_center: 2.9452  loss_reg_x: 0.9856  loss_reg_y: 0.8338
12/27 20:33:38 - mmengine - INFO - Epoch(train) [16][ 120/1544]  lr: 2.1125e-03  eta: 3 days, 2:52:45  time: 3.7969  data_time: 0.0029  memory: 19779  grad_norm: 28.8626  loss: 5.8080  loss_text: 0.8928  loss_center: 2.9477  loss_reg_x: 1.0625  loss_reg_y: 0.9049
12/27 20:33:57 - mmengine - INFO - Epoch(train) [16][ 125/1544]  lr: 2.1125e-03  eta: 3 days, 2:43:39  time: 3.6082  data_time: 0.0033  memory: 19779  grad_norm: 25.3039  loss: 5.5597  loss_text: 0.9057  loss_center: 2.9551  loss_reg_x: 0.9610  loss_reg_y: 0.7378
12/27 20:34:16 - mmengine - INFO - Epoch(train) [16][ 130/1544]  lr: 2.1125e-03  eta: 3 days, 2:42:38  time: 3.7799  data_time: 0.0034  memory: 19779  grad_norm: 22.5362  loss: 5.3119  loss_text: 0.8038  loss_center: 2.9397  loss_reg_x: 0.8889  loss_reg_y: 0.6794
12/27 20:34:34 - mmengine - INFO - Epoch(train) [16][ 135/1544]  lr: 2.1125e-03  eta: 3 days, 2:29:16  time: 3.7185  data_time: 0.0029  memory: 19779  grad_norm: 19.8702  loss: 5.1548  loss_text: 0.7500  loss_center: 2.9269  loss_reg_x: 0.8182  loss_reg_y: 0.6597
12/27 20:34:55 - mmengine - INFO - Epoch(train) [16][ 140/1544]  lr: 2.1125e-03  eta: 3 days, 2:41:11  time: 3.8687  data_time: 0.0030  memory: 19779  grad_norm: 21.0018  loss: 5.1896  loss_text: 0.7002  loss_center: 2.9237  loss_reg_x: 0.9074  loss_reg_y: 0.6583
12/27 20:35:14 - mmengine - INFO - Epoch(train) [16][ 145/1544]  lr: 2.1125e-03  eta: 3 days, 2:39:23  time: 4.0021  data_time: 0.0031  memory: 19779  grad_norm: 26.2517  loss: 5.6927  loss_text: 0.7741  loss_center: 2.9379  loss_reg_x: 1.0783  loss_reg_y: 0.9024
12/27 20:35:31 - mmengine - INFO - Epoch(train) [16][ 150/1544]  lr: 2.1125e-03  eta: 3 days, 2:21:26  time: 3.6294  data_time: 0.0028  memory: 19779  grad_norm: 29.3129  loss: 5.8865  loss_text: 0.8077  loss_center: 2.9511  loss_reg_x: 1.1121  loss_reg_y: 1.0155
12/27 20:35:51 - mmengine - INFO - Epoch(train) [16][ 155/1544]  lr: 2.1125e-03  eta: 3 days, 2:27:48  time: 3.7295  data_time: 0.0027  memory: 19779  grad_norm: 28.3069  loss: 5.5272  loss_text: 0.7336  loss_center: 2.9411  loss_reg_x: 1.0811  loss_reg_y: 0.7715
12/27 20:36:08 - mmengine - INFO - Epoch(train) [16][ 160/1544]  lr: 2.1125e-03  eta: 3 days, 2:08:10  time: 3.6863  data_time: 0.0027  memory: 19779  grad_norm: 30.3158  loss: 5.3007  loss_text: 0.7439  loss_center: 2.9278  loss_reg_x: 0.9806  loss_reg_y: 0.6484
12/27 20:36:26 - mmengine - INFO - Epoch(train) [16][ 165/1544]  lr: 2.1125e-03  eta: 3 days, 1:59:43  time: 3.4748  data_time: 0.0026  memory: 19779  grad_norm: 29.6715  loss: 5.2218  loss_text: 0.7745  loss_center: 2.9248  loss_reg_x: 0.8777  loss_reg_y: 0.6448
12/27 20:36:45 - mmengine - INFO - Epoch(train) [16][ 170/1544]  lr: 2.1125e-03  eta: 3 days, 1:56:48  time: 3.6923  data_time: 0.0028  memory: 19779  grad_norm: 29.6452  loss: 5.5965  loss_text: 0.8596  loss_center: 2.9344  loss_reg_x: 1.0437  loss_reg_y: 0.7589
12/27 20:37:04 - mmengine - INFO - Epoch(train) [16][ 175/1544]  lr: 2.1125e-03  eta: 3 days, 1:58:38  time: 3.8365  data_time: 0.0028  memory: 19779  grad_norm: 27.2582  loss: 5.2713  loss_text: 0.7918  loss_center: 2.8598  loss_reg_x: 0.9251  loss_reg_y: 0.6945
12/27 20:37:24 - mmengine - INFO - Epoch(train) [16][ 180/1544]  lr: 2.1125e-03  eta: 3 days, 2:03:33  time: 3.9559  data_time: 0.0036  memory: 19779  grad_norm: 22.9099  loss: 4.8779  loss_text: 0.7140  loss_center: 2.8514  loss_reg_x: 0.7803  loss_reg_y: 0.5322
12/27 20:37:43 - mmengine - INFO - Epoch(train) [16][ 185/1544]  lr: 2.1125e-03  eta: 3 days, 2:02:43  time: 3.9184  data_time: 0.0040  memory: 19779  grad_norm: 24.2838  loss: 5.2741  loss_text: 0.7962  loss_center: 2.9320  loss_reg_x: 0.9792  loss_reg_y: 0.5667
12/27 20:38:04 - mmengine - INFO - Epoch(train) [16][ 190/1544]  lr: 2.1125e-03  eta: 3 days, 2:12:04  time: 3.9980  data_time: 0.0032  memory: 19779  grad_norm: 26.2310  loss: 5.6374  loss_text: 0.8908  loss_center: 2.9332  loss_reg_x: 1.1187  loss_reg_y: 0.6947
12/27 20:38:22 - mmengine - INFO - Epoch(train) [16][ 195/1544]  lr: 2.1125e-03  eta: 3 days, 2:00:29  time: 3.8198  data_time: 0.0027  memory: 19779  grad_norm: 28.1295  loss: 5.5437  loss_text: 0.8296  loss_center: 2.9244  loss_reg_x: 1.0212  loss_reg_y: 0.7685
12/27 20:38:40 - mmengine - INFO - Epoch(train) [16][ 200/1544]  lr: 2.1125e-03  eta: 3 days, 1:54:28  time: 3.5614  data_time: 0.0028  memory: 19779  grad_norm: 26.1794  loss: 5.2188  loss_text: 0.7309  loss_center: 2.9380  loss_reg_x: 0.8312  loss_reg_y: 0.7188
12/27 20:39:01 - mmengine - INFO - Epoch(train) [16][ 205/1544]  lr: 2.1125e-03  eta: 3 days, 2:07:40  time: 3.9844  data_time: 0.0034  memory: 19779  grad_norm: 21.1171  loss: 5.0771  loss_text: 0.7445  loss_center: 2.9268  loss_reg_x: 0.7520  loss_reg_y: 0.6540
12/27 20:39:21 - mmengine - INFO - Epoch(train) [16][ 210/1544]  lr: 2.1125e-03  eta: 3 days, 2:10:36  time: 4.1456  data_time: 0.0033  memory: 19779  grad_norm: 23.1199  loss: 5.3074  loss_text: 0.8118  loss_center: 2.9171  loss_reg_x: 0.9327  loss_reg_y: 0.6457
12/27 20:39:42 - mmengine - INFO - Epoch(train) [16][ 215/1544]  lr: 2.1125e-03  eta: 3 days, 2:17:26  time: 4.0461  data_time: 0.0032  memory: 19779  grad_norm: 22.8546  loss: 5.5418  loss_text: 0.8608  loss_center: 2.9375  loss_reg_x: 1.0076  loss_reg_y: 0.7358
12/27 20:40:03 - mmengine - INFO - Epoch(train) [16][ 220/1544]  lr: 2.1125e-03  eta: 3 days, 2:26:19  time: 4.1667  data_time: 0.0034  memory: 19779  grad_norm: 24.6925  loss: 5.5760  loss_text: 0.8362  loss_center: 2.9393  loss_reg_x: 1.0095  loss_reg_y: 0.7910
12/27 20:40:24 - mmengine - INFO - Epoch(train) [16][ 225/1544]  lr: 2.1125e-03  eta: 3 days, 2:33:42  time: 4.1906  data_time: 0.0033  memory: 19779  grad_norm: 27.5301  loss: 5.8846  loss_text: 0.8546  loss_center: 2.9457  loss_reg_x: 1.2754  loss_reg_y: 0.8089
12/27 20:40:42 - mmengine - INFO - Epoch(train) [16][ 230/1544]  lr: 2.1125e-03  eta: 3 days, 2:28:02  time: 3.9163  data_time: 0.0032  memory: 19779  grad_norm: 23.8006  loss: 5.5994  loss_text: 0.8066  loss_center: 2.9438  loss_reg_x: 1.1089  loss_reg_y: 0.7401
12/27 20:40:59 - mmengine - INFO - Epoch(train) [16][ 235/1544]  lr: 2.1125e-03  eta: 3 days, 2:16:37  time: 3.5413  data_time: 0.0030  memory: 19779  grad_norm: 24.1149  loss: 5.3223  loss_text: 0.7448  loss_center: 2.9340  loss_reg_x: 0.9578  loss_reg_y: 0.6857
12/27 20:41:18 - mmengine - INFO - Epoch(train) [16][ 240/1544]  lr: 2.1125e-03  eta: 3 days, 2:13:35  time: 3.5842  data_time: 0.0027  memory: 19779  grad_norm: 21.0239  loss: 5.2530  loss_text: 0.7617  loss_center: 2.9378  loss_reg_x: 0.9328  loss_reg_y: 0.6208
12/27 20:41:38 - mmengine - INFO - Epoch(train) [16][ 245/1544]  lr: 2.1125e-03  eta: 3 days, 2:16:10  time: 3.8657  data_time: 0.0027  memory: 19779  grad_norm: 18.7206  loss: 5.1116  loss_text: 0.7776  loss_center: 2.9470  loss_reg_x: 0.7797  loss_reg_y: 0.6073
12/27 20:41:56 - mmengine - INFO - Epoch(train) [16][ 250/1544]  lr: 2.1125e-03  eta: 3 days, 2:10:23  time: 3.8038  data_time: 0.0032  memory: 19779  grad_norm: 21.1316  loss: 5.4347  loss_text: 0.8406  loss_center: 2.9522  loss_reg_x: 0.9801  loss_reg_y: 0.6618
12/27 20:42:14 - mmengine - INFO - Epoch(train) [16][ 255/1544]  lr: 2.1125e-03  eta: 3 days, 2:06:35  time: 3.6644  data_time: 0.0032  memory: 19779  grad_norm: 21.2203  loss: 5.3340  loss_text: 0.8451  loss_center: 2.9206  loss_reg_x: 0.9856  loss_reg_y: 0.5827
12/27 20:42:35 - mmengine - INFO - Epoch(train) [16][ 260/1544]  lr: 2.1125e-03  eta: 3 days, 2:10:21  time: 3.8710  data_time: 0.0027  memory: 19779  grad_norm: 22.4255  loss: 5.2057  loss_text: 0.7753  loss_center: 2.9067  loss_reg_x: 0.9338  loss_reg_y: 0.5899
12/27 20:42:55 - mmengine - INFO - Epoch(train) [16][ 265/1544]  lr: 2.1125e-03  eta: 3 days, 2:15:09  time: 4.0654  data_time: 0.0038  memory: 19779  grad_norm: 24.5364  loss: 5.3679  loss_text: 0.8698  loss_center: 2.9281  loss_reg_x: 0.9666  loss_reg_y: 0.6034
12/27 20:43:14 - mmengine - INFO - Epoch(train) [16][ 270/1544]  lr: 2.1125e-03  eta: 3 days, 2:14:00  time: 3.9580  data_time: 0.0042  memory: 19779  grad_norm: 25.7326  loss: 5.6277  loss_text: 0.9200  loss_center: 2.9384  loss_reg_x: 1.0923  loss_reg_y: 0.6770
12/27 20:43:35 - mmengine - INFO - Epoch(train) [16][ 275/1544]  lr: 2.1125e-03  eta: 3 days, 2:19:48  time: 3.9883  data_time: 0.0031  memory: 19779  grad_norm: 29.2290  loss: 5.6622  loss_text: 0.9118  loss_center: 2.9457  loss_reg_x: 1.0889  loss_reg_y: 0.7158
12/27 20:43:55 - mmengine - INFO - Epoch(train) [16][ 280/1544]  lr: 2.1125e-03  eta: 3 days, 2:24:15  time: 4.1259  data_time: 0.0027  memory: 19779  grad_norm: 27.4995  loss: 5.2602  loss_text: 0.8408  loss_center: 2.9443  loss_reg_x: 0.8717  loss_reg_y: 0.6034
12/27 20:44:16 - mmengine - INFO - Epoch(train) [16][ 285/1544]  lr: 2.1125e-03  eta: 3 days, 2:29:50  time: 4.1304  data_time: 0.0027  memory: 19779  grad_norm: 25.7537  loss: 5.2943  loss_text: 0.7476  loss_center: 2.9310  loss_reg_x: 0.9098  loss_reg_y: 0.7058
12/27 20:44:34 - mmengine - INFO - Epoch(train) [16][ 290/1544]  lr: 2.1125e-03  eta: 3 days, 2:23:55  time: 3.8782  data_time: 0.0025  memory: 19779  grad_norm: 24.2933  loss: 5.2830  loss_text: 0.7465  loss_center: 2.9380  loss_reg_x: 0.8899  loss_reg_y: 0.7086
12/27 20:44:53 - mmengine - INFO - Epoch(train) [16][ 295/1544]  lr: 2.1125e-03  eta: 3 days, 2:23:04  time: 3.7194  data_time: 0.0023  memory: 19779  grad_norm: 26.0392  loss: 5.4912  loss_text: 0.8417  loss_center: 2.9618  loss_reg_x: 1.0413  loss_reg_y: 0.6464
12/27 20:45:16 - mmengine - INFO - Epoch(train) [16][ 300/1544]  lr: 2.1125e-03  eta: 3 days, 2:33:54  time: 4.1478  data_time: 0.0033  memory: 19779  grad_norm: 29.9297  loss: 5.9227  loss_text: 0.9632  loss_center: 2.9678  loss_reg_x: 1.2605  loss_reg_y: 0.7312
12/27 20:45:34 - mmengine - INFO - Epoch(train) [16][ 305/1544]  lr: 2.1125e-03  eta: 3 days, 2:31:05  time: 4.0998  data_time: 0.0035  memory: 19779  grad_norm: 25.7139  loss: 5.5919  loss_text: 0.8387  loss_center: 2.9476  loss_reg_x: 1.1044  loss_reg_y: 0.7011
12/27 20:45:54 - mmengine - INFO - Epoch(train) [16][ 310/1544]  lr: 2.1125e-03  eta: 3 days, 2:32:11  time: 3.8515  data_time: 0.0026  memory: 19779  grad_norm: 22.6361  loss: 5.3299  loss_text: 0.7383  loss_center: 2.9324  loss_reg_x: 0.9974  loss_reg_y: 0.6617
12/27 20:46:14 - mmengine - INFO - Epoch(train) [16][ 315/1544]  lr: 2.1125e-03  eta: 3 days, 2:31:43  time: 3.9130  data_time: 0.0025  memory: 19779  grad_norm: 25.9818  loss: 5.4531  loss_text: 0.7752  loss_center: 2.9417  loss_reg_x: 1.0516  loss_reg_y: 0.6846
12/27 20:46:31 - mmengine - INFO - Epoch(train) [16][ 320/1544]  lr: 2.1125e-03  eta: 3 days, 2:25:28  time: 3.7106  data_time: 0.0026  memory: 19779  grad_norm: 26.1456  loss: 5.4589  loss_text: 0.8037  loss_center: 2.9504  loss_reg_x: 1.0504  loss_reg_y: 0.6544
12/27 20:46:51 - mmengine - INFO - Epoch(train) [16][ 325/1544]  lr: 2.1125e-03  eta: 3 days, 2:24:20  time: 3.6891  data_time: 0.0026  memory: 19779  grad_norm: 24.3298  loss: 5.5703  loss_text: 0.8148  loss_center: 2.9598  loss_reg_x: 1.1404  loss_reg_y: 0.6555
12/27 20:47:08 - mmengine - INFO - Epoch(train) [16][ 330/1544]  lr: 2.1125e-03  eta: 3 days, 2:17:44  time: 3.6712  data_time: 0.0026  memory: 19779  grad_norm: 27.8465  loss: 5.5159  loss_text: 0.8030  loss_center: 2.9540  loss_reg_x: 1.0590  loss_reg_y: 0.7000
12/27 20:47:26 - mmengine - INFO - Epoch(train) [16][ 335/1544]  lr: 2.1125e-03  eta: 3 days, 2:12:24  time: 3.5451  data_time: 0.0029  memory: 19779  grad_norm: 30.6969  loss: 5.5683  loss_text: 0.7975  loss_center: 2.9440  loss_reg_x: 1.0610  loss_reg_y: 0.7658
12/27 20:47:44 - mmengine - INFO - Epoch(train) [16][ 340/1544]  lr: 2.1125e-03  eta: 3 days, 2:08:23  time: 3.6111  data_time: 0.0027  memory: 19779  grad_norm: 26.8767  loss: 5.5675  loss_text: 0.8128  loss_center: 2.9425  loss_reg_x: 1.0973  loss_reg_y: 0.7149
12/27 20:48:04 - mmengine - INFO - Epoch(train) [16][ 345/1544]  lr: 2.1125e-03  eta: 3 days, 2:09:10  time: 3.7864  data_time: 0.0024  memory: 19779  grad_norm: 23.7148  loss: 5.4398  loss_text: 0.8933  loss_center: 2.9322  loss_reg_x: 0.9734  loss_reg_y: 0.6409
12/27 20:48:21 - mmengine - INFO - Epoch(train) [16][ 350/1544]  lr: 2.1125e-03  eta: 3 days, 2:03:13  time: 3.7231  data_time: 0.0028  memory: 19779  grad_norm: 23.6459  loss: 5.5193  loss_text: 0.8726  loss_center: 2.9316  loss_reg_x: 1.0589  loss_reg_y: 0.6562
12/27 20:48:41 - mmengine - INFO - Epoch(train) [16][ 355/1544]  lr: 2.1125e-03  eta: 3 days, 2:02:44  time: 3.6824  data_time: 0.0029  memory: 19779  grad_norm: 24.7134  loss: 5.2782  loss_text: 0.7705  loss_center: 2.9295  loss_reg_x: 0.9350  loss_reg_y: 0.6432
12/27 20:48:59 - mmengine - INFO - Epoch(train) [16][ 360/1544]  lr: 2.1125e-03  eta: 3 days, 1:58:00  time: 3.7135  data_time: 0.0026  memory: 19779  grad_norm: 23.7005  loss: 5.0665  loss_text: 0.7521  loss_center: 2.9294  loss_reg_x: 0.7634  loss_reg_y: 0.6216
12/27 20:49:18 - mmengine - INFO - Epoch(train) [16][ 365/1544]  lr: 2.1125e-03  eta: 3 days, 1:58:36  time: 3.7460  data_time: 0.0025  memory: 19779  grad_norm: 20.1052  loss: 5.2295  loss_text: 0.8047  loss_center: 2.9348  loss_reg_x: 0.9112  loss_reg_y: 0.5787
12/27 20:49:36 - mmengine - INFO - Epoch(train) [16][ 370/1544]  lr: 2.1125e-03  eta: 3 days, 1:53:17  time: 3.7215  data_time: 0.0028  memory: 19779  grad_norm: 23.1586  loss: 5.3198  loss_text: 0.8154  loss_center: 2.9326  loss_reg_x: 0.9635  loss_reg_y: 0.6083
12/27 20:49:54 - mmengine - INFO - Epoch(train) [16][ 375/1544]  lr: 2.1125e-03  eta: 3 days, 1:50:51  time: 3.6219  data_time: 0.0027  memory: 19779  grad_norm: 23.2363  loss: 5.3967  loss_text: 0.7858  loss_center: 2.9407  loss_reg_x: 0.9707  loss_reg_y: 0.6995
12/27 20:50:14 - mmengine - INFO - Epoch(train) [16][ 380/1544]  lr: 2.1125e-03  eta: 3 days, 1:51:14  time: 3.8024  data_time: 0.0022  memory: 19779  grad_norm: 24.9058  loss: 5.5134  loss_text: 0.7947  loss_center: 2.9417  loss_reg_x: 1.0674  loss_reg_y: 0.7097
12/27 20:50:31 - mmengine - INFO - Epoch(train) [16][ 385/1544]  lr: 2.1125e-03  eta: 3 days, 1:45:20  time: 3.6836  data_time: 0.0028  memory: 19779  grad_norm: 25.4436  loss: 5.5707  loss_text: 0.8216  loss_center: 2.9354  loss_reg_x: 1.0919  loss_reg_y: 0.7218
12/27 20:50:50 - mmengine - INFO - Epoch(train) [16][ 390/1544]  lr: 2.1125e-03  eta: 3 days, 1:43:50  time: 3.6188  data_time: 0.0027  memory: 19779  grad_norm: 20.6593  loss: 5.4124  loss_text: 0.8008  loss_center: 2.9340  loss_reg_x: 0.9820  loss_reg_y: 0.6956
12/27 20:51:09 - mmengine - INFO - Epoch(train) [16][ 395/1544]  lr: 2.1125e-03  eta: 3 days, 1:44:00  time: 3.8195  data_time: 0.0022  memory: 19779  grad_norm: 23.5969  loss: 5.3470  loss_text: 0.8272  loss_center: 2.9289  loss_reg_x: 0.9241  loss_reg_y: 0.6667
12/27 20:51:28 - mmengine - INFO - Epoch(train) [16][ 400/1544]  lr: 2.1125e-03  eta: 3 days, 1:42:55  time: 3.8320  data_time: 0.0023  memory: 19779  grad_norm: 27.6798  loss: 5.6258  loss_text: 0.8897  loss_center: 2.9322  loss_reg_x: 1.0686  loss_reg_y: 0.7354
12/27 20:51:46 - mmengine - INFO - Epoch(train) [16][ 405/1544]  lr: 2.1125e-03  eta: 3 days, 1:39:31  time: 3.7071  data_time: 0.0026  memory: 19779  grad_norm: 25.8663  loss: 5.5940  loss_text: 0.8394  loss_center: 2.9425  loss_reg_x: 1.1200  loss_reg_y: 0.6921
12/27 20:52:06 - mmengine - INFO - Epoch(train) [16][ 410/1544]  lr: 2.1125e-03  eta: 3 days, 1:41:16  time: 3.8059  data_time: 0.0027  memory: 19779  grad_norm: 23.4513  loss: 5.4123  loss_text: 0.8326  loss_center: 2.9455  loss_reg_x: 1.0209  loss_reg_y: 0.6133
12/27 20:52:25 - mmengine - INFO - Epoch(train) [16][ 415/1544]  lr: 2.1125e-03  eta: 3 days, 1:38:17  time: 3.8174  data_time: 0.0025  memory: 19779  grad_norm: 22.7928  loss: 5.3822  loss_text: 0.8178  loss_center: 2.8808  loss_reg_x: 0.9500  loss_reg_y: 0.7335
12/27 20:52:45 - mmengine - INFO - Epoch(train) [16][ 420/1544]  lr: 2.1125e-03  eta: 3 days, 1:40:19  time: 3.8290  data_time: 0.0028  memory: 19779  grad_norm: 20.6476  loss: 5.3635  loss_text: 0.7721  loss_center: 2.8685  loss_reg_x: 0.9297  loss_reg_y: 0.7933
12/27 20:53:03 - mmengine - INFO - Epoch(train) [16][ 425/1544]  lr: 2.1125e-03  eta: 3 days, 1:37:34  time: 3.8353  data_time: 0.0029  memory: 19779  grad_norm: 23.4746  loss: 5.5735  loss_text: 0.8226  loss_center: 2.9330  loss_reg_x: 1.0803  loss_reg_y: 0.7376
12/27 20:53:22 - mmengine - INFO - Epoch(train) [16][ 430/1544]  lr: 2.1125e-03  eta: 3 days, 1:35:54  time: 3.6993  data_time: 0.0029  memory: 19779  grad_norm: 25.3520  loss: 5.5345  loss_text: 0.8406  loss_center: 2.9301  loss_reg_x: 1.0116  loss_reg_y: 0.7522
12/27 20:53:43 - mmengine - INFO - Epoch(train) [16][ 435/1544]  lr: 2.1125e-03  eta: 3 days, 1:42:16  time: 4.0402  data_time: 0.0028  memory: 19779  grad_norm: 22.5517  loss: 5.2637  loss_text: 0.7744  loss_center: 2.9308  loss_reg_x: 0.8569  loss_reg_y: 0.7016
12/27 20:54:01 - mmengine - INFO - Epoch(train) [16][ 440/1544]  lr: 2.1125e-03  eta: 3 days, 1:37:45  time: 3.9325  data_time: 0.0027  memory: 19779  grad_norm: 22.4024  loss: 5.3583  loss_text: 0.7763  loss_center: 2.9466  loss_reg_x: 0.8804  loss_reg_y: 0.7550
12/27 20:54:19 - mmengine - INFO - Epoch(train) [16][ 445/1544]  lr: 2.1125e-03  eta: 3 days, 1:35:40  time: 3.6123  data_time: 0.0027  memory: 19779  grad_norm: 21.7186  loss: 5.2746  loss_text: 0.7674  loss_center: 2.9576  loss_reg_x: 0.8377  loss_reg_y: 0.7119
12/27 20:54:39 - mmengine - INFO - Epoch(train) [16][ 450/1544]  lr: 2.1125e-03  eta: 3 days, 1:36:49  time: 3.8279  data_time: 0.0027  memory: 19779  grad_norm: inf  loss: 5.5973  loss_text: 0.8114  loss_center: 2.9644  loss_reg_x: 0.9848  loss_reg_y: 0.8367
12/27 20:54:58 - mmengine - INFO - Epoch(train) [16][ 455/1544]  lr: 2.1125e-03  eta: 3 days, 1:34:35  time: 3.8207  data_time: 0.0028  memory: 19779  grad_norm: inf  loss: 5.5851  loss_text: 0.8117  loss_center: 2.9449  loss_reg_x: 0.9700  loss_reg_y: 0.8585
12/27 20:55:17 - mmengine - INFO - Epoch(train) [16][ 460/1544]  lr: 2.1125e-03  eta: 3 days, 1:35:28  time: 3.8107  data_time: 0.0029  memory: 19779  grad_norm: 25.0788  loss: 5.2295  loss_text: 0.7638  loss_center: 2.9376  loss_reg_x: 0.8607  loss_reg_y: 0.6675
12/27 20:55:38 - mmengine - INFO - Epoch(train) [16][ 465/1544]  lr: 2.1125e-03  eta: 3 days, 1:38:49  time: 4.0342  data_time: 0.0032  memory: 19779  grad_norm: 29.0921  loss: 5.5538  loss_text: 0.8958  loss_center: 2.9312  loss_reg_x: 1.0176  loss_reg_y: 0.7092
12/27 20:55:58 - mmengine - INFO - Epoch(train) [16][ 470/1544]  lr: 2.1125e-03  eta: 3 days, 1:39:17  time: 4.0204  data_time: 0.0031  memory: 19779  grad_norm: 28.2500  loss: 5.5563  loss_text: 0.9183  loss_center: 2.9265  loss_reg_x: 1.0468  loss_reg_y: 0.6648
12/27 20:56:16 - mmengine - INFO - Epoch(train) [16][ 475/1544]  lr: 2.1125e-03  eta: 3 days, 1:36:51  time: 3.7865  data_time: 0.0028  memory: 19779  grad_norm: 22.1286  loss: 5.2946  loss_text: 0.7715  loss_center: 2.9297  loss_reg_x: 0.9352  loss_reg_y: 0.6583
12/27 20:56:35 - mmengine - INFO - Epoch(train) [16][ 480/1544]  lr: 2.1125e-03  eta: 3 days, 1:36:51  time: 3.7675  data_time: 0.0028  memory: 19779  grad_norm: 21.7471  loss: 5.2978  loss_text: 0.7827  loss_center: 2.9323  loss_reg_x: 0.9161  loss_reg_y: 0.6667
12/27 20:56:56 - mmengine - INFO - Epoch(train) [16][ 485/1544]  lr: 2.1125e-03  eta: 3 days, 1:40:19  time: 4.0136  data_time: 0.0028  memory: 19779  grad_norm: 25.0494  loss: 5.5387  loss_text: 0.8738  loss_center: 2.9284  loss_reg_x: 1.0553  loss_reg_y: 0.6812
12/27 20:57:16 - mmengine - INFO - Epoch(train) [16][ 490/1544]  lr: 2.1125e-03  eta: 3 days, 1:40:38  time: 4.0289  data_time: 0.0025  memory: 19779  grad_norm: 23.9413  loss: 5.5823  loss_text: 0.8579  loss_center: 2.8648  loss_reg_x: 1.1007  loss_reg_y: 0.7590
12/27 20:57:34 - mmengine - INFO - Epoch(train) [16][ 495/1544]  lr: 2.1125e-03  eta: 3 days, 1:39:39  time: 3.8428  data_time: 0.0024  memory: 19779  grad_norm: 20.2329  loss: 5.3247  loss_text: 0.7831  loss_center: 2.8697  loss_reg_x: 0.9803  loss_reg_y: 0.6916
12/27 20:57:54 - mmengine - INFO - Epoch(train) [16][ 500/1544]  lr: 2.1125e-03  eta: 3 days, 1:40:45  time: 3.8778  data_time: 0.0027  memory: 19779  grad_norm: 20.2709  loss: 5.1597  loss_text: 0.7446  loss_center: 2.9243  loss_reg_x: 0.9085  loss_reg_y: 0.5823
12/27 20:58:13 - mmengine - INFO - Epoch(train) [16][ 505/1544]  lr: 2.1125e-03  eta: 3 days, 1:38:18  time: 3.8130  data_time: 0.0028  memory: 19779  grad_norm: 20.6249  loss: 5.1928  loss_text: 0.7619  loss_center: 2.9320  loss_reg_x: 0.9244  loss_reg_y: 0.5745
12/27 20:58:33 - mmengine - INFO - Epoch(train) [16][ 510/1544]  lr: 2.1125e-03  eta: 3 days, 1:39:42  time: 3.8271  data_time: 0.0025  memory: 19779  grad_norm: 19.7257  loss: 5.3230  loss_text: 0.8041  loss_center: 2.9466  loss_reg_x: 0.9092  loss_reg_y: 0.6631
12/27 20:58:53 - mmengine - INFO - Epoch(train) [16][ 515/1544]  lr: 2.1125e-03  eta: 3 days, 1:41:30  time: 4.0159  data_time: 0.0027  memory: 19779  grad_norm: 23.0971  loss: 5.6785  loss_text: 0.8566  loss_center: 2.9562  loss_reg_x: 1.1233  loss_reg_y: 0.7422
12/27 20:59:14 - mmengine - INFO - Epoch(train) [16][ 520/1544]  lr: 2.1125e-03  eta: 3 days, 1:44:40  time: 4.0986  data_time: 0.0028  memory: 19779  grad_norm: 30.0389  loss: 5.5844  loss_text: 0.8376  loss_center: 2.9439  loss_reg_x: 1.1386  loss_reg_y: 0.6643
12/27 20:59:32 - mmengine - INFO - Epoch(train) [16][ 525/1544]  lr: 2.1125e-03  eta: 3 days, 1:43:05  time: 3.9485  data_time: 0.0025  memory: 19779  grad_norm: 29.9420  loss: 5.4903  loss_text: 0.8603  loss_center: 2.9198  loss_reg_x: 0.9570  loss_reg_y: 0.7532
12/27 20:59:49 - mmengine - INFO - Epoch(train) [16][ 530/1544]  lr: 2.1125e-03  eta: 3 days, 1:37:23  time: 3.5436  data_time: 0.0024  memory: 19779  grad_norm: 24.9849  loss: 5.7362  loss_text: 0.8571  loss_center: 2.9374  loss_reg_x: 1.1102  loss_reg_y: 0.8314
12/27 21:00:07 - mmengine - INFO - Epoch(train) [16][ 535/1544]  lr: 2.1125e-03  eta: 3 days, 1:35:05  time: 3.5058  data_time: 0.0026  memory: 19779  grad_norm: 24.0245  loss: 5.5181  loss_text: 0.7960  loss_center: 2.9534  loss_reg_x: 1.0731  loss_reg_y: 0.6955
12/27 21:00:26 - mmengine - INFO - Epoch(train) [16][ 540/1544]  lr: 2.1125e-03  eta: 3 days, 1:33:14  time: 3.6793  data_time: 0.0026  memory: 19779  grad_norm: 25.0363  loss: 5.3358  loss_text: 0.7584  loss_center: 2.9405  loss_reg_x: 0.9736  loss_reg_y: 0.6633
12/27 21:00:44 - mmengine - INFO - Epoch(train) [16][ 545/1544]  lr: 2.1125e-03  eta: 3 days, 1:30:19  time: 3.6462  data_time: 0.0025  memory: 19779  grad_norm: 23.3696  loss: 5.3017  loss_text: 0.7296  loss_center: 2.9388  loss_reg_x: 0.9356  loss_reg_y: 0.6978
12/27 21:01:01 - mmengine - INFO - Epoch(train) [16][ 550/1544]  lr: 2.1125e-03  eta: 3 days, 1:25:30  time: 3.5011  data_time: 0.0024  memory: 19779  grad_norm: 24.8276  loss: 5.4175  loss_text: 0.7716  loss_center: 2.9492  loss_reg_x: 1.0207  loss_reg_y: 0.6761
12/27 21:01:19 - mmengine - INFO - Epoch(train) [16][ 555/1544]  lr: 2.1125e-03  eta: 3 days, 1:23:34  time: 3.5434  data_time: 0.0026  memory: 19779  grad_norm: 22.5278  loss: 5.3102  loss_text: 0.7521  loss_center: 2.9444  loss_reg_x: 0.9835  loss_reg_y: 0.6302
12/27 21:01:38 - mmengine - INFO - Epoch(train) [16][ 560/1544]  lr: 2.1125e-03  eta: 3 days, 1:21:59  time: 3.6946  data_time: 0.0029  memory: 19779  grad_norm: 19.8311  loss: 5.2454  loss_text: 0.7973  loss_center: 2.9348  loss_reg_x: 0.8562  loss_reg_y: 0.6572
12/27 21:01:55 - mmengine - INFO - Epoch(train) [16][ 565/1544]  lr: 2.1125e-03  eta: 3 days, 1:16:49  time: 3.5328  data_time: 0.0026  memory: 19779  grad_norm: 21.9872  loss: 5.5030  loss_text: 0.8642  loss_center: 2.9439  loss_reg_x: 1.0086  loss_reg_y: 0.6863
12/27 21:02:15 - mmengine - INFO - Epoch(train) [16][ 570/1544]  lr: 2.1125e-03  eta: 3 days, 1:18:19  time: 3.6817  data_time: 0.0024  memory: 19779  grad_norm: 21.5947  loss: 5.5033  loss_text: 0.8553  loss_center: 2.9571  loss_reg_x: 1.0184  loss_reg_y: 0.6725
12/27 21:02:35 - mmengine - INFO - Epoch(train) [16][ 575/1544]  lr: 2.1125e-03  eta: 3 days, 1:19:38  time: 4.0012  data_time: 0.0027  memory: 19779  grad_norm: 22.1728  loss: 5.4360  loss_text: 0.8673  loss_center: 2.9467  loss_reg_x: 1.0132  loss_reg_y: 0.6088
12/27 21:02:54 - mmengine - INFO - Epoch(train) [16][ 580/1544]  lr: 2.1125e-03  eta: 3 days, 1:19:47  time: 3.9365  data_time: 0.0027  memory: 19779  grad_norm: 23.6409  loss: 5.3679  loss_text: 0.8481  loss_center: 2.9282  loss_reg_x: 1.0319  loss_reg_y: 0.5596
12/27 21:03:14 - mmengine - INFO - Epoch(train) [16][ 585/1544]  lr: 2.1125e-03  eta: 3 days, 1:21:20  time: 3.9507  data_time: 0.0030  memory: 19779  grad_norm: 25.4796  loss: 5.2369  loss_text: 0.7676  loss_center: 2.9338  loss_reg_x: 0.9402  loss_reg_y: 0.5953
12/27 21:03:33 - mmengine - INFO - Epoch(train) [16][ 590/1544]  lr: 2.1125e-03  eta: 3 days, 1:19:53  time: 3.8691  data_time: 0.0031  memory: 19779  grad_norm: 21.9411  loss: 5.1116  loss_text: 0.7113  loss_center: 2.9394  loss_reg_x: 0.8343  loss_reg_y: 0.6266
12/27 21:03:50 - mmengine - INFO - Epoch(train) [16][ 595/1544]  lr: 2.1125e-03  eta: 3 days, 1:15:44  time: 3.5759  data_time: 0.0027  memory: 19779  grad_norm: 17.9065  loss: 5.2732  loss_text: 0.7644  loss_center: 2.9399  loss_reg_x: 0.9225  loss_reg_y: 0.6464
12/27 21:04:11 - mmengine - INFO - Epoch(train) [16][ 600/1544]  lr: 2.1125e-03  eta: 3 days, 1:18:32  time: 3.7945  data_time: 0.0028  memory: 19779  grad_norm: 24.3050  loss: 5.5637  loss_text: 0.8155  loss_center: 2.9413  loss_reg_x: 1.0675  loss_reg_y: 0.7394
12/27 21:04:30 - mmengine - INFO - Epoch(train) [16][ 605/1544]  lr: 2.1125e-03  eta: 3 days, 1:18:18  time: 3.9978  data_time: 0.0030  memory: 19779  grad_norm: 22.7232  loss: 5.5277  loss_text: 0.7720  loss_center: 2.9369  loss_reg_x: 1.0565  loss_reg_y: 0.7623
12/27 21:04:48 - mmengine - INFO - Epoch(train) [16][ 610/1544]  lr: 2.1125e-03  eta: 3 days, 1:15:53  time: 3.7251  data_time: 0.0030  memory: 19779  grad_norm: 15.8537  loss: 5.2543  loss_text: 0.7245  loss_center: 2.9303  loss_reg_x: 0.9696  loss_reg_y: 0.6299
12/27 21:05:08 - mmengine - INFO - Epoch(train) [16][ 615/1544]  lr: 2.1125e-03  eta: 3 days, 1:18:19  time: 3.8660  data_time: 0.0026  memory: 19779  grad_norm: 16.9090  loss: 5.0435  loss_text: 0.7245  loss_center: 2.9297  loss_reg_x: 0.8240  loss_reg_y: 0.5653
12/27 21:05:28 - mmengine - INFO - Epoch(train) [16][ 620/1544]  lr: 2.1125e-03  eta: 3 days, 1:19:31  time: 4.0606  data_time: 0.0026  memory: 19779  grad_norm: 17.7550  loss: 5.0088  loss_text: 0.7237  loss_center: 2.9251  loss_reg_x: 0.8010  loss_reg_y: 0.5590
12/27 21:05:49 - mmengine - INFO - Epoch(train) [16][ 625/1544]  lr: 2.1125e-03  eta: 3 days, 1:21:00  time: 4.0132  data_time: 0.0027  memory: 19779  grad_norm: 16.2647  loss: 5.0371  loss_text: 0.7387  loss_center: 2.9167  loss_reg_x: 0.7894  loss_reg_y: 0.5923
12/27 21:06:06 - mmengine - INFO - Epoch(train) [16][ 630/1544]  lr: 2.1125e-03  eta: 3 days, 1:17:21  time: 3.7494  data_time: 0.0027  memory: 19779  grad_norm: 18.6185  loss: 5.1249  loss_text: 0.7191  loss_center: 2.9415  loss_reg_x: 0.8040  loss_reg_y: 0.6603
12/27 21:06:26 - mmengine - INFO - Epoch(train) [16][ 635/1544]  lr: 2.1125e-03  eta: 3 days, 1:17:50  time: 3.6954  data_time: 0.0027  memory: 19779  grad_norm: 20.3780  loss: 5.1825  loss_text: 0.7066  loss_center: 2.9550  loss_reg_x: 0.8825  loss_reg_y: 0.6384
12/27 21:06:43 - mmengine - INFO - Epoch(train) [16][ 640/1544]  lr: 2.1125e-03  eta: 3 days, 1:13:40  time: 3.6622  data_time: 0.0025  memory: 19779  grad_norm: 20.0289  loss: 5.3040  loss_text: 0.7477  loss_center: 2.9489  loss_reg_x: 0.9232  loss_reg_y: 0.6842
12/27 21:07:03 - mmengine - INFO - Epoch(train) [16][ 645/1544]  lr: 2.1125e-03  eta: 3 days, 1:14:51  time: 3.7008  data_time: 0.0027  memory: 19779  grad_norm: 24.6553  loss: 5.4029  loss_text: 0.7859  loss_center: 2.9313  loss_reg_x: 0.9635  loss_reg_y: 0.7222
12/27 21:07:20 - mmengine - INFO - Epoch(train) [16][ 650/1544]  lr: 2.1125e-03  eta: 3 days, 1:11:58  time: 3.7692  data_time: 0.0027  memory: 19779  grad_norm: 26.1786  loss: 5.2200  loss_text: 0.7932  loss_center: 2.9199  loss_reg_x: 0.8804  loss_reg_y: 0.6264
12/27 21:07:38 - mmengine - INFO - Epoch(train) [16][ 655/1544]  lr: 2.1125e-03  eta: 3 days, 1:09:31  time: 3.5624  data_time: 0.0030  memory: 19779  grad_norm: 22.6896  loss: 5.0334  loss_text: 0.7268  loss_center: 2.9245  loss_reg_x: 0.7549  loss_reg_y: 0.6272
12/27 21:07:58 - mmengine - INFO - Epoch(train) [16][ 660/1544]  lr: 2.1125e-03  eta: 3 days, 1:10:15  time: 3.7663  data_time: 0.0030  memory: 19779  grad_norm: 20.8545  loss: 5.2032  loss_text: 0.7223  loss_center: 2.9419  loss_reg_x: 0.8537  loss_reg_y: 0.6852
12/27 21:08:16 - mmengine - INFO - Epoch(train) [16][ 665/1544]  lr: 2.1125e-03  eta: 3 days, 1:07:29  time: 3.7463  data_time: 0.0025  memory: 19779  grad_norm: 19.8723  loss: 5.1925  loss_text: 0.7209  loss_center: 2.9535  loss_reg_x: 0.8340  loss_reg_y: 0.6841
12/27 21:08:36 - mmengine - INFO - Epoch(train) [16][ 670/1544]  lr: 2.1125e-03  eta: 3 days, 1:08:33  time: 3.7661  data_time: 0.0027  memory: 19779  grad_norm: 19.4637  loss: 5.1476  loss_text: 0.7110  loss_center: 2.9402  loss_reg_x: 0.8496  loss_reg_y: 0.6468
12/27 21:08:55 - mmengine - INFO - Epoch(train) [16][ 675/1544]  lr: 2.1125e-03  eta: 3 days, 1:09:08  time: 3.9596  data_time: 0.0028  memory: 19779  grad_norm: 21.7050  loss: 5.2178  loss_text: 0.7354  loss_center: 2.9475  loss_reg_x: 0.9172  loss_reg_y: 0.6177
12/27 21:09:14 - mmengine - INFO - Epoch(train) [16][ 680/1544]  lr: 2.1125e-03  eta: 3 days, 1:07:59  time: 3.8304  data_time: 0.0033  memory: 19779  grad_norm: 24.8753  loss: 5.1527  loss_text: 0.7258  loss_center: 2.9469  loss_reg_x: 0.8159  loss_reg_y: 0.6640
12/27 21:09:33 - mmengine - INFO - Epoch(train) [16][ 685/1544]  lr: 2.1125e-03  eta: 3 days, 1:08:26  time: 3.8246  data_time: 0.0032  memory: 19779  grad_norm: 26.2907  loss: 5.2950  loss_text: 0.8018  loss_center: 2.9392  loss_reg_x: 0.8870  loss_reg_y: 0.6669
12/27 21:09:54 - mmengine - INFO - Epoch(train) [16][ 690/1544]  lr: 2.1125e-03  eta: 3 days, 1:09:54  time: 3.9803  data_time: 0.0026  memory: 19779  grad_norm: 25.0393  loss: 5.5071  loss_text: 0.8488  loss_center: 2.9286  loss_reg_x: 1.0222  loss_reg_y: 0.7075
12/27 21:10:13 - mmengine - INFO - Epoch(train) [16][ 695/1544]  lr: 2.1125e-03  eta: 3 days, 1:10:32  time: 3.9931  data_time: 0.0029  memory: 19779  grad_norm: 23.9846  loss: 5.4943  loss_text: 0.8203  loss_center: 2.9384  loss_reg_x: 1.0027  loss_reg_y: 0.7329
12/27 21:10:32 - mmengine - INFO - Epoch(train) [16][ 700/1544]  lr: 2.1125e-03  eta: 3 days, 1:09:48  time: 3.8622  data_time: 0.0031  memory: 19779  grad_norm: 25.7097  loss: 5.4754  loss_text: 0.8035  loss_center: 2.9635  loss_reg_x: 1.0019  loss_reg_y: 0.7065
12/27 21:10:52 - mmengine - INFO - Epoch(train) [16][ 705/1544]  lr: 2.1125e-03  eta: 3 days, 1:10:38  time: 3.8749  data_time: 0.0028  memory: 19779  grad_norm: 27.9134  loss: 5.3977  loss_text: 0.7940  loss_center: 2.9422  loss_reg_x: 0.9673  loss_reg_y: 0.6943
12/27 21:11:12 - mmengine - INFO - Epoch(train) [16][ 710/1544]  lr: 2.1125e-03  eta: 3 days, 1:10:39  time: 3.9218  data_time: 0.0026  memory: 19779  grad_norm: 24.7935  loss: 5.2529  loss_text: 0.7945  loss_center: 2.9342  loss_reg_x: 0.8718  loss_reg_y: 0.6523
12/27 21:11:30 - mmengine - INFO - Epoch(train) [16][ 715/1544]  lr: 2.1125e-03  eta: 3 days, 1:09:12  time: 3.7809  data_time: 0.0024  memory: 19779  grad_norm: 23.7165  loss: 5.4245  loss_text: 0.7747  loss_center: 2.9484  loss_reg_x: 0.9875  loss_reg_y: 0.7140
12/27 21:11:49 - mmengine - INFO - Epoch(train) [16][ 720/1544]  lr: 2.1125e-03  eta: 3 days, 1:08:26  time: 3.7315  data_time: 0.0026  memory: 19779  grad_norm: 23.8709  loss: 5.4571  loss_text: 0.7332  loss_center: 2.9386  loss_reg_x: 1.0544  loss_reg_y: 0.7309
12/27 21:12:07 - mmengine - INFO - Epoch(train) [16][ 725/1544]  lr: 2.1125e-03  eta: 3 days, 1:07:05  time: 3.7366  data_time: 0.0026  memory: 19779  grad_norm: 20.3104  loss: 5.2470  loss_text: 0.7329  loss_center: 2.9323  loss_reg_x: 0.9345  loss_reg_y: 0.6474
12/27 21:12:26 - mmengine - INFO - Epoch(train) [16][ 730/1544]  lr: 2.1125e-03  eta: 3 days, 1:05:54  time: 3.7091  data_time: 0.0024  memory: 19779  grad_norm: 25.1580  loss: 5.2979  loss_text: 0.7611  loss_center: 2.9460  loss_reg_x: 0.9877  loss_reg_y: 0.6030
12/27 21:12:46 - mmengine - INFO - Epoch(train) [16][ 735/1544]  lr: 2.1125e-03  eta: 3 days, 1:07:25  time: 3.8901  data_time: 0.0024  memory: 19779  grad_norm: 34.5534  loss: 5.4041  loss_text: 0.8000  loss_center: 2.9660  loss_reg_x: 1.0251  loss_reg_y: 0.6130
12/27 21:13:06 - mmengine - INFO - Epoch(train) [16][ 740/1544]  lr: 2.1125e-03  eta: 3 days, 1:07:23  time: 3.9643  data_time: 0.0024  memory: 19779  grad_norm: 32.1761  loss: 5.3742  loss_text: 0.8012  loss_center: 2.9569  loss_reg_x: 0.9715  loss_reg_y: 0.6446
12/27 21:13:22 - mmengine - INFO - Epoch(train) [16][ 745/1544]  lr: 2.1125e-03  eta: 3 days, 1:03:36  time: 3.6227  data_time: 0.0024  memory: 19779  grad_norm: 22.3366  loss: 5.2998  loss_text: 0.7903  loss_center: 2.9416  loss_reg_x: 0.9319  loss_reg_y: 0.6360
12/27 21:13:42 - mmengine - INFO - Epoch(train) [16][ 750/1544]  lr: 2.1125e-03  eta: 3 days, 1:04:27  time: 3.6790  data_time: 0.0025  memory: 19779  grad_norm: 20.4233  loss: 5.5940  loss_text: 0.8571  loss_center: 2.9547  loss_reg_x: 1.1024  loss_reg_y: 0.6799
12/27 21:14:01 - mmengine - INFO - Epoch(train) [16][ 755/1544]  lr: 2.1125e-03  eta: 3 days, 1:02:43  time: 3.8101  data_time: 0.0026  memory: 19779  grad_norm: 21.0156  loss: 5.5537  loss_text: 0.8641  loss_center: 2.9496  loss_reg_x: 1.0822  loss_reg_y: 0.6577
12/27 21:14:22 - mmengine - INFO - Epoch(train) [16][ 760/1544]  lr: 2.1125e-03  eta: 3 days, 1:06:31  time: 4.0073  data_time: 0.0024  memory: 19779  grad_norm: 23.2433  loss: 5.3835  loss_text: 0.8247  loss_center: 2.9419  loss_reg_x: 1.0052  loss_reg_y: 0.6117
12/27 21:14:42 - mmengine - INFO - Epoch(train) [16][ 765/1544]  lr: 2.1125e-03  eta: 3 days, 1:06:36  time: 4.1283  data_time: 0.0025  memory: 19779  grad_norm: 24.4937  loss: 5.5595  loss_text: 0.8110  loss_center: 2.9466  loss_reg_x: 1.1813  loss_reg_y: 0.6206
12/27 21:15:01 - mmengine - INFO - Epoch(train) [16][ 770/1544]  lr: 2.1125e-03  eta: 3 days, 1:06:46  time: 3.8897  data_time: 0.0029  memory: 19779  grad_norm: 22.0496  loss: 5.5302  loss_text: 0.8195  loss_center: 2.9323  loss_reg_x: 1.1117  loss_reg_y: 0.6667
12/27 21:15:19 - mmengine - INFO - Epoch(train) [16][ 775/1544]  lr: 2.1125e-03  eta: 3 days, 1:04:40  time: 3.7432  data_time: 0.0029  memory: 19779  grad_norm: 28.8197  loss: 5.3461  loss_text: 0.7830  loss_center: 2.9239  loss_reg_x: 0.9438  loss_reg_y: 0.6954
12/27 21:15:37 - mmengine - INFO - Epoch(train) [16][ 780/1544]  lr: 2.1125e-03  eta: 3 days, 1:02:47  time: 3.6031  data_time: 0.0025  memory: 19779  grad_norm: 30.2264  loss: 5.0898  loss_text: 0.7340  loss_center: 2.9280  loss_reg_x: 0.8480  loss_reg_y: 0.5798
12/27 21:15:55 - mmengine - INFO - Epoch(train) [16][ 785/1544]  lr: 2.1125e-03  eta: 3 days, 1:00:01  time: 3.5545  data_time: 0.0024  memory: 19779  grad_norm: 26.4333  loss: 5.5042  loss_text: 0.8598  loss_center: 2.9468  loss_reg_x: 1.1190  loss_reg_y: 0.5785
12/27 21:16:13 - mmengine - INFO - Epoch(train) [16][ 790/1544]  lr: 2.1125e-03  eta: 3 days, 0:58:15  time: 3.5590  data_time: 0.0025  memory: 19779  grad_norm: 30.7895  loss: 5.8212  loss_text: 0.9166  loss_center: 2.9550  loss_reg_x: 1.2236  loss_reg_y: 0.7260
12/27 21:16:30 - mmengine - INFO - Epoch(train) [16][ 795/1544]  lr: 2.1125e-03  eta: 3 days, 0:55:36  time: 3.5624  data_time: 0.0025  memory: 19779  grad_norm: 33.4235  loss: 6.1193  loss_text: 0.9160  loss_center: 2.9480  loss_reg_x: 1.3708  loss_reg_y: 0.8845
12/27 21:16:48 - mmengine - INFO - Epoch(train) [16][ 800/1544]  lr: 2.1125e-03  eta: 3 days, 0:53:23  time: 3.5281  data_time: 0.0024  memory: 19779  grad_norm: 30.7448  loss: 5.9471  loss_text: 0.8909  loss_center: 2.9451  loss_reg_x: 1.3261  loss_reg_y: 0.7850
12/27 21:17:10 - mmengine - INFO - Epoch(train) [16][ 805/1544]  lr: 2.1125e-03  eta: 3 days, 0:57:21  time: 3.9907  data_time: 0.0024  memory: 19779  grad_norm: 24.1333  loss: 5.1578  loss_text: 0.7938  loss_center: 2.9304  loss_reg_x: 0.8791  loss_reg_y: 0.5545
12/27 21:17:33 - mmengine - INFO - Epoch(train) [16][ 810/1544]  lr: 2.1125e-03  eta: 3 days, 1:01:55  time: 4.4695  data_time: 0.0025  memory: 19779  grad_norm: 25.0030  loss: 5.0748  loss_text: 0.7986  loss_center: 2.9190  loss_reg_x: 0.8301  loss_reg_y: 0.5271
12/27 21:17:51 - mmengine - INFO - Epoch(train) [16][ 815/1544]  lr: 2.1125e-03  eta: 3 days, 0:59:45  time: 4.0405  data_time: 0.0025  memory: 19779  grad_norm: 28.1363  loss: 5.2711  loss_text: 0.7668  loss_center: 2.9393  loss_reg_x: 0.9785  loss_reg_y: 0.5865
12/27 21:18:14 - mmengine - INFO - Epoch(train) [16][ 820/1544]  lr: 2.1125e-03  eta: 3 days, 1:05:05  time: 4.1013  data_time: 0.0029  memory: 19779  grad_norm: 23.9707  loss: 5.3520  loss_text: 0.7604  loss_center: 2.9525  loss_reg_x: 0.9952  loss_reg_y: 0.6439
12/27 21:18:36 - mmengine - INFO - Epoch(train) [16][ 825/1544]  lr: 2.1125e-03  eta: 3 days, 1:08:29  time: 4.5023  data_time: 0.0032  memory: 19779  grad_norm: 23.3954  loss: 5.3789  loss_text: 0.8067  loss_center: 2.9422  loss_reg_x: 0.9769  loss_reg_y: 0.6531
12/27 21:18:56 - mmengine - INFO - Epoch(train) [16][ 830/1544]  lr: 2.1125e-03  eta: 3 days, 1:09:25  time: 4.1929  data_time: 0.0028  memory: 19779  grad_norm: 23.5723  loss: 5.4892  loss_text: 0.8547  loss_center: 2.9457  loss_reg_x: 1.0012  loss_reg_y: 0.6876
12/27 21:19:13 - mmengine - INFO - Epoch(train) [16][ 835/1544]  lr: 2.1125e-03  eta: 3 days, 1:05:50  time: 3.6896  data_time: 0.0025  memory: 19779  grad_norm: 18.9060  loss: 5.2682  loss_text: 0.8128  loss_center: 2.9466  loss_reg_x: 0.8968  loss_reg_y: 0.6121
12/27 21:19:31 - mmengine - INFO - Exp name: fcenet_r50dcnv2_fpn_1500e_lsvt_ctw_pretrain_20251227_202521
12/27 21:19:31 - mmengine - INFO - Epoch(train) [16][ 840/1544]  lr: 2.1125e-03  eta: 3 days, 1:04:45  time: 3.5403  data_time: 0.0024  memory: 19779  grad_norm: 16.7395  loss: 5.0073  loss_text: 0.7204  loss_center: 2.9373  loss_reg_x: 0.8120  loss_reg_y: 0.5377
12/27 21:19:51 - mmengine - INFO - Epoch(train) [16][ 845/1544]  lr: 2.1125e-03  eta: 3 days, 1:04:50  time: 3.8059  data_time: 0.0023  memory: 19779  grad_norm: 19.3898  loss: 5.0925  loss_text: 0.7693  loss_center: 2.9303  loss_reg_x: 0.8194  loss_reg_y: 0.5735
12/27 21:20:08 - mmengine - INFO - Epoch(train) [16][ 850/1544]  lr: 2.1125e-03  eta: 3 days, 1:01:44  time: 3.6561  data_time: 0.0025  memory: 19779  grad_norm: 23.1263  loss: 5.3381  loss_text: 0.8334  loss_center: 2.9392  loss_reg_x: 0.9532  loss_reg_y: 0.6123
12/27 21:20:28 - mmengine - INFO - Epoch(train) [16][ 855/1544]  lr: 2.1125e-03  eta: 3 days, 1:02:11  time: 3.6831  data_time: 0.0023  memory: 19779  grad_norm: 24.1619  loss: 5.3360  loss_text: 0.8091  loss_center: 2.9400  loss_reg_x: 0.9327  loss_reg_y: 0.6541
12/27 21:20:45 - mmengine - INFO - Epoch(train) [16][ 860/1544]  lr: 2.1125e-03  eta: 3 days, 0:59:58  time: 3.7465  data_time: 0.0022  memory: 19779  grad_norm: 24.3366  loss: 5.2233  loss_text: 0.7742  loss_center: 2.9306  loss_reg_x: 0.8878  loss_reg_y: 0.6306
12/27 21:21:03 - mmengine - INFO - Epoch(train) [16][ 865/1544]  lr: 2.1125e-03  eta: 3 days, 0:57:37  time: 3.5341  data_time: 0.0023  memory: 19779  grad_norm: 22.9998  loss: 5.2948  loss_text: 0.7880  loss_center: 2.9330  loss_reg_x: 0.9220  loss_reg_y: 0.6519
12/27 21:21:22 - mmengine - INFO - Epoch(train) [16][ 870/1544]  lr: 2.1125e-03  eta: 3 days, 0:57:00  time: 3.6520  data_time: 0.0023  memory: 19779  grad_norm: 20.1247  loss: 5.4172  loss_text: 0.7970  loss_center: 2.9365  loss_reg_x: 0.9524  loss_reg_y: 0.7313
12/27 21:21:38 - mmengine - INFO - Epoch(train) [16][ 875/1544]  lr: 2.1125e-03  eta: 3 days, 0:53:11  time: 3.5377  data_time: 0.0024  memory: 19779  grad_norm: 19.9165  loss: 5.6548  loss_text: 0.8526  loss_center: 2.9428  loss_reg_x: 1.0891  loss_reg_y: 0.7703
12/27 21:21:57 - mmengine - INFO - Epoch(train) [16][ 880/1544]  lr: 2.1125e-03  eta: 3 days, 0:52:42  time: 3.5462  data_time: 0.0023  memory: 19779  grad_norm: 27.9269  loss: 5.6622  loss_text: 0.8425  loss_center: 2.9511  loss_reg_x: 1.0512  loss_reg_y: 0.8174
12/27 21:22:15 - mmengine - INFO - Epoch(train) [16][ 885/1544]  lr: 2.1125e-03  eta: 3 days, 0:50:49  time: 3.6914  data_time: 0.0024  memory: 19779  grad_norm: 27.8161  loss: 5.4304  loss_text: 0.7892  loss_center: 2.9423  loss_reg_x: 0.8946  loss_reg_y: 0.8043
12/27 21:22:34 - mmengine - INFO - Epoch(train) [16][ 890/1544]  lr: 2.1125e-03  eta: 3 days, 0:49:52  time: 3.6538  data_time: 0.0024  memory: 19779  grad_norm: 20.6223  loss: 5.4395  loss_text: 0.8041  loss_center: 2.9369  loss_reg_x: 0.9947  loss_reg_y: 0.7038
12/27 21:22:51 - mmengine - INFO - Epoch(train) [16][ 895/1544]  lr: 2.1125e-03  eta: 3 days, 0:46:44  time: 3.5523  data_time: 0.0024  memory: 19779  grad_norm: 23.4272  loss: 5.4420  loss_text: 0.7991  loss_center: 2.9513  loss_reg_x: 1.0193  loss_reg_y: 0.6724
12/27 21:23:13 - mmengine - INFO - Epoch(train) [16][ 900/1544]  lr: 2.1125e-03  eta: 3 days, 0:49:59  time: 3.8822  data_time: 0.0025  memory: 19779  grad_norm: 25.2640  loss: 5.4837  loss_text: 0.7964  loss_center: 2.9499  loss_reg_x: 0.9984  loss_reg_y: 0.7390
12/27 21:23:29 - mmengine - INFO - Epoch(train) [16][ 905/1544]  lr: 2.1125e-03  eta: 3 days, 0:46:24  time: 3.8446  data_time: 0.0025  memory: 19779  grad_norm: 24.2098  loss: 5.3434  loss_text: 0.7314  loss_center: 2.9289  loss_reg_x: 0.9778  loss_reg_y: 0.7053
12/27 21:23:46 - mmengine - INFO - Epoch(train) [16][ 910/1544]  lr: 2.1125e-03  eta: 3 days, 0:43:43  time: 3.3749  data_time: 0.0024  memory: 19779  grad_norm: 22.0048  loss: 5.1631  loss_text: 0.7141  loss_center: 2.9353  loss_reg_x: 0.8774  loss_reg_y: 0.6362
12/27 21:24:03 - mmengine - INFO - Epoch(train) [16][ 915/1544]  lr: 2.1125e-03  eta: 3 days, 0:40:16  time: 3.3806  data_time: 0.0024  memory: 19779  grad_norm: 22.9583  loss: 5.4500  loss_text: 0.8058  loss_center: 2.9435  loss_reg_x: 0.9735  loss_reg_y: 0.7271
12/27 21:24:24 - mmengine - INFO - Epoch(train) [16][ 920/1544]  lr: 2.1125e-03  eta: 3 days, 0:42:35  time: 3.7784  data_time: 0.0027  memory: 19779  grad_norm: 27.5584  loss: 5.4002  loss_text: 0.8237  loss_center: 2.9269  loss_reg_x: 0.9909  loss_reg_y: 0.6587
12/27 21:24:41 - mmengine - INFO - Epoch(train) [16][ 925/1544]  lr: 2.1125e-03  eta: 3 days, 0:39:15  time: 3.7842  data_time: 0.0026  memory: 19779  grad_norm: 30.2570  loss: 5.2654  loss_text: 0.8692  loss_center: 2.9206  loss_reg_x: 0.9368  loss_reg_y: 0.5388
12/27 21:24:58 - mmengine - INFO - Epoch(train) [16][ 930/1544]  lr: 2.1125e-03  eta: 3 days, 0:36:36  time: 3.3821  data_time: 0.0037  memory: 19779  grad_norm: 27.1282  loss: 5.5267  loss_text: 0.8928  loss_center: 2.9359  loss_reg_x: 1.0240  loss_reg_y: 0.6740
12/27 21:25:20 - mmengine - INFO - Epoch(train) [16][ 935/1544]  lr: 2.1125e-03  eta: 3 days, 0:39:24  time: 3.8798  data_time: 0.0037  memory: 19779  grad_norm: 29.0181  loss: 5.6588  loss_text: 0.8699  loss_center: 2.9493  loss_reg_x: 1.0683  loss_reg_y: 0.7712
12/27 21:25:36 - mmengine - INFO - Epoch(train) [16][ 940/1544]  lr: 2.1125e-03  eta: 3 days, 0:35:31  time: 3.7772  data_time: 0.0025  memory: 19779  grad_norm: 32.1309  loss: 5.6359  loss_text: 0.8640  loss_center: 2.9499  loss_reg_x: 0.9708  loss_reg_y: 0.8512
12/27 21:25:53 - mmengine - INFO - Epoch(train) [16][ 945/1544]  lr: 2.1125e-03  eta: 3 days, 0:32:52  time: 3.3288  data_time: 0.0026  memory: 19779  grad_norm: 29.4677  loss: 5.5536  loss_text: 0.8227  loss_center: 2.9621  loss_reg_x: 0.9876  loss_reg_y: 0.7812
12/27 21:26:12 - mmengine - INFO - Epoch(train) [16][ 950/1544]  lr: 2.1125e-03  eta: 3 days, 0:32:06  time: 3.5807  data_time: 0.0026  memory: 19779  grad_norm: 26.6346  loss: 5.2735  loss_text: 0.8283  loss_center: 2.8959  loss_reg_x: 0.9638  loss_reg_y: 0.5855
12/27 21:26:30 - mmengine - INFO - Epoch(train) [16][ 955/1544]  lr: 2.1125e-03  eta: 3 days, 0:31:00  time: 3.7072  data_time: 0.0026  memory: 19779  grad_norm: 23.4639  loss: 5.3059  loss_text: 0.8173  loss_center: 2.8854  loss_reg_x: 0.8937  loss_reg_y: 0.7095
12/27 21:26:49 - mmengine - INFO - Epoch(train) [16][ 960/1544]  lr: 2.1125e-03  eta: 3 days, 0:31:02  time: 3.7745  data_time: 0.0024  memory: 19779  grad_norm: 22.2437  loss: 5.3173  loss_text: 0.7507  loss_center: 2.9456  loss_reg_x: 0.8438  loss_reg_y: 0.7771
12/27 21:27:08 - mmengine - INFO - Epoch(train) [16][ 965/1544]  lr: 2.1125e-03  eta: 3 days, 0:30:07  time: 3.7882  data_time: 0.0025  memory: 19779  grad_norm: 26.9768  loss: 5.2232  loss_text: 0.7473  loss_center: 2.9378  loss_reg_x: 0.8512  loss_reg_y: 0.6869
12/27 21:27:25 - mmengine - INFO - Epoch(train) [16][ 970/1544]  lr: 2.1125e-03  eta: 3 days, 0:27:38  time: 3.5756  data_time: 0.0025  memory: 19779  grad_norm: 27.1069  loss: 5.3183  loss_text: 0.7880  loss_center: 2.9246  loss_reg_x: 0.9697  loss_reg_y: 0.6361
12/27 21:27:44 - mmengine - INFO - Epoch(train) [16][ 975/1544]  lr: 2.1125e-03  eta: 3 days, 0:27:14  time: 3.6175  data_time: 0.0027  memory: 19779  grad_norm: 22.1859  loss: 5.2988  loss_text: 0.8275  loss_center: 2.9260  loss_reg_x: 0.9505  loss_reg_y: 0.5947
12/27 21:28:03 - mmengine - INFO - Epoch(train) [16][ 980/1544]  lr: 2.1125e-03  eta: 3 days, 0:26:28  time: 3.7616  data_time: 0.0029  memory: 19779  grad_norm: 20.2825  loss: 5.2345  loss_text: 0.8116  loss_center: 2.9342  loss_reg_x: 0.8626  loss_reg_y: 0.6260
12/27 21:28:21 - mmengine - INFO - Epoch(train) [16][ 985/1544]  lr: 2.1125e-03  eta: 3 days, 0:25:37  time: 3.7237  data_time: 0.0027  memory: 19779  grad_norm: 21.4531  loss: 5.1966  loss_text: 0.7770  loss_center: 2.9374  loss_reg_x: 0.8240  loss_reg_y: 0.6581
12/27 21:28:41 - mmengine - INFO - Epoch(train) [16][ 990/1544]  lr: 2.1125e-03  eta: 3 days, 0:26:11  time: 3.8370  data_time: 0.0027  memory: 19779  grad_norm: 24.5227  loss: 5.1557  loss_text: 0.7545  loss_center: 2.9191  loss_reg_x: 0.8523  loss_reg_y: 0.6297
12/27 21:29:02 - mmengine - INFO - Epoch(train) [16][ 995/1544]  lr: 2.1125e-03  eta: 3 days, 0:27:35  time: 4.0323  data_time: 0.0032  memory: 19779  grad_norm: 28.9490  loss: 5.2997  loss_text: 0.8248  loss_center: 2.9412  loss_reg_x: 0.9655  loss_reg_y: 0.5682
12/27 21:29:25 - mmengine - INFO - Epoch(train) [16][1000/1544]  lr: 2.1125e-03  eta: 3 days, 0:32:21  time: 4.4035  data_time: 0.0035  memory: 19779  grad_norm: 30.2900  loss: 5.3453  loss_text: 0.9242  loss_center: 2.9569  loss_reg_x: 0.8749  loss_reg_y: 0.5893
12/27 21:29:49 - mmengine - INFO - Epoch(train) [16][1005/1544]  lr: 2.1125e-03  eta: 3 days, 0:37:39  time: 4.7525  data_time: 0.0032  memory: 19779  grad_norm: 23.2822  loss: 5.2621  loss_text: 0.8723  loss_center: 2.9312  loss_reg_x: 0.7857  loss_reg_y: 0.6729
12/27 21:30:07 - mmengine - INFO - Epoch(train) [16][1010/1544]  lr: 2.1125e-03  eta: 3 days, 0:35:38  time: 4.1602  data_time: 0.0027  memory: 19779  grad_norm: 28.9000  loss: 5.5576  loss_text: 0.9077  loss_center: 2.9428  loss_reg_x: 0.9756  loss_reg_y: 0.7314
12/27 21:30:25 - mmengine - INFO - Epoch(train) [16][1015/1544]  lr: 2.1125e-03  eta: 3 days, 0:34:49  time: 3.6231  data_time: 0.0025  memory: 19779  grad_norm: 31.1021  loss: 5.4964  loss_text: 0.8660  loss_center: 2.9484  loss_reg_x: 0.9790  loss_reg_y: 0.7030
12/27 21:30:43 - mmengine - INFO - Epoch(train) [16][1020/1544]  lr: 2.1125e-03  eta: 3 days, 0:32:39  time: 3.6065  data_time: 0.0026  memory: 19779  grad_norm: 25.2742  loss: 5.4373  loss_text: 0.7913  loss_center: 2.9531  loss_reg_x: 1.0084  loss_reg_y: 0.6844
12/27 21:31:01 - mmengine - INFO - Epoch(train) [16][1025/1544]  lr: 2.1125e-03  eta: 3 days, 0:31:23  time: 3.5642  data_time: 0.0026  memory: 19779  grad_norm: 27.8804  loss: 5.5654  loss_text: 0.7901  loss_center: 2.9420  loss_reg_x: 1.0829  loss_reg_y: 0.7503
12/27 21:31:19 - mmengine - INFO - Epoch(train) [16][1030/1544]  lr: 2.1125e-03  eta: 3 days, 0:29:37  time: 3.5994  data_time: 0.0025  memory: 19779  grad_norm: 27.4200  loss: 5.6656  loss_text: 0.7595  loss_center: 2.9465  loss_reg_x: 1.1674  loss_reg_y: 0.7923
12/27 21:31:36 - mmengine - INFO - Epoch(train) [16][1035/1544]  lr: 2.1125e-03  eta: 3 days, 0:27:22  time: 3.5069  data_time: 0.0024  memory: 19779  grad_norm: 29.7754  loss: 5.7653  loss_text: 0.8176  loss_center: 2.9514  loss_reg_x: 1.2188  loss_reg_y: 0.7775
12/27 21:31:55 - mmengine - INFO - Epoch(train) [16][1040/1544]  lr: 2.1125e-03  eta: 3 days, 0:26:33  time: 3.5911  data_time: 0.0024  memory: 19779  grad_norm: 28.4369  loss: 5.4258  loss_text: 0.7983  loss_center: 2.9382  loss_reg_x: 1.0177  loss_reg_y: 0.6715
12/27 21:32:13 - mmengine - INFO - Epoch(train) [16][1045/1544]  lr: 2.1125e-03  eta: 3 days, 0:24:59  time: 3.6507  data_time: 0.0024  memory: 19779  grad_norm: 21.5061  loss: 5.3019  loss_text: 0.7949  loss_center: 2.9319  loss_reg_x: 0.9194  loss_reg_y: 0.6557
12/27 21:32:31 - mmengine - INFO - Epoch(train) [16][1050/1544]  lr: 2.1125e-03  eta: 3 days, 0:24:04  time: 3.6400  data_time: 0.0024  memory: 19779  grad_norm: 20.5632  loss: 5.3546  loss_text: 0.8119  loss_center: 2.9232  loss_reg_x: 0.9079  loss_reg_y: 0.7115
12/27 21:32:53 - mmengine - INFO - Epoch(train) [16][1055/1544]  lr: 2.1125e-03  eta: 3 days, 0:26:17  time: 3.9898  data_time: 0.0023  memory: 19779  grad_norm: 28.4265  loss: 5.4431  loss_text: 0.8332  loss_center: 2.9286  loss_reg_x: 1.0045  loss_reg_y: 0.6768
12/27 21:33:11 - mmengine - INFO - Epoch(train) [16][1060/1544]  lr: 2.1125e-03  eta: 3 days, 0:25:27  time: 3.9968  data_time: 0.0024  memory: 19779  grad_norm: 29.8760  loss: 5.2903  loss_text: 0.8133  loss_center: 2.9248  loss_reg_x: 0.9190  loss_reg_y: 0.6333
12/27 21:33:31 - mmengine - INFO - Epoch(train) [16][1065/1544]  lr: 2.1125e-03  eta: 3 days, 0:25:37  time: 3.8082  data_time: 0.0024  memory: 19779  grad_norm: 23.3637  loss: 5.0908  loss_text: 0.7260  loss_center: 2.9274  loss_reg_x: 0.8358  loss_reg_y: 0.6015
12/27 21:33:51 - mmengine - INFO - Epoch(train) [16][1070/1544]  lr: 2.1125e-03  eta: 3 days, 0:27:03  time: 4.0194  data_time: 0.0025  memory: 19779  grad_norm: 22.0210  loss: 5.2549  loss_text: 0.7711  loss_center: 2.9289  loss_reg_x: 0.9436  loss_reg_y: 0.6112
12/27 21:34:11 - mmengine - INFO - Epoch(train) [16][1075/1544]  lr: 2.1125e-03  eta: 3 days, 0:27:04  time: 4.0069  data_time: 0.0026  memory: 19779  grad_norm: 24.2700  loss: 5.3718  loss_text: 0.8136  loss_center: 2.9356  loss_reg_x: 0.9046  loss_reg_y: 0.7180
12/27 21:34:29 - mmengine - INFO - Epoch(train) [16][1080/1544]  lr: 2.1125e-03  eta: 3 days, 0:25:51  time: 3.7599  data_time: 0.0026  memory: 19779  grad_norm: 23.9870  loss: 5.5392  loss_text: 0.8307  loss_center: 2.9452  loss_reg_x: 0.9878  loss_reg_y: 0.7754
12/27 21:34:48 - mmengine - INFO - Epoch(train) [16][1085/1544]  lr: 2.1125e-03  eta: 3 days, 0:25:33  time: 3.7297  data_time: 0.0024  memory: 19779  grad_norm: 23.3180  loss: 5.6152  loss_text: 0.8438  loss_center: 2.9469  loss_reg_x: 1.0296  loss_reg_y: 0.7950
12/27 21:35:09 - mmengine - INFO - Epoch(train) [16][1090/1544]  lr: 2.1125e-03  eta: 3 days, 0:27:36  time: 4.0408  data_time: 0.0024  memory: 19779  grad_norm: 24.8585  loss: 5.3379  loss_text: 0.8408  loss_center: 2.9383  loss_reg_x: 0.8429  loss_reg_y: 0.7159
12/27 21:35:27 - mmengine - INFO - Epoch(train) [16][1095/1544]  lr: 2.1125e-03  eta: 3 days, 0:26:06  time: 3.9250  data_time: 0.0028  memory: 19779  grad_norm: 24.7154  loss: 5.2332  loss_text: 0.8248  loss_center: 2.9390  loss_reg_x: 0.8033  loss_reg_y: 0.6662
12/27 21:35:46 - mmengine - INFO - Epoch(train) [16][1100/1544]  lr: 2.1125e-03  eta: 3 days, 0:25:18  time: 3.6524  data_time: 0.0027  memory: 19779  grad_norm: 24.8160  loss: 5.4541  loss_text: 0.8501  loss_center: 2.9465  loss_reg_x: 0.9595  loss_reg_y: 0.6980
12/27 21:36:04 - mmengine - INFO - Epoch(train) [16][1105/1544]  lr: 2.1125e-03  eta: 3 days, 0:24:16  time: 3.6979  data_time: 0.0026  memory: 19779  grad_norm: 26.4064  loss: 5.6162  loss_text: 0.9198  loss_center: 2.9384  loss_reg_x: 1.0308  loss_reg_y: 0.7272
12/27 21:36:23 - mmengine - INFO - Epoch(train) [16][1110/1544]  lr: 2.1125e-03  eta: 3 days, 0:23:35  time: 3.7089  data_time: 0.0027  memory: 19779  grad_norm: 30.0548  loss: 5.6295  loss_text: 0.9125  loss_center: 2.9351  loss_reg_x: 1.0539  loss_reg_y: 0.7281
12/27 21:36:41 - mmengine - INFO - Epoch(train) [16][1115/1544]  lr: 2.1125e-03  eta: 3 days, 0:21:49  time: 3.6338  data_time: 0.0026  memory: 19779  grad_norm: 27.5829  loss: 5.5244  loss_text: 0.8801  loss_center: 2.9413  loss_reg_x: 1.0469  loss_reg_y: 0.6561
12/27 21:36:59 - mmengine - INFO - Epoch(train) [16][1120/1544]  lr: 2.1125e-03  eta: 3 days, 0:20:55  time: 3.6116  data_time: 0.0028  memory: 19779  grad_norm: 25.6107  loss: 5.3303  loss_text: 0.8016  loss_center: 2.9280  loss_reg_x: 0.9690  loss_reg_y: 0.6317
12/27 21:37:18 - mmengine - INFO - Epoch(train) [16][1125/1544]  lr: 2.1125e-03  eta: 3 days, 0:20:40  time: 3.7605  data_time: 0.0028  memory: 19779  grad_norm: 22.9015  loss: 5.0801  loss_text: 0.7394  loss_center: 2.9191  loss_reg_x: 0.8536  loss_reg_y: 0.5679
12/27 21:37:36 - mmengine - INFO - Epoch(train) [16][1130/1544]  lr: 2.1125e-03  eta: 3 days, 0:18:41  time: 3.6520  data_time: 0.0026  memory: 19779  grad_norm: 24.6878  loss: 5.3492  loss_text: 0.8227  loss_center: 2.9542  loss_reg_x: 0.9700  loss_reg_y: 0.6023
12/27 21:37:54 - mmengine - INFO - Epoch(train) [16][1135/1544]  lr: 2.1125e-03  eta: 3 days, 0:18:15  time: 3.6316  data_time: 0.0028  memory: 19779  grad_norm: 25.6492  loss: 5.4584  loss_text: 0.8514  loss_center: 2.9565  loss_reg_x: 0.9770  loss_reg_y: 0.6735
12/27 21:38:13 - mmengine - INFO - Epoch(train) [16][1140/1544]  lr: 2.1125e-03  eta: 3 days, 0:17:12  time: 3.7225  data_time: 0.0029  memory: 19779  grad_norm: 21.1087  loss: 5.3326  loss_text: 0.8488  loss_center: 2.9361  loss_reg_x: 0.8524  loss_reg_y: 0.6953
12/27 21:38:35 - mmengine - INFO - Epoch(train) [16][1145/1544]  lr: 2.1125e-03  eta: 3 days, 0:19:37  time: 4.0100  data_time: 0.0029  memory: 19779  grad_norm: 20.7356  loss: 5.4105  loss_text: 0.8461  loss_center: 2.9387  loss_reg_x: 0.8836  loss_reg_y: 0.7421
12/27 21:38:52 - mmengine - INFO - Epoch(train) [16][1150/1544]  lr: 2.1125e-03  eta: 3 days, 0:17:40  time: 3.9193  data_time: 0.0028  memory: 19779  grad_norm: 21.6911  loss: 5.5572  loss_text: 0.8296  loss_center: 2.9476  loss_reg_x: 1.0323  loss_reg_y: 0.7477
12/27 21:39:11 - mmengine - INFO - Epoch(train) [16][1155/1544]  lr: 2.1125e-03  eta: 3 days, 0:17:22  time: 3.6468  data_time: 0.0025  memory: 19779  grad_norm: 24.5434  loss: 5.6448  loss_text: 0.8763  loss_center: 2.9475  loss_reg_x: 1.0823  loss_reg_y: 0.7387
12/27 21:39:31 - mmengine - INFO - Epoch(train) [16][1160/1544]  lr: 2.1125e-03  eta: 3 days, 0:17:33  time: 3.8621  data_time: 0.0025  memory: 19779  grad_norm: 22.7886  loss: 5.4320  loss_text: 0.8491  loss_center: 2.9364  loss_reg_x: 0.9001  loss_reg_y: 0.7464
12/27 21:39:49 - mmengine - INFO - Epoch(train) [16][1165/1544]  lr: 2.1125e-03  eta: 3 days, 0:16:12  time: 3.7541  data_time: 0.0025  memory: 19779  grad_norm: 21.4319  loss: 5.2454  loss_text: 0.8517  loss_center: 2.9252  loss_reg_x: 0.8190  loss_reg_y: 0.6494
12/27 21:40:07 - mmengine - INFO - Epoch(train) [16][1170/1544]  lr: 2.1125e-03  eta: 3 days, 0:15:20  time: 3.6465  data_time: 0.0026  memory: 19779  grad_norm: 23.9979  loss: 5.2382  loss_text: 0.8130  loss_center: 2.9332  loss_reg_x: 0.9247  loss_reg_y: 0.5673
12/27 21:40:24 - mmengine - INFO - Epoch(train) [16][1175/1544]  lr: 2.1125e-03  eta: 3 days, 0:12:57  time: 3.5394  data_time: 0.0027  memory: 19779  grad_norm: 22.6959  loss: 5.4389  loss_text: 0.7716  loss_center: 2.9448  loss_reg_x: 1.0798  loss_reg_y: 0.6427
12/27 21:40:43 - mmengine - INFO - Epoch(train) [16][1180/1544]  lr: 2.1125e-03  eta: 3 days, 0:12:27  time: 3.5745  data_time: 0.0026  memory: 19779  grad_norm: 20.2492  loss: 5.4332  loss_text: 0.7951  loss_center: 2.9506  loss_reg_x: 1.0411  loss_reg_y: 0.6465
12/27 21:41:00 - mmengine - INFO - Epoch(train) [16][1185/1544]  lr: 2.1125e-03  eta: 3 days, 0:10:37  time: 3.6292  data_time: 0.0025  memory: 19779  grad_norm: 22.9684  loss: 5.2901  loss_text: 0.7805  loss_center: 2.9505  loss_reg_x: 0.9576  loss_reg_y: 0.6015
12/27 21:41:18 - mmengine - INFO - Epoch(train) [16][1190/1544]  lr: 2.1125e-03  eta: 3 days, 0:09:30  time: 3.5650  data_time: 0.0026  memory: 19779  grad_norm: 24.3069  loss: 5.1892  loss_text: 0.7883  loss_center: 2.9339  loss_reg_x: 0.8500  loss_reg_y: 0.6170
12/27 21:41:36 - mmengine - INFO - Epoch(train) [16][1195/1544]  lr: 2.1125e-03  eta: 3 days, 0:08:02  time: 3.5993  data_time: 0.0027  memory: 19779  grad_norm: 24.8026  loss: 5.2422  loss_text: 0.7861  loss_center: 2.9281  loss_reg_x: 0.8553  loss_reg_y: 0.6726
12/27 21:41:52 - mmengine - INFO - Epoch(train) [16][1200/1544]  lr: 2.1125e-03  eta: 3 days, 0:05:02  time: 3.3984  data_time: 0.0026  memory: 19779  grad_norm: 25.0041  loss: 5.3382  loss_text: 0.7698  loss_center: 2.9302  loss_reg_x: 1.0033  loss_reg_y: 0.6349
12/27 21:42:10 - mmengine - INFO - Epoch(train) [16][1205/1544]  lr: 2.1125e-03  eta: 3 days, 0:03:35  time: 3.3988  data_time: 0.0024  memory: 19779  grad_norm: 23.9028  loss: 5.2491  loss_text: 0.7463  loss_center: 2.9265  loss_reg_x: 0.9934  loss_reg_y: 0.5829
12/27 21:42:32 - mmengine - INFO - Epoch(train) [16][1210/1544]  lr: 2.1125e-03  eta: 3 days, 0:05:40  time: 3.9353  data_time: 0.0025  memory: 19779  grad_norm: 22.1790  loss: 5.2070  loss_text: 0.7176  loss_center: 2.9353  loss_reg_x: 0.9306  loss_reg_y: 0.6235
12/27 21:42:50 - mmengine - INFO - Epoch(train) [16][1215/1544]  lr: 2.1125e-03  eta: 3 days, 0:04:12  time: 3.9330  data_time: 0.0025  memory: 19779  grad_norm: 26.2394  loss: 5.4392  loss_text: 0.7791  loss_center: 2.9349  loss_reg_x: 1.0064  loss_reg_y: 0.7188
12/27 21:43:08 - mmengine - INFO - Epoch(train) [16][1220/1544]  lr: 2.1125e-03  eta: 3 days, 0:03:13  time: 3.6068  data_time: 0.0025  memory: 19779  grad_norm: 29.1571  loss: 5.4689  loss_text: 0.8305  loss_center: 2.9345  loss_reg_x: 1.0195  loss_reg_y: 0.6844
12/27 21:43:25 - mmengine - INFO - Epoch(train) [16][1225/1544]  lr: 2.1125e-03  eta: 3 days, 0:01:36  time: 3.5889  data_time: 0.0024  memory: 19779  grad_norm: 24.2558  loss: 5.3499  loss_text: 0.8243  loss_center: 2.9385  loss_reg_x: 0.9570  loss_reg_y: 0.6302
12/27 21:43:44 - mmengine - INFO - Epoch(train) [16][1230/1544]  lr: 2.1125e-03  eta: 3 days, 0:00:43  time: 3.5998  data_time: 0.0024  memory: 19779  grad_norm: 23.1445  loss: 5.3377  loss_text: 0.8330  loss_center: 2.9294  loss_reg_x: 0.9272  loss_reg_y: 0.6481
12/27 21:44:03 - mmengine - INFO - Epoch(train) [16][1235/1544]  lr: 2.1125e-03  eta: 3 days, 0:00:21  time: 3.7332  data_time: 0.0024  memory: 19779  grad_norm: 28.7119  loss: 5.1697  loss_text: 0.7937  loss_center: 2.9248  loss_reg_x: 0.8532  loss_reg_y: 0.5981
12/27 21:44:22 - mmengine - INFO - Epoch(train) [16][1240/1544]  lr: 2.1125e-03  eta: 3 days, 0:00:20  time: 3.8249  data_time: 0.0024  memory: 19779  grad_norm: 27.1549  loss: 5.1236  loss_text: 0.7394  loss_center: 2.9224  loss_reg_x: 0.8353  loss_reg_y: 0.6265
12/27 21:44:39 - mmengine - INFO - Epoch(train) [16][1245/1544]  lr: 2.1125e-03  eta: 2 days, 23:58:26  time: 3.6572  data_time: 0.0025  memory: 19779  grad_norm: 22.5131  loss: 5.3002  loss_text: 0.7872  loss_center: 2.9423  loss_reg_x: 0.8910  loss_reg_y: 0.6797
12/27 21:44:58 - mmengine - INFO - Epoch(train) [16][1250/1544]  lr: 2.1125e-03  eta: 2 days, 23:57:28  time: 3.5534  data_time: 0.0024  memory: 19779  grad_norm: 23.4062  loss: 5.4711  loss_text: 0.8537  loss_center: 2.9532  loss_reg_x: 0.9795  loss_reg_y: 0.6848
12/27 21:45:16 - mmengine - INFO - Epoch(train) [16][1255/1544]  lr: 2.1125e-03  eta: 2 days, 23:56:17  time: 3.6299  data_time: 0.0024  memory: 19779  grad_norm: 22.9906  loss: 5.3687  loss_text: 0.7709  loss_center: 2.9458  loss_reg_x: 0.9721  loss_reg_y: 0.6799
12/27 21:45:33 - mmengine - INFO - Epoch(train) [16][1260/1544]  lr: 2.1125e-03  eta: 2 days, 23:54:02  time: 3.4861  data_time: 0.0023  memory: 19779  grad_norm: 20.0688  loss: 5.2114  loss_text: 0.7386  loss_center: 2.9381  loss_reg_x: 0.9182  loss_reg_y: 0.6165
12/27 21:45:51 - mmengine - INFO - Epoch(train) [16][1265/1544]  lr: 2.1125e-03  eta: 2 days, 23:53:09  time: 3.5173  data_time: 0.0024  memory: 19779  grad_norm: 23.3023  loss: 5.4211  loss_text: 0.8123  loss_center: 2.9315  loss_reg_x: 0.9905  loss_reg_y: 0.6868
12/27 21:46:07 - mmengine - INFO - Epoch(train) [16][1270/1544]  lr: 2.1125e-03  eta: 2 days, 23:50:43  time: 3.4948  data_time: 0.0025  memory: 19779  grad_norm: 24.3028  loss: 5.4386  loss_text: 0.8237  loss_center: 2.9344  loss_reg_x: 0.9414  loss_reg_y: 0.7390
12/27 21:46:25 - mmengine - INFO - Epoch(train) [16][1275/1544]  lr: 2.1125e-03  eta: 2 days, 23:49:35  time: 3.4642  data_time: 0.0025  memory: 19779  grad_norm: 18.4750  loss: 5.0682  loss_text: 0.7335  loss_center: 2.9392  loss_reg_x: 0.7535  loss_reg_y: 0.6419
12/27 21:46:43 - mmengine - INFO - Epoch(train) [16][1280/1544]  lr: 2.1125e-03  eta: 2 days, 23:48:09  time: 3.5741  data_time: 0.0024  memory: 19779  grad_norm: 18.1378  loss: 4.9518  loss_text: 0.6840  loss_center: 2.9467  loss_reg_x: 0.7441  loss_reg_y: 0.5770
12/27 21:47:02 - mmengine - INFO - Epoch(train) [16][1285/1544]  lr: 2.1125e-03  eta: 2 days, 23:47:43  time: 3.6524  data_time: 0.0027  memory: 19779  grad_norm: 31.1871  loss: 5.4391  loss_text: 0.8286  loss_center: 2.9467  loss_reg_x: 0.9517  loss_reg_y: 0.7121
12/27 21:47:20 - mmengine - INFO - Epoch(train) [16][1290/1544]  lr: 2.1125e-03  eta: 2 days, 23:46:55  time: 3.7211  data_time: 0.0026  memory: 19779  grad_norm: 30.7442  loss: 5.3895  loss_text: 0.7797  loss_center: 2.9312  loss_reg_x: 0.9369  loss_reg_y: 0.7418
12/27 21:47:40 - mmengine - INFO - Epoch(train) [16][1295/1544]  lr: 2.1125e-03  eta: 2 days, 23:47:18  time: 3.8136  data_time: 0.0026  memory: 19779  grad_norm: 17.6153  loss: 5.0459  loss_text: 0.7228  loss_center: 2.9169  loss_reg_x: 0.8355  loss_reg_y: 0.5707
12/27 21:48:00 - mmengine - INFO - Epoch(train) [16][1300/1544]  lr: 2.1125e-03  eta: 2 days, 23:47:49  time: 3.9645  data_time: 0.0029  memory: 19779  grad_norm: 22.9668  loss: 5.2831  loss_text: 0.7959  loss_center: 2.9308  loss_reg_x: 0.8978  loss_reg_y: 0.6587
12/27 21:48:18 - mmengine - INFO - Epoch(train) [16][1305/1544]  lr: 2.1125e-03  eta: 2 days, 23:46:45  time: 3.8010  data_time: 0.0027  memory: 19779  grad_norm: 23.9078  loss: 5.3502  loss_text: 0.7684  loss_center: 2.9473  loss_reg_x: 0.9064  loss_reg_y: 0.7281
12/27 21:48:37 - mmengine - INFO - Epoch(train) [16][1310/1544]  lr: 2.1125e-03  eta: 2 days, 23:45:55  time: 3.6445  data_time: 0.0027  memory: 19779  grad_norm: 23.4566  loss: 5.3950  loss_text: 0.7796  loss_center: 2.9489  loss_reg_x: 0.9683  loss_reg_y: 0.6982
12/27 21:48:57 - mmengine - INFO - Epoch(train) [16][1315/1544]  lr: 2.1125e-03  eta: 2 days, 23:46:44  time: 3.8615  data_time: 0.0029  memory: 19779  grad_norm: 25.9076  loss: 5.3435  loss_text: 0.7652  loss_center: 2.9381  loss_reg_x: 1.0131  loss_reg_y: 0.6271
12/27 21:49:15 - mmengine - INFO - Epoch(train) [16][1320/1544]  lr: 2.1125e-03  eta: 2 days, 23:45:49  time: 3.8528  data_time: 0.0027  memory: 19779  grad_norm: 24.9798  loss: 5.3281  loss_text: 0.7861  loss_center: 2.9409  loss_reg_x: 0.9958  loss_reg_y: 0.6053
12/27 21:49:33 - mmengine - INFO - Epoch(train) [16][1325/1544]  lr: 2.1125e-03  eta: 2 days, 23:44:28  time: 3.5987  data_time: 0.0026  memory: 19779  grad_norm: 32.2470  loss: 5.5038  loss_text: 0.8626  loss_center: 2.9510  loss_reg_x: 0.9934  loss_reg_y: 0.6969
12/27 21:49:52 - mmengine - INFO - Epoch(train) [16][1330/1544]  lr: 2.1125e-03  eta: 2 days, 23:44:33  time: 3.7163  data_time: 0.0026  memory: 19779  grad_norm: 32.5044  loss: 5.5729  loss_text: 0.9458  loss_center: 2.9489  loss_reg_x: 1.0052  loss_reg_y: 0.6731
12/27 21:50:09 - mmengine - INFO - Epoch(train) [16][1335/1544]  lr: 2.1125e-03  eta: 2 days, 23:42:18  time: 3.6094  data_time: 0.0026  memory: 19779  grad_norm: 21.4073  loss: 5.3700  loss_text: 0.8432  loss_center: 2.9446  loss_reg_x: 0.9632  loss_reg_y: 0.6190
12/27 21:50:28 - mmengine - INFO - Epoch(train) [16][1340/1544]  lr: 2.1125e-03  eta: 2 days, 23:42:03  time: 3.5686  data_time: 0.0025  memory: 19779  grad_norm: 22.7992  loss: 5.4100  loss_text: 0.7964  loss_center: 2.9436  loss_reg_x: 0.9989  loss_reg_y: 0.6711
12/27 21:50:50 - mmengine - INFO - Epoch(train) [16][1345/1544]  lr: 2.1125e-03  eta: 2 days, 23:44:34  time: 4.1321  data_time: 0.0026  memory: 19779  grad_norm: 24.0466  loss: 5.4605  loss_text: 0.8591  loss_center: 2.9489  loss_reg_x: 1.0098  loss_reg_y: 0.6427
12/27 21:51:08 - mmengine - INFO - Epoch(train) [16][1350/1544]  lr: 2.1125e-03  eta: 2 days, 23:43:28  time: 4.0310  data_time: 0.0029  memory: 19779  grad_norm: 22.4338  loss: 5.4286  loss_text: 0.8350  loss_center: 2.9427  loss_reg_x: 0.9882  loss_reg_y: 0.6628
12/27 21:51:27 - mmengine - INFO - Epoch(train) [16][1355/1544]  lr: 2.1125e-03  eta: 2 days, 23:42:52  time: 3.6628  data_time: 0.0028  memory: 19779  grad_norm: 23.6683  loss: 5.3786  loss_text: 0.7872  loss_center: 2.9461  loss_reg_x: 0.9150  loss_reg_y: 0.7302
12/27 21:51:46 - mmengine - INFO - Epoch(train) [16][1360/1544]  lr: 2.1125e-03  eta: 2 days, 23:42:52  time: 3.7939  data_time: 0.0026  memory: 19779  grad_norm: 22.0872  loss: 5.2371  loss_text: 0.7791  loss_center: 2.9524  loss_reg_x: 0.7752  loss_reg_y: 0.7304
12/27 21:52:05 - mmengine - INFO - Epoch(train) [16][1365/1544]  lr: 2.1125e-03  eta: 2 days, 23:42:41  time: 3.8436  data_time: 0.0033  memory: 19779  grad_norm: 24.5398  loss: 5.6671  loss_text: 0.9711  loss_center: 2.9435  loss_reg_x: 1.0004  loss_reg_y: 0.7520
12/27 21:52:24 - mmengine - INFO - Epoch(train) [16][1370/1544]  lr: 2.1125e-03  eta: 2 days, 23:41:54  time: 3.7502  data_time: 0.0033  memory: 19779  grad_norm: 26.5439  loss: 5.6752  loss_text: 0.9900  loss_center: 2.9383  loss_reg_x: 1.0582  loss_reg_y: 0.6888
12/27 21:52:44 - mmengine - INFO - Epoch(train) [16][1375/1544]  lr: 2.1125e-03  eta: 2 days, 23:43:03  time: 3.9109  data_time: 0.0029  memory: 19779  grad_norm: 27.9024  loss: 5.4488  loss_text: 0.8947  loss_center: 2.9444  loss_reg_x: 0.9581  loss_reg_y: 0.6516
12/27 21:53:01 - mmengine - INFO - Epoch(train) [16][1380/1544]  lr: 2.1125e-03  eta: 2 days, 23:40:55  time: 3.7471  data_time: 0.0030  memory: 19779  grad_norm: 29.5016  loss: 5.6303  loss_text: 0.8560  loss_center: 2.9464  loss_reg_x: 1.0197  loss_reg_y: 0.8082
12/27 21:53:19 - mmengine - INFO - Epoch(train) [16][1385/1544]  lr: 2.1125e-03  eta: 2 days, 23:40:01  time: 3.4974  data_time: 0.0027  memory: 19779  grad_norm: 23.2090  loss: 5.3319  loss_text: 0.8059  loss_center: 2.9245  loss_reg_x: 0.8937  loss_reg_y: 0.7078
12/27 21:53:36 - mmengine - INFO - Epoch(train) [16][1390/1544]  lr: 2.1125e-03  eta: 2 days, 23:37:41  time: 3.4694  data_time: 0.0030  memory: 19779  grad_norm: 19.8862  loss: 5.2263  loss_text: 0.7936  loss_center: 2.9235  loss_reg_x: 0.9109  loss_reg_y: 0.5982
12/27 21:53:55 - mmengine - INFO - Epoch(train) [16][1395/1544]  lr: 2.1125e-03  eta: 2 days, 23:37:12  time: 3.5213  data_time: 0.0031  memory: 19779  grad_norm: 24.8205  loss: 5.5278  loss_text: 0.8013  loss_center: 2.9505  loss_reg_x: 1.0801  loss_reg_y: 0.6959
12/27 21:54:13 - mmengine - INFO - Epoch(train) [16][1400/1544]  lr: 2.1125e-03  eta: 2 days, 23:36:50  time: 3.7614  data_time: 0.0025  memory: 19779  grad_norm: 27.1736  loss: 5.5353  loss_text: 0.8659  loss_center: 2.9477  loss_reg_x: 1.0061  loss_reg_y: 0.7156
12/27 21:54:32 - mmengine - INFO - Epoch(train) [16][1405/1544]  lr: 2.1125e-03  eta: 2 days, 23:36:05  time: 3.7272  data_time: 0.0024  memory: 19779  grad_norm: 23.5760  loss: 5.4210  loss_text: 0.8084  loss_center: 2.9370  loss_reg_x: 0.9011  loss_reg_y: 0.7744
12/27 21:54:51 - mmengine - INFO - Epoch(train) [16][1410/1544]  lr: 2.1125e-03  eta: 2 days, 23:36:03  time: 3.7666  data_time: 0.0027  memory: 19779  grad_norm: 20.6124  loss: 5.4886  loss_text: 0.7850  loss_center: 2.9334  loss_reg_x: 0.9433  loss_reg_y: 0.8270
12/27 21:55:12 - mmengine - INFO - Epoch(train) [16][1415/1544]  lr: 2.1125e-03  eta: 2 days, 23:37:06  time: 3.9910  data_time: 0.0028  memory: 19779  grad_norm: 22.3241  loss: 5.5383  loss_text: 0.8895  loss_center: 2.9400  loss_reg_x: 0.9478  loss_reg_y: 0.7611
12/27 21:55:29 - mmengine - INFO - Epoch(train) [16][1420/1544]  lr: 2.1125e-03  eta: 2 days, 23:35:42  time: 3.8218  data_time: 0.0026  memory: 19779  grad_norm: 21.0549  loss: 5.3516  loss_text: 0.8694  loss_center: 2.9490  loss_reg_x: 0.8836  loss_reg_y: 0.6496
12/27 21:55:46 - mmengine - INFO - Epoch(train) [16][1425/1544]  lr: 2.1125e-03  eta: 2 days, 23:33:35  time: 3.4249  data_time: 0.0026  memory: 19779  grad_norm: 21.8336  loss: 5.2770  loss_text: 0.8340  loss_center: 2.9321  loss_reg_x: 0.8729  loss_reg_y: 0.6380
12/27 21:56:06 - mmengine - INFO - Epoch(train) [16][1430/1544]  lr: 2.1125e-03  eta: 2 days, 23:33:46  time: 3.6225  data_time: 0.0027  memory: 19779  grad_norm: 25.5417  loss: 5.2831  loss_text: 0.8236  loss_center: 2.9248  loss_reg_x: 0.8926  loss_reg_y: 0.6421
12/27 21:56:25 - mmengine - INFO - Epoch(train) [16][1435/1544]  lr: 2.1125e-03  eta: 2 days, 23:33:38  time: 3.8717  data_time: 0.0027  memory: 19779  grad_norm: 22.4977  loss: 5.2524  loss_text: 0.7705  loss_center: 2.9293  loss_reg_x: 0.9016  loss_reg_y: 0.6510
12/27 21:56:41 - mmengine - INFO - Epoch(train) [16][1440/1544]  lr: 2.1125e-03  eta: 2 days, 23:31:26  time: 3.5704  data_time: 0.0026  memory: 19779  grad_norm: 23.3586  loss: 5.2295  loss_text: 0.7517  loss_center: 2.9167  loss_reg_x: 0.8559  loss_reg_y: 0.7052
12/27 21:57:00 - mmengine - INFO - Epoch(train) [16][1445/1544]  lr: 2.1125e-03  eta: 2 days, 23:31:03  time: 3.5370  data_time: 0.0024  memory: 19779  grad_norm: 27.5690  loss: 5.3844  loss_text: 0.8034  loss_center: 2.9170  loss_reg_x: 0.9267  loss_reg_y: 0.7373
12/27 21:57:21 - mmengine - INFO - Epoch(train) [16][1450/1544]  lr: 2.1125e-03  eta: 2 days, 23:32:05  time: 3.9490  data_time: 0.0024  memory: 19779  grad_norm: 22.3269  loss: 5.1649  loss_text: 0.7870  loss_center: 2.9162  loss_reg_x: 0.8418  loss_reg_y: 0.6199
12/27 21:57:38 - mmengine - INFO - Epoch(train) [16][1455/1544]  lr: 2.1125e-03  eta: 2 days, 23:30:42  time: 3.8210  data_time: 0.0024  memory: 19779  grad_norm: 19.4419  loss: 4.9851  loss_text: 0.7654  loss_center: 2.9134  loss_reg_x: 0.7511  loss_reg_y: 0.5553
12/27 21:57:55 - mmengine - INFO - Epoch(train) [16][1460/1544]  lr: 2.1125e-03  eta: 2 days, 23:28:56  time: 3.4596  data_time: 0.0025  memory: 19779  grad_norm: 22.9992  loss: 5.4662  loss_text: 0.8654  loss_center: 2.9256  loss_reg_x: 1.0394  loss_reg_y: 0.6358
12/27 21:58:13 - mmengine - INFO - Epoch(train) [16][1465/1544]  lr: 2.1125e-03  eta: 2 days, 23:27:52  time: 3.4995  data_time: 0.0027  memory: 19779  grad_norm: 20.5997  loss: 5.3426  loss_text: 0.7908  loss_center: 2.9269  loss_reg_x: 1.0347  loss_reg_y: 0.5902
12/27 21:58:33 - mmengine - INFO - Epoch(train) [16][1470/1544]  lr: 2.1125e-03  eta: 2 days, 23:27:48  time: 3.7185  data_time: 0.0025  memory: 19779  grad_norm: 16.3273  loss: 4.9541  loss_text: 0.6742  loss_center: 2.9172  loss_reg_x: 0.8294  loss_reg_y: 0.5332
12/27 21:58:52 - mmengine - INFO - Epoch(train) [16][1475/1544]  lr: 2.1125e-03  eta: 2 days, 23:27:36  time: 3.8296  data_time: 0.0024  memory: 19779  grad_norm: 19.7310  loss: 5.2558  loss_text: 0.7592  loss_center: 2.9245  loss_reg_x: 0.9029  loss_reg_y: 0.6692
12/27 21:59:13 - mmengine - INFO - Epoch(train) [16][1480/1544]  lr: 2.1125e-03  eta: 2 days, 23:29:00  time: 4.0216  data_time: 0.0024  memory: 19779  grad_norm: 23.7783  loss: 5.5364  loss_text: 0.8804  loss_center: 2.9368  loss_reg_x: 0.9507  loss_reg_y: 0.7686
12/27 21:59:31 - mmengine - INFO - Epoch(train) [16][1485/1544]  lr: 2.1125e-03  eta: 2 days, 23:28:06  time: 3.9320  data_time: 0.0027  memory: 19779  grad_norm: 21.4415  loss: 5.3357  loss_text: 0.8443  loss_center: 2.9298  loss_reg_x: 0.8784  loss_reg_y: 0.6832
12/27 21:59:50 - mmengine - INFO - Epoch(train) [16][1490/1544]  lr: 2.1125e-03  eta: 2 days, 23:28:00  time: 3.7363  data_time: 0.0027  memory: 19779  grad_norm: 19.7915  loss: 5.0534  loss_text: 0.7575  loss_center: 2.9368  loss_reg_x: 0.7563  loss_reg_y: 0.6027
12/27 22:00:08 - mmengine - INFO - Epoch(train) [16][1495/1544]  lr: 2.1125e-03  eta: 2 days, 23:26:48  time: 3.6958  data_time: 0.0024  memory: 19779  grad_norm: 21.4570  loss: 5.1566  loss_text: 0.7424  loss_center: 2.9613  loss_reg_x: 0.8104  loss_reg_y: 0.6425
12/27 22:00:26 - mmengine - INFO - Epoch(train) [16][1500/1544]  lr: 2.1125e-03  eta: 2 days, 23:25:58  time: 3.5984  data_time: 0.0025  memory: 19779  grad_norm: 24.9421  loss: 5.3299  loss_text: 0.7632  loss_center: 2.9623  loss_reg_x: 0.9334  loss_reg_y: 0.6710
12/27 22:00:43 - mmengine - INFO - Epoch(train) [16][1505/1544]  lr: 2.1125e-03  eta: 2 days, 23:24:07  time: 3.5099  data_time: 0.0026  memory: 19779  grad_norm: 24.6460  loss: 5.5283  loss_text: 0.8393  loss_center: 2.9424  loss_reg_x: 1.0304  loss_reg_y: 0.7162
12/27 22:01:02 - mmengine - INFO - Epoch(train) [16][1510/1544]  lr: 2.1125e-03  eta: 2 days, 23:23:53  time: 3.5905  data_time: 0.0026  memory: 19779  grad_norm: 22.7273  loss: 5.4357  loss_text: 0.8041  loss_center: 2.9207  loss_reg_x: 1.0048  loss_reg_y: 0.7061
12/27 22:01:20 - mmengine - INFO - Epoch(train) [16][1515/1544]  lr: 2.1125e-03  eta: 2 days, 23:22:33  time: 3.6562  data_time: 0.0027  memory: 19779  grad_norm: 27.9517  loss: 5.3342  loss_text: 0.7818  loss_center: 2.9289  loss_reg_x: 0.9798  loss_reg_y: 0.6437
12/27 22:01:38 - mmengine - INFO - Epoch(train) [16][1520/1544]  lr: 2.1125e-03  eta: 2 days, 23:21:59  time: 3.6107  data_time: 0.0025  memory: 19779  grad_norm: 29.3133  loss: 5.5458  loss_text: 0.8526  loss_center: 2.9452  loss_reg_x: 1.0971  loss_reg_y: 0.6509
12/27 22:01:57 - mmengine - INFO - Epoch(train) [16][1525/1544]  lr: 2.1125e-03  eta: 2 days, 23:21:26  time: 3.7152  data_time: 0.0024  memory: 19779  grad_norm: 24.5391  loss: 5.4590  loss_text: 0.8497  loss_center: 2.9556  loss_reg_x: 1.0223  loss_reg_y: 0.6315
12/27 22:02:16 - mmengine - INFO - Epoch(train) [16][1530/1544]  lr: 2.1125e-03  eta: 2 days, 23:21:27  time: 3.7931  data_time: 0.0024  memory: 19779  grad_norm: 21.0124  loss: 5.4514  loss_text: 0.8093  loss_center: 2.9614  loss_reg_x: 0.9802  loss_reg_y: 0.7005
12/27 22:02:33 - mmengine - INFO - Epoch(train) [16][1535/1544]  lr: 2.1125e-03  eta: 2 days, 23:19:50  time: 3.6481  data_time: 0.0025  memory: 19779  grad_norm: 34.5343  loss: 5.5737  loss_text: 0.8336  loss_center: 2.9527  loss_reg_x: 1.0636  loss_reg_y: 0.7239
12/27 22:02:50 - mmengine - INFO - Epoch(train) [16][1540/1544]  lr: 2.1125e-03  eta: 2 days, 23:17:40  time: 3.3523  data_time: 0.0023  memory: 19779  grad_norm: 36.0768  loss: 5.2981  loss_text: 0.8009  loss_center: 2.9442  loss_reg_x: 0.9182  loss_reg_y: 0.6348
12/27 22:03:06 - mmengine - INFO - Exp name: fcenet_r50dcnv2_fpn_1500e_lsvt_ctw_pretrain_20251227_202521
12/27 22:03:28 - mmengine - INFO - Epoch(train) [17][   5/1544]  lr: 2.0692e-03  eta: 2 days, 23:20:15  time: 4.1682  data_time: 0.4075  memory: 19782  grad_norm: 21.9986  loss: 5.2574  loss_text: 0.7204  loss_center: 2.9382  loss_reg_x: 0.9585  loss_reg_y: 0.6402
12/27 22:03:46 - mmengine - INFO - Epoch(train) [17][  10/1544]  lr: 2.0692e-03  eta: 2 days, 23:19:10  time: 3.9303  data_time: 0.4076  memory: 19777  grad_norm: 23.3092  loss: 5.5759  loss_text: 0.8120  loss_center: 2.9370  loss_reg_x: 0.9712  loss_reg_y: 0.8556
12/27 22:04:03 - mmengine - INFO - Epoch(train) [17][  15/1544]  lr: 2.0692e-03  eta: 2 days, 23:17:34  time: 3.4984  data_time: 0.0024  memory: 19777  grad_norm: 23.9600  loss: 5.6419  loss_text: 0.8489  loss_center: 2.9403  loss_reg_x: 1.0274  loss_reg_y: 0.8254
12/27 22:04:21 - mmengine - INFO - Epoch(train) [17][  20/1544]  lr: 2.0692e-03  eta: 2 days, 23:16:26  time: 3.4903  data_time: 0.0025  memory: 19777  grad_norm: 21.8324  loss: 5.3329  loss_text: 0.8083  loss_center: 2.9371  loss_reg_x: 0.9520  loss_reg_y: 0.6355
12/27 22:04:38 - mmengine - INFO - Epoch(train) [17][  25/1544]  lr: 2.0692e-03  eta: 2 days, 23:14:52  time: 3.4909  data_time: 0.0026  memory: 19777  grad_norm: 19.4381  loss: 5.3905  loss_text: 0.8699  loss_center: 2.9300  loss_reg_x: 0.9350  loss_reg_y: 0.6556
12/27 22:04:56 - mmengine - INFO - Epoch(train) [17][  30/1544]  lr: 2.0692e-03  eta: 2 days, 23:14:13  time: 3.5580  data_time: 0.0025  memory: 19777  grad_norm: 24.4298  loss: 5.4268  loss_text: 0.8647  loss_center: 2.9216  loss_reg_x: 0.9754  loss_reg_y: 0.6651
12/27 22:05:14 - mmengine - INFO - Epoch(train) [17][  35/1544]  lr: 2.0692e-03  eta: 2 days, 23:12:57  time: 3.5990  data_time: 0.0024  memory: 19777  grad_norm: 25.4287  loss: 5.2927  loss_text: 0.7858  loss_center: 2.9207  loss_reg_x: 0.9059  loss_reg_y: 0.6802
12/27 22:05:31 - mmengine - INFO - Epoch(train) [17][  40/1544]  lr: 2.0692e-03  eta: 2 days, 23:11:47  time: 3.5239  data_time: 0.0023  memory: 19777  grad_norm: 24.5143  loss: 5.2094  loss_text: 0.7259  loss_center: 2.9211  loss_reg_x: 0.8450  loss_reg_y: 0.7174
12/27 22:05:48 - mmengine - INFO - Epoch(train) [17][  45/1544]  lr: 2.0692e-03  eta: 2 days, 23:09:45  time: 3.4150  data_time: 0.0024  memory: 19777  grad_norm: 24.5000  loss: 5.2366  loss_text: 0.7643  loss_center: 2.9221  loss_reg_x: 0.8904  loss_reg_y: 0.6598
12/27 22:06:04 - mmengine - INFO - Epoch(train) [17][  50/1544]  lr: 2.0692e-03  eta: 2 days, 23:07:47  time: 3.2999  data_time: 0.0025  memory: 19777  grad_norm: 20.9382  loss: 5.4134  loss_text: 0.8322  loss_center: 2.9322  loss_reg_x: 0.9805  loss_reg_y: 0.6685
12/27 22:06:23 - mmengine - INFO - Epoch(train) [17][  55/1544]  lr: 2.0692e-03  eta: 2 days, 23:07:03  time: 3.4793  data_time: 0.0025  memory: 19777  grad_norm: 20.2524  loss: 5.4351  loss_text: 0.8536  loss_center: 2.9306  loss_reg_x: 0.9581  loss_reg_y: 0.6928
12/27 22:06:41 - mmengine - INFO - Epoch(train) [17][  60/1544]  lr: 2.0692e-03  eta: 2 days, 23:06:18  time: 3.6494  data_time: 0.0024  memory: 19777  grad_norm: 19.8063  loss: 5.1662  loss_text: 0.8141  loss_center: 2.9134  loss_reg_x: 0.7974  loss_reg_y: 0.6413
12/27 22:06:58 - mmengine - INFO - Epoch(train) [17][  65/1544]  lr: 2.0692e-03  eta: 2 days, 23:04:55  time: 3.5575  data_time: 0.0024  memory: 19777  grad_norm: 20.9965  loss: 5.0930  loss_text: 0.7353  loss_center: 2.9381  loss_reg_x: 0.8281  loss_reg_y: 0.5915
12/27 22:07:15 - mmengine - INFO - Epoch(train) [17][  70/1544]  lr: 2.0692e-03  eta: 2 days, 23:03:18  time: 3.4335  data_time: 0.0023  memory: 19777  grad_norm: 21.8462  loss: 5.1607  loss_text: 0.7317  loss_center: 2.9543  loss_reg_x: 0.8808  loss_reg_y: 0.5939
12/27 22:07:36 - mmengine - INFO - Epoch(train) [17][  75/1544]  lr: 2.0692e-03  eta: 2 days, 23:04:17  time: 3.7695  data_time: 0.0023  memory: 19777  grad_norm: 22.1515  loss: 5.4023  loss_text: 0.8076  loss_center: 2.9414  loss_reg_x: 0.9791  loss_reg_y: 0.6742
12/27 22:07:54 - mmengine - INFO - Epoch(train) [17][  80/1544]  lr: 2.0692e-03  eta: 2 days, 23:03:16  time: 3.8552  data_time: 0.0023  memory: 19777  grad_norm: 23.7183  loss: 5.4378  loss_text: 0.8012  loss_center: 2.9464  loss_reg_x: 1.0077  loss_reg_y: 0.6824
12/27 22:08:11 - mmengine - INFO - Epoch(train) [17][  85/1544]  lr: 2.0692e-03  eta: 2 days, 23:02:08  time: 3.5531  data_time: 0.0023  memory: 19777  grad_norm: 22.3582  loss: 5.0927  loss_text: 0.7498  loss_center: 2.9303  loss_reg_x: 0.8270  loss_reg_y: 0.5856
12/27 22:08:29 - mmengine - INFO - Epoch(train) [17][  90/1544]  lr: 2.0692e-03  eta: 2 days, 23:00:58  time: 3.5288  data_time: 0.0024  memory: 19777  grad_norm: 18.9563  loss: 5.0128  loss_text: 0.7393  loss_center: 2.9281  loss_reg_x: 0.7443  loss_reg_y: 0.6011
12/27 22:08:49 - mmengine - INFO - Epoch(train) [17][  95/1544]  lr: 2.0692e-03  eta: 2 days, 23:01:17  time: 3.7355  data_time: 0.0024  memory: 19777  grad_norm: 22.4152  loss: 5.3217  loss_text: 0.7775  loss_center: 2.9346  loss_reg_x: 0.9770  loss_reg_y: 0.6326
12/27 22:09:09 - mmengine - INFO - Epoch(train) [17][ 100/1544]  lr: 2.0692e-03  eta: 2 days, 23:01:53  time: 3.9919  data_time: 0.0023  memory: 19777  grad_norm: 22.8657  loss: 5.2244  loss_text: 0.7846  loss_center: 2.9216  loss_reg_x: 0.9391  loss_reg_y: 0.5792
12/27 22:09:26 - mmengine - INFO - Epoch(train) [17][ 105/1544]  lr: 2.0692e-03  eta: 2 days, 23:00:26  time: 3.7361  data_time: 0.0023  memory: 19777  grad_norm: 22.5745  loss: 5.1350  loss_text: 0.7277  loss_center: 2.9163  loss_reg_x: 0.7666  loss_reg_y: 0.7245
12/27 22:09:45 - mmengine - INFO - Epoch(train) [17][ 110/1544]  lr: 2.0692e-03  eta: 2 days, 22:59:49  time: 3.5600  data_time: 0.0024  memory: 19777  grad_norm: 25.0355  loss: 5.2126  loss_text: 0.7575  loss_center: 2.8653  loss_reg_x: 0.7873  loss_reg_y: 0.8025
12/27 22:10:02 - mmengine - INFO - Epoch(train) [17][ 115/1544]  lr: 2.0692e-03  eta: 2 days, 22:58:16  time: 3.5433  data_time: 0.0025  memory: 19777  grad_norm: 24.3607  loss: 5.3712  loss_text: 0.7965  loss_center: 2.8754  loss_reg_x: 0.8968  loss_reg_y: 0.8025
12/27 22:10:19 - mmengine - INFO - Epoch(train) [17][ 120/1544]  lr: 2.0692e-03  eta: 2 days, 22:56:38  time: 3.3907  data_time: 0.0024  memory: 19777  grad_norm: 27.6872  loss: 5.4770  loss_text: 0.8362  loss_center: 2.9429  loss_reg_x: 0.9661  loss_reg_y: 0.7318
12/27 22:10:36 - mmengine - INFO - Epoch(train) [17][ 125/1544]  lr: 2.0692e-03  eta: 2 days, 22:55:24  time: 3.4368  data_time: 0.0022  memory: 19777  grad_norm: 29.3251  loss: 5.4334  loss_text: 0.8845  loss_center: 2.9454  loss_reg_x: 0.9749  loss_reg_y: 0.6287
12/27 22:10:55 - mmengine - INFO - Epoch(train) [17][ 130/1544]  lr: 2.0692e-03  eta: 2 days, 22:55:05  time: 3.6307  data_time: 0.0024  memory: 19777  grad_norm: 27.6704  loss: 5.5265  loss_text: 1.0149  loss_center: 2.9234  loss_reg_x: 0.9479  loss_reg_y: 0.6402
12/27 22:11:13 - mmengine - INFO - Epoch(train) [17][ 135/1544]  lr: 2.0692e-03  eta: 2 days, 22:54:26  time: 3.7145  data_time: 0.0025  memory: 19777  grad_norm: 23.5072  loss: 5.4612  loss_text: 0.9628  loss_center: 2.9292  loss_reg_x: 0.9174  loss_reg_y: 0.6517
12/27 22:11:34 - mmengine - INFO - Epoch(train) [17][ 140/1544]  lr: 2.0692e-03  eta: 2 days, 22:55:43  time: 3.9524  data_time: 0.0024  memory: 19777  grad_norm: 19.3908  loss: 5.4987  loss_text: 0.8041  loss_center: 2.9576  loss_reg_x: 0.9368  loss_reg_y: 0.8001
12/27 22:11:52 - mmengine - INFO - Epoch(train) [17][ 145/1544]  lr: 2.0692e-03  eta: 2 days, 22:54:52  time: 3.9242  data_time: 0.0025  memory: 19777  grad_norm: 19.0818  loss: 5.3495  loss_text: 0.8087  loss_center: 2.9439  loss_reg_x: 0.8388  loss_reg_y: 0.7582
12/27 22:12:12 - mmengine - INFO - Epoch(train) [17][ 150/1544]  lr: 2.0692e-03  eta: 2 days, 22:55:13  time: 3.7861  data_time: 0.0027  memory: 19777  grad_norm: 21.7675  loss: 5.1501  loss_text: 0.7689  loss_center: 2.9365  loss_reg_x: 0.8917  loss_reg_y: 0.5529
12/27 22:12:29 - mmengine - INFO - Epoch(train) [17][ 155/1544]  lr: 2.0692e-03  eta: 2 days, 22:53:43  time: 3.6863  data_time: 0.0025  memory: 19777  grad_norm: 27.2851  loss: 5.3417  loss_text: 0.7915  loss_center: 2.9371  loss_reg_x: 1.0185  loss_reg_y: 0.5945
12/27 22:12:47 - mmengine - INFO - Epoch(train) [17][ 160/1544]  lr: 2.0692e-03  eta: 2 days, 22:52:49  time: 3.4989  data_time: 0.0024  memory: 19777  grad_norm: 25.6076  loss: 5.3048  loss_text: 0.8136  loss_center: 2.9282  loss_reg_x: 0.9367  loss_reg_y: 0.6263
12/27 22:13:06 - mmengine - INFO - Epoch(train) [17][ 165/1544]  lr: 2.0692e-03  eta: 2 days, 22:52:14  time: 3.6358  data_time: 0.0023  memory: 19777  grad_norm: 19.4913  loss: 5.0486  loss_text: 0.7794  loss_center: 2.9427  loss_reg_x: 0.7814  loss_reg_y: 0.5451
12/27 22:13:24 - mmengine - INFO - Epoch(train) [17][ 170/1544]  lr: 2.0692e-03  eta: 2 days, 22:51:46  time: 3.7015  data_time: 0.0025  memory: 19777  grad_norm: 19.6629  loss: 5.2327  loss_text: 0.8254  loss_center: 2.9544  loss_reg_x: 0.8810  loss_reg_y: 0.5719
12/27 22:13:43 - mmengine - INFO - Epoch(train) [17][ 175/1544]  lr: 2.0692e-03  eta: 2 days, 22:51:30  time: 3.7483  data_time: 0.0025  memory: 19777  grad_norm: 27.2224  loss: 5.4276  loss_text: 0.8931  loss_center: 2.9510  loss_reg_x: 0.9603  loss_reg_y: 0.6231
12/27 22:14:01 - mmengine - INFO - Epoch(train) [17][ 180/1544]  lr: 2.0692e-03  eta: 2 days, 22:50:52  time: 3.7209  data_time: 0.0023  memory: 19777  grad_norm: 27.4959  loss: 5.1994  loss_text: 0.8237  loss_center: 2.9393  loss_reg_x: 0.8225  loss_reg_y: 0.6140
12/27 22:14:20 - mmengine - INFO - Epoch(train) [17][ 185/1544]  lr: 2.0692e-03  eta: 2 days, 22:50:38  time: 3.7295  data_time: 0.0022  memory: 19777  grad_norm: 22.9272  loss: 5.1819  loss_text: 0.7559  loss_center: 2.9256  loss_reg_x: 0.8201  loss_reg_y: 0.6804
12/27 22:14:37 - mmengine - INFO - Epoch(train) [17][ 190/1544]  lr: 2.0692e-03  eta: 2 days, 22:49:11  time: 3.6038  data_time: 0.0023  memory: 19777  grad_norm: 25.5242  loss: 5.3316  loss_text: 0.7728  loss_center: 2.9309  loss_reg_x: 0.9482  loss_reg_y: 0.6797
12/27 22:14:55 - mmengine - INFO - Epoch(train) [17][ 195/1544]  lr: 2.0692e-03  eta: 2 days, 22:48:13  time: 3.4882  data_time: 0.0024  memory: 19777  grad_norm: 24.9413  loss: 5.3847  loss_text: 0.7561  loss_center: 2.9426  loss_reg_x: 1.0181  loss_reg_y: 0.6680
12/27 22:15:15 - mmengine - INFO - Epoch(train) [17][ 200/1544]  lr: 2.0692e-03  eta: 2 days, 22:48:44  time: 3.7896  data_time: 0.0024  memory: 19777  grad_norm: 33.1744  loss: 5.4857  loss_text: 0.8081  loss_center: 2.9409  loss_reg_x: 1.0325  loss_reg_y: 0.7043
12/27 22:15:33 - mmengine - INFO - Epoch(train) [17][ 205/1544]  lr: 2.0692e-03  eta: 2 days, 22:47:55  time: 3.8122  data_time: 0.0023  memory: 19777  grad_norm: 36.5408  loss: 5.3410  loss_text: 0.8490  loss_center: 2.9320  loss_reg_x: 0.9331  loss_reg_y: 0.6269
12/27 22:15:49 - mmengine - INFO - Epoch(train) [17][ 210/1544]  lr: 2.0692e-03  eta: 2 days, 22:45:16  time: 3.3238  data_time: 0.0024  memory: 19777  grad_norm: 25.6130  loss: 5.3049  loss_text: 0.8400  loss_center: 2.9380  loss_reg_x: 0.9421  loss_reg_y: 0.5848
12/27 22:16:07 - mmengine - INFO - Epoch(train) [17][ 215/1544]  lr: 2.0692e-03  eta: 2 days, 22:44:59  time: 3.4052  data_time: 0.0025  memory: 19777  grad_norm: 22.2452  loss: 5.3313  loss_text: 0.8537  loss_center: 2.9366  loss_reg_x: 0.9766  loss_reg_y: 0.5644
12/27 22:16:23 - mmengine - INFO - Epoch(train) [17][ 220/1544]  lr: 2.0692e-03  eta: 2 days, 22:42:17  time: 3.3915  data_time: 0.0024  memory: 19777  grad_norm: 21.0945  loss: 5.2527  loss_text: 0.8014  loss_center: 2.9224  loss_reg_x: 0.9389  loss_reg_y: 0.5899
12/27 22:16:39 - mmengine - INFO - Epoch(train) [17][ 225/1544]  lr: 2.0692e-03  eta: 2 days, 22:40:46  time: 3.1971  data_time: 0.0023  memory: 19777  grad_norm: 21.8300  loss: 5.3515  loss_text: 0.7854  loss_center: 2.9246  loss_reg_x: 0.9595  loss_reg_y: 0.6819
12/27 22:16:59 - mmengine - INFO - Epoch(train) [17][ 230/1544]  lr: 2.0692e-03  eta: 2 days, 22:41:14  time: 3.6936  data_time: 0.0024  memory: 19777  grad_norm: 24.1274  loss: 5.1985  loss_text: 0.7692  loss_center: 2.9269  loss_reg_x: 0.8246  loss_reg_y: 0.6778
12/27 22:17:19 - mmengine - INFO - Epoch(train) [17][ 235/1544]  lr: 2.0692e-03  eta: 2 days, 22:41:10  time: 3.9194  data_time: 0.0024  memory: 19777  grad_norm: 22.2033  loss: 4.9072  loss_text: 0.7311  loss_center: 2.9229  loss_reg_x: 0.6530  loss_reg_y: 0.6003
12/27 22:17:36 - mmengine - INFO - Epoch(train) [17][ 240/1544]  lr: 2.0692e-03  eta: 2 days, 22:40:11  time: 3.6894  data_time: 0.0025  memory: 19777  grad_norm: 19.5369  loss: 4.8926  loss_text: 0.7221  loss_center: 2.9159  loss_reg_x: 0.6593  loss_reg_y: 0.5953
12/27 22:17:53 - mmengine - INFO - Epoch(train) [17][ 245/1544]  lr: 2.0692e-03  eta: 2 days, 22:38:44  time: 3.4735  data_time: 0.0024  memory: 19777  grad_norm: 21.9420  loss: 5.2751  loss_text: 0.7836  loss_center: 2.9245  loss_reg_x: 0.8485  loss_reg_y: 0.7184
12/27 22:18:12 - mmengine - INFO - Epoch(train) [17][ 250/1544]  lr: 2.0692e-03  eta: 2 days, 22:38:30  time: 3.5918  data_time: 0.0024  memory: 19777  grad_norm: 28.7311  loss: 5.5715  loss_text: 0.8334  loss_center: 2.9435  loss_reg_x: 1.0009  loss_reg_y: 0.7938
12/27 22:18:30 - mmengine - INFO - Epoch(train) [17][ 255/1544]  lr: 2.0692e-03  eta: 2 days, 22:37:39  time: 3.6845  data_time: 0.0024  memory: 19777  grad_norm: 29.2093  loss: 5.4061  loss_text: 0.7846  loss_center: 2.9475  loss_reg_x: 0.9525  loss_reg_y: 0.7215
12/27 22:18:50 - mmengine - INFO - Epoch(train) [17][ 260/1544]  lr: 2.0692e-03  eta: 2 days, 22:37:48  time: 3.7458  data_time: 0.0023  memory: 19777  grad_norm: 22.7308  loss: 5.1674  loss_text: 0.7937  loss_center: 2.9276  loss_reg_x: 0.8351  loss_reg_y: 0.6110
12/27 22:19:07 - mmengine - INFO - Epoch(train) [17][ 265/1544]  lr: 2.0692e-03  eta: 2 days, 22:36:48  time: 3.7210  data_time: 0.0023  memory: 19777  grad_norm: 18.2107  loss: 5.0883  loss_text: 0.8076  loss_center: 2.9155  loss_reg_x: 0.8514  loss_reg_y: 0.5139
12/27 22:19:25 - mmengine - INFO - Epoch(train) [17][ 270/1544]  lr: 2.0692e-03  eta: 2 days, 22:35:26  time: 3.4757  data_time: 0.0023  memory: 19777  grad_norm: 17.9851  loss: 5.0281  loss_text: 0.7304  loss_center: 2.9107  loss_reg_x: 0.8350  loss_reg_y: 0.5519
12/27 22:19:43 - mmengine - INFO - Epoch(train) [17][ 275/1544]  lr: 2.0692e-03  eta: 2 days, 22:34:45  time: 3.5265  data_time: 0.0023  memory: 19777  grad_norm: 22.9393  loss: 5.0176  loss_text: 0.6934  loss_center: 2.9083  loss_reg_x: 0.8495  loss_reg_y: 0.5663
12/27 22:20:00 - mmengine - INFO - Epoch(train) [17][ 280/1544]  lr: 2.0692e-03  eta: 2 days, 22:33:25  time: 3.5316  data_time: 0.0025  memory: 19777  grad_norm: 23.6670  loss: 5.3109  loss_text: 0.7400  loss_center: 2.9304  loss_reg_x: 0.9868  loss_reg_y: 0.6538
12/27 22:20:17 - mmengine - INFO - Epoch(train) [17][ 285/1544]  lr: 2.0692e-03  eta: 2 days, 22:32:23  time: 3.4733  data_time: 0.0026  memory: 19777  grad_norm: 20.1538  loss: 5.3057  loss_text: 0.7883  loss_center: 2.9187  loss_reg_x: 0.9430  loss_reg_y: 0.6557
12/27 22:20:34 - mmengine - INFO - Epoch(train) [17][ 290/1544]  lr: 2.0692e-03  eta: 2 days, 22:31:00  time: 3.4623  data_time: 0.0024  memory: 19777  grad_norm: 19.2545  loss: 5.1936  loss_text: 0.8489  loss_center: 2.9103  loss_reg_x: 0.8608  loss_reg_y: 0.5735
12/27 22:20:53 - mmengine - INFO - Epoch(train) [17][ 295/1544]  lr: 2.0692e-03  eta: 2 days, 22:30:20  time: 3.5203  data_time: 0.0025  memory: 19777  grad_norm: 22.0956  loss: 5.4055  loss_text: 0.8046  loss_center: 2.9461  loss_reg_x: 0.9920  loss_reg_y: 0.6629
12/27 22:20:56 - mmengine - INFO - Exp name: fcenet_r50dcnv2_fpn_1500e_lsvt_ctw_pretrain_20251227_202521
12/27 22:21:09 - mmengine - INFO - Epoch(train) [17][ 300/1544]  lr: 2.0692e-03  eta: 2 days, 22:28:36  time: 3.4628  data_time: 0.0026  memory: 19777  grad_norm: 23.5337  loss: 5.2859  loss_text: 0.6899  loss_center: 2.9600  loss_reg_x: 0.9797  loss_reg_y: 0.6563
12/27 22:21:28 - mmengine - INFO - Epoch(train) [17][ 305/1544]  lr: 2.0692e-03  eta: 2 days, 22:28:27  time: 3.5476  data_time: 0.0025  memory: 19777  grad_norm: 22.5427  loss: 5.2557  loss_text: 0.7577  loss_center: 2.9504  loss_reg_x: 0.9018  loss_reg_y: 0.6458
12/27 22:21:46 - mmengine - INFO - Epoch(train) [17][ 310/1544]  lr: 2.0692e-03  eta: 2 days, 22:27:35  time: 3.6856  data_time: 0.0024  memory: 19777  grad_norm: 21.1791  loss: 5.4208  loss_text: 0.8436  loss_center: 2.9358  loss_reg_x: 1.0018  loss_reg_y: 0.6396
12/27 22:22:05 - mmengine - INFO - Epoch(train) [17][ 315/1544]  lr: 2.0692e-03  eta: 2 days, 22:27:25  time: 3.6838  data_time: 0.0024  memory: 19777  grad_norm: 17.9473  loss: 5.2904  loss_text: 0.7920  loss_center: 2.9229  loss_reg_x: 0.9530  loss_reg_y: 0.6225
12/27 22:22:24 - mmengine - INFO - Epoch(train) [17][ 320/1544]  lr: 2.0692e-03  eta: 2 days, 22:27:08  time: 3.7800  data_time: 0.0025  memory: 19777  grad_norm: 17.5594  loss: 5.1622  loss_text: 0.7816  loss_center: 2.9249  loss_reg_x: 0.8649  loss_reg_y: 0.5906
12/27 22:22:42 - mmengine - INFO - Epoch(train) [17][ 325/1544]  lr: 2.0692e-03  eta: 2 days, 22:26:45  time: 3.7437  data_time: 0.0024  memory: 19777  grad_norm: 18.5274  loss: 5.0974  loss_text: 0.7868  loss_center: 2.9352  loss_reg_x: 0.8422  loss_reg_y: 0.5333
12/27 22:23:01 - mmengine - INFO - Epoch(train) [17][ 330/1544]  lr: 2.0692e-03  eta: 2 days, 22:26:36  time: 3.7658  data_time: 0.0025  memory: 19777  grad_norm: 22.2278  loss: 5.2464  loss_text: 0.7989  loss_center: 2.9483  loss_reg_x: 0.9581  loss_reg_y: 0.5412
12/27 22:23:19 - mmengine - INFO - Epoch(train) [17][ 335/1544]  lr: 2.0692e-03  eta: 2 days, 22:25:43  time: 3.6815  data_time: 0.0026  memory: 19777  grad_norm: 21.6066  loss: 5.3919  loss_text: 0.7638  loss_center: 2.9451  loss_reg_x: 1.0379  loss_reg_y: 0.6451
12/27 22:23:37 - mmengine - INFO - Epoch(train) [17][ 340/1544]  lr: 2.0692e-03  eta: 2 days, 22:24:42  time: 3.5383  data_time: 0.0028  memory: 19777  grad_norm: 21.2320  loss: 5.2348  loss_text: 0.7243  loss_center: 2.9260  loss_reg_x: 0.9470  loss_reg_y: 0.6375
12/27 22:23:56 - mmengine - INFO - Epoch(train) [17][ 345/1544]  lr: 2.0692e-03  eta: 2 days, 22:24:55  time: 3.7225  data_time: 0.0026  memory: 19777  grad_norm: 24.9755  loss: 5.1888  loss_text: 0.7482  loss_center: 2.9383  loss_reg_x: 0.9164  loss_reg_y: 0.5860
12/27 22:24:15 - mmengine - INFO - Epoch(train) [17][ 350/1544]  lr: 2.0692e-03  eta: 2 days, 22:24:26  time: 3.8111  data_time: 0.0025  memory: 19777  grad_norm: 25.7808  loss: 5.3601  loss_text: 0.8071  loss_center: 2.9456  loss_reg_x: 0.9569  loss_reg_y: 0.6504
12/27 22:24:34 - mmengine - INFO - Epoch(train) [17][ 355/1544]  lr: 2.0692e-03  eta: 2 days, 22:24:17  time: 3.7486  data_time: 0.0026  memory: 19777  grad_norm: 27.5569  loss: 5.5889  loss_text: 0.9092  loss_center: 2.9519  loss_reg_x: 1.0433  loss_reg_y: 0.6845
12/27 22:24:53 - mmengine - INFO - Epoch(train) [17][ 360/1544]  lr: 2.0692e-03  eta: 2 days, 22:23:55  time: 3.7674  data_time: 0.0026  memory: 19777  grad_norm: 28.5406  loss: 5.6772  loss_text: 0.9041  loss_center: 2.9634  loss_reg_x: 1.0601  loss_reg_y: 0.7495
12/27 22:25:11 - mmengine - INFO - Epoch(train) [17][ 365/1544]  lr: 2.0692e-03  eta: 2 days, 22:23:18  time: 3.6903  data_time: 0.0025  memory: 19777  grad_norm: 27.4693  loss: 5.5671  loss_text: 0.8682  loss_center: 2.9511  loss_reg_x: 1.0111  loss_reg_y: 0.7367
12/27 22:25:29 - mmengine - INFO - Epoch(train) [17][ 370/1544]  lr: 2.0692e-03  eta: 2 days, 22:22:45  time: 3.6606  data_time: 0.0025  memory: 19777  grad_norm: 21.5113  loss: 5.2807  loss_text: 0.8016  loss_center: 2.9278  loss_reg_x: 0.8999  loss_reg_y: 0.6514
12/27 22:25:50 - mmengine - INFO - Epoch(train) [17][ 375/1544]  lr: 2.0692e-03  eta: 2 days, 22:23:50  time: 3.9479  data_time: 0.0026  memory: 19777  grad_norm: 20.4079  loss: 5.3296  loss_text: 0.7729  loss_center: 2.9200  loss_reg_x: 0.9290  loss_reg_y: 0.7077
12/27 22:26:08 - mmengine - INFO - Epoch(train) [17][ 380/1544]  lr: 2.0692e-03  eta: 2 days, 22:23:08  time: 3.9196  data_time: 0.0026  memory: 19777  grad_norm: 26.1988  loss: 5.3860  loss_text: 0.7839  loss_center: 2.9294  loss_reg_x: 0.9514  loss_reg_y: 0.7213
12/27 22:26:29 - mmengine - INFO - Epoch(train) [17][ 385/1544]  lr: 2.0692e-03  eta: 2 days, 22:24:04  time: 3.8974  data_time: 0.0027  memory: 19777  grad_norm: 23.5163  loss: 5.1809  loss_text: 0.7953  loss_center: 2.9443  loss_reg_x: 0.8294  loss_reg_y: 0.6120
12/27 22:26:47 - mmengine - INFO - Epoch(train) [17][ 390/1544]  lr: 2.0692e-03  eta: 2 days, 22:23:13  time: 3.8752  data_time: 0.0027  memory: 19777  grad_norm: 20.9248  loss: 5.2272  loss_text: 0.7975  loss_center: 2.9558  loss_reg_x: 0.9033  loss_reg_y: 0.5707
12/27 22:27:07 - mmengine - INFO - Epoch(train) [17][ 395/1544]  lr: 2.0692e-03  eta: 2 days, 22:23:42  time: 3.7969  data_time: 0.0025  memory: 19777  grad_norm: 24.0645  loss: 5.2504  loss_text: 0.7153  loss_center: 2.9382  loss_reg_x: 0.9322  loss_reg_y: 0.6647
12/27 22:27:25 - mmengine - INFO - Epoch(train) [17][ 400/1544]  lr: 2.0692e-03  eta: 2 days, 22:22:49  time: 3.7884  data_time: 0.0024  memory: 19777  grad_norm: 25.4494  loss: 5.2568  loss_text: 0.7569  loss_center: 2.9233  loss_reg_x: 0.9154  loss_reg_y: 0.6612
12/27 22:27:43 - mmengine - INFO - Epoch(train) [17][ 405/1544]  lr: 2.0692e-03  eta: 2 days, 22:22:06  time: 3.5842  data_time: 0.0029  memory: 19777  grad_norm: 23.2780  loss: 5.4720  loss_text: 0.8823  loss_center: 2.9295  loss_reg_x: 0.9869  loss_reg_y: 0.6733
12/27 22:28:02 - mmengine - INFO - Epoch(train) [17][ 410/1544]  lr: 2.0692e-03  eta: 2 days, 22:21:45  time: 3.6760  data_time: 0.0029  memory: 19777  grad_norm: 21.2157  loss: 5.4065  loss_text: 0.8518  loss_center: 2.9369  loss_reg_x: 0.9194  loss_reg_y: 0.6984
12/27 22:28:18 - mmengine - INFO - Epoch(train) [17][ 415/1544]  lr: 2.0692e-03  eta: 2 days, 22:20:01  time: 3.4957  data_time: 0.0025  memory: 19777  grad_norm: 20.6045  loss: 5.1487  loss_text: 0.7411  loss_center: 2.9271  loss_reg_x: 0.8574  loss_reg_y: 0.6232
12/27 22:28:35 - mmengine - INFO - Epoch(train) [17][ 420/1544]  lr: 2.0692e-03  eta: 2 days, 22:18:55  time: 3.3646  data_time: 0.0026  memory: 19777  grad_norm: 23.5212  loss: 5.4679  loss_text: 0.7552  loss_center: 2.9376  loss_reg_x: 0.9772  loss_reg_y: 0.7979
12/27 22:28:52 - mmengine - INFO - Epoch(train) [17][ 425/1544]  lr: 2.0692e-03  eta: 2 days, 22:17:28  time: 3.4146  data_time: 0.0026  memory: 19777  grad_norm: 30.6590  loss: 5.6311  loss_text: 0.7752  loss_center: 2.9530  loss_reg_x: 1.0271  loss_reg_y: 0.8757
12/27 22:29:10 - mmengine - INFO - Epoch(train) [17][ 430/1544]  lr: 2.0692e-03  eta: 2 days, 22:16:51  time: 3.4964  data_time: 0.0025  memory: 19777  grad_norm: 26.2736  loss: 5.3542  loss_text: 0.7541  loss_center: 2.9425  loss_reg_x: 0.9583  loss_reg_y: 0.6993
12/27 22:29:29 - mmengine - INFO - Epoch(train) [17][ 435/1544]  lr: 2.0692e-03  eta: 2 days, 22:16:35  time: 3.7024  data_time: 0.0025  memory: 19777  grad_norm: 21.9863  loss: 5.3105  loss_text: 0.7470  loss_center: 2.9427  loss_reg_x: 0.9644  loss_reg_y: 0.6564
12/27 22:29:49 - mmengine - INFO - Epoch(train) [17][ 440/1544]  lr: 2.0692e-03  eta: 2 days, 22:17:04  time: 3.8979  data_time: 0.0025  memory: 19777  grad_norm: 24.1298  loss: 5.3377  loss_text: 0.7653  loss_center: 2.9472  loss_reg_x: 0.9606  loss_reg_y: 0.6646
12/27 22:30:09 - mmengine - INFO - Epoch(train) [17][ 445/1544]  lr: 2.0692e-03  eta: 2 days, 22:17:23  time: 4.0005  data_time: 0.0029  memory: 19777  grad_norm: 25.2524  loss: 5.3144  loss_text: 0.8310  loss_center: 2.9401  loss_reg_x: 0.8820  loss_reg_y: 0.6613
12/27 22:30:29 - mmengine - INFO - Epoch(train) [17][ 450/1544]  lr: 2.0692e-03  eta: 2 days, 22:17:31  time: 3.9379  data_time: 0.0030  memory: 19777  grad_norm: 25.4581  loss: 5.2921  loss_text: 0.8484  loss_center: 2.9338  loss_reg_x: 0.8822  loss_reg_y: 0.6278
12/27 22:30:50 - mmengine - INFO - Epoch(train) [17][ 455/1544]  lr: 2.0692e-03  eta: 2 days, 22:18:37  time: 4.0790  data_time: 0.0024  memory: 19777  grad_norm: 24.2108  loss: 5.3507  loss_text: 0.7931  loss_center: 2.9359  loss_reg_x: 0.9660  loss_reg_y: 0.6559
12/27 22:31:08 - mmengine - INFO - Epoch(train) [17][ 460/1544]  lr: 2.0692e-03  eta: 2 days, 22:17:58  time: 3.9430  data_time: 0.0024  memory: 19777  grad_norm: 30.6553  loss: 5.7238  loss_text: 0.8373  loss_center: 2.9397  loss_reg_x: 1.1780  loss_reg_y: 0.7688
12/27 22:31:25 - mmengine - INFO - Epoch(train) [17][ 465/1544]  lr: 2.0692e-03  eta: 2 days, 22:16:34  time: 3.4962  data_time: 0.0025  memory: 19777  grad_norm: 34.6252  loss: 5.5747  loss_text: 0.8427  loss_center: 2.9348  loss_reg_x: 1.1234  loss_reg_y: 0.6737
12/27 22:31:42 - mmengine - INFO - Epoch(train) [17][ 470/1544]  lr: 2.0692e-03  eta: 2 days, 22:15:17  time: 3.3807  data_time: 0.0024  memory: 19777  grad_norm: 28.3031  loss: 5.3104  loss_text: 0.7991  loss_center: 2.9347  loss_reg_x: 0.9635  loss_reg_y: 0.6131
12/27 22:31:59 - mmengine - INFO - Epoch(train) [17][ 475/1544]  lr: 2.0692e-03  eta: 2 days, 22:14:10  time: 3.4304  data_time: 0.0023  memory: 19777  grad_norm: 27.3724  loss: 5.4817  loss_text: 0.8200  loss_center: 2.9375  loss_reg_x: 1.0595  loss_reg_y: 0.6648
12/27 22:32:20 - mmengine - INFO - Epoch(train) [17][ 480/1544]  lr: 2.0692e-03  eta: 2 days, 22:14:52  time: 3.7866  data_time: 0.0023  memory: 19777  grad_norm: 33.8434  loss: 5.4392  loss_text: 0.8042  loss_center: 2.9235  loss_reg_x: 1.0365  loss_reg_y: 0.6750
12/27 22:32:38 - mmengine - INFO - Epoch(train) [17][ 485/1544]  lr: 2.0692e-03  eta: 2 days, 22:14:03  time: 3.8404  data_time: 0.0027  memory: 19777  grad_norm: 31.9448  loss: 5.4125  loss_text: 0.7763  loss_center: 2.9302  loss_reg_x: 0.9941  loss_reg_y: 0.7118
12/27 22:32:56 - mmengine - INFO - Epoch(train) [17][ 490/1544]  lr: 2.0692e-03  eta: 2 days, 22:13:18  time: 3.5768  data_time: 0.0028  memory: 19777  grad_norm: 22.6000  loss: 5.2739  loss_text: 0.7561  loss_center: 2.9474  loss_reg_x: 0.8920  loss_reg_y: 0.6785
12/27 22:33:12 - mmengine - INFO - Epoch(train) [17][ 495/1544]  lr: 2.0692e-03  eta: 2 days, 22:11:43  time: 3.4390  data_time: 0.0025  memory: 19777  grad_norm: 20.2264  loss: 5.2825  loss_text: 0.7820  loss_center: 2.9415  loss_reg_x: 0.9151  loss_reg_y: 0.6439
12/27 22:33:33 - mmengine - INFO - Epoch(train) [17][ 500/1544]  lr: 2.0692e-03  eta: 2 days, 22:12:50  time: 3.7788  data_time: 0.0025  memory: 19777  grad_norm: 23.7613  loss: 5.7841  loss_text: 0.8831  loss_center: 2.9315  loss_reg_x: 1.1442  loss_reg_y: 0.8254
12/27 22:33:54 - mmengine - INFO - Epoch(train) [17][ 505/1544]  lr: 2.0692e-03  eta: 2 days, 22:13:21  time: 4.1584  data_time: 0.0025  memory: 19777  grad_norm: 28.2196  loss: 5.8036  loss_text: 0.9107  loss_center: 2.9336  loss_reg_x: 1.1724  loss_reg_y: 0.7869
12/27 22:34:12 - mmengine - INFO - Epoch(train) [17][ 510/1544]  lr: 2.0692e-03  eta: 2 days, 22:12:41  time: 3.8358  data_time: 0.0026  memory: 19777  grad_norm: 28.0835  loss: 5.2537  loss_text: 0.7929  loss_center: 2.9263  loss_reg_x: 0.9720  loss_reg_y: 0.5624
12/27 22:34:29 - mmengine - INFO - Epoch(train) [17][ 515/1544]  lr: 2.0692e-03  eta: 2 days, 22:11:36  time: 3.5415  data_time: 0.0026  memory: 19777  grad_norm: 23.2432  loss: 5.3358  loss_text: 0.7711  loss_center: 2.9239  loss_reg_x: 1.0028  loss_reg_y: 0.6380
12/27 22:34:49 - mmengine - INFO - Epoch(train) [17][ 520/1544]  lr: 2.0692e-03  eta: 2 days, 22:11:45  time: 3.6896  data_time: 0.0024  memory: 19777  grad_norm: 19.9039  loss: 5.3323  loss_text: 0.7491  loss_center: 2.9276  loss_reg_x: 0.9945  loss_reg_y: 0.6611
12/27 22:35:07 - mmengine - INFO - Epoch(train) [17][ 525/1544]  lr: 2.0692e-03  eta: 2 days, 22:11:16  time: 3.8014  data_time: 0.0024  memory: 19777  grad_norm: 19.0264  loss: 5.1302  loss_text: 0.7163  loss_center: 2.9309  loss_reg_x: 0.9012  loss_reg_y: 0.5817
12/27 22:35:24 - mmengine - INFO - Epoch(train) [17][ 530/1544]  lr: 2.0692e-03  eta: 2 days, 22:09:57  time: 3.5324  data_time: 0.0025  memory: 19777  grad_norm: 21.0526  loss: 5.3958  loss_text: 0.7767  loss_center: 2.9340  loss_reg_x: 1.0386  loss_reg_y: 0.6465
12/27 22:35:42 - mmengine - INFO - Epoch(train) [17][ 535/1544]  lr: 2.0692e-03  eta: 2 days, 22:09:19  time: 3.5057  data_time: 0.0027  memory: 19777  grad_norm: 24.7031  loss: 5.5757  loss_text: 0.8352  loss_center: 2.9363  loss_reg_x: 1.0543  loss_reg_y: 0.7500
12/27 22:36:00 - mmengine - INFO - Epoch(train) [17][ 540/1544]  lr: 2.0692e-03  eta: 2 days, 22:08:44  time: 3.6386  data_time: 0.0028  memory: 19777  grad_norm: 23.0404  loss: 5.4231  loss_text: 0.8601  loss_center: 2.9456  loss_reg_x: 0.9531  loss_reg_y: 0.6643
12/27 22:36:21 - mmengine - INFO - Epoch(train) [17][ 545/1544]  lr: 2.0692e-03  eta: 2 days, 22:09:12  time: 3.8406  data_time: 0.0026  memory: 19777  grad_norm: 19.7983  loss: 5.0417  loss_text: 0.7883  loss_center: 2.9393  loss_reg_x: 0.8210  loss_reg_y: 0.4931
12/27 22:36:41 - mmengine - INFO - Epoch(train) [17][ 550/1544]  lr: 2.0692e-03  eta: 2 days, 22:09:33  time: 4.0140  data_time: 0.0025  memory: 19777  grad_norm: 21.4649  loss: 5.0295  loss_text: 0.7258  loss_center: 2.9489  loss_reg_x: 0.8682  loss_reg_y: 0.4866
12/27 22:36:59 - mmengine - INFO - Epoch(train) [17][ 555/1544]  lr: 2.0692e-03  eta: 2 days, 22:08:56  time: 3.8133  data_time: 0.0025  memory: 19777  grad_norm: 20.8714  loss: 5.2149  loss_text: 0.7341  loss_center: 2.9523  loss_reg_x: 0.9447  loss_reg_y: 0.5837
12/27 22:37:16 - mmengine - INFO - Epoch(train) [17][ 560/1544]  lr: 2.0692e-03  eta: 2 days, 22:07:45  time: 3.5303  data_time: 0.0024  memory: 19777  grad_norm: 19.2457  loss: 5.2029  loss_text: 0.7502  loss_center: 2.9331  loss_reg_x: 0.9290  loss_reg_y: 0.5906
12/27 22:37:35 - mmengine - INFO - Epoch(train) [17][ 565/1544]  lr: 2.0692e-03  eta: 2 days, 22:07:28  time: 3.5917  data_time: 0.0023  memory: 19777  grad_norm: 18.8126  loss: 5.2524  loss_text: 0.7937  loss_center: 2.9366  loss_reg_x: 0.9025  loss_reg_y: 0.6196
12/27 22:37:53 - mmengine - INFO - Epoch(train) [17][ 570/1544]  lr: 2.0692e-03  eta: 2 days, 22:06:45  time: 3.6740  data_time: 0.0024  memory: 19777  grad_norm: 18.7373  loss: 5.2495  loss_text: 0.8098  loss_center: 2.9465  loss_reg_x: 0.8957  loss_reg_y: 0.5976
12/27 22:38:12 - mmengine - INFO - Epoch(train) [17][ 575/1544]  lr: 2.0692e-03  eta: 2 days, 22:06:40  time: 3.7131  data_time: 0.0025  memory: 19777  grad_norm: 22.0096  loss: 5.4280  loss_text: 0.9010  loss_center: 2.9468  loss_reg_x: 0.9967  loss_reg_y: 0.5836
12/27 22:38:28 - mmengine - INFO - Epoch(train) [17][ 580/1544]  lr: 2.0692e-03  eta: 2 days, 22:05:12  time: 3.5738  data_time: 0.0024  memory: 19777  grad_norm: 28.1497  loss: 5.7086  loss_text: 0.9390  loss_center: 2.9518  loss_reg_x: 1.1046  loss_reg_y: 0.7131
12/27 22:38:48 - mmengine - INFO - Epoch(train) [17][ 585/1544]  lr: 2.0692e-03  eta: 2 days, 22:05:28  time: 3.6363  data_time: 0.0023  memory: 19777  grad_norm: 26.5880  loss: 5.5769  loss_text: 0.8656  loss_center: 2.9494  loss_reg_x: 1.0464  loss_reg_y: 0.7155
12/27 22:39:04 - mmengine - INFO - Epoch(train) [17][ 590/1544]  lr: 2.0692e-03  eta: 2 days, 22:03:30  time: 3.5404  data_time: 0.0033  memory: 19777  grad_norm: 24.3677  loss: 5.2810  loss_text: 0.8089  loss_center: 2.9380  loss_reg_x: 0.8846  loss_reg_y: 0.6494
12/27 22:39:22 - mmengine - INFO - Epoch(train) [17][ 595/1544]  lr: 2.0692e-03  eta: 2 days, 22:03:10  time: 3.4272  data_time: 0.0034  memory: 19777  grad_norm: 23.4004  loss: 5.2825  loss_text: 0.8186  loss_center: 2.9397  loss_reg_x: 0.8857  loss_reg_y: 0.6385
12/27 22:39:41 - mmengine - INFO - Epoch(train) [17][ 600/1544]  lr: 2.0692e-03  eta: 2 days, 22:03:02  time: 3.7738  data_time: 0.0023  memory: 19777  grad_norm: 19.3288  loss: 5.3166  loss_text: 0.8080  loss_center: 2.9433  loss_reg_x: 0.9538  loss_reg_y: 0.6115
12/27 22:39:59 - mmengine - INFO - Epoch(train) [17][ 605/1544]  lr: 2.0692e-03  eta: 2 days, 22:02:01  time: 3.6460  data_time: 0.0023  memory: 19777  grad_norm: 18.8449  loss: 5.0660  loss_text: 0.7650  loss_center: 2.9338  loss_reg_x: 0.8111  loss_reg_y: 0.5561
12/27 22:40:18 - mmengine - INFO - Epoch(train) [17][ 610/1544]  lr: 2.0692e-03  eta: 2 days, 22:01:42  time: 3.6113  data_time: 0.0025  memory: 19777  grad_norm: 21.1423  loss: 5.1880  loss_text: 0.8469  loss_center: 2.9395  loss_reg_x: 0.7550  loss_reg_y: 0.6465
12/27 22:40:37 - mmengine - INFO - Epoch(train) [17][ 615/1544]  lr: 2.0692e-03  eta: 2 days, 22:01:47  time: 3.8206  data_time: 0.0027  memory: 19777  grad_norm: 23.4316  loss: 5.3498  loss_text: 0.8388  loss_center: 2.9347  loss_reg_x: 0.8527  loss_reg_y: 0.7236
12/27 22:40:54 - mmengine - INFO - Epoch(train) [17][ 620/1544]  lr: 2.0692e-03  eta: 2 days, 22:00:28  time: 3.6259  data_time: 0.0024  memory: 19777  grad_norm: 24.6757  loss: 5.3961  loss_text: 0.8869  loss_center: 2.9365  loss_reg_x: 0.9231  loss_reg_y: 0.6496
12/27 22:41:14 - mmengine - INFO - Epoch(train) [17][ 625/1544]  lr: 2.0692e-03  eta: 2 days, 22:00:41  time: 3.6503  data_time: 0.0024  memory: 19777  grad_norm: 21.8381  loss: 5.4709  loss_text: 0.8670  loss_center: 2.9640  loss_reg_x: 0.9599  loss_reg_y: 0.6800
12/27 22:41:32 - mmengine - INFO - Epoch(train) [17][ 630/1544]  lr: 2.0692e-03  eta: 2 days, 22:00:09  time: 3.8019  data_time: 0.0027  memory: 19777  grad_norm: 20.2146  loss: 5.3809  loss_text: 0.7204  loss_center: 2.9512  loss_reg_x: 0.8836  loss_reg_y: 0.8259
12/27 22:41:51 - mmengine - INFO - Epoch(train) [17][ 635/1544]  lr: 2.0692e-03  eta: 2 days, 22:00:15  time: 3.7840  data_time: 0.0027  memory: 19777  grad_norm: 21.3998  loss: 5.2775  loss_text: 0.7417  loss_center: 2.9284  loss_reg_x: 0.8439  loss_reg_y: 0.7636
12/27 22:42:09 - mmengine - INFO - Epoch(train) [17][ 640/1544]  lr: 2.0692e-03  eta: 2 days, 21:59:26  time: 3.7277  data_time: 0.0025  memory: 19777  grad_norm: 23.4540  loss: 5.3699  loss_text: 0.7702  loss_center: 2.9289  loss_reg_x: 0.9297  loss_reg_y: 0.7411
12/27 22:42:28 - mmengine - INFO - Epoch(train) [17][ 645/1544]  lr: 2.0692e-03  eta: 2 days, 21:59:27  time: 3.7091  data_time: 0.0024  memory: 19777  grad_norm: 27.5196  loss: 5.5100  loss_text: 0.7766  loss_center: 2.9342  loss_reg_x: 1.0648  loss_reg_y: 0.7345
12/27 22:42:49 - mmengine - INFO - Epoch(train) [17][ 650/1544]  lr: 2.0692e-03  eta: 2 days, 21:59:52  time: 3.9518  data_time: 0.0022  memory: 19777  grad_norm: 22.5235  loss: 5.2326  loss_text: 0.7580  loss_center: 2.9367  loss_reg_x: 0.9621  loss_reg_y: 0.5757
12/27 22:43:07 - mmengine - INFO - Epoch(train) [17][ 655/1544]  lr: 2.0692e-03  eta: 2 days, 21:59:30  time: 3.8760  data_time: 0.0023  memory: 19777  grad_norm: 22.4428  loss: 5.2178  loss_text: 0.7785  loss_center: 2.9384  loss_reg_x: 0.8704  loss_reg_y: 0.6305
12/27 22:43:25 - mmengine - INFO - Epoch(train) [17][ 660/1544]  lr: 2.0692e-03  eta: 2 days, 21:58:52  time: 3.6707  data_time: 0.0024  memory: 19777  grad_norm: 23.4263  loss: 5.4278  loss_text: 0.8297  loss_center: 2.9403  loss_reg_x: 1.0032  loss_reg_y: 0.6547
12/27 22:43:42 - mmengine - INFO - Epoch(train) [17][ 665/1544]  lr: 2.0692e-03  eta: 2 days, 21:57:42  time: 3.5146  data_time: 0.0024  memory: 19777  grad_norm: 19.0676  loss: 5.3925  loss_text: 0.8032  loss_center: 2.9471  loss_reg_x: 1.0478  loss_reg_y: 0.5944
12/27 22:44:00 - mmengine - INFO - Epoch(train) [17][ 670/1544]  lr: 2.0692e-03  eta: 2 days, 21:56:45  time: 3.4489  data_time: 0.0024  memory: 19777  grad_norm: 18.1440  loss: 5.1706  loss_text: 0.7559  loss_center: 2.9492  loss_reg_x: 0.9138  loss_reg_y: 0.5517
12/27 22:44:18 - mmengine - INFO - Epoch(train) [17][ 675/1544]  lr: 2.0692e-03  eta: 2 days, 21:56:03  time: 3.5410  data_time: 0.0023  memory: 19777  grad_norm: 18.0228  loss: 5.0137  loss_text: 0.7403  loss_center: 2.9362  loss_reg_x: 0.7898  loss_reg_y: 0.5474
12/27 22:44:36 - mmengine - INFO - Epoch(train) [17][ 680/1544]  lr: 2.0692e-03  eta: 2 days, 21:55:14  time: 3.5677  data_time: 0.0023  memory: 19777  grad_norm: 21.4389  loss: 5.4029  loss_text: 0.7844  loss_center: 2.9517  loss_reg_x: 0.9969  loss_reg_y: 0.6699
12/27 22:44:54 - mmengine - INFO - Epoch(train) [17][ 685/1544]  lr: 2.0692e-03  eta: 2 days, 21:54:40  time: 3.5924  data_time: 0.0041  memory: 19777  grad_norm: 22.0155  loss: 5.4701  loss_text: 0.7966  loss_center: 2.9562  loss_reg_x: 1.0310  loss_reg_y: 0.6863
12/27 22:45:13 - mmengine - INFO - Epoch(train) [17][ 690/1544]  lr: 2.0692e-03  eta: 2 days, 21:54:28  time: 3.7136  data_time: 0.0042  memory: 19777  grad_norm: 22.9749  loss: 5.0921  loss_text: 0.7298  loss_center: 2.9317  loss_reg_x: 0.8388  loss_reg_y: 0.5918
12/27 22:45:30 - mmengine - INFO - Epoch(train) [17][ 695/1544]  lr: 2.0692e-03  eta: 2 days, 21:53:30  time: 3.6317  data_time: 0.0024  memory: 19777  grad_norm: 24.6715  loss: 4.9391  loss_text: 0.6501  loss_center: 2.9313  loss_reg_x: 0.8181  loss_reg_y: 0.5396
12/27 22:45:48 - mmengine - INFO - Epoch(train) [17][ 700/1544]  lr: 2.0692e-03  eta: 2 days, 21:52:48  time: 3.5321  data_time: 0.0022  memory: 19777  grad_norm: 21.4484  loss: 5.0527  loss_text: 0.6907  loss_center: 2.9345  loss_reg_x: 0.8202  loss_reg_y: 0.6073
12/27 22:46:04 - mmengine - INFO - Epoch(train) [17][ 705/1544]  lr: 2.0692e-03  eta: 2 days, 21:51:21  time: 3.4354  data_time: 0.0022  memory: 19777  grad_norm: 20.1685  loss: 5.2460  loss_text: 0.7593  loss_center: 2.9349  loss_reg_x: 0.9082  loss_reg_y: 0.6436
12/27 22:46:22 - mmengine - INFO - Epoch(train) [17][ 710/1544]  lr: 2.0692e-03  eta: 2 days, 21:50:44  time: 3.4528  data_time: 0.0022  memory: 19777  grad_norm: 21.4150  loss: 5.2019  loss_text: 0.7525  loss_center: 2.9273  loss_reg_x: 0.9254  loss_reg_y: 0.5968
12/27 22:46:40 - mmengine - INFO - Epoch(train) [17][ 715/1544]  lr: 2.0692e-03  eta: 2 days, 21:50:04  time: 3.6099  data_time: 0.0024  memory: 19777  grad_norm: 22.7082  loss: 5.2637  loss_text: 0.7837  loss_center: 2.9152  loss_reg_x: 0.9228  loss_reg_y: 0.6419
12/27 22:47:00 - mmengine - INFO - Epoch(train) [17][ 720/1544]  lr: 2.0692e-03  eta: 2 days, 21:49:55  time: 3.7014  data_time: 0.0024  memory: 19777  grad_norm: 20.7447  loss: 5.1600  loss_text: 0.7831  loss_center: 2.9122  loss_reg_x: 0.8535  loss_reg_y: 0.6111
12/27 22:47:18 - mmengine - INFO - Epoch(train) [17][ 725/1544]  lr: 2.0692e-03  eta: 2 days, 21:49:31  time: 3.7520  data_time: 0.0025  memory: 19777  grad_norm: 23.8805  loss: 5.2179  loss_text: 0.7856  loss_center: 2.9395  loss_reg_x: 0.8366  loss_reg_y: 0.6562
12/27 22:47:35 - mmengine - INFO - Epoch(train) [17][ 730/1544]  lr: 2.0692e-03  eta: 2 days, 21:48:31  time: 3.5832  data_time: 0.0024  memory: 19777  grad_norm: 24.1723  loss: 5.4091  loss_text: 0.7788  loss_center: 2.9483  loss_reg_x: 0.9486  loss_reg_y: 0.7334
12/27 22:47:52 - mmengine - INFO - Epoch(train) [17][ 735/1544]  lr: 2.0692e-03  eta: 2 days, 21:47:09  time: 3.3881  data_time: 0.0024  memory: 19777  grad_norm: 23.8603  loss: 5.3349  loss_text: 0.7373  loss_center: 2.9332  loss_reg_x: 0.9641  loss_reg_y: 0.7003
12/27 22:48:09 - mmengine - INFO - Epoch(train) [17][ 740/1544]  lr: 2.0692e-03  eta: 2 days, 21:46:12  time: 3.3941  data_time: 0.0024  memory: 19777  grad_norm: 24.1818  loss: 5.2754  loss_text: 0.7548  loss_center: 2.9467  loss_reg_x: 0.9375  loss_reg_y: 0.6363
12/27 22:48:29 - mmengine - INFO - Epoch(train) [17][ 745/1544]  lr: 2.0692e-03  eta: 2 days, 21:46:11  time: 3.6686  data_time: 0.0023  memory: 19777  grad_norm: 21.9611  loss: 5.2614  loss_text: 0.8349  loss_center: 2.9496  loss_reg_x: 0.8600  loss_reg_y: 0.6169
12/27 22:48:47 - mmengine - INFO - Epoch(train) [17][ 750/1544]  lr: 2.0692e-03  eta: 2 days, 21:45:40  time: 3.7542  data_time: 0.0023  memory: 19777  grad_norm: 27.0510  loss: 5.3195  loss_text: 0.8618  loss_center: 2.9296  loss_reg_x: 0.8515  loss_reg_y: 0.6766
12/27 22:49:04 - mmengine - INFO - Epoch(train) [17][ 755/1544]  lr: 2.0692e-03  eta: 2 days, 21:44:49  time: 3.5832  data_time: 0.0023  memory: 19777  grad_norm: 28.2867  loss: 5.5045  loss_text: 0.8524  loss_center: 2.9385  loss_reg_x: 1.0377  loss_reg_y: 0.6759
12/27 22:49:21 - mmengine - INFO - Epoch(train) [17][ 760/1544]  lr: 2.0692e-03  eta: 2 days, 21:43:39  time: 3.4516  data_time: 0.0022  memory: 19777  grad_norm: 26.4453  loss: 5.6123  loss_text: 0.8791  loss_center: 2.9577  loss_reg_x: 1.0863  loss_reg_y: 0.6893
12/27 22:49:39 - mmengine - INFO - Epoch(train) [17][ 765/1544]  lr: 2.0692e-03  eta: 2 days, 21:42:41  time: 3.4281  data_time: 0.0023  memory: 19777  grad_norm: 23.4094  loss: 5.4092  loss_text: 0.8017  loss_center: 2.9399  loss_reg_x: 0.9877  loss_reg_y: 0.6799
12/27 22:49:58 - mmengine - INFO - Epoch(train) [17][ 770/1544]  lr: 2.0692e-03  eta: 2 days, 21:42:49  time: 3.6954  data_time: 0.0025  memory: 19777  grad_norm: 23.4081  loss: 5.1859  loss_text: 0.7172  loss_center: 2.9241  loss_reg_x: 0.9200  loss_reg_y: 0.6246
12/27 22:50:16 - mmengine - INFO - Epoch(train) [17][ 775/1544]  lr: 2.0692e-03  eta: 2 days, 21:42:11  time: 3.7603  data_time: 0.0024  memory: 19777  grad_norm: 25.1472  loss: 5.1272  loss_text: 0.7394  loss_center: 2.9303  loss_reg_x: 0.8470  loss_reg_y: 0.6105
12/27 22:50:34 - mmengine - INFO - Epoch(train) [17][ 780/1544]  lr: 2.0692e-03  eta: 2 days, 21:41:36  time: 3.6114  data_time: 0.0024  memory: 19777  grad_norm: 31.1003  loss: 5.4656  loss_text: 0.8385  loss_center: 2.9360  loss_reg_x: 0.9699  loss_reg_y: 0.7212
12/27 22:50:51 - mmengine - INFO - Epoch(train) [17][ 785/1544]  lr: 2.0692e-03  eta: 2 days, 21:40:21  time: 3.4844  data_time: 0.0026  memory: 19777  grad_norm: 30.7657  loss: 5.4125  loss_text: 0.8700  loss_center: 2.9258  loss_reg_x: 0.9276  loss_reg_y: 0.6890
12/27 22:51:08 - mmengine - INFO - Epoch(train) [17][ 790/1544]  lr: 2.0692e-03  eta: 2 days, 21:39:13  time: 3.3682  data_time: 0.0025  memory: 19777  grad_norm: 21.2442  loss: 5.0599  loss_text: 0.8194  loss_center: 2.9305  loss_reg_x: 0.7286  loss_reg_y: 0.5814
12/27 22:51:25 - mmengine - INFO - Epoch(train) [17][ 795/1544]  lr: 2.0692e-03  eta: 2 days, 21:37:53  time: 3.3505  data_time: 0.0025  memory: 19777  grad_norm: 18.7648  loss: 5.1281  loss_text: 0.7630  loss_center: 2.9385  loss_reg_x: 0.7704  loss_reg_y: 0.6562
12/27 22:51:45 - mmengine - INFO - Epoch(train) [17][ 800/1544]  lr: 2.0692e-03  eta: 2 days, 21:38:27  time: 3.7036  data_time: 0.0023  memory: 19777  grad_norm: 19.1027  loss: 5.3137  loss_text: 0.8043  loss_center: 2.9264  loss_reg_x: 0.9133  loss_reg_y: 0.6697
12/27 22:52:02 - mmengine - INFO - Epoch(train) [17][ 805/1544]  lr: 2.0692e-03  eta: 2 days, 21:37:09  time: 3.7093  data_time: 0.0022  memory: 19777  grad_norm: 21.8904  loss: 5.5274  loss_text: 0.8584  loss_center: 2.9429  loss_reg_x: 0.9960  loss_reg_y: 0.7302
12/27 22:52:20 - mmengine - INFO - Epoch(train) [17][ 810/1544]  lr: 2.0692e-03  eta: 2 days, 21:36:50  time: 3.5260  data_time: 0.0022  memory: 19777  grad_norm: 24.1060  loss: 5.5669  loss_text: 0.8194  loss_center: 2.9604  loss_reg_x: 1.0255  loss_reg_y: 0.7616
12/27 22:52:38 - mmengine - INFO - Epoch(train) [17][ 815/1544]  lr: 2.0692e-03  eta: 2 days, 21:36:09  time: 3.6536  data_time: 0.0023  memory: 19777  grad_norm: 23.7789  loss: 5.2925  loss_text: 0.7595  loss_center: 2.9344  loss_reg_x: 0.9591  loss_reg_y: 0.6395
12/27 22:52:57 - mmengine - INFO - Epoch(train) [17][ 820/1544]  lr: 2.0692e-03  eta: 2 days, 21:35:48  time: 3.6473  data_time: 0.0024  memory: 19777  grad_norm: 21.7996  loss: 5.1433  loss_text: 0.7339  loss_center: 2.9177  loss_reg_x: 0.8256  loss_reg_y: 0.6661
12/27 22:53:15 - mmengine - INFO - Epoch(train) [17][ 825/1544]  lr: 2.0692e-03  eta: 2 days, 21:35:13  time: 3.6679  data_time: 0.0024  memory: 19777  grad_norm: 20.9979  loss: 5.2277  loss_text: 0.7616  loss_center: 2.9272  loss_reg_x: 0.8108  loss_reg_y: 0.7281
12/27 22:53:32 - mmengine - INFO - Epoch(train) [17][ 830/1544]  lr: 2.0692e-03  eta: 2 days, 21:34:15  time: 3.5352  data_time: 0.0025  memory: 19777  grad_norm: 20.6923  loss: 5.2010  loss_text: 0.7210  loss_center: 2.9329  loss_reg_x: 0.8631  loss_reg_y: 0.6840
12/27 22:53:50 - mmengine - INFO - Epoch(train) [17][ 835/1544]  lr: 2.0692e-03  eta: 2 days, 21:33:37  time: 3.5248  data_time: 0.0025  memory: 19777  grad_norm: 19.3704  loss: 5.1926  loss_text: 0.7117  loss_center: 2.9253  loss_reg_x: 0.8608  loss_reg_y: 0.6947
12/27 22:54:07 - mmengine - INFO - Epoch(train) [17][ 840/1544]  lr: 2.0692e-03  eta: 2 days, 21:32:39  time: 3.5240  data_time: 0.0023  memory: 19777  grad_norm: 21.5175  loss: 5.2999  loss_text: 0.7387  loss_center: 2.9190  loss_reg_x: 0.9256  loss_reg_y: 0.7166
12/27 22:54:27 - mmengine - INFO - Epoch(train) [17][ 845/1544]  lr: 2.0692e-03  eta: 2 days, 21:32:48  time: 3.6915  data_time: 0.0023  memory: 19777  grad_norm: 23.1612  loss: 5.4325  loss_text: 0.8321  loss_center: 2.9265  loss_reg_x: 0.9704  loss_reg_y: 0.7034
12/27 22:54:45 - mmengine - INFO - Epoch(train) [17][ 850/1544]  lr: 2.0692e-03  eta: 2 days, 21:32:15  time: 3.7811  data_time: 0.0024  memory: 19777  grad_norm: 23.0034  loss: 5.4630  loss_text: 0.8733  loss_center: 2.9405  loss_reg_x: 0.9743  loss_reg_y: 0.6748
12/27 22:55:04 - mmengine - INFO - Epoch(train) [17][ 855/1544]  lr: 2.0692e-03  eta: 2 days, 21:31:51  time: 3.6600  data_time: 0.0024  memory: 19777  grad_norm: 21.3236  loss: 5.3740  loss_text: 0.7882  loss_center: 2.9408  loss_reg_x: 1.0153  loss_reg_y: 0.6297
12/27 22:55:23 - mmengine - INFO - Epoch(train) [17][ 860/1544]  lr: 2.0692e-03  eta: 2 days, 21:31:49  time: 3.7706  data_time: 0.0023  memory: 19777  grad_norm: 19.5554  loss: 5.2283  loss_text: 0.7754  loss_center: 2.9332  loss_reg_x: 0.9161  loss_reg_y: 0.6036
12/27 22:55:39 - mmengine - INFO - Epoch(train) [17][ 865/1544]  lr: 2.0692e-03  eta: 2 days, 21:30:29  time: 3.5692  data_time: 0.0024  memory: 19777  grad_norm: 19.3074  loss: 5.1436  loss_text: 0.7613  loss_center: 2.9538  loss_reg_x: 0.8151  loss_reg_y: 0.6135
12/27 22:55:57 - mmengine - INFO - Epoch(train) [17][ 870/1544]  lr: 2.0692e-03  eta: 2 days, 21:29:49  time: 3.4338  data_time: 0.0025  memory: 19777  grad_norm: 23.8945  loss: 5.2763  loss_text: 0.8038  loss_center: 2.9507  loss_reg_x: 0.9051  loss_reg_y: 0.6168
12/27 22:56:15 - mmengine - INFO - Epoch(train) [17][ 875/1544]  lr: 2.0692e-03  eta: 2 days, 21:29:01  time: 3.5500  data_time: 0.0026  memory: 19777  grad_norm: 25.7047  loss: 5.3425  loss_text: 0.8452  loss_center: 2.9301  loss_reg_x: 0.9441  loss_reg_y: 0.6232
12/27 22:56:31 - mmengine - INFO - Epoch(train) [17][ 880/1544]  lr: 2.0692e-03  eta: 2 days, 21:27:43  time: 3.4093  data_time: 0.0026  memory: 19777  grad_norm: 21.9341  loss: 5.3072  loss_text: 0.8024  loss_center: 2.9446  loss_reg_x: 0.8993  loss_reg_y: 0.6609
12/27 22:56:49 - mmengine - INFO - Epoch(train) [17][ 885/1544]  lr: 2.0692e-03  eta: 2 days, 21:27:02  time: 3.4339  data_time: 0.0025  memory: 19777  grad_norm: 23.0082  loss: 5.5967  loss_text: 0.8344  loss_center: 2.9387  loss_reg_x: 1.1484  loss_reg_y: 0.6753
12/27 22:57:05 - mmengine - INFO - Epoch(train) [17][ 890/1544]  lr: 2.0692e-03  eta: 2 days, 21:25:29  time: 3.3790  data_time: 0.0024  memory: 19777  grad_norm: 25.3200  loss: 5.5569  loss_text: 0.8127  loss_center: 2.9320  loss_reg_x: 1.1855  loss_reg_y: 0.6267
12/27 22:57:24 - mmengine - INFO - Epoch(train) [17][ 895/1544]  lr: 2.0692e-03  eta: 2 days, 21:25:21  time: 3.4974  data_time: 0.0025  memory: 19777  grad_norm: 29.4965  loss: 5.2995  loss_text: 0.7415  loss_center: 2.9530  loss_reg_x: 0.9924  loss_reg_y: 0.6126
12/27 22:57:42 - mmengine - INFO - Epoch(train) [17][ 900/1544]  lr: 2.0692e-03  eta: 2 days, 21:24:50  time: 3.7224  data_time: 0.0025  memory: 19777  grad_norm: 32.6442  loss: 5.5245  loss_text: 0.7788  loss_center: 2.9534  loss_reg_x: 1.1049  loss_reg_y: 0.6874
12/27 22:58:00 - mmengine - INFO - Epoch(train) [17][ 905/1544]  lr: 2.0692e-03  eta: 2 days, 21:24:14  time: 3.6181  data_time: 0.0024  memory: 19777  grad_norm: 26.9256  loss: 5.3972  loss_text: 0.7992  loss_center: 2.9385  loss_reg_x: 0.9886  loss_reg_y: 0.6709
12/27 22:58:19 - mmengine - INFO - Epoch(train) [17][ 910/1544]  lr: 2.0692e-03  eta: 2 days, 21:23:57  time: 3.6707  data_time: 0.0024  memory: 19777  grad_norm: 21.5264  loss: 5.1095  loss_text: 0.7679  loss_center: 2.9394  loss_reg_x: 0.8147  loss_reg_y: 0.5875
12/27 22:58:36 - mmengine - INFO - Epoch(train) [17][ 915/1544]  lr: 2.0692e-03  eta: 2 days, 21:22:54  time: 3.5727  data_time: 0.0026  memory: 19777  grad_norm: 19.5957  loss: 5.0755  loss_text: 0.7565  loss_center: 2.9403  loss_reg_x: 0.7935  loss_reg_y: 0.5852
12/27 22:58:55 - mmengine - INFO - Epoch(train) [17][ 920/1544]  lr: 2.0692e-03  eta: 2 days, 21:22:34  time: 3.5570  data_time: 0.0028  memory: 19777  grad_norm: 18.2256  loss: 5.0452  loss_text: 0.7425  loss_center: 2.9381  loss_reg_x: 0.7815  loss_reg_y: 0.5832
12/27 22:59:17 - mmengine - INFO - Epoch(train) [17][ 925/1544]  lr: 2.0692e-03  eta: 2 days, 21:23:58  time: 4.0986  data_time: 0.0025  memory: 19777  grad_norm: 20.1681  loss: 5.1441  loss_text: 0.7644  loss_center: 2.9373  loss_reg_x: 0.8687  loss_reg_y: 0.5736
12/27 22:59:35 - mmengine - INFO - Epoch(train) [17][ 930/1544]  lr: 2.0692e-03  eta: 2 days, 21:23:11  time: 4.0014  data_time: 0.0024  memory: 19777  grad_norm: 21.1890  loss: 5.1903  loss_text: 0.7723  loss_center: 2.9295  loss_reg_x: 0.9195  loss_reg_y: 0.5690
12/27 22:59:52 - mmengine - INFO - Epoch(train) [17][ 935/1544]  lr: 2.0692e-03  eta: 2 days, 21:22:06  time: 3.4502  data_time: 0.0026  memory: 19777  grad_norm: 21.1331  loss: 5.1554  loss_text: 0.7521  loss_center: 2.9262  loss_reg_x: 0.8877  loss_reg_y: 0.5894
12/27 23:00:10 - mmengine - INFO - Epoch(train) [17][ 940/1544]  lr: 2.0692e-03  eta: 2 days, 21:21:35  time: 3.5120  data_time: 0.0025  memory: 19777  grad_norm: 21.2412  loss: 5.2011  loss_text: 0.7568  loss_center: 2.9361  loss_reg_x: 0.8995  loss_reg_y: 0.6088
12/27 23:00:29 - mmengine - INFO - Epoch(train) [17][ 945/1544]  lr: 2.0692e-03  eta: 2 days, 21:21:26  time: 3.7194  data_time: 0.0024  memory: 19777  grad_norm: 20.9201  loss: 5.2747  loss_text: 0.7769  loss_center: 2.9436  loss_reg_x: 0.9448  loss_reg_y: 0.6094
12/27 23:00:48 - mmengine - INFO - Epoch(train) [17][ 950/1544]  lr: 2.0692e-03  eta: 2 days, 21:21:14  time: 3.7849  data_time: 0.0028  memory: 19777  grad_norm: 24.4026  loss: 5.4637  loss_text: 0.8310  loss_center: 2.9424  loss_reg_x: 1.0003  loss_reg_y: 0.6901
12/27 23:01:07 - mmengine - INFO - Epoch(train) [17][ 955/1544]  lr: 2.0692e-03  eta: 2 days, 21:21:13  time: 3.8171  data_time: 0.0030  memory: 19777  grad_norm: 25.2588  loss: 5.4495  loss_text: 0.8307  loss_center: 2.9257  loss_reg_x: 0.9907  loss_reg_y: 0.7023
12/27 23:01:25 - mmengine - INFO - Epoch(train) [17][ 960/1544]  lr: 2.0692e-03  eta: 2 days, 21:20:42  time: 3.7487  data_time: 0.0028  memory: 19777  grad_norm: 23.2463  loss: 5.0282  loss_text: 0.7567  loss_center: 2.9013  loss_reg_x: 0.7964  loss_reg_y: 0.5738
12/27 23:01:43 - mmengine - INFO - Epoch(train) [17][ 965/1544]  lr: 2.0692e-03  eta: 2 days, 21:19:53  time: 3.5689  data_time: 0.0025  memory: 19777  grad_norm: 24.4145  loss: 5.0365  loss_text: 0.7773  loss_center: 2.9152  loss_reg_x: 0.7910  loss_reg_y: 0.5528
12/27 23:02:00 - mmengine - INFO - Epoch(train) [17][ 970/1544]  lr: 2.0692e-03  eta: 2 days, 21:18:56  time: 3.4678  data_time: 0.0023  memory: 19777  grad_norm: 29.2495  loss: 5.3670  loss_text: 0.8494  loss_center: 2.9447  loss_reg_x: 0.9421  loss_reg_y: 0.6308
12/27 23:02:17 - mmengine - INFO - Epoch(train) [17][ 975/1544]  lr: 2.0692e-03  eta: 2 days, 21:18:10  time: 3.4783  data_time: 0.0026  memory: 19777  grad_norm: 28.3215  loss: 5.3360  loss_text: 0.8310  loss_center: 2.9470  loss_reg_x: 0.9290  loss_reg_y: 0.6290
12/27 23:02:36 - mmengine - INFO - Epoch(train) [17][ 980/1544]  lr: 2.0692e-03  eta: 2 days, 21:18:00  time: 3.6560  data_time: 0.0026  memory: 19777  grad_norm: 23.8294  loss: 5.3231  loss_text: 0.7721  loss_center: 2.9447  loss_reg_x: 0.8925  loss_reg_y: 0.7138
12/27 23:02:54 - mmengine - INFO - Epoch(train) [17][ 985/1544]  lr: 2.0692e-03  eta: 2 days, 21:17:09  time: 3.6372  data_time: 0.0024  memory: 19777  grad_norm: 28.3668  loss: 5.4936  loss_text: 0.7623  loss_center: 2.9564  loss_reg_x: 0.9582  loss_reg_y: 0.8167
12/27 23:03:10 - mmengine - INFO - Epoch(train) [17][ 990/1544]  lr: 2.0692e-03  eta: 2 days, 21:15:50  time: 3.3765  data_time: 0.0024  memory: 19777  grad_norm: 34.2425  loss: 5.4945  loss_text: 0.7516  loss_center: 2.9604  loss_reg_x: 0.9826  loss_reg_y: 0.8000
12/27 23:03:28 - mmengine - INFO - Epoch(train) [17][ 995/1544]  lr: 2.0692e-03  eta: 2 days, 21:15:20  time: 3.4508  data_time: 0.0023  memory: 19777  grad_norm: 34.2781  loss: 5.3896  loss_text: 0.7846  loss_center: 2.9343  loss_reg_x: 0.9559  loss_reg_y: 0.7147
12/27 23:03:46 - mmengine - INFO - Epoch(train) [17][1000/1544]  lr: 2.0692e-03  eta: 2 days, 21:14:28  time: 3.5523  data_time: 0.0023  memory: 19777  grad_norm: 32.4330  loss: 5.1785  loss_text: 0.7991  loss_center: 2.9195  loss_reg_x: 0.9067  loss_reg_y: 0.5532
12/27 23:04:04 - mmengine - INFO - Epoch(train) [17][1005/1544]  lr: 2.0692e-03  eta: 2 days, 21:13:55  time: 3.5442  data_time: 0.0024  memory: 19777  grad_norm: 30.0092  loss: 5.2452  loss_text: 0.7686  loss_center: 2.9300  loss_reg_x: 0.9467  loss_reg_y: 0.5999
12/27 23:04:22 - mmengine - INFO - Epoch(train) [17][1010/1544]  lr: 2.0692e-03  eta: 2 days, 21:13:33  time: 3.6581  data_time: 0.0024  memory: 19777  grad_norm: 24.4188  loss: 5.3041  loss_text: 0.7546  loss_center: 2.9295  loss_reg_x: 0.9907  loss_reg_y: 0.6293
12/27 23:04:40 - mmengine - INFO - Epoch(train) [17][1015/1544]  lr: 2.0692e-03  eta: 2 days, 21:12:56  time: 3.6416  data_time: 0.0023  memory: 19777  grad_norm: 22.2114  loss: 5.0569  loss_text: 0.7061  loss_center: 2.9299  loss_reg_x: 0.8672  loss_reg_y: 0.5538
12/27 23:04:57 - mmengine - INFO - Epoch(train) [17][1020/1544]  lr: 2.0692e-03  eta: 2 days, 21:11:57  time: 3.4966  data_time: 0.0022  memory: 19777  grad_norm: 22.6139  loss: 5.0747  loss_text: 0.7646  loss_center: 2.9246  loss_reg_x: 0.8224  loss_reg_y: 0.5631
12/27 23:05:16 - mmengine - INFO - Epoch(train) [17][1025/1544]  lr: 2.0692e-03  eta: 2 days, 21:11:42  time: 3.5816  data_time: 0.0023  memory: 19777  grad_norm: 20.2926  loss: 5.2169  loss_text: 0.7914  loss_center: 2.9198  loss_reg_x: 0.9468  loss_reg_y: 0.5589
12/27 23:05:32 - mmengine - INFO - Epoch(train) [17][1030/1544]  lr: 2.0692e-03  eta: 2 days, 21:10:17  time: 3.4821  data_time: 0.0024  memory: 19777  grad_norm: 20.2837  loss: 5.3153  loss_text: 0.7797  loss_center: 2.9372  loss_reg_x: 1.0185  loss_reg_y: 0.5798
12/27 23:05:51 - mmengine - INFO - Epoch(train) [17][1035/1544]  lr: 2.0692e-03  eta: 2 days, 21:09:53  time: 3.4472  data_time: 0.0024  memory: 19777  grad_norm: 25.2958  loss: 5.3975  loss_text: 0.8382  loss_center: 2.9493  loss_reg_x: 0.9875  loss_reg_y: 0.6224
12/27 23:06:06 - mmengine - INFO - Epoch(train) [17][1040/1544]  lr: 2.0692e-03  eta: 2 days, 21:08:18  time: 3.4078  data_time: 0.0025  memory: 19777  grad_norm: 23.8284  loss: 5.4839  loss_text: 0.8775  loss_center: 2.9414  loss_reg_x: 0.9799  loss_reg_y: 0.6852
12/27 23:06:23 - mmengine - INFO - Epoch(train) [17][1045/1544]  lr: 2.0692e-03  eta: 2 days, 21:07:26  time: 3.2956  data_time: 0.0024  memory: 19777  grad_norm: 19.5147  loss: 5.3902  loss_text: 0.8414  loss_center: 2.9471  loss_reg_x: 0.8964  loss_reg_y: 0.7053
12/27 23:06:41 - mmengine - INFO - Epoch(train) [17][1050/1544]  lr: 2.0692e-03  eta: 2 days, 21:06:51  time: 3.5267  data_time: 0.0022  memory: 19777  grad_norm: 28.1510  loss: 5.7041  loss_text: 1.0540  loss_center: 2.9518  loss_reg_x: 0.8405  loss_reg_y: 0.8578
12/27 23:07:01 - mmengine - INFO - Epoch(train) [17][1055/1544]  lr: 2.0692e-03  eta: 2 days, 21:06:49  time: 3.7218  data_time: 0.0023  memory: 19777  grad_norm: 29.4082  loss: 5.6123  loss_text: 1.0372  loss_center: 2.9299  loss_reg_x: 0.8777  loss_reg_y: 0.7675
12/27 23:07:18 - mmengine - INFO - Epoch(train) [17][1060/1544]  lr: 2.0692e-03  eta: 2 days, 21:06:04  time: 3.6819  data_time: 0.0024  memory: 19777  grad_norm: 22.6796  loss: 5.1367  loss_text: 0.7539  loss_center: 2.9284  loss_reg_x: 0.8915  loss_reg_y: 0.5628
12/27 23:07:37 - mmengine - INFO - Epoch(train) [17][1065/1544]  lr: 2.0692e-03  eta: 2 days, 21:05:56  time: 3.6584  data_time: 0.0028  memory: 19777  grad_norm: 20.7468  loss: 5.2844  loss_text: 0.7825  loss_center: 2.9368  loss_reg_x: 0.9050  loss_reg_y: 0.6601
12/27 23:07:56 - mmengine - INFO - Epoch(train) [17][1070/1544]  lr: 2.0692e-03  eta: 2 days, 21:05:29  time: 3.7271  data_time: 0.0029  memory: 19777  grad_norm: 18.3478  loss: 5.2380  loss_text: 0.7850  loss_center: 2.9273  loss_reg_x: 0.8748  loss_reg_y: 0.6510
12/27 23:08:13 - mmengine - INFO - Epoch(train) [17][1075/1544]  lr: 2.0692e-03  eta: 2 days, 21:04:37  time: 3.5554  data_time: 0.0024  memory: 19777  grad_norm: 21.9744  loss: 5.4391  loss_text: 0.8165  loss_center: 2.9366  loss_reg_x: 0.9460  loss_reg_y: 0.7401
12/27 23:08:33 - mmengine - INFO - Epoch(train) [17][1080/1544]  lr: 2.0692e-03  eta: 2 days, 21:04:53  time: 3.7263  data_time: 0.0024  memory: 19777  grad_norm: 29.8501  loss: 5.6152  loss_text: 0.8940  loss_center: 2.9436  loss_reg_x: 0.9997  loss_reg_y: 0.7779
12/27 23:08:52 - mmengine - INFO - Epoch(train) [17][1085/1544]  lr: 2.0692e-03  eta: 2 days, 21:04:53  time: 3.9292  data_time: 0.0024  memory: 19777  grad_norm: 29.4382  loss: 5.4077  loss_text: 0.8663  loss_center: 2.9400  loss_reg_x: 0.9217  loss_reg_y: 0.6797
12/27 23:09:09 - mmengine - INFO - Epoch(train) [17][1090/1544]  lr: 2.0692e-03  eta: 2 days, 21:03:47  time: 3.6071  data_time: 0.0022  memory: 19777  grad_norm: 20.5907  loss: 5.2019  loss_text: 0.7789  loss_center: 2.9386  loss_reg_x: 0.8459  loss_reg_y: 0.6386
12/27 23:09:27 - mmengine - INFO - Epoch(train) [17][1095/1544]  lr: 2.0692e-03  eta: 2 days, 21:03:10  time: 3.4595  data_time: 0.0022  memory: 19777  grad_norm: 19.3003  loss: 5.1394  loss_text: 0.7829  loss_center: 2.9313  loss_reg_x: 0.8097  loss_reg_y: 0.6155
12/27 23:09:44 - mmengine - INFO - Epoch(train) [17][1100/1544]  lr: 2.0692e-03  eta: 2 days, 21:02:10  time: 3.4804  data_time: 0.0028  memory: 19777  grad_norm: 19.9664  loss: 5.0228  loss_text: 0.7173  loss_center: 2.9267  loss_reg_x: 0.7519  loss_reg_y: 0.6269
12/27 23:10:01 - mmengine - INFO - Epoch(train) [17][1105/1544]  lr: 2.0692e-03  eta: 2 days, 21:01:24  time: 3.4443  data_time: 0.0028  memory: 19777  grad_norm: 22.7292  loss: 5.0761  loss_text: 0.6901  loss_center: 2.9421  loss_reg_x: 0.7924  loss_reg_y: 0.6515
12/27 23:10:17 - mmengine - INFO - Epoch(train) [17][1110/1544]  lr: 2.0692e-03  eta: 2 days, 21:00:04  time: 3.3689  data_time: 0.0023  memory: 19777  grad_norm: 24.4752  loss: 5.3450  loss_text: 0.7871  loss_center: 2.9582  loss_reg_x: 0.8988  loss_reg_y: 0.7010
12/27 23:10:35 - mmengine - INFO - Epoch(train) [17][1115/1544]  lr: 2.0692e-03  eta: 2 days, 20:59:17  time: 3.3623  data_time: 0.0026  memory: 19777  grad_norm: 21.7877  loss: 5.2551  loss_text: 0.7960  loss_center: 2.9312  loss_reg_x: 0.8801  loss_reg_y: 0.6478
12/27 23:10:54 - mmengine - INFO - Epoch(train) [17][1120/1544]  lr: 2.0692e-03  eta: 2 days, 20:59:20  time: 3.6879  data_time: 0.0025  memory: 19777  grad_norm: 24.2601  loss: 5.3832  loss_text: 0.8087  loss_center: 2.9149  loss_reg_x: 0.9305  loss_reg_y: 0.7290
12/27 23:11:11 - mmengine - INFO - Epoch(train) [17][1125/1544]  lr: 2.0692e-03  eta: 2 days, 20:58:28  time: 3.6705  data_time: 0.0025  memory: 19777  grad_norm: 24.9842  loss: 5.5223  loss_text: 0.8199  loss_center: 2.9368  loss_reg_x: 1.0338  loss_reg_y: 0.7319
12/27 23:11:30 - mmengine - INFO - Epoch(train) [17][1130/1544]  lr: 2.0692e-03  eta: 2 days, 20:58:08  time: 3.5770  data_time: 0.0025  memory: 19777  grad_norm: 26.5042  loss: 5.3514  loss_text: 0.8029  loss_center: 2.9456  loss_reg_x: 0.9572  loss_reg_y: 0.6457
12/27 23:11:47 - mmengine - INFO - Epoch(train) [17][1135/1544]  lr: 2.0692e-03  eta: 2 days, 20:57:05  time: 3.5337  data_time: 0.0023  memory: 19777  grad_norm: 29.1801  loss: 5.3272  loss_text: 0.8368  loss_center: 2.9379  loss_reg_x: 0.8740  loss_reg_y: 0.6786
12/27 23:12:06 - mmengine - INFO - Epoch(train) [17][1140/1544]  lr: 2.0692e-03  eta: 2 days, 20:57:11  time: 3.6362  data_time: 0.0023  memory: 19777  grad_norm: 28.3522  loss: 5.4451  loss_text: 0.8487  loss_center: 2.9354  loss_reg_x: 0.9666  loss_reg_y: 0.6945
12/27 23:12:25 - mmengine - INFO - Epoch(train) [17][1145/1544]  lr: 2.0692e-03  eta: 2 days, 20:56:56  time: 3.8292  data_time: 0.0023  memory: 19777  grad_norm: 25.5375  loss: 5.4843  loss_text: 0.8309  loss_center: 2.9374  loss_reg_x: 1.0175  loss_reg_y: 0.6985
12/27 23:12:44 - mmengine - INFO - Epoch(train) [17][1150/1544]  lr: 2.0692e-03  eta: 2 days, 20:56:50  time: 3.7837  data_time: 0.0024  memory: 19777  grad_norm: 20.6304  loss: 5.4099  loss_text: 0.8245  loss_center: 2.9341  loss_reg_x: 1.0149  loss_reg_y: 0.6364
12/27 23:13:02 - mmengine - INFO - Epoch(train) [17][1155/1544]  lr: 2.0692e-03  eta: 2 days, 20:56:04  time: 3.6554  data_time: 0.0025  memory: 19777  grad_norm: 19.0138  loss: 5.2228  loss_text: 0.7679  loss_center: 2.9470  loss_reg_x: 0.8758  loss_reg_y: 0.6321
12/27 23:13:22 - mmengine - INFO - Epoch(train) [17][1160/1544]  lr: 2.0692e-03  eta: 2 days, 20:56:35  time: 3.8054  data_time: 0.0024  memory: 19777  grad_norm: 19.3746  loss: 5.0860  loss_text: 0.7340  loss_center: 2.9483  loss_reg_x: 0.8020  loss_reg_y: 0.6017
12/27 23:13:40 - mmengine - INFO - Epoch(train) [17][1165/1544]  lr: 2.0692e-03  eta: 2 days, 20:56:06  time: 3.8754  data_time: 0.0032  memory: 19777  grad_norm: 25.7213  loss: 5.4403  loss_text: 0.8550  loss_center: 2.9542  loss_reg_x: 0.9805  loss_reg_y: 0.6506
12/27 23:13:57 - mmengine - INFO - Epoch(train) [17][1170/1544]  lr: 2.0692e-03  eta: 2 days, 20:54:50  time: 3.4415  data_time: 0.0032  memory: 19777  grad_norm: 27.0119  loss: 5.5834  loss_text: 0.8690  loss_center: 2.9618  loss_reg_x: 1.0421  loss_reg_y: 0.7105
12/27 23:14:15 - mmengine - INFO - Epoch(train) [17][1175/1544]  lr: 2.0692e-03  eta: 2 days, 20:54:33  time: 3.4873  data_time: 0.0023  memory: 19777  grad_norm: 22.0457  loss: 5.3181  loss_text: 0.7399  loss_center: 2.9466  loss_reg_x: 0.9968  loss_reg_y: 0.6348
12/27 23:14:32 - mmengine - INFO - Epoch(train) [17][1180/1544]  lr: 2.0692e-03  eta: 2 days, 20:53:21  time: 3.5048  data_time: 0.0023  memory: 19777  grad_norm: 22.5869  loss: 5.4630  loss_text: 0.8005  loss_center: 2.9459  loss_reg_x: 1.0235  loss_reg_y: 0.6932
12/27 23:14:50 - mmengine - INFO - Epoch(train) [17][1185/1544]  lr: 2.0692e-03  eta: 2 days, 20:52:56  time: 3.4738  data_time: 0.0025  memory: 19777  grad_norm: 19.6872  loss: 5.5100  loss_text: 0.8790  loss_center: 2.9353  loss_reg_x: 1.0110  loss_reg_y: 0.6847
12/27 23:15:07 - mmengine - INFO - Epoch(train) [17][1190/1544]  lr: 2.0692e-03  eta: 2 days, 20:51:51  time: 3.4985  data_time: 0.0025  memory: 19777  grad_norm: 22.1291  loss: 5.3725  loss_text: 0.8433  loss_center: 2.9306  loss_reg_x: 0.9532  loss_reg_y: 0.6455
12/27 23:15:24 - mmengine - INFO - Epoch(train) [17][1195/1544]  lr: 2.0692e-03  eta: 2 days, 20:51:01  time: 3.3941  data_time: 0.0022  memory: 19777  grad_norm: 23.7067  loss: 5.3763  loss_text: 0.8220  loss_center: 2.9286  loss_reg_x: 0.9614  loss_reg_y: 0.6643
12/27 23:15:41 - mmengine - INFO - Epoch(train) [17][1200/1544]  lr: 2.0692e-03  eta: 2 days, 20:49:58  time: 3.4018  data_time: 0.0023  memory: 19777  grad_norm: 22.5852  loss: 5.5145  loss_text: 0.8812  loss_center: 2.9339  loss_reg_x: 1.0193  loss_reg_y: 0.6800
12/27 23:16:01 - mmengine - INFO - Epoch(train) [17][1205/1544]  lr: 2.0692e-03  eta: 2 days, 20:50:09  time: 3.6527  data_time: 0.0025  memory: 19777  grad_norm: 25.2732  loss: 5.6445  loss_text: 0.8825  loss_center: 2.9430  loss_reg_x: 1.0970  loss_reg_y: 0.7219
12/27 23:16:18 - mmengine - INFO - Epoch(train) [17][1210/1544]  lr: 2.0692e-03  eta: 2 days, 20:49:16  time: 3.6907  data_time: 0.0025  memory: 19777  grad_norm: 22.0824  loss: 5.3558  loss_text: 0.7609  loss_center: 2.9357  loss_reg_x: 1.0110  loss_reg_y: 0.6481
12/27 23:16:35 - mmengine - INFO - Epoch(train) [17][1215/1544]  lr: 2.0692e-03  eta: 2 days, 20:48:20  time: 3.4137  data_time: 0.0023  memory: 19777  grad_norm: 17.1326  loss: 4.9242  loss_text: 0.6762  loss_center: 2.9231  loss_reg_x: 0.7853  loss_reg_y: 0.5395
12/27 23:16:53 - mmengine - INFO - Epoch(train) [17][1220/1544]  lr: 2.0692e-03  eta: 2 days, 20:47:57  time: 3.5401  data_time: 0.0025  memory: 19777  grad_norm: 19.4417  loss: 4.9462  loss_text: 0.7080  loss_center: 2.9162  loss_reg_x: 0.7594  loss_reg_y: 0.5627
12/27 23:17:11 - mmengine - INFO - Epoch(train) [17][1225/1544]  lr: 2.0692e-03  eta: 2 days, 20:47:33  time: 3.6750  data_time: 0.0026  memory: 19777  grad_norm: 25.9032  loss: 5.3930  loss_text: 0.7722  loss_center: 2.9327  loss_reg_x: 0.9735  loss_reg_y: 0.7145
12/27 23:17:29 - mmengine - INFO - Epoch(train) [17][1230/1544]  lr: 2.0692e-03  eta: 2 days, 20:46:40  time: 3.5484  data_time: 0.0025  memory: 19777  grad_norm: 22.9435  loss: 5.2267  loss_text: 0.7200  loss_center: 2.8721  loss_reg_x: 0.9669  loss_reg_y: 0.6677
12/27 23:17:47 - mmengine - INFO - Epoch(train) [17][1235/1544]  lr: 2.0692e-03  eta: 2 days, 20:46:14  time: 3.5370  data_time: 0.0024  memory: 19777  grad_norm: 19.0821  loss: 4.7703  loss_text: 0.6729  loss_center: 2.8562  loss_reg_x: 0.7349  loss_reg_y: 0.5063
12/27 23:18:07 - mmengine - INFO - Epoch(train) [17][1240/1544]  lr: 2.0692e-03  eta: 2 days, 20:46:44  time: 3.8841  data_time: 0.0024  memory: 19777  grad_norm: 28.1789  loss: 5.0241  loss_text: 0.7690  loss_center: 2.9231  loss_reg_x: 0.7711  loss_reg_y: 0.5608
12/27 23:18:25 - mmengine - INFO - Epoch(train) [17][1245/1544]  lr: 2.0692e-03  eta: 2 days, 20:45:57  time: 3.7957  data_time: 0.0025  memory: 19777  grad_norm: 27.1809  loss: 5.1755  loss_text: 0.7975  loss_center: 2.9529  loss_reg_x: 0.8351  loss_reg_y: 0.5901
12/27 23:18:43 - mmengine - INFO - Epoch(train) [17][1250/1544]  lr: 2.0692e-03  eta: 2 days, 20:45:36  time: 3.5833  data_time: 0.0024  memory: 19777  grad_norm: 26.9583  loss: 5.1999  loss_text: 0.7884  loss_center: 2.9543  loss_reg_x: 0.8989  loss_reg_y: 0.5583
12/27 23:19:00 - mmengine - INFO - Epoch(train) [17][1255/1544]  lr: 2.0692e-03  eta: 2 days, 20:44:43  time: 3.5547  data_time: 0.0024  memory: 19777  grad_norm: 27.6153  loss: 5.1594  loss_text: 0.7864  loss_center: 2.9197  loss_reg_x: 0.8457  loss_reg_y: 0.6077
12/27 23:19:20 - mmengine - INFO - Epoch(train) [17][1260/1544]  lr: 2.0692e-03  eta: 2 days, 20:44:56  time: 3.6996  data_time: 0.0024  memory: 19777  grad_norm: 24.4243  loss: 5.2581  loss_text: 0.7818  loss_center: 2.9278  loss_reg_x: 0.8790  loss_reg_y: 0.6696
12/27 23:19:38 - mmengine - INFO - Epoch(train) [17][1265/1544]  lr: 2.0692e-03  eta: 2 days, 20:44:26  time: 3.7994  data_time: 0.0024  memory: 19777  grad_norm: 25.5342  loss: 5.4185  loss_text: 0.8317  loss_center: 2.9500  loss_reg_x: 0.9812  loss_reg_y: 0.6555
12/27 23:19:56 - mmengine - INFO - Epoch(train) [17][1270/1544]  lr: 2.0692e-03  eta: 2 days, 20:43:44  time: 3.5644  data_time: 0.0040  memory: 19777  grad_norm: 25.7831  loss: 5.3075  loss_text: 0.8321  loss_center: 2.9458  loss_reg_x: 0.8563  loss_reg_y: 0.6733
12/27 23:20:14 - mmengine - INFO - Epoch(train) [17][1275/1544]  lr: 2.0692e-03  eta: 2 days, 20:43:15  time: 3.5684  data_time: 0.0040  memory: 19777  grad_norm: 28.5572  loss: 5.5007  loss_text: 0.8019  loss_center: 2.9439  loss_reg_x: 0.9768  loss_reg_y: 0.7781
12/27 23:20:33 - mmengine - INFO - Epoch(train) [17][1280/1544]  lr: 2.0692e-03  eta: 2 days, 20:43:00  time: 3.6835  data_time: 0.0024  memory: 19777  grad_norm: 25.3139  loss: 5.3620  loss_text: 0.8618  loss_center: 2.9330  loss_reg_x: 0.9071  loss_reg_y: 0.6601
12/27 23:20:52 - mmengine - INFO - Epoch(train) [17][1285/1544]  lr: 2.0692e-03  eta: 2 days, 20:43:01  time: 3.8084  data_time: 0.0023  memory: 19777  grad_norm: 20.1143  loss: 5.1644  loss_text: 0.8726  loss_center: 2.9110  loss_reg_x: 0.8221  loss_reg_y: 0.5587
12/27 23:21:08 - mmengine - INFO - Epoch(train) [17][1290/1544]  lr: 2.0692e-03  eta: 2 days, 20:41:51  time: 3.5756  data_time: 0.0023  memory: 19777  grad_norm: 22.7068  loss: 5.3944  loss_text: 0.8185  loss_center: 2.9230  loss_reg_x: 0.9859  loss_reg_y: 0.6669
12/27 23:21:28 - mmengine - INFO - Epoch(train) [17][1295/1544]  lr: 2.0692e-03  eta: 2 days, 20:41:48  time: 3.5581  data_time: 0.0023  memory: 19777  grad_norm: 24.9162  loss: 5.2894  loss_text: 0.7681  loss_center: 2.9402  loss_reg_x: 0.9263  loss_reg_y: 0.6548
12/27 23:21:31 - mmengine - INFO - Exp name: fcenet_r50dcnv2_fpn_1500e_lsvt_ctw_pretrain_20251227_202521
12/27 23:21:46 - mmengine - INFO - Epoch(train) [17][1300/1544]  lr: 2.0692e-03  eta: 2 days, 20:41:14  time: 3.7102  data_time: 0.0024  memory: 19777  grad_norm: 21.9943  loss: 5.1075  loss_text: 0.7241  loss_center: 2.9486  loss_reg_x: 0.8617  loss_reg_y: 0.5732
12/27 23:22:02 - mmengine - INFO - Epoch(train) [17][1305/1544]  lr: 2.0692e-03  eta: 2 days, 20:40:13  time: 3.4660  data_time: 0.0025  memory: 19777  grad_norm: 19.8813  loss: 5.1896  loss_text: 0.7450  loss_center: 2.9383  loss_reg_x: 0.9338  loss_reg_y: 0.5725
12/27 23:22:21 - mmengine - INFO - Epoch(train) [17][1310/1544]  lr: 2.0692e-03  eta: 2 days, 20:40:09  time: 3.5921  data_time: 0.0026  memory: 19777  grad_norm: 23.4592  loss: 5.2465  loss_text: 0.7351  loss_center: 2.9246  loss_reg_x: 0.9517  loss_reg_y: 0.6351
12/27 23:22:37 - mmengine - INFO - Epoch(train) [17][1315/1544]  lr: 2.0692e-03  eta: 2 days, 20:38:36  time: 3.4502  data_time: 0.0025  memory: 19777  grad_norm: 27.4039  loss: 5.3896  loss_text: 0.7751  loss_center: 2.9378  loss_reg_x: 0.9544  loss_reg_y: 0.7223
12/27 23:22:55 - mmengine - INFO - Epoch(train) [17][1320/1544]  lr: 2.0692e-03  eta: 2 days, 20:38:16  time: 3.3835  data_time: 0.0024  memory: 19777  grad_norm: 24.0928  loss: 5.3792  loss_text: 0.7680  loss_center: 2.9410  loss_reg_x: 0.9483  loss_reg_y: 0.7220
12/27 23:23:13 - mmengine - INFO - Epoch(train) [17][1325/1544]  lr: 2.0692e-03  eta: 2 days, 20:37:37  time: 3.6180  data_time: 0.0024  memory: 19777  grad_norm: 21.3900  loss: 5.3092  loss_text: 0.7793  loss_center: 2.9359  loss_reg_x: 0.9451  loss_reg_y: 0.6489
12/27 23:23:30 - mmengine - INFO - Epoch(train) [17][1330/1544]  lr: 2.0692e-03  eta: 2 days, 20:36:45  time: 3.4778  data_time: 0.0026  memory: 19777  grad_norm: 21.0034  loss: 5.2793  loss_text: 0.7996  loss_center: 2.9256  loss_reg_x: 0.8803  loss_reg_y: 0.6738
12/27 23:23:49 - mmengine - INFO - Epoch(train) [17][1335/1544]  lr: 2.0692e-03  eta: 2 days, 20:36:40  time: 3.6230  data_time: 0.0026  memory: 19777  grad_norm: 20.9733  loss: 5.2679  loss_text: 0.7464  loss_center: 2.9150  loss_reg_x: 0.8905  loss_reg_y: 0.7160
12/27 23:24:06 - mmengine - INFO - Epoch(train) [17][1340/1544]  lr: 2.0692e-03  eta: 2 days, 20:35:32  time: 3.5507  data_time: 0.0024  memory: 19777  grad_norm: 23.4049  loss: 5.4056  loss_text: 0.8136  loss_center: 2.9266  loss_reg_x: 0.9672  loss_reg_y: 0.6983
12/27 23:24:22 - mmengine - INFO - Epoch(train) [17][1345/1544]  lr: 2.0692e-03  eta: 2 days, 20:34:24  time: 3.2788  data_time: 0.0023  memory: 19777  grad_norm: 23.8578  loss: 5.3273  loss_text: 0.8344  loss_center: 2.9414  loss_reg_x: 0.9113  loss_reg_y: 0.6402
12/27 23:24:41 - mmengine - INFO - Epoch(train) [17][1350/1544]  lr: 2.0692e-03  eta: 2 days, 20:34:11  time: 3.5171  data_time: 0.0024  memory: 19777  grad_norm: 29.9360  loss: 5.4354  loss_text: 0.8693  loss_center: 2.9439  loss_reg_x: 0.9378  loss_reg_y: 0.6843
12/27 23:25:00 - mmengine - INFO - Epoch(train) [17][1355/1544]  lr: 2.0692e-03  eta: 2 days, 20:34:17  time: 3.8388  data_time: 0.0024  memory: 19777  grad_norm: 33.6582  loss: 5.8090  loss_text: 0.9197  loss_center: 2.9487  loss_reg_x: 1.0296  loss_reg_y: 0.9110
12/27 23:25:18 - mmengine - INFO - Epoch(train) [17][1360/1544]  lr: 2.0692e-03  eta: 2 days, 20:33:40  time: 3.7330  data_time: 0.0022  memory: 19777  grad_norm: 23.9960  loss: 5.4885  loss_text: 0.8017  loss_center: 2.9380  loss_reg_x: 0.9508  loss_reg_y: 0.7982
12/27 23:25:35 - mmengine - INFO - Epoch(train) [17][1365/1544]  lr: 2.0692e-03  eta: 2 days, 20:32:34  time: 3.4175  data_time: 0.0023  memory: 19777  grad_norm: 23.4562  loss: 5.3299  loss_text: 0.7755  loss_center: 2.9232  loss_reg_x: 0.9873  loss_reg_y: 0.6439
12/27 23:25:54 - mmengine - INFO - Epoch(train) [17][1370/1544]  lr: 2.0692e-03  eta: 2 days, 20:32:31  time: 3.5694  data_time: 0.0024  memory: 19777  grad_norm: 25.0419  loss: 5.3442  loss_text: 0.7862  loss_center: 2.9188  loss_reg_x: 0.9838  loss_reg_y: 0.6554
12/27 23:26:10 - mmengine - INFO - Epoch(train) [17][1375/1544]  lr: 2.0692e-03  eta: 2 days, 20:31:21  time: 3.5509  data_time: 0.0024  memory: 19777  grad_norm: 26.3283  loss: 5.2166  loss_text: 0.7621  loss_center: 2.9288  loss_reg_x: 0.9073  loss_reg_y: 0.6184
12/27 23:26:27 - mmengine - INFO - Epoch(train) [17][1380/1544]  lr: 2.0692e-03  eta: 2 days, 20:30:31  time: 3.3409  data_time: 0.0023  memory: 19777  grad_norm: 26.5484  loss: 5.6363  loss_text: 0.8045  loss_center: 2.9506  loss_reg_x: 1.1309  loss_reg_y: 0.7503
12/27 23:26:49 - mmengine - INFO - Epoch(train) [17][1385/1544]  lr: 2.0692e-03  eta: 2 days, 20:31:17  time: 3.8483  data_time: 0.0023  memory: 19777  grad_norm: 24.9352  loss: 5.7628  loss_text: 0.8215  loss_center: 2.9489  loss_reg_x: 1.1596  loss_reg_y: 0.8328
12/27 23:27:06 - mmengine - INFO - Epoch(train) [17][1390/1544]  lr: 2.0692e-03  eta: 2 days, 20:30:34  time: 3.8826  data_time: 0.0024  memory: 19777  grad_norm: 23.5970  loss: 5.2722  loss_text: 0.7524  loss_center: 2.9237  loss_reg_x: 0.9010  loss_reg_y: 0.6952
12/27 23:27:24 - mmengine - INFO - Epoch(train) [17][1395/1544]  lr: 2.0692e-03  eta: 2 days, 20:29:57  time: 3.5190  data_time: 0.0024  memory: 19777  grad_norm: 20.9961  loss: 5.1028  loss_text: 0.7236  loss_center: 2.9239  loss_reg_x: 0.8449  loss_reg_y: 0.6104
12/27 23:27:42 - mmengine - INFO - Epoch(train) [17][1400/1544]  lr: 2.0692e-03  eta: 2 days, 20:29:41  time: 3.6352  data_time: 0.0023  memory: 19777  grad_norm: 24.2821  loss: 5.2586  loss_text: 0.7536  loss_center: 2.9377  loss_reg_x: 0.8972  loss_reg_y: 0.6701
12/27 23:28:01 - mmengine - INFO - Epoch(train) [17][1405/1544]  lr: 2.0692e-03  eta: 2 days, 20:29:18  time: 3.6970  data_time: 0.0023  memory: 19777  grad_norm: 27.3419  loss: 5.2937  loss_text: 0.7344  loss_center: 2.9310  loss_reg_x: 0.9337  loss_reg_y: 0.6947
12/27 23:28:17 - mmengine - INFO - Epoch(train) [17][1410/1544]  lr: 2.0692e-03  eta: 2 days, 20:28:09  time: 3.4646  data_time: 0.0022  memory: 19777  grad_norm: 25.2900  loss: 5.3676  loss_text: 0.7980  loss_center: 2.9309  loss_reg_x: 0.9785  loss_reg_y: 0.6602
12/27 23:28:36 - mmengine - INFO - Epoch(train) [17][1415/1544]  lr: 2.0692e-03  eta: 2 days, 20:28:10  time: 3.5671  data_time: 0.0023  memory: 19777  grad_norm: 26.3602  loss: 5.5298  loss_text: 0.9563  loss_center: 2.9431  loss_reg_x: 0.9651  loss_reg_y: 0.6653
12/27 23:28:53 - mmengine - INFO - Epoch(train) [17][1420/1544]  lr: 2.0692e-03  eta: 2 days, 20:27:10  time: 3.6052  data_time: 0.0024  memory: 19777  grad_norm: 27.8239  loss: 5.4387  loss_text: 0.8782  loss_center: 2.9449  loss_reg_x: 0.9387  loss_reg_y: 0.6769
12/27 23:29:12 - mmengine - INFO - Epoch(train) [17][1425/1544]  lr: 2.0692e-03  eta: 2 days, 20:27:08  time: 3.5955  data_time: 0.0023  memory: 19777  grad_norm: 32.1620  loss: 5.4313  loss_text: 0.8159  loss_center: 2.9383  loss_reg_x: 0.9557  loss_reg_y: 0.7214
12/27 23:29:30 - mmengine - INFO - Epoch(train) [17][1430/1544]  lr: 2.0692e-03  eta: 2 days, 20:26:31  time: 3.6956  data_time: 0.0023  memory: 19777  grad_norm: 32.9005  loss: 5.4592  loss_text: 0.8609  loss_center: 2.9326  loss_reg_x: 0.9755  loss_reg_y: 0.6902
12/27 23:29:47 - mmengine - INFO - Epoch(train) [17][1435/1544]  lr: 2.0692e-03  eta: 2 days, 20:25:47  time: 3.5091  data_time: 0.0024  memory: 19777  grad_norm: 36.5762  loss: 5.5592  loss_text: 0.8476  loss_center: 2.9259  loss_reg_x: 1.0361  loss_reg_y: 0.7496
12/27 23:30:04 - mmengine - INFO - Epoch(train) [17][1440/1544]  lr: 2.0692e-03  eta: 2 days, 20:24:53  time: 3.4307  data_time: 0.0024  memory: 19777  grad_norm: 33.8302  loss: 5.5045  loss_text: 0.7955  loss_center: 2.9334  loss_reg_x: 1.0005  loss_reg_y: 0.7750
12/27 23:30:21 - mmengine - INFO - Epoch(train) [17][1445/1544]  lr: 2.0692e-03  eta: 2 days, 20:23:57  time: 3.3746  data_time: 0.0022  memory: 19777  grad_norm: 22.2145  loss: 5.3831  loss_text: 0.7269  loss_center: 2.9447  loss_reg_x: 1.0431  loss_reg_y: 0.6684
12/27 23:30:39 - mmengine - INFO - Epoch(train) [17][1450/1544]  lr: 2.0692e-03  eta: 2 days, 20:23:24  time: 3.4718  data_time: 0.0023  memory: 19777  grad_norm: 28.4283  loss: 5.5205  loss_text: 0.7832  loss_center: 2.9527  loss_reg_x: 1.0867  loss_reg_y: 0.6978
12/27 23:30:57 - mmengine - INFO - Epoch(train) [17][1455/1544]  lr: 2.0692e-03  eta: 2 days, 20:23:01  time: 3.6175  data_time: 0.0025  memory: 19777  grad_norm: 32.3427  loss: 5.5291  loss_text: 0.8545  loss_center: 2.9451  loss_reg_x: 1.0038  loss_reg_y: 0.7257
12/27 23:31:15 - mmengine - INFO - Epoch(train) [17][1460/1544]  lr: 2.0692e-03  eta: 2 days, 20:22:27  time: 3.6141  data_time: 0.0025  memory: 19777  grad_norm: 30.2023  loss: 5.7648  loss_text: 0.9227  loss_center: 2.9435  loss_reg_x: 1.1176  loss_reg_y: 0.7810
12/27 23:31:32 - mmengine - INFO - Epoch(train) [17][1465/1544]  lr: 2.0692e-03  eta: 2 days, 20:21:30  time: 3.4588  data_time: 0.0024  memory: 19777  grad_norm: 24.1404  loss: 5.5796  loss_text: 0.8851  loss_center: 2.9460  loss_reg_x: 1.0522  loss_reg_y: 0.6963
12/27 23:31:50 - mmengine - INFO - Epoch(train) [17][1470/1544]  lr: 2.0692e-03  eta: 2 days, 20:20:53  time: 3.4448  data_time: 0.0023  memory: 19777  grad_norm: 20.6332  loss: 5.3583  loss_text: 0.8303  loss_center: 2.9413  loss_reg_x: 0.9496  loss_reg_y: 0.6370
12/27 23:32:07 - mmengine - INFO - Epoch(train) [17][1475/1544]  lr: 2.0692e-03  eta: 2 days, 20:20:19  time: 3.5483  data_time: 0.0024  memory: 19777  grad_norm: 21.4975  loss: 5.4420  loss_text: 0.8814  loss_center: 2.9450  loss_reg_x: 0.9445  loss_reg_y: 0.6710
12/27 23:32:26 - mmengine - INFO - Epoch(train) [17][1480/1544]  lr: 2.0692e-03  eta: 2 days, 20:19:52  time: 3.5904  data_time: 0.0023  memory: 19777  grad_norm: 20.0015  loss: 5.3270  loss_text: 0.8276  loss_center: 2.9486  loss_reg_x: 0.8818  loss_reg_y: 0.6690
12/27 23:32:44 - mmengine - INFO - Epoch(train) [17][1485/1544]  lr: 2.0692e-03  eta: 2 days, 20:19:25  time: 3.6228  data_time: 0.0024  memory: 19777  grad_norm: 19.8607  loss: 5.3486  loss_text: 0.7590  loss_center: 2.9496  loss_reg_x: 0.9867  loss_reg_y: 0.6532
12/27 23:33:02 - mmengine - INFO - Epoch(train) [17][1490/1544]  lr: 2.0692e-03  eta: 2 days, 20:19:12  time: 3.6887  data_time: 0.0024  memory: 19777  grad_norm: 23.4184  loss: 5.5132  loss_text: 0.8301  loss_center: 2.9419  loss_reg_x: 1.1100  loss_reg_y: 0.6312
12/27 23:33:21 - mmengine - INFO - Epoch(train) [17][1495/1544]  lr: 2.0692e-03  eta: 2 days, 20:19:02  time: 3.7668  data_time: 0.0023  memory: 19777  grad_norm: 25.6895  loss: 5.4821  loss_text: 0.8841  loss_center: 2.9392  loss_reg_x: 1.0194  loss_reg_y: 0.6394
12/27 23:33:39 - mmengine - INFO - Epoch(train) [17][1500/1544]  lr: 2.0692e-03  eta: 2 days, 20:18:29  time: 3.6753  data_time: 0.0026  memory: 19777  grad_norm: 28.7677  loss: 5.6219  loss_text: 0.8428  loss_center: 2.9427  loss_reg_x: 1.1302  loss_reg_y: 0.7061
12/27 23:33:59 - mmengine - INFO - Epoch(train) [17][1505/1544]  lr: 2.0692e-03  eta: 2 days, 20:18:30  time: 3.7260  data_time: 0.0026  memory: 19777  grad_norm: 25.6840  loss: 5.5110  loss_text: 0.7698  loss_center: 2.9312  loss_reg_x: 1.1319  loss_reg_y: 0.6780
12/27 23:34:17 - mmengine - INFO - Epoch(train) [17][1510/1544]  lr: 2.0692e-03  eta: 2 days, 20:18:10  time: 3.7822  data_time: 0.0023  memory: 19777  grad_norm: 19.9423  loss: 5.3032  loss_text: 0.7735  loss_center: 2.9286  loss_reg_x: 0.9901  loss_reg_y: 0.6110
12/27 23:34:35 - mmengine - INFO - Epoch(train) [17][1515/1544]  lr: 2.0692e-03  eta: 2 days, 20:17:44  time: 3.6595  data_time: 0.0023  memory: 19777  grad_norm: 20.8224  loss: 5.3197  loss_text: 0.8503  loss_center: 2.9340  loss_reg_x: 0.9307  loss_reg_y: 0.6047
12/27 23:34:53 - mmengine - INFO - Epoch(train) [17][1520/1544]  lr: 2.0692e-03  eta: 2 days, 20:17:13  time: 3.6110  data_time: 0.0022  memory: 19777  grad_norm: 21.1109  loss: 5.0367  loss_text: 0.7857  loss_center: 2.9288  loss_reg_x: 0.7785  loss_reg_y: 0.5437
12/27 23:35:11 - mmengine - INFO - Epoch(train) [17][1525/1544]  lr: 2.0692e-03  eta: 2 days, 20:16:31  time: 3.5372  data_time: 0.0023  memory: 19777  grad_norm: 21.3513  loss: 5.0623  loss_text: 0.7098  loss_center: 2.9352  loss_reg_x: 0.8221  loss_reg_y: 0.5952
12/27 23:35:28 - mmengine - INFO - Epoch(train) [17][1530/1544]  lr: 2.0692e-03  eta: 2 days, 20:15:42  time: 3.4483  data_time: 0.0024  memory: 19777  grad_norm: 22.1177  loss: 5.3112  loss_text: 0.7676  loss_center: 2.9379  loss_reg_x: 0.8757  loss_reg_y: 0.7300
12/27 23:35:45 - mmengine - INFO - Epoch(train) [17][1535/1544]  lr: 2.0692e-03  eta: 2 days, 20:15:00  time: 3.4487  data_time: 0.0023  memory: 19777  grad_norm: 24.6884  loss: 5.2895  loss_text: 0.7672  loss_center: 2.9465  loss_reg_x: 0.8640  loss_reg_y: 0.7119
12/27 23:36:02 - mmengine - INFO - Epoch(train) [17][1540/1544]  lr: 2.0692e-03  eta: 2 days, 20:14:07  time: 3.4332  data_time: 0.0021  memory: 19777  grad_norm: 26.9528  loss: 5.7125  loss_text: 0.8759  loss_center: 2.9465  loss_reg_x: 0.9673  loss_reg_y: 0.9229
12/27 23:36:15 - mmengine - INFO - Exp name: fcenet_r50dcnv2_fpn_1500e_lsvt_ctw_pretrain_20251227_202521
12/27 23:36:38 - mmengine - INFO - Epoch(train) [18][   5/1544]  lr: 2.0259e-03  eta: 2 days, 20:14:23  time: 3.8859  data_time: 0.3805  memory: 19777  grad_norm: 26.4774  loss: 6.0522  loss_text: 0.9821  loss_center: 2.9390  loss_reg_x: 1.1109  loss_reg_y: 1.0202
12/27 23:36:56 - mmengine - INFO - Epoch(train) [18][  10/1544]  lr: 2.0259e-03  eta: 2 days, 20:13:59  time: 4.0455  data_time: 0.3805  memory: 19777  grad_norm: 21.4799  loss: 5.2969  loss_text: 0.7501  loss_center: 2.9345  loss_reg_x: 0.9003  loss_reg_y: 0.7121
12/27 23:37:13 - mmengine - INFO - Epoch(train) [18][  15/1544]  lr: 2.0259e-03  eta: 2 days, 20:13:18  time: 3.5715  data_time: 0.0023  memory: 19777  grad_norm: 18.5171  loss: 5.1300  loss_text: 0.7063  loss_center: 2.9430  loss_reg_x: 0.8308  loss_reg_y: 0.6499
12/27 23:37:32 - mmengine - INFO - Epoch(train) [18][  20/1544]  lr: 2.0259e-03  eta: 2 days, 20:13:01  time: 3.6019  data_time: 0.0024  memory: 19777  grad_norm: 18.1831  loss: 5.0127  loss_text: 0.7278  loss_center: 2.9284  loss_reg_x: 0.7734  loss_reg_y: 0.5832
12/27 23:37:48 - mmengine - INFO - Epoch(train) [18][  25/1544]  lr: 2.0259e-03  eta: 2 days, 20:11:48  time: 3.4518  data_time: 0.0024  memory: 19777  grad_norm: 20.0056  loss: 5.2794  loss_text: 0.8101  loss_center: 2.9420  loss_reg_x: 0.8782  loss_reg_y: 0.6490
12/27 23:38:06 - mmengine - INFO - Epoch(train) [18][  30/1544]  lr: 2.0259e-03  eta: 2 days, 20:11:25  time: 3.4236  data_time: 0.0023  memory: 19777  grad_norm: 22.2811  loss: 5.3424  loss_text: 0.8289  loss_center: 2.9470  loss_reg_x: 0.8954  loss_reg_y: 0.6711
12/27 23:38:25 - mmengine - INFO - Epoch(train) [18][  35/1544]  lr: 2.0259e-03  eta: 2 days, 20:11:06  time: 3.6762  data_time: 0.0024  memory: 19777  grad_norm: 23.0173  loss: 5.0225  loss_text: 0.7112  loss_center: 2.9255  loss_reg_x: 0.7640  loss_reg_y: 0.6218
12/27 23:38:42 - mmengine - INFO - Epoch(train) [18][  40/1544]  lr: 2.0259e-03  eta: 2 days, 20:10:31  time: 3.6198  data_time: 0.0023  memory: 19777  grad_norm: 23.2577  loss: 5.3688  loss_text: 0.7662  loss_center: 2.9353  loss_reg_x: 0.9288  loss_reg_y: 0.7385
12/27 23:39:01 - mmengine - INFO - Epoch(train) [18][  45/1544]  lr: 2.0259e-03  eta: 2 days, 20:10:16  time: 3.6389  data_time: 0.0023  memory: 19777  grad_norm: 22.2600  loss: 5.4840  loss_text: 0.8003  loss_center: 2.9370  loss_reg_x: 0.9836  loss_reg_y: 0.7631
12/27 23:39:18 - mmengine - INFO - Epoch(train) [18][  50/1544]  lr: 2.0259e-03  eta: 2 days, 20:09:24  time: 3.5536  data_time: 0.0024  memory: 19777  grad_norm: 25.5872  loss: 5.3813  loss_text: 0.7517  loss_center: 2.9258  loss_reg_x: 0.9700  loss_reg_y: 0.7338
12/27 23:39:36 - mmengine - INFO - Epoch(train) [18][  55/1544]  lr: 2.0259e-03  eta: 2 days, 20:09:02  time: 3.5219  data_time: 0.0024  memory: 19777  grad_norm: 28.3615  loss: 5.3715  loss_text: 0.7932  loss_center: 2.9241  loss_reg_x: 1.0152  loss_reg_y: 0.6390
12/27 23:39:53 - mmengine - INFO - Epoch(train) [18][  60/1544]  lr: 2.0259e-03  eta: 2 days, 20:08:02  time: 3.4858  data_time: 0.0025  memory: 19777  grad_norm: 24.4146  loss: 5.3061  loss_text: 0.7857  loss_center: 2.9288  loss_reg_x: 1.0063  loss_reg_y: 0.5853
12/27 23:40:10 - mmengine - INFO - Epoch(train) [18][  65/1544]  lr: 2.0259e-03  eta: 2 days, 20:07:14  time: 3.3585  data_time: 0.0025  memory: 19777  grad_norm: 26.9923  loss: 5.6511  loss_text: 0.8192  loss_center: 2.9429  loss_reg_x: 1.1474  loss_reg_y: 0.7415
12/27 23:40:27 - mmengine - INFO - Epoch(train) [18][  70/1544]  lr: 2.0259e-03  eta: 2 days, 20:06:35  time: 3.4624  data_time: 0.0023  memory: 19777  grad_norm: 28.8333  loss: 5.7085  loss_text: 0.8704  loss_center: 2.9596  loss_reg_x: 1.0873  loss_reg_y: 0.7912
12/27 23:40:47 - mmengine - INFO - Epoch(train) [18][  75/1544]  lr: 2.0259e-03  eta: 2 days, 20:06:43  time: 3.7279  data_time: 0.0024  memory: 19777  grad_norm: 22.4312  loss: 5.3342  loss_text: 0.7685  loss_center: 2.9544  loss_reg_x: 0.9014  loss_reg_y: 0.7099
12/27 23:41:09 - mmengine - INFO - Epoch(train) [18][  80/1544]  lr: 2.0259e-03  eta: 2 days, 20:07:30  time: 4.1338  data_time: 0.0025  memory: 19777  grad_norm: 17.4661  loss: 5.2300  loss_text: 0.7261  loss_center: 2.9353  loss_reg_x: 0.9197  loss_reg_y: 0.6490
12/27 23:41:26 - mmengine - INFO - Epoch(train) [18][  85/1544]  lr: 2.0259e-03  eta: 2 days, 20:06:43  time: 3.8754  data_time: 0.0024  memory: 19777  grad_norm: 19.2341  loss: 5.2934  loss_text: 0.7659  loss_center: 2.8629  loss_reg_x: 0.9708  loss_reg_y: 0.6938
12/27 23:41:42 - mmengine - INFO - Epoch(train) [18][  90/1544]  lr: 2.0259e-03  eta: 2 days, 20:05:46  time: 3.3775  data_time: 0.0024  memory: 19777  grad_norm: 21.4164  loss: 5.5282  loss_text: 0.8058  loss_center: 2.8895  loss_reg_x: 1.0215  loss_reg_y: 0.8114
12/27 23:42:00 - mmengine - INFO - Epoch(train) [18][  95/1544]  lr: 2.0259e-03  eta: 2 days, 20:05:14  time: 3.4473  data_time: 0.0023  memory: 19777  grad_norm: 19.9777  loss: 5.5271  loss_text: 0.8415  loss_center: 2.9510  loss_reg_x: 1.0119  loss_reg_y: 0.7227
12/27 23:42:20 - mmengine - INFO - Epoch(train) [18][ 100/1544]  lr: 2.0259e-03  eta: 2 days, 20:05:23  time: 3.7671  data_time: 0.0024  memory: 19777  grad_norm: 18.4791  loss: 5.3996  loss_text: 0.8499  loss_center: 2.9397  loss_reg_x: 0.9478  loss_reg_y: 0.6621
12/27 23:42:38 - mmengine - INFO - Epoch(train) [18][ 105/1544]  lr: 2.0259e-03  eta: 2 days, 20:04:48  time: 3.7508  data_time: 0.0024  memory: 19777  grad_norm: 17.6466  loss: 5.3868  loss_text: 0.8203  loss_center: 2.9536  loss_reg_x: 0.9237  loss_reg_y: 0.6892
12/27 23:42:56 - mmengine - INFO - Epoch(train) [18][ 110/1544]  lr: 2.0259e-03  eta: 2 days, 20:04:17  time: 3.5549  data_time: 0.0025  memory: 19777  grad_norm: 18.5450  loss: 5.1816  loss_text: 0.7206  loss_center: 2.9417  loss_reg_x: 0.8920  loss_reg_y: 0.6272
12/27 23:43:13 - mmengine - INFO - Epoch(train) [18][ 115/1544]  lr: 2.0259e-03  eta: 2 days, 20:03:42  time: 3.5546  data_time: 0.0025  memory: 19777  grad_norm: 23.4215  loss: 5.1504  loss_text: 0.6809  loss_center: 2.9347  loss_reg_x: 0.8976  loss_reg_y: 0.6371
12/27 23:43:31 - mmengine - INFO - Epoch(train) [18][ 120/1544]  lr: 2.0259e-03  eta: 2 days, 20:03:07  time: 3.5372  data_time: 0.0024  memory: 19777  grad_norm: 26.1735  loss: 5.2533  loss_text: 0.8691  loss_center: 2.9273  loss_reg_x: 0.8757  loss_reg_y: 0.5813
12/27 23:43:49 - mmengine - INFO - Epoch(train) [18][ 125/1544]  lr: 2.0259e-03  eta: 2 days, 20:02:32  time: 3.5389  data_time: 0.0024  memory: 19777  grad_norm: 25.5565  loss: 5.5701  loss_text: 1.0171  loss_center: 2.9307  loss_reg_x: 1.0152  loss_reg_y: 0.6071
12/27 23:44:08 - mmengine - INFO - Epoch(train) [18][ 130/1544]  lr: 2.0259e-03  eta: 2 days, 20:02:39  time: 3.7417  data_time: 0.0024  memory: 19777  grad_norm: 26.6134  loss: 5.6345  loss_text: 0.9464  loss_center: 2.9554  loss_reg_x: 1.0572  loss_reg_y: 0.6755
12/27 23:44:27 - mmengine - INFO - Epoch(train) [18][ 135/1544]  lr: 2.0259e-03  eta: 2 days, 20:02:14  time: 3.7892  data_time: 0.0024  memory: 19777  grad_norm: 24.3222  loss: 5.2390  loss_text: 0.7946  loss_center: 2.9481  loss_reg_x: 0.9051  loss_reg_y: 0.5912
12/27 23:44:44 - mmengine - INFO - Epoch(train) [18][ 140/1544]  lr: 2.0259e-03  eta: 2 days, 20:01:42  time: 3.5972  data_time: 0.0023  memory: 19777  grad_norm: 24.7879  loss: 5.2793  loss_text: 0.7540  loss_center: 2.9354  loss_reg_x: 0.9595  loss_reg_y: 0.6304
12/27 23:45:01 - mmengine - INFO - Epoch(train) [18][ 145/1544]  lr: 2.0259e-03  eta: 2 days, 20:00:47  time: 3.4515  data_time: 0.0022  memory: 19777  grad_norm: 26.2270  loss: 5.3587  loss_text: 0.7651  loss_center: 2.9321  loss_reg_x: 0.9766  loss_reg_y: 0.6850
12/27 23:45:17 - mmengine - INFO - Epoch(train) [18][ 150/1544]  lr: 2.0259e-03  eta: 2 days, 19:59:37  time: 3.2669  data_time: 0.0022  memory: 19777  grad_norm: 22.8523  loss: 5.0835  loss_text: 0.6646  loss_center: 2.9252  loss_reg_x: 0.8472  loss_reg_y: 0.6465
12/27 23:45:34 - mmengine - INFO - Epoch(train) [18][ 155/1544]  lr: 2.0259e-03  eta: 2 days, 19:58:56  time: 3.3309  data_time: 0.0023  memory: 19777  grad_norm: 20.1851  loss: 5.0138  loss_text: 0.6576  loss_center: 2.9284  loss_reg_x: 0.8220  loss_reg_y: 0.6058
12/27 23:45:51 - mmengine - INFO - Epoch(train) [18][ 160/1544]  lr: 2.0259e-03  eta: 2 days, 19:58:01  time: 3.4077  data_time: 0.0024  memory: 19777  grad_norm: 24.6271  loss: 5.1574  loss_text: 0.7092  loss_center: 2.9382  loss_reg_x: 0.8874  loss_reg_y: 0.6226
12/27 23:46:10 - mmengine - INFO - Epoch(train) [18][ 165/1544]  lr: 2.0259e-03  eta: 2 days, 19:57:46  time: 3.5371  data_time: 0.0041  memory: 19777  grad_norm: inf  loss: 5.3038  loss_text: 0.7980  loss_center: 2.9470  loss_reg_x: 0.9427  loss_reg_y: 0.6161
12/27 23:46:28 - mmengine - INFO - Epoch(train) [18][ 170/1544]  lr: 2.0259e-03  eta: 2 days, 19:57:13  time: 3.6385  data_time: 0.0040  memory: 19777  grad_norm: inf  loss: 5.3482  loss_text: 0.8558  loss_center: 2.9487  loss_reg_x: 0.9101  loss_reg_y: 0.6337
12/27 23:46:46 - mmengine - INFO - Epoch(train) [18][ 175/1544]  lr: 2.0259e-03  eta: 2 days, 19:56:46  time: 3.5793  data_time: 0.0027  memory: 19777  grad_norm: 28.6054  loss: 5.2960  loss_text: 0.8136  loss_center: 2.9298  loss_reg_x: 0.8690  loss_reg_y: 0.6835
12/27 23:47:03 - mmengine - INFO - Epoch(train) [18][ 180/1544]  lr: 2.0259e-03  eta: 2 days, 19:56:05  time: 3.5414  data_time: 0.0028  memory: 19777  grad_norm: 22.4750  loss: 5.2689  loss_text: 0.8007  loss_center: 2.9237  loss_reg_x: 0.9217  loss_reg_y: 0.6228
12/27 23:47:21 - mmengine - INFO - Epoch(train) [18][ 185/1544]  lr: 2.0259e-03  eta: 2 days, 19:55:31  time: 3.5048  data_time: 0.0024  memory: 19777  grad_norm: 19.5772  loss: 5.2866  loss_text: 0.7880  loss_center: 2.9315  loss_reg_x: 0.9211  loss_reg_y: 0.6460
12/27 23:47:37 - mmengine - INFO - Epoch(train) [18][ 190/1544]  lr: 2.0259e-03  eta: 2 days, 19:54:31  time: 3.4121  data_time: 0.0024  memory: 19777  grad_norm: 26.9452  loss: 5.6670  loss_text: 0.9243  loss_center: 2.9393  loss_reg_x: 0.9388  loss_reg_y: 0.8646
12/27 23:47:53 - mmengine - INFO - Epoch(train) [18][ 195/1544]  lr: 2.0259e-03  eta: 2 days, 19:53:31  time: 3.2816  data_time: 0.0022  memory: 19777  grad_norm: 28.3309  loss: 5.5790  loss_text: 0.9306  loss_center: 2.9346  loss_reg_x: 0.8662  loss_reg_y: 0.8477
12/27 23:48:10 - mmengine - INFO - Epoch(train) [18][ 200/1544]  lr: 2.0259e-03  eta: 2 days, 19:52:41  time: 3.3266  data_time: 0.0022  memory: 19777  grad_norm: 22.3882  loss: 5.1937  loss_text: 0.7770  loss_center: 2.9213  loss_reg_x: 0.8454  loss_reg_y: 0.6500
12/27 23:48:29 - mmengine - INFO - Epoch(train) [18][ 205/1544]  lr: 2.0259e-03  eta: 2 days, 19:52:21  time: 3.5276  data_time: 0.0023  memory: 19777  grad_norm: 21.6451  loss: 5.4123  loss_text: 0.8365  loss_center: 2.9340  loss_reg_x: 0.9830  loss_reg_y: 0.6588
12/27 23:48:46 - mmengine - INFO - Epoch(train) [18][ 210/1544]  lr: 2.0259e-03  eta: 2 days, 19:51:35  time: 3.5486  data_time: 0.0022  memory: 19777  grad_norm: 20.7292  loss: 5.4537  loss_text: 0.8985  loss_center: 2.9393  loss_reg_x: 0.9495  loss_reg_y: 0.6664
12/27 23:49:03 - mmengine - INFO - Epoch(train) [18][ 215/1544]  lr: 2.0259e-03  eta: 2 days, 19:50:52  time: 3.4314  data_time: 0.0022  memory: 19777  grad_norm: 22.1069  loss: 5.2305  loss_text: 0.8185  loss_center: 2.9432  loss_reg_x: 0.8324  loss_reg_y: 0.6364
12/27 23:49:22 - mmengine - INFO - Epoch(train) [18][ 220/1544]  lr: 2.0259e-03  eta: 2 days, 19:50:40  time: 3.6030  data_time: 0.0025  memory: 19777  grad_norm: 26.0510  loss: 5.3121  loss_text: 0.7815  loss_center: 2.9470  loss_reg_x: 0.9381  loss_reg_y: 0.6454
12/27 23:49:39 - mmengine - INFO - Epoch(train) [18][ 225/1544]  lr: 2.0259e-03  eta: 2 days, 19:49:59  time: 3.6112  data_time: 0.0026  memory: 19777  grad_norm: 31.6568  loss: 5.6303  loss_text: 0.8175  loss_center: 2.9442  loss_reg_x: 1.0641  loss_reg_y: 0.8045
12/27 23:49:57 - mmengine - INFO - Epoch(train) [18][ 230/1544]  lr: 2.0259e-03  eta: 2 days, 19:49:22  time: 3.4806  data_time: 0.0024  memory: 19777  grad_norm: 42.7122  loss: 5.5720  loss_text: 0.7926  loss_center: 2.9358  loss_reg_x: 1.0144  loss_reg_y: 0.8293
12/27 23:50:14 - mmengine - INFO - Epoch(train) [18][ 235/1544]  lr: 2.0259e-03  eta: 2 days, 19:48:50  time: 3.5291  data_time: 0.0023  memory: 19777  grad_norm: 43.9465  loss: 5.5653  loss_text: 0.8194  loss_center: 2.9473  loss_reg_x: 1.0213  loss_reg_y: 0.7773
12/27 23:50:32 - mmengine - INFO - Epoch(train) [18][ 240/1544]  lr: 2.0259e-03  eta: 2 days, 19:48:20  time: 3.5689  data_time: 0.0023  memory: 19777  grad_norm: 27.6171  loss: 5.3652  loss_text: 0.7938  loss_center: 2.9438  loss_reg_x: 0.9274  loss_reg_y: 0.7002
12/27 23:50:49 - mmengine - INFO - Epoch(train) [18][ 245/1544]  lr: 2.0259e-03  eta: 2 days, 19:47:33  time: 3.4898  data_time: 0.0023  memory: 19777  grad_norm: 22.7827  loss: 5.0945  loss_text: 0.7766  loss_center: 2.9309  loss_reg_x: 0.8396  loss_reg_y: 0.5474
12/27 23:51:07 - mmengine - INFO - Epoch(train) [18][ 250/1544]  lr: 2.0259e-03  eta: 2 days, 19:46:53  time: 3.4328  data_time: 0.0023  memory: 19777  grad_norm: 22.6698  loss: 5.0771  loss_text: 0.7568  loss_center: 2.9311  loss_reg_x: 0.8390  loss_reg_y: 0.5502
12/27 23:51:24 - mmengine - INFO - Epoch(train) [18][ 255/1544]  lr: 2.0259e-03  eta: 2 days, 19:46:04  time: 3.4224  data_time: 0.0023  memory: 19777  grad_norm: 19.4824  loss: 5.0806  loss_text: 0.6882  loss_center: 2.9343  loss_reg_x: 0.7643  loss_reg_y: 0.6937
12/27 23:51:42 - mmengine - INFO - Epoch(train) [18][ 260/1544]  lr: 2.0259e-03  eta: 2 days, 19:45:48  time: 3.5464  data_time: 0.0022  memory: 19777  grad_norm: 20.6730  loss: 5.1617  loss_text: 0.7720  loss_center: 2.9317  loss_reg_x: 0.7751  loss_reg_y: 0.6829
12/27 23:52:00 - mmengine - INFO - Epoch(train) [18][ 265/1544]  lr: 2.0259e-03  eta: 2 days, 19:45:10  time: 3.6016  data_time: 0.0023  memory: 19777  grad_norm: 21.9787  loss: 5.4556  loss_text: 0.8307  loss_center: 2.9256  loss_reg_x: 1.0163  loss_reg_y: 0.6830
12/27 23:52:18 - mmengine - INFO - Epoch(train) [18][ 270/1544]  lr: 2.0259e-03  eta: 2 days, 19:44:50  time: 3.5815  data_time: 0.0023  memory: 19777  grad_norm: 26.9646  loss: 5.7903  loss_text: 0.8783  loss_center: 2.9397  loss_reg_x: 1.1621  loss_reg_y: 0.8102
12/27 23:52:36 - mmengine - INFO - Epoch(train) [18][ 275/1544]  lr: 2.0259e-03  eta: 2 days, 19:44:33  time: 3.6889  data_time: 0.0022  memory: 19777  grad_norm: 34.7574  loss: 5.6183  loss_text: 0.8979  loss_center: 2.9428  loss_reg_x: 1.0300  loss_reg_y: 0.7477
12/27 23:52:55 - mmengine - INFO - Epoch(train) [18][ 280/1544]  lr: 2.0259e-03  eta: 2 days, 19:44:12  time: 3.6861  data_time: 0.0023  memory: 19777  grad_norm: 30.6404  loss: 5.3183  loss_text: 0.8363  loss_center: 2.9305  loss_reg_x: 0.8871  loss_reg_y: 0.6644
12/27 23:53:12 - mmengine - INFO - Epoch(train) [18][ 285/1544]  lr: 2.0259e-03  eta: 2 days, 19:43:33  time: 3.5719  data_time: 0.0024  memory: 19777  grad_norm: 20.4214  loss: 5.0929  loss_text: 0.7982  loss_center: 2.9341  loss_reg_x: 0.7518  loss_reg_y: 0.6088
12/27 23:53:30 - mmengine - INFO - Epoch(train) [18][ 290/1544]  lr: 2.0259e-03  eta: 2 days, 19:43:08  time: 3.5468  data_time: 0.0024  memory: 19777  grad_norm: 22.5323  loss: 5.1425  loss_text: 0.7791  loss_center: 2.9455  loss_reg_x: 0.7696  loss_reg_y: 0.6483
12/27 23:53:49 - mmengine - INFO - Epoch(train) [18][ 295/1544]  lr: 2.0259e-03  eta: 2 days, 19:42:48  time: 3.6443  data_time: 0.0024  memory: 19777  grad_norm: 24.3112  loss: 5.1038  loss_text: 0.7615  loss_center: 2.9284  loss_reg_x: 0.7677  loss_reg_y: 0.6462
12/27 23:54:09 - mmengine - INFO - Epoch(train) [18][ 300/1544]  lr: 2.0259e-03  eta: 2 days, 19:43:04  time: 3.8610  data_time: 0.0023  memory: 19777  grad_norm: 21.8167  loss: 5.0021  loss_text: 0.7489  loss_center: 2.9183  loss_reg_x: 0.7495  loss_reg_y: 0.5854
12/27 23:54:26 - mmengine - INFO - Epoch(train) [18][ 305/1544]  lr: 2.0259e-03  eta: 2 days, 19:42:25  time: 3.7641  data_time: 0.0023  memory: 19777  grad_norm: 25.9881  loss: 5.5543  loss_text: 0.8895  loss_center: 2.9552  loss_reg_x: 0.8681  loss_reg_y: 0.8416
12/27 23:54:45 - mmengine - INFO - Epoch(train) [18][ 310/1544]  lr: 2.0259e-03  eta: 2 days, 19:42:10  time: 3.5962  data_time: 0.0023  memory: 19777  grad_norm: 26.3640  loss: 5.5024  loss_text: 0.8603  loss_center: 2.9645  loss_reg_x: 0.8401  loss_reg_y: 0.8376
12/27 23:55:03 - mmengine - INFO - Epoch(train) [18][ 315/1544]  lr: 2.0259e-03  eta: 2 days, 19:41:36  time: 3.6256  data_time: 0.0024  memory: 19777  grad_norm: 20.7087  loss: 5.1498  loss_text: 0.7608  loss_center: 2.9299  loss_reg_x: 0.8637  loss_reg_y: 0.5954
12/27 23:55:23 - mmengine - INFO - Epoch(train) [18][ 320/1544]  lr: 2.0259e-03  eta: 2 days, 19:41:49  time: 3.7701  data_time: 0.0025  memory: 19777  grad_norm: 19.1418  loss: 5.2142  loss_text: 0.7813  loss_center: 2.9248  loss_reg_x: 0.9020  loss_reg_y: 0.6061
12/27 23:55:39 - mmengine - INFO - Epoch(train) [18][ 325/1544]  lr: 2.0259e-03  eta: 2 days, 19:40:48  time: 3.6306  data_time: 0.0024  memory: 19777  grad_norm: 20.0687  loss: 5.1521  loss_text: 0.7558  loss_center: 2.9459  loss_reg_x: 0.8276  loss_reg_y: 0.6228
12/27 23:55:57 - mmengine - INFO - Epoch(train) [18][ 330/1544]  lr: 2.0259e-03  eta: 2 days, 19:40:15  time: 3.3977  data_time: 0.0022  memory: 19777  grad_norm: 19.9862  loss: 5.0611  loss_text: 0.7539  loss_center: 2.9495  loss_reg_x: 0.7343  loss_reg_y: 0.6234
12/27 23:56:14 - mmengine - INFO - Epoch(train) [18][ 335/1544]  lr: 2.0259e-03  eta: 2 days, 19:39:31  time: 3.4766  data_time: 0.0024  memory: 19777  grad_norm: 21.8542  loss: 5.0111  loss_text: 0.7539  loss_center: 2.9211  loss_reg_x: 0.7194  loss_reg_y: 0.6167
12/27 23:56:34 - mmengine - INFO - Epoch(train) [18][ 340/1544]  lr: 2.0259e-03  eta: 2 days, 19:39:43  time: 3.7100  data_time: 0.0024  memory: 19777  grad_norm: 20.5739  loss: 5.0174  loss_text: 0.7550  loss_center: 2.9111  loss_reg_x: 0.7572  loss_reg_y: 0.5942
12/27 23:56:52 - mmengine - INFO - Epoch(train) [18][ 345/1544]  lr: 2.0259e-03  eta: 2 days, 19:39:31  time: 3.8820  data_time: 0.0023  memory: 19777  grad_norm: 21.5259  loss: 5.1953  loss_text: 0.7680  loss_center: 2.9321  loss_reg_x: 0.8948  loss_reg_y: 0.6003
12/27 23:57:10 - mmengine - INFO - Epoch(train) [18][ 350/1544]  lr: 2.0259e-03  eta: 2 days, 19:38:57  time: 3.6431  data_time: 0.0023  memory: 19777  grad_norm: 23.2327  loss: 5.3721  loss_text: 0.8150  loss_center: 2.9398  loss_reg_x: 1.0220  loss_reg_y: 0.5952
12/27 23:57:29 - mmengine - INFO - Epoch(train) [18][ 355/1544]  lr: 2.0259e-03  eta: 2 days, 19:38:45  time: 3.6399  data_time: 0.0023  memory: 19777  grad_norm: 18.9607  loss: 5.2755  loss_text: 0.8051  loss_center: 2.9214  loss_reg_x: 0.9315  loss_reg_y: 0.6175
12/27 23:57:45 - mmengine - INFO - Epoch(train) [18][ 360/1544]  lr: 2.0259e-03  eta: 2 days, 19:37:50  time: 3.5271  data_time: 0.0024  memory: 19777  grad_norm: 20.6050  loss: 5.2585  loss_text: 0.7411  loss_center: 2.9384  loss_reg_x: 0.9028  loss_reg_y: 0.6762
12/27 23:58:03 - mmengine - INFO - Epoch(train) [18][ 365/1544]  lr: 2.0259e-03  eta: 2 days, 19:37:10  time: 3.3832  data_time: 0.0024  memory: 19777  grad_norm: 22.1247  loss: 5.1879  loss_text: 0.7282  loss_center: 2.9507  loss_reg_x: 0.9247  loss_reg_y: 0.5844
12/27 23:58:22 - mmengine - INFO - Epoch(train) [18][ 370/1544]  lr: 2.0259e-03  eta: 2 days, 19:37:15  time: 3.6960  data_time: 0.0023  memory: 19777  grad_norm: 22.1548  loss: 5.1102  loss_text: 0.7904  loss_center: 2.9242  loss_reg_x: 0.8414  loss_reg_y: 0.5542
12/27 23:58:40 - mmengine - INFO - Epoch(train) [18][ 375/1544]  lr: 2.0259e-03  eta: 2 days, 19:36:38  time: 3.7134  data_time: 0.0023  memory: 19777  grad_norm: 21.1551  loss: 5.0605  loss_text: 0.7644  loss_center: 2.9259  loss_reg_x: 0.7523  loss_reg_y: 0.6178
12/27 23:58:57 - mmengine - INFO - Epoch(train) [18][ 380/1544]  lr: 2.0259e-03  eta: 2 days, 19:35:54  time: 3.4560  data_time: 0.0023  memory: 19777  grad_norm: 19.2066  loss: 5.1506  loss_text: 0.7258  loss_center: 2.9417  loss_reg_x: 0.8201  loss_reg_y: 0.6630
12/27 23:59:15 - mmengine - INFO - Epoch(train) [18][ 385/1544]  lr: 2.0259e-03  eta: 2 days, 19:35:38  time: 3.5612  data_time: 0.0022  memory: 19777  grad_norm: 22.6534  loss: 5.3771  loss_text: 0.7781  loss_center: 2.9335  loss_reg_x: 0.9901  loss_reg_y: 0.6754
12/27 23:59:33 - mmengine - INFO - Epoch(train) [18][ 390/1544]  lr: 2.0259e-03  eta: 2 days, 19:35:03  time: 3.6109  data_time: 0.0023  memory: 19777  grad_norm: 26.1387  loss: 5.2454  loss_text: 0.7522  loss_center: 2.9259  loss_reg_x: 0.9456  loss_reg_y: 0.6218
12/27 23:59:51 - mmengine - INFO - Epoch(train) [18][ 395/1544]  lr: 2.0259e-03  eta: 2 days, 19:34:32  time: 3.5356  data_time: 0.0025  memory: 19777  grad_norm: 23.8494  loss: 5.0683  loss_text: 0.7195  loss_center: 2.9347  loss_reg_x: 0.8349  loss_reg_y: 0.5792
12/28 00:00:07 - mmengine - INFO - Epoch(train) [18][ 400/1544]  lr: 2.0259e-03  eta: 2 days, 19:33:36  time: 3.4239  data_time: 0.0025  memory: 19777  grad_norm: 22.4543  loss: 5.3896  loss_text: 0.8194  loss_center: 2.9413  loss_reg_x: 0.9645  loss_reg_y: 0.6643
12/28 00:00:25 - mmengine - INFO - Epoch(train) [18][ 405/1544]  lr: 2.0259e-03  eta: 2 days, 19:33:11  time: 3.4542  data_time: 0.0025  memory: 19777  grad_norm: 23.2460  loss: 5.3955  loss_text: 0.8197  loss_center: 2.9251  loss_reg_x: 0.9503  loss_reg_y: 0.7004
12/28 00:00:41 - mmengine - INFO - Epoch(train) [18][ 410/1544]  lr: 2.0259e-03  eta: 2 days, 19:32:01  time: 3.3758  data_time: 0.0024  memory: 19777  grad_norm: 29.1128  loss: 5.5853  loss_text: 0.8139  loss_center: 2.9283  loss_reg_x: 1.0758  loss_reg_y: 0.7674
12/28 00:00:59 - mmengine - INFO - Epoch(train) [18][ 415/1544]  lr: 2.0259e-03  eta: 2 days, 19:31:27  time: 3.3286  data_time: 0.0023  memory: 19777  grad_norm: 27.9706  loss: 5.5109  loss_text: 0.8033  loss_center: 2.9352  loss_reg_x: 1.0469  loss_reg_y: 0.7255
12/28 00:01:16 - mmengine - INFO - Epoch(train) [18][ 420/1544]  lr: 2.0259e-03  eta: 2 days, 19:30:44  time: 3.4704  data_time: 0.0025  memory: 19777  grad_norm: 22.3630  loss: 5.2351  loss_text: 0.8298  loss_center: 2.9278  loss_reg_x: 0.8997  loss_reg_y: 0.5778
12/28 00:01:33 - mmengine - INFO - Epoch(train) [18][ 425/1544]  lr: 2.0259e-03  eta: 2 days, 19:29:55  time: 3.3906  data_time: 0.0024  memory: 19777  grad_norm: 22.6989  loss: 5.1949  loss_text: 0.8338  loss_center: 2.9369  loss_reg_x: 0.8562  loss_reg_y: 0.5680
12/28 00:01:50 - mmengine - INFO - Epoch(train) [18][ 430/1544]  lr: 2.0259e-03  eta: 2 days, 19:29:17  time: 3.4181  data_time: 0.0026  memory: 19777  grad_norm: 21.6764  loss: 4.9743  loss_text: 0.7364  loss_center: 2.9345  loss_reg_x: 0.7059  loss_reg_y: 0.5976
12/28 00:02:07 - mmengine - INFO - Epoch(train) [18][ 435/1544]  lr: 2.0259e-03  eta: 2 days, 19:28:32  time: 3.4336  data_time: 0.0026  memory: 19777  grad_norm: 21.2432  loss: 5.1479  loss_text: 0.7684  loss_center: 2.9359  loss_reg_x: 0.7967  loss_reg_y: 0.6470
12/28 00:02:27 - mmengine - INFO - Epoch(train) [18][ 440/1544]  lr: 2.0259e-03  eta: 2 days, 19:28:43  time: 3.7004  data_time: 0.0026  memory: 19777  grad_norm: 21.0686  loss: 5.2123  loss_text: 0.7811  loss_center: 2.9332  loss_reg_x: 0.8752  loss_reg_y: 0.6229
12/28 00:02:45 - mmengine - INFO - Epoch(train) [18][ 445/1544]  lr: 2.0259e-03  eta: 2 days, 19:28:21  time: 3.8247  data_time: 0.0025  memory: 19777  grad_norm: 26.7258  loss: 5.3658  loss_text: 0.8395  loss_center: 2.9224  loss_reg_x: 0.9006  loss_reg_y: 0.7032
12/28 00:03:01 - mmengine - INFO - Epoch(train) [18][ 450/1544]  lr: 2.0259e-03  eta: 2 days, 19:27:08  time: 3.3683  data_time: 0.0024  memory: 19777  grad_norm: 32.6297  loss: 5.4901  loss_text: 0.8264  loss_center: 2.9315  loss_reg_x: 0.9582  loss_reg_y: 0.7740
12/28 00:03:19 - mmengine - INFO - Epoch(train) [18][ 455/1544]  lr: 2.0259e-03  eta: 2 days, 19:26:51  time: 3.3932  data_time: 0.0025  memory: 19777  grad_norm: 28.0345  loss: 5.5466  loss_text: 0.8091  loss_center: 2.9432  loss_reg_x: 1.0633  loss_reg_y: 0.7309
12/28 00:03:36 - mmengine - INFO - Epoch(train) [18][ 460/1544]  lr: 2.0259e-03  eta: 2 days, 19:26:10  time: 3.5711  data_time: 0.0025  memory: 19777  grad_norm: 23.5863  loss: 5.6611  loss_text: 0.8161  loss_center: 2.9454  loss_reg_x: 1.1044  loss_reg_y: 0.7952
12/28 00:03:55 - mmengine - INFO - Epoch(train) [18][ 465/1544]  lr: 2.0259e-03  eta: 2 days, 19:26:07  time: 3.6473  data_time: 0.0024  memory: 19777  grad_norm: 30.6343  loss: 5.4822  loss_text: 0.8090  loss_center: 2.9395  loss_reg_x: 0.9619  loss_reg_y: 0.7717
12/28 00:04:15 - mmengine - INFO - Epoch(train) [18][ 470/1544]  lr: 2.0259e-03  eta: 2 days, 19:26:00  time: 3.8267  data_time: 0.0025  memory: 19777  grad_norm: 26.4375  loss: 5.1895  loss_text: 0.7871  loss_center: 2.9295  loss_reg_x: 0.8420  loss_reg_y: 0.6309
12/28 00:04:31 - mmengine - INFO - Epoch(train) [18][ 475/1544]  lr: 2.0259e-03  eta: 2 days, 19:25:12  time: 3.5852  data_time: 0.0025  memory: 19777  grad_norm: 22.3283  loss: 5.2188  loss_text: 0.7439  loss_center: 2.9368  loss_reg_x: 0.9390  loss_reg_y: 0.5991
12/28 00:04:49 - mmengine - INFO - Epoch(train) [18][ 480/1544]  lr: 2.0259e-03  eta: 2 days, 19:24:42  time: 3.4599  data_time: 0.0023  memory: 19777  grad_norm: 25.2216  loss: 5.2063  loss_text: 0.7365  loss_center: 2.9266  loss_reg_x: 0.9666  loss_reg_y: 0.5766
12/28 00:05:10 - mmengine - INFO - Epoch(train) [18][ 485/1544]  lr: 2.0259e-03  eta: 2 days, 19:25:05  time: 3.8434  data_time: 0.0023  memory: 19777  grad_norm: 22.7067  loss: 5.3034  loss_text: 0.7616  loss_center: 2.9282  loss_reg_x: 0.9352  loss_reg_y: 0.6783
12/28 00:05:26 - mmengine - INFO - Epoch(train) [18][ 490/1544]  lr: 2.0259e-03  eta: 2 days, 19:24:12  time: 3.7179  data_time: 0.0024  memory: 19777  grad_norm: 22.2209  loss: 5.3580  loss_text: 0.7564  loss_center: 2.9410  loss_reg_x: 0.9339  loss_reg_y: 0.7267
12/28 00:05:45 - mmengine - INFO - Epoch(train) [18][ 495/1544]  lr: 2.0259e-03  eta: 2 days, 19:23:59  time: 3.5193  data_time: 0.0024  memory: 19777  grad_norm: 23.1557  loss: 5.1382  loss_text: 0.7629  loss_center: 2.9212  loss_reg_x: 0.8372  loss_reg_y: 0.6169
12/28 00:06:03 - mmengine - INFO - Epoch(train) [18][ 500/1544]  lr: 2.0259e-03  eta: 2 days, 19:23:35  time: 3.6804  data_time: 0.0023  memory: 19777  grad_norm: 22.5179  loss: 5.0863  loss_text: 0.7603  loss_center: 2.9250  loss_reg_x: 0.8120  loss_reg_y: 0.5891
12/28 00:06:21 - mmengine - INFO - Epoch(train) [18][ 505/1544]  lr: 2.0259e-03  eta: 2 days, 19:23:09  time: 3.6134  data_time: 0.0025  memory: 19777  grad_norm: 21.5144  loss: 5.0617  loss_text: 0.7272  loss_center: 2.9298  loss_reg_x: 0.7786  loss_reg_y: 0.6262
12/28 00:06:38 - mmengine - INFO - Epoch(train) [18][ 510/1544]  lr: 2.0259e-03  eta: 2 days, 19:22:27  time: 3.5104  data_time: 0.0031  memory: 19777  grad_norm: 22.2913  loss: 5.0413  loss_text: 0.7225  loss_center: 2.9159  loss_reg_x: 0.7518  loss_reg_y: 0.6511
12/28 00:06:57 - mmengine - INFO - Epoch(train) [18][ 515/1544]  lr: 2.0259e-03  eta: 2 days, 19:22:21  time: 3.6214  data_time: 0.0029  memory: 19777  grad_norm: 22.0026  loss: 5.1791  loss_text: 0.7345  loss_center: 2.9179  loss_reg_x: 0.8440  loss_reg_y: 0.6826
12/28 00:07:15 - mmengine - INFO - Epoch(train) [18][ 520/1544]  lr: 2.0259e-03  eta: 2 days, 19:21:55  time: 3.7073  data_time: 0.0023  memory: 19777  grad_norm: 21.4572  loss: 5.3399  loss_text: 0.8103  loss_center: 2.9359  loss_reg_x: 0.9525  loss_reg_y: 0.6412
12/28 00:07:32 - mmengine - INFO - Epoch(train) [18][ 525/1544]  lr: 2.0259e-03  eta: 2 days, 19:21:06  time: 3.4725  data_time: 0.0023  memory: 19777  grad_norm: 23.5390  loss: 5.4476  loss_text: 0.8310  loss_center: 2.9369  loss_reg_x: 1.0090  loss_reg_y: 0.6707
12/28 00:07:50 - mmengine - INFO - Epoch(train) [18][ 530/1544]  lr: 2.0259e-03  eta: 2 days, 19:20:35  time: 3.4489  data_time: 0.0023  memory: 19777  grad_norm: 23.1553  loss: 5.4595  loss_text: 0.7966  loss_center: 2.9338  loss_reg_x: 0.9450  loss_reg_y: 0.7842
12/28 00:08:09 - mmengine - INFO - Epoch(train) [18][ 535/1544]  lr: 2.0259e-03  eta: 2 days, 19:20:24  time: 3.6495  data_time: 0.0026  memory: 19777  grad_norm: 22.2766  loss: 5.3198  loss_text: 0.7728  loss_center: 2.9437  loss_reg_x: 0.9068  loss_reg_y: 0.6965
12/28 00:08:26 - mmengine - INFO - Epoch(train) [18][ 540/1544]  lr: 2.0259e-03  eta: 2 days, 19:19:52  time: 3.6478  data_time: 0.0026  memory: 19777  grad_norm: 22.1684  loss: 5.1387  loss_text: 0.7515  loss_center: 2.9373  loss_reg_x: 0.8846  loss_reg_y: 0.5653
12/28 00:08:44 - mmengine - INFO - Epoch(train) [18][ 545/1544]  lr: 2.0259e-03  eta: 2 days, 19:19:14  time: 3.5001  data_time: 0.0023  memory: 19777  grad_norm: 21.7550  loss: 5.1012  loss_text: 0.7261  loss_center: 2.9338  loss_reg_x: 0.8593  loss_reg_y: 0.5820
12/28 00:09:01 - mmengine - INFO - Epoch(train) [18][ 550/1544]  lr: 2.0259e-03  eta: 2 days, 19:18:41  time: 3.4885  data_time: 0.0023  memory: 19777  grad_norm: 24.2953  loss: 5.2425  loss_text: 0.7709  loss_center: 2.9261  loss_reg_x: 0.9330  loss_reg_y: 0.6124
12/28 00:09:20 - mmengine - INFO - Epoch(train) [18][ 555/1544]  lr: 2.0259e-03  eta: 2 days, 19:18:34  time: 3.6642  data_time: 0.0023  memory: 19777  grad_norm: 25.4242  loss: 5.3358  loss_text: 0.8457  loss_center: 2.9357  loss_reg_x: 0.9935  loss_reg_y: 0.5609
12/28 00:09:38 - mmengine - INFO - Epoch(train) [18][ 560/1544]  lr: 2.0259e-03  eta: 2 days, 19:18:11  time: 3.7170  data_time: 0.0029  memory: 19777  grad_norm: 25.2803  loss: 5.3102  loss_text: 0.8604  loss_center: 2.9454  loss_reg_x: 0.9287  loss_reg_y: 0.5758
12/28 00:09:54 - mmengine - INFO - Epoch(train) [18][ 565/1544]  lr: 2.0259e-03  eta: 2 days, 19:17:09  time: 3.4094  data_time: 0.0029  memory: 19777  grad_norm: 27.9047  loss: 5.4919  loss_text: 0.8270  loss_center: 2.9341  loss_reg_x: 1.0229  loss_reg_y: 0.7079
12/28 00:10:12 - mmengine - INFO - Epoch(train) [18][ 570/1544]  lr: 2.0259e-03  eta: 2 days, 19:16:43  time: 3.3999  data_time: 0.0023  memory: 19777  grad_norm: 25.7029  loss: 5.3223  loss_text: 0.7384  loss_center: 2.9338  loss_reg_x: 0.9660  loss_reg_y: 0.6840
12/28 00:10:30 - mmengine - INFO - Epoch(train) [18][ 575/1544]  lr: 2.0259e-03  eta: 2 days, 19:16:13  time: 3.5771  data_time: 0.0022  memory: 19777  grad_norm: 20.6472  loss: 5.0103  loss_text: 0.7112  loss_center: 2.9483  loss_reg_x: 0.7836  loss_reg_y: 0.5672
12/28 00:10:48 - mmengine - INFO - Epoch(train) [18][ 580/1544]  lr: 2.0259e-03  eta: 2 days, 19:15:48  time: 3.5776  data_time: 0.0022  memory: 19777  grad_norm: 25.3063  loss: 5.1075  loss_text: 0.7408  loss_center: 2.9519  loss_reg_x: 0.8401  loss_reg_y: 0.5747
12/28 00:11:05 - mmengine - INFO - Epoch(train) [18][ 585/1544]  lr: 2.0259e-03  eta: 2 days, 19:15:01  time: 3.4816  data_time: 0.0023  memory: 19777  grad_norm: 26.9580  loss: 5.2633  loss_text: 0.7626  loss_center: 2.9342  loss_reg_x: 0.9641  loss_reg_y: 0.6024
12/28 00:11:22 - mmengine - INFO - Epoch(train) [18][ 590/1544]  lr: 2.0259e-03  eta: 2 days, 19:14:19  time: 3.3862  data_time: 0.0024  memory: 19777  grad_norm: 25.2623  loss: 5.2326  loss_text: 0.7614  loss_center: 2.9453  loss_reg_x: 0.9311  loss_reg_y: 0.5948
12/28 00:11:40 - mmengine - INFO - Epoch(train) [18][ 595/1544]  lr: 2.0259e-03  eta: 2 days, 19:13:50  time: 3.4873  data_time: 0.0024  memory: 19777  grad_norm: 24.5102  loss: 5.0973  loss_text: 0.7385  loss_center: 2.9537  loss_reg_x: 0.8094  loss_reg_y: 0.5956
12/28 00:11:57 - mmengine - INFO - Epoch(train) [18][ 600/1544]  lr: 2.0259e-03  eta: 2 days, 19:13:09  time: 3.4901  data_time: 0.0023  memory: 19777  grad_norm: 22.1266  loss: 5.2208  loss_text: 0.7345  loss_center: 2.9333  loss_reg_x: 0.9038  loss_reg_y: 0.6491
12/28 00:12:15 - mmengine - INFO - Epoch(train) [18][ 605/1544]  lr: 2.0259e-03  eta: 2 days, 19:12:45  time: 3.5221  data_time: 0.0028  memory: 19777  grad_norm: 21.4307  loss: 5.4152  loss_text: 0.7682  loss_center: 2.9389  loss_reg_x: 0.9728  loss_reg_y: 0.7353
12/28 00:12:32 - mmengine - INFO - Epoch(train) [18][ 610/1544]  lr: 2.0259e-03  eta: 2 days, 19:12:01  time: 3.5043  data_time: 0.0028  memory: 19777  grad_norm: 22.7144  loss: 5.1806  loss_text: 0.7771  loss_center: 2.9386  loss_reg_x: 0.8363  loss_reg_y: 0.6286
12/28 00:12:52 - mmengine - INFO - Epoch(train) [18][ 615/1544]  lr: 2.0259e-03  eta: 2 days, 19:12:18  time: 3.7301  data_time: 0.0023  memory: 19777  grad_norm: 24.5827  loss: 5.2198  loss_text: 0.9009  loss_center: 2.9391  loss_reg_x: 0.8462  loss_reg_y: 0.5336
12/28 00:13:10 - mmengine - INFO - Epoch(train) [18][ 620/1544]  lr: 2.0259e-03  eta: 2 days, 19:11:55  time: 3.8511  data_time: 0.0024  memory: 19777  grad_norm: 39.3754  loss: 6.1221  loss_text: 1.1439  loss_center: 2.9641  loss_reg_x: 1.1178  loss_reg_y: 0.8962
12/28 00:13:28 - mmengine - INFO - Epoch(train) [18][ 625/1544]  lr: 2.0259e-03  eta: 2 days, 19:11:16  time: 3.5346  data_time: 0.0023  memory: 19777  grad_norm: 39.5097  loss: 5.9054  loss_text: 1.0093  loss_center: 2.9510  loss_reg_x: 1.0460  loss_reg_y: 0.8992
12/28 00:13:45 - mmengine - INFO - Epoch(train) [18][ 630/1544]  lr: 2.0259e-03  eta: 2 days, 19:10:40  time: 3.4595  data_time: 0.0023  memory: 19777  grad_norm: 26.3476  loss: 5.3424  loss_text: 0.8167  loss_center: 2.9326  loss_reg_x: 0.9088  loss_reg_y: 0.6843
12/28 00:14:01 - mmengine - INFO - Epoch(train) [18][ 635/1544]  lr: 2.0259e-03  eta: 2 days, 19:09:35  time: 3.3185  data_time: 0.0023  memory: 19777  grad_norm: 27.3503  loss: 5.4161  loss_text: 0.8825  loss_center: 2.9382  loss_reg_x: 0.9227  loss_reg_y: 0.6727
12/28 00:14:18 - mmengine - INFO - Epoch(train) [18][ 640/1544]  lr: 2.0259e-03  eta: 2 days, 19:08:49  time: 3.2603  data_time: 0.0023  memory: 19777  grad_norm: 24.8842  loss: 5.3344  loss_text: 0.8694  loss_center: 2.9355  loss_reg_x: 0.9399  loss_reg_y: 0.5896
12/28 00:14:34 - mmengine - INFO - Epoch(train) [18][ 645/1544]  lr: 2.0259e-03  eta: 2 days, 19:08:01  time: 3.3485  data_time: 0.0023  memory: 19777  grad_norm: 22.1718  loss: 5.3516  loss_text: 0.7749  loss_center: 2.9285  loss_reg_x: 0.9578  loss_reg_y: 0.6904
12/28 00:14:51 - mmengine - INFO - Epoch(train) [18][ 650/1544]  lr: 2.0259e-03  eta: 2 days, 19:07:19  time: 3.3757  data_time: 0.0023  memory: 19777  grad_norm: 21.9027  loss: 5.4377  loss_text: 0.7932  loss_center: 2.9299  loss_reg_x: 0.9828  loss_reg_y: 0.7318
12/28 00:15:13 - mmengine - INFO - Epoch(train) [18][ 655/1544]  lr: 2.0259e-03  eta: 2 days, 19:08:06  time: 3.9148  data_time: 0.0026  memory: 19777  grad_norm: 20.3999  loss: 5.2206  loss_text: 0.8090  loss_center: 2.9183  loss_reg_x: 0.9189  loss_reg_y: 0.5744
12/28 00:15:32 - mmengine - INFO - Epoch(train) [18][ 660/1544]  lr: 2.0259e-03  eta: 2 days, 19:07:51  time: 4.0637  data_time: 0.0026  memory: 19777  grad_norm: 17.4863  loss: 4.8750  loss_text: 0.7287  loss_center: 2.9179  loss_reg_x: 0.7587  loss_reg_y: 0.4697
12/28 00:15:49 - mmengine - INFO - Epoch(train) [18][ 665/1544]  lr: 2.0259e-03  eta: 2 days, 19:07:06  time: 3.5414  data_time: 0.0024  memory: 19777  grad_norm: 19.0531  loss: 5.1798  loss_text: 0.7728  loss_center: 2.9492  loss_reg_x: 0.8961  loss_reg_y: 0.5617
12/28 00:16:07 - mmengine - INFO - Epoch(train) [18][ 670/1544]  lr: 2.0259e-03  eta: 2 days, 19:06:35  time: 3.4540  data_time: 0.0025  memory: 19777  grad_norm: 21.0333  loss: 5.2836  loss_text: 0.7962  loss_center: 2.9421  loss_reg_x: 0.9492  loss_reg_y: 0.5961
12/28 00:16:26 - mmengine - INFO - Epoch(train) [18][ 675/1544]  lr: 2.0259e-03  eta: 2 days, 19:06:32  time: 3.6913  data_time: 0.0025  memory: 19777  grad_norm: 22.5975  loss: 5.2565  loss_text: 0.8157  loss_center: 2.9259  loss_reg_x: 0.8727  loss_reg_y: 0.6422
12/28 00:16:43 - mmengine - INFO - Epoch(train) [18][ 680/1544]  lr: 2.0259e-03  eta: 2 days, 19:05:54  time: 3.6515  data_time: 0.0027  memory: 19777  grad_norm: 23.6338  loss: 5.3528  loss_text: 0.8359  loss_center: 2.8766  loss_reg_x: 0.9234  loss_reg_y: 0.7169
12/28 00:17:03 - mmengine - INFO - Epoch(train) [18][ 685/1544]  lr: 2.0259e-03  eta: 2 days, 19:06:11  time: 3.7689  data_time: 0.0028  memory: 19777  grad_norm: 20.7914  loss: 5.1410  loss_text: 0.7694  loss_center: 2.8880  loss_reg_x: 0.8397  loss_reg_y: 0.6440
12/28 00:17:20 - mmengine - INFO - Epoch(train) [18][ 690/1544]  lr: 2.0259e-03  eta: 2 days, 19:05:17  time: 3.6739  data_time: 0.0025  memory: 19777  grad_norm: 28.5714  loss: 5.2880  loss_text: 0.7859  loss_center: 2.9645  loss_reg_x: 0.8805  loss_reg_y: 0.6570
12/28 00:17:38 - mmengine - INFO - Epoch(train) [18][ 695/1544]  lr: 2.0259e-03  eta: 2 days, 19:04:59  time: 3.4756  data_time: 0.0024  memory: 19777  grad_norm: 30.7358  loss: 5.3971  loss_text: 0.8015  loss_center: 2.9413  loss_reg_x: 0.9652  loss_reg_y: 0.6891
12/28 00:17:55 - mmengine - INFO - Epoch(train) [18][ 700/1544]  lr: 2.0259e-03  eta: 2 days, 19:04:18  time: 3.5500  data_time: 0.0025  memory: 19777  grad_norm: 23.3027  loss: 5.3043  loss_text: 0.7776  loss_center: 2.9334  loss_reg_x: 0.8996  loss_reg_y: 0.6937
12/28 00:18:13 - mmengine - INFO - Epoch(train) [18][ 705/1544]  lr: 2.0259e-03  eta: 2 days, 19:03:44  time: 3.4527  data_time: 0.0024  memory: 19777  grad_norm: 23.4425  loss: 5.3217  loss_text: 0.7754  loss_center: 2.9448  loss_reg_x: 0.9301  loss_reg_y: 0.6715
12/28 00:18:30 - mmengine - INFO - Epoch(train) [18][ 710/1544]  lr: 2.0259e-03  eta: 2 days, 19:03:05  time: 3.4618  data_time: 0.0024  memory: 19777  grad_norm: 23.1396  loss: 5.2351  loss_text: 0.7462  loss_center: 2.9333  loss_reg_x: 0.8892  loss_reg_y: 0.6664
12/28 00:18:47 - mmengine - INFO - Epoch(train) [18][ 715/1544]  lr: 2.0259e-03  eta: 2 days, 19:02:28  time: 3.4513  data_time: 0.0024  memory: 19777  grad_norm: 21.1171  loss: 5.1037  loss_text: 0.7027  loss_center: 2.9289  loss_reg_x: 0.8489  loss_reg_y: 0.6232
12/28 00:19:03 - mmengine - INFO - Epoch(train) [18][ 720/1544]  lr: 2.0259e-03  eta: 2 days, 19:01:29  time: 3.3352  data_time: 0.0026  memory: 19777  grad_norm: 23.7959  loss: 5.1784  loss_text: 0.7391  loss_center: 2.9223  loss_reg_x: 0.9063  loss_reg_y: 0.6107
12/28 00:19:20 - mmengine - INFO - Epoch(train) [18][ 725/1544]  lr: 2.0259e-03  eta: 2 days, 19:00:41  time: 3.2630  data_time: 0.0028  memory: 19777  grad_norm: 24.7009  loss: 5.3821  loss_text: 0.7709  loss_center: 2.9413  loss_reg_x: 0.9651  loss_reg_y: 0.7048
12/28 00:19:39 - mmengine - INFO - Epoch(train) [18][ 730/1544]  lr: 2.0259e-03  eta: 2 days, 19:00:27  time: 3.5250  data_time: 0.0026  memory: 19777  grad_norm: 21.3816  loss: 5.3411  loss_text: 0.7608  loss_center: 2.9504  loss_reg_x: 0.9564  loss_reg_y: 0.6735
12/28 00:19:57 - mmengine - INFO - Epoch(train) [18][ 735/1544]  lr: 2.0259e-03  eta: 2 days, 19:00:11  time: 3.7158  data_time: 0.0024  memory: 19777  grad_norm: 21.0793  loss: 5.2414  loss_text: 0.7519  loss_center: 2.9351  loss_reg_x: 0.9407  loss_reg_y: 0.6138
12/28 00:20:15 - mmengine - INFO - Epoch(train) [18][ 740/1544]  lr: 2.0259e-03  eta: 2 days, 18:59:45  time: 3.6426  data_time: 0.0024  memory: 19777  grad_norm: 20.2726  loss: 5.1148  loss_text: 0.7031  loss_center: 2.9357  loss_reg_x: 0.8809  loss_reg_y: 0.5950
12/28 00:20:35 - mmengine - INFO - Epoch(train) [18][ 745/1544]  lr: 2.0259e-03  eta: 2 days, 18:59:49  time: 3.7602  data_time: 0.0022  memory: 19777  grad_norm: 24.5367  loss: 5.2134  loss_text: 0.7409  loss_center: 2.9467  loss_reg_x: 0.9076  loss_reg_y: 0.6181
12/28 00:20:52 - mmengine - INFO - Epoch(train) [18][ 750/1544]  lr: 2.0259e-03  eta: 2 days, 18:59:11  time: 3.6893  data_time: 0.0021  memory: 19777  grad_norm: 24.3307  loss: 5.2616  loss_text: 0.7642  loss_center: 2.9426  loss_reg_x: 0.9294  loss_reg_y: 0.6253
12/28 00:20:59 - mmengine - INFO - Exp name: fcenet_r50dcnv2_fpn_1500e_lsvt_ctw_pretrain_20251227_202521
12/28 00:21:10 - mmengine - INFO - Epoch(train) [18][ 755/1544]  lr: 2.0259e-03  eta: 2 days, 18:58:44  time: 3.5079  data_time: 0.0023  memory: 19777  grad_norm: 19.7879  loss: 4.9568  loss_text: 0.6864  loss_center: 2.9232  loss_reg_x: 0.7666  loss_reg_y: 0.5806
12/28 00:21:26 - mmengine - INFO - Epoch(train) [18][ 760/1544]  lr: 2.0259e-03  eta: 2 days, 18:57:52  time: 3.4269  data_time: 0.0024  memory: 19777  grad_norm: 21.8024  loss: 5.0774  loss_text: 0.7644  loss_center: 2.9311  loss_reg_x: 0.7881  loss_reg_y: 0.5938
12/28 00:21:45 - mmengine - INFO - Epoch(train) [18][ 765/1544]  lr: 2.0259e-03  eta: 2 days, 18:57:35  time: 3.4812  data_time: 0.0024  memory: 19777  grad_norm: 24.4337  loss: 5.2140  loss_text: 0.7941  loss_center: 2.9423  loss_reg_x: 0.8628  loss_reg_y: 0.6148
12/28 00:22:04 - mmengine - INFO - Epoch(train) [18][ 770/1544]  lr: 2.0259e-03  eta: 2 days, 18:57:33  time: 3.7780  data_time: 0.0024  memory: 19777  grad_norm: 24.1195  loss: 5.3126  loss_text: 0.7985  loss_center: 2.9339  loss_reg_x: 0.9529  loss_reg_y: 0.6273
12/28 00:22:22 - mmengine - INFO - Epoch(train) [18][ 775/1544]  lr: 2.0259e-03  eta: 2 days, 18:57:13  time: 3.7597  data_time: 0.0023  memory: 19777  grad_norm: 21.0064  loss: 5.3549  loss_text: 0.8439  loss_center: 2.9294  loss_reg_x: 0.9406  loss_reg_y: 0.6410
12/28 00:22:39 - mmengine - INFO - Epoch(train) [18][ 780/1544]  lr: 2.0259e-03  eta: 2 days, 18:56:22  time: 3.4720  data_time: 0.0023  memory: 19777  grad_norm: 20.1131  loss: 5.1094  loss_text: 0.7691  loss_center: 2.9298  loss_reg_x: 0.8474  loss_reg_y: 0.5631
12/28 00:22:57 - mmengine - INFO - Epoch(train) [18][ 785/1544]  lr: 2.0259e-03  eta: 2 days, 18:56:07  time: 3.5052  data_time: 0.0023  memory: 19777  grad_norm: 21.6879  loss: 5.0361  loss_text: 0.7019  loss_center: 2.9492  loss_reg_x: 0.8396  loss_reg_y: 0.5453
12/28 00:23:14 - mmengine - INFO - Epoch(train) [18][ 790/1544]  lr: 2.0259e-03  eta: 2 days, 18:55:19  time: 3.5157  data_time: 0.0023  memory: 19777  grad_norm: 23.4076  loss: 5.1291  loss_text: 0.7479  loss_center: 2.9497  loss_reg_x: 0.8129  loss_reg_y: 0.6186
12/28 00:23:32 - mmengine - INFO - Epoch(train) [18][ 795/1544]  lr: 2.0259e-03  eta: 2 days, 18:54:53  time: 3.4518  data_time: 0.0022  memory: 19777  grad_norm: 20.8510  loss: 5.1641  loss_text: 0.8058  loss_center: 2.9368  loss_reg_x: 0.8172  loss_reg_y: 0.6043
12/28 00:23:50 - mmengine - INFO - Epoch(train) [18][ 800/1544]  lr: 2.0259e-03  eta: 2 days, 18:54:36  time: 3.6392  data_time: 0.0023  memory: 19777  grad_norm: 18.3507  loss: 5.1828  loss_text: 0.7592  loss_center: 2.9507  loss_reg_x: 0.9060  loss_reg_y: 0.5669
12/28 00:24:07 - mmengine - INFO - Epoch(train) [18][ 805/1544]  lr: 2.0259e-03  eta: 2 days, 18:53:51  time: 3.5232  data_time: 0.0024  memory: 19777  grad_norm: 25.1766  loss: 5.3746  loss_text: 0.8406  loss_center: 2.9533  loss_reg_x: 0.9417  loss_reg_y: 0.6389
12/28 00:24:24 - mmengine - INFO - Epoch(train) [18][ 810/1544]  lr: 2.0259e-03  eta: 2 days, 18:53:13  time: 3.3960  data_time: 0.0022  memory: 19777  grad_norm: 24.6428  loss: 5.2703  loss_text: 0.8152  loss_center: 2.9411  loss_reg_x: 0.8134  loss_reg_y: 0.7006
12/28 00:24:43 - mmengine - INFO - Epoch(train) [18][ 815/1544]  lr: 2.0259e-03  eta: 2 days, 18:52:58  time: 3.5723  data_time: 0.0022  memory: 19777  grad_norm: 25.5524  loss: 5.2041  loss_text: 0.7064  loss_center: 2.9225  loss_reg_x: 0.8470  loss_reg_y: 0.7282
12/28 00:25:01 - mmengine - INFO - Epoch(train) [18][ 820/1544]  lr: 2.0259e-03  eta: 2 days, 18:52:40  time: 3.6919  data_time: 0.0024  memory: 19777  grad_norm: 26.0394  loss: 5.0774  loss_text: 0.6902  loss_center: 2.9235  loss_reg_x: 0.8204  loss_reg_y: 0.6432
12/28 00:25:19 - mmengine - INFO - Epoch(train) [18][ 825/1544]  lr: 2.0259e-03  eta: 2 days, 18:52:18  time: 3.6496  data_time: 0.0025  memory: 19777  grad_norm: 19.0400  loss: 5.0743  loss_text: 0.7227  loss_center: 2.9372  loss_reg_x: 0.8487  loss_reg_y: 0.5657
12/28 00:25:36 - mmengine - INFO - Epoch(train) [18][ 830/1544]  lr: 2.0259e-03  eta: 2 days, 18:51:38  time: 3.5219  data_time: 0.0023  memory: 19777  grad_norm: 26.2662  loss: 5.3172  loss_text: 0.7395  loss_center: 2.9321  loss_reg_x: 0.9779  loss_reg_y: 0.6677
12/28 00:25:55 - mmengine - INFO - Epoch(train) [18][ 835/1544]  lr: 2.0259e-03  eta: 2 days, 18:51:21  time: 3.5553  data_time: 0.0024  memory: 19777  grad_norm: 27.5426  loss: 5.2130  loss_text: 0.7159  loss_center: 2.9292  loss_reg_x: 0.9146  loss_reg_y: 0.6532
12/28 00:26:14 - mmengine - INFO - Epoch(train) [18][ 840/1544]  lr: 2.0259e-03  eta: 2 days, 18:51:10  time: 3.7256  data_time: 0.0024  memory: 19777  grad_norm: 20.4786  loss: 5.2624  loss_text: 0.7695  loss_center: 2.9366  loss_reg_x: 0.9511  loss_reg_y: 0.6052
12/28 00:26:32 - mmengine - INFO - Epoch(train) [18][ 845/1544]  lr: 2.0259e-03  eta: 2 days, 18:50:47  time: 3.6859  data_time: 0.0023  memory: 19777  grad_norm: 20.4420  loss: 5.5295  loss_text: 0.8290  loss_center: 2.9535  loss_reg_x: 1.0266  loss_reg_y: 0.7205
12/28 00:26:48 - mmengine - INFO - Epoch(train) [18][ 850/1544]  lr: 2.0259e-03  eta: 2 days, 18:50:04  time: 3.4903  data_time: 0.0023  memory: 19777  grad_norm: 24.1234  loss: 5.5100  loss_text: 0.9208  loss_center: 2.9467  loss_reg_x: 0.9505  loss_reg_y: 0.6920
12/28 00:27:06 - mmengine - INFO - Epoch(train) [18][ 855/1544]  lr: 2.0259e-03  eta: 2 days, 18:49:28  time: 3.4131  data_time: 0.0023  memory: 19777  grad_norm: 22.2420  loss: 5.1677  loss_text: 0.8657  loss_center: 2.9297  loss_reg_x: 0.8397  loss_reg_y: 0.5326
12/28 00:27:24 - mmengine - INFO - Epoch(train) [18][ 860/1544]  lr: 2.0259e-03  eta: 2 days, 18:49:03  time: 3.5278  data_time: 0.0024  memory: 19777  grad_norm: 21.1382  loss: 5.1936  loss_text: 0.8178  loss_center: 2.9336  loss_reg_x: 0.9316  loss_reg_y: 0.5106
12/28 00:27:40 - mmengine - INFO - Epoch(train) [18][ 865/1544]  lr: 2.0259e-03  eta: 2 days, 18:48:05  time: 3.3932  data_time: 0.0022  memory: 19777  grad_norm: 20.8831  loss: 5.1442  loss_text: 0.8204  loss_center: 2.9323  loss_reg_x: 0.8738  loss_reg_y: 0.5177
12/28 00:28:00 - mmengine - INFO - Epoch(train) [18][ 870/1544]  lr: 2.0259e-03  eta: 2 days, 18:48:16  time: 3.6064  data_time: 0.0024  memory: 19777  grad_norm: 22.3929  loss: 5.1651  loss_text: 0.8133  loss_center: 2.9417  loss_reg_x: 0.8140  loss_reg_y: 0.5961
12/28 00:28:18 - mmengine - INFO - Epoch(train) [18][ 875/1544]  lr: 2.0259e-03  eta: 2 days, 18:47:53  time: 3.8231  data_time: 0.0026  memory: 19777  grad_norm: 23.5963  loss: 5.3992  loss_text: 0.8150  loss_center: 2.9412  loss_reg_x: 0.9993  loss_reg_y: 0.6436
12/28 00:28:37 - mmengine - INFO - Epoch(train) [18][ 880/1544]  lr: 2.0259e-03  eta: 2 days, 18:47:42  time: 3.6854  data_time: 0.0024  memory: 19777  grad_norm: 20.8624  loss: 5.2335  loss_text: 0.7805  loss_center: 2.9245  loss_reg_x: 0.9657  loss_reg_y: 0.5628
12/28 00:28:54 - mmengine - INFO - Epoch(train) [18][ 885/1544]  lr: 2.0259e-03  eta: 2 days, 18:47:11  time: 3.6357  data_time: 0.0022  memory: 19777  grad_norm: 25.7029  loss: 5.6552  loss_text: 0.8883  loss_center: 2.9406  loss_reg_x: 1.1189  loss_reg_y: 0.7075
12/28 00:29:11 - mmengine - INFO - Epoch(train) [18][ 890/1544]  lr: 2.0259e-03  eta: 2 days, 18:46:29  time: 3.4556  data_time: 0.0022  memory: 19777  grad_norm: 26.9748  loss: 5.7126  loss_text: 0.9218  loss_center: 2.9359  loss_reg_x: 1.0872  loss_reg_y: 0.7676
12/28 00:29:28 - mmengine - INFO - Epoch(train) [18][ 895/1544]  lr: 2.0259e-03  eta: 2 days, 18:45:40  time: 3.3414  data_time: 0.0022  memory: 19777  grad_norm: 28.8516  loss: 5.4193  loss_text: 0.8437  loss_center: 2.9338  loss_reg_x: 0.9922  loss_reg_y: 0.6496
12/28 00:29:44 - mmengine - INFO - Epoch(train) [18][ 900/1544]  lr: 2.0259e-03  eta: 2 days, 18:44:55  time: 3.3155  data_time: 0.0023  memory: 19777  grad_norm: 26.7078  loss: 5.5347  loss_text: 0.7918  loss_center: 2.9450  loss_reg_x: 1.0926  loss_reg_y: 0.7053
12/28 00:30:05 - mmengine - INFO - Epoch(train) [18][ 905/1544]  lr: 2.0259e-03  eta: 2 days, 18:45:15  time: 3.7410  data_time: 0.0023  memory: 19777  grad_norm: 21.0146  loss: 5.2997  loss_text: 0.7461  loss_center: 2.9512  loss_reg_x: 0.9139  loss_reg_y: 0.6885
12/28 00:30:22 - mmengine - INFO - Epoch(train) [18][ 910/1544]  lr: 2.0259e-03  eta: 2 days, 18:44:41  time: 3.8081  data_time: 0.0023  memory: 19777  grad_norm: 22.5730  loss: 5.3327  loss_text: 0.7741  loss_center: 2.9589  loss_reg_x: 0.9093  loss_reg_y: 0.6904
12/28 00:30:40 - mmengine - INFO - Epoch(train) [18][ 915/1544]  lr: 2.0259e-03  eta: 2 days, 18:44:07  time: 3.4759  data_time: 0.0023  memory: 19777  grad_norm: 22.1751  loss: 5.3987  loss_text: 0.7608  loss_center: 2.9385  loss_reg_x: 0.9714  loss_reg_y: 0.7281
12/28 00:31:00 - mmengine - INFO - Epoch(train) [18][ 920/1544]  lr: 2.0259e-03  eta: 2 days, 18:44:24  time: 3.7902  data_time: 0.0023  memory: 19777  grad_norm: 20.8744  loss: 5.1023  loss_text: 0.7051  loss_center: 2.9153  loss_reg_x: 0.8630  loss_reg_y: 0.6189
12/28 00:31:17 - mmengine - INFO - Epoch(train) [18][ 925/1544]  lr: 2.0259e-03  eta: 2 days, 18:43:39  time: 3.7210  data_time: 0.0023  memory: 19777  grad_norm: 20.1682  loss: 4.9205  loss_text: 0.7100  loss_center: 2.9090  loss_reg_x: 0.7740  loss_reg_y: 0.5276
12/28 00:31:36 - mmengine - INFO - Epoch(train) [18][ 930/1544]  lr: 2.0259e-03  eta: 2 days, 18:43:33  time: 3.5866  data_time: 0.0024  memory: 19777  grad_norm: 29.9912  loss: 5.3470  loss_text: 0.8158  loss_center: 2.9331  loss_reg_x: 0.9619  loss_reg_y: 0.6363
12/28 00:31:53 - mmengine - INFO - Epoch(train) [18][ 935/1544]  lr: 2.0259e-03  eta: 2 days, 18:42:57  time: 3.6415  data_time: 0.0024  memory: 19777  grad_norm: 30.8612  loss: 5.5448  loss_text: 0.8339  loss_center: 2.9345  loss_reg_x: 1.0541  loss_reg_y: 0.7224
12/28 00:32:14 - mmengine - INFO - Epoch(train) [18][ 940/1544]  lr: 2.0259e-03  eta: 2 days, 18:43:18  time: 3.7981  data_time: 0.0023  memory: 19777  grad_norm: 25.0902  loss: 5.3750  loss_text: 0.8572  loss_center: 2.9163  loss_reg_x: 0.9544  loss_reg_y: 0.6471
12/28 00:32:32 - mmengine - INFO - Epoch(train) [18][ 945/1544]  lr: 2.0259e-03  eta: 2 days, 18:42:54  time: 3.8725  data_time: 0.0024  memory: 19777  grad_norm: 28.0827  loss: 5.4745  loss_text: 0.8839  loss_center: 2.9318  loss_reg_x: 1.0106  loss_reg_y: 0.6483
12/28 00:32:49 - mmengine - INFO - Epoch(train) [18][ 950/1544]  lr: 2.0259e-03  eta: 2 days, 18:42:17  time: 3.5225  data_time: 0.0023  memory: 19777  grad_norm: 28.7306  loss: 5.4451  loss_text: 0.8269  loss_center: 2.9286  loss_reg_x: 1.0228  loss_reg_y: 0.6668
12/28 00:33:08 - mmengine - INFO - Epoch(train) [18][ 955/1544]  lr: 2.0259e-03  eta: 2 days, 18:41:56  time: 3.5399  data_time: 0.0022  memory: 19777  grad_norm: 26.9815  loss: 5.1976  loss_text: 0.7977  loss_center: 2.9054  loss_reg_x: 0.8787  loss_reg_y: 0.6158
12/28 00:33:25 - mmengine - INFO - Epoch(train) [18][ 960/1544]  lr: 2.0259e-03  eta: 2 days, 18:41:27  time: 3.5882  data_time: 0.0023  memory: 19777  grad_norm: 25.4288  loss: 5.2160  loss_text: 0.7953  loss_center: 2.9144  loss_reg_x: 0.9027  loss_reg_y: 0.6036
12/28 00:33:43 - mmengine - INFO - Epoch(train) [18][ 965/1544]  lr: 2.0259e-03  eta: 2 days, 18:40:52  time: 3.5027  data_time: 0.0027  memory: 19777  grad_norm: 26.8899  loss: 5.5760  loss_text: 0.8658  loss_center: 2.9389  loss_reg_x: 1.1047  loss_reg_y: 0.6666
12/28 00:34:03 - mmengine - INFO - Epoch(train) [18][ 970/1544]  lr: 2.0259e-03  eta: 2 days, 18:41:01  time: 3.7345  data_time: 0.0028  memory: 19777  grad_norm: 26.1963  loss: 5.5347  loss_text: 0.8355  loss_center: 2.9418  loss_reg_x: 1.0885  loss_reg_y: 0.6689
12/28 00:34:21 - mmengine - INFO - Epoch(train) [18][ 975/1544]  lr: 2.0259e-03  eta: 2 days, 18:40:45  time: 3.8512  data_time: 0.0024  memory: 19777  grad_norm: 24.1078  loss: 5.2659  loss_text: 0.8153  loss_center: 2.9260  loss_reg_x: 0.9053  loss_reg_y: 0.6192
12/28 00:34:40 - mmengine - INFO - Epoch(train) [18][ 980/1544]  lr: 2.0259e-03  eta: 2 days, 18:40:37  time: 3.7487  data_time: 0.0025  memory: 19777  grad_norm: 23.8017  loss: 5.2736  loss_text: 0.8245  loss_center: 2.9212  loss_reg_x: 0.8685  loss_reg_y: 0.6594
12/28 00:34:59 - mmengine - INFO - Epoch(train) [18][ 985/1544]  lr: 2.0259e-03  eta: 2 days, 18:40:29  time: 3.7956  data_time: 0.0025  memory: 19777  grad_norm: 24.4087  loss: 5.3795  loss_text: 0.7834  loss_center: 2.9258  loss_reg_x: 0.9692  loss_reg_y: 0.7010
12/28 00:35:18 - mmengine - INFO - Epoch(train) [18][ 990/1544]  lr: 2.0259e-03  eta: 2 days, 18:40:19  time: 3.7857  data_time: 0.0023  memory: 19777  grad_norm: 23.2134  loss: 5.4249  loss_text: 0.8302  loss_center: 2.9314  loss_reg_x: 1.0390  loss_reg_y: 0.6243
12/28 00:35:35 - mmengine - INFO - Epoch(train) [18][ 995/1544]  lr: 2.0259e-03  eta: 2 days, 18:39:36  time: 3.5687  data_time: 0.0023  memory: 19777  grad_norm: 27.1591  loss: 5.4874  loss_text: 0.8176  loss_center: 2.9365  loss_reg_x: 1.0630  loss_reg_y: 0.6702
12/28 00:35:53 - mmengine - INFO - Epoch(train) [18][1000/1544]  lr: 2.0259e-03  eta: 2 days, 18:39:21  time: 3.5355  data_time: 0.0022  memory: 19777  grad_norm: 26.2772  loss: 5.4528  loss_text: 0.7716  loss_center: 2.9412  loss_reg_x: 1.0040  loss_reg_y: 0.7361
12/28 00:36:11 - mmengine - INFO - Epoch(train) [18][1005/1544]  lr: 2.0259e-03  eta: 2 days, 18:38:47  time: 3.5939  data_time: 0.0023  memory: 19777  grad_norm: 21.3849  loss: 5.4426  loss_text: 0.8144  loss_center: 2.9366  loss_reg_x: 0.9931  loss_reg_y: 0.6984
12/28 00:36:28 - mmengine - INFO - Epoch(train) [18][1010/1544]  lr: 2.0259e-03  eta: 2 days, 18:38:17  time: 3.4983  data_time: 0.0024  memory: 19777  grad_norm: 23.4378  loss: 5.5523  loss_text: 0.8076  loss_center: 2.9361  loss_reg_x: 1.0479  loss_reg_y: 0.7607
12/28 00:36:46 - mmengine - INFO - Epoch(train) [18][1015/1544]  lr: 2.0259e-03  eta: 2 days, 18:37:43  time: 3.4982  data_time: 0.0023  memory: 19777  grad_norm: 21.8736  loss: 5.3879  loss_text: 0.7660  loss_center: 2.9289  loss_reg_x: 0.9471  loss_reg_y: 0.7459
12/28 00:37:02 - mmengine - INFO - Epoch(train) [18][1020/1544]  lr: 2.0259e-03  eta: 2 days, 18:36:55  time: 3.3865  data_time: 0.0023  memory: 19777  grad_norm: 19.4780  loss: 5.2142  loss_text: 0.7640  loss_center: 2.9408  loss_reg_x: 0.8673  loss_reg_y: 0.6421
12/28 00:37:21 - mmengine - INFO - Epoch(train) [18][1025/1544]  lr: 2.0259e-03  eta: 2 days, 18:36:47  time: 3.5501  data_time: 0.0023  memory: 19777  grad_norm: 22.7141  loss: 5.2310  loss_text: 0.7500  loss_center: 2.9477  loss_reg_x: 0.8713  loss_reg_y: 0.6620
12/28 00:37:42 - mmengine - INFO - Epoch(train) [18][1030/1544]  lr: 2.0259e-03  eta: 2 days, 18:37:10  time: 3.9921  data_time: 0.0025  memory: 19777  grad_norm: 23.3959  loss: 5.1404  loss_text: 0.6997  loss_center: 2.9243  loss_reg_x: 0.8890  loss_reg_y: 0.6274
12/28 00:38:00 - mmengine - INFO - Epoch(train) [18][1035/1544]  lr: 2.0259e-03  eta: 2 days, 18:36:48  time: 3.9060  data_time: 0.0026  memory: 19777  grad_norm: 22.1364  loss: 5.1282  loss_text: 0.7060  loss_center: 2.9157  loss_reg_x: 0.8754  loss_reg_y: 0.6310
12/28 00:38:17 - mmengine - INFO - Epoch(train) [18][1040/1544]  lr: 2.0259e-03  eta: 2 days, 18:35:57  time: 3.4411  data_time: 0.0024  memory: 19777  grad_norm: 21.7271  loss: 5.2414  loss_text: 0.7588  loss_center: 2.9294  loss_reg_x: 0.9158  loss_reg_y: 0.6374
12/28 00:38:34 - mmengine - INFO - Epoch(train) [18][1045/1544]  lr: 2.0259e-03  eta: 2 days, 18:35:19  time: 3.3363  data_time: 0.0022  memory: 19777  grad_norm: 22.9662  loss: 5.4966  loss_text: 0.7990  loss_center: 2.9423  loss_reg_x: 1.1157  loss_reg_y: 0.6396
12/28 00:38:52 - mmengine - INFO - Epoch(train) [18][1050/1544]  lr: 2.0259e-03  eta: 2 days, 18:34:56  time: 3.5170  data_time: 0.0022  memory: 19777  grad_norm: 24.7035  loss: 5.6614  loss_text: 0.8743  loss_center: 2.9401  loss_reg_x: 1.1283  loss_reg_y: 0.7187
12/28 00:39:09 - mmengine - INFO - Epoch(train) [18][1055/1544]  lr: 2.0259e-03  eta: 2 days, 18:34:16  time: 3.5027  data_time: 0.0022  memory: 19777  grad_norm: 23.3151  loss: 5.3322  loss_text: 0.8229  loss_center: 2.9337  loss_reg_x: 0.9149  loss_reg_y: 0.6607
12/28 00:39:28 - mmengine - INFO - Epoch(train) [18][1060/1544]  lr: 2.0259e-03  eta: 2 days, 18:34:21  time: 3.6780  data_time: 0.0022  memory: 19777  grad_norm: 22.3580  loss: 5.1278  loss_text: 0.7310  loss_center: 2.9248  loss_reg_x: 0.8395  loss_reg_y: 0.6325
12/28 00:39:46 - mmengine - INFO - Epoch(train) [18][1065/1544]  lr: 2.0259e-03  eta: 2 days, 18:33:57  time: 3.7779  data_time: 0.0022  memory: 19777  grad_norm: 24.9631  loss: 5.3217  loss_text: 0.8302  loss_center: 2.9282  loss_reg_x: 0.9015  loss_reg_y: 0.6617
12/28 00:40:07 - mmengine - INFO - Epoch(train) [18][1070/1544]  lr: 2.0259e-03  eta: 2 days, 18:34:15  time: 3.8602  data_time: 0.0023  memory: 19777  grad_norm: 26.2919  loss: 5.5655  loss_text: 0.9370  loss_center: 2.9243  loss_reg_x: 0.9727  loss_reg_y: 0.7315
12/28 00:40:23 - mmengine - INFO - Epoch(train) [18][1075/1544]  lr: 2.0259e-03  eta: 2 days, 18:33:14  time: 3.6274  data_time: 0.0023  memory: 19777  grad_norm: 23.8310  loss: 5.4838  loss_text: 0.8448  loss_center: 2.9399  loss_reg_x: 0.9697  loss_reg_y: 0.7293
12/28 00:40:41 - mmengine - INFO - Epoch(train) [18][1080/1544]  lr: 2.0259e-03  eta: 2 days, 18:32:51  time: 3.3689  data_time: 0.0023  memory: 19777  grad_norm: 27.3085  loss: 5.6599  loss_text: 0.8854  loss_center: 2.9580  loss_reg_x: 1.0844  loss_reg_y: 0.7322
12/28 00:40:57 - mmengine - INFO - Epoch(train) [18][1085/1544]  lr: 2.0259e-03  eta: 2 days, 18:32:02  time: 3.4423  data_time: 0.0024  memory: 19777  grad_norm: 26.3615  loss: 5.5811  loss_text: 0.8640  loss_center: 2.9529  loss_reg_x: 1.0796  loss_reg_y: 0.6846
12/28 00:41:15 - mmengine - INFO - Epoch(train) [18][1090/1544]  lr: 2.0259e-03  eta: 2 days, 18:31:38  time: 3.4363  data_time: 0.0027  memory: 19777  grad_norm: 20.1449  loss: 5.0532  loss_text: 0.6761  loss_center: 2.9477  loss_reg_x: 0.8562  loss_reg_y: 0.5733
12/28 00:41:32 - mmengine - INFO - Epoch(train) [18][1095/1544]  lr: 2.0259e-03  eta: 2 days, 18:30:50  time: 3.4416  data_time: 0.0027  memory: 19777  grad_norm: 19.4903  loss: 4.9323  loss_text: 0.6734  loss_center: 2.9350  loss_reg_x: 0.7685  loss_reg_y: 0.5554
12/28 00:41:51 - mmengine - INFO - Epoch(train) [18][1100/1544]  lr: 2.0259e-03  eta: 2 days, 18:30:45  time: 3.5624  data_time: 0.0026  memory: 19777  grad_norm: 21.6597  loss: 5.0793  loss_text: 0.7214  loss_center: 2.9286  loss_reg_x: 0.8642  loss_reg_y: 0.5652
12/28 00:42:09 - mmengine - INFO - Epoch(train) [18][1105/1544]  lr: 2.0259e-03  eta: 2 days, 18:30:28  time: 3.7662  data_time: 0.0026  memory: 19777  grad_norm: 27.0030  loss: 5.6276  loss_text: 0.8593  loss_center: 2.9330  loss_reg_x: 1.1249  loss_reg_y: 0.7104
12/28 00:42:28 - mmengine - INFO - Epoch(train) [18][1110/1544]  lr: 2.0259e-03  eta: 2 days, 18:30:17  time: 3.7233  data_time: 0.0025  memory: 19777  grad_norm: 25.6396  loss: 5.4687  loss_text: 0.8914  loss_center: 2.9267  loss_reg_x: 0.9931  loss_reg_y: 0.6575
12/28 00:42:46 - mmengine - INFO - Epoch(train) [18][1115/1544]  lr: 2.0259e-03  eta: 2 days, 18:30:00  time: 3.7176  data_time: 0.0025  memory: 19777  grad_norm: 22.2829  loss: 5.3246  loss_text: 0.8129  loss_center: 2.9399  loss_reg_x: 0.9666  loss_reg_y: 0.6052
12/28 00:43:04 - mmengine - INFO - Epoch(train) [18][1120/1544]  lr: 2.0259e-03  eta: 2 days, 18:29:27  time: 3.5801  data_time: 0.0024  memory: 19777  grad_norm: 25.9209  loss: 5.3281  loss_text: 0.8051  loss_center: 2.9461  loss_reg_x: 0.9035  loss_reg_y: 0.6734
12/28 00:43:22 - mmengine - INFO - Epoch(train) [18][1125/1544]  lr: 2.0259e-03  eta: 2 days, 18:29:08  time: 3.5718  data_time: 0.0024  memory: 19777  grad_norm: 24.3390  loss: 5.0286  loss_text: 0.7764  loss_center: 2.9309  loss_reg_x: 0.7394  loss_reg_y: 0.5818
12/28 00:43:40 - mmengine - INFO - Epoch(train) [18][1130/1544]  lr: 2.0259e-03  eta: 2 days, 18:28:39  time: 3.5968  data_time: 0.0024  memory: 19777  grad_norm: 22.2617  loss: 5.0645  loss_text: 0.7216  loss_center: 2.9183  loss_reg_x: 0.8788  loss_reg_y: 0.5457
12/28 00:43:58 - mmengine - INFO - Epoch(train) [18][1135/1544]  lr: 2.0259e-03  eta: 2 days, 18:28:25  time: 3.6280  data_time: 0.0024  memory: 19777  grad_norm: 21.8511  loss: 5.1396  loss_text: 0.7456  loss_center: 2.9243  loss_reg_x: 0.8648  loss_reg_y: 0.6048
12/28 00:44:19 - mmengine - INFO - Epoch(train) [18][1140/1544]  lr: 2.0259e-03  eta: 2 days, 18:28:36  time: 3.8853  data_time: 0.0024  memory: 19777  grad_norm: 19.6045  loss: 5.3211  loss_text: 0.8699  loss_center: 2.9490  loss_reg_x: 0.8946  loss_reg_y: 0.6077
12/28 00:44:37 - mmengine - INFO - Epoch(train) [18][1145/1544]  lr: 2.0259e-03  eta: 2 days, 18:28:15  time: 3.8357  data_time: 0.0024  memory: 19777  grad_norm: 18.6121  loss: 5.2606  loss_text: 0.7999  loss_center: 2.9399  loss_reg_x: 0.8770  loss_reg_y: 0.6437
12/28 00:44:55 - mmengine - INFO - Epoch(train) [18][1150/1544]  lr: 2.0259e-03  eta: 2 days, 18:27:55  time: 3.6406  data_time: 0.0023  memory: 19777  grad_norm: 19.3235  loss: 5.2657  loss_text: 0.7311  loss_center: 2.9371  loss_reg_x: 0.9288  loss_reg_y: 0.6687
12/28 00:45:12 - mmengine - INFO - Epoch(train) [18][1155/1544]  lr: 2.0259e-03  eta: 2 days, 18:27:16  time: 3.5274  data_time: 0.0023  memory: 19777  grad_norm: 26.9000  loss: 5.5247  loss_text: 0.8048  loss_center: 2.9507  loss_reg_x: 1.0977  loss_reg_y: 0.6714
12/28 00:45:29 - mmengine - INFO - Epoch(train) [18][1160/1544]  lr: 2.0259e-03  eta: 2 days, 18:26:38  time: 3.3988  data_time: 0.0024  memory: 19777  grad_norm: 27.5057  loss: 5.5112  loss_text: 0.7512  loss_center: 2.9456  loss_reg_x: 1.1416  loss_reg_y: 0.6728
12/28 00:45:46 - mmengine - INFO - Epoch(train) [18][1165/1544]  lr: 2.0259e-03  eta: 2 days, 18:25:57  time: 3.3860  data_time: 0.0024  memory: 19777  grad_norm: 24.0386  loss: 5.1825  loss_text: 0.7213  loss_center: 2.9205  loss_reg_x: 0.9562  loss_reg_y: 0.5845
12/28 00:46:04 - mmengine - INFO - Epoch(train) [18][1170/1544]  lr: 2.0259e-03  eta: 2 days, 18:25:31  time: 3.4750  data_time: 0.0023  memory: 19777  grad_norm: 25.5310  loss: 5.1540  loss_text: 0.7321  loss_center: 2.9153  loss_reg_x: 0.8853  loss_reg_y: 0.6213
12/28 00:46:21 - mmengine - INFO - Epoch(train) [18][1175/1544]  lr: 2.0259e-03  eta: 2 days, 18:24:59  time: 3.5293  data_time: 0.0024  memory: 19777  grad_norm: 25.1553  loss: 5.3799  loss_text: 0.7766  loss_center: 2.9331  loss_reg_x: 0.9805  loss_reg_y: 0.6896
12/28 00:46:39 - mmengine - INFO - Epoch(train) [18][1180/1544]  lr: 2.0259e-03  eta: 2 days, 18:24:29  time: 3.4952  data_time: 0.0024  memory: 19777  grad_norm: 28.6719  loss: 5.3375  loss_text: 0.8086  loss_center: 2.9354  loss_reg_x: 0.8799  loss_reg_y: 0.7136
12/28 00:46:56 - mmengine - INFO - Epoch(train) [18][1185/1544]  lr: 2.0259e-03  eta: 2 days, 18:23:49  time: 3.4477  data_time: 0.0023  memory: 19777  grad_norm: 27.5925  loss: 5.1728  loss_text: 0.7508  loss_center: 2.9301  loss_reg_x: 0.8116  loss_reg_y: 0.6803
12/28 00:47:14 - mmengine - INFO - Epoch(train) [18][1190/1544]  lr: 2.0259e-03  eta: 2 days, 18:23:29  time: 3.5165  data_time: 0.0023  memory: 19777  grad_norm: 21.8311  loss: 5.3352  loss_text: 0.7790  loss_center: 2.9289  loss_reg_x: 0.9254  loss_reg_y: 0.7020
12/28 00:47:32 - mmengine - INFO - Epoch(train) [18][1195/1544]  lr: 2.0259e-03  eta: 2 days, 18:23:10  time: 3.6513  data_time: 0.0022  memory: 19777  grad_norm: 20.1774  loss: 5.2197  loss_text: 0.7724  loss_center: 2.9209  loss_reg_x: 0.8747  loss_reg_y: 0.6516
12/28 00:47:52 - mmengine - INFO - Epoch(train) [18][1200/1544]  lr: 2.0259e-03  eta: 2 days, 18:23:14  time: 3.8069  data_time: 0.0023  memory: 19777  grad_norm: 19.5684  loss: 4.7793  loss_text: 0.6975  loss_center: 2.9071  loss_reg_x: 0.7176  loss_reg_y: 0.4571
12/28 00:48:09 - mmengine - INFO - Epoch(train) [18][1205/1544]  lr: 2.0259e-03  eta: 2 days, 18:22:37  time: 3.6870  data_time: 0.0024  memory: 19777  grad_norm: 23.3751  loss: 4.8820  loss_text: 0.6972  loss_center: 2.9111  loss_reg_x: 0.7796  loss_reg_y: 0.4942
12/28 00:48:28 - mmengine - INFO - Epoch(train) [18][1210/1544]  lr: 2.0259e-03  eta: 2 days, 18:22:29  time: 3.6080  data_time: 0.0023  memory: 19777  grad_norm: 30.2164  loss: 5.4642  loss_text: 0.8084  loss_center: 2.9378  loss_reg_x: 0.9021  loss_reg_y: 0.8159
12/28 00:48:46 - mmengine - INFO - Epoch(train) [18][1215/1544]  lr: 2.0259e-03  eta: 2 days, 18:22:03  time: 3.6830  data_time: 0.0023  memory: 19777  grad_norm: 24.6994  loss: 5.3233  loss_text: 0.7960  loss_center: 2.9287  loss_reg_x: 0.8192  loss_reg_y: 0.7794
12/28 00:49:05 - mmengine - INFO - Epoch(train) [18][1220/1544]  lr: 2.0259e-03  eta: 2 days, 18:21:52  time: 3.6635  data_time: 0.0023  memory: 19777  grad_norm: 17.1626  loss: 4.8978  loss_text: 0.7102  loss_center: 2.9123  loss_reg_x: 0.7133  loss_reg_y: 0.5620
12/28 00:49:21 - mmengine - INFO - Epoch(train) [18][1225/1544]  lr: 2.0259e-03  eta: 2 days, 18:21:06  time: 3.5364  data_time: 0.0023  memory: 19777  grad_norm: 19.3458  loss: 4.9362  loss_text: 0.7015  loss_center: 2.9360  loss_reg_x: 0.7315  loss_reg_y: 0.5673
12/28 00:49:39 - mmengine - INFO - Epoch(train) [18][1230/1544]  lr: 2.0259e-03  eta: 2 days, 18:20:47  time: 3.4787  data_time: 0.0023  memory: 19777  grad_norm: 22.7210  loss: 4.9298  loss_text: 0.6980  loss_center: 2.9417  loss_reg_x: 0.7486  loss_reg_y: 0.5416
12/28 00:49:56 - mmengine - INFO - Epoch(train) [18][1235/1544]  lr: 2.0259e-03  eta: 2 days, 18:20:01  time: 3.4735  data_time: 0.0023  memory: 19777  grad_norm: 31.8009  loss: 5.2127  loss_text: 0.7942  loss_center: 2.9366  loss_reg_x: 0.9057  loss_reg_y: 0.5762
12/28 00:50:14 - mmengine - INFO - Epoch(train) [18][1240/1544]  lr: 2.0259e-03  eta: 2 days, 18:19:32  time: 3.4159  data_time: 0.0023  memory: 19777  grad_norm: 28.3053  loss: 5.1821  loss_text: 0.7634  loss_center: 2.9289  loss_reg_x: 0.9035  loss_reg_y: 0.5863
12/28 00:50:33 - mmengine - INFO - Epoch(train) [18][1245/1544]  lr: 2.0259e-03  eta: 2 days, 18:19:33  time: 3.7265  data_time: 0.0023  memory: 19777  grad_norm: 33.1042  loss: 5.2498  loss_text: 0.8927  loss_center: 2.9356  loss_reg_x: 0.7994  loss_reg_y: 0.6221
12/28 00:50:52 - mmengine - INFO - Epoch(train) [18][1250/1544]  lr: 2.0259e-03  eta: 2 days, 18:19:16  time: 3.8020  data_time: 0.0022  memory: 19777  grad_norm: 37.1332  loss: 5.6477  loss_text: 0.9991  loss_center: 2.9527  loss_reg_x: 0.9449  loss_reg_y: 0.7510
12/28 00:51:09 - mmengine - INFO - Epoch(train) [18][1255/1544]  lr: 2.0259e-03  eta: 2 days, 18:18:47  time: 3.5997  data_time: 0.0022  memory: 19777  grad_norm: 25.7834  loss: 5.6952  loss_text: 0.8432  loss_center: 2.9415  loss_reg_x: 1.0823  loss_reg_y: 0.8281
12/28 00:51:27 - mmengine - INFO - Epoch(train) [18][1260/1544]  lr: 2.0259e-03  eta: 2 days, 18:18:24  time: 3.5583  data_time: 0.0022  memory: 19777  grad_norm: 24.1075  loss: 5.3038  loss_text: 0.7166  loss_center: 2.9199  loss_reg_x: 0.9577  loss_reg_y: 0.7095
12/28 00:51:46 - mmengine - INFO - Epoch(train) [18][1265/1544]  lr: 2.0259e-03  eta: 2 days, 18:18:11  time: 3.6668  data_time: 0.0023  memory: 19777  grad_norm: 23.8878  loss: 5.1281  loss_text: 0.7636  loss_center: 2.9145  loss_reg_x: 0.8687  loss_reg_y: 0.5813
12/28 00:52:02 - mmengine - INFO - Epoch(train) [18][1270/1544]  lr: 2.0259e-03  eta: 2 days, 18:17:13  time: 3.4398  data_time: 0.0023  memory: 19777  grad_norm: 24.6757  loss: 5.2716  loss_text: 0.8583  loss_center: 2.9250  loss_reg_x: 0.8789  loss_reg_y: 0.6095
12/28 00:52:21 - mmengine - INFO - Epoch(train) [18][1275/1544]  lr: 2.0259e-03  eta: 2 days, 18:17:07  time: 3.4871  data_time: 0.0023  memory: 19777  grad_norm: 20.6905  loss: 5.1402  loss_text: 0.8042  loss_center: 2.9347  loss_reg_x: 0.8355  loss_reg_y: 0.5657
12/28 00:52:38 - mmengine - INFO - Epoch(train) [18][1280/1544]  lr: 2.0259e-03  eta: 2 days, 18:16:30  time: 3.6164  data_time: 0.0022  memory: 19777  grad_norm: 20.5884  loss: 5.1373  loss_text: 0.7825  loss_center: 2.9539  loss_reg_x: 0.8233  loss_reg_y: 0.5777
12/28 00:52:56 - mmengine - INFO - Epoch(train) [18][1285/1544]  lr: 2.0259e-03  eta: 2 days, 18:16:04  time: 3.4854  data_time: 0.0022  memory: 19777  grad_norm: 25.2285  loss: 5.3315  loss_text: 0.7911  loss_center: 2.9583  loss_reg_x: 0.8885  loss_reg_y: 0.6936
12/28 00:53:14 - mmengine - INFO - Epoch(train) [18][1290/1544]  lr: 2.0259e-03  eta: 2 days, 18:15:53  time: 3.6623  data_time: 0.0023  memory: 19777  grad_norm: 26.6502  loss: 5.5308  loss_text: 0.8591  loss_center: 2.9541  loss_reg_x: 1.0000  loss_reg_y: 0.7176
12/28 00:53:31 - mmengine - INFO - Epoch(train) [18][1295/1544]  lr: 2.0259e-03  eta: 2 days, 18:15:16  time: 3.5846  data_time: 0.0023  memory: 19777  grad_norm: 24.0309  loss: 5.5663  loss_text: 0.8675  loss_center: 2.9398  loss_reg_x: 1.0213  loss_reg_y: 0.7376
12/28 00:53:48 - mmengine - INFO - Epoch(train) [18][1300/1544]  lr: 2.0259e-03  eta: 2 days, 18:14:35  time: 3.3874  data_time: 0.0023  memory: 19777  grad_norm: 21.9335  loss: 5.3449  loss_text: 0.7866  loss_center: 2.9170  loss_reg_x: 0.9707  loss_reg_y: 0.6706
12/28 00:54:05 - mmengine - INFO - Epoch(train) [18][1305/1544]  lr: 2.0259e-03  eta: 2 days, 18:13:59  time: 3.3927  data_time: 0.0024  memory: 19777  grad_norm: 23.5952  loss: 5.4390  loss_text: 0.7936  loss_center: 2.9292  loss_reg_x: 1.0359  loss_reg_y: 0.6802
12/28 00:54:24 - mmengine - INFO - Epoch(train) [18][1310/1544]  lr: 2.0259e-03  eta: 2 days, 18:13:50  time: 3.6070  data_time: 0.0023  memory: 19777  grad_norm: 23.9271  loss: 5.8145  loss_text: 0.9058  loss_center: 2.9574  loss_reg_x: 1.1502  loss_reg_y: 0.8012
12/28 00:54:41 - mmengine - INFO - Epoch(train) [18][1315/1544]  lr: 2.0259e-03  eta: 2 days, 18:13:02  time: 3.5267  data_time: 0.0022  memory: 19777  grad_norm: 24.2617  loss: 5.5326  loss_text: 0.8698  loss_center: 2.9566  loss_reg_x: 1.0078  loss_reg_y: 0.6984
12/28 00:54:59 - mmengine - INFO - Epoch(train) [18][1320/1544]  lr: 2.0259e-03  eta: 2 days, 18:12:50  time: 3.5064  data_time: 0.0022  memory: 19777  grad_norm: 31.6964  loss: 5.4402  loss_text: 0.8340  loss_center: 2.9452  loss_reg_x: 0.9798  loss_reg_y: 0.6811
12/28 00:55:16 - mmengine - INFO - Epoch(train) [18][1325/1544]  lr: 2.0259e-03  eta: 2 days, 18:12:05  time: 3.5242  data_time: 0.0023  memory: 19777  grad_norm: 49.8524  loss: 5.6436  loss_text: 0.8180  loss_center: 2.9427  loss_reg_x: 1.1522  loss_reg_y: 0.7308
12/28 00:55:33 - mmengine - INFO - Epoch(train) [18][1330/1544]  lr: 2.0259e-03  eta: 2 days, 18:11:27  time: 3.3469  data_time: 0.0024  memory: 19777  grad_norm: 47.7577  loss: 5.5995  loss_text: 0.8311  loss_center: 2.9338  loss_reg_x: 1.1465  loss_reg_y: 0.6880
12/28 00:55:50 - mmengine - INFO - Epoch(train) [18][1335/1544]  lr: 2.0259e-03  eta: 2 days, 18:10:50  time: 3.4038  data_time: 0.0023  memory: 19777  grad_norm: 29.9155  loss: 5.6821  loss_text: 0.8575  loss_center: 2.9445  loss_reg_x: 1.1534  loss_reg_y: 0.7267
12/28 00:56:07 - mmengine - INFO - Epoch(train) [18][1340/1544]  lr: 2.0259e-03  eta: 2 days, 18:10:09  time: 3.3844  data_time: 0.0023  memory: 19777  grad_norm: 23.1923  loss: 5.5396  loss_text: 0.7759  loss_center: 2.9490  loss_reg_x: 1.1119  loss_reg_y: 0.7029
12/28 00:56:24 - mmengine - INFO - Epoch(train) [18][1345/1544]  lr: 2.0259e-03  eta: 2 days, 18:09:34  time: 3.3965  data_time: 0.0022  memory: 19777  grad_norm: 23.3802  loss: 5.3493  loss_text: 0.7617  loss_center: 2.9317  loss_reg_x: 1.0237  loss_reg_y: 0.6321
12/28 00:56:40 - mmengine - INFO - Epoch(train) [18][1350/1544]  lr: 2.0259e-03  eta: 2 days, 18:08:44  time: 3.3286  data_time: 0.0023  memory: 19777  grad_norm: 26.8158  loss: 5.2855  loss_text: 0.8435  loss_center: 2.9176  loss_reg_x: 0.9500  loss_reg_y: 0.5744
12/28 00:56:57 - mmengine - INFO - Epoch(train) [18][1355/1544]  lr: 2.0259e-03  eta: 2 days, 18:08:00  time: 3.2632  data_time: 0.0023  memory: 19777  grad_norm: 24.5926  loss: 5.1805  loss_text: 0.8291  loss_center: 2.9254  loss_reg_x: 0.8694  loss_reg_y: 0.5565
12/28 00:57:14 - mmengine - INFO - Epoch(train) [18][1360/1544]  lr: 2.0259e-03  eta: 2 days, 18:07:29  time: 3.3975  data_time: 0.0023  memory: 19777  grad_norm: 22.0008  loss: 5.0818  loss_text: 0.7347  loss_center: 2.9323  loss_reg_x: 0.8228  loss_reg_y: 0.5919
12/28 00:57:32 - mmengine - INFO - Epoch(train) [18][1365/1544]  lr: 2.0259e-03  eta: 2 days, 18:07:07  time: 3.5511  data_time: 0.0023  memory: 19777  grad_norm: 27.7669  loss: 5.4171  loss_text: 0.8284  loss_center: 2.9344  loss_reg_x: 0.9689  loss_reg_y: 0.6854
12/28 00:57:49 - mmengine - INFO - Epoch(train) [18][1370/1544]  lr: 2.0259e-03  eta: 2 days, 18:06:25  time: 3.4730  data_time: 0.0024  memory: 19777  grad_norm: 27.1205  loss: 5.5979  loss_text: 0.8450  loss_center: 2.9324  loss_reg_x: 1.1036  loss_reg_y: 0.7168
12/28 00:58:06 - mmengine - INFO - Epoch(train) [18][1375/1544]  lr: 2.0259e-03  eta: 2 days, 18:05:45  time: 3.3511  data_time: 0.0024  memory: 19777  grad_norm: 23.7953  loss: 5.3166  loss_text: 0.7728  loss_center: 2.9210  loss_reg_x: 0.9920  loss_reg_y: 0.6309
12/28 00:58:23 - mmengine - INFO - Epoch(train) [18][1380/1544]  lr: 2.0259e-03  eta: 2 days, 18:05:18  time: 3.4543  data_time: 0.0024  memory: 19777  grad_norm: 24.9098  loss: 5.2840  loss_text: 0.7593  loss_center: 2.9330  loss_reg_x: 0.9722  loss_reg_y: 0.6195
12/28 00:58:40 - mmengine - INFO - Epoch(train) [18][1385/1544]  lr: 2.0259e-03  eta: 2 days, 18:04:39  time: 3.4569  data_time: 0.0024  memory: 19777  grad_norm: 25.5941  loss: 5.4536  loss_text: 0.7930  loss_center: 2.9358  loss_reg_x: 1.0424  loss_reg_y: 0.6824
12/28 00:58:57 - mmengine - INFO - Epoch(train) [18][1390/1544]  lr: 2.0259e-03  eta: 2 days, 18:03:56  time: 3.3429  data_time: 0.0023  memory: 19777  grad_norm: 27.9948  loss: 5.6889  loss_text: 0.8586  loss_center: 2.9316  loss_reg_x: 1.1672  loss_reg_y: 0.7315
12/28 00:59:13 - mmengine - INFO - Epoch(train) [18][1395/1544]  lr: 2.0259e-03  eta: 2 days, 18:03:08  time: 3.2837  data_time: 0.0023  memory: 19777  grad_norm: 26.7519  loss: 5.5183  loss_text: 0.8602  loss_center: 2.9300  loss_reg_x: 1.0589  loss_reg_y: 0.6692
12/28 00:59:31 - mmengine - INFO - Epoch(train) [18][1400/1544]  lr: 2.0259e-03  eta: 2 days, 18:02:52  time: 3.4718  data_time: 0.0023  memory: 19777  grad_norm: 27.1102  loss: 5.3424  loss_text: 0.8598  loss_center: 2.9344  loss_reg_x: 0.9285  loss_reg_y: 0.6197
12/28 00:59:49 - mmengine - INFO - Epoch(train) [18][1405/1544]  lr: 2.0259e-03  eta: 2 days, 18:02:17  time: 3.5549  data_time: 0.0024  memory: 19777  grad_norm: 24.3322  loss: 5.3223  loss_text: 0.8336  loss_center: 2.9438  loss_reg_x: 0.9200  loss_reg_y: 0.6248
12/28 01:00:06 - mmengine - INFO - Epoch(train) [18][1410/1544]  lr: 2.0259e-03  eta: 2 days, 18:01:46  time: 3.4534  data_time: 0.0024  memory: 19777  grad_norm: 20.5610  loss: 5.0750  loss_text: 0.7838  loss_center: 2.9324  loss_reg_x: 0.8120  loss_reg_y: 0.5469
12/28 01:00:25 - mmengine - INFO - Epoch(train) [18][1415/1544]  lr: 2.0259e-03  eta: 2 days, 18:01:34  time: 3.6175  data_time: 0.0024  memory: 19777  grad_norm: 22.0494  loss: 5.0203  loss_text: 0.7674  loss_center: 2.9358  loss_reg_x: 0.7967  loss_reg_y: 0.5203
12/28 01:00:42 - mmengine - INFO - Epoch(train) [18][1420/1544]  lr: 2.0259e-03  eta: 2 days, 18:01:08  time: 3.6477  data_time: 0.0025  memory: 19777  grad_norm: 20.2781  loss: 4.9773  loss_text: 0.7352  loss_center: 2.9353  loss_reg_x: 0.7875  loss_reg_y: 0.5193
12/28 01:01:02 - mmengine - INFO - Epoch(train) [18][1425/1544]  lr: 2.0259e-03  eta: 2 days, 18:01:05  time: 3.7082  data_time: 0.0025  memory: 19777  grad_norm: 19.9914  loss: 5.1011  loss_text: 0.7733  loss_center: 2.9310  loss_reg_x: 0.8825  loss_reg_y: 0.5144
12/28 01:01:20 - mmengine - INFO - Epoch(train) [18][1430/1544]  lr: 2.0259e-03  eta: 2 days, 18:00:49  time: 3.7840  data_time: 0.0025  memory: 19777  grad_norm: 23.8357  loss: 5.3558  loss_text: 0.8312  loss_center: 2.9390  loss_reg_x: 0.9424  loss_reg_y: 0.6432
12/28 01:01:38 - mmengine - INFO - Epoch(train) [18][1435/1544]  lr: 2.0259e-03  eta: 2 days, 18:00:18  time: 3.5904  data_time: 0.0024  memory: 19777  grad_norm: 22.7734  loss: 5.1947  loss_text: 0.7865  loss_center: 2.9314  loss_reg_x: 0.8390  loss_reg_y: 0.6378
12/28 01:01:57 - mmengine - INFO - Epoch(train) [18][1440/1544]  lr: 2.0259e-03  eta: 2 days, 18:00:11  time: 3.6466  data_time: 0.0023  memory: 19777  grad_norm: 22.8414  loss: 5.1769  loss_text: 0.7934  loss_center: 2.9303  loss_reg_x: 0.8776  loss_reg_y: 0.5757
12/28 01:02:14 - mmengine - INFO - Epoch(train) [18][1445/1544]  lr: 2.0259e-03  eta: 2 days, 17:59:37  time: 3.6269  data_time: 0.0023  memory: 19777  grad_norm: 25.3626  loss: 5.3389  loss_text: 0.7849  loss_center: 2.9324  loss_reg_x: 0.9666  loss_reg_y: 0.6550
12/28 01:02:32 - mmengine - INFO - Epoch(train) [18][1450/1544]  lr: 2.0259e-03  eta: 2 days, 17:59:09  time: 3.4792  data_time: 0.0022  memory: 19777  grad_norm: 22.0517  loss: 5.3742  loss_text: 0.7596  loss_center: 2.9362  loss_reg_x: 0.9952  loss_reg_y: 0.6832
12/28 01:02:48 - mmengine - INFO - Epoch(train) [18][1455/1544]  lr: 2.0259e-03  eta: 2 days, 17:58:28  time: 3.4253  data_time: 0.0024  memory: 19777  grad_norm: 19.4623  loss: 5.2584  loss_text: 0.7737  loss_center: 2.9338  loss_reg_x: 0.9450  loss_reg_y: 0.6058
12/28 01:03:06 - mmengine - INFO - Epoch(train) [18][1460/1544]  lr: 2.0259e-03  eta: 2 days, 17:58:02  time: 3.4480  data_time: 0.0024  memory: 19777  grad_norm: 18.3664  loss: 5.0054  loss_text: 0.7526  loss_center: 2.9407  loss_reg_x: 0.7819  loss_reg_y: 0.5302
12/28 01:03:23 - mmengine - INFO - Epoch(train) [18][1465/1544]  lr: 2.0259e-03  eta: 2 days, 17:57:27  time: 3.4899  data_time: 0.0022  memory: 19777  grad_norm: 18.4638  loss: 4.9484  loss_text: 0.7443  loss_center: 2.9484  loss_reg_x: 0.7126  loss_reg_y: 0.5431
12/28 01:03:40 - mmengine - INFO - Epoch(train) [18][1470/1544]  lr: 2.0259e-03  eta: 2 days, 17:56:55  time: 3.4402  data_time: 0.0022  memory: 19777  grad_norm: 22.7326  loss: 5.1950  loss_text: 0.7811  loss_center: 2.9360  loss_reg_x: 0.8657  loss_reg_y: 0.6122
12/28 01:03:58 - mmengine - INFO - Epoch(train) [18][1475/1544]  lr: 2.0259e-03  eta: 2 days, 17:56:31  time: 3.5214  data_time: 0.0022  memory: 19777  grad_norm: 23.0257  loss: 5.3330  loss_text: 0.7893  loss_center: 2.9529  loss_reg_x: 0.9457  loss_reg_y: 0.6451
12/28 01:04:18 - mmengine - INFO - Epoch(train) [18][1480/1544]  lr: 2.0259e-03  eta: 2 days, 17:56:26  time: 3.7097  data_time: 0.0023  memory: 19777  grad_norm: 22.3058  loss: 5.0329  loss_text: 0.7262  loss_center: 2.9321  loss_reg_x: 0.7913  loss_reg_y: 0.5833
12/28 01:04:35 - mmengine - INFO - Epoch(train) [18][1485/1544]  lr: 2.0259e-03  eta: 2 days, 17:56:02  time: 3.7113  data_time: 0.0023  memory: 19777  grad_norm: 23.0427  loss: 5.1500  loss_text: 0.7428  loss_center: 2.9192  loss_reg_x: 0.9373  loss_reg_y: 0.5508
12/28 01:04:52 - mmengine - INFO - Epoch(train) [18][1490/1544]  lr: 2.0259e-03  eta: 2 days, 17:55:19  time: 3.4416  data_time: 0.0024  memory: 19777  grad_norm: 21.9847  loss: 5.3121  loss_text: 0.7224  loss_center: 2.8806  loss_reg_x: 1.0859  loss_reg_y: 0.6232
12/28 01:05:10 - mmengine - INFO - Epoch(train) [18][1495/1544]  lr: 2.0259e-03  eta: 2 days, 17:54:51  time: 3.4135  data_time: 0.0023  memory: 19777  grad_norm: 18.8111  loss: 5.0755  loss_text: 0.6666  loss_center: 2.8724  loss_reg_x: 0.8981  loss_reg_y: 0.6383
12/28 01:05:27 - mmengine - INFO - Epoch(train) [18][1500/1544]  lr: 2.0259e-03  eta: 2 days, 17:54:20  time: 3.4999  data_time: 0.0022  memory: 19777  grad_norm: 24.9121  loss: 5.2419  loss_text: 0.7383  loss_center: 2.9302  loss_reg_x: 0.9376  loss_reg_y: 0.6358
12/28 01:05:46 - mmengine - INFO - Epoch(train) [18][1505/1544]  lr: 2.0259e-03  eta: 2 days, 17:54:18  time: 3.6826  data_time: 0.0022  memory: 19777  grad_norm: 29.1280  loss: 5.3068  loss_text: 0.7529  loss_center: 2.9410  loss_reg_x: 0.9434  loss_reg_y: 0.6695
12/28 01:06:05 - mmengine - INFO - Epoch(train) [18][1510/1544]  lr: 2.0259e-03  eta: 2 days, 17:54:00  time: 3.7716  data_time: 0.0022  memory: 19777  grad_norm: 26.1890  loss: 5.2648  loss_text: 0.7482  loss_center: 2.9407  loss_reg_x: 0.8822  loss_reg_y: 0.6938
12/28 01:06:22 - mmengine - INFO - Epoch(train) [18][1515/1544]  lr: 2.0259e-03  eta: 2 days, 17:53:26  time: 3.5467  data_time: 0.0023  memory: 19777  grad_norm: 26.9638  loss: 5.3812  loss_text: 0.8284  loss_center: 2.9448  loss_reg_x: 0.8772  loss_reg_y: 0.7308
12/28 01:06:42 - mmengine - INFO - Epoch(train) [18][1520/1544]  lr: 2.0259e-03  eta: 2 days, 17:53:37  time: 3.7559  data_time: 0.0023  memory: 19777  grad_norm: 22.9966  loss: 5.4185  loss_text: 0.8828  loss_center: 2.9628  loss_reg_x: 0.8532  loss_reg_y: 0.7198
12/28 01:07:02 - mmengine - INFO - Epoch(train) [18][1525/1544]  lr: 2.0259e-03  eta: 2 days, 17:53:36  time: 3.9831  data_time: 0.0023  memory: 19777  grad_norm: 19.3647  loss: 5.4008  loss_text: 0.8605  loss_center: 2.9617  loss_reg_x: 0.9131  loss_reg_y: 0.6655
12/28 01:07:19 - mmengine - INFO - Epoch(train) [18][1530/1544]  lr: 2.0259e-03  eta: 2 days, 17:53:01  time: 3.6634  data_time: 0.0023  memory: 19777  grad_norm: 19.5949  loss: 5.3414  loss_text: 0.8765  loss_center: 2.9486  loss_reg_x: 0.9481  loss_reg_y: 0.5681
12/28 01:07:36 - mmengine - INFO - Epoch(train) [18][1535/1544]  lr: 2.0259e-03  eta: 2 days, 17:52:29  time: 3.4431  data_time: 0.0023  memory: 19777  grad_norm: 20.1461  loss: 5.5845  loss_text: 0.9000  loss_center: 2.9344  loss_reg_x: 1.0600  loss_reg_y: 0.6903
12/28 01:07:54 - mmengine - INFO - Epoch(train) [18][1540/1544]  lr: 2.0259e-03  eta: 2 days, 17:52:01  time: 3.4846  data_time: 0.0023  memory: 19777  grad_norm: 21.0090  loss: 5.4146  loss_text: 0.8261  loss_center: 2.9247  loss_reg_x: 0.9399  loss_reg_y: 0.7239
12/28 01:08:06 - mmengine - INFO - Exp name: fcenet_r50dcnv2_fpn_1500e_lsvt_ctw_pretrain_20251227_202521
12/28 01:08:27 - mmengine - INFO - Epoch(train) [19][   5/1544]  lr: 1.9824e-03  eta: 2 days, 17:51:38  time: 3.6772  data_time: 0.4337  memory: 19777  grad_norm: 21.5622  loss: 5.2387  loss_text: 0.7709  loss_center: 2.9254  loss_reg_x: 0.8921  loss_reg_y: 0.6503
12/28 01:08:45 - mmengine - INFO - Epoch(train) [19][  10/1544]  lr: 1.9824e-03  eta: 2 days, 17:51:04  time: 3.8768  data_time: 0.4349  memory: 19777  grad_norm: 27.3742  loss: 5.4869  loss_text: 0.7916  loss_center: 2.9270  loss_reg_x: 1.0023  loss_reg_y: 0.7659
12/28 01:09:03 - mmengine - INFO - Epoch(train) [19][  15/1544]  lr: 1.9824e-03  eta: 2 days, 17:50:50  time: 3.5731  data_time: 0.0034  memory: 19777  grad_norm: 25.6938  loss: 5.3064  loss_text: 0.7955  loss_center: 2.9223  loss_reg_x: 0.9054  loss_reg_y: 0.6832
12/28 01:09:21 - mmengine - INFO - Epoch(train) [19][  20/1544]  lr: 1.9824e-03  eta: 2 days, 17:50:28  time: 3.6599  data_time: 0.0024  memory: 19777  grad_norm: 18.7547  loss: 5.0150  loss_text: 0.7902  loss_center: 2.9248  loss_reg_x: 0.7606  loss_reg_y: 0.5394
12/28 01:09:38 - mmengine - INFO - Epoch(train) [19][  25/1544]  lr: 1.9824e-03  eta: 2 days, 17:49:54  time: 3.5201  data_time: 0.0024  memory: 19777  grad_norm: 27.3475  loss: 5.1322  loss_text: 0.7872  loss_center: 2.9227  loss_reg_x: 0.8789  loss_reg_y: 0.5434
12/28 01:09:57 - mmengine - INFO - Epoch(train) [19][  30/1544]  lr: 1.9824e-03  eta: 2 days, 17:49:45  time: 3.6054  data_time: 0.0026  memory: 19777  grad_norm: 27.0151  loss: 5.1876  loss_text: 0.7577  loss_center: 2.9352  loss_reg_x: 0.9108  loss_reg_y: 0.5839
12/28 01:10:15 - mmengine - INFO - Epoch(train) [19][  35/1544]  lr: 1.9824e-03  eta: 2 days, 17:49:19  time: 3.6646  data_time: 0.0027  memory: 19777  grad_norm: 20.5267  loss: 5.2260  loss_text: 0.7387  loss_center: 2.9398  loss_reg_x: 0.9201  loss_reg_y: 0.6274
12/28 01:10:32 - mmengine - INFO - Epoch(train) [19][  40/1544]  lr: 1.9824e-03  eta: 2 days, 17:48:45  time: 3.4856  data_time: 0.0023  memory: 19777  grad_norm: 27.6494  loss: 5.3591  loss_text: 0.7758  loss_center: 2.9260  loss_reg_x: 0.9387  loss_reg_y: 0.7186
12/28 01:10:50 - mmengine - INFO - Epoch(train) [19][  45/1544]  lr: 1.9824e-03  eta: 2 days, 17:48:28  time: 3.5534  data_time: 0.0022  memory: 19777  grad_norm: 28.7881  loss: 5.3573  loss_text: 0.7939  loss_center: 2.9167  loss_reg_x: 0.8965  loss_reg_y: 0.7502
12/28 01:11:09 - mmengine - INFO - Epoch(train) [19][  50/1544]  lr: 1.9824e-03  eta: 2 days, 17:48:09  time: 3.6599  data_time: 0.0022  memory: 19777  grad_norm: 22.3577  loss: 5.2185  loss_text: 0.7214  loss_center: 2.9307  loss_reg_x: 0.9033  loss_reg_y: 0.6631
12/28 01:11:27 - mmengine - INFO - Epoch(train) [19][  55/1544]  lr: 1.9824e-03  eta: 2 days, 17:47:49  time: 3.6358  data_time: 0.0022  memory: 19777  grad_norm: 23.8418  loss: 5.2855  loss_text: 0.7337  loss_center: 2.9292  loss_reg_x: 0.8496  loss_reg_y: 0.7730
12/28 01:11:44 - mmengine - INFO - Epoch(train) [19][  60/1544]  lr: 1.9824e-03  eta: 2 days, 17:47:19  time: 3.5589  data_time: 0.0022  memory: 19777  grad_norm: 28.0582  loss: 5.4147  loss_text: 0.8035  loss_center: 2.9279  loss_reg_x: 0.8634  loss_reg_y: 0.8200
12/28 01:12:02 - mmengine - INFO - Epoch(train) [19][  65/1544]  lr: 1.9824e-03  eta: 2 days, 17:46:53  time: 3.5170  data_time: 0.0022  memory: 19777  grad_norm: 30.2344  loss: 5.3059  loss_text: 0.8078  loss_center: 2.9432  loss_reg_x: 0.8745  loss_reg_y: 0.6805
12/28 01:12:18 - mmengine - INFO - Epoch(train) [19][  70/1544]  lr: 1.9824e-03  eta: 2 days, 17:46:09  time: 3.4124  data_time: 0.0023  memory: 19777  grad_norm: 27.5339  loss: 5.3404  loss_text: 0.8630  loss_center: 2.9418  loss_reg_x: 0.8950  loss_reg_y: 0.6405
12/28 01:12:39 - mmengine - INFO - Epoch(train) [19][  75/1544]  lr: 1.9824e-03  eta: 2 days, 17:46:20  time: 3.6793  data_time: 0.0023  memory: 19777  grad_norm: 25.5127  loss: 5.4321  loss_text: 0.8906  loss_center: 2.9370  loss_reg_x: 0.9324  loss_reg_y: 0.6721
12/28 01:12:58 - mmengine - INFO - Epoch(train) [19][  80/1544]  lr: 1.9824e-03  eta: 2 days, 17:46:13  time: 3.9521  data_time: 0.0023  memory: 19777  grad_norm: 24.7519  loss: 5.2425  loss_text: 0.7999  loss_center: 2.9329  loss_reg_x: 0.8805  loss_reg_y: 0.6292
12/28 01:13:17 - mmengine - INFO - Epoch(train) [19][  85/1544]  lr: 1.9824e-03  eta: 2 days, 17:46:09  time: 3.8412  data_time: 0.0023  memory: 19777  grad_norm: 26.7332  loss: 5.0517  loss_text: 0.7581  loss_center: 2.9194  loss_reg_x: 0.8110  loss_reg_y: 0.5632
12/28 01:13:35 - mmengine - INFO - Epoch(train) [19][  90/1544]  lr: 1.9824e-03  eta: 2 days, 17:45:38  time: 3.6689  data_time: 0.0024  memory: 19777  grad_norm: 30.0490  loss: 5.1819  loss_text: 0.7822  loss_center: 2.9233  loss_reg_x: 0.8656  loss_reg_y: 0.6108
12/28 01:13:52 - mmengine - INFO - Epoch(train) [19][  95/1544]  lr: 1.9824e-03  eta: 2 days, 17:45:04  time: 3.4532  data_time: 0.0024  memory: 19777  grad_norm: 23.3267  loss: 5.3243  loss_text: 0.7814  loss_center: 2.9345  loss_reg_x: 0.9665  loss_reg_y: 0.6419
12/28 01:14:09 - mmengine - INFO - Epoch(train) [19][ 100/1544]  lr: 1.9824e-03  eta: 2 days, 17:44:26  time: 3.3962  data_time: 0.0021  memory: 19777  grad_norm: 17.6778  loss: 5.1745  loss_text: 0.7617  loss_center: 2.9384  loss_reg_x: 0.9217  loss_reg_y: 0.5527
12/28 01:14:26 - mmengine - INFO - Epoch(train) [19][ 105/1544]  lr: 1.9824e-03  eta: 2 days, 17:43:53  time: 3.4018  data_time: 0.0021  memory: 19777  grad_norm: 21.3547  loss: 5.1714  loss_text: 0.8025  loss_center: 2.9474  loss_reg_x: 0.8871  loss_reg_y: 0.5344
12/28 01:14:42 - mmengine - INFO - Epoch(train) [19][ 110/1544]  lr: 1.9824e-03  eta: 2 days, 17:43:13  time: 3.3899  data_time: 0.0022  memory: 19777  grad_norm: 24.9442  loss: 5.2607  loss_text: 0.7854  loss_center: 2.9346  loss_reg_x: 0.8747  loss_reg_y: 0.6660
12/28 01:14:59 - mmengine - INFO - Epoch(train) [19][ 115/1544]  lr: 1.9824e-03  eta: 2 days, 17:42:37  time: 3.3654  data_time: 0.0023  memory: 19777  grad_norm: 23.1597  loss: 5.3124  loss_text: 0.7444  loss_center: 2.9241  loss_reg_x: 0.9372  loss_reg_y: 0.7067
12/28 01:15:19 - mmengine - INFO - Epoch(train) [19][ 120/1544]  lr: 1.9824e-03  eta: 2 days, 17:42:37  time: 3.6570  data_time: 0.0023  memory: 19777  grad_norm: 26.5621  loss: 5.3155  loss_text: 0.7854  loss_center: 2.9327  loss_reg_x: 0.9288  loss_reg_y: 0.6686
12/28 01:15:36 - mmengine - INFO - Epoch(train) [19][ 125/1544]  lr: 1.9824e-03  eta: 2 days, 17:42:00  time: 3.6521  data_time: 0.0024  memory: 19777  grad_norm: 27.3733  loss: 5.4476  loss_text: 0.8634  loss_center: 2.9330  loss_reg_x: 0.9562  loss_reg_y: 0.6950
12/28 01:15:54 - mmengine - INFO - Epoch(train) [19][ 130/1544]  lr: 1.9824e-03  eta: 2 days, 17:41:37  time: 3.4799  data_time: 0.0025  memory: 19777  grad_norm: 27.6555  loss: 5.9257  loss_text: 1.0014  loss_center: 2.9388  loss_reg_x: 1.1571  loss_reg_y: 0.8285
12/28 01:16:14 - mmengine - INFO - Epoch(train) [19][ 135/1544]  lr: 1.9824e-03  eta: 2 days, 17:41:43  time: 3.7976  data_time: 0.0025  memory: 19777  grad_norm: 25.3276  loss: 5.8885  loss_text: 0.9883  loss_center: 2.9474  loss_reg_x: 1.1737  loss_reg_y: 0.7792
12/28 01:16:31 - mmengine - INFO - Epoch(train) [19][ 140/1544]  lr: 1.9824e-03  eta: 2 days, 17:41:05  time: 3.6872  data_time: 0.0024  memory: 19777  grad_norm: 19.7285  loss: 5.2916  loss_text: 0.8175  loss_center: 2.9361  loss_reg_x: 0.9522  loss_reg_y: 0.5857
12/28 01:16:47 - mmengine - INFO - Epoch(train) [19][ 145/1544]  lr: 1.9824e-03  eta: 2 days, 17:40:17  time: 3.2868  data_time: 0.0023  memory: 19777  grad_norm: 17.2590  loss: 5.0828  loss_text: 0.7465  loss_center: 2.9346  loss_reg_x: 0.7776  loss_reg_y: 0.6240
12/28 01:17:04 - mmengine - INFO - Epoch(train) [19][ 150/1544]  lr: 1.9824e-03  eta: 2 days, 17:39:40  time: 3.3022  data_time: 0.0024  memory: 19777  grad_norm: 17.3478  loss: 5.2389  loss_text: 0.7467  loss_center: 2.9438  loss_reg_x: 0.8196  loss_reg_y: 0.7289
12/28 01:17:21 - mmengine - INFO - Epoch(train) [19][ 155/1544]  lr: 1.9824e-03  eta: 2 days, 17:39:13  time: 3.4570  data_time: 0.0023  memory: 19777  grad_norm: 22.0602  loss: 5.4411  loss_text: 0.7949  loss_center: 2.9490  loss_reg_x: 1.0187  loss_reg_y: 0.6785
12/28 01:17:39 - mmengine - INFO - Epoch(train) [19][ 160/1544]  lr: 1.9824e-03  eta: 2 days, 17:38:46  time: 3.5229  data_time: 0.0023  memory: 19777  grad_norm: 26.2337  loss: 5.3985  loss_text: 0.7766  loss_center: 2.9514  loss_reg_x: 1.0081  loss_reg_y: 0.6623
12/28 01:17:55 - mmengine - INFO - Epoch(train) [19][ 165/1544]  lr: 1.9824e-03  eta: 2 days, 17:38:05  time: 3.4163  data_time: 0.0024  memory: 19777  grad_norm: 27.1165  loss: 5.2296  loss_text: 0.6884  loss_center: 2.9514  loss_reg_x: 0.8544  loss_reg_y: 0.7354
12/28 01:18:14 - mmengine - INFO - Epoch(train) [19][ 170/1544]  lr: 1.9824e-03  eta: 2 days, 17:37:47  time: 3.4830  data_time: 0.0028  memory: 19777  grad_norm: 26.6358  loss: 5.2217  loss_text: 0.7491  loss_center: 2.9479  loss_reg_x: 0.8707  loss_reg_y: 0.6539
12/28 01:18:34 - mmengine - INFO - Epoch(train) [19][ 175/1544]  lr: 1.9824e-03  eta: 2 days, 17:37:58  time: 3.8721  data_time: 0.0035  memory: 19777  grad_norm: 23.9498  loss: 5.1662  loss_text: 0.7863  loss_center: 2.9440  loss_reg_x: 0.8891  loss_reg_y: 0.5468
12/28 01:18:53 - mmengine - INFO - Epoch(train) [19][ 180/1544]  lr: 1.9824e-03  eta: 2 days, 17:37:41  time: 3.8788  data_time: 0.0032  memory: 19777  grad_norm: 21.8216  loss: 5.2395  loss_text: 0.7369  loss_center: 2.9396  loss_reg_x: 0.9318  loss_reg_y: 0.6311
12/28 01:19:11 - mmengine - INFO - Epoch(train) [19][ 185/1544]  lr: 1.9824e-03  eta: 2 days, 17:37:19  time: 3.6360  data_time: 0.0024  memory: 19777  grad_norm: 22.1606  loss: 5.2865  loss_text: 0.7334  loss_center: 2.9327  loss_reg_x: 0.9082  loss_reg_y: 0.7123
12/28 01:19:29 - mmengine - INFO - Epoch(train) [19][ 190/1544]  lr: 1.9824e-03  eta: 2 days, 17:37:00  time: 3.6222  data_time: 0.0023  memory: 19777  grad_norm: 26.5819  loss: 5.2568  loss_text: 0.7639  loss_center: 2.9355  loss_reg_x: 0.8698  loss_reg_y: 0.6875
12/28 01:19:46 - mmengine - INFO - Epoch(train) [19][ 195/1544]  lr: 1.9824e-03  eta: 2 days, 17:36:30  time: 3.5573  data_time: 0.0024  memory: 19777  grad_norm: 26.6339  loss: 5.1821  loss_text: 0.7840  loss_center: 2.9240  loss_reg_x: 0.8400  loss_reg_y: 0.6341
12/28 01:20:05 - mmengine - INFO - Epoch(train) [19][ 200/1544]  lr: 1.9824e-03  eta: 2 days, 17:36:23  time: 3.6483  data_time: 0.0025  memory: 19777  grad_norm: 23.6579  loss: 5.0205  loss_text: 0.7318  loss_center: 2.9205  loss_reg_x: 0.7446  loss_reg_y: 0.6235
12/28 01:20:23 - mmengine - INFO - Epoch(train) [19][ 205/1544]  lr: 1.9824e-03  eta: 2 days, 17:35:56  time: 3.6752  data_time: 0.0024  memory: 19777  grad_norm: 26.1862  loss: 5.1344  loss_text: 0.7903  loss_center: 2.9364  loss_reg_x: 0.8021  loss_reg_y: 0.6055
12/28 01:20:34 - mmengine - INFO - Exp name: fcenet_r50dcnv2_fpn_1500e_lsvt_ctw_pretrain_20251227_202521
12/28 01:20:42 - mmengine - INFO - Epoch(train) [19][ 210/1544]  lr: 1.9824e-03  eta: 2 days, 17:35:52  time: 3.6953  data_time: 0.0024  memory: 19777  grad_norm: 30.0381  loss: 5.7619  loss_text: 0.9246  loss_center: 2.9549  loss_reg_x: 1.1153  loss_reg_y: 0.7671
12/28 01:21:00 - mmengine - INFO - Epoch(train) [19][ 215/1544]  lr: 1.9824e-03  eta: 2 days, 17:35:23  time: 3.6809  data_time: 0.0023  memory: 19777  grad_norm: 26.1995  loss: 5.5960  loss_text: 0.8125  loss_center: 2.8943  loss_reg_x: 1.0646  loss_reg_y: 0.8246
12/28 01:21:17 - mmengine - INFO - Epoch(train) [19][ 220/1544]  lr: 1.9824e-03  eta: 2 days, 17:34:47  time: 3.4437  data_time: 0.0023  memory: 19777  grad_norm: 20.7994  loss: 5.2221  loss_text: 0.7245  loss_center: 2.8787  loss_reg_x: 0.8826  loss_reg_y: 0.7363
12/28 01:21:35 - mmengine - INFO - Epoch(train) [19][ 225/1544]  lr: 1.9824e-03  eta: 2 days, 17:34:34  time: 3.5552  data_time: 0.0024  memory: 19777  grad_norm: 23.5875  loss: 5.4165  loss_text: 0.8175  loss_center: 2.9326  loss_reg_x: 0.9551  loss_reg_y: 0.7113
12/28 01:21:53 - mmengine - INFO - Epoch(train) [19][ 230/1544]  lr: 1.9824e-03  eta: 2 days, 17:34:14  time: 3.6764  data_time: 0.0025  memory: 19777  grad_norm: 21.9782  loss: 5.3570  loss_text: 0.8202  loss_center: 2.9414  loss_reg_x: 0.9165  loss_reg_y: 0.6789
12/28 01:22:11 - mmengine - INFO - Epoch(train) [19][ 235/1544]  lr: 1.9824e-03  eta: 2 days, 17:33:45  time: 3.5646  data_time: 0.0024  memory: 19777  grad_norm: 19.3500  loss: 5.1476  loss_text: 0.7441  loss_center: 2.9374  loss_reg_x: 0.8329  loss_reg_y: 0.6332
12/28 01:22:30 - mmengine - INFO - Epoch(train) [19][ 240/1544]  lr: 1.9824e-03  eta: 2 days, 17:33:44  time: 3.7056  data_time: 0.0030  memory: 19777  grad_norm: 21.2720  loss: 5.0385  loss_text: 0.7514  loss_center: 2.9165  loss_reg_x: 0.8066  loss_reg_y: 0.5641
12/28 01:22:49 - mmengine - INFO - Epoch(train) [19][ 245/1544]  lr: 1.9824e-03  eta: 2 days, 17:33:29  time: 3.8021  data_time: 0.0032  memory: 19777  grad_norm: 27.3767  loss: 5.3779  loss_text: 0.8422  loss_center: 2.9241  loss_reg_x: 0.9462  loss_reg_y: 0.6655
12/28 01:23:07 - mmengine - INFO - Epoch(train) [19][ 250/1544]  lr: 1.9824e-03  eta: 2 days, 17:33:06  time: 3.6381  data_time: 0.0025  memory: 19777  grad_norm: 25.1028  loss: 5.5140  loss_text: 0.8352  loss_center: 2.9302  loss_reg_x: 0.9812  loss_reg_y: 0.7673
12/28 01:23:24 - mmengine - INFO - Epoch(train) [19][ 255/1544]  lr: 1.9824e-03  eta: 2 days, 17:32:31  time: 3.4916  data_time: 0.0024  memory: 19777  grad_norm: 22.8010  loss: 5.3360  loss_text: 0.7627  loss_center: 2.9479  loss_reg_x: 0.8796  loss_reg_y: 0.7458
12/28 01:23:43 - mmengine - INFO - Epoch(train) [19][ 260/1544]  lr: 1.9824e-03  eta: 2 days, 17:32:25  time: 3.6201  data_time: 0.0025  memory: 19777  grad_norm: 23.8772  loss: 5.2428  loss_text: 0.7584  loss_center: 2.9601  loss_reg_x: 0.8823  loss_reg_y: 0.6421
12/28 01:23:59 - mmengine - INFO - Epoch(train) [19][ 265/1544]  lr: 1.9824e-03  eta: 2 days, 17:31:30  time: 3.4692  data_time: 0.0024  memory: 19777  grad_norm: 24.4048  loss: 5.5061  loss_text: 0.8216  loss_center: 2.9477  loss_reg_x: 1.0461  loss_reg_y: 0.6906
12/28 01:24:15 - mmengine - INFO - Epoch(train) [19][ 270/1544]  lr: 1.9824e-03  eta: 2 days, 17:30:53  time: 3.2319  data_time: 0.0023  memory: 19777  grad_norm: 21.9633  loss: 5.3561  loss_text: 0.8075  loss_center: 2.9312  loss_reg_x: 0.9554  loss_reg_y: 0.6620
12/28 01:24:34 - mmengine - INFO - Epoch(train) [19][ 275/1544]  lr: 1.9824e-03  eta: 2 days, 17:30:41  time: 3.5580  data_time: 0.0024  memory: 19777  grad_norm: 18.8959  loss: 5.0620  loss_text: 0.7471  loss_center: 2.9326  loss_reg_x: 0.8199  loss_reg_y: 0.5624
12/28 01:24:52 - mmengine - INFO - Epoch(train) [19][ 280/1544]  lr: 1.9824e-03  eta: 2 days, 17:30:15  time: 3.6396  data_time: 0.0024  memory: 19777  grad_norm: 20.1679  loss: 5.1816  loss_text: 0.7365  loss_center: 2.9281  loss_reg_x: 0.9173  loss_reg_y: 0.5996
12/28 01:25:09 - mmengine - INFO - Epoch(train) [19][ 285/1544]  lr: 1.9824e-03  eta: 2 days, 17:29:38  time: 3.4534  data_time: 0.0042  memory: 19777  grad_norm: 20.0505  loss: 5.2561  loss_text: 0.7722  loss_center: 2.9342  loss_reg_x: 0.9936  loss_reg_y: 0.5561
12/28 01:25:26 - mmengine - INFO - Epoch(train) [19][ 290/1544]  lr: 1.9824e-03  eta: 2 days, 17:29:08  time: 3.4216  data_time: 0.0042  memory: 19777  grad_norm: 26.2879  loss: 5.2615  loss_text: 0.7815  loss_center: 2.9398  loss_reg_x: 1.0330  loss_reg_y: 0.5072
12/28 01:25:43 - mmengine - INFO - Epoch(train) [19][ 295/1544]  lr: 1.9824e-03  eta: 2 days, 17:28:32  time: 3.4217  data_time: 0.0025  memory: 19777  grad_norm: 27.7886  loss: 5.4590  loss_text: 0.7926  loss_center: 2.9334  loss_reg_x: 0.9939  loss_reg_y: 0.7390
12/28 01:26:02 - mmengine - INFO - Epoch(train) [19][ 300/1544]  lr: 1.9824e-03  eta: 2 days, 17:28:26  time: 3.6107  data_time: 0.0026  memory: 19777  grad_norm: 24.8637  loss: 5.4172  loss_text: 0.7770  loss_center: 2.9356  loss_reg_x: 0.9333  loss_reg_y: 0.7713
12/28 01:26:22 - mmengine - INFO - Epoch(train) [19][ 305/1544]  lr: 1.9824e-03  eta: 2 days, 17:28:28  time: 3.9052  data_time: 0.0026  memory: 19777  grad_norm: 26.2297  loss: 5.1692  loss_text: 0.7583  loss_center: 2.9343  loss_reg_x: 0.9179  loss_reg_y: 0.5587
12/28 01:26:39 - mmengine - INFO - Epoch(train) [19][ 310/1544]  lr: 1.9824e-03  eta: 2 days, 17:28:01  time: 3.7367  data_time: 0.0025  memory: 19777  grad_norm: 23.3586  loss: 5.1527  loss_text: 0.7909  loss_center: 2.9299  loss_reg_x: 0.9022  loss_reg_y: 0.5296
12/28 01:26:59 - mmengine - INFO - Epoch(train) [19][ 315/1544]  lr: 1.9824e-03  eta: 2 days, 17:27:54  time: 3.6658  data_time: 0.0026  memory: 19777  grad_norm: 25.3174  loss: 5.2572  loss_text: 0.7703  loss_center: 2.9251  loss_reg_x: 0.9555  loss_reg_y: 0.6062
12/28 01:27:17 - mmengine - INFO - Epoch(train) [19][ 320/1544]  lr: 1.9824e-03  eta: 2 days, 17:27:33  time: 3.7239  data_time: 0.0028  memory: 19777  grad_norm: 24.9114  loss: 5.3080  loss_text: 0.7412  loss_center: 2.9246  loss_reg_x: 0.9973  loss_reg_y: 0.6449
12/28 01:27:35 - mmengine - INFO - Epoch(train) [19][ 325/1544]  lr: 1.9824e-03  eta: 2 days, 17:27:09  time: 3.5936  data_time: 0.0028  memory: 19777  grad_norm: 28.9583  loss: 5.4693  loss_text: 0.9043  loss_center: 2.9296  loss_reg_x: 0.9830  loss_reg_y: 0.6524
12/28 01:27:53 - mmengine - INFO - Epoch(train) [19][ 330/1544]  lr: 1.9824e-03  eta: 2 days, 17:26:54  time: 3.6274  data_time: 0.0026  memory: 19777  grad_norm: 31.7143  loss: 5.4470  loss_text: 0.9332  loss_center: 2.9301  loss_reg_x: 0.8904  loss_reg_y: 0.6932
12/28 01:28:12 - mmengine - INFO - Epoch(train) [19][ 335/1544]  lr: 1.9824e-03  eta: 2 days, 17:26:47  time: 3.7575  data_time: 0.0025  memory: 19777  grad_norm: 27.0596  loss: 5.5518  loss_text: 0.9517  loss_center: 2.9445  loss_reg_x: 0.8596  loss_reg_y: 0.7961
12/28 01:28:31 - mmengine - INFO - Epoch(train) [19][ 340/1544]  lr: 1.9824e-03  eta: 2 days, 17:26:31  time: 3.7599  data_time: 0.0024  memory: 19777  grad_norm: 26.6017  loss: 5.7989  loss_text: 0.9686  loss_center: 2.9642  loss_reg_x: 1.0921  loss_reg_y: 0.7741
12/28 01:28:48 - mmengine - INFO - Epoch(train) [19][ 345/1544]  lr: 1.9824e-03  eta: 2 days, 17:26:04  time: 3.6058  data_time: 0.0024  memory: 19777  grad_norm: 22.3999  loss: 5.3763  loss_text: 0.7675  loss_center: 2.9500  loss_reg_x: 1.0230  loss_reg_y: 0.6359
12/28 01:29:05 - mmengine - INFO - Epoch(train) [19][ 350/1544]  lr: 1.9824e-03  eta: 2 days, 17:25:27  time: 3.4345  data_time: 0.0025  memory: 19777  grad_norm: 19.5720  loss: 5.0461  loss_text: 0.7122  loss_center: 2.9460  loss_reg_x: 0.8169  loss_reg_y: 0.5711
12/28 01:29:22 - mmengine - INFO - Epoch(train) [19][ 355/1544]  lr: 1.9824e-03  eta: 2 days, 17:24:56  time: 3.4041  data_time: 0.0025  memory: 19777  grad_norm: 19.9545  loss: 5.1682  loss_text: 0.7799  loss_center: 2.9451  loss_reg_x: 0.9075  loss_reg_y: 0.5358
12/28 01:29:40 - mmengine - INFO - Epoch(train) [19][ 360/1544]  lr: 1.9824e-03  eta: 2 days, 17:24:34  time: 3.5292  data_time: 0.0025  memory: 19777  grad_norm: 21.6245  loss: 5.3237  loss_text: 0.8208  loss_center: 2.9298  loss_reg_x: 0.9606  loss_reg_y: 0.6126
12/28 01:29:59 - mmengine - INFO - Epoch(train) [19][ 365/1544]  lr: 1.9824e-03  eta: 2 days, 17:24:26  time: 3.7022  data_time: 0.0025  memory: 19777  grad_norm: 19.9750  loss: 5.0232  loss_text: 0.7235  loss_center: 2.9216  loss_reg_x: 0.7826  loss_reg_y: 0.5954
12/28 01:30:21 - mmengine - INFO - Epoch(train) [19][ 370/1544]  lr: 1.9824e-03  eta: 2 days, 17:24:51  time: 4.0675  data_time: 0.0024  memory: 19777  grad_norm: 23.4824  loss: 5.1415  loss_text: 0.7491  loss_center: 2.9215  loss_reg_x: 0.8249  loss_reg_y: 0.6460
12/28 01:30:38 - mmengine - INFO - Epoch(train) [19][ 375/1544]  lr: 1.9824e-03  eta: 2 days, 17:24:13  time: 3.8389  data_time: 0.0023  memory: 19777  grad_norm: 23.5502  loss: 5.2728  loss_text: 0.7804  loss_center: 2.8639  loss_reg_x: 0.9516  loss_reg_y: 0.6769
12/28 01:30:55 - mmengine - INFO - Epoch(train) [19][ 380/1544]  lr: 1.9824e-03  eta: 2 days, 17:23:47  time: 3.4382  data_time: 0.0024  memory: 19777  grad_norm: 20.7714  loss: 5.5124  loss_text: 0.8266  loss_center: 2.8712  loss_reg_x: 1.0639  loss_reg_y: 0.7508
12/28 01:31:13 - mmengine - INFO - Epoch(train) [19][ 385/1544]  lr: 1.9824e-03  eta: 2 days, 17:23:27  time: 3.5735  data_time: 0.0025  memory: 19777  grad_norm: 20.5890  loss: 5.4755  loss_text: 0.8018  loss_center: 2.9230  loss_reg_x: 1.0100  loss_reg_y: 0.7407
12/28 01:31:31 - mmengine - INFO - Epoch(train) [19][ 390/1544]  lr: 1.9824e-03  eta: 2 days, 17:22:59  time: 3.5640  data_time: 0.0025  memory: 19777  grad_norm: 18.8952  loss: 4.9361  loss_text: 0.7149  loss_center: 2.9172  loss_reg_x: 0.7867  loss_reg_y: 0.5174
12/28 01:31:48 - mmengine - INFO - Epoch(train) [19][ 395/1544]  lr: 1.9824e-03  eta: 2 days, 17:22:30  time: 3.4950  data_time: 0.0024  memory: 19777  grad_norm: 19.4668  loss: 5.0225  loss_text: 0.7464  loss_center: 2.9221  loss_reg_x: 0.8108  loss_reg_y: 0.5432
12/28 01:32:06 - mmengine - INFO - Epoch(train) [19][ 400/1544]  lr: 1.9824e-03  eta: 2 days, 17:22:06  time: 3.5225  data_time: 0.0024  memory: 19777  grad_norm: 23.3937  loss: 5.0933  loss_text: 0.6755  loss_center: 2.9295  loss_reg_x: 0.8998  loss_reg_y: 0.5885
12/28 01:32:24 - mmengine - INFO - Epoch(train) [19][ 405/1544]  lr: 1.9824e-03  eta: 2 days, 17:21:43  time: 3.5665  data_time: 0.0023  memory: 19777  grad_norm: 27.1762  loss: 4.9683  loss_text: 0.6307  loss_center: 2.9094  loss_reg_x: 0.8968  loss_reg_y: 0.5315
12/28 01:32:42 - mmengine - INFO - Epoch(train) [19][ 410/1544]  lr: 1.9824e-03  eta: 2 days, 17:21:25  time: 3.6169  data_time: 0.0024  memory: 19777  grad_norm: 25.4398  loss: 4.9402  loss_text: 0.7324  loss_center: 2.9003  loss_reg_x: 0.7740  loss_reg_y: 0.5334
12/28 01:33:01 - mmengine - INFO - Epoch(train) [19][ 415/1544]  lr: 1.9824e-03  eta: 2 days, 17:21:18  time: 3.7477  data_time: 0.0025  memory: 19777  grad_norm: 29.0612  loss: 5.2660  loss_text: 0.8456  loss_center: 2.9429  loss_reg_x: 0.8219  loss_reg_y: 0.6556
12/28 01:33:19 - mmengine - INFO - Epoch(train) [19][ 420/1544]  lr: 1.9824e-03  eta: 2 days, 17:20:52  time: 3.6748  data_time: 0.0024  memory: 19777  grad_norm: 25.4616  loss: 5.2687  loss_text: 0.7849  loss_center: 2.8922  loss_reg_x: 0.9042  loss_reg_y: 0.6874
12/28 01:33:37 - mmengine - INFO - Epoch(train) [19][ 425/1544]  lr: 1.9824e-03  eta: 2 days, 17:20:28  time: 3.5429  data_time: 0.0023  memory: 19777  grad_norm: 23.1433  loss: 5.1354  loss_text: 0.7686  loss_center: 2.8751  loss_reg_x: 0.8391  loss_reg_y: 0.6526
12/28 01:33:54 - mmengine - INFO - Epoch(train) [19][ 430/1544]  lr: 1.9824e-03  eta: 2 days, 17:19:50  time: 3.4505  data_time: 0.0023  memory: 19777  grad_norm: 24.8886  loss: 5.1442  loss_text: 0.8056  loss_center: 2.9306  loss_reg_x: 0.7838  loss_reg_y: 0.6242
12/28 01:34:12 - mmengine - INFO - Epoch(train) [19][ 435/1544]  lr: 1.9824e-03  eta: 2 days, 17:19:29  time: 3.4719  data_time: 0.0024  memory: 19777  grad_norm: 22.5700  loss: 5.2293  loss_text: 0.7958  loss_center: 2.9286  loss_reg_x: 0.8437  loss_reg_y: 0.6612
12/28 01:34:29 - mmengine - INFO - Epoch(train) [19][ 440/1544]  lr: 1.9824e-03  eta: 2 days, 17:19:01  time: 3.5563  data_time: 0.0042  memory: 19777  grad_norm: 22.5353  loss: 5.3333  loss_text: 0.7685  loss_center: 2.9282  loss_reg_x: 0.9412  loss_reg_y: 0.6955
12/28 01:34:48 - mmengine - INFO - Epoch(train) [19][ 445/1544]  lr: 1.9824e-03  eta: 2 days, 17:18:49  time: 3.6279  data_time: 0.0043  memory: 19777  grad_norm: 19.1871  loss: 5.1637  loss_text: 0.7279  loss_center: 2.9222  loss_reg_x: 0.9176  loss_reg_y: 0.5960
12/28 01:35:06 - mmengine - INFO - Epoch(train) [19][ 450/1544]  lr: 1.9824e-03  eta: 2 days, 17:18:25  time: 3.6487  data_time: 0.0025  memory: 19777  grad_norm: 19.1971  loss: 5.1460  loss_text: 0.7653  loss_center: 2.9199  loss_reg_x: 0.9040  loss_reg_y: 0.5567
12/28 01:35:25 - mmengine - INFO - Epoch(train) [19][ 455/1544]  lr: 1.9824e-03  eta: 2 days, 17:18:17  time: 3.6854  data_time: 0.0024  memory: 19777  grad_norm: 24.5098  loss: 5.2937  loss_text: 0.8391  loss_center: 2.9379  loss_reg_x: 0.9476  loss_reg_y: 0.5690
12/28 01:35:44 - mmengine - INFO - Epoch(train) [19][ 460/1544]  lr: 1.9824e-03  eta: 2 days, 17:18:18  time: 3.8859  data_time: 0.0024  memory: 19777  grad_norm: 25.3117  loss: 5.2898  loss_text: 0.8309  loss_center: 2.9304  loss_reg_x: 0.8922  loss_reg_y: 0.6364
12/28 01:36:03 - mmengine - INFO - Epoch(train) [19][ 465/1544]  lr: 1.9824e-03  eta: 2 days, 17:17:59  time: 3.7981  data_time: 0.0023  memory: 19777  grad_norm: 26.4651  loss: 5.6345  loss_text: 0.8606  loss_center: 2.9414  loss_reg_x: 1.0807  loss_reg_y: 0.7518
12/28 01:36:22 - mmengine - INFO - Epoch(train) [19][ 470/1544]  lr: 1.9824e-03  eta: 2 days, 17:17:52  time: 3.7359  data_time: 0.0022  memory: 19777  grad_norm: 29.6030  loss: 5.8850  loss_text: 0.9170  loss_center: 2.9578  loss_reg_x: 1.2262  loss_reg_y: 0.7841
12/28 01:36:38 - mmengine - INFO - Epoch(train) [19][ 475/1544]  lr: 1.9824e-03  eta: 2 days, 17:17:06  time: 3.5179  data_time: 0.0023  memory: 19777  grad_norm: 24.3084  loss: 5.3893  loss_text: 0.8323  loss_center: 2.9405  loss_reg_x: 0.9582  loss_reg_y: 0.6583
12/28 01:36:55 - mmengine - INFO - Epoch(train) [19][ 480/1544]  lr: 1.9824e-03  eta: 2 days, 17:16:34  time: 3.3251  data_time: 0.0023  memory: 19777  grad_norm: 26.7587  loss: 5.3967  loss_text: 0.7815  loss_center: 2.9461  loss_reg_x: 1.0589  loss_reg_y: 0.6103
12/28 01:37:11 - mmengine - INFO - Epoch(train) [19][ 485/1544]  lr: 1.9824e-03  eta: 2 days, 17:15:48  time: 3.3198  data_time: 0.0024  memory: 19777  grad_norm: 26.5230  loss: 5.5029  loss_text: 0.7708  loss_center: 2.9550  loss_reg_x: 1.1732  loss_reg_y: 0.6038
12/28 01:37:30 - mmengine - INFO - Epoch(train) [19][ 490/1544]  lr: 1.9824e-03  eta: 2 days, 17:15:35  time: 3.4653  data_time: 0.0024  memory: 19777  grad_norm: 27.8425  loss: 5.3566  loss_text: 0.7714  loss_center: 2.9485  loss_reg_x: 1.0084  loss_reg_y: 0.6282
12/28 01:37:50 - mmengine - INFO - Epoch(train) [19][ 495/1544]  lr: 1.9824e-03  eta: 2 days, 17:15:39  time: 3.8720  data_time: 0.0023  memory: 19777  grad_norm: 30.3721  loss: 5.2038  loss_text: 0.7463  loss_center: 2.9249  loss_reg_x: 0.9095  loss_reg_y: 0.6230
12/28 01:38:07 - mmengine - INFO - Epoch(train) [19][ 500/1544]  lr: 1.9824e-03  eta: 2 days, 17:15:11  time: 3.7507  data_time: 0.0024  memory: 19777  grad_norm: 22.7210  loss: 5.1934  loss_text: 0.7283  loss_center: 2.9322  loss_reg_x: 0.9420  loss_reg_y: 0.5909
12/28 01:38:24 - mmengine - INFO - Epoch(train) [19][ 505/1544]  lr: 1.9824e-03  eta: 2 days, 17:14:31  time: 3.3992  data_time: 0.0024  memory: 19777  grad_norm: 21.8497  loss: 5.3049  loss_text: 0.7557  loss_center: 2.9342  loss_reg_x: 0.9129  loss_reg_y: 0.7021
12/28 01:38:40 - mmengine - INFO - Epoch(train) [19][ 510/1544]  lr: 1.9824e-03  eta: 2 days, 17:13:52  time: 3.3121  data_time: 0.0022  memory: 19777  grad_norm: 24.4333  loss: 5.2682  loss_text: 0.7620  loss_center: 2.9312  loss_reg_x: 0.9230  loss_reg_y: 0.6520
12/28 01:38:59 - mmengine - INFO - Epoch(train) [19][ 515/1544]  lr: 1.9824e-03  eta: 2 days, 17:13:36  time: 3.5001  data_time: 0.0023  memory: 19777  grad_norm: 24.7826  loss: 5.1267  loss_text: 0.7007  loss_center: 2.9397  loss_reg_x: 0.9282  loss_reg_y: 0.5582
12/28 01:39:17 - mmengine - INFO - Epoch(train) [19][ 520/1544]  lr: 1.9824e-03  eta: 2 days, 17:13:18  time: 3.6722  data_time: 0.0024  memory: 19777  grad_norm: 22.2499  loss: 5.1647  loss_text: 0.7702  loss_center: 2.9426  loss_reg_x: 0.8512  loss_reg_y: 0.6008
12/28 01:39:33 - mmengine - INFO - Epoch(train) [19][ 525/1544]  lr: 1.9824e-03  eta: 2 days, 17:12:34  time: 3.4465  data_time: 0.0027  memory: 19777  grad_norm: 22.8485  loss: 5.4700  loss_text: 0.8414  loss_center: 2.9576  loss_reg_x: 1.0712  loss_reg_y: 0.5998
12/28 01:39:51 - mmengine - INFO - Epoch(train) [19][ 530/1544]  lr: 1.9824e-03  eta: 2 days, 17:12:05  time: 3.3562  data_time: 0.0027  memory: 19777  grad_norm: 24.9680  loss: 5.6852  loss_text: 0.8562  loss_center: 2.9618  loss_reg_x: 1.1905  loss_reg_y: 0.6767
12/28 01:40:07 - mmengine - INFO - Epoch(train) [19][ 535/1544]  lr: 1.9824e-03  eta: 2 days, 17:11:25  time: 3.3858  data_time: 0.0023  memory: 19777  grad_norm: 23.8762  loss: 5.6484  loss_text: 0.8865  loss_center: 2.9448  loss_reg_x: 1.0139  loss_reg_y: 0.8033
12/28 01:40:25 - mmengine - INFO - Epoch(train) [19][ 540/1544]  lr: 1.9824e-03  eta: 2 days, 17:10:57  time: 3.4009  data_time: 0.0023  memory: 19777  grad_norm: 23.1676  loss: 5.4633  loss_text: 0.8313  loss_center: 2.9509  loss_reg_x: 0.9808  loss_reg_y: 0.7003
12/28 01:40:42 - mmengine - INFO - Epoch(train) [19][ 545/1544]  lr: 1.9824e-03  eta: 2 days, 17:10:32  time: 3.5216  data_time: 0.0023  memory: 19777  grad_norm: 22.6282  loss: 5.3091  loss_text: 0.7873  loss_center: 2.9586  loss_reg_x: 0.9934  loss_reg_y: 0.5698
12/28 01:40:59 - mmengine - INFO - Epoch(train) [19][ 550/1544]  lr: 1.9824e-03  eta: 2 days, 17:10:00  time: 3.4827  data_time: 0.0025  memory: 19777  grad_norm: 29.5105  loss: 5.7304  loss_text: 0.8846  loss_center: 2.9637  loss_reg_x: 1.1624  loss_reg_y: 0.7197
12/28 01:41:18 - mmengine - INFO - Epoch(train) [19][ 555/1544]  lr: 1.9824e-03  eta: 2 days, 17:09:42  time: 3.5415  data_time: 0.0025  memory: 19777  grad_norm: 28.6595  loss: 5.9342  loss_text: 0.9011  loss_center: 2.9587  loss_reg_x: 1.3159  loss_reg_y: 0.7585
12/28 01:41:36 - mmengine - INFO - Epoch(train) [19][ 560/1544]  lr: 1.9824e-03  eta: 2 days, 17:09:27  time: 3.6716  data_time: 0.0024  memory: 19777  grad_norm: 18.5031  loss: 5.1788  loss_text: 0.7274  loss_center: 2.9247  loss_reg_x: 0.9601  loss_reg_y: 0.5666
12/28 01:41:53 - mmengine - INFO - Epoch(train) [19][ 565/1544]  lr: 1.9824e-03  eta: 2 days, 17:08:56  time: 3.5671  data_time: 0.0025  memory: 19777  grad_norm: 17.0542  loss: 4.9387  loss_text: 0.6815  loss_center: 2.9176  loss_reg_x: 0.7943  loss_reg_y: 0.5452
12/28 01:42:12 - mmengine - INFO - Epoch(train) [19][ 570/1544]  lr: 1.9824e-03  eta: 2 days, 17:08:36  time: 3.5339  data_time: 0.0026  memory: 19777  grad_norm: 24.2140  loss: 5.4824  loss_text: 0.8646  loss_center: 2.9310  loss_reg_x: 0.9806  loss_reg_y: 0.7062
12/28 01:42:29 - mmengine - INFO - Epoch(train) [19][ 575/1544]  lr: 1.9824e-03  eta: 2 days, 17:08:04  time: 3.5233  data_time: 0.0024  memory: 19777  grad_norm: 29.4593  loss: 5.7166  loss_text: 0.8809  loss_center: 2.9500  loss_reg_x: 1.1227  loss_reg_y: 0.7629
12/28 01:42:47 - mmengine - INFO - Epoch(train) [19][ 580/1544]  lr: 1.9824e-03  eta: 2 days, 17:07:42  time: 3.5051  data_time: 0.0023  memory: 19777  grad_norm: 25.9432  loss: 5.2745  loss_text: 0.6973  loss_center: 2.9460  loss_reg_x: 0.9868  loss_reg_y: 0.6444
12/28 01:43:05 - mmengine - INFO - Epoch(train) [19][ 585/1544]  lr: 1.9824e-03  eta: 2 days, 17:07:22  time: 3.6011  data_time: 0.0023  memory: 19777  grad_norm: 22.4557  loss: 4.9616  loss_text: 0.6588  loss_center: 2.9275  loss_reg_x: 0.8086  loss_reg_y: 0.5667
12/28 01:43:23 - mmengine - INFO - Epoch(train) [19][ 590/1544]  lr: 1.9824e-03  eta: 2 days, 17:07:09  time: 3.6751  data_time: 0.0024  memory: 19777  grad_norm: 20.7400  loss: 4.8598  loss_text: 0.6572  loss_center: 2.9150  loss_reg_x: 0.7527  loss_reg_y: 0.5348
12/28 01:43:42 - mmengine - INFO - Epoch(train) [19][ 595/1544]  lr: 1.9824e-03  eta: 2 days, 17:07:01  time: 3.7802  data_time: 0.0024  memory: 19777  grad_norm: 18.4959  loss: 4.9552  loss_text: 0.6835  loss_center: 2.9195  loss_reg_x: 0.7970  loss_reg_y: 0.5551
12/28 01:44:00 - mmengine - INFO - Epoch(train) [19][ 600/1544]  lr: 1.9824e-03  eta: 2 days, 17:06:38  time: 3.6959  data_time: 0.0025  memory: 19777  grad_norm: 18.4507  loss: 5.1236  loss_text: 0.7571  loss_center: 2.9374  loss_reg_x: 0.8721  loss_reg_y: 0.5571
12/28 01:44:17 - mmengine - INFO - Epoch(train) [19][ 605/1544]  lr: 1.9824e-03  eta: 2 days, 17:05:55  time: 3.4023  data_time: 0.0026  memory: 19777  grad_norm: 21.9397  loss: 5.2459  loss_text: 0.8436  loss_center: 2.9459  loss_reg_x: 0.9087  loss_reg_y: 0.5477
12/28 01:44:35 - mmengine - INFO - Epoch(train) [19][ 610/1544]  lr: 1.9824e-03  eta: 2 days, 17:05:36  time: 3.4388  data_time: 0.0024  memory: 19777  grad_norm: 26.6182  loss: 5.6250  loss_text: 0.9258  loss_center: 2.9540  loss_reg_x: 1.1126  loss_reg_y: 0.6326
12/28 01:44:51 - mmengine - INFO - Epoch(train) [19][ 615/1544]  lr: 1.9824e-03  eta: 2 days, 17:04:58  time: 3.4867  data_time: 0.0024  memory: 19777  grad_norm: 25.0887  loss: 5.6136  loss_text: 0.8985  loss_center: 2.9522  loss_reg_x: 1.1085  loss_reg_y: 0.6545
12/28 01:45:07 - mmengine - INFO - Epoch(train) [19][ 620/1544]  lr: 1.9824e-03  eta: 2 days, 17:04:13  time: 3.2650  data_time: 0.0023  memory: 19777  grad_norm: 24.3689  loss: 5.4906  loss_text: 0.8111  loss_center: 2.9452  loss_reg_x: 1.0458  loss_reg_y: 0.6886
12/28 01:45:26 - mmengine - INFO - Epoch(train) [19][ 625/1544]  lr: 1.9824e-03  eta: 2 days, 17:04:02  time: 3.4871  data_time: 0.0023  memory: 19777  grad_norm: 24.7391  loss: 5.4062  loss_text: 0.7738  loss_center: 2.9328  loss_reg_x: 1.0032  loss_reg_y: 0.6964
12/28 01:45:43 - mmengine - INFO - Epoch(train) [19][ 630/1544]  lr: 1.9824e-03  eta: 2 days, 17:03:23  time: 3.5426  data_time: 0.0023  memory: 19777  grad_norm: 21.0227  loss: 5.3927  loss_text: 0.8156  loss_center: 2.9274  loss_reg_x: 0.9071  loss_reg_y: 0.7426
12/28 01:46:00 - mmengine - INFO - Epoch(train) [19][ 635/1544]  lr: 1.9824e-03  eta: 2 days, 17:02:48  time: 3.3358  data_time: 0.0023  memory: 19777  grad_norm: 20.1090  loss: 5.2990  loss_text: 0.8144  loss_center: 2.9262  loss_reg_x: 0.9129  loss_reg_y: 0.6454
12/28 01:46:16 - mmengine - INFO - Epoch(train) [19][ 640/1544]  lr: 1.9824e-03  eta: 2 days, 17:02:13  time: 3.3693  data_time: 0.0022  memory: 19777  grad_norm: 23.5310  loss: 5.1714  loss_text: 0.7638  loss_center: 2.9353  loss_reg_x: 0.9217  loss_reg_y: 0.5506
12/28 01:46:34 - mmengine - INFO - Epoch(train) [19][ 645/1544]  lr: 1.9824e-03  eta: 2 days, 17:01:51  time: 3.4776  data_time: 0.0024  memory: 19777  grad_norm: 24.4870  loss: 5.2315  loss_text: 0.7739  loss_center: 2.9433  loss_reg_x: 0.8736  loss_reg_y: 0.6407
12/28 01:46:52 - mmengine - INFO - Epoch(train) [19][ 650/1544]  lr: 1.9824e-03  eta: 2 days, 17:01:24  time: 3.5458  data_time: 0.0024  memory: 19777  grad_norm: 19.8962  loss: 5.1682  loss_text: 0.7612  loss_center: 2.9399  loss_reg_x: 0.8521  loss_reg_y: 0.6149
12/28 01:47:11 - mmengine - INFO - Epoch(train) [19][ 655/1544]  lr: 1.9824e-03  eta: 2 days, 17:01:22  time: 3.7055  data_time: 0.0023  memory: 19777  grad_norm: 19.7042  loss: 5.3023  loss_text: 0.8277  loss_center: 2.9397  loss_reg_x: 0.9821  loss_reg_y: 0.5529
12/28 01:47:29 - mmengine - INFO - Epoch(train) [19][ 660/1544]  lr: 1.9824e-03  eta: 2 days, 17:01:01  time: 3.7520  data_time: 0.0023  memory: 19777  grad_norm: 21.5761  loss: 5.2091  loss_text: 0.8115  loss_center: 2.9237  loss_reg_x: 0.9357  loss_reg_y: 0.5382
12/28 01:47:47 - mmengine - INFO - Epoch(train) [19][ 665/1544]  lr: 1.9824e-03  eta: 2 days, 17:00:32  time: 3.5372  data_time: 0.0023  memory: 19777  grad_norm: 20.8286  loss: 5.0944  loss_text: 0.7166  loss_center: 2.8573  loss_reg_x: 0.9281  loss_reg_y: 0.5924
12/28 01:48:07 - mmengine - INFO - Epoch(train) [19][ 670/1544]  lr: 1.9824e-03  eta: 2 days, 17:00:32  time: 3.7145  data_time: 0.0026  memory: 19777  grad_norm: 19.3760  loss: 5.1328  loss_text: 0.7815  loss_center: 2.8618  loss_reg_x: 0.9121  loss_reg_y: 0.5774
12/28 01:48:23 - mmengine - INFO - Epoch(train) [19][ 675/1544]  lr: 1.9824e-03  eta: 2 days, 16:59:55  time: 3.6395  data_time: 0.0026  memory: 19777  grad_norm: 18.3491  loss: 5.1082  loss_text: 0.8455  loss_center: 2.9244  loss_reg_x: 0.7689  loss_reg_y: 0.5694
12/28 01:48:41 - mmengine - INFO - Epoch(train) [19][ 680/1544]  lr: 1.9824e-03  eta: 2 days, 16:59:37  time: 3.4855  data_time: 0.0023  memory: 19777  grad_norm: 19.6759  loss: 5.1620  loss_text: 0.7679  loss_center: 2.9321  loss_reg_x: 0.8682  loss_reg_y: 0.5938
12/28 01:49:02 - mmengine - INFO - Epoch(train) [19][ 685/1544]  lr: 1.9824e-03  eta: 2 days, 16:59:45  time: 3.8697  data_time: 0.0023  memory: 19777  grad_norm: 26.8040  loss: 5.4347  loss_text: 0.7943  loss_center: 2.9335  loss_reg_x: 1.0812  loss_reg_y: 0.6258
12/28 01:49:21 - mmengine - INFO - Epoch(train) [19][ 690/1544]  lr: 1.9824e-03  eta: 2 days, 16:59:33  time: 3.9192  data_time: 0.0031  memory: 19777  grad_norm: 25.8710  loss: 5.3611  loss_text: 0.7976  loss_center: 2.9284  loss_reg_x: 0.9817  loss_reg_y: 0.6534
12/28 01:49:39 - mmengine - INFO - Epoch(train) [19][ 695/1544]  lr: 1.9824e-03  eta: 2 days, 16:59:17  time: 3.7134  data_time: 0.0031  memory: 19777  grad_norm: 23.0521  loss: 5.0366  loss_text: 0.7202  loss_center: 2.9264  loss_reg_x: 0.7769  loss_reg_y: 0.6131
12/28 01:49:57 - mmengine - INFO - Epoch(train) [19][ 700/1544]  lr: 1.9824e-03  eta: 2 days, 16:58:50  time: 3.5896  data_time: 0.0024  memory: 19777  grad_norm: 31.5083  loss: 5.2766  loss_text: 0.8135  loss_center: 2.9384  loss_reg_x: 0.8640  loss_reg_y: 0.6607
12/28 01:50:16 - mmengine - INFO - Epoch(train) [19][ 705/1544]  lr: 1.9824e-03  eta: 2 days, 16:58:42  time: 3.6583  data_time: 0.0024  memory: 19777  grad_norm: 31.5242  loss: 5.4867  loss_text: 0.8754  loss_center: 2.9526  loss_reg_x: 0.9361  loss_reg_y: 0.7226
12/28 01:50:34 - mmengine - INFO - Epoch(train) [19][ 710/1544]  lr: 1.9824e-03  eta: 2 days, 16:58:24  time: 3.7386  data_time: 0.0023  memory: 19777  grad_norm: 23.9859  loss: 5.2859  loss_text: 0.8306  loss_center: 2.9397  loss_reg_x: 0.8593  loss_reg_y: 0.6564
12/28 01:50:52 - mmengine - INFO - Epoch(train) [19][ 715/1544]  lr: 1.9824e-03  eta: 2 days, 16:57:59  time: 3.5954  data_time: 0.0023  memory: 19777  grad_norm: 23.4838  loss: 5.1303  loss_text: 0.7908  loss_center: 2.9339  loss_reg_x: 0.8140  loss_reg_y: 0.5916
12/28 01:51:11 - mmengine - INFO - Epoch(train) [19][ 720/1544]  lr: 1.9824e-03  eta: 2 days, 16:57:58  time: 3.7332  data_time: 0.0027  memory: 19777  grad_norm: 23.9927  loss: 5.1796  loss_text: 0.8449  loss_center: 2.9276  loss_reg_x: 0.8121  loss_reg_y: 0.5950
12/28 01:51:28 - mmengine - INFO - Epoch(train) [19][ 725/1544]  lr: 1.9824e-03  eta: 2 days, 16:57:23  time: 3.6500  data_time: 0.0027  memory: 19777  grad_norm: 24.1104  loss: 5.2582  loss_text: 0.8163  loss_center: 2.9321  loss_reg_x: 0.8655  loss_reg_y: 0.6442
12/28 01:51:44 - mmengine - INFO - Epoch(train) [19][ 730/1544]  lr: 1.9824e-03  eta: 2 days, 16:56:40  time: 3.2975  data_time: 0.0023  memory: 19777  grad_norm: 25.1641  loss: 5.2220  loss_text: 0.7281  loss_center: 2.9449  loss_reg_x: 0.9430  loss_reg_y: 0.6059
12/28 01:52:02 - mmengine - INFO - Epoch(train) [19][ 735/1544]  lr: 1.9824e-03  eta: 2 days, 16:56:10  time: 3.3462  data_time: 0.0026  memory: 19777  grad_norm: 25.7510  loss: 5.3555  loss_text: 0.7586  loss_center: 2.9499  loss_reg_x: 0.9148  loss_reg_y: 0.7322
12/28 01:52:18 - mmengine - INFO - Epoch(train) [19][ 740/1544]  lr: 1.9824e-03  eta: 2 days, 16:55:37  time: 3.4233  data_time: 0.0025  memory: 19777  grad_norm: 31.0203  loss: 5.2874  loss_text: 0.7692  loss_center: 2.9387  loss_reg_x: 0.8506  loss_reg_y: 0.7289
12/28 01:52:37 - mmengine - INFO - Epoch(train) [19][ 745/1544]  lr: 1.9824e-03  eta: 2 days, 16:55:19  time: 3.5202  data_time: 0.0024  memory: 19777  grad_norm: 28.3713  loss: 5.0620  loss_text: 0.7698  loss_center: 2.9311  loss_reg_x: 0.8210  loss_reg_y: 0.5401
12/28 01:52:56 - mmengine - INFO - Epoch(train) [19][ 750/1544]  lr: 1.9824e-03  eta: 2 days, 16:55:08  time: 3.7103  data_time: 0.0027  memory: 19777  grad_norm: 25.8301  loss: 5.1534  loss_text: 0.8073  loss_center: 2.9325  loss_reg_x: 0.8341  loss_reg_y: 0.5794
12/28 01:53:14 - mmengine - INFO - Epoch(train) [19][ 755/1544]  lr: 1.9824e-03  eta: 2 days, 16:54:57  time: 3.7694  data_time: 0.0025  memory: 19777  grad_norm: 29.6691  loss: 5.4311  loss_text: 0.8966  loss_center: 2.9377  loss_reg_x: 0.9208  loss_reg_y: 0.6759
12/28 01:53:33 - mmengine - INFO - Epoch(train) [19][ 760/1544]  lr: 1.9824e-03  eta: 2 days, 16:54:40  time: 3.7202  data_time: 0.0023  memory: 19777  grad_norm: 24.3667  loss: 5.3699  loss_text: 0.8180  loss_center: 2.9442  loss_reg_x: 0.8812  loss_reg_y: 0.7264
12/28 01:53:50 - mmengine - INFO - Epoch(train) [19][ 765/1544]  lr: 1.9824e-03  eta: 2 days, 16:54:09  time: 3.5513  data_time: 0.0024  memory: 19777  grad_norm: 18.7789  loss: 5.0445  loss_text: 0.7047  loss_center: 2.9295  loss_reg_x: 0.7401  loss_reg_y: 0.6702
12/28 01:54:08 - mmengine - INFO - Epoch(train) [19][ 770/1544]  lr: 1.9824e-03  eta: 2 days, 16:53:44  time: 3.4761  data_time: 0.0024  memory: 19777  grad_norm: 17.1060  loss: 4.9932  loss_text: 0.7095  loss_center: 2.9231  loss_reg_x: 0.7498  loss_reg_y: 0.6108
12/28 01:54:27 - mmengine - INFO - Epoch(train) [19][ 775/1544]  lr: 1.9824e-03  eta: 2 days, 16:53:36  time: 3.6740  data_time: 0.0023  memory: 19777  grad_norm: 17.3942  loss: 4.9257  loss_text: 0.6625  loss_center: 2.9210  loss_reg_x: 0.8102  loss_reg_y: 0.5320
12/28 01:54:44 - mmengine - INFO - Epoch(train) [19][ 780/1544]  lr: 1.9824e-03  eta: 2 days, 16:53:04  time: 3.6207  data_time: 0.0023  memory: 19777  grad_norm: 25.6827  loss: 5.4133  loss_text: 0.8436  loss_center: 2.9260  loss_reg_x: 0.9198  loss_reg_y: 0.7239
12/28 01:55:02 - mmengine - INFO - Epoch(train) [19][ 785/1544]  lr: 1.9824e-03  eta: 2 days, 16:52:40  time: 3.4804  data_time: 0.0025  memory: 19777  grad_norm: 28.2155  loss: 5.4717  loss_text: 0.8761  loss_center: 2.9380  loss_reg_x: 0.8910  loss_reg_y: 0.7666
12/28 01:55:22 - mmengine - INFO - Epoch(train) [19][ 790/1544]  lr: 1.9824e-03  eta: 2 days, 16:52:46  time: 3.7976  data_time: 0.0024  memory: 19777  grad_norm: 28.1509  loss: 5.4158  loss_text: 0.7879  loss_center: 2.9383  loss_reg_x: 0.9171  loss_reg_y: 0.7725
12/28 01:55:38 - mmengine - INFO - Epoch(train) [19][ 795/1544]  lr: 1.9824e-03  eta: 2 days, 16:52:06  time: 3.6650  data_time: 0.0022  memory: 19777  grad_norm: 28.7169  loss: 5.5874  loss_text: 0.8612  loss_center: 2.9234  loss_reg_x: 1.0438  loss_reg_y: 0.7589
12/28 01:55:56 - mmengine - INFO - Epoch(train) [19][ 800/1544]  lr: 1.9824e-03  eta: 2 days, 16:51:43  time: 3.4247  data_time: 0.0022  memory: 19777  grad_norm: 22.6029  loss: 5.3192  loss_text: 0.8041  loss_center: 2.9211  loss_reg_x: 0.9296  loss_reg_y: 0.6644
12/28 01:56:13 - mmengine - INFO - Epoch(train) [19][ 805/1544]  lr: 1.9824e-03  eta: 2 days, 16:51:13  time: 3.5055  data_time: 0.0027  memory: 19777  grad_norm: 25.1372  loss: 5.4484  loss_text: 0.8192  loss_center: 2.9441  loss_reg_x: 0.9115  loss_reg_y: 0.7736
12/28 01:56:34 - mmengine - INFO - Epoch(train) [19][ 810/1544]  lr: 1.9824e-03  eta: 2 days, 16:51:24  time: 3.7901  data_time: 0.0028  memory: 19777  grad_norm: 24.8132  loss: 5.2856  loss_text: 0.8227  loss_center: 2.9454  loss_reg_x: 0.8387  loss_reg_y: 0.6789
12/28 01:56:51 - mmengine - INFO - Epoch(train) [19][ 815/1544]  lr: 1.9824e-03  eta: 2 days, 16:50:57  time: 3.8193  data_time: 0.0024  memory: 19777  grad_norm: 25.1392  loss: 5.1557  loss_text: 0.7648  loss_center: 2.9340  loss_reg_x: 0.8207  loss_reg_y: 0.6363
12/28 01:57:12 - mmengine - INFO - Epoch(train) [19][ 820/1544]  lr: 1.9824e-03  eta: 2 days, 16:51:03  time: 3.7790  data_time: 0.0023  memory: 19777  grad_norm: 29.6200  loss: 5.3466  loss_text: 0.8067  loss_center: 2.9348  loss_reg_x: 0.9175  loss_reg_y: 0.6877
12/28 01:57:29 - mmengine - INFO - Epoch(train) [19][ 825/1544]  lr: 1.9824e-03  eta: 2 days, 16:50:38  time: 3.7971  data_time: 0.0023  memory: 19777  grad_norm: 31.4406  loss: 5.2311  loss_text: 0.7768  loss_center: 2.9244  loss_reg_x: 0.8902  loss_reg_y: 0.6397
12/28 01:57:47 - mmengine - INFO - Epoch(train) [19][ 830/1544]  lr: 1.9824e-03  eta: 2 days, 16:50:16  time: 3.5618  data_time: 0.0027  memory: 19777  grad_norm: 24.8422  loss: 5.0676  loss_text: 0.7113  loss_center: 2.9129  loss_reg_x: 0.9182  loss_reg_y: 0.5253
12/28 01:58:05 - mmengine - INFO - Epoch(train) [19][ 835/1544]  lr: 1.9824e-03  eta: 2 days, 16:49:46  time: 3.5131  data_time: 0.0026  memory: 19777  grad_norm: 20.4638  loss: 5.1561  loss_text: 0.7206  loss_center: 2.9207  loss_reg_x: 0.9203  loss_reg_y: 0.5945
12/28 01:58:22 - mmengine - INFO - Epoch(train) [19][ 840/1544]  lr: 1.9824e-03  eta: 2 days, 16:49:25  time: 3.5145  data_time: 0.0024  memory: 19777  grad_norm: 22.8547  loss: 5.2074  loss_text: 0.7313  loss_center: 2.9281  loss_reg_x: 0.8583  loss_reg_y: 0.6897
12/28 01:58:41 - mmengine - INFO - Epoch(train) [19][ 845/1544]  lr: 1.9824e-03  eta: 2 days, 16:49:15  time: 3.6938  data_time: 0.0025  memory: 19777  grad_norm: 23.7245  loss: 5.3326  loss_text: 0.8281  loss_center: 2.9361  loss_reg_x: 0.8841  loss_reg_y: 0.6843
12/28 01:59:00 - mmengine - INFO - Epoch(train) [19][ 850/1544]  lr: 1.9824e-03  eta: 2 days, 16:49:06  time: 3.7984  data_time: 0.0025  memory: 19777  grad_norm: 26.8007  loss: 5.5897  loss_text: 0.9103  loss_center: 2.9519  loss_reg_x: 1.0561  loss_reg_y: 0.6713
12/28 01:59:17 - mmengine - INFO - Epoch(train) [19][ 855/1544]  lr: 1.9824e-03  eta: 2 days, 16:48:27  time: 3.5439  data_time: 0.0026  memory: 19777  grad_norm: 24.9470  loss: 5.5738  loss_text: 0.8701  loss_center: 2.9485  loss_reg_x: 1.1488  loss_reg_y: 0.6063
12/28 01:59:35 - mmengine - INFO - Epoch(train) [19][ 860/1544]  lr: 1.9824e-03  eta: 2 days, 16:48:10  time: 3.4790  data_time: 0.0026  memory: 19777  grad_norm: 20.4620  loss: 5.2275  loss_text: 0.8350  loss_center: 2.9236  loss_reg_x: 0.9705  loss_reg_y: 0.4983
12/28 01:59:53 - mmengine - INFO - Epoch(train) [19][ 865/1544]  lr: 1.9824e-03  eta: 2 days, 16:47:51  time: 3.6527  data_time: 0.0023  memory: 19777  grad_norm: 20.5546  loss: 5.1220  loss_text: 0.7888  loss_center: 2.9159  loss_reg_x: 0.8989  loss_reg_y: 0.5184
12/28 02:00:13 - mmengine - INFO - Epoch(train) [19][ 870/1544]  lr: 1.9824e-03  eta: 2 days, 16:47:47  time: 3.7581  data_time: 0.0023  memory: 19777  grad_norm: 20.2049  loss: 5.0692  loss_text: 0.7677  loss_center: 2.9174  loss_reg_x: 0.8419  loss_reg_y: 0.5422
12/28 02:00:30 - mmengine - INFO - Epoch(train) [19][ 875/1544]  lr: 1.9824e-03  eta: 2 days, 16:47:21  time: 3.6952  data_time: 0.0023  memory: 19777  grad_norm: 16.9296  loss: 4.9798  loss_text: 0.7759  loss_center: 2.9137  loss_reg_x: 0.7911  loss_reg_y: 0.4991
12/28 02:00:50 - mmengine - INFO - Epoch(train) [19][ 880/1544]  lr: 1.9824e-03  eta: 2 days, 16:47:24  time: 3.7661  data_time: 0.0027  memory: 19777  grad_norm: 19.5627  loss: 5.0221  loss_text: 0.7371  loss_center: 2.9223  loss_reg_x: 0.8473  loss_reg_y: 0.5153
12/28 02:01:07 - mmengine - INFO - Epoch(train) [19][ 885/1544]  lr: 1.9824e-03  eta: 2 days, 16:46:48  time: 3.6788  data_time: 0.0027  memory: 19777  grad_norm: 22.4971  loss: 5.1998  loss_text: 0.7694  loss_center: 2.9407  loss_reg_x: 0.9124  loss_reg_y: 0.5772
12/28 02:01:24 - mmengine - INFO - Epoch(train) [19][ 890/1544]  lr: 1.9824e-03  eta: 2 days, 16:46:12  time: 3.3396  data_time: 0.0024  memory: 19777  grad_norm: 21.1282  loss: 5.3549  loss_text: 0.7802  loss_center: 2.9527  loss_reg_x: 0.9927  loss_reg_y: 0.6294
12/28 02:01:42 - mmengine - INFO - Epoch(train) [19][ 895/1544]  lr: 1.9824e-03  eta: 2 days, 16:45:53  time: 3.4876  data_time: 0.0034  memory: 19777  grad_norm: 22.6380  loss: 5.3400  loss_text: 0.7565  loss_center: 2.9585  loss_reg_x: 1.0081  loss_reg_y: 0.6168
12/28 02:01:59 - mmengine - INFO - Epoch(train) [19][ 900/1544]  lr: 1.9824e-03  eta: 2 days, 16:45:19  time: 3.4995  data_time: 0.0034  memory: 19777  grad_norm: 25.9698  loss: 5.3747  loss_text: 0.7913  loss_center: 2.9526  loss_reg_x: 1.0047  loss_reg_y: 0.6261
12/28 02:02:15 - mmengine - INFO - Epoch(train) [19][ 905/1544]  lr: 1.9824e-03  eta: 2 days, 16:44:42  time: 3.3458  data_time: 0.0022  memory: 19777  grad_norm: 22.3133  loss: 5.0384  loss_text: 0.7101  loss_center: 2.9299  loss_reg_x: 0.8079  loss_reg_y: 0.5905
12/28 02:02:34 - mmengine - INFO - Epoch(train) [19][ 910/1544]  lr: 1.9824e-03  eta: 2 days, 16:44:24  time: 3.4873  data_time: 0.0022  memory: 19777  grad_norm: 22.3706  loss: 5.0855  loss_text: 0.6932  loss_center: 2.9412  loss_reg_x: 0.8197  loss_reg_y: 0.6313
12/28 02:02:54 - mmengine - INFO - Epoch(train) [19][ 915/1544]  lr: 1.9824e-03  eta: 2 days, 16:44:26  time: 3.8234  data_time: 0.0025  memory: 19777  grad_norm: 24.9373  loss: 5.2442  loss_text: 0.7901  loss_center: 2.9366  loss_reg_x: 0.8948  loss_reg_y: 0.6226
12/28 02:03:11 - mmengine - INFO - Epoch(train) [19][ 920/1544]  lr: 1.9824e-03  eta: 2 days, 16:43:59  time: 3.7481  data_time: 0.0025  memory: 19777  grad_norm: 25.1750  loss: 5.2117  loss_text: 0.8234  loss_center: 2.9419  loss_reg_x: 0.8675  loss_reg_y: 0.5789
12/28 02:03:29 - mmengine - INFO - Epoch(train) [19][ 925/1544]  lr: 1.9824e-03  eta: 2 days, 16:43:40  time: 3.5645  data_time: 0.0023  memory: 19777  grad_norm: 22.1580  loss: 5.2310  loss_text: 0.7866  loss_center: 2.9481  loss_reg_x: 0.9069  loss_reg_y: 0.5895
12/28 02:03:48 - mmengine - INFO - Epoch(train) [19][ 930/1544]  lr: 1.9824e-03  eta: 2 days, 16:43:23  time: 3.6437  data_time: 0.0023  memory: 19777  grad_norm: 19.8482  loss: 5.0227  loss_text: 0.7094  loss_center: 2.8607  loss_reg_x: 0.8631  loss_reg_y: 0.5895
12/28 02:04:05 - mmengine - INFO - Epoch(train) [19][ 935/1544]  lr: 1.9824e-03  eta: 2 days, 16:42:49  time: 3.5180  data_time: 0.0023  memory: 19777  grad_norm: 20.7480  loss: 5.0195  loss_text: 0.7132  loss_center: 2.8560  loss_reg_x: 0.8067  loss_reg_y: 0.6435
12/28 02:04:23 - mmengine - INFO - Epoch(train) [19][ 940/1544]  lr: 1.9824e-03  eta: 2 days, 16:42:32  time: 3.5208  data_time: 0.0022  memory: 19777  grad_norm: 20.1127  loss: 5.3774  loss_text: 0.8516  loss_center: 2.9334  loss_reg_x: 0.9487  loss_reg_y: 0.6437
12/28 02:04:41 - mmengine - INFO - Epoch(train) [19][ 945/1544]  lr: 1.9824e-03  eta: 2 days, 16:42:18  time: 3.6888  data_time: 0.0022  memory: 19777  grad_norm: 25.1629  loss: 5.5526  loss_text: 0.8865  loss_center: 2.9402  loss_reg_x: 1.1119  loss_reg_y: 0.6140
12/28 02:04:58 - mmengine - INFO - Epoch(train) [19][ 950/1544]  lr: 1.9824e-03  eta: 2 days, 16:41:45  time: 3.5525  data_time: 0.0023  memory: 19777  grad_norm: 27.1447  loss: 5.4629  loss_text: 0.8275  loss_center: 2.9345  loss_reg_x: 1.0617  loss_reg_y: 0.6392
12/28 02:05:16 - mmengine - INFO - Epoch(train) [19][ 955/1544]  lr: 1.9824e-03  eta: 2 days, 16:41:15  time: 3.4132  data_time: 0.0028  memory: 19777  grad_norm: 24.7208  loss: 5.4086  loss_text: 0.8638  loss_center: 2.9516  loss_reg_x: 0.9582  loss_reg_y: 0.6349
12/28 02:05:34 - mmengine - INFO - Epoch(train) [19][ 960/1544]  lr: 1.9824e-03  eta: 2 days, 16:40:59  time: 3.5620  data_time: 0.0029  memory: 19777  grad_norm: 22.0162  loss: 5.5529  loss_text: 0.8695  loss_center: 2.9494  loss_reg_x: 1.0701  loss_reg_y: 0.6640
12/28 02:05:52 - mmengine - INFO - Epoch(train) [19][ 965/1544]  lr: 1.9824e-03  eta: 2 days, 16:40:36  time: 3.6231  data_time: 0.0023  memory: 19777  grad_norm: 22.1045  loss: 5.5674  loss_text: 0.8484  loss_center: 2.9506  loss_reg_x: 1.0897  loss_reg_y: 0.6787
12/28 02:06:10 - mmengine - INFO - Epoch(train) [19][ 970/1544]  lr: 1.9824e-03  eta: 2 days, 16:40:16  time: 3.5833  data_time: 0.0022  memory: 19777  grad_norm: 25.4736  loss: 5.3252  loss_text: 0.8150  loss_center: 2.9600  loss_reg_x: 0.9172  loss_reg_y: 0.6329
12/28 02:06:29 - mmengine - INFO - Epoch(train) [19][ 975/1544]  lr: 1.9824e-03  eta: 2 days, 16:40:12  time: 3.7538  data_time: 0.0026  memory: 19777  grad_norm: 26.5193  loss: 5.4210  loss_text: 0.8144  loss_center: 2.9390  loss_reg_x: 1.0003  loss_reg_y: 0.6673
12/28 02:06:47 - mmengine - INFO - Epoch(train) [19][ 980/1544]  lr: 1.9824e-03  eta: 2 days, 16:39:47  time: 3.7115  data_time: 0.0026  memory: 19777  grad_norm: 28.1344  loss: 5.3920  loss_text: 0.8323  loss_center: 2.9254  loss_reg_x: 0.9934  loss_reg_y: 0.6409
12/28 02:07:05 - mmengine - INFO - Epoch(train) [19][ 985/1544]  lr: 1.9824e-03  eta: 2 days, 16:39:30  time: 3.5948  data_time: 0.0022  memory: 19777  grad_norm: 28.6193  loss: 5.1753  loss_text: 0.7867  loss_center: 2.9488  loss_reg_x: 0.8127  loss_reg_y: 0.6272
12/28 02:07:22 - mmengine - INFO - Epoch(train) [19][ 990/1544]  lr: 1.9824e-03  eta: 2 days, 16:38:57  time: 3.5274  data_time: 0.0022  memory: 19777  grad_norm: 25.8763  loss: 5.3433  loss_text: 0.7862  loss_center: 2.9552  loss_reg_x: 0.8348  loss_reg_y: 0.7671
12/28 02:07:40 - mmengine - INFO - Epoch(train) [19][ 995/1544]  lr: 1.9824e-03  eta: 2 days, 16:38:36  time: 3.4885  data_time: 0.0022  memory: 19777  grad_norm: 25.1508  loss: 5.6354  loss_text: 0.8529  loss_center: 2.9374  loss_reg_x: 1.0121  loss_reg_y: 0.8329
12/28 02:07:58 - mmengine - INFO - Epoch(train) [19][1000/1544]  lr: 1.9824e-03  eta: 2 days, 16:38:09  time: 3.5397  data_time: 0.0023  memory: 19777  grad_norm: 26.2843  loss: 5.7177  loss_text: 0.8535  loss_center: 2.9517  loss_reg_x: 1.0886  loss_reg_y: 0.8239
12/28 02:08:18 - mmengine - INFO - Epoch(train) [19][1005/1544]  lr: 1.9824e-03  eta: 2 days, 16:38:17  time: 3.8018  data_time: 0.0023  memory: 19777  grad_norm: 21.0105  loss: 5.2743  loss_text: 0.7553  loss_center: 2.9513  loss_reg_x: 0.8853  loss_reg_y: 0.6824
12/28 02:08:35 - mmengine - INFO - Epoch(train) [19][1010/1544]  lr: 1.9824e-03  eta: 2 days, 16:37:44  time: 3.7499  data_time: 0.0023  memory: 19777  grad_norm: 20.7116  loss: 5.1332  loss_text: 0.7334  loss_center: 2.9373  loss_reg_x: 0.8193  loss_reg_y: 0.6432
12/28 02:08:54 - mmengine - INFO - Epoch(train) [19][1015/1544]  lr: 1.9824e-03  eta: 2 days, 16:37:34  time: 3.5913  data_time: 0.0024  memory: 19777  grad_norm: 23.8653  loss: 5.2225  loss_text: 0.7651  loss_center: 2.9320  loss_reg_x: 0.8472  loss_reg_y: 0.6782
12/28 02:09:13 - mmengine - INFO - Epoch(train) [19][1020/1544]  lr: 1.9824e-03  eta: 2 days, 16:37:20  time: 3.7540  data_time: 0.0024  memory: 19777  grad_norm: 22.4986  loss: 5.0638  loss_text: 0.7872  loss_center: 2.9302  loss_reg_x: 0.8026  loss_reg_y: 0.5438
12/28 02:09:30 - mmengine - INFO - Epoch(train) [19][1025/1544]  lr: 1.9824e-03  eta: 2 days, 16:36:52  time: 3.5896  data_time: 0.0023  memory: 19777  grad_norm: 21.2657  loss: 5.2142  loss_text: 0.7787  loss_center: 2.9310  loss_reg_x: 0.9316  loss_reg_y: 0.5729
12/28 02:09:49 - mmengine - INFO - Epoch(train) [19][1030/1544]  lr: 1.9824e-03  eta: 2 days, 16:36:46  time: 3.6645  data_time: 0.0023  memory: 19777  grad_norm: 19.0924  loss: 5.2038  loss_text: 0.7236  loss_center: 2.9293  loss_reg_x: 0.9701  loss_reg_y: 0.5807
12/28 02:10:06 - mmengine - INFO - Epoch(train) [19][1035/1544]  lr: 1.9824e-03  eta: 2 days, 16:36:06  time: 3.5634  data_time: 0.0022  memory: 19777  grad_norm: 20.1891  loss: 5.1628  loss_text: 0.7341  loss_center: 2.9449  loss_reg_x: 0.9050  loss_reg_y: 0.5788
12/28 02:10:24 - mmengine - INFO - Epoch(train) [19][1040/1544]  lr: 1.9824e-03  eta: 2 days, 16:35:44  time: 3.4201  data_time: 0.0022  memory: 19777  grad_norm: 27.6082  loss: 5.1864  loss_text: 0.7711  loss_center: 2.9438  loss_reg_x: 0.8535  loss_reg_y: 0.6180
12/28 02:10:45 - mmengine - INFO - Epoch(train) [19][1045/1544]  lr: 1.9824e-03  eta: 2 days, 16:36:03  time: 3.9372  data_time: 0.0023  memory: 19777  grad_norm: 28.3696  loss: 5.1069  loss_text: 0.7407  loss_center: 2.9294  loss_reg_x: 0.8312  loss_reg_y: 0.6057
12/28 02:11:04 - mmengine - INFO - Epoch(train) [19][1050/1544]  lr: 1.9824e-03  eta: 2 days, 16:35:53  time: 4.0527  data_time: 0.0024  memory: 19777  grad_norm: 26.7929  loss: 5.2663  loss_text: 0.7870  loss_center: 2.9403  loss_reg_x: 0.8435  loss_reg_y: 0.6954
12/28 02:11:21 - mmengine - INFO - Epoch(train) [19][1055/1544]  lr: 1.9824e-03  eta: 2 days, 16:35:25  time: 3.6332  data_time: 0.0024  memory: 19777  grad_norm: 29.7072  loss: 5.3876  loss_text: 0.8208  loss_center: 2.9533  loss_reg_x: 0.8954  loss_reg_y: 0.7181
12/28 02:11:39 - mmengine - INFO - Epoch(train) [19][1060/1544]  lr: 1.9824e-03  eta: 2 days, 16:34:59  time: 3.4849  data_time: 0.0026  memory: 19777  grad_norm: 28.1489  loss: 5.1809  loss_text: 0.7308  loss_center: 2.8859  loss_reg_x: 0.9461  loss_reg_y: 0.6181
12/28 02:11:56 - mmengine - INFO - Epoch(train) [19][1065/1544]  lr: 1.9824e-03  eta: 2 days, 16:34:29  time: 3.4707  data_time: 0.0025  memory: 19777  grad_norm: 24.2149  loss: 5.1475  loss_text: 0.7543  loss_center: 2.8733  loss_reg_x: 0.9650  loss_reg_y: 0.5550
12/28 02:12:14 - mmengine - INFO - Epoch(train) [19][1070/1544]  lr: 1.9824e-03  eta: 2 days, 16:34:08  time: 3.5125  data_time: 0.0029  memory: 19777  grad_norm: 22.6198  loss: 5.1227  loss_text: 0.7279  loss_center: 2.9218  loss_reg_x: 0.9316  loss_reg_y: 0.5415
12/28 02:12:32 - mmengine - INFO - Epoch(train) [19][1075/1544]  lr: 1.9824e-03  eta: 2 days, 16:33:46  time: 3.5889  data_time: 0.0029  memory: 19777  grad_norm: 21.5783  loss: 5.0457  loss_text: 0.6974  loss_center: 2.9093  loss_reg_x: 0.8694  loss_reg_y: 0.5695
12/28 02:12:50 - mmengine - INFO - Epoch(train) [19][1080/1544]  lr: 1.9824e-03  eta: 2 days, 16:33:26  time: 3.6005  data_time: 0.0023  memory: 19777  grad_norm: 22.3986  loss: 5.0704  loss_text: 0.7679  loss_center: 2.9221  loss_reg_x: 0.8234  loss_reg_y: 0.5569
12/28 02:13:07 - mmengine - INFO - Epoch(train) [19][1085/1544]  lr: 1.9824e-03  eta: 2 days, 16:32:53  time: 3.4977  data_time: 0.0023  memory: 19777  grad_norm: 21.6377  loss: 5.0102  loss_text: 0.7310  loss_center: 2.9293  loss_reg_x: 0.7948  loss_reg_y: 0.5551
12/28 02:13:24 - mmengine - INFO - Epoch(train) [19][1090/1544]  lr: 1.9824e-03  eta: 2 days, 16:32:27  time: 3.4392  data_time: 0.0022  memory: 19777  grad_norm: 19.3906  loss: 5.1993  loss_text: 0.7727  loss_center: 2.9260  loss_reg_x: 0.9064  loss_reg_y: 0.5942
12/28 02:13:42 - mmengine - INFO - Epoch(train) [19][1095/1544]  lr: 1.9824e-03  eta: 2 days, 16:32:03  time: 3.5184  data_time: 0.0022  memory: 19777  grad_norm: 20.7837  loss: 5.2354  loss_text: 0.7882  loss_center: 2.9214  loss_reg_x: 0.9237  loss_reg_y: 0.6020
12/28 02:13:59 - mmengine - INFO - Epoch(train) [19][1100/1544]  lr: 1.9824e-03  eta: 2 days, 16:31:33  time: 3.4846  data_time: 0.0023  memory: 19777  grad_norm: 20.0241  loss: 5.2175  loss_text: 0.7499  loss_center: 2.9270  loss_reg_x: 0.9189  loss_reg_y: 0.6218
12/28 02:14:17 - mmengine - INFO - Epoch(train) [19][1105/1544]  lr: 1.9824e-03  eta: 2 days, 16:31:09  time: 3.4872  data_time: 0.0023  memory: 19777  grad_norm: 19.4243  loss: 5.0972  loss_text: 0.7243  loss_center: 2.9474  loss_reg_x: 0.8209  loss_reg_y: 0.6047
12/28 02:14:35 - mmengine - INFO - Epoch(train) [19][1110/1544]  lr: 1.9824e-03  eta: 2 days, 16:30:46  time: 3.5480  data_time: 0.0023  memory: 19777  grad_norm: 18.8238  loss: 4.8192  loss_text: 0.6748  loss_center: 2.9265  loss_reg_x: 0.6797  loss_reg_y: 0.5382
12/28 02:14:53 - mmengine - INFO - Epoch(train) [19][1115/1544]  lr: 1.9824e-03  eta: 2 days, 16:30:24  time: 3.5647  data_time: 0.0023  memory: 19777  grad_norm: 22.2596  loss: 5.0602  loss_text: 0.7672  loss_center: 2.9222  loss_reg_x: 0.8170  loss_reg_y: 0.5539
12/28 02:15:10 - mmengine - INFO - Epoch(train) [19][1120/1544]  lr: 1.9824e-03  eta: 2 days, 16:29:52  time: 3.4830  data_time: 0.0022  memory: 19777  grad_norm: 22.9660  loss: 5.2675  loss_text: 0.8095  loss_center: 2.9323  loss_reg_x: 0.8863  loss_reg_y: 0.6394
12/28 02:15:28 - mmengine - INFO - Epoch(train) [19][1125/1544]  lr: 1.9824e-03  eta: 2 days, 16:29:31  time: 3.4910  data_time: 0.0022  memory: 19777  grad_norm: 20.1283  loss: 5.1412  loss_text: 0.7206  loss_center: 2.9269  loss_reg_x: 0.8759  loss_reg_y: 0.6178
12/28 02:15:45 - mmengine - INFO - Epoch(train) [19][1130/1544]  lr: 1.9824e-03  eta: 2 days, 16:29:05  time: 3.5551  data_time: 0.0022  memory: 19777  grad_norm: 21.5488  loss: 5.4039  loss_text: 0.8104  loss_center: 2.9404  loss_reg_x: 1.0435  loss_reg_y: 0.6096
12/28 02:16:04 - mmengine - INFO - Epoch(train) [19][1135/1544]  lr: 1.9824e-03  eta: 2 days, 16:28:53  time: 3.6347  data_time: 0.0024  memory: 19777  grad_norm: 24.7961  loss: 5.6130  loss_text: 0.8632  loss_center: 2.9436  loss_reg_x: 1.1282  loss_reg_y: 0.6780
12/28 02:16:22 - mmengine - INFO - Epoch(train) [19][1140/1544]  lr: 1.9824e-03  eta: 2 days, 16:28:37  time: 3.7203  data_time: 0.0025  memory: 19777  grad_norm: 22.2762  loss: 5.3131  loss_text: 0.7364  loss_center: 2.9479  loss_reg_x: 0.8970  loss_reg_y: 0.7318
12/28 02:16:42 - mmengine - INFO - Epoch(train) [19][1145/1544]  lr: 1.9824e-03  eta: 2 days, 16:28:34  time: 3.8029  data_time: 0.0023  memory: 19777  grad_norm: 20.8623  loss: 5.0810  loss_text: 0.7852  loss_center: 2.9406  loss_reg_x: 0.7238  loss_reg_y: 0.6313
12/28 02:17:00 - mmengine - INFO - Epoch(train) [19][1150/1544]  lr: 1.9824e-03  eta: 2 days, 16:28:18  time: 3.7941  data_time: 0.0025  memory: 19777  grad_norm: 24.7996  loss: 5.1053  loss_text: 0.8645  loss_center: 2.9209  loss_reg_x: 0.7999  loss_reg_y: 0.5200
12/28 02:17:17 - mmengine - INFO - Epoch(train) [19][1155/1544]  lr: 1.9824e-03  eta: 2 days, 16:27:45  time: 3.5253  data_time: 0.0025  memory: 19777  grad_norm: 22.1726  loss: 5.1084  loss_text: 0.7672  loss_center: 2.9370  loss_reg_x: 0.8552  loss_reg_y: 0.5489
12/28 02:17:38 - mmengine - INFO - Epoch(train) [19][1160/1544]  lr: 1.9824e-03  eta: 2 days, 16:27:51  time: 3.7324  data_time: 0.0024  memory: 19777  grad_norm: 19.9985  loss: 5.1834  loss_text: 0.8108  loss_center: 2.9469  loss_reg_x: 0.7966  loss_reg_y: 0.6290
12/28 02:17:54 - mmengine - INFO - Epoch(train) [19][1165/1544]  lr: 1.9824e-03  eta: 2 days, 16:27:18  time: 3.7305  data_time: 0.0025  memory: 19777  grad_norm: 19.6775  loss: 5.1300  loss_text: 0.8495  loss_center: 2.9287  loss_reg_x: 0.7000  loss_reg_y: 0.6517
12/28 02:18:13 - mmengine - INFO - Epoch(train) [19][1170/1544]  lr: 1.9824e-03  eta: 2 days, 16:27:00  time: 3.5141  data_time: 0.0026  memory: 19777  grad_norm: 21.4267  loss: 5.0905  loss_text: 0.7430  loss_center: 2.9228  loss_reg_x: 0.8288  loss_reg_y: 0.5959
12/28 02:18:31 - mmengine - INFO - Epoch(train) [19][1175/1544]  lr: 1.9824e-03  eta: 2 days, 16:26:44  time: 3.6663  data_time: 0.0024  memory: 19777  grad_norm: 21.3180  loss: 5.2112  loss_text: 0.7487  loss_center: 2.9345  loss_reg_x: 0.9404  loss_reg_y: 0.5876
12/28 02:18:49 - mmengine - INFO - Epoch(train) [19][1180/1544]  lr: 1.9824e-03  eta: 2 days, 16:26:25  time: 3.6543  data_time: 0.0025  memory: 19777  grad_norm: 17.2136  loss: 5.0444  loss_text: 0.7846  loss_center: 2.9244  loss_reg_x: 0.7881  loss_reg_y: 0.5473
12/28 02:19:07 - mmengine - INFO - Epoch(train) [19][1185/1544]  lr: 1.9824e-03  eta: 2 days, 16:26:03  time: 3.6000  data_time: 0.0025  memory: 19777  grad_norm: 15.9676  loss: 4.9814  loss_text: 0.7501  loss_center: 2.9067  loss_reg_x: 0.7565  loss_reg_y: 0.5680
12/28 02:19:24 - mmengine - INFO - Epoch(train) [19][1190/1544]  lr: 1.9824e-03  eta: 2 days, 16:25:34  time: 3.5089  data_time: 0.0023  memory: 19777  grad_norm: 18.1239  loss: 5.1363  loss_text: 0.7183  loss_center: 2.9206  loss_reg_x: 0.8620  loss_reg_y: 0.6355
12/28 02:19:43 - mmengine - INFO - Epoch(train) [19][1195/1544]  lr: 1.9824e-03  eta: 2 days, 16:25:17  time: 3.5548  data_time: 0.0025  memory: 19777  grad_norm: 21.9694  loss: 5.5711  loss_text: 0.8711  loss_center: 2.9373  loss_reg_x: 0.9958  loss_reg_y: 0.7669
12/28 02:20:00 - mmengine - INFO - Epoch(train) [19][1200/1544]  lr: 1.9824e-03  eta: 2 days, 16:24:53  time: 3.6017  data_time: 0.0028  memory: 19777  grad_norm: 22.9805  loss: 5.6402  loss_text: 0.8779  loss_center: 2.9477  loss_reg_x: 0.9997  loss_reg_y: 0.8149
12/28 02:20:19 - mmengine - INFO - Epoch(train) [19][1205/1544]  lr: 1.9824e-03  eta: 2 days, 16:24:40  time: 3.6460  data_time: 0.0028  memory: 19777  grad_norm: 21.5174  loss: 5.3261  loss_text: 0.8039  loss_center: 2.9428  loss_reg_x: 0.9038  loss_reg_y: 0.6756
12/28 02:20:29 - mmengine - INFO - Exp name: fcenet_r50dcnv2_fpn_1500e_lsvt_ctw_pretrain_20251227_202521
12/28 02:20:36 - mmengine - INFO - Epoch(train) [19][1210/1544]  lr: 1.9824e-03  eta: 2 days, 16:24:07  time: 3.5543  data_time: 0.0027  memory: 19777  grad_norm: 22.2052  loss: 5.2437  loss_text: 0.8678  loss_center: 2.9337  loss_reg_x: 0.8004  loss_reg_y: 0.6417
12/28 02:20:55 - mmengine - INFO - Epoch(train) [19][1215/1544]  lr: 1.9824e-03  eta: 2 days, 16:23:57  time: 3.5757  data_time: 0.0024  memory: 19777  grad_norm: 23.0205  loss: 5.3045  loss_text: 0.8572  loss_center: 2.9306  loss_reg_x: 0.8430  loss_reg_y: 0.6737
12/28 02:21:13 - mmengine - INFO - Epoch(train) [19][1220/1544]  lr: 1.9824e-03  eta: 2 days, 16:23:37  time: 3.7061  data_time: 0.0024  memory: 19777  grad_norm: 21.6766  loss: 5.2316  loss_text: 0.8173  loss_center: 2.9097  loss_reg_x: 0.9095  loss_reg_y: 0.5951
12/28 02:21:32 - mmengine - INFO - Epoch(train) [19][1225/1544]  lr: 1.9824e-03  eta: 2 days, 16:23:27  time: 3.7071  data_time: 0.0025  memory: 19777  grad_norm: 23.7064  loss: 5.5336  loss_text: 0.8831  loss_center: 2.9121  loss_reg_x: 1.0401  loss_reg_y: 0.6983
12/28 02:21:50 - mmengine - INFO - Epoch(train) [19][1230/1544]  lr: 1.9824e-03  eta: 2 days, 16:23:12  time: 3.7452  data_time: 0.0025  memory: 19777  grad_norm: 25.0547  loss: 5.7063  loss_text: 0.8904  loss_center: 2.9403  loss_reg_x: 1.1176  loss_reg_y: 0.7580
12/28 02:22:08 - mmengine - INFO - Epoch(train) [19][1235/1544]  lr: 1.9824e-03  eta: 2 days, 16:22:47  time: 3.6054  data_time: 0.0026  memory: 19777  grad_norm: 36.0943  loss: 5.5554  loss_text: 0.7996  loss_center: 2.9490  loss_reg_x: 1.1333  loss_reg_y: 0.6734
12/28 02:22:28 - mmengine - INFO - Epoch(train) [19][1240/1544]  lr: 1.9824e-03  eta: 2 days, 16:22:47  time: 3.7503  data_time: 0.0026  memory: 19777  grad_norm: 36.9288  loss: 5.5229  loss_text: 0.7781  loss_center: 2.9425  loss_reg_x: 1.1086  loss_reg_y: 0.6937
12/28 02:22:47 - mmengine - INFO - Epoch(train) [19][1245/1544]  lr: 1.9824e-03  eta: 2 days, 16:22:40  time: 3.9204  data_time: 0.0028  memory: 19777  grad_norm: 23.0195  loss: 5.2135  loss_text: 0.7171  loss_center: 2.9265  loss_reg_x: 0.9327  loss_reg_y: 0.6372
12/28 02:23:07 - mmengine - INFO - Epoch(train) [19][1250/1544]  lr: 1.9824e-03  eta: 2 days, 16:22:42  time: 3.9326  data_time: 0.0028  memory: 19777  grad_norm: 27.6879  loss: 5.3794  loss_text: 0.7595  loss_center: 2.9223  loss_reg_x: 1.0618  loss_reg_y: 0.6358
12/28 02:23:27 - mmengine - INFO - Epoch(train) [19][1255/1544]  lr: 1.9824e-03  eta: 2 days, 16:22:34  time: 3.9268  data_time: 0.0026  memory: 19777  grad_norm: 28.3164  loss: 5.4015  loss_text: 0.8168  loss_center: 2.9299  loss_reg_x: 1.0504  loss_reg_y: 0.6045
12/28 02:23:46 - mmengine - INFO - Epoch(train) [19][1260/1544]  lr: 1.9824e-03  eta: 2 days, 16:22:25  time: 3.8325  data_time: 0.0027  memory: 19777  grad_norm: 24.5613  loss: 5.3073  loss_text: 0.7954  loss_center: 2.9377  loss_reg_x: 0.9892  loss_reg_y: 0.5851
12/28 02:24:03 - mmengine - INFO - Epoch(train) [19][1265/1544]  lr: 1.9824e-03  eta: 2 days, 16:22:03  time: 3.6946  data_time: 0.0026  memory: 19777  grad_norm: 30.3504  loss: 5.4724  loss_text: 0.8209  loss_center: 2.9366  loss_reg_x: 1.1031  loss_reg_y: 0.6118
12/28 02:24:22 - mmengine - INFO - Epoch(train) [19][1270/1544]  lr: 1.9824e-03  eta: 2 days, 16:21:44  time: 3.6023  data_time: 0.0024  memory: 19777  grad_norm: 31.0288  loss: 5.4729  loss_text: 0.7697  loss_center: 2.9234  loss_reg_x: 1.0959  loss_reg_y: 0.6839
12/28 02:24:37 - mmengine - INFO - Epoch(train) [19][1275/1544]  lr: 1.9824e-03  eta: 2 days, 16:20:58  time: 3.3754  data_time: 0.0025  memory: 19777  grad_norm: 27.4060  loss: 5.4641  loss_text: 0.7450  loss_center: 2.9302  loss_reg_x: 1.0721  loss_reg_y: 0.7168
12/28 02:24:55 - mmengine - INFO - Epoch(train) [19][1280/1544]  lr: 1.9824e-03  eta: 2 days, 16:20:36  time: 3.3456  data_time: 0.0026  memory: 19777  grad_norm: 24.2717  loss: 5.3138  loss_text: 0.7760  loss_center: 2.9426  loss_reg_x: 0.9453  loss_reg_y: 0.6498
12/28 02:25:17 - mmengine - INFO - Epoch(train) [19][1285/1544]  lr: 1.9824e-03  eta: 2 days, 16:20:55  time: 3.9522  data_time: 0.0027  memory: 19777  grad_norm: 23.4741  loss: 5.0839  loss_text: 0.7625  loss_center: 2.9382  loss_reg_x: 0.7934  loss_reg_y: 0.5898
12/28 02:25:36 - mmengine - INFO - Epoch(train) [19][1290/1544]  lr: 1.9824e-03  eta: 2 days, 16:20:46  time: 4.0752  data_time: 0.0025  memory: 19777  grad_norm: 28.7806  loss: 5.3239  loss_text: 0.7804  loss_center: 2.9416  loss_reg_x: 0.9019  loss_reg_y: 0.7000
12/28 02:25:53 - mmengine - INFO - Epoch(train) [19][1295/1544]  lr: 1.9824e-03  eta: 2 days, 16:20:17  time: 3.6367  data_time: 0.0025  memory: 19777  grad_norm: 31.2453  loss: 5.4450  loss_text: 0.7958  loss_center: 2.9472  loss_reg_x: 0.9581  loss_reg_y: 0.7439
12/28 02:26:13 - mmengine - INFO - Epoch(train) [19][1300/1544]  lr: 1.9824e-03  eta: 2 days, 16:20:17  time: 3.7151  data_time: 0.0028  memory: 19777  grad_norm: 27.5543  loss: 5.3182  loss_text: 0.8099  loss_center: 2.9366  loss_reg_x: 0.8775  loss_reg_y: 0.6943
12/28 02:26:30 - mmengine - INFO - Epoch(train) [19][1305/1544]  lr: 1.9824e-03  eta: 2 days, 16:19:50  time: 3.7341  data_time: 0.0045  memory: 19777  grad_norm: 22.6997  loss: 5.2921  loss_text: 0.8013  loss_center: 2.9214  loss_reg_x: 0.8842  loss_reg_y: 0.6853
12/28 02:26:48 - mmengine - INFO - Epoch(train) [19][1310/1544]  lr: 1.9824e-03  eta: 2 days, 16:19:23  time: 3.4819  data_time: 0.0043  memory: 19777  grad_norm: 21.2814  loss: 5.1602  loss_text: 0.7423  loss_center: 2.9199  loss_reg_x: 0.8221  loss_reg_y: 0.6759
12/28 02:27:05 - mmengine - INFO - Epoch(train) [19][1315/1544]  lr: 1.9824e-03  eta: 2 days, 16:18:54  time: 3.4610  data_time: 0.0028  memory: 19777  grad_norm: 21.4932  loss: 5.0147  loss_text: 0.7469  loss_center: 2.9306  loss_reg_x: 0.7186  loss_reg_y: 0.6187
12/28 02:27:23 - mmengine - INFO - Epoch(train) [19][1320/1544]  lr: 1.9824e-03  eta: 2 days, 16:18:32  time: 3.5126  data_time: 0.0027  memory: 19777  grad_norm: 21.2055  loss: 4.9788  loss_text: 0.7772  loss_center: 2.9231  loss_reg_x: 0.7330  loss_reg_y: 0.5455
12/28 02:27:41 - mmengine - INFO - Epoch(train) [19][1325/1544]  lr: 1.9824e-03  eta: 2 days, 16:18:13  time: 3.6000  data_time: 0.0029  memory: 19777  grad_norm: 19.5291  loss: 4.9675  loss_text: 0.7052  loss_center: 2.9087  loss_reg_x: 0.7404  loss_reg_y: 0.6132
12/28 02:27:58 - mmengine - INFO - Epoch(train) [19][1330/1544]  lr: 1.9824e-03  eta: 2 days, 16:17:46  time: 3.5513  data_time: 0.0030  memory: 19777  grad_norm: 17.4805  loss: 5.2643  loss_text: 0.7211  loss_center: 2.9241  loss_reg_x: 0.9223  loss_reg_y: 0.6967
12/28 02:28:16 - mmengine - INFO - Epoch(train) [19][1335/1544]  lr: 1.9824e-03  eta: 2 days, 16:17:21  time: 3.5010  data_time: 0.0025  memory: 19777  grad_norm: 24.2750  loss: 5.4614  loss_text: 0.7972  loss_center: 2.9322  loss_reg_x: 1.0392  loss_reg_y: 0.6928
12/28 02:28:37 - mmengine - INFO - Epoch(train) [19][1340/1544]  lr: 1.9824e-03  eta: 2 days, 16:17:31  time: 3.8405  data_time: 0.0026  memory: 19777  grad_norm: 28.8775  loss: 5.3135  loss_text: 0.7793  loss_center: 2.9288  loss_reg_x: 0.9794  loss_reg_y: 0.6260
12/28 02:28:55 - mmengine - INFO - Epoch(train) [19][1345/1544]  lr: 1.9824e-03  eta: 2 days, 16:17:09  time: 3.8727  data_time: 0.0026  memory: 19777  grad_norm: 25.0330  loss: 5.3026  loss_text: 0.7422  loss_center: 2.9310  loss_reg_x: 0.9272  loss_reg_y: 0.7022
12/28 02:29:14 - mmengine - INFO - Epoch(train) [19][1350/1544]  lr: 1.9824e-03  eta: 2 days, 16:17:04  time: 3.7362  data_time: 0.0027  memory: 19777  grad_norm: 22.6705  loss: 5.1862  loss_text: 0.8385  loss_center: 2.9135  loss_reg_x: 0.8119  loss_reg_y: 0.6223
12/28 02:29:31 - mmengine - INFO - Epoch(train) [19][1355/1544]  lr: 1.9824e-03  eta: 2 days, 16:16:33  time: 3.6493  data_time: 0.0026  memory: 19777  grad_norm: 24.6253  loss: 5.2347  loss_text: 0.8582  loss_center: 2.9240  loss_reg_x: 0.9064  loss_reg_y: 0.5462
12/28 02:29:50 - mmengine - INFO - Epoch(train) [19][1360/1544]  lr: 1.9824e-03  eta: 2 days, 16:16:16  time: 3.5388  data_time: 0.0023  memory: 19777  grad_norm: 30.1338  loss: 5.6570  loss_text: 0.8483  loss_center: 2.9469  loss_reg_x: 0.9966  loss_reg_y: 0.8653
12/28 02:30:07 - mmengine - INFO - Epoch(train) [19][1365/1544]  lr: 1.9824e-03  eta: 2 days, 16:15:50  time: 3.5789  data_time: 0.0032  memory: 19777  grad_norm: 32.7883  loss: 5.7614  loss_text: 0.9524  loss_center: 2.9420  loss_reg_x: 0.9626  loss_reg_y: 0.9043
12/28 02:30:25 - mmengine - INFO - Epoch(train) [19][1370/1544]  lr: 1.9824e-03  eta: 2 days, 16:15:27  time: 3.5278  data_time: 0.0035  memory: 19777  grad_norm: 30.6179  loss: 5.3808  loss_text: 0.8810  loss_center: 2.9302  loss_reg_x: 0.8570  loss_reg_y: 0.7126
12/28 02:30:44 - mmengine - INFO - Epoch(train) [19][1375/1544]  lr: 1.9824e-03  eta: 2 days, 16:15:14  time: 3.6471  data_time: 0.0028  memory: 19777  grad_norm: 25.1486  loss: 5.2309  loss_text: 0.7642  loss_center: 2.9301  loss_reg_x: 0.8633  loss_reg_y: 0.6733
12/28 02:31:00 - mmengine - INFO - Epoch(train) [19][1380/1544]  lr: 1.9824e-03  eta: 2 days, 16:14:40  time: 3.5414  data_time: 0.0026  memory: 19777  grad_norm: 22.4044  loss: 5.2128  loss_text: 0.7284  loss_center: 2.9458  loss_reg_x: 0.9042  loss_reg_y: 0.6345
12/28 02:31:17 - mmengine - INFO - Epoch(train) [19][1385/1544]  lr: 1.9824e-03  eta: 2 days, 16:14:02  time: 3.3095  data_time: 0.0024  memory: 19777  grad_norm: 21.7731  loss: 5.0643  loss_text: 0.7369  loss_center: 2.9332  loss_reg_x: 0.7762  loss_reg_y: 0.6181
12/28 02:31:35 - mmengine - INFO - Epoch(train) [19][1390/1544]  lr: 1.9824e-03  eta: 2 days, 16:13:47  time: 3.4888  data_time: 0.0026  memory: 19777  grad_norm: 26.1014  loss: 5.0846  loss_text: 0.7959  loss_center: 2.9167  loss_reg_x: 0.7651  loss_reg_y: 0.6070
12/28 02:31:52 - mmengine - INFO - Epoch(train) [19][1395/1544]  lr: 1.9824e-03  eta: 2 days, 16:13:10  time: 3.4917  data_time: 0.0027  memory: 19777  grad_norm: 29.4201  loss: 5.3092  loss_text: 0.8130  loss_center: 2.9268  loss_reg_x: 0.8778  loss_reg_y: 0.6915
12/28 02:32:08 - mmengine - INFO - Epoch(train) [19][1400/1544]  lr: 1.9824e-03  eta: 2 days, 16:12:30  time: 3.2539  data_time: 0.0029  memory: 19777  grad_norm: 23.2512  loss: 5.2444  loss_text: 0.7556  loss_center: 2.9254  loss_reg_x: 0.8852  loss_reg_y: 0.6782
12/28 02:32:27 - mmengine - INFO - Epoch(train) [19][1405/1544]  lr: 1.9824e-03  eta: 2 days, 16:12:23  time: 3.5505  data_time: 0.0029  memory: 19777  grad_norm: 18.7268  loss: 5.0146  loss_text: 0.7113  loss_center: 2.9239  loss_reg_x: 0.8139  loss_reg_y: 0.5655
12/28 02:32:46 - mmengine - INFO - Epoch(train) [19][1410/1544]  lr: 1.9824e-03  eta: 2 days, 16:12:08  time: 3.7846  data_time: 0.0026  memory: 19777  grad_norm: 18.4780  loss: 4.8880  loss_text: 0.6791  loss_center: 2.9186  loss_reg_x: 0.7243  loss_reg_y: 0.5660
12/28 02:33:04 - mmengine - INFO - Epoch(train) [19][1415/1544]  lr: 1.9824e-03  eta: 2 days, 16:11:52  time: 3.6868  data_time: 0.0025  memory: 19777  grad_norm: 18.1638  loss: 4.9766  loss_text: 0.7008  loss_center: 2.9126  loss_reg_x: 0.7624  loss_reg_y: 0.6007
12/28 02:33:23 - mmengine - INFO - Epoch(train) [19][1420/1544]  lr: 1.9824e-03  eta: 2 days, 16:11:46  time: 3.7771  data_time: 0.0027  memory: 19777  grad_norm: 22.4313  loss: 5.3151  loss_text: 0.7778  loss_center: 2.9244  loss_reg_x: 0.9111  loss_reg_y: 0.7018
12/28 02:33:41 - mmengine - INFO - Epoch(train) [19][1425/1544]  lr: 1.9824e-03  eta: 2 days, 16:11:25  time: 3.7355  data_time: 0.0027  memory: 19777  grad_norm: 24.4348  loss: 5.3859  loss_text: 0.8220  loss_center: 2.9335  loss_reg_x: 0.9164  loss_reg_y: 0.7140
12/28 02:33:59 - mmengine - INFO - Epoch(train) [19][1430/1544]  lr: 1.9824e-03  eta: 2 days, 16:11:02  time: 3.5701  data_time: 0.0024  memory: 19777  grad_norm: 21.1170  loss: 5.2354  loss_text: 0.8327  loss_center: 2.9440  loss_reg_x: 0.8685  loss_reg_y: 0.5903
12/28 02:34:16 - mmengine - INFO - Epoch(train) [19][1435/1544]  lr: 1.9824e-03  eta: 2 days, 16:10:32  time: 3.4838  data_time: 0.0026  memory: 19777  grad_norm: 22.3710  loss: 5.0953  loss_text: 0.7917  loss_center: 2.9517  loss_reg_x: 0.7779  loss_reg_y: 0.5739
12/28 02:34:33 - mmengine - INFO - Epoch(train) [19][1440/1544]  lr: 1.9824e-03  eta: 2 days, 16:09:54  time: 3.3486  data_time: 0.0025  memory: 19777  grad_norm: 23.1467  loss: 5.0901  loss_text: 0.7465  loss_center: 2.9480  loss_reg_x: 0.8003  loss_reg_y: 0.5953
12/28 02:34:50 - mmengine - INFO - Epoch(train) [19][1445/1544]  lr: 1.9824e-03  eta: 2 days, 16:09:23  time: 3.3356  data_time: 0.0025  memory: 19777  grad_norm: 22.4733  loss: 5.1882  loss_text: 0.7774  loss_center: 2.9452  loss_reg_x: 0.8315  loss_reg_y: 0.6340
12/28 02:35:08 - mmengine - INFO - Epoch(train) [19][1450/1544]  lr: 1.9824e-03  eta: 2 days, 16:09:10  time: 3.5623  data_time: 0.0029  memory: 19777  grad_norm: 23.8170  loss: 5.2363  loss_text: 0.8473  loss_center: 2.9475  loss_reg_x: 0.7987  loss_reg_y: 0.6427
12/28 02:35:26 - mmengine - INFO - Epoch(train) [19][1455/1544]  lr: 1.9824e-03  eta: 2 days, 16:08:44  time: 3.6162  data_time: 0.0027  memory: 19777  grad_norm: 22.5723  loss: 5.1116  loss_text: 0.8114  loss_center: 2.9474  loss_reg_x: 0.7942  loss_reg_y: 0.5587
12/28 02:35:44 - mmengine - INFO - Epoch(train) [19][1460/1544]  lr: 1.9824e-03  eta: 2 days, 16:08:28  time: 3.5902  data_time: 0.0023  memory: 19777  grad_norm: 27.0559  loss: 5.2273  loss_text: 0.9642  loss_center: 2.9331  loss_reg_x: 0.7706  loss_reg_y: 0.5594
12/28 02:36:02 - mmengine - INFO - Epoch(train) [19][1465/1544]  lr: 1.9824e-03  eta: 2 days, 16:08:10  time: 3.6712  data_time: 0.0024  memory: 19777  grad_norm: 26.8535  loss: 5.3768  loss_text: 0.9956  loss_center: 2.9175  loss_reg_x: 0.8678  loss_reg_y: 0.5960
12/28 02:36:20 - mmengine - INFO - Epoch(train) [19][1470/1544]  lr: 1.9824e-03  eta: 2 days, 16:07:45  time: 3.5826  data_time: 0.0023  memory: 19777  grad_norm: 27.0493  loss: 5.1755  loss_text: 0.7753  loss_center: 2.9217  loss_reg_x: 0.8375  loss_reg_y: 0.6410
12/28 02:36:39 - mmengine - INFO - Epoch(train) [19][1475/1544]  lr: 1.9824e-03  eta: 2 days, 16:07:34  time: 3.6392  data_time: 0.0022  memory: 19777  grad_norm: 26.8306  loss: 5.0889  loss_text: 0.7334  loss_center: 2.9301  loss_reg_x: 0.8011  loss_reg_y: 0.6242
12/28 02:36:57 - mmengine - INFO - Epoch(train) [19][1480/1544]  lr: 1.9824e-03  eta: 2 days, 16:07:16  time: 3.7179  data_time: 0.0027  memory: 19777  grad_norm: 19.1030  loss: 5.2730  loss_text: 0.7489  loss_center: 2.9314  loss_reg_x: 0.9796  loss_reg_y: 0.6131
12/28 02:37:16 - mmengine - INFO - Epoch(train) [19][1485/1544]  lr: 1.9824e-03  eta: 2 days, 16:07:07  time: 3.7381  data_time: 0.0027  memory: 19777  grad_norm: 19.6680  loss: 5.2799  loss_text: 0.7774  loss_center: 2.9449  loss_reg_x: 0.9094  loss_reg_y: 0.6482
12/28 02:37:33 - mmengine - INFO - Epoch(train) [19][1490/1544]  lr: 1.9824e-03  eta: 2 days, 16:06:34  time: 3.5895  data_time: 0.0023  memory: 19777  grad_norm: 25.7973  loss: 5.4097  loss_text: 0.8115  loss_center: 2.9552  loss_reg_x: 0.9430  loss_reg_y: 0.6999
12/28 02:37:51 - mmengine - INFO - Epoch(train) [19][1495/1544]  lr: 1.9824e-03  eta: 2 days, 16:06:10  time: 3.4413  data_time: 0.0023  memory: 19777  grad_norm: 26.5335  loss: 5.5777  loss_text: 0.8172  loss_center: 2.9480  loss_reg_x: 1.0699  loss_reg_y: 0.7426
12/28 02:38:07 - mmengine - INFO - Epoch(train) [19][1500/1544]  lr: 1.9824e-03  eta: 2 days, 16:05:35  time: 3.4205  data_time: 0.0023  memory: 19777  grad_norm: 24.6255  loss: 5.2374  loss_text: 0.7500  loss_center: 2.9462  loss_reg_x: 0.8915  loss_reg_y: 0.6496
12/28 02:38:24 - mmengine - INFO - Epoch(train) [19][1505/1544]  lr: 1.9824e-03  eta: 2 days, 16:05:02  time: 3.3399  data_time: 0.0022  memory: 19777  grad_norm: 26.2332  loss: 5.2756  loss_text: 0.8119  loss_center: 2.9507  loss_reg_x: 0.9357  loss_reg_y: 0.5772
12/28 02:38:41 - mmengine - INFO - Epoch(train) [19][1510/1544]  lr: 1.9824e-03  eta: 2 days, 16:04:36  time: 3.4227  data_time: 0.0023  memory: 19777  grad_norm: 25.0434  loss: 5.3313  loss_text: 0.8066  loss_center: 2.9556  loss_reg_x: 0.9824  loss_reg_y: 0.5867
12/28 02:38:58 - mmengine - INFO - Epoch(train) [19][1515/1544]  lr: 1.9824e-03  eta: 2 days, 16:04:03  time: 3.4191  data_time: 0.0023  memory: 19777  grad_norm: 24.5465  loss: 5.3918  loss_text: 0.7786  loss_center: 2.9532  loss_reg_x: 1.0341  loss_reg_y: 0.6258
12/28 02:39:17 - mmengine - INFO - Epoch(train) [19][1520/1544]  lr: 1.9824e-03  eta: 2 days, 16:03:48  time: 3.5315  data_time: 0.0029  memory: 19777  grad_norm: 21.3560  loss: 5.3513  loss_text: 0.7810  loss_center: 2.9343  loss_reg_x: 1.0217  loss_reg_y: 0.6143
12/28 02:39:35 - mmengine - INFO - Epoch(train) [19][1525/1544]  lr: 1.9824e-03  eta: 2 days, 16:03:28  time: 3.6578  data_time: 0.0029  memory: 19777  grad_norm: 27.5692  loss: 5.2946  loss_text: 0.7988  loss_center: 2.9406  loss_reg_x: 0.9122  loss_reg_y: 0.6430
12/28 02:39:53 - mmengine - INFO - Epoch(train) [19][1530/1544]  lr: 1.9824e-03  eta: 2 days, 16:03:08  time: 3.6044  data_time: 0.0023  memory: 19777  grad_norm: 26.3424  loss: 5.3195  loss_text: 0.8103  loss_center: 2.9414  loss_reg_x: 0.9195  loss_reg_y: 0.6483
12/28 02:40:11 - mmengine - INFO - Epoch(train) [19][1535/1544]  lr: 1.9824e-03  eta: 2 days, 16:02:46  time: 3.5869  data_time: 0.0023  memory: 19777  grad_norm: 23.4188  loss: 5.3080  loss_text: 0.7434  loss_center: 2.9305  loss_reg_x: 0.9573  loss_reg_y: 0.6767
12/28 02:40:29 - mmengine - INFO - Epoch(train) [19][1540/1544]  lr: 1.9824e-03  eta: 2 days, 16:02:33  time: 3.6573  data_time: 0.0022  memory: 19777  grad_norm: 30.2169  loss: 5.2799  loss_text: 0.8119  loss_center: 2.9415  loss_reg_x: 0.8416  loss_reg_y: 0.6849
12/28 02:40:42 - mmengine - INFO - Exp name: fcenet_r50dcnv2_fpn_1500e_lsvt_ctw_pretrain_20251227_202521
12/28 02:41:05 - mmengine - INFO - Epoch(train) [20][   5/1544]  lr: 1.9388e-03  eta: 2 days, 16:02:29  time: 3.9534  data_time: 0.4380  memory: 19777  grad_norm: 32.6014  loss: 5.3594  loss_text: 0.8005  loss_center: 2.9445  loss_reg_x: 0.9541  loss_reg_y: 0.6603
12/28 02:41:26 - mmengine - INFO - Epoch(train) [20][  10/1544]  lr: 1.9388e-03  eta: 2 days, 16:02:37  time: 4.3291  data_time: 0.4381  memory: 19777  grad_norm: 26.6282  loss: 5.3401  loss_text: 0.7766  loss_center: 2.9574  loss_reg_x: 0.9383  loss_reg_y: 0.6678
12/28 02:41:43 - mmengine - INFO - Epoch(train) [20][  15/1544]  lr: 1.9388e-03  eta: 2 days, 16:02:13  time: 3.8405  data_time: 0.0023  memory: 19777  grad_norm: 22.9097  loss: 5.1592  loss_text: 0.7115  loss_center: 2.9512  loss_reg_x: 0.8741  loss_reg_y: 0.6224
12/28 02:42:01 - mmengine - INFO - Epoch(train) [20][  20/1544]  lr: 1.9388e-03  eta: 2 days, 16:01:45  time: 3.4822  data_time: 0.0023  memory: 19777  grad_norm: 21.1789  loss: 5.1846  loss_text: 0.7738  loss_center: 2.9462  loss_reg_x: 0.8489  loss_reg_y: 0.6157
12/28 02:42:21 - mmengine - INFO - Epoch(train) [20][  25/1544]  lr: 1.9388e-03  eta: 2 days, 16:01:44  time: 3.7172  data_time: 0.0023  memory: 19777  grad_norm: 22.9876  loss: 5.1055  loss_text: 0.7804  loss_center: 2.9425  loss_reg_x: 0.7654  loss_reg_y: 0.6172
12/28 02:42:38 - mmengine - INFO - Epoch(train) [20][  30/1544]  lr: 1.9388e-03  eta: 2 days, 16:01:22  time: 3.7801  data_time: 0.0024  memory: 19777  grad_norm: 22.7503  loss: 5.1412  loss_text: 0.7466  loss_center: 2.9358  loss_reg_x: 0.8469  loss_reg_y: 0.6118
12/28 02:42:56 - mmengine - INFO - Epoch(train) [20][  35/1544]  lr: 1.9388e-03  eta: 2 days, 16:00:54  time: 3.5047  data_time: 0.0024  memory: 19777  grad_norm: 22.2324  loss: 5.3787  loss_text: 0.8244  loss_center: 2.9293  loss_reg_x: 0.9655  loss_reg_y: 0.6595
12/28 02:43:14 - mmengine - INFO - Epoch(train) [20][  40/1544]  lr: 1.9388e-03  eta: 2 days, 16:00:41  time: 3.5980  data_time: 0.0023  memory: 19777  grad_norm: 19.2818  loss: 5.2206  loss_text: 0.7693  loss_center: 2.9200  loss_reg_x: 0.8892  loss_reg_y: 0.6421
12/28 02:43:32 - mmengine - INFO - Epoch(train) [20][  45/1544]  lr: 1.9388e-03  eta: 2 days, 16:00:17  time: 3.6375  data_time: 0.0023  memory: 19777  grad_norm: 18.5416  loss: 5.1063  loss_text: 0.7058  loss_center: 2.9258  loss_reg_x: 0.8509  loss_reg_y: 0.6237
12/28 02:43:50 - mmengine - INFO - Epoch(train) [20][  50/1544]  lr: 1.9388e-03  eta: 2 days, 15:59:56  time: 3.5526  data_time: 0.0023  memory: 19777  grad_norm: 20.4164  loss: 5.2388  loss_text: 0.7678  loss_center: 2.9396  loss_reg_x: 0.9180  loss_reg_y: 0.6135
12/28 02:44:08 - mmengine - INFO - Epoch(train) [20][  55/1544]  lr: 1.9388e-03  eta: 2 days, 15:59:36  time: 3.5941  data_time: 0.0022  memory: 19777  grad_norm: 25.3782  loss: 5.2069  loss_text: 0.7645  loss_center: 2.9411  loss_reg_x: 0.8807  loss_reg_y: 0.6207
12/28 02:44:27 - mmengine - INFO - Epoch(train) [20][  60/1544]  lr: 1.9388e-03  eta: 2 days, 15:59:24  time: 3.6892  data_time: 0.0022  memory: 19777  grad_norm: 27.6465  loss: 5.2126  loss_text: 0.7554  loss_center: 2.9397  loss_reg_x: 0.8645  loss_reg_y: 0.6529
12/28 02:44:44 - mmengine - INFO - Epoch(train) [20][  65/1544]  lr: 1.9388e-03  eta: 2 days, 15:58:55  time: 3.5998  data_time: 0.0023  memory: 19777  grad_norm: 20.9329  loss: 5.0550  loss_text: 0.7151  loss_center: 2.8782  loss_reg_x: 0.8530  loss_reg_y: 0.6087
12/28 02:45:02 - mmengine - INFO - Epoch(train) [20][  70/1544]  lr: 1.9388e-03  eta: 2 days, 15:58:32  time: 3.4895  data_time: 0.0024  memory: 19777  grad_norm: 24.6945  loss: 5.1191  loss_text: 0.7150  loss_center: 2.8866  loss_reg_x: 0.9143  loss_reg_y: 0.6032
12/28 02:45:19 - mmengine - INFO - Epoch(train) [20][  75/1544]  lr: 1.9388e-03  eta: 2 days, 15:58:10  time: 3.5563  data_time: 0.0023  memory: 19777  grad_norm: 26.2122  loss: 5.3770  loss_text: 0.7476  loss_center: 2.9578  loss_reg_x: 1.0086  loss_reg_y: 0.6629
12/28 02:45:39 - mmengine - INFO - Epoch(train) [20][  80/1544]  lr: 1.9388e-03  eta: 2 days, 15:58:01  time: 3.7000  data_time: 0.0022  memory: 19777  grad_norm: 20.0838  loss: 5.2564  loss_text: 0.8052  loss_center: 2.9465  loss_reg_x: 0.8693  loss_reg_y: 0.6354
12/28 02:45:57 - mmengine - INFO - Epoch(train) [20][  85/1544]  lr: 1.9388e-03  eta: 2 days, 15:57:41  time: 3.7179  data_time: 0.0023  memory: 19777  grad_norm: 23.0491  loss: 5.4359  loss_text: 0.9256  loss_center: 2.9487  loss_reg_x: 0.9167  loss_reg_y: 0.6448
12/28 02:46:15 - mmengine - INFO - Epoch(train) [20][  90/1544]  lr: 1.9388e-03  eta: 2 days, 15:57:24  time: 3.6298  data_time: 0.0023  memory: 19777  grad_norm: 27.1296  loss: 5.6713  loss_text: 0.9062  loss_center: 2.9559  loss_reg_x: 1.0564  loss_reg_y: 0.7528
12/28 02:46:31 - mmengine - INFO - Epoch(train) [20][  95/1544]  lr: 1.9388e-03  eta: 2 days, 15:56:42  time: 3.4236  data_time: 0.0023  memory: 19777  grad_norm: 25.9595  loss: 5.5398  loss_text: 0.8003  loss_center: 2.9507  loss_reg_x: 1.0407  loss_reg_y: 0.7481
12/28 02:46:48 - mmengine - INFO - Epoch(train) [20][ 100/1544]  lr: 1.9388e-03  eta: 2 days, 15:56:11  time: 3.2798  data_time: 0.0028  memory: 19777  grad_norm: 27.3269  loss: 5.3648  loss_text: 0.7814  loss_center: 2.9440  loss_reg_x: 0.9852  loss_reg_y: 0.6542
12/28 02:47:04 - mmengine - INFO - Epoch(train) [20][ 105/1544]  lr: 1.9388e-03  eta: 2 days, 15:55:32  time: 3.3012  data_time: 0.0027  memory: 19777  grad_norm: 23.8465  loss: 5.2247  loss_text: 0.8018  loss_center: 2.9527  loss_reg_x: 0.8551  loss_reg_y: 0.6150
12/28 02:47:21 - mmengine - INFO - Epoch(train) [20][ 110/1544]  lr: 1.9388e-03  eta: 2 days, 15:55:04  time: 3.3396  data_time: 0.0023  memory: 19777  grad_norm: 19.3242  loss: 5.2009  loss_text: 0.7685  loss_center: 2.9518  loss_reg_x: 0.8180  loss_reg_y: 0.6626
12/28 02:47:39 - mmengine - INFO - Epoch(train) [20][ 115/1544]  lr: 1.9388e-03  eta: 2 days, 15:54:39  time: 3.4802  data_time: 0.0024  memory: 19777  grad_norm: 22.4067  loss: 5.4703  loss_text: 0.7728  loss_center: 2.9435  loss_reg_x: 0.9697  loss_reg_y: 0.7842
12/28 02:47:59 - mmengine - INFO - Epoch(train) [20][ 120/1544]  lr: 1.9388e-03  eta: 2 days, 15:54:42  time: 3.7806  data_time: 0.0023  memory: 19777  grad_norm: 22.2496  loss: 5.3402  loss_text: 0.7756  loss_center: 2.9378  loss_reg_x: 0.9618  loss_reg_y: 0.6650
12/28 02:48:19 - mmengine - INFO - Epoch(train) [20][ 125/1544]  lr: 1.9388e-03  eta: 2 days, 15:54:41  time: 4.0180  data_time: 0.0025  memory: 19777  grad_norm: 22.3983  loss: 5.0575  loss_text: 0.7435  loss_center: 2.9212  loss_reg_x: 0.9002  loss_reg_y: 0.4926
12/28 02:48:37 - mmengine - INFO - Epoch(train) [20][ 130/1544]  lr: 1.9388e-03  eta: 2 days, 15:54:25  time: 3.8438  data_time: 0.0025  memory: 19777  grad_norm: 25.5344  loss: 5.1741  loss_text: 0.7488  loss_center: 2.9295  loss_reg_x: 0.9424  loss_reg_y: 0.5534
12/28 02:48:57 - mmengine - INFO - Epoch(train) [20][ 135/1544]  lr: 1.9388e-03  eta: 2 days, 15:54:18  time: 3.7770  data_time: 0.0023  memory: 19777  grad_norm: 26.0803  loss: 5.2831  loss_text: 0.8101  loss_center: 2.9345  loss_reg_x: 0.8877  loss_reg_y: 0.6508
12/28 02:49:15 - mmengine - INFO - Epoch(train) [20][ 140/1544]  lr: 1.9388e-03  eta: 2 days, 15:54:03  time: 3.7771  data_time: 0.0025  memory: 19777  grad_norm: 23.4134  loss: 5.2629  loss_text: 0.7597  loss_center: 2.9394  loss_reg_x: 0.9078  loss_reg_y: 0.6560
12/28 02:49:33 - mmengine - INFO - Epoch(train) [20][ 145/1544]  lr: 1.9388e-03  eta: 2 days, 15:53:41  time: 3.6366  data_time: 0.0024  memory: 19777  grad_norm: 20.1524  loss: 5.0108  loss_text: 0.6823  loss_center: 2.9260  loss_reg_x: 0.8602  loss_reg_y: 0.5423
12/28 02:49:52 - mmengine - INFO - Epoch(train) [20][ 150/1544]  lr: 1.9388e-03  eta: 2 days, 15:53:26  time: 3.6431  data_time: 0.0022  memory: 19777  grad_norm: 21.1957  loss: 4.8689  loss_text: 0.7203  loss_center: 2.9043  loss_reg_x: 0.7555  loss_reg_y: 0.4889
12/28 02:50:09 - mmengine - INFO - Epoch(train) [20][ 155/1544]  lr: 1.9388e-03  eta: 2 days, 15:53:01  time: 3.6053  data_time: 0.0022  memory: 19777  grad_norm: 29.8491  loss: 5.2869  loss_text: 0.8384  loss_center: 2.9241  loss_reg_x: 0.8907  loss_reg_y: 0.6338
12/28 02:50:28 - mmengine - INFO - Epoch(train) [20][ 160/1544]  lr: 1.9388e-03  eta: 2 days, 15:52:48  time: 3.6246  data_time: 0.0023  memory: 19777  grad_norm: 27.1910  loss: 5.2861  loss_text: 0.8247  loss_center: 2.9396  loss_reg_x: 0.8616  loss_reg_y: 0.6602
12/28 02:50:45 - mmengine - INFO - Epoch(train) [20][ 165/1544]  lr: 1.9388e-03  eta: 2 days, 15:52:19  time: 3.5894  data_time: 0.0025  memory: 19777  grad_norm: 19.0291  loss: 5.0278  loss_text: 0.7185  loss_center: 2.9246  loss_reg_x: 0.8420  loss_reg_y: 0.5427
12/28 02:51:05 - mmengine - INFO - Epoch(train) [20][ 170/1544]  lr: 1.9388e-03  eta: 2 days, 15:52:23  time: 3.7564  data_time: 0.0049  memory: 19777  grad_norm: 21.6963  loss: 5.2721  loss_text: 0.8035  loss_center: 2.9122  loss_reg_x: 0.9703  loss_reg_y: 0.5861
12/28 02:51:24 - mmengine - INFO - Epoch(train) [20][ 175/1544]  lr: 1.9388e-03  eta: 2 days, 15:52:10  time: 3.9193  data_time: 0.0048  memory: 19777  grad_norm: 21.6160  loss: 5.2206  loss_text: 0.8002  loss_center: 2.8509  loss_reg_x: 0.9408  loss_reg_y: 0.6287
12/28 02:51:42 - mmengine - INFO - Epoch(train) [20][ 180/1544]  lr: 1.9388e-03  eta: 2 days, 15:51:44  time: 3.6197  data_time: 0.0023  memory: 19777  grad_norm: 31.1257  loss: 5.1984  loss_text: 0.7264  loss_center: 2.8652  loss_reg_x: 0.9771  loss_reg_y: 0.6298
12/28 02:51:58 - mmengine - INFO - Epoch(train) [20][ 185/1544]  lr: 1.9388e-03  eta: 2 days, 15:51:13  time: 3.4306  data_time: 0.0022  memory: 19777  grad_norm: 34.8733  loss: 5.3468  loss_text: 0.7915  loss_center: 2.9563  loss_reg_x: 0.9159  loss_reg_y: 0.6832
12/28 02:52:18 - mmengine - INFO - Epoch(train) [20][ 190/1544]  lr: 1.9388e-03  eta: 2 days, 15:51:03  time: 3.5959  data_time: 0.0022  memory: 19777  grad_norm: 31.9852  loss: 5.4178  loss_text: 0.8974  loss_center: 2.9456  loss_reg_x: 0.8426  loss_reg_y: 0.7323
12/28 02:52:35 - mmengine - INFO - Epoch(train) [20][ 195/1544]  lr: 1.9388e-03  eta: 2 days, 15:50:41  time: 3.6881  data_time: 0.0023  memory: 19777  grad_norm: 29.9077  loss: 5.4127  loss_text: 0.9728  loss_center: 2.9330  loss_reg_x: 0.8673  loss_reg_y: 0.6395
12/28 02:52:53 - mmengine - INFO - Epoch(train) [20][ 200/1544]  lr: 1.9388e-03  eta: 2 days, 15:50:15  time: 3.5252  data_time: 0.0023  memory: 19777  grad_norm: 24.0135  loss: 5.3668  loss_text: 0.9210  loss_center: 2.9396  loss_reg_x: 0.9247  loss_reg_y: 0.5814
12/28 02:53:10 - mmengine - INFO - Epoch(train) [20][ 205/1544]  lr: 1.9388e-03  eta: 2 days, 15:49:48  time: 3.4768  data_time: 0.0023  memory: 19777  grad_norm: 22.2505  loss: 5.2409  loss_text: 0.8032  loss_center: 2.9263  loss_reg_x: 0.9362  loss_reg_y: 0.5752
12/28 02:53:27 - mmengine - INFO - Epoch(train) [20][ 210/1544]  lr: 1.9388e-03  eta: 2 days, 15:49:21  time: 3.4566  data_time: 0.0023  memory: 19777  grad_norm: 18.4291  loss: 4.9700  loss_text: 0.7461  loss_center: 2.9239  loss_reg_x: 0.8036  loss_reg_y: 0.4964
12/28 02:53:47 - mmengine - INFO - Epoch(train) [20][ 215/1544]  lr: 1.9388e-03  eta: 2 days, 15:49:12  time: 3.6474  data_time: 0.0023  memory: 19777  grad_norm: 16.9150  loss: 4.9263  loss_text: 0.7300  loss_center: 2.9239  loss_reg_x: 0.7150  loss_reg_y: 0.5575
12/28 02:54:04 - mmengine - INFO - Epoch(train) [20][ 220/1544]  lr: 1.9388e-03  eta: 2 days, 15:48:46  time: 3.6553  data_time: 0.0023  memory: 19777  grad_norm: 17.9349  loss: 4.9496  loss_text: 0.6956  loss_center: 2.9182  loss_reg_x: 0.7205  loss_reg_y: 0.6154
12/28 02:54:21 - mmengine - INFO - Epoch(train) [20][ 225/1544]  lr: 1.9388e-03  eta: 2 days, 15:48:17  time: 3.4487  data_time: 0.0023  memory: 19777  grad_norm: 19.5923  loss: 4.9572  loss_text: 0.7207  loss_center: 2.9247  loss_reg_x: 0.7212  loss_reg_y: 0.5906
12/28 02:54:40 - mmengine - INFO - Epoch(train) [20][ 230/1544]  lr: 1.9388e-03  eta: 2 days, 15:48:07  time: 3.6233  data_time: 0.0022  memory: 19777  grad_norm: 19.5400  loss: 4.9868  loss_text: 0.7573  loss_center: 2.9285  loss_reg_x: 0.7149  loss_reg_y: 0.5861
12/28 02:54:59 - mmengine - INFO - Epoch(train) [20][ 235/1544]  lr: 1.9388e-03  eta: 2 days, 15:47:55  time: 3.7867  data_time: 0.0023  memory: 19777  grad_norm: 19.7298  loss: 5.1521  loss_text: 0.7692  loss_center: 2.9236  loss_reg_x: 0.7942  loss_reg_y: 0.6651
12/28 02:55:16 - mmengine - INFO - Epoch(train) [20][ 240/1544]  lr: 1.9388e-03  eta: 2 days, 15:47:26  time: 3.5919  data_time: 0.0023  memory: 19777  grad_norm: 23.6782  loss: 5.4179  loss_text: 0.8502  loss_center: 2.9203  loss_reg_x: 0.8972  loss_reg_y: 0.7503
12/28 02:55:33 - mmengine - INFO - Epoch(train) [20][ 245/1544]  lr: 1.9388e-03  eta: 2 days, 15:46:56  time: 3.4145  data_time: 0.0023  memory: 19777  grad_norm: 25.2332  loss: 5.8934  loss_text: 0.9260  loss_center: 2.9476  loss_reg_x: 1.2434  loss_reg_y: 0.7765
12/28 02:55:52 - mmengine - INFO - Epoch(train) [20][ 250/1544]  lr: 1.9388e-03  eta: 2 days, 15:46:41  time: 3.5482  data_time: 0.0026  memory: 19777  grad_norm: 23.8244  loss: 5.6618  loss_text: 0.8479  loss_center: 2.9474  loss_reg_x: 1.1072  loss_reg_y: 0.7593
12/28 02:56:10 - mmengine - INFO - Epoch(train) [20][ 255/1544]  lr: 1.9388e-03  eta: 2 days, 15:46:22  time: 3.6635  data_time: 0.0025  memory: 19777  grad_norm: 23.9695  loss: 5.3345  loss_text: 0.8525  loss_center: 2.9306  loss_reg_x: 0.8376  loss_reg_y: 0.7138
12/28 02:56:30 - mmengine - INFO - Epoch(train) [20][ 260/1544]  lr: 1.9388e-03  eta: 2 days, 15:46:24  time: 3.8388  data_time: 0.0023  memory: 19777  grad_norm: 20.9144  loss: 5.3681  loss_text: 0.8492  loss_center: 2.9320  loss_reg_x: 0.9420  loss_reg_y: 0.6449
12/28 02:56:48 - mmengine - INFO - Epoch(train) [20][ 265/1544]  lr: 1.9388e-03  eta: 2 days, 15:46:00  time: 3.7959  data_time: 0.0023  memory: 19777  grad_norm: 20.5213  loss: 5.3543  loss_text: 0.8113  loss_center: 2.9273  loss_reg_x: 0.9534  loss_reg_y: 0.6623
12/28 02:57:04 - mmengine - INFO - Epoch(train) [20][ 270/1544]  lr: 1.9388e-03  eta: 2 days, 15:45:22  time: 3.3839  data_time: 0.0024  memory: 19777  grad_norm: 22.4507  loss: 5.4022  loss_text: 0.8006  loss_center: 2.9439  loss_reg_x: 0.9624  loss_reg_y: 0.6954
12/28 02:57:21 - mmengine - INFO - Epoch(train) [20][ 275/1544]  lr: 1.9388e-03  eta: 2 days, 15:44:58  time: 3.3726  data_time: 0.0023  memory: 19777  grad_norm: 22.0876  loss: 5.2753  loss_text: 0.7687  loss_center: 2.9492  loss_reg_x: 0.8744  loss_reg_y: 0.6831
12/28 02:57:38 - mmengine - INFO - Epoch(train) [20][ 280/1544]  lr: 1.9388e-03  eta: 2 days, 15:44:23  time: 3.4146  data_time: 0.0023  memory: 19777  grad_norm: 22.1248  loss: 5.4019  loss_text: 0.8274  loss_center: 2.9385  loss_reg_x: 0.9664  loss_reg_y: 0.6695
12/28 02:57:55 - mmengine - INFO - Epoch(train) [20][ 285/1544]  lr: 1.9388e-03  eta: 2 days, 15:43:53  time: 3.3474  data_time: 0.0023  memory: 19777  grad_norm: 20.4534  loss: 5.4119  loss_text: 0.8210  loss_center: 2.9348  loss_reg_x: 1.0212  loss_reg_y: 0.6348
12/28 02:58:13 - mmengine - INFO - Epoch(train) [20][ 290/1544]  lr: 1.9388e-03  eta: 2 days, 15:43:31  time: 3.4730  data_time: 0.0022  memory: 19777  grad_norm: 19.6410  loss: 5.2391  loss_text: 0.7677  loss_center: 2.9285  loss_reg_x: 0.8598  loss_reg_y: 0.6831
12/28 02:58:30 - mmengine - INFO - Epoch(train) [20][ 295/1544]  lr: 1.9388e-03  eta: 2 days, 15:43:01  time: 3.4838  data_time: 0.0022  memory: 19777  grad_norm: 20.9803  loss: 5.2098  loss_text: 0.7173  loss_center: 2.9354  loss_reg_x: 0.8532  loss_reg_y: 0.7040
12/28 02:58:48 - mmengine - INFO - Epoch(train) [20][ 300/1544]  lr: 1.9388e-03  eta: 2 days, 15:42:48  time: 3.5743  data_time: 0.0025  memory: 19777  grad_norm: 24.9127  loss: 5.3585  loss_text: 0.7867  loss_center: 2.9379  loss_reg_x: 0.9345  loss_reg_y: 0.6994
12/28 02:59:06 - mmengine - INFO - Epoch(train) [20][ 305/1544]  lr: 1.9388e-03  eta: 2 days, 15:42:27  time: 3.6656  data_time: 0.0025  memory: 19777  grad_norm: 23.5716  loss: 5.3434  loss_text: 0.7895  loss_center: 2.9261  loss_reg_x: 0.8712  loss_reg_y: 0.7567
12/28 02:59:26 - mmengine - INFO - Epoch(train) [20][ 310/1544]  lr: 1.9388e-03  eta: 2 days, 15:42:20  time: 3.7253  data_time: 0.0022  memory: 19777  grad_norm: 22.0878  loss: 5.1687  loss_text: 0.7437  loss_center: 2.9217  loss_reg_x: 0.7711  loss_reg_y: 0.7322
12/28 02:59:44 - mmengine - INFO - Epoch(train) [20][ 315/1544]  lr: 1.9388e-03  eta: 2 days, 15:42:05  time: 3.7833  data_time: 0.0022  memory: 19777  grad_norm: 24.5686  loss: 5.0266  loss_text: 0.7378  loss_center: 2.9134  loss_reg_x: 0.7484  loss_reg_y: 0.6270
12/28 03:00:02 - mmengine - INFO - Epoch(train) [20][ 320/1544]  lr: 1.9388e-03  eta: 2 days, 15:41:39  time: 3.5988  data_time: 0.0025  memory: 19777  grad_norm: 21.2214  loss: 4.9531  loss_text: 0.6712  loss_center: 2.9078  loss_reg_x: 0.8271  loss_reg_y: 0.5469
12/28 03:00:18 - mmengine - INFO - Epoch(train) [20][ 325/1544]  lr: 1.9388e-03  eta: 2 days, 15:41:07  time: 3.4211  data_time: 0.0024  memory: 19777  grad_norm: 27.9403  loss: 5.0337  loss_text: 0.6676  loss_center: 2.9269  loss_reg_x: 0.8716  loss_reg_y: 0.5676
12/28 03:00:38 - mmengine - INFO - Epoch(train) [20][ 330/1544]  lr: 1.9388e-03  eta: 2 days, 15:41:00  time: 3.6172  data_time: 0.0023  memory: 19777  grad_norm: 33.6287  loss: 5.2405  loss_text: 0.7358  loss_center: 2.8854  loss_reg_x: 0.9853  loss_reg_y: 0.6340
12/28 03:00:56 - mmengine - INFO - Epoch(train) [20][ 335/1544]  lr: 1.9388e-03  eta: 2 days, 15:40:38  time: 3.7239  data_time: 0.0023  memory: 19777  grad_norm: 28.2125  loss: 5.4273  loss_text: 0.7828  loss_center: 2.8947  loss_reg_x: 1.1139  loss_reg_y: 0.6359
12/28 03:01:16 - mmengine - INFO - Epoch(train) [20][ 340/1544]  lr: 1.9388e-03  eta: 2 days, 15:40:43  time: 3.8335  data_time: 0.0023  memory: 19777  grad_norm: 20.7007  loss: 5.1201  loss_text: 0.7276  loss_center: 2.9314  loss_reg_x: 0.8892  loss_reg_y: 0.5719
12/28 03:01:37 - mmengine - INFO - Epoch(train) [20][ 345/1544]  lr: 1.9388e-03  eta: 2 days, 15:40:46  time: 4.0957  data_time: 0.0024  memory: 19777  grad_norm: 15.6376  loss: 4.8100  loss_text: 0.6750  loss_center: 2.9128  loss_reg_x: 0.7199  loss_reg_y: 0.5023
12/28 03:01:54 - mmengine - INFO - Epoch(train) [20][ 350/1544]  lr: 1.9388e-03  eta: 2 days, 15:40:17  time: 3.7505  data_time: 0.0025  memory: 19777  grad_norm: 18.6305  loss: 5.0078  loss_text: 0.7303  loss_center: 2.9325  loss_reg_x: 0.7946  loss_reg_y: 0.5504
12/28 03:02:11 - mmengine - INFO - Epoch(train) [20][ 355/1544]  lr: 1.9388e-03  eta: 2 days, 15:39:50  time: 3.4377  data_time: 0.0024  memory: 19777  grad_norm: 27.1821  loss: 5.1736  loss_text: 0.7918  loss_center: 2.9429  loss_reg_x: 0.8717  loss_reg_y: 0.5671
12/28 03:02:30 - mmengine - INFO - Epoch(train) [20][ 360/1544]  lr: 1.9388e-03  eta: 2 days, 15:39:35  time: 3.5886  data_time: 0.0027  memory: 19777  grad_norm: 28.9841  loss: 5.1769  loss_text: 0.7678  loss_center: 2.9333  loss_reg_x: 0.9208  loss_reg_y: 0.5550
12/28 03:02:46 - mmengine - INFO - Epoch(train) [20][ 365/1544]  lr: 1.9388e-03  eta: 2 days, 15:39:00  time: 3.5043  data_time: 0.0027  memory: 19777  grad_norm: 25.8473  loss: 5.2788  loss_text: 0.7542  loss_center: 2.9353  loss_reg_x: 0.9708  loss_reg_y: 0.6185
12/28 03:03:05 - mmengine - INFO - Epoch(train) [20][ 370/1544]  lr: 1.9388e-03  eta: 2 days, 15:38:51  time: 3.5543  data_time: 0.0029  memory: 19777  grad_norm: 25.2863  loss: 5.2851  loss_text: 0.7997  loss_center: 2.9459  loss_reg_x: 0.9219  loss_reg_y: 0.6177
12/28 03:03:24 - mmengine - INFO - Epoch(train) [20][ 375/1544]  lr: 1.9388e-03  eta: 2 days, 15:38:39  time: 3.7932  data_time: 0.0029  memory: 19777  grad_norm: 20.8198  loss: 5.1939  loss_text: 0.7891  loss_center: 2.9291  loss_reg_x: 0.8572  loss_reg_y: 0.6185
12/28 03:03:42 - mmengine - INFO - Epoch(train) [20][ 380/1544]  lr: 1.9388e-03  eta: 2 days, 15:38:19  time: 3.6893  data_time: 0.0023  memory: 19777  grad_norm: 20.4209  loss: 5.3499  loss_text: 0.8298  loss_center: 2.9357  loss_reg_x: 0.9369  loss_reg_y: 0.6473
12/28 03:04:02 - mmengine - INFO - Epoch(train) [20][ 385/1544]  lr: 1.9388e-03  eta: 2 days, 15:38:20  time: 3.8212  data_time: 0.0022  memory: 19777  grad_norm: 21.4201  loss: 5.3568  loss_text: 0.7993  loss_center: 2.9468  loss_reg_x: 0.9367  loss_reg_y: 0.6739
12/28 03:04:22 - mmengine - INFO - Epoch(train) [20][ 390/1544]  lr: 1.9388e-03  eta: 2 days, 15:38:14  time: 3.9728  data_time: 0.0022  memory: 19777  grad_norm: 19.0882  loss: 4.9978  loss_text: 0.6872  loss_center: 2.8662  loss_reg_x: 0.8626  loss_reg_y: 0.5818
12/28 03:04:39 - mmengine - INFO - Epoch(train) [20][ 395/1544]  lr: 1.9388e-03  eta: 2 days, 15:37:45  time: 3.6562  data_time: 0.0022  memory: 19777  grad_norm: 23.6220  loss: 4.9446  loss_text: 0.7005  loss_center: 2.8698  loss_reg_x: 0.8216  loss_reg_y: 0.5527
12/28 03:04:57 - mmengine - INFO - Epoch(train) [20][ 400/1544]  lr: 1.9388e-03  eta: 2 days, 15:37:29  time: 3.5448  data_time: 0.0022  memory: 19777  grad_norm: 24.6343  loss: 5.0325  loss_text: 0.7341  loss_center: 2.9316  loss_reg_x: 0.7523  loss_reg_y: 0.6144
12/28 03:05:16 - mmengine - INFO - Epoch(train) [20][ 405/1544]  lr: 1.9388e-03  eta: 2 days, 15:37:14  time: 3.7064  data_time: 0.0024  memory: 19777  grad_norm: 20.1070  loss: 5.0313  loss_text: 0.7695  loss_center: 2.9250  loss_reg_x: 0.7445  loss_reg_y: 0.5923
12/28 03:05:33 - mmengine - INFO - Epoch(train) [20][ 410/1544]  lr: 1.9388e-03  eta: 2 days, 15:36:48  time: 3.6015  data_time: 0.0024  memory: 19777  grad_norm: 20.7176  loss: 5.1703  loss_text: 0.7595  loss_center: 2.9242  loss_reg_x: 0.9134  loss_reg_y: 0.5732
12/28 03:05:50 - mmengine - INFO - Epoch(train) [20][ 415/1544]  lr: 1.9388e-03  eta: 2 days, 15:36:19  time: 3.4402  data_time: 0.0025  memory: 19777  grad_norm: 22.0719  loss: 5.3359  loss_text: 0.7765  loss_center: 2.9191  loss_reg_x: 0.9957  loss_reg_y: 0.6446
12/28 03:06:07 - mmengine - INFO - Epoch(train) [20][ 420/1544]  lr: 1.9388e-03  eta: 2 days, 15:35:49  time: 3.3961  data_time: 0.0025  memory: 19777  grad_norm: 25.1348  loss: 5.3720  loss_text: 0.8573  loss_center: 2.9338  loss_reg_x: 0.9606  loss_reg_y: 0.6204
12/28 03:06:24 - mmengine - INFO - Epoch(train) [20][ 425/1544]  lr: 1.9388e-03  eta: 2 days, 15:35:17  time: 3.3694  data_time: 0.0022  memory: 19777  grad_norm: 21.2855  loss: 4.9344  loss_text: 0.7629  loss_center: 2.9311  loss_reg_x: 0.7780  loss_reg_y: 0.4624
12/28 03:06:41 - mmengine - INFO - Epoch(train) [20][ 430/1544]  lr: 1.9388e-03  eta: 2 days, 15:34:45  time: 3.3525  data_time: 0.0023  memory: 19777  grad_norm: 19.9459  loss: 5.0467  loss_text: 0.7344  loss_center: 2.9307  loss_reg_x: 0.8249  loss_reg_y: 0.5566
12/28 03:06:58 - mmengine - INFO - Epoch(train) [20][ 435/1544]  lr: 1.9388e-03  eta: 2 days, 15:34:21  time: 3.4350  data_time: 0.0023  memory: 19777  grad_norm: 23.0289  loss: 5.5489  loss_text: 0.8624  loss_center: 2.9527  loss_reg_x: 1.0627  loss_reg_y: 0.6711
12/28 03:07:16 - mmengine - INFO - Epoch(train) [20][ 440/1544]  lr: 1.9388e-03  eta: 2 days, 15:33:57  time: 3.5202  data_time: 0.0023  memory: 19777  grad_norm: 22.0146  loss: 5.3810  loss_text: 0.8537  loss_center: 2.9508  loss_reg_x: 0.9439  loss_reg_y: 0.6327
12/28 03:07:34 - mmengine - INFO - Epoch(train) [20][ 445/1544]  lr: 1.9388e-03  eta: 2 days, 15:33:34  time: 3.5308  data_time: 0.0022  memory: 19777  grad_norm: 21.3487  loss: 5.2367  loss_text: 0.7862  loss_center: 2.9368  loss_reg_x: 0.9018  loss_reg_y: 0.6118
12/28 03:07:51 - mmengine - INFO - Epoch(train) [20][ 450/1544]  lr: 1.9388e-03  eta: 2 days, 15:33:08  time: 3.5061  data_time: 0.0022  memory: 19777  grad_norm: 20.2915  loss: 5.0765  loss_text: 0.7449  loss_center: 2.9249  loss_reg_x: 0.8526  loss_reg_y: 0.5541
12/28 03:08:09 - mmengine - INFO - Epoch(train) [20][ 455/1544]  lr: 1.9388e-03  eta: 2 days, 15:32:47  time: 3.5355  data_time: 0.0022  memory: 19777  grad_norm: 27.8659  loss: 5.4111  loss_text: 0.7956  loss_center: 2.9272  loss_reg_x: 0.9754  loss_reg_y: 0.7130
12/28 03:08:27 - mmengine - INFO - Epoch(train) [20][ 460/1544]  lr: 1.9388e-03  eta: 2 days, 15:32:29  time: 3.6171  data_time: 0.0021  memory: 19777  grad_norm: 27.6135  loss: 5.5427  loss_text: 0.8088  loss_center: 2.9352  loss_reg_x: 1.0252  loss_reg_y: 0.7736
12/28 03:08:45 - mmengine - INFO - Epoch(train) [20][ 465/1544]  lr: 1.9388e-03  eta: 2 days, 15:32:05  time: 3.5720  data_time: 0.0022  memory: 19777  grad_norm: 20.8232  loss: 5.0729  loss_text: 0.7633  loss_center: 2.9347  loss_reg_x: 0.8153  loss_reg_y: 0.5596
12/28 03:09:03 - mmengine - INFO - Epoch(train) [20][ 470/1544]  lr: 1.9388e-03  eta: 2 days, 15:31:50  time: 3.6115  data_time: 0.0022  memory: 19777  grad_norm: 25.4253  loss: 5.2742  loss_text: 0.7979  loss_center: 2.9407  loss_reg_x: 0.9224  loss_reg_y: 0.6133
12/28 03:09:22 - mmengine - INFO - Epoch(train) [20][ 475/1544]  lr: 1.9388e-03  eta: 2 days, 15:31:38  time: 3.7399  data_time: 0.0022  memory: 19777  grad_norm: 24.8732  loss: 5.4033  loss_text: 0.8000  loss_center: 2.9325  loss_reg_x: 0.9690  loss_reg_y: 0.7019
12/28 03:09:40 - mmengine - INFO - Epoch(train) [20][ 480/1544]  lr: 1.9388e-03  eta: 2 days, 15:31:14  time: 3.6435  data_time: 0.0022  memory: 19777  grad_norm: 21.8603  loss: 5.2262  loss_text: 0.7387  loss_center: 2.9319  loss_reg_x: 0.8846  loss_reg_y: 0.6710
12/28 03:10:00 - mmengine - INFO - Epoch(train) [20][ 485/1544]  lr: 1.9388e-03  eta: 2 days, 15:31:16  time: 3.7959  data_time: 0.0022  memory: 19777  grad_norm: 28.5992  loss: 5.2200  loss_text: 0.7098  loss_center: 2.9348  loss_reg_x: 0.8512  loss_reg_y: 0.7242
12/28 03:10:17 - mmengine - INFO - Epoch(train) [20][ 490/1544]  lr: 1.9388e-03  eta: 2 days, 15:30:45  time: 3.7139  data_time: 0.0022  memory: 19777  grad_norm: 28.3678  loss: 5.3406  loss_text: 0.7761  loss_center: 2.9263  loss_reg_x: 0.8415  loss_reg_y: 0.7967
12/28 03:10:35 - mmengine - INFO - Epoch(train) [20][ 495/1544]  lr: 1.9388e-03  eta: 2 days, 15:30:22  time: 3.4529  data_time: 0.0023  memory: 19777  grad_norm: 21.1922  loss: 5.3379  loss_text: 0.7918  loss_center: 2.9181  loss_reg_x: 0.8584  loss_reg_y: 0.7696
12/28 03:10:52 - mmengine - INFO - Epoch(train) [20][ 500/1544]  lr: 1.9388e-03  eta: 2 days, 15:29:54  time: 3.4879  data_time: 0.0024  memory: 19777  grad_norm: 19.7023  loss: 5.1771  loss_text: 0.7480  loss_center: 2.9162  loss_reg_x: 0.8315  loss_reg_y: 0.6814
12/28 03:11:11 - mmengine - INFO - Epoch(train) [20][ 505/1544]  lr: 1.9388e-03  eta: 2 days, 15:29:44  time: 3.6253  data_time: 0.0023  memory: 19777  grad_norm: 22.0375  loss: 5.3002  loss_text: 0.7731  loss_center: 2.9391  loss_reg_x: 0.8738  loss_reg_y: 0.7143
12/28 03:11:27 - mmengine - INFO - Epoch(train) [20][ 510/1544]  lr: 1.9388e-03  eta: 2 days, 15:29:05  time: 3.5020  data_time: 0.0022  memory: 19777  grad_norm: 24.0622  loss: 5.5691  loss_text: 0.8633  loss_center: 2.9595  loss_reg_x: 0.9558  loss_reg_y: 0.7904
12/28 03:11:46 - mmengine - INFO - Epoch(train) [20][ 515/1544]  lr: 1.9388e-03  eta: 2 days, 15:28:52  time: 3.4694  data_time: 0.0022  memory: 19777  grad_norm: 24.1144  loss: 5.3249  loss_text: 0.8081  loss_center: 2.9443  loss_reg_x: 0.9208  loss_reg_y: 0.6516
12/28 03:12:01 - mmengine - INFO - Epoch(train) [20][ 520/1544]  lr: 1.9388e-03  eta: 2 days, 15:28:12  time: 3.4628  data_time: 0.0023  memory: 19777  grad_norm: 22.3924  loss: 5.3356  loss_text: 0.7508  loss_center: 2.9354  loss_reg_x: 0.9165  loss_reg_y: 0.7330
12/28 03:12:19 - mmengine - INFO - Epoch(train) [20][ 525/1544]  lr: 1.9388e-03  eta: 2 days, 15:27:47  time: 3.3362  data_time: 0.0023  memory: 19777  grad_norm: 18.3953  loss: 5.3814  loss_text: 0.7544  loss_center: 2.9380  loss_reg_x: 0.9125  loss_reg_y: 0.7766
12/28 03:12:35 - mmengine - INFO - Epoch(train) [20][ 530/1544]  lr: 1.9388e-03  eta: 2 days, 15:27:11  time: 3.3818  data_time: 0.0023  memory: 19777  grad_norm: 18.9897  loss: 5.1183  loss_text: 0.7170  loss_center: 2.9364  loss_reg_x: 0.8548  loss_reg_y: 0.6102
12/28 03:12:53 - mmengine - INFO - Epoch(train) [20][ 535/1544]  lr: 1.9388e-03  eta: 2 days, 15:26:48  time: 3.3969  data_time: 0.0022  memory: 19777  grad_norm: 23.0433  loss: 5.1006  loss_text: 0.7313  loss_center: 2.9264  loss_reg_x: 0.8345  loss_reg_y: 0.6084
12/28 03:13:10 - mmengine - INFO - Epoch(train) [20][ 540/1544]  lr: 1.9388e-03  eta: 2 days, 15:26:24  time: 3.5193  data_time: 0.0023  memory: 19777  grad_norm: 25.6152  loss: 5.1445  loss_text: 0.7626  loss_center: 2.9274  loss_reg_x: 0.8549  loss_reg_y: 0.5997
12/28 03:13:27 - mmengine - INFO - Epoch(train) [20][ 545/1544]  lr: 1.9388e-03  eta: 2 days, 15:25:54  time: 3.4543  data_time: 0.0023  memory: 19777  grad_norm: 22.8436  loss: 5.3545  loss_text: 0.8046  loss_center: 2.9363  loss_reg_x: 0.9111  loss_reg_y: 0.7025
12/28 03:13:44 - mmengine - INFO - Epoch(train) [20][ 550/1544]  lr: 1.9388e-03  eta: 2 days, 15:25:22  time: 3.3672  data_time: 0.0037  memory: 19777  grad_norm: 21.8813  loss: 5.3613  loss_text: 0.8382  loss_center: 2.9254  loss_reg_x: 0.9069  loss_reg_y: 0.6908
12/28 03:14:02 - mmengine - INFO - Epoch(train) [20][ 555/1544]  lr: 1.9388e-03  eta: 2 days, 15:25:01  time: 3.4618  data_time: 0.0041  memory: 19777  grad_norm: 22.1429  loss: 5.0016  loss_text: 0.7439  loss_center: 2.9271  loss_reg_x: 0.7677  loss_reg_y: 0.5630
12/28 03:14:20 - mmengine - INFO - Epoch(train) [20][ 560/1544]  lr: 1.9388e-03  eta: 2 days, 15:24:41  time: 3.5924  data_time: 0.0028  memory: 19777  grad_norm: 25.1477  loss: 5.3183  loss_text: 0.7776  loss_center: 2.9523  loss_reg_x: 0.8464  loss_reg_y: 0.7420
12/28 03:14:38 - mmengine - INFO - Epoch(train) [20][ 565/1544]  lr: 1.9388e-03  eta: 2 days, 15:24:25  time: 3.6404  data_time: 0.0023  memory: 19777  grad_norm: 27.2959  loss: 5.5601  loss_text: 0.8540  loss_center: 2.9517  loss_reg_x: 0.9756  loss_reg_y: 0.7787
12/28 03:14:56 - mmengine - INFO - Epoch(train) [20][ 570/1544]  lr: 1.9388e-03  eta: 2 days, 15:24:03  time: 3.6197  data_time: 0.0022  memory: 19777  grad_norm: 21.8782  loss: 5.4356  loss_text: 0.7875  loss_center: 2.9469  loss_reg_x: 1.0809  loss_reg_y: 0.6203
12/28 03:15:13 - mmengine - INFO - Epoch(train) [20][ 575/1544]  lr: 1.9388e-03  eta: 2 days, 15:23:34  time: 3.4831  data_time: 0.0022  memory: 19777  grad_norm: 20.1674  loss: 5.4494  loss_text: 0.7599  loss_center: 2.9530  loss_reg_x: 1.0759  loss_reg_y: 0.6606
12/28 03:15:32 - mmengine - INFO - Epoch(train) [20][ 580/1544]  lr: 1.9388e-03  eta: 2 days, 15:23:19  time: 3.5513  data_time: 0.0022  memory: 19777  grad_norm: 22.9406  loss: 5.2551  loss_text: 0.7492  loss_center: 2.9477  loss_reg_x: 0.8323  loss_reg_y: 0.7259
12/28 03:15:50 - mmengine - INFO - Epoch(train) [20][ 585/1544]  lr: 1.9388e-03  eta: 2 days, 15:23:00  time: 3.6634  data_time: 0.0028  memory: 19777  grad_norm: 26.1767  loss: 5.1962  loss_text: 0.7620  loss_center: 2.9463  loss_reg_x: 0.8087  loss_reg_y: 0.6793
12/28 03:16:08 - mmengine - INFO - Epoch(train) [20][ 590/1544]  lr: 1.9388e-03  eta: 2 days, 15:22:40  time: 3.6129  data_time: 0.0028  memory: 19777  grad_norm: 25.4323  loss: 5.3936  loss_text: 0.7714  loss_center: 2.9541  loss_reg_x: 0.9677  loss_reg_y: 0.7004
12/28 03:16:25 - mmengine - INFO - Epoch(train) [20][ 595/1544]  lr: 1.9388e-03  eta: 2 days, 15:22:08  time: 3.4640  data_time: 0.0022  memory: 19777  grad_norm: 19.0763  loss: 5.3115  loss_text: 0.7395  loss_center: 2.9442  loss_reg_x: 0.9681  loss_reg_y: 0.6598
12/28 03:16:42 - mmengine - INFO - Epoch(train) [20][ 600/1544]  lr: 1.9388e-03  eta: 2 days, 15:21:41  time: 3.3968  data_time: 0.0022  memory: 19777  grad_norm: 20.4036  loss: 5.3865  loss_text: 0.7880  loss_center: 2.9410  loss_reg_x: 0.9799  loss_reg_y: 0.6775
12/28 03:17:00 - mmengine - INFO - Epoch(train) [20][ 605/1544]  lr: 1.9388e-03  eta: 2 days, 15:21:21  time: 3.5290  data_time: 0.0022  memory: 19777  grad_norm: 25.0949  loss: 5.5148  loss_text: 0.8493  loss_center: 2.9383  loss_reg_x: 1.0021  loss_reg_y: 0.7250
12/28 03:17:18 - mmengine - INFO - Epoch(train) [20][ 610/1544]  lr: 1.9388e-03  eta: 2 days, 15:21:08  time: 3.6692  data_time: 0.0023  memory: 19777  grad_norm: 20.9608  loss: 5.3303  loss_text: 0.8212  loss_center: 2.9395  loss_reg_x: 0.9389  loss_reg_y: 0.6307
12/28 03:17:36 - mmengine - INFO - Epoch(train) [20][ 615/1544]  lr: 1.9388e-03  eta: 2 days, 15:20:45  time: 3.6363  data_time: 0.0023  memory: 19777  grad_norm: 21.2931  loss: 5.3320  loss_text: 0.8027  loss_center: 2.9475  loss_reg_x: 0.9916  loss_reg_y: 0.5901
12/28 03:17:56 - mmengine - INFO - Epoch(train) [20][ 620/1544]  lr: 1.9388e-03  eta: 2 days, 15:20:41  time: 3.7435  data_time: 0.0024  memory: 19777  grad_norm: 23.2764  loss: 5.2344  loss_text: 0.7940  loss_center: 2.9288  loss_reg_x: 0.9349  loss_reg_y: 0.5766
12/28 03:18:14 - mmengine - INFO - Epoch(train) [20][ 625/1544]  lr: 1.9388e-03  eta: 2 days, 15:20:18  time: 3.7398  data_time: 0.0023  memory: 19777  grad_norm: 25.1950  loss: 5.1253  loss_text: 0.7659  loss_center: 2.9340  loss_reg_x: 0.8299  loss_reg_y: 0.5954
12/28 03:18:33 - mmengine - INFO - Epoch(train) [20][ 630/1544]  lr: 1.9388e-03  eta: 2 days, 15:20:13  time: 3.7251  data_time: 0.0022  memory: 19777  grad_norm: 29.7616  loss: 5.1881  loss_text: 0.7449  loss_center: 2.9402  loss_reg_x: 0.8742  loss_reg_y: 0.6288
12/28 03:18:51 - mmengine - INFO - Epoch(train) [20][ 635/1544]  lr: 1.9388e-03  eta: 2 days, 15:19:51  time: 3.7352  data_time: 0.0023  memory: 19777  grad_norm: 26.3957  loss: 5.2130  loss_text: 0.7527  loss_center: 2.9379  loss_reg_x: 0.9032  loss_reg_y: 0.6192
12/28 03:19:09 - mmengine - INFO - Epoch(train) [20][ 640/1544]  lr: 1.9388e-03  eta: 2 days, 15:19:36  time: 3.6308  data_time: 0.0023  memory: 19777  grad_norm: 27.3266  loss: 5.2841  loss_text: 0.7369  loss_center: 2.9424  loss_reg_x: 0.9645  loss_reg_y: 0.6403
12/28 03:19:28 - mmengine - INFO - Epoch(train) [20][ 645/1544]  lr: 1.9388e-03  eta: 2 days, 15:19:18  time: 3.6807  data_time: 0.0022  memory: 19777  grad_norm: 31.1532  loss: 5.5734  loss_text: 0.7783  loss_center: 2.9387  loss_reg_x: 1.1433  loss_reg_y: 0.7130
12/28 03:19:45 - mmengine - INFO - Epoch(train) [20][ 650/1544]  lr: 1.9388e-03  eta: 2 days, 15:18:52  time: 3.5553  data_time: 0.0022  memory: 19777  grad_norm: 28.9583  loss: 5.5685  loss_text: 0.8420  loss_center: 2.9272  loss_reg_x: 1.1003  loss_reg_y: 0.6990
12/28 03:20:04 - mmengine - INFO - Epoch(train) [20][ 655/1544]  lr: 1.9388e-03  eta: 2 days, 15:18:41  time: 3.6353  data_time: 0.0022  memory: 19777  grad_norm: 30.7308  loss: 5.4986  loss_text: 0.9183  loss_center: 2.9469  loss_reg_x: 0.9954  loss_reg_y: 0.6380
12/28 03:20:24 - mmengine - INFO - Epoch(train) [20][ 660/1544]  lr: 1.9388e-03  eta: 2 days, 15:18:37  time: 3.8714  data_time: 0.0022  memory: 19777  grad_norm: 32.0053  loss: 5.5049  loss_text: 0.9094  loss_center: 2.9476  loss_reg_x: 0.9998  loss_reg_y: 0.6481
12/28 03:20:38 - mmengine - INFO - Exp name: fcenet_r50dcnv2_fpn_1500e_lsvt_ctw_pretrain_20251227_202521
12/28 03:20:41 - mmengine - INFO - Epoch(train) [20][ 665/1544]  lr: 1.9388e-03  eta: 2 days, 15:18:13  time: 3.7199  data_time: 0.0024  memory: 19777  grad_norm: 27.9033  loss: 5.3063  loss_text: 0.7931  loss_center: 2.9216  loss_reg_x: 0.9151  loss_reg_y: 0.6765
12/28 03:20:58 - mmengine - INFO - Epoch(train) [20][ 670/1544]  lr: 1.9388e-03  eta: 2 days, 15:17:41  time: 3.4322  data_time: 0.0026  memory: 19777  grad_norm: 28.7936  loss: 5.4193  loss_text: 0.8084  loss_center: 2.9429  loss_reg_x: 1.0100  loss_reg_y: 0.6580
12/28 03:21:15 - mmengine - INFO - Epoch(train) [20][ 675/1544]  lr: 1.9388e-03  eta: 2 days, 15:17:11  time: 3.3609  data_time: 0.0026  memory: 19777  grad_norm: 31.3144  loss: 5.5610  loss_text: 0.8278  loss_center: 2.9634  loss_reg_x: 1.0072  loss_reg_y: 0.7625
12/28 03:21:33 - mmengine - INFO - Epoch(train) [20][ 680/1544]  lr: 1.9388e-03  eta: 2 days, 15:16:53  time: 3.5041  data_time: 0.0022  memory: 19777  grad_norm: 24.8154  loss: 5.2647  loss_text: 0.7800  loss_center: 2.9451  loss_reg_x: 0.8141  loss_reg_y: 0.7255
12/28 03:21:54 - mmengine - INFO - Epoch(train) [20][ 685/1544]  lr: 1.9388e-03  eta: 2 days, 15:16:57  time: 3.8838  data_time: 0.0023  memory: 19777  grad_norm: 18.4281  loss: 4.9605  loss_text: 0.7443  loss_center: 2.9265  loss_reg_x: 0.7332  loss_reg_y: 0.5565
12/28 03:22:13 - mmengine - INFO - Epoch(train) [20][ 690/1544]  lr: 1.9388e-03  eta: 2 days, 15:16:48  time: 3.9833  data_time: 0.0023  memory: 19777  grad_norm: 23.8092  loss: 5.1323  loss_text: 0.7766  loss_center: 2.9349  loss_reg_x: 0.8116  loss_reg_y: 0.6093
12/28 03:22:31 - mmengine - INFO - Epoch(train) [20][ 695/1544]  lr: 1.9388e-03  eta: 2 days, 15:16:28  time: 3.7175  data_time: 0.0022  memory: 19777  grad_norm: 27.6000  loss: 5.3193  loss_text: 0.8061  loss_center: 2.9411  loss_reg_x: 0.9025  loss_reg_y: 0.6696
12/28 03:22:50 - mmengine - INFO - Epoch(train) [20][ 700/1544]  lr: 1.9388e-03  eta: 2 days, 15:16:15  time: 3.6742  data_time: 0.0023  memory: 19777  grad_norm: 29.5816  loss: 5.1854  loss_text: 0.7887  loss_center: 2.9260  loss_reg_x: 0.8747  loss_reg_y: 0.5961
12/28 03:23:11 - mmengine - INFO - Epoch(train) [20][ 705/1544]  lr: 1.9388e-03  eta: 2 days, 15:16:25  time: 4.0076  data_time: 0.0026  memory: 19777  grad_norm: 34.3791  loss: 5.3022  loss_text: 0.8510  loss_center: 2.9242  loss_reg_x: 0.9409  loss_reg_y: 0.5861
12/28 03:23:29 - mmengine - INFO - Epoch(train) [20][ 710/1544]  lr: 1.9388e-03  eta: 2 days, 15:16:06  time: 3.9356  data_time: 0.0027  memory: 19777  grad_norm: 31.4458  loss: 5.2628  loss_text: 0.8300  loss_center: 2.9251  loss_reg_x: 0.8543  loss_reg_y: 0.6534
12/28 03:23:48 - mmengine - INFO - Epoch(train) [20][ 715/1544]  lr: 1.9388e-03  eta: 2 days, 15:15:53  time: 3.6826  data_time: 0.0024  memory: 19777  grad_norm: 27.9190  loss: 5.2200  loss_text: 0.8407  loss_center: 2.9265  loss_reg_x: 0.8416  loss_reg_y: 0.6112
12/28 03:24:06 - mmengine - INFO - Epoch(train) [20][ 720/1544]  lr: 1.9388e-03  eta: 2 days, 15:15:30  time: 3.6490  data_time: 0.0023  memory: 19777  grad_norm: 24.7913  loss: 5.5460  loss_text: 0.9189  loss_center: 2.9421  loss_reg_x: 1.0525  loss_reg_y: 0.6325
12/28 03:24:23 - mmengine - INFO - Epoch(train) [20][ 725/1544]  lr: 1.9388e-03  eta: 2 days, 15:15:07  time: 3.5382  data_time: 0.0023  memory: 19777  grad_norm: 22.5655  loss: 5.6900  loss_text: 0.8723  loss_center: 2.9488  loss_reg_x: 1.1045  loss_reg_y: 0.7644
12/28 03:24:41 - mmengine - INFO - Epoch(train) [20][ 730/1544]  lr: 1.9388e-03  eta: 2 days, 15:14:42  time: 3.5086  data_time: 0.0022  memory: 19777  grad_norm: 20.4082  loss: 5.4328  loss_text: 0.7408  loss_center: 2.8780  loss_reg_x: 1.0525  loss_reg_y: 0.7614
12/28 03:24:59 - mmengine - INFO - Epoch(train) [20][ 735/1544]  lr: 1.9388e-03  eta: 2 days, 15:14:23  time: 3.5516  data_time: 0.0024  memory: 19777  grad_norm: 22.5290  loss: 5.2550  loss_text: 0.7442  loss_center: 2.8641  loss_reg_x: 0.9578  loss_reg_y: 0.6888
12/28 03:25:15 - mmengine - INFO - Epoch(train) [20][ 740/1544]  lr: 1.9388e-03  eta: 2 days, 15:13:47  time: 3.4378  data_time: 0.0024  memory: 19777  grad_norm: 23.6945  loss: 5.1786  loss_text: 0.7831  loss_center: 2.9192  loss_reg_x: 0.8784  loss_reg_y: 0.5979
12/28 03:25:34 - mmengine - INFO - Epoch(train) [20][ 745/1544]  lr: 1.9388e-03  eta: 2 days, 15:13:35  time: 3.5093  data_time: 0.0022  memory: 19777  grad_norm: 22.2850  loss: 5.1813  loss_text: 0.7836  loss_center: 2.9255  loss_reg_x: 0.9369  loss_reg_y: 0.5354
12/28 03:25:51 - mmengine - INFO - Epoch(train) [20][ 750/1544]  lr: 1.9388e-03  eta: 2 days, 15:13:09  time: 3.6181  data_time: 0.0022  memory: 19777  grad_norm: 21.2530  loss: 5.1576  loss_text: 0.7452  loss_center: 2.9251  loss_reg_x: 0.9265  loss_reg_y: 0.5608
12/28 03:26:09 - mmengine - INFO - Epoch(train) [20][ 755/1544]  lr: 1.9388e-03  eta: 2 days, 15:12:49  time: 3.5383  data_time: 0.0022  memory: 19777  grad_norm: 21.6415  loss: 5.1361  loss_text: 0.7085  loss_center: 2.9172  loss_reg_x: 0.8774  loss_reg_y: 0.6330
12/28 03:26:26 - mmengine - INFO - Epoch(train) [20][ 760/1544]  lr: 1.9388e-03  eta: 2 days, 15:12:23  time: 3.5262  data_time: 0.0024  memory: 19777  grad_norm: 21.9059  loss: 5.0840  loss_text: 0.7126  loss_center: 2.9213  loss_reg_x: 0.8486  loss_reg_y: 0.6015
12/28 03:26:45 - mmengine - INFO - Epoch(train) [20][ 765/1544]  lr: 1.9388e-03  eta: 2 days, 15:12:08  time: 3.5889  data_time: 0.0024  memory: 19777  grad_norm: 22.3656  loss: 5.0664  loss_text: 0.7271  loss_center: 2.9232  loss_reg_x: 0.8242  loss_reg_y: 0.5919
12/28 03:27:03 - mmengine - INFO - Epoch(train) [20][ 770/1544]  lr: 1.9388e-03  eta: 2 days, 15:11:50  time: 3.6776  data_time: 0.0023  memory: 19777  grad_norm: 23.4340  loss: 5.2079  loss_text: 0.8279  loss_center: 2.9117  loss_reg_x: 0.8405  loss_reg_y: 0.6279
12/28 03:27:22 - mmengine - INFO - Epoch(train) [20][ 775/1544]  lr: 1.9388e-03  eta: 2 days, 15:11:33  time: 3.6467  data_time: 0.0023  memory: 19777  grad_norm: 19.6188  loss: 5.1065  loss_text: 0.7934  loss_center: 2.9260  loss_reg_x: 0.8097  loss_reg_y: 0.5775
12/28 03:27:38 - mmengine - INFO - Epoch(train) [20][ 780/1544]  lr: 1.9388e-03  eta: 2 days, 15:11:03  time: 3.5173  data_time: 0.0022  memory: 19777  grad_norm: 18.7573  loss: 5.1462  loss_text: 0.7716  loss_center: 2.9374  loss_reg_x: 0.8706  loss_reg_y: 0.5665
12/28 03:27:57 - mmengine - INFO - Epoch(train) [20][ 785/1544]  lr: 1.9388e-03  eta: 2 days, 15:10:48  time: 3.5489  data_time: 0.0025  memory: 19777  grad_norm: 24.5966  loss: 5.2872  loss_text: 0.8977  loss_center: 2.9282  loss_reg_x: 0.8648  loss_reg_y: 0.5966
12/28 03:28:15 - mmengine - INFO - Epoch(train) [20][ 790/1544]  lr: 1.9388e-03  eta: 2 days, 15:10:28  time: 3.6590  data_time: 0.0025  memory: 19777  grad_norm: 32.4144  loss: 5.4944  loss_text: 0.9703  loss_center: 2.9336  loss_reg_x: 0.8961  loss_reg_y: 0.6944
12/28 03:28:36 - mmengine - INFO - Epoch(train) [20][ 795/1544]  lr: 1.9388e-03  eta: 2 days, 15:10:32  time: 3.8624  data_time: 0.0023  memory: 19777  grad_norm: 31.4522  loss: 5.5335  loss_text: 0.8894  loss_center: 2.9411  loss_reg_x: 1.0026  loss_reg_y: 0.7003
12/28 03:28:55 - mmengine - INFO - Epoch(train) [20][ 800/1544]  lr: 1.9388e-03  eta: 2 days, 15:10:24  time: 4.0019  data_time: 0.0023  memory: 19777  grad_norm: 27.3420  loss: 5.4121  loss_text: 0.7955  loss_center: 2.9373  loss_reg_x: 1.0069  loss_reg_y: 0.6724
12/28 03:29:13 - mmengine - INFO - Epoch(train) [20][ 805/1544]  lr: 1.9388e-03  eta: 2 days, 15:10:01  time: 3.7000  data_time: 0.0023  memory: 19777  grad_norm: 23.7437  loss: 5.5751  loss_text: 0.8052  loss_center: 2.9302  loss_reg_x: 1.0290  loss_reg_y: 0.8107
12/28 03:29:30 - mmengine - INFO - Epoch(train) [20][ 810/1544]  lr: 1.9388e-03  eta: 2 days, 15:09:37  time: 3.5114  data_time: 0.0023  memory: 19777  grad_norm: 21.7139  loss: 5.2410  loss_text: 0.7658  loss_center: 2.9169  loss_reg_x: 0.8703  loss_reg_y: 0.6879
12/28 03:29:47 - mmengine - INFO - Epoch(train) [20][ 815/1544]  lr: 1.9388e-03  eta: 2 days, 15:09:07  time: 3.4360  data_time: 0.0023  memory: 19777  grad_norm: 21.6543  loss: 4.9497  loss_text: 0.7380  loss_center: 2.9306  loss_reg_x: 0.7870  loss_reg_y: 0.4941
12/28 03:30:04 - mmengine - INFO - Epoch(train) [20][ 820/1544]  lr: 1.9388e-03  eta: 2 days, 15:08:39  time: 3.3965  data_time: 0.0022  memory: 19777  grad_norm: 19.2283  loss: 5.0260  loss_text: 0.7275  loss_center: 2.9462  loss_reg_x: 0.8346  loss_reg_y: 0.5178
12/28 03:30:20 - mmengine - INFO - Epoch(train) [20][ 825/1544]  lr: 1.9388e-03  eta: 2 days, 15:08:02  time: 3.3205  data_time: 0.0022  memory: 19777  grad_norm: 21.6218  loss: 5.2963  loss_text: 0.7920  loss_center: 2.9392  loss_reg_x: 0.9583  loss_reg_y: 0.6069
12/28 03:30:39 - mmengine - INFO - Epoch(train) [20][ 830/1544]  lr: 1.9388e-03  eta: 2 days, 15:07:48  time: 3.4748  data_time: 0.0022  memory: 19777  grad_norm: 28.1227  loss: 5.4330  loss_text: 0.7839  loss_center: 2.9382  loss_reg_x: 1.0631  loss_reg_y: 0.6478
12/28 03:30:56 - mmengine - INFO - Epoch(train) [20][ 835/1544]  lr: 1.9388e-03  eta: 2 days, 15:07:17  time: 3.5406  data_time: 0.0022  memory: 19777  grad_norm: 27.4004  loss: 5.1163  loss_text: 0.6806  loss_center: 2.9247  loss_reg_x: 0.9249  loss_reg_y: 0.5861
12/28 03:31:15 - mmengine - INFO - Epoch(train) [20][ 840/1544]  lr: 1.9388e-03  eta: 2 days, 15:07:09  time: 3.6107  data_time: 0.0025  memory: 19777  grad_norm: 22.7217  loss: 5.3540  loss_text: 0.7632  loss_center: 2.9289  loss_reg_x: 0.9979  loss_reg_y: 0.6641
12/28 03:31:32 - mmengine - INFO - Epoch(train) [20][ 845/1544]  lr: 1.9388e-03  eta: 2 days, 15:06:40  time: 3.6322  data_time: 0.0025  memory: 19777  grad_norm: 21.6062  loss: 5.4347  loss_text: 0.8122  loss_center: 2.9360  loss_reg_x: 1.0059  loss_reg_y: 0.6806
12/28 03:31:54 - mmengine - INFO - Epoch(train) [20][ 850/1544]  lr: 1.9388e-03  eta: 2 days, 15:06:53  time: 3.8650  data_time: 0.0022  memory: 19777  grad_norm: 21.2903  loss: 5.1063  loss_text: 0.7758  loss_center: 2.9332  loss_reg_x: 0.8168  loss_reg_y: 0.5805
12/28 03:32:10 - mmengine - INFO - Epoch(train) [20][ 855/1544]  lr: 1.9388e-03  eta: 2 days, 15:06:20  time: 3.8209  data_time: 0.0022  memory: 19777  grad_norm: 20.8548  loss: 5.0572  loss_text: 0.7652  loss_center: 2.9281  loss_reg_x: 0.7676  loss_reg_y: 0.5963
12/28 03:32:28 - mmengine - INFO - Epoch(train) [20][ 860/1544]  lr: 1.9388e-03  eta: 2 days, 15:06:01  time: 3.4679  data_time: 0.0027  memory: 19777  grad_norm: 23.6035  loss: 5.2038  loss_text: 0.7882  loss_center: 2.9240  loss_reg_x: 0.8389  loss_reg_y: 0.6527
12/28 03:32:46 - mmengine - INFO - Epoch(train) [20][ 865/1544]  lr: 1.9388e-03  eta: 2 days, 15:05:40  time: 3.5980  data_time: 0.0027  memory: 19777  grad_norm: 22.1356  loss: 5.1714  loss_text: 0.7791  loss_center: 2.9364  loss_reg_x: 0.8416  loss_reg_y: 0.6143
12/28 03:33:05 - mmengine - INFO - Epoch(train) [20][ 870/1544]  lr: 1.9388e-03  eta: 2 days, 15:05:25  time: 3.6379  data_time: 0.0022  memory: 19777  grad_norm: 18.0580  loss: 5.0310  loss_text: 0.7528  loss_center: 2.9298  loss_reg_x: 0.7811  loss_reg_y: 0.5672
12/28 03:33:23 - mmengine - INFO - Epoch(train) [20][ 875/1544]  lr: 1.9388e-03  eta: 2 days, 15:05:05  time: 3.6544  data_time: 0.0023  memory: 19777  grad_norm: 22.9903  loss: 5.1659  loss_text: 0.7652  loss_center: 2.9174  loss_reg_x: 0.8390  loss_reg_y: 0.6443
12/28 03:33:40 - mmengine - INFO - Epoch(train) [20][ 880/1544]  lr: 1.9388e-03  eta: 2 days, 15:04:43  time: 3.5724  data_time: 0.0023  memory: 19777  grad_norm: 24.1277  loss: 5.1617  loss_text: 0.7845  loss_center: 2.9224  loss_reg_x: 0.8141  loss_reg_y: 0.6407
12/28 03:33:58 - mmengine - INFO - Epoch(train) [20][ 885/1544]  lr: 1.9388e-03  eta: 2 days, 15:04:23  time: 3.5692  data_time: 0.0037  memory: 19777  grad_norm: 21.0035  loss: 5.2253  loss_text: 0.8262  loss_center: 2.9278  loss_reg_x: 0.8627  loss_reg_y: 0.6086
12/28 03:34:18 - mmengine - INFO - Epoch(train) [20][ 890/1544]  lr: 1.9388e-03  eta: 2 days, 15:04:17  time: 3.7552  data_time: 0.0037  memory: 19777  grad_norm: 25.3009  loss: 5.4270  loss_text: 0.8409  loss_center: 2.9308  loss_reg_x: 1.0093  loss_reg_y: 0.6460
12/28 03:34:35 - mmengine - INFO - Epoch(train) [20][ 895/1544]  lr: 1.9388e-03  eta: 2 days, 15:03:50  time: 3.6757  data_time: 0.0023  memory: 19777  grad_norm: 28.8037  loss: 5.6211  loss_text: 0.9045  loss_center: 2.9425  loss_reg_x: 1.0777  loss_reg_y: 0.6963
12/28 03:34:54 - mmengine - INFO - Epoch(train) [20][ 900/1544]  lr: 1.9388e-03  eta: 2 days, 15:03:35  time: 3.5778  data_time: 0.0024  memory: 19777  grad_norm: 25.2952  loss: 5.7754  loss_text: 0.9638  loss_center: 2.9460  loss_reg_x: 1.1500  loss_reg_y: 0.7156
12/28 03:35:14 - mmengine - INFO - Epoch(train) [20][ 905/1544]  lr: 1.9388e-03  eta: 2 days, 15:03:37  time: 3.9111  data_time: 0.0027  memory: 19777  grad_norm: 20.2841  loss: 5.4605  loss_text: 0.8609  loss_center: 2.9330  loss_reg_x: 0.9972  loss_reg_y: 0.6693
12/28 03:35:32 - mmengine - INFO - Epoch(train) [20][ 910/1544]  lr: 1.9388e-03  eta: 2 days, 15:03:18  time: 3.8541  data_time: 0.0025  memory: 19777  grad_norm: 24.2614  loss: 5.3645  loss_text: 0.7920  loss_center: 2.9270  loss_reg_x: 0.9307  loss_reg_y: 0.7147
12/28 03:35:49 - mmengine - INFO - Epoch(train) [20][ 915/1544]  lr: 1.9388e-03  eta: 2 days, 15:02:49  time: 3.5001  data_time: 0.0022  memory: 19777  grad_norm: 22.9976  loss: 5.1417  loss_text: 0.7148  loss_center: 2.9206  loss_reg_x: 0.8949  loss_reg_y: 0.6114
12/28 03:36:06 - mmengine - INFO - Epoch(train) [20][ 920/1544]  lr: 1.9388e-03  eta: 2 days, 15:02:14  time: 3.3326  data_time: 0.0022  memory: 19777  grad_norm: 16.5492  loss: 4.9416  loss_text: 0.6741  loss_center: 2.9403  loss_reg_x: 0.8147  loss_reg_y: 0.5124
12/28 03:36:23 - mmengine - INFO - Epoch(train) [20][ 925/1544]  lr: 1.9388e-03  eta: 2 days, 15:01:46  time: 3.3405  data_time: 0.0022  memory: 19777  grad_norm: 18.8203  loss: 5.0019  loss_text: 0.7255  loss_center: 2.9490  loss_reg_x: 0.8116  loss_reg_y: 0.5158
12/28 03:36:39 - mmengine - INFO - Epoch(train) [20][ 930/1544]  lr: 1.9388e-03  eta: 2 days, 15:01:10  time: 3.3189  data_time: 0.0025  memory: 19777  grad_norm: 31.1420  loss: 5.2663  loss_text: 0.8139  loss_center: 2.9304  loss_reg_x: 0.9499  loss_reg_y: 0.5722
12/28 03:36:56 - mmengine - INFO - Epoch(train) [20][ 935/1544]  lr: 1.9388e-03  eta: 2 days, 15:00:47  time: 3.3761  data_time: 0.0025  memory: 19777  grad_norm: 31.5627  loss: 5.4440  loss_text: 0.7929  loss_center: 2.9390  loss_reg_x: 1.0064  loss_reg_y: 0.7057
12/28 03:37:13 - mmengine - INFO - Epoch(train) [20][ 940/1544]  lr: 1.9388e-03  eta: 2 days, 15:00:19  time: 3.4713  data_time: 0.0026  memory: 19777  grad_norm: 19.4733  loss: 4.9580  loss_text: 0.6561  loss_center: 2.9273  loss_reg_x: 0.7645  loss_reg_y: 0.6101
12/28 03:37:32 - mmengine - INFO - Epoch(train) [20][ 945/1544]  lr: 1.9388e-03  eta: 2 days, 15:00:06  time: 3.5825  data_time: 0.0026  memory: 19777  grad_norm: 19.5175  loss: 4.9628  loss_text: 0.7085  loss_center: 2.9158  loss_reg_x: 0.7850  loss_reg_y: 0.5536
12/28 03:37:49 - mmengine - INFO - Epoch(train) [20][ 950/1544]  lr: 1.9388e-03  eta: 2 days, 14:59:39  time: 3.5983  data_time: 0.0022  memory: 19777  grad_norm: 27.6954  loss: 5.4422  loss_text: 0.8978  loss_center: 2.9460  loss_reg_x: 0.9273  loss_reg_y: 0.6711
12/28 03:38:07 - mmengine - INFO - Epoch(train) [20][ 955/1544]  lr: 1.9388e-03  eta: 2 days, 14:59:11  time: 3.4269  data_time: 0.0023  memory: 19777  grad_norm: 30.3587  loss: 5.5462  loss_text: 0.9487  loss_center: 2.9483  loss_reg_x: 0.9380  loss_reg_y: 0.7111
12/28 03:38:24 - mmengine - INFO - Epoch(train) [20][ 960/1544]  lr: 1.9388e-03  eta: 2 days, 14:58:45  time: 3.4304  data_time: 0.0025  memory: 19777  grad_norm: 25.1796  loss: 5.4287  loss_text: 0.8870  loss_center: 2.9404  loss_reg_x: 0.8858  loss_reg_y: 0.7155
12/28 03:38:42 - mmengine - INFO - Epoch(train) [20][ 965/1544]  lr: 1.9388e-03  eta: 2 days, 14:58:24  time: 3.5145  data_time: 0.0024  memory: 19777  grad_norm: 22.7209  loss: 5.2417  loss_text: 0.8111  loss_center: 2.9286  loss_reg_x: 0.8293  loss_reg_y: 0.6727
12/28 03:39:01 - mmengine - INFO - Epoch(train) [20][ 970/1544]  lr: 1.9388e-03  eta: 2 days, 14:58:16  time: 3.7223  data_time: 0.0022  memory: 19777  grad_norm: 19.4699  loss: 5.1256  loss_text: 0.7536  loss_center: 2.9192  loss_reg_x: 0.7785  loss_reg_y: 0.6743
12/28 03:39:18 - mmengine - INFO - Epoch(train) [20][ 975/1544]  lr: 1.9388e-03  eta: 2 days, 14:57:51  time: 3.6744  data_time: 0.0022  memory: 19777  grad_norm: 20.5912  loss: 5.6097  loss_text: 0.9412  loss_center: 2.9355  loss_reg_x: 0.9746  loss_reg_y: 0.7583
12/28 03:39:35 - mmengine - INFO - Epoch(train) [20][ 980/1544]  lr: 1.9388e-03  eta: 2 days, 14:57:19  time: 3.3991  data_time: 0.0022  memory: 19777  grad_norm: 22.8597  loss: 5.7124  loss_text: 0.9909  loss_center: 2.9384  loss_reg_x: 1.0806  loss_reg_y: 0.7024
12/28 03:39:55 - mmengine - INFO - Epoch(train) [20][ 985/1544]  lr: 1.9388e-03  eta: 2 days, 14:57:14  time: 3.6310  data_time: 0.0022  memory: 19777  grad_norm: 22.4342  loss: 5.5120  loss_text: 0.8923  loss_center: 2.9353  loss_reg_x: 0.9515  loss_reg_y: 0.7329
12/28 03:40:13 - mmengine - INFO - Epoch(train) [20][ 990/1544]  lr: 1.9388e-03  eta: 2 days, 14:56:55  time: 3.7778  data_time: 0.0022  memory: 19777  grad_norm: 22.8166  loss: 5.4867  loss_text: 0.8229  loss_center: 2.9258  loss_reg_x: 0.9858  loss_reg_y: 0.7522
12/28 03:40:32 - mmengine - INFO - Epoch(train) [20][ 995/1544]  lr: 1.9388e-03  eta: 2 days, 14:56:47  time: 3.7434  data_time: 0.0024  memory: 19777  grad_norm: 22.6102  loss: 5.0901  loss_text: 0.7179  loss_center: 2.9176  loss_reg_x: 0.8765  loss_reg_y: 0.5781
12/28 03:40:51 - mmengine - INFO - Epoch(train) [20][1000/1544]  lr: 1.9388e-03  eta: 2 days, 14:56:30  time: 3.7734  data_time: 0.0024  memory: 19777  grad_norm: 24.3263  loss: 5.1706  loss_text: 0.8853  loss_center: 2.9118  loss_reg_x: 0.8192  loss_reg_y: 0.5542
12/28 03:41:13 - mmengine - INFO - Epoch(train) [20][1005/1544]  lr: 1.9388e-03  eta: 2 days, 14:56:46  time: 4.0404  data_time: 0.0023  memory: 19777  grad_norm: 22.9374  loss: 5.2648  loss_text: 0.9352  loss_center: 2.8987  loss_reg_x: 0.8661  loss_reg_y: 0.5648
12/28 03:41:30 - mmengine - INFO - Epoch(train) [20][1010/1544]  lr: 1.9388e-03  eta: 2 days, 14:56:24  time: 3.9838  data_time: 0.0022  memory: 19777  grad_norm: 22.2132  loss: 5.1818  loss_text: 0.8217  loss_center: 2.9021  loss_reg_x: 0.8972  loss_reg_y: 0.5608
12/28 03:41:47 - mmengine - INFO - Epoch(train) [20][1015/1544]  lr: 1.9388e-03  eta: 2 days, 14:55:53  time: 3.4499  data_time: 0.0022  memory: 19777  grad_norm: 21.9989  loss: 5.2813  loss_text: 0.7691  loss_center: 2.9272  loss_reg_x: 0.9603  loss_reg_y: 0.6246
12/28 03:42:06 - mmengine - INFO - Epoch(train) [20][1020/1544]  lr: 1.9388e-03  eta: 2 days, 14:55:38  time: 3.5272  data_time: 0.0022  memory: 19777  grad_norm: 21.0590  loss: 5.2438  loss_text: 0.7230  loss_center: 2.9572  loss_reg_x: 0.9055  loss_reg_y: 0.6580
12/28 03:42:24 - mmengine - INFO - Epoch(train) [20][1025/1544]  lr: 1.9388e-03  eta: 2 days, 14:55:25  time: 3.7329  data_time: 0.0024  memory: 19777  grad_norm: 22.1671  loss: 5.2086  loss_text: 0.7679  loss_center: 2.9552  loss_reg_x: 0.8565  loss_reg_y: 0.6289
12/28 03:42:40 - mmengine - INFO - Epoch(train) [20][1030/1544]  lr: 1.9388e-03  eta: 2 days, 14:54:48  time: 3.4730  data_time: 0.0025  memory: 19777  grad_norm: 29.4621  loss: 5.2486  loss_text: 0.7739  loss_center: 2.9365  loss_reg_x: 0.8570  loss_reg_y: 0.6812
12/28 03:42:58 - mmengine - INFO - Epoch(train) [20][1035/1544]  lr: 1.9388e-03  eta: 2 days, 14:54:26  time: 3.3760  data_time: 0.0021  memory: 19777  grad_norm: 31.9762  loss: 5.2068  loss_text: 0.7607  loss_center: 2.9332  loss_reg_x: 0.8569  loss_reg_y: 0.6560
12/28 03:43:16 - mmengine - INFO - Epoch(train) [20][1040/1544]  lr: 1.9388e-03  eta: 2 days, 14:54:02  time: 3.5303  data_time: 0.0021  memory: 19777  grad_norm: 22.9591  loss: 4.9847  loss_text: 0.7305  loss_center: 2.9205  loss_reg_x: 0.7940  loss_reg_y: 0.5397
12/28 03:43:34 - mmengine - INFO - Epoch(train) [20][1045/1544]  lr: 1.9388e-03  eta: 2 days, 14:53:42  time: 3.5493  data_time: 0.0022  memory: 19777  grad_norm: 18.9363  loss: 4.9160  loss_text: 0.6928  loss_center: 2.9095  loss_reg_x: 0.7529  loss_reg_y: 0.5608
12/28 03:43:50 - mmengine - INFO - Epoch(train) [20][1050/1544]  lr: 1.9388e-03  eta: 2 days, 14:53:07  time: 3.4238  data_time: 0.0022  memory: 19777  grad_norm: 19.5374  loss: 4.9970  loss_text: 0.7254  loss_center: 2.9147  loss_reg_x: 0.7990  loss_reg_y: 0.5579
12/28 03:44:09 - mmengine - INFO - Epoch(train) [20][1055/1544]  lr: 1.9388e-03  eta: 2 days, 14:52:55  time: 3.5060  data_time: 0.0022  memory: 19777  grad_norm: 26.1797  loss: 5.8803  loss_text: 1.0388  loss_center: 2.9369  loss_reg_x: 1.2330  loss_reg_y: 0.6715
12/28 03:44:25 - mmengine - INFO - Epoch(train) [20][1060/1544]  lr: 1.9388e-03  eta: 2 days, 14:52:22  time: 3.5378  data_time: 0.0022  memory: 19777  grad_norm: 27.9663  loss: 6.1444  loss_text: 1.1195  loss_center: 2.9428  loss_reg_x: 1.3674  loss_reg_y: 0.7147
12/28 03:44:43 - mmengine - INFO - Epoch(train) [20][1065/1544]  lr: 1.9388e-03  eta: 2 days, 14:52:03  time: 3.4619  data_time: 0.0027  memory: 19777  grad_norm: 21.5527  loss: 5.2961  loss_text: 0.8238  loss_center: 2.9271  loss_reg_x: 0.9359  loss_reg_y: 0.6092
12/28 03:45:01 - mmengine - INFO - Epoch(train) [20][1070/1544]  lr: 1.9388e-03  eta: 2 days, 14:51:38  time: 3.5454  data_time: 0.0027  memory: 19777  grad_norm: 18.1266  loss: 5.0434  loss_text: 0.7098  loss_center: 2.9260  loss_reg_x: 0.8156  loss_reg_y: 0.5921
12/28 03:45:20 - mmengine - INFO - Epoch(train) [20][1075/1544]  lr: 1.9388e-03  eta: 2 days, 14:51:28  time: 3.6449  data_time: 0.0022  memory: 19777  grad_norm: 19.2778  loss: 5.0832  loss_text: 0.7383  loss_center: 2.9344  loss_reg_x: 0.8495  loss_reg_y: 0.5609
12/28 03:45:38 - mmengine - INFO - Epoch(train) [20][1080/1544]  lr: 1.9388e-03  eta: 2 days, 14:51:11  time: 3.7365  data_time: 0.0022  memory: 19777  grad_norm: 20.6173  loss: 5.1034  loss_text: 0.7721  loss_center: 2.9329  loss_reg_x: 0.8264  loss_reg_y: 0.5720
12/28 03:45:56 - mmengine - INFO - Epoch(train) [20][1085/1544]  lr: 1.9388e-03  eta: 2 days, 14:50:53  time: 3.6580  data_time: 0.0024  memory: 19777  grad_norm: 20.1377  loss: 5.1318  loss_text: 0.7685  loss_center: 2.9277  loss_reg_x: 0.8210  loss_reg_y: 0.6146
12/28 03:46:13 - mmengine - INFO - Epoch(train) [20][1090/1544]  lr: 1.9388e-03  eta: 2 days, 14:50:18  time: 3.4492  data_time: 0.0024  memory: 19777  grad_norm: 24.2807  loss: 5.2594  loss_text: 0.7836  loss_center: 2.9303  loss_reg_x: 0.8458  loss_reg_y: 0.6996
12/28 03:46:32 - mmengine - INFO - Epoch(train) [20][1095/1544]  lr: 1.9388e-03  eta: 2 days, 14:50:09  time: 3.5496  data_time: 0.0026  memory: 19777  grad_norm: 24.4132  loss: 5.2590  loss_text: 0.7627  loss_center: 2.9422  loss_reg_x: 0.8681  loss_reg_y: 0.6860
12/28 03:46:51 - mmengine - INFO - Epoch(train) [20][1100/1544]  lr: 1.9388e-03  eta: 2 days, 14:49:56  time: 3.8072  data_time: 0.0025  memory: 19777  grad_norm: 22.7427  loss: 5.1146  loss_text: 0.7322  loss_center: 2.9355  loss_reg_x: 0.8579  loss_reg_y: 0.5891
12/28 03:47:07 - mmengine - INFO - Epoch(train) [20][1105/1544]  lr: 1.9388e-03  eta: 2 days, 14:49:23  time: 3.5181  data_time: 0.0021  memory: 19777  grad_norm: 23.3876  loss: 5.0050  loss_text: 0.7488  loss_center: 2.8655  loss_reg_x: 0.8134  loss_reg_y: 0.5773
12/28 03:47:24 - mmengine - INFO - Epoch(train) [20][1110/1544]  lr: 1.9388e-03  eta: 2 days, 14:48:53  time: 3.3193  data_time: 0.0022  memory: 19777  grad_norm: 22.5782  loss: 5.0835  loss_text: 0.7646  loss_center: 2.8870  loss_reg_x: 0.8748  loss_reg_y: 0.5571
12/28 03:47:41 - mmengine - INFO - Epoch(train) [20][1115/1544]  lr: 1.9388e-03  eta: 2 days, 14:48:29  time: 3.4357  data_time: 0.0024  memory: 19777  grad_norm: 27.0529  loss: 5.4595  loss_text: 0.7784  loss_center: 2.9509  loss_reg_x: 1.0109  loss_reg_y: 0.7192
12/28 03:48:00 - mmengine - INFO - Epoch(train) [20][1120/1544]  lr: 1.9388e-03  eta: 2 days, 14:48:12  time: 3.5804  data_time: 0.0023  memory: 19777  grad_norm: 28.1875  loss: 5.4208  loss_text: 0.7647  loss_center: 2.9289  loss_reg_x: 1.0131  loss_reg_y: 0.7141
12/28 03:48:17 - mmengine - INFO - Epoch(train) [20][1125/1544]  lr: 1.9388e-03  eta: 2 days, 14:47:48  time: 3.5777  data_time: 0.0021  memory: 19777  grad_norm: 28.4690  loss: 5.1342  loss_text: 0.6995  loss_center: 2.9276  loss_reg_x: 0.9675  loss_reg_y: 0.5397
12/28 03:48:36 - mmengine - INFO - Epoch(train) [20][1130/1544]  lr: 1.9388e-03  eta: 2 days, 14:47:32  time: 3.5921  data_time: 0.0021  memory: 19777  grad_norm: 23.6439  loss: 4.9669  loss_text: 0.6528  loss_center: 2.9414  loss_reg_x: 0.7857  loss_reg_y: 0.5870
12/28 03:48:53 - mmengine - INFO - Epoch(train) [20][1135/1544]  lr: 1.9388e-03  eta: 2 days, 14:47:06  time: 3.5705  data_time: 0.0022  memory: 19777  grad_norm: 20.3091  loss: 5.1386  loss_text: 0.7604  loss_center: 2.9312  loss_reg_x: 0.8157  loss_reg_y: 0.6312
12/28 03:49:12 - mmengine - INFO - Epoch(train) [20][1140/1544]  lr: 1.9388e-03  eta: 2 days, 14:46:52  time: 3.5967  data_time: 0.0023  memory: 19777  grad_norm: 22.2738  loss: 5.2552  loss_text: 0.7935  loss_center: 2.9205  loss_reg_x: 0.9609  loss_reg_y: 0.5803
12/28 03:49:31 - mmengine - INFO - Epoch(train) [20][1145/1544]  lr: 1.9388e-03  eta: 2 days, 14:46:42  time: 3.7838  data_time: 0.0023  memory: 19777  grad_norm: 27.4120  loss: 5.2760  loss_text: 0.8027  loss_center: 2.9305  loss_reg_x: 0.9198  loss_reg_y: 0.6230
12/28 03:49:49 - mmengine - INFO - Epoch(train) [20][1150/1544]  lr: 1.9388e-03  eta: 2 days, 14:46:22  time: 3.7117  data_time: 0.0025  memory: 19777  grad_norm: 28.0489  loss: 5.2797  loss_text: 0.8098  loss_center: 2.9403  loss_reg_x: 0.8443  loss_reg_y: 0.6853
12/28 03:50:06 - mmengine - INFO - Epoch(train) [20][1155/1544]  lr: 1.9388e-03  eta: 2 days, 14:46:00  time: 3.5609  data_time: 0.0025  memory: 19777  grad_norm: 20.8595  loss: 5.0376  loss_text: 0.7262  loss_center: 2.9284  loss_reg_x: 0.7295  loss_reg_y: 0.6535
12/28 03:50:25 - mmengine - INFO - Epoch(train) [20][1160/1544]  lr: 1.9388e-03  eta: 2 days, 14:45:44  time: 3.6096  data_time: 0.0022  memory: 19777  grad_norm: 21.7506  loss: 4.9898  loss_text: 0.7515  loss_center: 2.9224  loss_reg_x: 0.7148  loss_reg_y: 0.6011
12/28 03:50:42 - mmengine - INFO - Epoch(train) [20][1165/1544]  lr: 1.9388e-03  eta: 2 days, 14:45:17  time: 3.5674  data_time: 0.0022  memory: 19777  grad_norm: 21.0953  loss: 4.9606  loss_text: 0.7445  loss_center: 2.9151  loss_reg_x: 0.7430  loss_reg_y: 0.5580
12/28 03:50:59 - mmengine - INFO - Epoch(train) [20][1170/1544]  lr: 1.9388e-03  eta: 2 days, 14:44:52  time: 3.4607  data_time: 0.0023  memory: 19777  grad_norm: 22.8800  loss: 5.1534  loss_text: 0.7681  loss_center: 2.9072  loss_reg_x: 0.8761  loss_reg_y: 0.6020
12/28 03:51:16 - mmengine - INFO - Epoch(train) [20][1175/1544]  lr: 1.9388e-03  eta: 2 days, 14:44:21  time: 3.4008  data_time: 0.0023  memory: 19777  grad_norm: 23.3688  loss: 5.1492  loss_text: 0.7897  loss_center: 2.9180  loss_reg_x: 0.8475  loss_reg_y: 0.5940
12/28 03:51:34 - mmengine - INFO - Epoch(train) [20][1180/1544]  lr: 1.9388e-03  eta: 2 days, 14:44:03  time: 3.4862  data_time: 0.0026  memory: 19777  grad_norm: 20.6863  loss: 5.0196  loss_text: 0.7250  loss_center: 2.9316  loss_reg_x: 0.7775  loss_reg_y: 0.5855
12/28 03:51:51 - mmengine - INFO - Epoch(train) [20][1185/1544]  lr: 1.9388e-03  eta: 2 days, 14:43:33  time: 3.4929  data_time: 0.0025  memory: 19777  grad_norm: 20.1475  loss: 5.1691  loss_text: 0.7189  loss_center: 2.9422  loss_reg_x: 0.8471  loss_reg_y: 0.6608
12/28 03:52:09 - mmengine - INFO - Epoch(train) [20][1190/1544]  lr: 1.9388e-03  eta: 2 days, 14:43:13  time: 3.4641  data_time: 0.0022  memory: 19777  grad_norm: 18.7623  loss: 5.0178  loss_text: 0.7453  loss_center: 2.8654  loss_reg_x: 0.7777  loss_reg_y: 0.6293
12/28 03:52:26 - mmengine - INFO - Epoch(train) [20][1195/1544]  lr: 1.9388e-03  eta: 2 days, 14:42:45  time: 3.4938  data_time: 0.0023  memory: 19777  grad_norm: 17.4528  loss: 4.7023  loss_text: 0.7184  loss_center: 2.8469  loss_reg_x: 0.6471  loss_reg_y: 0.4898
12/28 03:52:45 - mmengine - INFO - Epoch(train) [20][1200/1544]  lr: 1.9388e-03  eta: 2 days, 14:42:31  time: 3.5735  data_time: 0.0023  memory: 19777  grad_norm: 20.7586  loss: 5.0205  loss_text: 0.8108  loss_center: 2.9204  loss_reg_x: 0.7370  loss_reg_y: 0.5523
12/28 03:53:03 - mmengine - INFO - Epoch(train) [20][1205/1544]  lr: 1.9388e-03  eta: 2 days, 14:42:15  time: 3.7138  data_time: 0.0022  memory: 19777  grad_norm: 25.5404  loss: 5.4585  loss_text: 0.8649  loss_center: 2.9380  loss_reg_x: 1.0050  loss_reg_y: 0.6507
12/28 03:53:21 - mmengine - INFO - Epoch(train) [20][1210/1544]  lr: 1.9388e-03  eta: 2 days, 14:41:52  time: 3.6001  data_time: 0.0023  memory: 19777  grad_norm: 22.9435  loss: 5.1655  loss_text: 0.7200  loss_center: 2.9231  loss_reg_x: 0.9086  loss_reg_y: 0.6138
12/28 03:53:39 - mmengine - INFO - Epoch(train) [20][1215/1544]  lr: 1.9388e-03  eta: 2 days, 14:41:39  time: 3.6411  data_time: 0.0023  memory: 19777  grad_norm: 18.8538  loss: 4.8843  loss_text: 0.6629  loss_center: 2.9245  loss_reg_x: 0.7171  loss_reg_y: 0.5798
12/28 03:53:58 - mmengine - INFO - Epoch(train) [20][1220/1544]  lr: 1.9388e-03  eta: 2 days, 14:41:23  time: 3.7217  data_time: 0.0023  memory: 19777  grad_norm: 17.3532  loss: 5.0184  loss_text: 0.7039  loss_center: 2.9341  loss_reg_x: 0.8221  loss_reg_y: 0.5583
12/28 03:54:15 - mmengine - INFO - Epoch(train) [20][1225/1544]  lr: 1.9388e-03  eta: 2 days, 14:41:00  time: 3.5986  data_time: 0.0023  memory: 19777  grad_norm: 23.1624  loss: 5.1066  loss_text: 0.7522  loss_center: 2.9181  loss_reg_x: 0.7776  loss_reg_y: 0.6587
12/28 03:54:37 - mmengine - INFO - Epoch(train) [20][1230/1544]  lr: 1.9388e-03  eta: 2 days, 14:41:08  time: 3.8966  data_time: 0.0022  memory: 19777  grad_norm: 26.8007  loss: 5.4416  loss_text: 0.8092  loss_center: 2.9273  loss_reg_x: 0.7819  loss_reg_y: 0.9231
12/28 03:54:55 - mmengine - INFO - Epoch(train) [20][1235/1544]  lr: 1.9388e-03  eta: 2 days, 14:40:50  time: 3.9568  data_time: 0.0023  memory: 19777  grad_norm: 23.9138  loss: 5.5002  loss_text: 0.7814  loss_center: 2.9308  loss_reg_x: 0.9225  loss_reg_y: 0.8656
12/28 03:55:12 - mmengine - INFO - Epoch(train) [20][1240/1544]  lr: 1.9388e-03  eta: 2 days, 14:40:24  time: 3.5443  data_time: 0.0023  memory: 19777  grad_norm: 27.8792  loss: 5.5449  loss_text: 0.8453  loss_center: 2.9431  loss_reg_x: 1.0474  loss_reg_y: 0.7091
12/28 03:55:30 - mmengine - INFO - Epoch(train) [20][1245/1544]  lr: 1.9388e-03  eta: 2 days, 14:39:59  time: 3.4582  data_time: 0.0022  memory: 19777  grad_norm: 25.6857  loss: 5.4265  loss_text: 0.8585  loss_center: 2.9418  loss_reg_x: 0.9913  loss_reg_y: 0.6350
12/28 03:55:48 - mmengine - INFO - Epoch(train) [20][1250/1544]  lr: 1.9388e-03  eta: 2 days, 14:39:39  time: 3.5250  data_time: 0.0022  memory: 19777  grad_norm: 22.2834  loss: 5.1603  loss_text: 0.7505  loss_center: 2.9287  loss_reg_x: 0.9215  loss_reg_y: 0.5596
12/28 03:56:06 - mmengine - INFO - Epoch(train) [20][1255/1544]  lr: 1.9388e-03  eta: 2 days, 14:39:22  time: 3.6228  data_time: 0.0021  memory: 19777  grad_norm: 25.5902  loss: 5.4226  loss_text: 0.7935  loss_center: 2.9467  loss_reg_x: 0.9843  loss_reg_y: 0.6981
12/28 03:56:26 - mmengine - INFO - Epoch(train) [20][1260/1544]  lr: 1.9388e-03  eta: 2 days, 14:39:16  time: 3.8013  data_time: 0.0022  memory: 19777  grad_norm: 25.7459  loss: 5.2566  loss_text: 0.7976  loss_center: 2.9273  loss_reg_x: 0.8597  loss_reg_y: 0.6719
12/28 03:56:42 - mmengine - INFO - Epoch(train) [20][1265/1544]  lr: 1.9388e-03  eta: 2 days, 14:38:46  time: 3.6438  data_time: 0.0022  memory: 19777  grad_norm: 29.2512  loss: 5.3694  loss_text: 0.8636  loss_center: 2.9285  loss_reg_x: 0.9187  loss_reg_y: 0.6586
12/28 03:57:00 - mmengine - INFO - Epoch(train) [20][1270/1544]  lr: 1.9388e-03  eta: 2 days, 14:38:25  time: 3.4570  data_time: 0.0022  memory: 19777  grad_norm: 26.9252  loss: 5.4328  loss_text: 0.8321  loss_center: 2.9467  loss_reg_x: 0.9644  loss_reg_y: 0.6895
12/28 03:57:18 - mmengine - INFO - Epoch(train) [20][1275/1544]  lr: 1.9388e-03  eta: 2 days, 14:38:06  time: 3.5856  data_time: 0.0022  memory: 19777  grad_norm: 26.6718  loss: 5.3618  loss_text: 0.7760  loss_center: 2.9310  loss_reg_x: 0.9425  loss_reg_y: 0.7124
12/28 03:57:36 - mmengine - INFO - Epoch(train) [20][1280/1544]  lr: 1.9388e-03  eta: 2 days, 14:37:49  time: 3.6332  data_time: 0.0030  memory: 19777  grad_norm: 29.3934  loss: 5.6066  loss_text: 0.8167  loss_center: 2.9379  loss_reg_x: 1.0457  loss_reg_y: 0.8063
12/28 03:57:56 - mmengine - INFO - Epoch(train) [20][1285/1544]  lr: 1.9388e-03  eta: 2 days, 14:37:40  time: 3.7638  data_time: 0.0030  memory: 19777  grad_norm: 29.4420  loss: 5.8764  loss_text: 0.8701  loss_center: 2.9475  loss_reg_x: 1.2715  loss_reg_y: 0.7873
12/28 03:58:14 - mmengine - INFO - Epoch(train) [20][1290/1544]  lr: 1.9388e-03  eta: 2 days, 14:37:24  time: 3.7723  data_time: 0.0024  memory: 19777  grad_norm: inf  loss: 5.7003  loss_text: 0.9070  loss_center: 2.9372  loss_reg_x: 1.1650  loss_reg_y: 0.6911
12/28 03:58:32 - mmengine - INFO - Epoch(train) [20][1295/1544]  lr: 1.9388e-03  eta: 2 days, 14:37:06  time: 3.6689  data_time: 0.0025  memory: 19777  grad_norm: inf  loss: 5.0773  loss_text: 0.7457  loss_center: 2.9272  loss_reg_x: 0.8014  loss_reg_y: 0.6030
12/28 03:58:51 - mmengine - INFO - Epoch(train) [20][1300/1544]  lr: 1.9388e-03  eta: 2 days, 14:36:52  time: 3.6965  data_time: 0.0024  memory: 19777  grad_norm: 19.2448  loss: 4.8557  loss_text: 0.6353  loss_center: 2.9205  loss_reg_x: 0.7232  loss_reg_y: 0.5767
12/28 03:59:10 - mmengine - INFO - Epoch(train) [20][1305/1544]  lr: 1.9388e-03  eta: 2 days, 14:36:39  time: 3.7412  data_time: 0.0026  memory: 19777  grad_norm: 21.9111  loss: 4.9652  loss_text: 0.6397  loss_center: 2.9270  loss_reg_x: 0.7831  loss_reg_y: 0.6154
12/28 03:59:28 - mmengine - INFO - Epoch(train) [20][1310/1544]  lr: 1.9388e-03  eta: 2 days, 14:36:17  time: 3.6542  data_time: 0.0025  memory: 19777  grad_norm: 23.1890  loss: 5.2105  loss_text: 0.7566  loss_center: 2.9256  loss_reg_x: 0.8888  loss_reg_y: 0.6396
12/28 03:59:45 - mmengine - INFO - Epoch(train) [20][1315/1544]  lr: 1.9388e-03  eta: 2 days, 14:35:54  time: 3.5324  data_time: 0.0023  memory: 19777  grad_norm: 23.9566  loss: 5.2494  loss_text: 0.7760  loss_center: 2.9227  loss_reg_x: 0.8888  loss_reg_y: 0.6619
12/28 04:00:02 - mmengine - INFO - Epoch(train) [20][1320/1544]  lr: 1.9388e-03  eta: 2 days, 14:35:23  time: 3.4193  data_time: 0.0023  memory: 19777  grad_norm: 24.0651  loss: 5.0216  loss_text: 0.6604  loss_center: 2.9261  loss_reg_x: 0.8351  loss_reg_y: 0.5999
12/28 04:00:20 - mmengine - INFO - Epoch(train) [20][1325/1544]  lr: 1.9388e-03  eta: 2 days, 14:35:04  time: 3.4773  data_time: 0.0022  memory: 19777  grad_norm: 20.4459  loss: 5.0946  loss_text: 0.7706  loss_center: 2.9312  loss_reg_x: 0.8445  loss_reg_y: 0.5483
12/28 04:00:37 - mmengine - INFO - Epoch(train) [20][1330/1544]  lr: 1.9388e-03  eta: 2 days, 14:34:41  time: 3.5628  data_time: 0.0023  memory: 19777  grad_norm: 21.8100  loss: 5.2476  loss_text: 0.8360  loss_center: 2.9424  loss_reg_x: 0.8945  loss_reg_y: 0.5747
12/28 04:00:57 - mmengine - INFO - Epoch(train) [20][1335/1544]  lr: 1.9388e-03  eta: 2 days, 14:34:34  time: 3.7042  data_time: 0.0023  memory: 19777  grad_norm: 21.8793  loss: 5.0946  loss_text: 0.7295  loss_center: 2.9330  loss_reg_x: 0.8969  loss_reg_y: 0.5352
12/28 04:01:16 - mmengine - INFO - Epoch(train) [20][1340/1544]  lr: 1.9388e-03  eta: 2 days, 14:34:24  time: 3.8678  data_time: 0.0023  memory: 19777  grad_norm: 22.1589  loss: 5.1827  loss_text: 0.7395  loss_center: 2.9160  loss_reg_x: 0.8820  loss_reg_y: 0.6452
12/28 04:01:35 - mmengine - INFO - Epoch(train) [20][1345/1544]  lr: 1.9388e-03  eta: 2 days, 14:34:08  time: 3.7616  data_time: 0.0022  memory: 19777  grad_norm: 24.6698  loss: 5.5075  loss_text: 0.8946  loss_center: 2.9432  loss_reg_x: 1.0126  loss_reg_y: 0.6571
12/28 04:01:53 - mmengine - INFO - Epoch(train) [20][1350/1544]  lr: 1.9388e-03  eta: 2 days, 14:33:52  time: 3.6904  data_time: 0.0022  memory: 19777  grad_norm: 22.3713  loss: 5.4106  loss_text: 0.8914  loss_center: 2.9433  loss_reg_x: 1.0292  loss_reg_y: 0.5466
12/28 04:02:11 - mmengine - INFO - Epoch(train) [20][1355/1544]  lr: 1.9388e-03  eta: 2 days, 14:33:30  time: 3.6136  data_time: 0.0022  memory: 19777  grad_norm: 24.6690  loss: 5.2684  loss_text: 0.8145  loss_center: 2.9125  loss_reg_x: 0.9424  loss_reg_y: 0.5990
12/28 04:02:27 - mmengine - INFO - Epoch(train) [20][1360/1544]  lr: 1.9388e-03  eta: 2 days, 14:32:59  time: 3.4323  data_time: 0.0021  memory: 19777  grad_norm: 27.1214  loss: 5.2875  loss_text: 0.8372  loss_center: 2.9395  loss_reg_x: 0.9431  loss_reg_y: 0.5676
12/28 04:02:46 - mmengine - INFO - Epoch(train) [20][1365/1544]  lr: 1.9388e-03  eta: 2 days, 14:32:48  time: 3.5718  data_time: 0.0022  memory: 19777  grad_norm: 24.8237  loss: 5.1762  loss_text: 0.7773  loss_center: 2.9532  loss_reg_x: 0.9101  loss_reg_y: 0.5356
12/28 04:03:03 - mmengine - INFO - Epoch(train) [20][1370/1544]  lr: 1.9388e-03  eta: 2 days, 14:32:17  time: 3.5705  data_time: 0.0023  memory: 19777  grad_norm: 20.8154  loss: 5.0814  loss_text: 0.6763  loss_center: 2.8839  loss_reg_x: 0.9121  loss_reg_y: 0.6091
12/28 04:03:20 - mmengine - INFO - Epoch(train) [20][1375/1544]  lr: 1.9388e-03  eta: 2 days, 14:31:51  time: 3.3769  data_time: 0.0023  memory: 19777  grad_norm: 18.6404  loss: 5.0779  loss_text: 0.6987  loss_center: 2.8680  loss_reg_x: 0.8848  loss_reg_y: 0.6263
12/28 04:03:38 - mmengine - INFO - Epoch(train) [20][1380/1544]  lr: 1.9388e-03  eta: 2 days, 14:31:30  time: 3.5078  data_time: 0.0023  memory: 19777  grad_norm: 20.6030  loss: 5.0983  loss_text: 0.7288  loss_center: 2.9253  loss_reg_x: 0.8551  loss_reg_y: 0.5893
12/28 04:03:57 - mmengine - INFO - Epoch(train) [20][1385/1544]  lr: 1.9388e-03  eta: 2 days, 14:31:16  time: 3.6592  data_time: 0.0023  memory: 19777  grad_norm: 21.6063  loss: 4.9732  loss_text: 0.7087  loss_center: 2.9295  loss_reg_x: 0.7836  loss_reg_y: 0.5514
12/28 04:04:14 - mmengine - INFO - Epoch(train) [20][1390/1544]  lr: 1.9388e-03  eta: 2 days, 14:30:53  time: 3.6219  data_time: 0.0022  memory: 19777  grad_norm: 23.6874  loss: 4.8837  loss_text: 0.6945  loss_center: 2.9235  loss_reg_x: 0.6993  loss_reg_y: 0.5664
12/28 04:04:33 - mmengine - INFO - Epoch(train) [20][1395/1544]  lr: 1.9388e-03  eta: 2 days, 14:30:38  time: 3.6174  data_time: 0.0022  memory: 19777  grad_norm: 23.4203  loss: 4.9319  loss_text: 0.6614  loss_center: 2.9234  loss_reg_x: 0.7535  loss_reg_y: 0.5936
12/28 04:04:50 - mmengine - INFO - Epoch(train) [20][1400/1544]  lr: 1.9388e-03  eta: 2 days, 14:30:08  time: 3.5275  data_time: 0.0022  memory: 19777  grad_norm: 20.2022  loss: 5.0097  loss_text: 0.6977  loss_center: 2.9250  loss_reg_x: 0.8039  loss_reg_y: 0.5831
12/28 04:05:09 - mmengine - INFO - Epoch(train) [20][1405/1544]  lr: 1.9388e-03  eta: 2 days, 14:29:55  time: 3.5510  data_time: 0.0022  memory: 19777  grad_norm: 20.0191  loss: 5.0539  loss_text: 0.7114  loss_center: 2.9246  loss_reg_x: 0.8269  loss_reg_y: 0.5909
12/28 04:05:28 - mmengine - INFO - Epoch(train) [20][1410/1544]  lr: 1.9388e-03  eta: 2 days, 14:29:48  time: 3.8403  data_time: 0.0023  memory: 19777  grad_norm: 22.1069  loss: 4.9510  loss_text: 0.7152  loss_center: 2.9172  loss_reg_x: 0.7533  loss_reg_y: 0.5653
12/28 04:05:44 - mmengine - INFO - Epoch(train) [20][1415/1544]  lr: 1.9388e-03  eta: 2 days, 14:29:14  time: 3.5766  data_time: 0.0022  memory: 19777  grad_norm: 21.7524  loss: 4.8667  loss_text: 0.6838  loss_center: 2.9176  loss_reg_x: 0.6903  loss_reg_y: 0.5750
12/28 04:06:01 - mmengine - INFO - Epoch(train) [20][1420/1544]  lr: 1.9388e-03  eta: 2 days, 14:28:47  time: 3.3236  data_time: 0.0022  memory: 19777  grad_norm: 26.9996  loss: 5.1152  loss_text: 0.6843  loss_center: 2.9344  loss_reg_x: 0.8456  loss_reg_y: 0.6508
12/28 04:06:20 - mmengine - INFO - Epoch(train) [20][1425/1544]  lr: 1.9388e-03  eta: 2 days, 14:28:32  time: 3.5602  data_time: 0.0022  memory: 19777  grad_norm: 28.4342  loss: 5.2675  loss_text: 0.7209  loss_center: 2.9466  loss_reg_x: 0.9382  loss_reg_y: 0.6618
12/28 04:06:39 - mmengine - INFO - Epoch(train) [20][1430/1544]  lr: 1.9388e-03  eta: 2 days, 14:28:20  time: 3.7506  data_time: 0.0023  memory: 19777  grad_norm: 24.3885  loss: 5.1795  loss_text: 0.7086  loss_center: 2.9397  loss_reg_x: 0.9385  loss_reg_y: 0.5927
12/28 04:06:57 - mmengine - INFO - Epoch(train) [20][1435/1544]  lr: 1.9388e-03  eta: 2 days, 14:28:02  time: 3.7107  data_time: 0.0024  memory: 19777  grad_norm: 23.2085  loss: 5.1647  loss_text: 0.7104  loss_center: 2.9274  loss_reg_x: 0.9388  loss_reg_y: 0.5881
12/28 04:07:16 - mmengine - INFO - Epoch(train) [20][1440/1544]  lr: 1.9388e-03  eta: 2 days, 14:27:51  time: 3.7234  data_time: 0.0024  memory: 19777  grad_norm: 23.8037  loss: 5.3352  loss_text: 0.7756  loss_center: 2.9259  loss_reg_x: 1.0282  loss_reg_y: 0.6056
12/28 04:07:36 - mmengine - INFO - Epoch(train) [20][1445/1544]  lr: 1.9388e-03  eta: 2 days, 14:27:49  time: 3.9254  data_time: 0.0022  memory: 19777  grad_norm: 23.8734  loss: 5.2611  loss_text: 0.7920  loss_center: 2.9453  loss_reg_x: 0.9769  loss_reg_y: 0.5468
12/28 04:07:55 - mmengine - INFO - Epoch(train) [20][1450/1544]  lr: 1.9388e-03  eta: 2 days, 14:27:34  time: 3.8782  data_time: 0.0022  memory: 19777  grad_norm: 23.7293  loss: 5.0795  loss_text: 0.7524  loss_center: 2.9462  loss_reg_x: 0.8019  loss_reg_y: 0.5789
12/28 04:08:14 - mmengine - INFO - Epoch(train) [20][1455/1544]  lr: 1.9388e-03  eta: 2 days, 14:27:24  time: 3.7805  data_time: 0.0022  memory: 19777  grad_norm: 22.2223  loss: 5.0740  loss_text: 0.7066  loss_center: 2.9382  loss_reg_x: 0.8366  loss_reg_y: 0.5925
12/28 04:08:33 - mmengine - INFO - Epoch(train) [20][1460/1544]  lr: 1.9388e-03  eta: 2 days, 14:27:09  time: 3.7821  data_time: 0.0022  memory: 19777  grad_norm: 21.4744  loss: 5.2283  loss_text: 0.7243  loss_center: 2.9440  loss_reg_x: 0.8834  loss_reg_y: 0.6767
12/28 04:08:52 - mmengine - INFO - Epoch(train) [20][1465/1544]  lr: 1.9388e-03  eta: 2 days, 14:26:58  time: 3.7588  data_time: 0.0023  memory: 19777  grad_norm: 24.6396  loss: 5.4036  loss_text: 0.8440  loss_center: 2.9384  loss_reg_x: 0.8856  loss_reg_y: 0.7356
12/28 04:09:08 - mmengine - INFO - Epoch(train) [20][1470/1544]  lr: 1.9388e-03  eta: 2 days, 14:26:28  time: 3.5752  data_time: 0.0023  memory: 19777  grad_norm: 26.0117  loss: 5.1671  loss_text: 0.8330  loss_center: 2.9272  loss_reg_x: 0.8200  loss_reg_y: 0.5869
12/28 04:09:27 - mmengine - INFO - Epoch(train) [20][1475/1544]  lr: 1.9388e-03  eta: 2 days, 14:26:13  time: 3.5262  data_time: 0.0024  memory: 19777  grad_norm: 29.5368  loss: 5.4528  loss_text: 0.8874  loss_center: 2.9413  loss_reg_x: 0.9705  loss_reg_y: 0.6537
12/28 04:09:44 - mmengine - INFO - Epoch(train) [20][1480/1544]  lr: 1.9388e-03  eta: 2 days, 14:25:43  time: 3.5298  data_time: 0.0024  memory: 19777  grad_norm: 29.7812  loss: 5.8214  loss_text: 0.9366  loss_center: 2.9584  loss_reg_x: 1.1241  loss_reg_y: 0.8023
12/28 04:10:04 - mmengine - INFO - Epoch(train) [20][1485/1544]  lr: 1.9388e-03  eta: 2 days, 14:25:39  time: 3.6706  data_time: 0.0024  memory: 19777  grad_norm: 26.1981  loss: 5.4082  loss_text: 0.8138  loss_center: 2.9608  loss_reg_x: 0.9586  loss_reg_y: 0.6751
12/28 04:10:21 - mmengine - INFO - Epoch(train) [20][1490/1544]  lr: 1.9388e-03  eta: 2 days, 14:25:14  time: 3.7270  data_time: 0.0023  memory: 19777  grad_norm: 21.9986  loss: 5.2604  loss_text: 0.7444  loss_center: 2.9527  loss_reg_x: 0.9484  loss_reg_y: 0.6149
12/28 04:10:40 - mmengine - INFO - Epoch(train) [20][1495/1544]  lr: 1.9388e-03  eta: 2 days, 14:25:00  time: 3.6001  data_time: 0.0023  memory: 19777  grad_norm: 19.0322  loss: 5.1617  loss_text: 0.7214  loss_center: 2.9252  loss_reg_x: 0.9351  loss_reg_y: 0.5799
12/28 04:10:58 - mmengine - INFO - Epoch(train) [20][1500/1544]  lr: 1.9388e-03  eta: 2 days, 14:24:44  time: 3.7111  data_time: 0.0025  memory: 19777  grad_norm: 19.2359  loss: 5.1257  loss_text: 0.7380  loss_center: 2.9213  loss_reg_x: 0.9337  loss_reg_y: 0.5326
12/28 04:11:16 - mmengine - INFO - Epoch(train) [20][1505/1544]  lr: 1.9388e-03  eta: 2 days, 14:24:26  time: 3.6661  data_time: 0.0029  memory: 19777  grad_norm: 24.4578  loss: 5.5141  loss_text: 0.8341  loss_center: 2.9464  loss_reg_x: 1.0331  loss_reg_y: 0.7005
12/28 04:11:35 - mmengine - INFO - Epoch(train) [20][1510/1544]  lr: 1.9388e-03  eta: 2 days, 14:24:13  time: 3.7044  data_time: 0.0026  memory: 19777  grad_norm: 27.1357  loss: 5.3756  loss_text: 0.8109  loss_center: 2.9366  loss_reg_x: 0.8979  loss_reg_y: 0.7302
12/28 04:11:55 - mmengine - INFO - Epoch(train) [20][1515/1544]  lr: 1.9388e-03  eta: 2 days, 14:24:08  time: 3.8655  data_time: 0.0022  memory: 19777  grad_norm: 22.7577  loss: 4.9780  loss_text: 0.7362  loss_center: 2.9108  loss_reg_x: 0.7109  loss_reg_y: 0.6201
12/28 04:12:11 - mmengine - INFO - Epoch(train) [20][1520/1544]  lr: 1.9388e-03  eta: 2 days, 14:23:35  time: 3.6106  data_time: 0.0023  memory: 19777  grad_norm: 23.1965  loss: 5.1184  loss_text: 0.7502  loss_center: 2.9197  loss_reg_x: 0.7681  loss_reg_y: 0.6804
12/28 04:12:29 - mmengine - INFO - Epoch(train) [20][1525/1544]  lr: 1.9388e-03  eta: 2 days, 14:23:10  time: 3.3627  data_time: 0.0023  memory: 19777  grad_norm: 29.6927  loss: 5.5433  loss_text: 0.8453  loss_center: 2.9450  loss_reg_x: 1.0347  loss_reg_y: 0.7183
12/28 04:12:47 - mmengine - INFO - Epoch(train) [20][1530/1544]  lr: 1.9388e-03  eta: 2 days, 14:22:50  time: 3.5277  data_time: 0.0036  memory: 19777  grad_norm: 24.3066  loss: 5.2720  loss_text: 0.8220  loss_center: 2.9286  loss_reg_x: 0.9538  loss_reg_y: 0.5676
12/28 04:13:03 - mmengine - INFO - Epoch(train) [20][1535/1544]  lr: 1.9388e-03  eta: 2 days, 14:22:18  time: 3.4365  data_time: 0.0036  memory: 19777  grad_norm: 18.9969  loss: 4.9158  loss_text: 0.7134  loss_center: 2.9109  loss_reg_x: 0.7710  loss_reg_y: 0.5206
12/28 04:13:21 - mmengine - INFO - Epoch(train) [20][1540/1544]  lr: 1.9388e-03  eta: 2 days, 14:21:58  time: 3.4425  data_time: 0.0023  memory: 19777  grad_norm: 22.6675  loss: 4.9771  loss_text: 0.7103  loss_center: 2.9198  loss_reg_x: 0.8073  loss_reg_y: 0.5397
12/28 04:13:34 - mmengine - INFO - Exp name: fcenet_r50dcnv2_fpn_1500e_lsvt_ctw_pretrain_20251227_202521
12/28 04:13:34 - mmengine - INFO - Saving checkpoint at 20 epochs
12/28 04:13:42 - mmengine - INFO - Epoch(val) [20][   5/5488]    eta: 1:58:40  time: 1.0180  data_time: 0.0380  memory: 19777  
12/28 04:13:46 - mmengine - INFO - Epoch(val) [20][  10/5488]    eta: 1:37:09  time: 1.0642  data_time: 0.0381  memory: 9025  
12/28 04:13:49 - mmengine - INFO - Epoch(val) [20][  15/5488]    eta: 1:23:59  time: 0.7319  data_time: 0.0009  memory: 8941  
12/28 04:13:51 - mmengine - INFO - Epoch(val) [20][  20/5488]    eta: 1:10:36  time: 0.4853  data_time: 0.0007  memory: 1227  
12/28 04:13:54 - mmengine - INFO - Epoch(val) [20][  25/5488]    eta: 1:08:38  time: 0.5037  data_time: 0.0006  memory: 9033  
12/28 04:13:57 - mmengine - INFO - Epoch(val) [20][  30/5488]    eta: 1:04:02  time: 0.5624  data_time: 0.0006  memory: 1242  
12/28 04:13:58 - mmengine - INFO - Epoch(val) [20][  35/5488]    eta: 0:59:48  time: 0.4186  data_time: 0.0005  memory: 1242  
12/28 04:14:00 - mmengine - INFO - Epoch(val) [20][  40/5488]    eta: 0:56:00  time: 0.3552  data_time: 0.0005  memory: 1242  
12/28 04:14:03 - mmengine - INFO - Epoch(val) [20][  45/5488]    eta: 0:56:10  time: 0.4830  data_time: 0.0005  memory: 1227  
12/28 04:14:08 - mmengine - INFO - Epoch(val) [20][  50/5488]    eta: 0:58:53  time: 0.7819  data_time: 0.0007  memory: 9063  
12/28 04:14:12 - mmengine - INFO - Epoch(val) [20][  55/5488]    eta: 0:59:49  time: 0.8470  data_time: 0.0009  memory: 1242  
12/28 04:14:14 - mmengine - INFO - Epoch(val) [20][  60/5488]    eta: 0:58:15  time: 0.6146  data_time: 0.0008  memory: 1242  
12/28 04:14:16 - mmengine - INFO - Epoch(val) [20][  65/5488]    eta: 0:56:47  time: 0.4511  data_time: 0.0006  memory: 1227  
12/28 04:14:18 - mmengine - INFO - Epoch(val) [20][  70/5488]    eta: 0:54:41  time: 0.3753  data_time: 0.0005  memory: 1227  
12/28 04:14:21 - mmengine - INFO - Epoch(val) [20][  75/5488]    eta: 0:54:15  time: 0.4262  data_time: 0.0005  memory: 8941  
12/28 04:14:23 - mmengine - INFO - Epoch(val) [20][  80/5488]    eta: 0:53:36  time: 0.5197  data_time: 0.0005  memory: 1242  
12/28 04:14:24 - mmengine - INFO - Epoch(val) [20][  85/5488]    eta: 0:51:48  time: 0.3792  data_time: 0.0005  memory: 1089  
12/28 04:14:27 - mmengine - INFO - Epoch(val) [20][  90/5488]    eta: 0:51:03  time: 0.3485  data_time: 0.0005  memory: 1242  
12/28 04:14:29 - mmengine - INFO - Epoch(val) [20][  95/5488]    eta: 0:50:30  time: 0.4477  data_time: 0.0006  memory: 1227  
12/28 04:14:31 - mmengine - INFO - Epoch(val) [20][ 100/5488]    eta: 0:49:31  time: 0.4081  data_time: 0.0007  memory: 1227  
12/28 04:14:33 - mmengine - INFO - Epoch(val) [20][ 105/5488]    eta: 0:48:52  time: 0.3813  data_time: 0.0006  memory: 1242  
12/28 04:14:35 - mmengine - INFO - Epoch(val) [20][ 110/5488]    eta: 0:48:50  time: 0.4788  data_time: 0.0005  memory: 9070  
12/28 04:14:38 - mmengine - INFO - Epoch(val) [20][ 115/5488]    eta: 0:48:27  time: 0.5045  data_time: 0.0006  memory: 1242  
12/28 04:14:39 - mmengine - INFO - Epoch(val) [20][ 120/5488]    eta: 0:47:41  time: 0.4016  data_time: 0.0006  memory: 1227  
12/28 04:14:41 - mmengine - INFO - Epoch(val) [20][ 125/5488]    eta: 0:46:41  time: 0.3065  data_time: 0.0005  memory: 1089  
12/28 04:14:43 - mmengine - INFO - Epoch(val) [20][ 130/5488]    eta: 0:46:06  time: 0.3172  data_time: 0.0005  memory: 1242  
12/28 04:14:44 - mmengine - INFO - Epoch(val) [20][ 135/5488]    eta: 0:45:36  time: 0.3722  data_time: 0.0005  memory: 1227  
12/28 04:14:46 - mmengine - INFO - Epoch(val) [20][ 140/5488]    eta: 0:44:41  time: 0.3059  data_time: 0.0005  memory: 1227  
12/28 04:14:48 - mmengine - INFO - Epoch(val) [20][ 145/5488]    eta: 0:44:51  time: 0.4006  data_time: 0.0005  memory: 1242  
12/28 04:14:51 - mmengine - INFO - Epoch(val) [20][ 150/5488]    eta: 0:44:38  time: 0.5073  data_time: 0.0005  memory: 1089  
12/28 04:14:53 - mmengine - INFO - Epoch(val) [20][ 155/5488]    eta: 0:44:27  time: 0.4500  data_time: 0.0007  memory: 1227  
12/28 04:14:56 - mmengine - INFO - Epoch(val) [20][ 160/5488]    eta: 0:44:39  time: 0.5202  data_time: 0.0007  memory: 1242  
12/28 04:14:59 - mmengine - INFO - Epoch(val) [20][ 165/5488]    eta: 0:45:08  time: 0.6420  data_time: 0.0006  memory: 1242  
12/28 04:15:03 - mmengine - INFO - Epoch(val) [20][ 170/5488]    eta: 0:45:24  time: 0.6643  data_time: 0.0006  memory: 1227  
12/28 04:15:05 - mmengine - INFO - Epoch(val) [20][ 175/5488]    eta: 0:45:17  time: 0.5553  data_time: 0.0006  memory: 1227  
12/28 04:15:08 - mmengine - INFO - Epoch(val) [20][ 180/5488]    eta: 0:45:30  time: 0.5487  data_time: 0.0006  memory: 1242  
12/28 04:15:10 - mmengine - INFO - Epoch(val) [20][ 185/5488]    eta: 0:45:05  time: 0.4894  data_time: 0.0005  memory: 1227  
12/28 04:15:14 - mmengine - INFO - Epoch(val) [20][ 190/5488]    eta: 0:45:34  time: 0.5478  data_time: 0.0006  memory: 1242  
12/28 04:15:17 - mmengine - INFO - Epoch(val) [20][ 195/5488]    eta: 0:45:59  time: 0.7250  data_time: 0.0010  memory: 1242  
12/28 04:15:21 - mmengine - INFO - Epoch(val) [20][ 200/5488]    eta: 0:46:25  time: 0.7266  data_time: 0.0012  memory: 1227  
12/28 04:15:22 - mmengine - INFO - Epoch(val) [20][ 205/5488]    eta: 0:45:42  time: 0.4760  data_time: 0.0009  memory: 1227  
12/28 04:15:24 - mmengine - INFO - Epoch(val) [20][ 210/5488]    eta: 0:45:25  time: 0.3122  data_time: 0.0006  memory: 1227  
12/28 04:15:26 - mmengine - INFO - Epoch(val) [20][ 215/5488]    eta: 0:45:06  time: 0.3931  data_time: 0.0005  memory: 1227  
12/28 04:15:28 - mmengine - INFO - Epoch(val) [20][ 220/5488]    eta: 0:44:49  time: 0.3851  data_time: 0.0005  memory: 1227  
12/28 04:15:29 - mmengine - INFO - Epoch(val) [20][ 225/5488]    eta: 0:44:18  time: 0.3333  data_time: 0.0005  memory: 1089  
12/28 04:15:31 - mmengine - INFO - Epoch(val) [20][ 230/5488]    eta: 0:43:59  time: 0.3129  data_time: 0.0005  memory: 1227  
12/28 04:15:33 - mmengine - INFO - Epoch(val) [20][ 235/5488]    eta: 0:43:49  time: 0.3977  data_time: 0.0005  memory: 1242  
12/28 04:15:36 - mmengine - INFO - Epoch(val) [20][ 240/5488]    eta: 0:43:57  time: 0.5162  data_time: 0.0005  memory: 1242  
12/28 04:15:38 - mmengine - INFO - Epoch(val) [20][ 245/5488]    eta: 0:43:38  time: 0.4723  data_time: 0.0006  memory: 1227  
12/28 04:15:39 - mmengine - INFO - Epoch(val) [20][ 250/5488]    eta: 0:43:09  time: 0.2989  data_time: 0.0006  memory: 1227  
12/28 04:15:41 - mmengine - INFO - Epoch(val) [20][ 255/5488]    eta: 0:42:48  time: 0.2812  data_time: 0.0005  memory: 1227  
12/28 04:15:44 - mmengine - INFO - Epoch(val) [20][ 260/5488]    eta: 0:43:02  time: 0.4856  data_time: 0.0005  memory: 1242  
12/28 04:15:46 - mmengine - INFO - Epoch(val) [20][ 265/5488]    eta: 0:42:46  time: 0.5052  data_time: 0.0005  memory: 1074  
12/28 04:15:48 - mmengine - INFO - Epoch(val) [20][ 270/5488]    eta: 0:42:46  time: 0.4376  data_time: 0.0005  memory: 1242  
12/28 04:15:51 - mmengine - INFO - Epoch(val) [20][ 275/5488]    eta: 0:42:46  time: 0.5171  data_time: 0.0005  memory: 1242  
12/28 04:15:53 - mmengine - INFO - Epoch(val) [20][ 280/5488]    eta: 0:42:32  time: 0.4387  data_time: 0.0005  memory: 1227  
12/28 04:15:55 - mmengine - INFO - Epoch(val) [20][ 285/5488]    eta: 0:42:30  time: 0.4275  data_time: 0.0005  memory: 1227  
12/28 04:15:58 - mmengine - INFO - Epoch(val) [20][ 290/5488]    eta: 0:42:33  time: 0.5249  data_time: 0.0006  memory: 1242  
12/28 04:16:00 - mmengine - INFO - Epoch(val) [20][ 295/5488]    eta: 0:42:30  time: 0.5232  data_time: 0.0008  memory: 1242  
12/28 04:16:02 - mmengine - INFO - Epoch(val) [20][ 300/5488]    eta: 0:42:15  time: 0.4156  data_time: 0.0007  memory: 1089  
12/28 04:16:04 - mmengine - INFO - Epoch(val) [20][ 305/5488]    eta: 0:41:57  time: 0.3232  data_time: 0.0005  memory: 1089  
12/28 04:16:05 - mmengine - INFO - Epoch(val) [20][ 310/5488]    eta: 0:41:40  time: 0.3102  data_time: 0.0005  memory: 1227  
12/28 04:16:07 - mmengine - INFO - Epoch(val) [20][ 315/5488]    eta: 0:41:29  time: 0.3457  data_time: 0.0005  memory: 1227  
12/28 04:16:09 - mmengine - INFO - Epoch(val) [20][ 320/5488]    eta: 0:41:26  time: 0.4256  data_time: 0.0005  memory: 1227  
12/28 04:16:11 - mmengine - INFO - Epoch(val) [20][ 325/5488]    eta: 0:41:17  time: 0.4368  data_time: 0.0005  memory: 1227  
12/28 04:16:14 - mmengine - INFO - Epoch(val) [20][ 330/5488]    eta: 0:41:17  time: 0.4563  data_time: 0.0005  memory: 9055  
12/28 04:16:16 - mmengine - INFO - Epoch(val) [20][ 335/5488]    eta: 0:41:10  time: 0.4671  data_time: 0.0005  memory: 1242  
12/28 04:16:19 - mmengine - INFO - Epoch(val) [20][ 340/5488]    eta: 0:41:12  time: 0.4760  data_time: 0.0005  memory: 1242  
12/28 04:16:21 - mmengine - INFO - Epoch(val) [20][ 345/5488]    eta: 0:41:06  time: 0.4806  data_time: 0.0005  memory: 1227  
12/28 04:16:23 - mmengine - INFO - Epoch(val) [20][ 350/5488]    eta: 0:40:56  time: 0.4022  data_time: 0.0006  memory: 1242  
12/28 04:16:24 - mmengine - INFO - Epoch(val) [20][ 355/5488]    eta: 0:40:42  time: 0.3509  data_time: 0.0006  memory: 1227  
12/28 04:16:26 - mmengine - INFO - Epoch(val) [20][ 360/5488]    eta: 0:40:35  time: 0.3686  data_time: 0.0005  memory: 1227  
12/28 04:16:28 - mmengine - INFO - Epoch(val) [20][ 365/5488]    eta: 0:40:23  time: 0.3702  data_time: 0.0005  memory: 1227  
12/28 04:16:30 - mmengine - INFO - Epoch(val) [20][ 370/5488]    eta: 0:40:10  time: 0.3265  data_time: 0.0005  memory: 1105  
12/28 04:16:32 - mmengine - INFO - Epoch(val) [20][ 375/5488]    eta: 0:40:06  time: 0.3875  data_time: 0.0005  memory: 1242  
12/28 04:16:34 - mmengine - INFO - Epoch(val) [20][ 380/5488]    eta: 0:40:01  time: 0.4396  data_time: 0.0005  memory: 1227  
12/28 04:16:37 - mmengine - INFO - Epoch(val) [20][ 385/5488]    eta: 0:40:07  time: 0.5070  data_time: 0.0006  memory: 1242  
12/28 04:16:39 - mmengine - INFO - Epoch(val) [20][ 390/5488]    eta: 0:39:59  time: 0.4911  data_time: 0.0006  memory: 1105  
12/28 04:16:41 - mmengine - INFO - Epoch(val) [20][ 395/5488]    eta: 0:39:50  time: 0.3781  data_time: 0.0006  memory: 1227  
12/28 04:16:43 - mmengine - INFO - Epoch(val) [20][ 400/5488]    eta: 0:39:41  time: 0.3632  data_time: 0.0006  memory: 1242  
12/28 04:16:45 - mmengine - INFO - Epoch(val) [20][ 405/5488]    eta: 0:39:37  time: 0.4058  data_time: 0.0005  memory: 1227  
12/28 04:16:47 - mmengine - INFO - Epoch(val) [20][ 410/5488]    eta: 0:39:35  time: 0.4597  data_time: 0.0005  memory: 1227  
12/28 04:16:50 - mmengine - INFO - Epoch(val) [20][ 415/5488]    eta: 0:39:34  time: 0.4771  data_time: 0.0006  memory: 1242  
12/28 04:16:52 - mmengine - INFO - Epoch(val) [20][ 420/5488]    eta: 0:39:32  time: 0.4773  data_time: 0.0006  memory: 1227  
12/28 04:16:54 - mmengine - INFO - Epoch(val) [20][ 425/5488]    eta: 0:39:24  time: 0.4257  data_time: 0.0005  memory: 1242  
12/28 04:16:55 - mmengine - INFO - Epoch(val) [20][ 430/5488]    eta: 0:39:11  time: 0.3333  data_time: 0.0005  memory: 1227  
12/28 04:16:57 - mmengine - INFO - Epoch(val) [20][ 435/5488]    eta: 0:39:06  time: 0.3547  data_time: 0.0005  memory: 1227  
12/28 04:17:00 - mmengine - INFO - Epoch(val) [20][ 440/5488]    eta: 0:39:01  time: 0.4214  data_time: 0.0005  memory: 1242  
12/28 04:17:02 - mmengine - INFO - Epoch(val) [20][ 445/5488]    eta: 0:38:55  time: 0.4102  data_time: 0.0005  memory: 1227  
12/28 04:17:03 - mmengine - INFO - Epoch(val) [20][ 450/5488]    eta: 0:38:44  time: 0.3481  data_time: 0.0005  memory: 1242  
12/28 04:17:05 - mmengine - INFO - Epoch(val) [20][ 455/5488]    eta: 0:38:35  time: 0.3255  data_time: 0.0005  memory: 1227  
12/28 04:17:07 - mmengine - INFO - Epoch(val) [20][ 460/5488]    eta: 0:38:31  time: 0.3892  data_time: 0.0005  memory: 1227  
12/28 04:17:09 - mmengine - INFO - Epoch(val) [20][ 465/5488]    eta: 0:38:24  time: 0.3985  data_time: 0.0005  memory: 1242  
12/28 04:17:11 - mmengine - INFO - Epoch(val) [20][ 470/5488]    eta: 0:38:15  time: 0.3533  data_time: 0.0005  memory: 1242  
12/28 04:17:13 - mmengine - INFO - Epoch(val) [20][ 475/5488]    eta: 0:38:10  time: 0.3689  data_time: 0.0007  memory: 1105  
12/28 04:17:14 - mmengine - INFO - Epoch(val) [20][ 480/5488]    eta: 0:37:59  time: 0.3471  data_time: 0.0006  memory: 1227  
12/28 04:17:16 - mmengine - INFO - Epoch(val) [20][ 485/5488]    eta: 0:37:52  time: 0.3265  data_time: 0.0005  memory: 1227  
12/28 04:17:18 - mmengine - INFO - Epoch(val) [20][ 490/5488]    eta: 0:37:50  time: 0.4070  data_time: 0.0005  memory: 1242  
12/28 04:17:20 - mmengine - INFO - Epoch(val) [20][ 495/5488]    eta: 0:37:43  time: 0.4109  data_time: 0.0005  memory: 1227  
12/28 04:17:23 - mmengine - INFO - Epoch(val) [20][ 500/5488]    eta: 0:37:45  time: 0.4483  data_time: 0.0005  memory: 1242  
12/28 04:17:24 - mmengine - INFO - Epoch(val) [20][ 505/5488]    eta: 0:37:34  time: 0.4022  data_time: 0.0006  memory: 1242  
12/28 04:17:27 - mmengine - INFO - Epoch(val) [20][ 510/5488]    eta: 0:37:40  time: 0.4537  data_time: 0.0005  memory: 9078  
12/28 04:17:29 - mmengine - INFO - Epoch(val) [20][ 515/5488]    eta: 0:37:33  time: 0.4932  data_time: 0.0005  memory: 1089  
12/28 04:17:31 - mmengine - INFO - Epoch(val) [20][ 520/5488]    eta: 0:37:26  time: 0.3532  data_time: 0.0005  memory: 1227  
12/28 04:17:33 - mmengine - INFO - Epoch(val) [20][ 525/5488]    eta: 0:37:22  time: 0.3882  data_time: 0.0004  memory: 1242  
12/28 04:17:35 - mmengine - INFO - Epoch(val) [20][ 530/5488]    eta: 0:37:17  time: 0.4014  data_time: 0.0005  memory: 1227  
12/28 04:17:37 - mmengine - INFO - Epoch(val) [20][ 535/5488]    eta: 0:37:11  time: 0.3817  data_time: 0.0005  memory: 1242  
12/28 04:17:39 - mmengine - INFO - Epoch(val) [20][ 540/5488]    eta: 0:37:11  time: 0.4444  data_time: 0.0005  memory: 1227  
12/28 04:17:40 - mmengine - INFO - Epoch(val) [20][ 545/5488]    eta: 0:37:00  time: 0.3741  data_time: 0.0005  memory: 1227  
12/28 04:17:42 - mmengine - INFO - Epoch(val) [20][ 550/5488]    eta: 0:36:53  time: 0.2953  data_time: 0.0005  memory: 1242  
12/28 04:17:46 - mmengine - INFO - Epoch(val) [20][ 555/5488]    eta: 0:37:07  time: 0.5765  data_time: 0.0005  memory: 1242  
12/28 04:17:48 - mmengine - INFO - Epoch(val) [20][ 560/5488]    eta: 0:37:04  time: 0.6233  data_time: 0.0005  memory: 1227  
12/28 04:17:51 - mmengine - INFO - Epoch(val) [20][ 565/5488]    eta: 0:37:04  time: 0.4699  data_time: 0.0005  memory: 1242  
12/28 04:17:53 - mmengine - INFO - Epoch(val) [20][ 570/5488]    eta: 0:37:02  time: 0.4876  data_time: 0.0005  memory: 1242  
12/28 04:17:54 - mmengine - INFO - Epoch(val) [20][ 575/5488]    eta: 0:36:51  time: 0.3518  data_time: 0.0005  memory: 1242  
12/28 04:17:56 - mmengine - INFO - Epoch(val) [20][ 580/5488]    eta: 0:36:47  time: 0.3275  data_time: 0.0005  memory: 1242  
12/28 04:17:59 - mmengine - INFO - Epoch(val) [20][ 585/5488]    eta: 0:36:45  time: 0.4371  data_time: 0.0005  memory: 1242  
12/28 04:18:00 - mmengine - INFO - Epoch(val) [20][ 590/5488]    eta: 0:36:39  time: 0.4013  data_time: 0.0005  memory: 1089  
12/28 04:18:03 - mmengine - INFO - Epoch(val) [20][ 595/5488]    eta: 0:36:41  time: 0.4574  data_time: 0.0005  memory: 1242  
12/28 04:18:05 - mmengine - INFO - Epoch(val) [20][ 600/5488]    eta: 0:36:33  time: 0.4341  data_time: 0.0005  memory: 1242  
12/28 04:18:06 - mmengine - INFO - Epoch(val) [20][ 605/5488]    eta: 0:36:26  time: 0.3156  data_time: 0.0005  memory: 1227  
12/28 04:18:08 - mmengine - INFO - Epoch(val) [20][ 610/5488]    eta: 0:36:17  time: 0.3086  data_time: 0.0005  memory: 1242  
12/28 04:18:10 - mmengine - INFO - Epoch(val) [20][ 615/5488]    eta: 0:36:18  time: 0.4013  data_time: 0.0005  memory: 1242  
12/28 04:18:13 - mmengine - INFO - Epoch(val) [20][ 620/5488]    eta: 0:36:20  time: 0.5368  data_time: 0.0005  memory: 1242  
12/28 04:18:16 - mmengine - INFO - Epoch(val) [20][ 625/5488]    eta: 0:36:21  time: 0.5411  data_time: 0.0005  memory: 1242  
12/28 04:18:18 - mmengine - INFO - Epoch(val) [20][ 630/5488]    eta: 0:36:19  time: 0.4884  data_time: 0.0005  memory: 1242  
12/28 04:18:21 - mmengine - INFO - Epoch(val) [20][ 635/5488]    eta: 0:36:22  time: 0.5237  data_time: 0.0005  memory: 1242  
12/28 04:18:23 - mmengine - INFO - Epoch(val) [20][ 640/5488]    eta: 0:36:16  time: 0.4688  data_time: 0.0006  memory: 1242  
12/28 04:18:25 - mmengine - INFO - Epoch(val) [20][ 645/5488]    eta: 0:36:15  time: 0.4217  data_time: 0.0005  memory: 1227  
12/28 04:18:27 - mmengine - INFO - Epoch(val) [20][ 650/5488]    eta: 0:36:07  time: 0.3859  data_time: 0.0005  memory: 1227  
12/28 04:18:30 - mmengine - INFO - Epoch(val) [20][ 655/5488]    eta: 0:36:10  time: 0.4441  data_time: 0.0005  memory: 8973  
12/28 04:18:31 - mmengine - INFO - Epoch(val) [20][ 660/5488]    eta: 0:36:02  time: 0.4501  data_time: 0.0005  memory: 1242  
12/28 04:18:33 - mmengine - INFO - Epoch(val) [20][ 665/5488]    eta: 0:35:59  time: 0.3595  data_time: 0.0005  memory: 1227  
12/28 04:18:35 - mmengine - INFO - Epoch(val) [20][ 670/5488]    eta: 0:35:53  time: 0.3785  data_time: 0.0005  memory: 1227  
12/28 04:18:37 - mmengine - INFO - Epoch(val) [20][ 675/5488]    eta: 0:35:49  time: 0.3592  data_time: 0.0005  memory: 1242  
12/28 04:18:39 - mmengine - INFO - Epoch(val) [20][ 680/5488]    eta: 0:35:43  time: 0.3653  data_time: 0.0005  memory: 1105  
12/28 04:18:41 - mmengine - INFO - Epoch(val) [20][ 685/5488]    eta: 0:35:42  time: 0.4208  data_time: 0.0005  memory: 1227  
12/28 04:18:43 - mmengine - INFO - Epoch(val) [20][ 690/5488]    eta: 0:35:38  time: 0.4477  data_time: 0.0005  memory: 1242  
12/28 04:18:45 - mmengine - INFO - Epoch(val) [20][ 695/5488]    eta: 0:35:34  time: 0.3926  data_time: 0.0005  memory: 1227  
12/28 04:18:47 - mmengine - INFO - Epoch(val) [20][ 700/5488]    eta: 0:35:31  time: 0.4087  data_time: 0.0005  memory: 1242  
12/28 04:18:49 - mmengine - INFO - Epoch(val) [20][ 705/5488]    eta: 0:35:24  time: 0.3550  data_time: 0.0005  memory: 1242  
12/28 04:18:52 - mmengine - INFO - Epoch(val) [20][ 710/5488]    eta: 0:35:28  time: 0.4699  data_time: 0.0005  memory: 8973  
12/28 04:18:54 - mmengine - INFO - Epoch(val) [20][ 715/5488]    eta: 0:35:27  time: 0.5564  data_time: 0.0005  memory: 1242  
12/28 04:18:57 - mmengine - INFO - Epoch(val) [20][ 720/5488]    eta: 0:35:28  time: 0.5029  data_time: 0.0005  memory: 1242  
12/28 04:18:59 - mmengine - INFO - Epoch(val) [20][ 725/5488]    eta: 0:35:24  time: 0.4688  data_time: 0.0005  memory: 1227  
12/28 04:19:03 - mmengine - INFO - Epoch(val) [20][ 730/5488]    eta: 0:35:37  time: 0.6544  data_time: 0.0005  memory: 1242  
12/28 04:19:05 - mmengine - INFO - Epoch(val) [20][ 735/5488]    eta: 0:35:31  time: 0.6208  data_time: 0.0005  memory: 1227  
12/28 04:19:07 - mmengine - INFO - Epoch(val) [20][ 740/5488]    eta: 0:35:25  time: 0.3333  data_time: 0.0005  memory: 1227  
12/28 04:19:09 - mmengine - INFO - Epoch(val) [20][ 745/5488]    eta: 0:35:23  time: 0.3992  data_time: 0.0005  memory: 1227  
12/28 04:19:10 - mmengine - INFO - Epoch(val) [20][ 750/5488]    eta: 0:35:12  time: 0.3131  data_time: 0.0005  memory: 1227  
12/28 04:19:12 - mmengine - INFO - Epoch(val) [20][ 755/5488]    eta: 0:35:07  time: 0.2640  data_time: 0.0005  memory: 1242  
12/28 04:19:14 - mmengine - INFO - Epoch(val) [20][ 760/5488]    eta: 0:35:05  time: 0.4117  data_time: 0.0005  memory: 1242  
12/28 04:19:16 - mmengine - INFO - Epoch(val) [20][ 765/5488]    eta: 0:34:59  time: 0.3840  data_time: 0.0005  memory: 1242  
12/28 04:19:18 - mmengine - INFO - Epoch(val) [20][ 770/5488]    eta: 0:34:55  time: 0.3530  data_time: 0.0005  memory: 1105  
12/28 04:19:20 - mmengine - INFO - Epoch(val) [20][ 775/5488]    eta: 0:34:54  time: 0.4441  data_time: 0.0005  memory: 1227  
12/28 04:19:23 - mmengine - INFO - Epoch(val) [20][ 780/5488]    eta: 0:34:55  time: 0.5110  data_time: 0.0005  memory: 1242  
12/28 04:19:25 - mmengine - INFO - Epoch(val) [20][ 785/5488]    eta: 0:34:55  time: 0.5230  data_time: 0.0005  memory: 1242  
12/28 04:19:27 - mmengine - INFO - Epoch(val) [20][ 790/5488]    eta: 0:34:52  time: 0.4684  data_time: 0.0005  memory: 1242  
12/28 04:19:29 - mmengine - INFO - Epoch(val) [20][ 795/5488]    eta: 0:34:48  time: 0.4114  data_time: 0.0005  memory: 1227  
12/28 04:19:31 - mmengine - INFO - Epoch(val) [20][ 800/5488]    eta: 0:34:45  time: 0.4054  data_time: 0.0006  memory: 1227  
12/28 04:19:33 - mmengine - INFO - Epoch(val) [20][ 805/5488]    eta: 0:34:40  time: 0.3779  data_time: 0.0006  memory: 1105  
12/28 04:19:36 - mmengine - INFO - Epoch(val) [20][ 810/5488]    eta: 0:34:44  time: 0.4984  data_time: 0.0005  memory: 1242  
12/28 04:19:38 - mmengine - INFO - Epoch(val) [20][ 815/5488]    eta: 0:34:40  time: 0.5297  data_time: 0.0005  memory: 1227  
12/28 04:19:41 - mmengine - INFO - Epoch(val) [20][ 820/5488]    eta: 0:34:41  time: 0.4731  data_time: 0.0005  memory: 1242  
12/28 04:19:43 - mmengine - INFO - Epoch(val) [20][ 825/5488]    eta: 0:34:39  time: 0.4981  data_time: 0.0005  memory: 1227  
12/28 04:19:45 - mmengine - INFO - Epoch(val) [20][ 830/5488]    eta: 0:34:35  time: 0.4152  data_time: 0.0005  memory: 1227  
12/28 04:19:48 - mmengine - INFO - Epoch(val) [20][ 835/5488]    eta: 0:34:35  time: 0.4507  data_time: 0.0005  memory: 1227  
12/28 04:19:51 - mmengine - INFO - Epoch(val) [20][ 840/5488]    eta: 0:34:35  time: 0.5321  data_time: 0.0005  memory: 1242  
12/28 04:19:53 - mmengine - INFO - Epoch(val) [20][ 845/5488]    eta: 0:34:33  time: 0.4957  data_time: 0.0005  memory: 1242  
12/28 04:19:55 - mmengine - INFO - Epoch(val) [20][ 850/5488]    eta: 0:34:29  time: 0.4112  data_time: 0.0005  memory: 1242  
12/28 04:19:57 - mmengine - INFO - Epoch(val) [20][ 855/5488]    eta: 0:34:26  time: 0.3948  data_time: 0.0005  memory: 1227  
12/28 04:19:59 - mmengine - INFO - Epoch(val) [20][ 860/5488]    eta: 0:34:24  time: 0.4374  data_time: 0.0005  memory: 1227  
12/28 04:20:01 - mmengine - INFO - Epoch(val) [20][ 865/5488]    eta: 0:34:18  time: 0.3843  data_time: 0.0005  memory: 1242  
12/28 04:20:03 - mmengine - INFO - Epoch(val) [20][ 870/5488]    eta: 0:34:16  time: 0.3804  data_time: 0.0005  memory: 1227  
12/28 04:20:06 - mmengine - INFO - Epoch(val) [20][ 875/5488]    eta: 0:34:18  time: 0.5364  data_time: 0.0006  memory: 1242  
12/28 04:20:08 - mmengine - INFO - Epoch(val) [20][ 880/5488]    eta: 0:34:14  time: 0.4920  data_time: 0.0005  memory: 1227  
12/28 04:20:10 - mmengine - INFO - Epoch(val) [20][ 885/5488]    eta: 0:34:09  time: 0.3516  data_time: 0.0005  memory: 1227  
12/28 04:20:11 - mmengine - INFO - Epoch(val) [20][ 890/5488]    eta: 0:34:05  time: 0.3563  data_time: 0.0005  memory: 1227  
12/28 04:20:13 - mmengine - INFO - Epoch(val) [20][ 895/5488]    eta: 0:34:01  time: 0.3795  data_time: 0.0005  memory: 1227  
12/28 04:20:16 - mmengine - INFO - Epoch(val) [20][ 900/5488]    eta: 0:33:59  time: 0.4286  data_time: 0.0005  memory: 1089  
12/28 04:20:17 - mmengine - INFO - Epoch(val) [20][ 905/5488]    eta: 0:33:53  time: 0.3842  data_time: 0.0005  memory: 1227  
12/28 04:20:20 - mmengine - INFO - Epoch(val) [20][ 910/5488]    eta: 0:33:54  time: 0.4247  data_time: 0.0005  memory: 1089  
12/28 04:20:23 - mmengine - INFO - Epoch(val) [20][ 915/5488]    eta: 0:33:54  time: 0.5365  data_time: 0.0007  memory: 1227  
12/28 04:20:25 - mmengine - INFO - Epoch(val) [20][ 920/5488]    eta: 0:33:51  time: 0.4690  data_time: 0.0007  memory: 1242  
12/28 04:20:26 - mmengine - INFO - Epoch(val) [20][ 925/5488]    eta: 0:33:46  time: 0.3738  data_time: 0.0005  memory: 1227  
12/28 04:20:29 - mmengine - INFO - Epoch(val) [20][ 930/5488]    eta: 0:33:44  time: 0.3935  data_time: 0.0004  memory: 1242  
12/28 04:20:30 - mmengine - INFO - Epoch(val) [20][ 935/5488]    eta: 0:33:39  time: 0.3905  data_time: 0.0005  memory: 1242  
12/28 04:20:32 - mmengine - INFO - Epoch(val) [20][ 940/5488]    eta: 0:33:33  time: 0.3203  data_time: 0.0005  memory: 1227  
12/28 04:20:34 - mmengine - INFO - Epoch(val) [20][ 945/5488]    eta: 0:33:31  time: 0.3783  data_time: 0.0005  memory: 1242  
12/28 04:20:36 - mmengine - INFO - Epoch(val) [20][ 950/5488]    eta: 0:33:30  time: 0.4665  data_time: 0.0005  memory: 1242  
12/28 04:20:38 - mmengine - INFO - Epoch(val) [20][ 955/5488]    eta: 0:33:27  time: 0.4419  data_time: 0.0005  memory: 1227  
12/28 04:20:40 - mmengine - INFO - Epoch(val) [20][ 960/5488]    eta: 0:33:22  time: 0.3729  data_time: 0.0005  memory: 1242  
12/28 04:20:42 - mmengine - INFO - Epoch(val) [20][ 965/5488]    eta: 0:33:16  time: 0.3149  data_time: 0.0005  memory: 1227  
12/28 04:20:44 - mmengine - INFO - Epoch(val) [20][ 970/5488]    eta: 0:33:15  time: 0.3799  data_time: 0.0005  memory: 1242  
12/28 04:20:45 - mmengine - INFO - Epoch(val) [20][ 975/5488]    eta: 0:33:09  time: 0.3744  data_time: 0.0005  memory: 1227  
12/28 04:20:47 - mmengine - INFO - Epoch(val) [20][ 980/5488]    eta: 0:33:04  time: 0.3015  data_time: 0.0005  memory: 1089  
12/28 04:20:49 - mmengine - INFO - Epoch(val) [20][ 985/5488]    eta: 0:33:00  time: 0.3386  data_time: 0.0005  memory: 1227  
12/28 04:20:51 - mmengine - INFO - Epoch(val) [20][ 990/5488]    eta: 0:32:58  time: 0.4074  data_time: 0.0005  memory: 1242  
12/28 04:20:56 - mmengine - INFO - Epoch(val) [20][ 995/5488]    eta: 0:33:07  time: 0.7113  data_time: 0.0006  memory: 1242  
12/28 04:20:57 - mmengine - INFO - Epoch(val) [20][1000/5488]    eta: 0:33:03  time: 0.6378  data_time: 0.0006  memory: 1242  
12/28 04:21:00 - mmengine - INFO - Epoch(val) [20][1005/5488]    eta: 0:33:04  time: 0.4584  data_time: 0.0005  memory: 8957  
12/28 04:21:03 - mmengine - INFO - Epoch(val) [20][1010/5488]    eta: 0:33:05  time: 0.5977  data_time: 0.0005  memory: 1242  
12/28 04:21:06 - mmengine - INFO - Epoch(val) [20][1015/5488]    eta: 0:33:04  time: 0.5565  data_time: 0.0005  memory: 1242  
12/28 04:21:08 - mmengine - INFO - Epoch(val) [20][1020/5488]    eta: 0:33:02  time: 0.4817  data_time: 0.0005  memory: 1242  
12/28 04:21:10 - mmengine - INFO - Epoch(val) [20][1025/5488]    eta: 0:32:59  time: 0.4351  data_time: 0.0005  memory: 1242  
12/28 04:21:13 - mmengine - INFO - Epoch(val) [20][1030/5488]    eta: 0:32:59  time: 0.4572  data_time: 0.0005  memory: 1242  
12/28 04:21:14 - mmengine - INFO - Epoch(val) [20][1035/5488]    eta: 0:32:54  time: 0.4200  data_time: 0.0005  memory: 1227  
12/28 04:21:16 - mmengine - INFO - Epoch(val) [20][1040/5488]    eta: 0:32:51  time: 0.3654  data_time: 0.0005  memory: 1227  
12/28 04:21:19 - mmengine - INFO - Epoch(val) [20][1045/5488]    eta: 0:32:49  time: 0.4224  data_time: 0.0005  memory: 1105  
12/28 04:21:20 - mmengine - INFO - Epoch(val) [20][1050/5488]    eta: 0:32:44  time: 0.3815  data_time: 0.0005  memory: 1242  
12/28 04:21:22 - mmengine - INFO - Epoch(val) [20][1055/5488]    eta: 0:32:39  time: 0.3269  data_time: 0.0005  memory: 1028  
12/28 04:21:24 - mmengine - INFO - Epoch(val) [20][1060/5488]    eta: 0:32:35  time: 0.3463  data_time: 0.0005  memory: 1227  
12/28 04:21:25 - mmengine - INFO - Epoch(val) [20][1065/5488]    eta: 0:32:30  time: 0.3336  data_time: 0.0005  memory: 1227  
12/28 04:21:27 - mmengine - INFO - Epoch(val) [20][1070/5488]    eta: 0:32:27  time: 0.3499  data_time: 0.0005  memory: 1227  
12/28 04:21:30 - mmengine - INFO - Epoch(val) [20][1075/5488]    eta: 0:32:27  time: 0.4570  data_time: 0.0006  memory: 1227  
12/28 04:21:33 - mmengine - INFO - Epoch(val) [20][1080/5488]    eta: 0:32:29  time: 0.5985  data_time: 0.0006  memory: 1227  
12/28 04:21:35 - mmengine - INFO - Epoch(val) [20][1085/5488]    eta: 0:32:26  time: 0.5354  data_time: 0.0005  memory: 1089  
12/28 04:21:39 - mmengine - INFO - Epoch(val) [20][1090/5488]    eta: 0:32:29  time: 0.5624  data_time: 0.0005  memory: 1227  
12/28 04:21:42 - mmengine - INFO - Epoch(val) [20][1095/5488]    eta: 0:32:30  time: 0.6502  data_time: 0.0005  memory: 1227  
12/28 04:21:44 - mmengine - INFO - Epoch(val) [20][1100/5488]    eta: 0:32:28  time: 0.5243  data_time: 0.0006  memory: 1227  
12/28 04:21:46 - mmengine - INFO - Epoch(val) [20][1105/5488]    eta: 0:32:25  time: 0.4408  data_time: 0.0006  memory: 1227  
12/28 04:21:48 - mmengine - INFO - Epoch(val) [20][1110/5488]    eta: 0:32:22  time: 0.3976  data_time: 0.0005  memory: 1242  
12/28 04:21:50 - mmengine - INFO - Epoch(val) [20][1115/5488]    eta: 0:32:19  time: 0.3877  data_time: 0.0005  memory: 1227  
12/28 04:21:52 - mmengine - INFO - Epoch(val) [20][1120/5488]    eta: 0:32:14  time: 0.3499  data_time: 0.0005  memory: 1242  
12/28 04:21:53 - mmengine - INFO - Epoch(val) [20][1125/5488]    eta: 0:32:09  time: 0.3172  data_time: 0.0005  memory: 1242  
12/28 04:21:56 - mmengine - INFO - Epoch(val) [20][1130/5488]    eta: 0:32:08  time: 0.4138  data_time: 0.0005  memory: 1242  
12/28 04:21:58 - mmengine - INFO - Epoch(val) [20][1135/5488]    eta: 0:32:08  time: 0.5068  data_time: 0.0005  memory: 8902  
12/28 04:22:00 - mmengine - INFO - Epoch(val) [20][1140/5488]    eta: 0:32:04  time: 0.4482  data_time: 0.0005  memory: 1089  
12/28 04:22:02 - mmengine - INFO - Epoch(val) [20][1145/5488]    eta: 0:32:02  time: 0.4110  data_time: 0.0005  memory: 1242  
12/28 04:22:05 - mmengine - INFO - Epoch(val) [20][1150/5488]    eta: 0:32:01  time: 0.4806  data_time: 0.0006  memory: 1089  
12/28 04:22:08 - mmengine - INFO - Epoch(val) [20][1155/5488]    eta: 0:32:02  time: 0.5642  data_time: 0.0006  memory: 1227  
12/28 04:22:10 - mmengine - INFO - Epoch(val) [20][1160/5488]    eta: 0:31:59  time: 0.5115  data_time: 0.0005  memory: 1089  
12/28 04:22:12 - mmengine - INFO - Epoch(val) [20][1165/5488]    eta: 0:31:57  time: 0.4281  data_time: 0.0005  memory: 1227  
12/28 04:22:15 - mmengine - INFO - Epoch(val) [20][1170/5488]    eta: 0:31:56  time: 0.4854  data_time: 0.0005  memory: 1227  
12/28 04:22:17 - mmengine - INFO - Epoch(val) [20][1175/5488]    eta: 0:31:54  time: 0.4728  data_time: 0.0005  memory: 1227  
12/28 04:22:20 - mmengine - INFO - Epoch(val) [20][1180/5488]    eta: 0:31:55  time: 0.5270  data_time: 0.0005  memory: 1089  
12/28 04:22:22 - mmengine - INFO - Epoch(val) [20][1185/5488]    eta: 0:31:51  time: 0.4976  data_time: 0.0005  memory: 1242  
12/28 04:22:25 - mmengine - INFO - Epoch(val) [20][1190/5488]    eta: 0:31:52  time: 0.4854  data_time: 0.0006  memory: 1242  
12/28 04:22:28 - mmengine - INFO - Epoch(val) [20][1195/5488]    eta: 0:31:52  time: 0.5913  data_time: 0.0005  memory: 1242  
12/28 04:22:29 - mmengine - INFO - Epoch(val) [20][1200/5488]    eta: 0:31:46  time: 0.4099  data_time: 0.0005  memory: 1105  
12/28 04:22:32 - mmengine - INFO - Epoch(val) [20][1205/5488]    eta: 0:31:46  time: 0.4054  data_time: 0.0005  memory: 1242  
12/28 04:22:34 - mmengine - INFO - Epoch(val) [20][1210/5488]    eta: 0:31:43  time: 0.4763  data_time: 0.0005  memory: 1227  
12/28 04:22:37 - mmengine - INFO - Epoch(val) [20][1215/5488]    eta: 0:31:43  time: 0.4706  data_time: 0.0005  memory: 1242  
12/28 04:22:39 - mmengine - INFO - Epoch(val) [20][1220/5488]    eta: 0:31:39  time: 0.4671  data_time: 0.0005  memory: 1227  
12/28 04:22:40 - mmengine - INFO - Epoch(val) [20][1225/5488]    eta: 0:31:35  time: 0.3674  data_time: 0.0006  memory: 1089  
12/28 04:22:42 - mmengine - INFO - Epoch(val) [20][1230/5488]    eta: 0:31:32  time: 0.3711  data_time: 0.0006  memory: 1227  
12/28 04:22:44 - mmengine - INFO - Epoch(val) [20][1235/5488]    eta: 0:31:30  time: 0.4105  data_time: 0.0005  memory: 1242  
12/28 04:22:46 - mmengine - INFO - Epoch(val) [20][1240/5488]    eta: 0:31:27  time: 0.4112  data_time: 0.0005  memory: 1242  
12/28 04:22:48 - mmengine - INFO - Epoch(val) [20][1245/5488]    eta: 0:31:23  time: 0.3719  data_time: 0.0005  memory: 1089  
12/28 04:22:49 - mmengine - INFO - Epoch(val) [20][1250/5488]    eta: 0:31:17  time: 0.2918  data_time: 0.0004  memory: 1242  
12/28 04:22:51 - mmengine - INFO - Epoch(val) [20][1255/5488]    eta: 0:31:11  time: 0.2380  data_time: 0.0004  memory: 1089  
12/28 04:22:53 - mmengine - INFO - Epoch(val) [20][1260/5488]    eta: 0:31:09  time: 0.3382  data_time: 0.0004  memory: 1227  
12/28 04:22:55 - mmengine - INFO - Epoch(val) [20][1265/5488]    eta: 0:31:06  time: 0.4251  data_time: 0.0005  memory: 1242  
12/28 04:22:57 - mmengine - INFO - Epoch(val) [20][1270/5488]    eta: 0:31:04  time: 0.4163  data_time: 0.0005  memory: 1227  
12/28 04:22:59 - mmengine - INFO - Epoch(val) [20][1275/5488]    eta: 0:31:00  time: 0.3940  data_time: 0.0005  memory: 1227  
12/28 04:23:00 - mmengine - INFO - Epoch(val) [20][1280/5488]    eta: 0:30:56  time: 0.3398  data_time: 0.0005  memory: 1227  
12/28 04:23:03 - mmengine - INFO - Epoch(val) [20][1285/5488]    eta: 0:30:56  time: 0.4535  data_time: 0.0005  memory: 1242  
12/28 04:23:05 - mmengine - INFO - Epoch(val) [20][1290/5488]    eta: 0:30:54  time: 0.4984  data_time: 0.0005  memory: 1242  
12/28 04:23:06 - mmengine - INFO - Epoch(val) [20][1295/5488]    eta: 0:30:47  time: 0.3018  data_time: 0.0005  memory: 1089  
12/28 04:23:08 - mmengine - INFO - Epoch(val) [20][1300/5488]    eta: 0:30:44  time: 0.2968  data_time: 0.0005  memory: 1242  
12/28 04:23:10 - mmengine - INFO - Epoch(val) [20][1305/5488]    eta: 0:30:41  time: 0.3699  data_time: 0.0005  memory: 1227  
12/28 04:23:14 - mmengine - INFO - Epoch(val) [20][1310/5488]    eta: 0:30:43  time: 0.5369  data_time: 0.0005  memory: 9078  
12/28 04:23:15 - mmengine - INFO - Epoch(val) [20][1315/5488]    eta: 0:30:39  time: 0.5272  data_time: 0.0006  memory: 1227  
12/28 04:23:18 - mmengine - INFO - Epoch(val) [20][1320/5488]    eta: 0:30:38  time: 0.4249  data_time: 0.0005  memory: 1227  
12/28 04:23:20 - mmengine - INFO - Epoch(val) [20][1325/5488]    eta: 0:30:34  time: 0.4302  data_time: 0.0005  memory: 1227  
12/28 04:23:22 - mmengine - INFO - Epoch(val) [20][1330/5488]    eta: 0:30:32  time: 0.3817  data_time: 0.0005  memory: 1227  
12/28 04:23:24 - mmengine - INFO - Epoch(val) [20][1335/5488]    eta: 0:30:29  time: 0.3943  data_time: 0.0005  memory: 1227  
12/28 04:23:26 - mmengine - INFO - Epoch(val) [20][1340/5488]    eta: 0:30:28  time: 0.4539  data_time: 0.0005  memory: 1089  
12/28 04:23:28 - mmengine - INFO - Epoch(val) [20][1345/5488]    eta: 0:30:25  time: 0.4815  data_time: 0.0005  memory: 1227  
12/28 04:23:30 - mmengine - INFO - Epoch(val) [20][1350/5488]    eta: 0:30:22  time: 0.3917  data_time: 0.0005  memory: 1227  
12/28 04:23:32 - mmengine - INFO - Epoch(val) [20][1355/5488]    eta: 0:30:18  time: 0.3435  data_time: 0.0005  memory: 1227  
12/28 04:23:34 - mmengine - INFO - Epoch(val) [20][1360/5488]    eta: 0:30:17  time: 0.4295  data_time: 0.0006  memory: 1242  
12/28 04:23:39 - mmengine - INFO - Epoch(val) [20][1365/5488]    eta: 0:30:22  time: 0.7093  data_time: 0.0006  memory: 1242  
12/28 04:23:40 - mmengine - INFO - Epoch(val) [20][1370/5488]    eta: 0:30:18  time: 0.6007  data_time: 0.0005  memory: 1227  
12/28 04:23:43 - mmengine - INFO - Epoch(val) [20][1375/5488]    eta: 0:30:18  time: 0.4541  data_time: 0.0005  memory: 1242  
12/28 04:23:46 - mmengine - INFO - Epoch(val) [20][1380/5488]    eta: 0:30:16  time: 0.5257  data_time: 0.0006  memory: 1242  
12/28 04:23:48 - mmengine - INFO - Epoch(val) [20][1385/5488]    eta: 0:30:15  time: 0.4829  data_time: 0.0005  memory: 1227  
12/28 04:23:51 - mmengine - INFO - Epoch(val) [20][1390/5488]    eta: 0:30:13  time: 0.4902  data_time: 0.0007  memory: 1242  
12/28 04:23:53 - mmengine - INFO - Epoch(val) [20][1395/5488]    eta: 0:30:10  time: 0.4470  data_time: 0.0006  memory: 1227  
12/28 04:23:54 - mmengine - INFO - Epoch(val) [20][1400/5488]    eta: 0:30:06  time: 0.3672  data_time: 0.0004  memory: 1105  
12/28 04:23:56 - mmengine - INFO - Epoch(val) [20][1405/5488]    eta: 0:30:03  time: 0.3520  data_time: 0.0004  memory: 1227  
12/28 04:23:58 - mmengine - INFO - Epoch(val) [20][1410/5488]    eta: 0:29:59  time: 0.3491  data_time: 0.0005  memory: 1242  
12/28 04:24:01 - mmengine - INFO - Epoch(val) [20][1415/5488]    eta: 0:30:00  time: 0.4680  data_time: 0.0005  memory: 1242  
12/28 04:24:04 - mmengine - INFO - Epoch(val) [20][1420/5488]    eta: 0:29:59  time: 0.6014  data_time: 0.0005  memory: 1242  
12/28 04:24:06 - mmengine - INFO - Epoch(val) [20][1425/5488]    eta: 0:29:58  time: 0.5486  data_time: 0.0006  memory: 1242  
12/28 04:24:08 - mmengine - INFO - Epoch(val) [20][1430/5488]    eta: 0:29:55  time: 0.4490  data_time: 0.0006  memory: 1227  
12/28 04:24:11 - mmengine - INFO - Epoch(val) [20][1435/5488]    eta: 0:29:53  time: 0.4098  data_time: 0.0005  memory: 1028  
12/28 04:24:13 - mmengine - INFO - Epoch(val) [20][1440/5488]    eta: 0:29:51  time: 0.4585  data_time: 0.0005  memory: 1242  
12/28 04:24:16 - mmengine - INFO - Epoch(val) [20][1445/5488]    eta: 0:29:50  time: 0.5058  data_time: 0.0005  memory: 1242  
12/28 04:24:17 - mmengine - INFO - Epoch(val) [20][1450/5488]    eta: 0:29:47  time: 0.4487  data_time: 0.0005  memory: 1227  
12/28 04:24:19 - mmengine - INFO - Epoch(val) [20][1455/5488]    eta: 0:29:43  time: 0.3333  data_time: 0.0004  memory: 1227  
12/28 04:24:21 - mmengine - INFO - Epoch(val) [20][1460/5488]    eta: 0:29:41  time: 0.3899  data_time: 0.0005  memory: 1242  
12/28 04:24:25 - mmengine - INFO - Epoch(val) [20][1465/5488]    eta: 0:29:41  time: 0.5594  data_time: 0.0006  memory: 1227  
12/28 04:24:27 - mmengine - INFO - Epoch(val) [20][1470/5488]    eta: 0:29:40  time: 0.5638  data_time: 0.0005  memory: 1227  
12/28 04:24:29 - mmengine - INFO - Epoch(val) [20][1475/5488]    eta: 0:29:36  time: 0.4135  data_time: 0.0005  memory: 1242  
12/28 04:24:30 - mmengine - INFO - Epoch(val) [20][1480/5488]    eta: 0:29:32  time: 0.3345  data_time: 0.0005  memory: 1242  
12/28 04:24:32 - mmengine - INFO - Epoch(val) [20][1485/5488]    eta: 0:29:28  time: 0.3050  data_time: 0.0005  memory: 1227  
12/28 04:24:34 - mmengine - INFO - Epoch(val) [20][1490/5488]    eta: 0:29:26  time: 0.3856  data_time: 0.0005  memory: 1227  
12/28 04:24:37 - mmengine - INFO - Epoch(val) [20][1495/5488]    eta: 0:29:27  time: 0.5687  data_time: 0.0005  memory: 1242  
12/28 04:24:40 - mmengine - INFO - Epoch(val) [20][1500/5488]    eta: 0:29:25  time: 0.5462  data_time: 0.0005  memory: 1227  
12/28 04:24:42 - mmengine - INFO - Epoch(val) [20][1505/5488]    eta: 0:29:23  time: 0.4463  data_time: 0.0005  memory: 1227  
12/28 04:24:43 - mmengine - INFO - Epoch(val) [20][1510/5488]    eta: 0:29:18  time: 0.3557  data_time: 0.0005  memory: 1242  
12/28 04:24:45 - mmengine - INFO - Epoch(val) [20][1515/5488]    eta: 0:29:15  time: 0.3058  data_time: 0.0005  memory: 1227  
12/28 04:24:48 - mmengine - INFO - Epoch(val) [20][1520/5488]    eta: 0:29:14  time: 0.4428  data_time: 0.0005  memory: 1242  
12/28 04:24:51 - mmengine - INFO - Epoch(val) [20][1525/5488]    eta: 0:29:14  time: 0.5939  data_time: 0.0005  memory: 1242  
12/28 04:24:53 - mmengine - INFO - Epoch(val) [20][1530/5488]    eta: 0:29:12  time: 0.5355  data_time: 0.0005  memory: 1242  
12/28 04:24:55 - mmengine - INFO - Epoch(val) [20][1535/5488]    eta: 0:29:09  time: 0.4136  data_time: 0.0005  memory: 1227  
12/28 04:24:58 - mmengine - INFO - Epoch(val) [20][1540/5488]    eta: 0:29:10  time: 0.5455  data_time: 0.0005  memory: 9070  
12/28 04:25:00 - mmengine - INFO - Epoch(val) [20][1545/5488]    eta: 0:29:07  time: 0.5303  data_time: 0.0007  memory: 1242  
12/28 04:25:02 - mmengine - INFO - Epoch(val) [20][1550/5488]    eta: 0:29:03  time: 0.3390  data_time: 0.0006  memory: 1089  
12/28 04:25:03 - mmengine - INFO - Epoch(val) [20][1555/5488]    eta: 0:28:58  time: 0.2856  data_time: 0.0005  memory: 1242  
12/28 04:25:05 - mmengine - INFO - Epoch(val) [20][1560/5488]    eta: 0:28:57  time: 0.3709  data_time: 0.0005  memory: 1227  
12/28 04:25:07 - mmengine - INFO - Epoch(val) [20][1565/5488]    eta: 0:28:54  time: 0.4285  data_time: 0.0005  memory: 1242  
12/28 04:25:09 - mmengine - INFO - Epoch(val) [20][1570/5488]    eta: 0:28:50  time: 0.3555  data_time: 0.0005  memory: 1242  
12/28 04:25:11 - mmengine - INFO - Epoch(val) [20][1575/5488]    eta: 0:28:46  time: 0.3280  data_time: 0.0005  memory: 1227  
12/28 04:25:12 - mmengine - INFO - Epoch(val) [20][1580/5488]    eta: 0:28:43  time: 0.3395  data_time: 0.0005  memory: 1242  
12/28 04:25:14 - mmengine - INFO - Epoch(val) [20][1585/5488]    eta: 0:28:40  time: 0.3657  data_time: 0.0005  memory: 1227  
12/28 04:25:16 - mmengine - INFO - Epoch(val) [20][1590/5488]    eta: 0:28:38  time: 0.3984  data_time: 0.0005  memory: 1242  
12/28 04:25:19 - mmengine - INFO - Epoch(val) [20][1595/5488]    eta: 0:28:36  time: 0.4494  data_time: 0.0005  memory: 1242  
12/28 04:25:21 - mmengine - INFO - Epoch(val) [20][1600/5488]    eta: 0:28:34  time: 0.4563  data_time: 0.0005  memory: 1242  
12/28 04:25:23 - mmengine - INFO - Epoch(val) [20][1605/5488]    eta: 0:28:30  time: 0.3803  data_time: 0.0005  memory: 1242  
12/28 04:25:24 - mmengine - INFO - Epoch(val) [20][1610/5488]    eta: 0:28:27  time: 0.3496  data_time: 0.0005  memory: 1089  
12/28 04:25:26 - mmengine - INFO - Epoch(val) [20][1615/5488]    eta: 0:28:23  time: 0.3297  data_time: 0.0005  memory: 1089  
12/28 04:25:28 - mmengine - INFO - Epoch(val) [20][1620/5488]    eta: 0:28:21  time: 0.3579  data_time: 0.0005  memory: 1242  
12/28 04:25:29 - mmengine - INFO - Epoch(val) [20][1625/5488]    eta: 0:28:16  time: 0.3224  data_time: 0.0006  memory: 1227  
12/28 04:25:31 - mmengine - INFO - Epoch(val) [20][1630/5488]    eta: 0:28:13  time: 0.3030  data_time: 0.0005  memory: 1242  
12/28 04:25:34 - mmengine - INFO - Epoch(val) [20][1635/5488]    eta: 0:28:11  time: 0.4324  data_time: 0.0006  memory: 1227  
12/28 04:25:36 - mmengine - INFO - Epoch(val) [20][1640/5488]    eta: 0:28:10  time: 0.5105  data_time: 0.0006  memory: 1227  
12/28 04:25:39 - mmengine - INFO - Epoch(val) [20][1645/5488]    eta: 0:28:08  time: 0.4982  data_time: 0.0005  memory: 1242  
12/28 04:25:41 - mmengine - INFO - Epoch(val) [20][1650/5488]    eta: 0:28:06  time: 0.4355  data_time: 0.0005  memory: 1242  
12/28 04:25:43 - mmengine - INFO - Epoch(val) [20][1655/5488]    eta: 0:28:03  time: 0.4208  data_time: 0.0005  memory: 1242  
12/28 04:25:45 - mmengine - INFO - Epoch(val) [20][1660/5488]    eta: 0:28:01  time: 0.4364  data_time: 0.0005  memory: 1242  
12/28 04:25:47 - mmengine - INFO - Epoch(val) [20][1665/5488]    eta: 0:27:59  time: 0.4145  data_time: 0.0005  memory: 1242  
12/28 04:25:49 - mmengine - INFO - Epoch(val) [20][1670/5488]    eta: 0:27:57  time: 0.4540  data_time: 0.0005  memory: 1227  
12/28 04:25:51 - mmengine - INFO - Epoch(val) [20][1675/5488]    eta: 0:27:54  time: 0.4407  data_time: 0.0006  memory: 1227  
12/28 04:25:55 - mmengine - INFO - Epoch(val) [20][1680/5488]    eta: 0:27:55  time: 0.5376  data_time: 0.0005  memory: 1242  
12/28 04:25:58 - mmengine - INFO - Epoch(val) [20][1685/5488]    eta: 0:27:54  time: 0.6388  data_time: 0.0005  memory: 1242  
12/28 04:26:01 - mmengine - INFO - Epoch(val) [20][1690/5488]    eta: 0:27:54  time: 0.5834  data_time: 0.0006  memory: 1227  
12/28 04:26:03 - mmengine - INFO - Epoch(val) [20][1695/5488]    eta: 0:27:52  time: 0.5316  data_time: 0.0006  memory: 1242  
12/28 04:26:05 - mmengine - INFO - Epoch(val) [20][1700/5488]    eta: 0:27:48  time: 0.3853  data_time: 0.0006  memory: 1227  
12/28 04:26:08 - mmengine - INFO - Epoch(val) [20][1705/5488]    eta: 0:27:49  time: 0.4903  data_time: 0.0006  memory: 1242  
12/28 04:26:10 - mmengine - INFO - Epoch(val) [20][1710/5488]    eta: 0:27:45  time: 0.5040  data_time: 0.0008  memory: 1227  
12/28 04:26:11 - mmengine - INFO - Epoch(val) [20][1715/5488]    eta: 0:27:42  time: 0.3324  data_time: 0.0007  memory: 1227  
12/28 04:26:13 - mmengine - INFO - Epoch(val) [20][1720/5488]    eta: 0:27:39  time: 0.3791  data_time: 0.0005  memory: 1242  
12/28 04:26:16 - mmengine - INFO - Epoch(val) [20][1725/5488]    eta: 0:27:38  time: 0.4571  data_time: 0.0005  memory: 1242  
12/28 04:26:18 - mmengine - INFO - Epoch(val) [20][1730/5488]    eta: 0:27:35  time: 0.4397  data_time: 0.0005  memory: 1227  
12/28 04:26:20 - mmengine - INFO - Epoch(val) [20][1735/5488]    eta: 0:27:32  time: 0.3874  data_time: 0.0005  memory: 1242  
12/28 04:26:22 - mmengine - INFO - Epoch(val) [20][1740/5488]    eta: 0:27:29  time: 0.3856  data_time: 0.0005  memory: 1227  
12/28 04:26:24 - mmengine - INFO - Epoch(val) [20][1745/5488]    eta: 0:27:28  time: 0.4388  data_time: 0.0005  memory: 1227  
12/28 04:26:26 - mmengine - INFO - Epoch(val) [20][1750/5488]    eta: 0:27:26  time: 0.4689  data_time: 0.0005  memory: 1242  
12/28 04:26:28 - mmengine - INFO - Epoch(val) [20][1755/5488]    eta: 0:27:23  time: 0.4426  data_time: 0.0006  memory: 1089  
12/28 04:26:31 - mmengine - INFO - Epoch(val) [20][1760/5488]    eta: 0:27:21  time: 0.4364  data_time: 0.0005  memory: 1242  
12/28 04:26:33 - mmengine - INFO - Epoch(val) [20][1765/5488]    eta: 0:27:19  time: 0.4387  data_time: 0.0005  memory: 1242  
12/28 04:26:35 - mmengine - INFO - Epoch(val) [20][1770/5488]    eta: 0:27:16  time: 0.3921  data_time: 0.0005  memory: 1227  
12/28 04:26:37 - mmengine - INFO - Epoch(val) [20][1775/5488]    eta: 0:27:13  time: 0.3807  data_time: 0.0005  memory: 1227  
12/28 04:26:38 - mmengine - INFO - Epoch(val) [20][1780/5488]    eta: 0:27:10  time: 0.3521  data_time: 0.0005  memory: 1089  
12/28 04:26:40 - mmengine - INFO - Epoch(val) [20][1785/5488]    eta: 0:27:07  time: 0.3472  data_time: 0.0005  memory: 1242  
12/28 04:26:42 - mmengine - INFO - Epoch(val) [20][1790/5488]    eta: 0:27:04  time: 0.4060  data_time: 0.0005  memory: 1227  
12/28 04:26:45 - mmengine - INFO - Epoch(val) [20][1795/5488]    eta: 0:27:03  time: 0.4582  data_time: 0.0005  memory: 1227  
12/28 04:26:46 - mmengine - INFO - Epoch(val) [20][1800/5488]    eta: 0:27:00  time: 0.4206  data_time: 0.0006  memory: 1242  
12/28 04:26:48 - mmengine - INFO - Epoch(val) [20][1805/5488]    eta: 0:26:57  time: 0.3562  data_time: 0.0005  memory: 1227  
12/28 04:26:50 - mmengine - INFO - Epoch(val) [20][1810/5488]    eta: 0:26:54  time: 0.3724  data_time: 0.0005  memory: 1242  
12/28 04:26:52 - mmengine - INFO - Epoch(val) [20][1815/5488]    eta: 0:26:52  time: 0.4139  data_time: 0.0005  memory: 1242  
12/28 04:26:54 - mmengine - INFO - Epoch(val) [20][1820/5488]    eta: 0:26:49  time: 0.4001  data_time: 0.0005  memory: 1089  
12/28 04:26:56 - mmengine - INFO - Epoch(val) [20][1825/5488]    eta: 0:26:45  time: 0.3132  data_time: 0.0005  memory: 1089  
12/28 04:26:57 - mmengine - INFO - Epoch(val) [20][1830/5488]    eta: 0:26:42  time: 0.3367  data_time: 0.0005  memory: 1227  
12/28 04:27:00 - mmengine - INFO - Epoch(val) [20][1835/5488]    eta: 0:26:41  time: 0.4342  data_time: 0.0005  memory: 1242  
12/28 04:27:03 - mmengine - INFO - Epoch(val) [20][1840/5488]    eta: 0:26:39  time: 0.5030  data_time: 0.0005  memory: 1227  
12/28 04:27:05 - mmengine - INFO - Epoch(val) [20][1845/5488]    eta: 0:26:38  time: 0.5396  data_time: 0.0006  memory: 1242  
12/28 04:27:09 - mmengine - INFO - Epoch(val) [20][1850/5488]    eta: 0:26:39  time: 0.6363  data_time: 0.0006  memory: 1242  
12/28 04:27:12 - mmengine - INFO - Epoch(val) [20][1855/5488]    eta: 0:26:37  time: 0.6277  data_time: 0.0005  memory: 1227  
12/28 04:27:13 - mmengine - INFO - Epoch(val) [20][1860/5488]    eta: 0:26:34  time: 0.4210  data_time: 0.0005  memory: 1227  
12/28 04:27:15 - mmengine - INFO - Epoch(val) [20][1865/5488]    eta: 0:26:31  time: 0.3382  data_time: 0.0005  memory: 1227  
12/28 04:27:17 - mmengine - INFO - Epoch(val) [20][1870/5488]    eta: 0:26:30  time: 0.4371  data_time: 0.0006  memory: 1242  
12/28 04:27:20 - mmengine - INFO - Epoch(val) [20][1875/5488]    eta: 0:26:27  time: 0.4543  data_time: 0.0006  memory: 1227  
12/28 04:27:22 - mmengine - INFO - Epoch(val) [20][1880/5488]    eta: 0:26:25  time: 0.4175  data_time: 0.0005  memory: 1105  
12/28 04:27:24 - mmengine - INFO - Epoch(val) [20][1885/5488]    eta: 0:26:22  time: 0.4158  data_time: 0.0005  memory: 1242  
12/28 04:27:25 - mmengine - INFO - Epoch(val) [20][1890/5488]    eta: 0:26:19  time: 0.3738  data_time: 0.0005  memory: 1242  
12/28 04:27:27 - mmengine - INFO - Epoch(val) [20][1895/5488]    eta: 0:26:16  time: 0.3251  data_time: 0.0005  memory: 1089  
12/28 04:27:30 - mmengine - INFO - Epoch(val) [20][1900/5488]    eta: 0:26:16  time: 0.5073  data_time: 0.0005  memory: 1242  
12/28 04:27:32 - mmengine - INFO - Epoch(val) [20][1905/5488]    eta: 0:26:13  time: 0.5116  data_time: 0.0005  memory: 1227  
12/28 04:27:34 - mmengine - INFO - Epoch(val) [20][1910/5488]    eta: 0:26:11  time: 0.3913  data_time: 0.0005  memory: 1227  
12/28 04:27:36 - mmengine - INFO - Epoch(val) [20][1915/5488]    eta: 0:26:08  time: 0.4327  data_time: 0.0005  memory: 1227  
12/28 04:27:40 - mmengine - INFO - Epoch(val) [20][1920/5488]    eta: 0:26:08  time: 0.5501  data_time: 0.0005  memory: 1242  
12/28 04:27:41 - mmengine - INFO - Epoch(val) [20][1925/5488]    eta: 0:26:05  time: 0.5078  data_time: 0.0006  memory: 1227  
12/28 04:27:43 - mmengine - INFO - Epoch(val) [20][1930/5488]    eta: 0:26:02  time: 0.3594  data_time: 0.0006  memory: 1227  
12/28 04:27:46 - mmengine - INFO - Epoch(val) [20][1935/5488]    eta: 0:26:00  time: 0.4078  data_time: 0.0005  memory: 1089  
12/28 04:27:47 - mmengine - INFO - Epoch(val) [20][1940/5488]    eta: 0:25:57  time: 0.3766  data_time: 0.0005  memory: 1227  
12/28 04:27:49 - mmengine - INFO - Epoch(val) [20][1945/5488]    eta: 0:25:54  time: 0.3260  data_time: 0.0005  memory: 1227  
12/28 04:27:51 - mmengine - INFO - Epoch(val) [20][1950/5488]    eta: 0:25:51  time: 0.3477  data_time: 0.0005  memory: 1089  
12/28 04:27:54 - mmengine - INFO - Epoch(val) [20][1955/5488]    eta: 0:25:51  time: 0.5236  data_time: 0.0006  memory: 1089  
12/28 04:27:57 - mmengine - INFO - Epoch(val) [20][1960/5488]    eta: 0:25:50  time: 0.6398  data_time: 0.0006  memory: 1242  
12/28 04:27:59 - mmengine - INFO - Epoch(val) [20][1965/5488]    eta: 0:25:47  time: 0.4993  data_time: 0.0006  memory: 1227  
12/28 04:28:01 - mmengine - INFO - Epoch(val) [20][1970/5488]    eta: 0:25:44  time: 0.3673  data_time: 0.0005  memory: 1227  
12/28 04:28:02 - mmengine - INFO - Epoch(val) [20][1975/5488]    eta: 0:25:41  time: 0.3312  data_time: 0.0005  memory: 1242  
12/28 04:28:05 - mmengine - INFO - Epoch(val) [20][1980/5488]    eta: 0:25:39  time: 0.3974  data_time: 0.0005  memory: 1227  
12/28 04:28:07 - mmengine - INFO - Epoch(val) [20][1985/5488]    eta: 0:25:37  time: 0.4481  data_time: 0.0005  memory: 1227  
12/28 04:28:08 - mmengine - INFO - Epoch(val) [20][1990/5488]    eta: 0:25:33  time: 0.3538  data_time: 0.0005  memory: 1227  
12/28 04:28:10 - mmengine - INFO - Epoch(val) [20][1995/5488]    eta: 0:25:31  time: 0.3660  data_time: 0.0005  memory: 1242  
12/28 04:28:13 - mmengine - INFO - Epoch(val) [20][2000/5488]    eta: 0:25:29  time: 0.4599  data_time: 0.0005  memory: 1227  
12/28 04:28:14 - mmengine - INFO - Epoch(val) [20][2005/5488]    eta: 0:25:26  time: 0.3949  data_time: 0.0005  memory: 1227  
12/28 04:28:17 - mmengine - INFO - Epoch(val) [20][2010/5488]    eta: 0:25:24  time: 0.3725  data_time: 0.0005  memory: 1242  
12/28 04:28:18 - mmengine - INFO - Epoch(val) [20][2015/5488]    eta: 0:25:21  time: 0.3913  data_time: 0.0005  memory: 1242  
12/28 04:28:20 - mmengine - INFO - Epoch(val) [20][2020/5488]    eta: 0:25:18  time: 0.3267  data_time: 0.0005  memory: 1242  
12/28 04:28:22 - mmengine - INFO - Epoch(val) [20][2025/5488]    eta: 0:25:15  time: 0.3354  data_time: 0.0005  memory: 1089  
12/28 04:28:24 - mmengine - INFO - Epoch(val) [20][2030/5488]    eta: 0:25:13  time: 0.4114  data_time: 0.0005  memory: 1227  
12/28 04:28:26 - mmengine - INFO - Epoch(val) [20][2035/5488]    eta: 0:25:10  time: 0.4118  data_time: 0.0005  memory: 1227  
12/28 04:28:27 - mmengine - INFO - Epoch(val) [20][2040/5488]    eta: 0:25:06  time: 0.3141  data_time: 0.0005  memory: 1242  
12/28 04:28:31 - mmengine - INFO - Epoch(val) [20][2045/5488]    eta: 0:25:07  time: 0.5353  data_time: 0.0005  memory: 1105  
12/28 04:28:33 - mmengine - INFO - Epoch(val) [20][2050/5488]    eta: 0:25:05  time: 0.6021  data_time: 0.0005  memory: 8965  
12/28 04:28:35 - mmengine - INFO - Epoch(val) [20][2055/5488]    eta: 0:25:01  time: 0.3585  data_time: 0.0006  memory: 1227  
12/28 04:28:37 - mmengine - INFO - Epoch(val) [20][2060/5488]    eta: 0:24:59  time: 0.3710  data_time: 0.0006  memory: 1242  
12/28 04:28:39 - mmengine - INFO - Epoch(val) [20][2065/5488]    eta: 0:24:58  time: 0.4684  data_time: 0.0005  memory: 1242  
12/28 04:28:41 - mmengine - INFO - Epoch(val) [20][2070/5488]    eta: 0:24:55  time: 0.4278  data_time: 0.0005  memory: 1242  
12/28 04:28:44 - mmengine - INFO - Epoch(val) [20][2075/5488]    eta: 0:24:54  time: 0.4543  data_time: 0.0006  memory: 1227  
12/28 04:28:46 - mmengine - INFO - Epoch(val) [20][2080/5488]    eta: 0:24:50  time: 0.4477  data_time: 0.0006  memory: 1227  
12/28 04:28:49 - mmengine - INFO - Epoch(val) [20][2085/5488]    eta: 0:24:50  time: 0.5053  data_time: 0.0005  memory: 1227  
12/28 04:28:51 - mmengine - INFO - Epoch(val) [20][2090/5488]    eta: 0:24:48  time: 0.5686  data_time: 0.0005  memory: 1242  
12/28 04:28:53 - mmengine - INFO - Epoch(val) [20][2095/5488]    eta: 0:24:46  time: 0.4351  data_time: 0.0005  memory: 1089  
12/28 04:28:56 - mmengine - INFO - Epoch(val) [20][2100/5488]    eta: 0:24:44  time: 0.4638  data_time: 0.0005  memory: 1242  
12/28 04:28:58 - mmengine - INFO - Epoch(val) [20][2105/5488]    eta: 0:24:42  time: 0.4470  data_time: 0.0005  memory: 1227  
12/28 04:29:00 - mmengine - INFO - Epoch(val) [20][2110/5488]    eta: 0:24:39  time: 0.4007  data_time: 0.0005  memory: 1227  
12/28 04:29:02 - mmengine - INFO - Epoch(val) [20][2115/5488]    eta: 0:24:36  time: 0.3842  data_time: 0.0005  memory: 1227  
12/28 04:29:05 - mmengine - INFO - Epoch(val) [20][2120/5488]    eta: 0:24:36  time: 0.5353  data_time: 0.0006  memory: 1242  
12/28 04:29:07 - mmengine - INFO - Epoch(val) [20][2125/5488]    eta: 0:24:34  time: 0.5749  data_time: 0.0006  memory: 1227  
12/28 04:29:09 - mmengine - INFO - Epoch(val) [20][2130/5488]    eta: 0:24:31  time: 0.3639  data_time: 0.0005  memory: 1227  
12/28 04:29:10 - mmengine - INFO - Epoch(val) [20][2135/5488]    eta: 0:24:27  time: 0.2817  data_time: 0.0005  memory: 1089  
12/28 04:29:12 - mmengine - INFO - Epoch(val) [20][2140/5488]    eta: 0:24:24  time: 0.2861  data_time: 0.0005  memory: 1089  
12/28 04:29:14 - mmengine - INFO - Epoch(val) [20][2145/5488]    eta: 0:24:21  time: 0.3383  data_time: 0.0005  memory: 1242  
12/28 04:29:16 - mmengine - INFO - Epoch(val) [20][2150/5488]    eta: 0:24:19  time: 0.3876  data_time: 0.0005  memory: 1242  
12/28 04:29:18 - mmengine - INFO - Epoch(val) [20][2155/5488]    eta: 0:24:17  time: 0.4104  data_time: 0.0005  memory: 1227  
12/28 04:29:20 - mmengine - INFO - Epoch(val) [20][2160/5488]    eta: 0:24:15  time: 0.4704  data_time: 0.0005  memory: 1242  
12/28 04:29:23 - mmengine - INFO - Epoch(val) [20][2165/5488]    eta: 0:24:13  time: 0.4863  data_time: 0.0005  memory: 1242  
12/28 04:29:24 - mmengine - INFO - Epoch(val) [20][2170/5488]    eta: 0:24:10  time: 0.3825  data_time: 0.0005  memory: 1227  
12/28 04:29:26 - mmengine - INFO - Epoch(val) [20][2175/5488]    eta: 0:24:07  time: 0.3609  data_time: 0.0005  memory: 1089  
12/28 04:29:28 - mmengine - INFO - Epoch(val) [20][2180/5488]    eta: 0:24:04  time: 0.3707  data_time: 0.0005  memory: 1227  
12/28 04:29:31 - mmengine - INFO - Epoch(val) [20][2185/5488]    eta: 0:24:03  time: 0.4444  data_time: 0.0005  memory: 1242  
12/28 04:29:32 - mmengine - INFO - Epoch(val) [20][2190/5488]    eta: 0:24:00  time: 0.4538  data_time: 0.0005  memory: 1105  
12/28 04:29:34 - mmengine - INFO - Epoch(val) [20][2195/5488]    eta: 0:23:57  time: 0.3367  data_time: 0.0005  memory: 1227  
12/28 04:29:36 - mmengine - INFO - Epoch(val) [20][2200/5488]    eta: 0:23:54  time: 0.3165  data_time: 0.0005  memory: 1242  
12/28 04:29:40 - mmengine - INFO - Epoch(val) [20][2205/5488]    eta: 0:23:55  time: 0.5590  data_time: 0.0005  memory: 1242  
12/28 04:29:43 - mmengine - INFO - Epoch(val) [20][2210/5488]    eta: 0:23:54  time: 0.7434  data_time: 0.0005  memory: 1242  
12/28 04:29:45 - mmengine - INFO - Epoch(val) [20][2215/5488]    eta: 0:23:52  time: 0.5396  data_time: 0.0005  memory: 1242  
12/28 04:29:48 - mmengine - INFO - Epoch(val) [20][2220/5488]    eta: 0:23:50  time: 0.4569  data_time: 0.0005  memory: 1242  
12/28 04:29:49 - mmengine - INFO - Epoch(val) [20][2225/5488]    eta: 0:23:48  time: 0.4399  data_time: 0.0005  memory: 1227  
12/28 04:29:51 - mmengine - INFO - Epoch(val) [20][2230/5488]    eta: 0:23:45  time: 0.3550  data_time: 0.0005  memory: 1089  
12/28 04:29:53 - mmengine - INFO - Epoch(val) [20][2235/5488]    eta: 0:23:42  time: 0.3678  data_time: 0.0005  memory: 1242  
12/28 04:29:55 - mmengine - INFO - Epoch(val) [20][2240/5488]    eta: 0:23:39  time: 0.3770  data_time: 0.0005  memory: 1242  
12/28 04:29:57 - mmengine - INFO - Epoch(val) [20][2245/5488]    eta: 0:23:37  time: 0.4001  data_time: 0.0005  memory: 1089  
12/28 04:29:59 - mmengine - INFO - Epoch(val) [20][2250/5488]    eta: 0:23:35  time: 0.4020  data_time: 0.0005  memory: 1227  
12/28 04:30:01 - mmengine - INFO - Epoch(val) [20][2255/5488]    eta: 0:23:32  time: 0.3494  data_time: 0.0005  memory: 1089  
12/28 04:30:02 - mmengine - INFO - Epoch(val) [20][2260/5488]    eta: 0:23:28  time: 0.3097  data_time: 0.0005  memory: 1227  
12/28 04:30:04 - mmengine - INFO - Epoch(val) [20][2265/5488]    eta: 0:23:25  time: 0.3124  data_time: 0.0005  memory: 1227  
12/28 04:30:06 - mmengine - INFO - Epoch(val) [20][2270/5488]    eta: 0:23:23  time: 0.3677  data_time: 0.0005  memory: 1242  
12/28 04:30:08 - mmengine - INFO - Epoch(val) [20][2275/5488]    eta: 0:23:22  time: 0.4747  data_time: 0.0005  memory: 1242  
12/28 04:30:11 - mmengine - INFO - Epoch(val) [20][2280/5488]    eta: 0:23:20  time: 0.5421  data_time: 0.0005  memory: 1242  
12/28 04:30:14 - mmengine - INFO - Epoch(val) [20][2285/5488]    eta: 0:23:19  time: 0.5331  data_time: 0.0006  memory: 1242  
12/28 04:30:16 - mmengine - INFO - Epoch(val) [20][2290/5488]    eta: 0:23:16  time: 0.4476  data_time: 0.0007  memory: 1242  
12/28 04:30:18 - mmengine - INFO - Epoch(val) [20][2295/5488]    eta: 0:23:14  time: 0.3904  data_time: 0.0007  memory: 1242  
12/28 04:30:19 - mmengine - INFO - Epoch(val) [20][2300/5488]    eta: 0:23:11  time: 0.3642  data_time: 0.0005  memory: 1227  
12/28 04:30:22 - mmengine - INFO - Epoch(val) [20][2305/5488]    eta: 0:23:09  time: 0.3956  data_time: 0.0005  memory: 1227  
12/28 04:30:24 - mmengine - INFO - Epoch(val) [20][2310/5488]    eta: 0:23:06  time: 0.4257  data_time: 0.0005  memory: 1227  
12/28 04:30:25 - mmengine - INFO - Epoch(val) [20][2315/5488]    eta: 0:23:03  time: 0.3594  data_time: 0.0005  memory: 1227  
12/28 04:30:27 - mmengine - INFO - Epoch(val) [20][2320/5488]    eta: 0:23:00  time: 0.3268  data_time: 0.0005  memory: 1227  
12/28 04:30:29 - mmengine - INFO - Epoch(val) [20][2325/5488]    eta: 0:22:58  time: 0.3344  data_time: 0.0005  memory: 1242  
12/28 04:30:30 - mmengine - INFO - Epoch(val) [20][2330/5488]    eta: 0:22:55  time: 0.3541  data_time: 0.0005  memory: 1089  
12/28 04:30:33 - mmengine - INFO - Epoch(val) [20][2335/5488]    eta: 0:22:53  time: 0.3991  data_time: 0.0005  memory: 1242  
12/28 04:30:34 - mmengine - INFO - Epoch(val) [20][2340/5488]    eta: 0:22:50  time: 0.3797  data_time: 0.0005  memory: 1242  
12/28 04:30:36 - mmengine - INFO - Epoch(val) [20][2345/5488]    eta: 0:22:47  time: 0.3228  data_time: 0.0005  memory: 1227  
12/28 04:30:39 - mmengine - INFO - Epoch(val) [20][2350/5488]    eta: 0:22:46  time: 0.4592  data_time: 0.0005  memory: 1227  
12/28 04:30:43 - mmengine - INFO - Epoch(val) [20][2355/5488]    eta: 0:22:46  time: 0.6858  data_time: 0.0005  memory: 1242  
12/28 04:30:45 - mmengine - INFO - Epoch(val) [20][2360/5488]    eta: 0:22:44  time: 0.6407  data_time: 0.0005  memory: 1227  
12/28 04:30:49 - mmengine - INFO - Epoch(val) [20][2365/5488]    eta: 0:22:44  time: 0.6532  data_time: 0.0006  memory: 1242  
12/28 04:30:52 - mmengine - INFO - Epoch(val) [20][2370/5488]    eta: 0:22:42  time: 0.6518  data_time: 0.0006  memory: 1227  
12/28 04:30:54 - mmengine - INFO - Epoch(val) [20][2375/5488]    eta: 0:22:40  time: 0.4442  data_time: 0.0005  memory: 1227  
12/28 04:30:56 - mmengine - INFO - Epoch(val) [20][2380/5488]    eta: 0:22:38  time: 0.4189  data_time: 0.0005  memory: 1242  
12/28 04:30:58 - mmengine - INFO - Epoch(val) [20][2385/5488]    eta: 0:22:36  time: 0.4379  data_time: 0.0005  memory: 1227  
12/28 04:31:00 - mmengine - INFO - Epoch(val) [20][2390/5488]    eta: 0:22:33  time: 0.3849  data_time: 0.0005  memory: 1227  
12/28 04:31:02 - mmengine - INFO - Epoch(val) [20][2395/5488]    eta: 0:22:31  time: 0.3865  data_time: 0.0005  memory: 1242  
12/28 04:31:04 - mmengine - INFO - Epoch(val) [20][2400/5488]    eta: 0:22:28  time: 0.4051  data_time: 0.0005  memory: 1227  
12/28 04:31:05 - mmengine - INFO - Epoch(val) [20][2405/5488]    eta: 0:22:25  time: 0.3265  data_time: 0.0004  memory: 1227  
12/28 04:31:08 - mmengine - INFO - Epoch(val) [20][2410/5488]    eta: 0:22:23  time: 0.3932  data_time: 0.0005  memory: 1242  
12/28 04:31:10 - mmengine - INFO - Epoch(val) [20][2415/5488]    eta: 0:22:21  time: 0.4833  data_time: 0.0005  memory: 1242  
12/28 04:31:12 - mmengine - INFO - Epoch(val) [20][2420/5488]    eta: 0:22:19  time: 0.4748  data_time: 0.0005  memory: 1227  
12/28 04:31:14 - mmengine - INFO - Epoch(val) [20][2425/5488]    eta: 0:22:16  time: 0.4091  data_time: 0.0005  memory: 1242  
12/28 04:31:17 - mmengine - INFO - Epoch(val) [20][2430/5488]    eta: 0:22:15  time: 0.4642  data_time: 0.0005  memory: 1242  
12/28 04:31:19 - mmengine - INFO - Epoch(val) [20][2435/5488]    eta: 0:22:13  time: 0.4821  data_time: 0.0005  memory: 1227  
12/28 04:31:21 - mmengine - INFO - Epoch(val) [20][2440/5488]    eta: 0:22:10  time: 0.3895  data_time: 0.0005  memory: 1242  
12/28 04:31:24 - mmengine - INFO - Epoch(val) [20][2445/5488]    eta: 0:22:09  time: 0.4837  data_time: 0.0005  memory: 1227  
12/28 04:31:26 - mmengine - INFO - Epoch(val) [20][2450/5488]    eta: 0:22:07  time: 0.5419  data_time: 0.0005  memory: 1242  
12/28 04:31:29 - mmengine - INFO - Epoch(val) [20][2455/5488]    eta: 0:22:05  time: 0.5183  data_time: 0.0005  memory: 1089  
12/28 04:31:31 - mmengine - INFO - Epoch(val) [20][2460/5488]    eta: 0:22:03  time: 0.4485  data_time: 0.0005  memory: 1242  
12/28 04:31:33 - mmengine - INFO - Epoch(val) [20][2465/5488]    eta: 0:22:01  time: 0.3989  data_time: 0.0005  memory: 1227  
12/28 04:31:35 - mmengine - INFO - Epoch(val) [20][2470/5488]    eta: 0:21:58  time: 0.4155  data_time: 0.0005  memory: 1227  
12/28 04:31:37 - mmengine - INFO - Epoch(val) [20][2475/5488]    eta: 0:21:56  time: 0.3910  data_time: 0.0005  memory: 1227  
12/28 04:31:40 - mmengine - INFO - Epoch(val) [20][2480/5488]    eta: 0:21:54  time: 0.4484  data_time: 0.0005  memory: 1242  
12/28 04:31:42 - mmengine - INFO - Epoch(val) [20][2485/5488]    eta: 0:21:52  time: 0.4818  data_time: 0.0005  memory: 1227  
12/28 04:31:44 - mmengine - INFO - Epoch(val) [20][2490/5488]    eta: 0:21:49  time: 0.4084  data_time: 0.0005  memory: 1227  
12/28 04:31:46 - mmengine - INFO - Epoch(val) [20][2495/5488]    eta: 0:21:48  time: 0.4656  data_time: 0.0005  memory: 1227  
12/28 04:31:49 - mmengine - INFO - Epoch(val) [20][2500/5488]    eta: 0:21:46  time: 0.5097  data_time: 0.0005  memory: 1242  
12/28 04:31:51 - mmengine - INFO - Epoch(val) [20][2505/5488]    eta: 0:21:44  time: 0.4630  data_time: 0.0005  memory: 1227  
12/28 04:31:53 - mmengine - INFO - Epoch(val) [20][2510/5488]    eta: 0:21:41  time: 0.4024  data_time: 0.0005  memory: 1089  
12/28 04:31:55 - mmengine - INFO - Epoch(val) [20][2515/5488]    eta: 0:21:39  time: 0.3865  data_time: 0.0005  memory: 1227  
12/28 04:31:56 - mmengine - INFO - Epoch(val) [20][2520/5488]    eta: 0:21:36  time: 0.3529  data_time: 0.0005  memory: 1242  
12/28 04:32:00 - mmengine - INFO - Epoch(val) [20][2525/5488]    eta: 0:21:35  time: 0.5042  data_time: 0.0005  memory: 1242  
12/28 04:32:02 - mmengine - INFO - Epoch(val) [20][2530/5488]    eta: 0:21:32  time: 0.5301  data_time: 0.0006  memory: 1242  
12/28 04:32:03 - mmengine - INFO - Epoch(val) [20][2535/5488]    eta: 0:21:30  time: 0.3499  data_time: 0.0006  memory: 1227  
12/28 04:32:05 - mmengine - INFO - Epoch(val) [20][2540/5488]    eta: 0:21:26  time: 0.2901  data_time: 0.0005  memory: 1089  
12/28 04:32:06 - mmengine - INFO - Epoch(val) [20][2545/5488]    eta: 0:21:24  time: 0.3097  data_time: 0.0005  memory: 1242  
12/28 04:32:09 - mmengine - INFO - Epoch(val) [20][2550/5488]    eta: 0:21:22  time: 0.4005  data_time: 0.0005  memory: 1242  
12/28 04:32:11 - mmengine - INFO - Epoch(val) [20][2555/5488]    eta: 0:21:19  time: 0.4072  data_time: 0.0005  memory: 1242  
12/28 04:32:12 - mmengine - INFO - Epoch(val) [20][2560/5488]    eta: 0:21:16  time: 0.3644  data_time: 0.0005  memory: 1227  
12/28 04:32:14 - mmengine - INFO - Epoch(val) [20][2565/5488]    eta: 0:21:14  time: 0.3886  data_time: 0.0005  memory: 1227  
12/28 04:32:16 - mmengine - INFO - Epoch(val) [20][2570/5488]    eta: 0:21:11  time: 0.3596  data_time: 0.0005  memory: 1227  
12/28 04:32:18 - mmengine - INFO - Epoch(val) [20][2575/5488]    eta: 0:21:09  time: 0.3851  data_time: 0.0005  memory: 1242  
12/28 04:32:20 - mmengine - INFO - Epoch(val) [20][2580/5488]    eta: 0:21:07  time: 0.4352  data_time: 0.0005  memory: 1089  
12/28 04:32:23 - mmengine - INFO - Epoch(val) [20][2585/5488]    eta: 0:21:05  time: 0.4329  data_time: 0.0005  memory: 1227  
12/28 04:32:25 - mmengine - INFO - Epoch(val) [20][2590/5488]    eta: 0:21:03  time: 0.4741  data_time: 0.0005  memory: 1227  
12/28 04:32:27 - mmengine - INFO - Epoch(val) [20][2595/5488]    eta: 0:21:01  time: 0.4802  data_time: 0.0005  memory: 1242  
12/28 04:32:29 - mmengine - INFO - Epoch(val) [20][2600/5488]    eta: 0:20:58  time: 0.3857  data_time: 0.0005  memory: 1227  
12/28 04:32:31 - mmengine - INFO - Epoch(val) [20][2605/5488]    eta: 0:20:55  time: 0.3172  data_time: 0.0005  memory: 1227  
12/28 04:32:32 - mmengine - INFO - Epoch(val) [20][2610/5488]    eta: 0:20:53  time: 0.3507  data_time: 0.0005  memory: 1227  
12/28 04:32:35 - mmengine - INFO - Epoch(val) [20][2615/5488]    eta: 0:20:51  time: 0.3926  data_time: 0.0005  memory: 1242  
12/28 04:32:38 - mmengine - INFO - Epoch(val) [20][2620/5488]    eta: 0:20:49  time: 0.5274  data_time: 0.0007  memory: 1242  
12/28 04:32:40 - mmengine - INFO - Epoch(val) [20][2625/5488]    eta: 0:20:48  time: 0.5475  data_time: 0.0006  memory: 1242  
12/28 04:32:41 - mmengine - INFO - Epoch(val) [20][2630/5488]    eta: 0:20:45  time: 0.3926  data_time: 0.0005  memory: 1227  
12/28 04:32:43 - mmengine - INFO - Epoch(val) [20][2635/5488]    eta: 0:20:42  time: 0.3351  data_time: 0.0005  memory: 1089  
12/28 04:32:47 - mmengine - INFO - Epoch(val) [20][2640/5488]    eta: 0:20:41  time: 0.5243  data_time: 0.0005  memory: 1242  
12/28 04:32:49 - mmengine - INFO - Epoch(val) [20][2645/5488]    eta: 0:20:39  time: 0.5580  data_time: 0.0005  memory: 1242  
12/28 04:32:51 - mmengine - INFO - Epoch(val) [20][2650/5488]    eta: 0:20:36  time: 0.3876  data_time: 0.0005  memory: 1227  
12/28 04:32:53 - mmengine - INFO - Epoch(val) [20][2655/5488]    eta: 0:20:34  time: 0.3724  data_time: 0.0005  memory: 1227  
12/28 04:32:54 - mmengine - INFO - Epoch(val) [20][2660/5488]    eta: 0:20:31  time: 0.3546  data_time: 0.0005  memory: 1242  
12/28 04:32:57 - mmengine - INFO - Epoch(val) [20][2665/5488]    eta: 0:20:29  time: 0.4004  data_time: 0.0005  memory: 1242  
12/28 04:32:59 - mmengine - INFO - Epoch(val) [20][2670/5488]    eta: 0:20:27  time: 0.4768  data_time: 0.0005  memory: 1105  
12/28 04:33:01 - mmengine - INFO - Epoch(val) [20][2675/5488]    eta: 0:20:25  time: 0.4625  data_time: 0.0005  memory: 1227  
12/28 04:33:04 - mmengine - INFO - Epoch(val) [20][2680/5488]    eta: 0:20:24  time: 0.5617  data_time: 0.0005  memory: 1242  
12/28 04:33:06 - mmengine - INFO - Epoch(val) [20][2685/5488]    eta: 0:20:21  time: 0.4802  data_time: 0.0005  memory: 1242  
12/28 04:33:08 - mmengine - INFO - Epoch(val) [20][2690/5488]    eta: 0:20:19  time: 0.3367  data_time: 0.0005  memory: 1227  
12/28 04:33:11 - mmengine - INFO - Epoch(val) [20][2695/5488]    eta: 0:20:17  time: 0.4745  data_time: 0.0005  memory: 1242  
12/28 04:33:12 - mmengine - INFO - Epoch(val) [20][2700/5488]    eta: 0:20:15  time: 0.4601  data_time: 0.0005  memory: 1242  
12/28 04:33:15 - mmengine - INFO - Epoch(val) [20][2705/5488]    eta: 0:20:13  time: 0.4411  data_time: 0.0005  memory: 1242  
12/28 04:33:18 - mmengine - INFO - Epoch(val) [20][2710/5488]    eta: 0:20:11  time: 0.5151  data_time: 0.0005  memory: 1227  
12/28 04:33:19 - mmengine - INFO - Epoch(val) [20][2715/5488]    eta: 0:20:08  time: 0.4025  data_time: 0.0005  memory: 1227  
12/28 04:33:21 - mmengine - INFO - Epoch(val) [20][2720/5488]    eta: 0:20:06  time: 0.3249  data_time: 0.0005  memory: 1227  
12/28 04:33:23 - mmengine - INFO - Epoch(val) [20][2725/5488]    eta: 0:20:03  time: 0.3415  data_time: 0.0005  memory: 1227  
12/28 04:33:24 - mmengine - INFO - Epoch(val) [20][2730/5488]    eta: 0:20:00  time: 0.3206  data_time: 0.0005  memory: 1227  
12/28 04:33:26 - mmengine - INFO - Epoch(val) [20][2735/5488]    eta: 0:19:58  time: 0.3503  data_time: 0.0005  memory: 1227  
12/28 04:33:28 - mmengine - INFO - Epoch(val) [20][2740/5488]    eta: 0:19:55  time: 0.3706  data_time: 0.0005  memory: 1227  
12/28 04:33:31 - mmengine - INFO - Epoch(val) [20][2745/5488]    eta: 0:19:53  time: 0.4376  data_time: 0.0005  memory: 1242  
12/28 04:33:34 - mmengine - INFO - Epoch(val) [20][2750/5488]    eta: 0:19:53  time: 0.6600  data_time: 0.0005  memory: 1242  
12/28 04:33:36 - mmengine - INFO - Epoch(val) [20][2755/5488]    eta: 0:19:50  time: 0.5138  data_time: 0.0005  memory: 1242  
12/28 04:33:38 - mmengine - INFO - Epoch(val) [20][2760/5488]    eta: 0:19:47  time: 0.3239  data_time: 0.0005  memory: 1242  
12/28 04:33:39 - mmengine - INFO - Epoch(val) [20][2765/5488]    eta: 0:19:45  time: 0.3549  data_time: 0.0005  memory: 1242  
12/28 04:33:41 - mmengine - INFO - Epoch(val) [20][2770/5488]    eta: 0:19:42  time: 0.3497  data_time: 0.0005  memory: 1105  
12/28 04:33:44 - mmengine - INFO - Epoch(val) [20][2775/5488]    eta: 0:19:41  time: 0.4773  data_time: 0.0006  memory: 1227  
12/28 04:33:46 - mmengine - INFO - Epoch(val) [20][2780/5488]    eta: 0:19:39  time: 0.5344  data_time: 0.0009  memory: 1227  
12/28 04:33:49 - mmengine - INFO - Epoch(val) [20][2785/5488]    eta: 0:19:37  time: 0.4690  data_time: 0.0008  memory: 1227  
12/28 04:33:51 - mmengine - INFO - Epoch(val) [20][2790/5488]    eta: 0:19:35  time: 0.4503  data_time: 0.0005  memory: 1089  
12/28 04:33:53 - mmengine - INFO - Epoch(val) [20][2795/5488]    eta: 0:19:32  time: 0.4343  data_time: 0.0005  memory: 1242  
12/28 04:33:55 - mmengine - INFO - Epoch(val) [20][2800/5488]    eta: 0:19:30  time: 0.4093  data_time: 0.0005  memory: 1242  
12/28 04:33:57 - mmengine - INFO - Epoch(val) [20][2805/5488]    eta: 0:19:28  time: 0.3854  data_time: 0.0005  memory: 1227  
12/28 04:33:58 - mmengine - INFO - Epoch(val) [20][2810/5488]    eta: 0:19:25  time: 0.3266  data_time: 0.0005  memory: 1227  
12/28 04:34:00 - mmengine - INFO - Epoch(val) [20][2815/5488]    eta: 0:19:22  time: 0.3029  data_time: 0.0004  memory: 1242  
12/28 04:34:02 - mmengine - INFO - Epoch(val) [20][2820/5488]    eta: 0:19:20  time: 0.3901  data_time: 0.0004  memory: 1227  
12/28 04:34:04 - mmengine - INFO - Epoch(val) [20][2825/5488]    eta: 0:19:17  time: 0.4018  data_time: 0.0005  memory: 1089  
12/28 04:34:06 - mmengine - INFO - Epoch(val) [20][2830/5488]    eta: 0:19:15  time: 0.3742  data_time: 0.0005  memory: 1242  
12/28 04:34:09 - mmengine - INFO - Epoch(val) [20][2835/5488]    eta: 0:19:13  time: 0.4576  data_time: 0.0005  memory: 1242  
12/28 04:34:11 - mmengine - INFO - Epoch(val) [20][2840/5488]    eta: 0:19:11  time: 0.4729  data_time: 0.0005  memory: 1242  
12/28 04:34:12 - mmengine - INFO - Epoch(val) [20][2845/5488]    eta: 0:19:08  time: 0.3874  data_time: 0.0005  memory: 1227  
12/28 04:34:16 - mmengine - INFO - Epoch(val) [20][2850/5488]    eta: 0:19:07  time: 0.5274  data_time: 0.0005  memory: 1242  
12/28 04:34:19 - mmengine - INFO - Epoch(val) [20][2855/5488]    eta: 0:19:06  time: 0.6356  data_time: 0.0005  memory: 1242  
12/28 04:34:20 - mmengine - INFO - Epoch(val) [20][2860/5488]    eta: 0:19:03  time: 0.4504  data_time: 0.0007  memory: 1227  
12/28 04:34:23 - mmengine - INFO - Epoch(val) [20][2865/5488]    eta: 0:19:01  time: 0.4192  data_time: 0.0007  memory: 1242  
12/28 04:34:24 - mmengine - INFO - Epoch(val) [20][2870/5488]    eta: 0:18:59  time: 0.3963  data_time: 0.0005  memory: 1089  
12/28 04:34:27 - mmengine - INFO - Epoch(val) [20][2875/5488]    eta: 0:18:56  time: 0.3687  data_time: 0.0005  memory: 1227  
12/28 04:34:28 - mmengine - INFO - Epoch(val) [20][2880/5488]    eta: 0:18:54  time: 0.3868  data_time: 0.0005  memory: 1242  
12/28 04:34:30 - mmengine - INFO - Epoch(val) [20][2885/5488]    eta: 0:18:51  time: 0.3098  data_time: 0.0005  memory: 1242  
12/28 04:34:32 - mmengine - INFO - Epoch(val) [20][2890/5488]    eta: 0:18:49  time: 0.3948  data_time: 0.0005  memory: 1242  
12/28 04:34:35 - mmengine - INFO - Epoch(val) [20][2895/5488]    eta: 0:18:47  time: 0.4961  data_time: 0.0005  memory: 1242  
12/28 04:34:36 - mmengine - INFO - Epoch(val) [20][2900/5488]    eta: 0:18:44  time: 0.3828  data_time: 0.0005  memory: 1089  
12/28 04:34:37 - mmengine - INFO - Epoch(val) [20][2905/5488]    eta: 0:18:41  time: 0.2701  data_time: 0.0005  memory: 1242  
12/28 04:34:40 - mmengine - INFO - Epoch(val) [20][2910/5488]    eta: 0:18:39  time: 0.3415  data_time: 0.0005  memory: 1227  
12/28 04:34:42 - mmengine - INFO - Epoch(val) [20][2915/5488]    eta: 0:18:37  time: 0.4144  data_time: 0.0005  memory: 1242  
12/28 04:34:44 - mmengine - INFO - Epoch(val) [20][2920/5488]    eta: 0:18:35  time: 0.4188  data_time: 0.0005  memory: 1242  
12/28 04:34:46 - mmengine - INFO - Epoch(val) [20][2925/5488]    eta: 0:18:32  time: 0.4030  data_time: 0.0005  memory: 1242  
12/28 04:34:48 - mmengine - INFO - Epoch(val) [20][2930/5488]    eta: 0:18:30  time: 0.4144  data_time: 0.0005  memory: 1242  
12/28 04:34:49 - mmengine - INFO - Epoch(val) [20][2935/5488]    eta: 0:18:27  time: 0.3726  data_time: 0.0005  memory: 1227  
12/28 04:34:51 - mmengine - INFO - Epoch(val) [20][2940/5488]    eta: 0:18:25  time: 0.3270  data_time: 0.0005  memory: 1227  
12/28 04:34:53 - mmengine - INFO - Epoch(val) [20][2945/5488]    eta: 0:18:22  time: 0.3682  data_time: 0.0005  memory: 1227  
12/28 04:34:56 - mmengine - INFO - Epoch(val) [20][2950/5488]    eta: 0:18:21  time: 0.5099  data_time: 0.0007  memory: 1013  
12/28 04:34:58 - mmengine - INFO - Epoch(val) [20][2955/5488]    eta: 0:18:19  time: 0.5249  data_time: 0.0008  memory: 1227  
12/28 04:35:00 - mmengine - INFO - Epoch(val) [20][2960/5488]    eta: 0:18:16  time: 0.3516  data_time: 0.0005  memory: 1227  
12/28 04:35:02 - mmengine - INFO - Epoch(val) [20][2965/5488]    eta: 0:18:14  time: 0.3377  data_time: 0.0005  memory: 1227  
12/28 04:35:03 - mmengine - INFO - Epoch(val) [20][2970/5488]    eta: 0:18:11  time: 0.3377  data_time: 0.0005  memory: 1089  
12/28 04:35:07 - mmengine - INFO - Epoch(val) [20][2975/5488]    eta: 0:18:11  time: 0.5829  data_time: 0.0005  memory: 1242  
12/28 04:35:09 - mmengine - INFO - Epoch(val) [20][2980/5488]    eta: 0:18:08  time: 0.6283  data_time: 0.0005  memory: 1227  
12/28 04:35:12 - mmengine - INFO - Epoch(val) [20][2985/5488]    eta: 0:18:06  time: 0.4390  data_time: 0.0005  memory: 1227  
12/28 04:35:13 - mmengine - INFO - Epoch(val) [20][2990/5488]    eta: 0:18:03  time: 0.3802  data_time: 0.0005  memory: 1227  
12/28 04:35:16 - mmengine - INFO - Epoch(val) [20][2995/5488]    eta: 0:18:01  time: 0.3644  data_time: 0.0005  memory: 1227  
12/28 04:35:17 - mmengine - INFO - Epoch(val) [20][3000/5488]    eta: 0:17:59  time: 0.3965  data_time: 0.0005  memory: 1089  
12/28 04:35:33 - mmengine - INFO - Epoch(val) [20][3005/5488]    eta: 0:18:08  time: 1.7336  data_time: 0.0005  memory: 9223  
12/28 04:35:46 - mmengine - INFO - Epoch(val) [20][3010/5488]    eta: 0:18:14  time: 2.8410  data_time: 0.0006  memory: 1411  
12/28 04:35:54 - mmengine - INFO - Epoch(val) [20][3015/5488]    eta: 0:18:17  time: 2.1481  data_time: 0.0006  memory: 1411  
12/28 04:36:03 - mmengine - INFO - Epoch(val) [20][3020/5488]    eta: 0:18:21  time: 1.7617  data_time: 0.0006  memory: 1411  
12/28 04:36:50 - mmengine - INFO - Epoch(val) [20][3025/5488]    eta: 0:18:54  time: 5.5401  data_time: 0.0006  memory: 1411  
12/28 04:37:00 - mmengine - INFO - Epoch(val) [20][3030/5488]    eta: 0:18:59  time: 5.6712  data_time: 0.0007  memory: 1411  
12/28 04:37:12 - mmengine - INFO - Epoch(val) [20][3035/5488]    eta: 0:19:04  time: 2.2687  data_time: 0.0007  memory: 1411  
12/28 04:37:20 - mmengine - INFO - Epoch(val) [20][3040/5488]    eta: 0:19:06  time: 1.9917  data_time: 0.0006  memory: 1411  
12/28 04:37:28 - mmengine - INFO - Epoch(val) [20][3045/5488]    eta: 0:19:09  time: 1.6005  data_time: 0.0005  memory: 1411  
12/28 04:37:35 - mmengine - INFO - Epoch(val) [20][3050/5488]    eta: 0:19:10  time: 1.5036  data_time: 0.0006  memory: 1411  
12/28 04:37:53 - mmengine - INFO - Epoch(val) [20][3055/5488]    eta: 0:19:20  time: 2.4094  data_time: 0.0006  memory: 1411  
12/28 04:38:06 - mmengine - INFO - Epoch(val) [20][3060/5488]    eta: 0:19:26  time: 3.1252  data_time: 0.0006  memory: 1411  
12/28 04:38:26 - mmengine - INFO - Epoch(val) [20][3065/5488]    eta: 0:19:38  time: 3.3873  data_time: 0.0007  memory: 1411  
12/28 04:39:24 - mmengine - INFO - Epoch(val) [20][3070/5488]    eta: 0:20:19  time: 7.8139  data_time: 0.0007  memory: 1411  
12/28 04:39:29 - mmengine - INFO - Epoch(val) [20][3075/5488]    eta: 0:20:18  time: 6.2641  data_time: 0.0006  memory: 1411  
12/28 04:39:37 - mmengine - INFO - Epoch(val) [20][3080/5488]    eta: 0:20:20  time: 1.2643  data_time: 0.0005  memory: 1411  
12/28 04:39:42 - mmengine - INFO - Epoch(val) [20][3085/5488]    eta: 0:20:20  time: 1.3329  data_time: 0.0005  memory: 1411  
12/28 04:39:51 - mmengine - INFO - Epoch(val) [20][3090/5488]    eta: 0:20:22  time: 1.4577  data_time: 0.0005  memory: 1411  
12/28 04:39:59 - mmengine - INFO - Epoch(val) [20][3095/5488]    eta: 0:20:23  time: 1.6163  data_time: 0.0005  memory: 1411  
12/28 04:40:07 - mmengine - INFO - Epoch(val) [20][3100/5488]    eta: 0:20:26  time: 1.5869  data_time: 0.0005  memory: 1411  
12/28 04:40:28 - mmengine - INFO - Epoch(val) [20][3105/5488]    eta: 0:20:37  time: 2.9726  data_time: 0.0006  memory: 1411  
12/28 04:40:34 - mmengine - INFO - Epoch(val) [20][3110/5488]    eta: 0:20:37  time: 2.6413  data_time: 0.0006  memory: 1411  
12/28 04:40:59 - mmengine - INFO - Epoch(val) [20][3115/5488]    eta: 0:20:51  time: 3.0260  data_time: 0.0006  memory: 1411  
12/28 04:41:04 - mmengine - INFO - Epoch(val) [20][3120/5488]    eta: 0:20:50  time: 2.9909  data_time: 0.0006  memory: 1411  
12/28 04:41:26 - mmengine - INFO - Epoch(val) [20][3125/5488]    eta: 0:21:03  time: 2.7762  data_time: 0.0006  memory: 1411  
12/28 04:41:33 - mmengine - INFO - Epoch(val) [20][3130/5488]    eta: 0:21:03  time: 2.9699  data_time: 0.0006  memory: 1411  
12/28 04:41:45 - mmengine - INFO - Epoch(val) [20][3135/5488]    eta: 0:21:07  time: 1.8758  data_time: 0.0009  memory: 1411  
12/28 04:42:03 - mmengine - INFO - Epoch(val) [20][3140/5488]    eta: 0:21:16  time: 2.9895  data_time: 0.0010  memory: 1411  
12/28 04:42:16 - mmengine - INFO - Epoch(val) [20][3145/5488]    eta: 0:21:21  time: 3.0807  data_time: 0.0007  memory: 1411  
12/28 04:42:40 - mmengine - INFO - Epoch(val) [20][3150/5488]    eta: 0:21:34  time: 3.6292  data_time: 0.0007  memory: 1411  
12/28 04:42:55 - mmengine - INFO - Epoch(val) [20][3155/5488]    eta: 0:21:40  time: 3.9177  data_time: 0.0007  memory: 1411  
12/28 04:43:02 - mmengine - INFO - Epoch(val) [20][3160/5488]    eta: 0:21:41  time: 2.2510  data_time: 0.0007  memory: 1411  
12/28 04:43:13 - mmengine - INFO - Epoch(val) [20][3165/5488]    eta: 0:21:44  time: 1.8263  data_time: 0.0007  memory: 1411  
12/28 04:43:35 - mmengine - INFO - Epoch(val) [20][3170/5488]    eta: 0:21:55  time: 3.2432  data_time: 0.0006  memory: 1411  
12/28 04:43:42 - mmengine - INFO - Epoch(val) [20][3175/5488]    eta: 0:21:55  time: 2.8811  data_time: 0.0006  memory: 1411  
12/28 04:43:58 - mmengine - INFO - Epoch(val) [20][3180/5488]    eta: 0:22:02  time: 2.3681  data_time: 0.0006  memory: 1411  
12/28 04:44:03 - mmengine - INFO - Epoch(val) [20][3185/5488]    eta: 0:22:01  time: 2.0894  data_time: 0.0007  memory: 1411  
12/28 04:44:12 - mmengine - INFO - Epoch(val) [20][3190/5488]    eta: 0:22:02  time: 1.3829  data_time: 0.0006  memory: 1411  
12/28 04:44:22 - mmengine - INFO - Epoch(val) [20][3195/5488]    eta: 0:22:05  time: 1.9115  data_time: 0.0006  memory: 1411  
12/28 04:44:59 - mmengine - INFO - Epoch(val) [20][3200/5488]    eta: 0:22:26  time: 4.7167  data_time: 0.0006  memory: 1411  
12/28 04:45:15 - mmengine - INFO - Epoch(val) [20][3205/5488]    eta: 0:22:32  time: 5.2521  data_time: 0.0006  memory: 1411  
12/28 04:45:18 - mmengine - INFO - Epoch(val) [20][3210/5488]    eta: 0:22:30  time: 1.9067  data_time: 0.0006  memory: 1411  
12/28 04:45:52 - mmengine - INFO - Epoch(val) [20][3215/5488]    eta: 0:22:48  time: 3.7331  data_time: 0.0006  memory: 1411  
12/28 04:46:01 - mmengine - INFO - Epoch(val) [20][3220/5488]    eta: 0:22:50  time: 4.2812  data_time: 0.0006  memory: 1411  
12/28 04:46:14 - mmengine - INFO - Epoch(val) [20][3225/5488]    eta: 0:22:53  time: 2.1848  data_time: 0.0006  memory: 1411  
12/28 04:46:25 - mmengine - INFO - Epoch(val) [20][3230/5488]    eta: 0:22:56  time: 2.4286  data_time: 0.0011  memory: 1411  
12/28 04:46:36 - mmengine - INFO - Epoch(val) [20][3235/5488]    eta: 0:22:58  time: 2.1772  data_time: 0.0011  memory: 1411  
12/28 04:46:52 - mmengine - INFO - Epoch(val) [20][3240/5488]    eta: 0:23:04  time: 2.6211  data_time: 0.0006  memory: 1411  
12/28 04:47:04 - mmengine - INFO - Epoch(val) [20][3245/5488]    eta: 0:23:07  time: 2.8185  data_time: 0.0006  memory: 1411  
12/28 04:47:17 - mmengine - INFO - Epoch(val) [20][3250/5488]    eta: 0:23:11  time: 2.5362  data_time: 0.0006  memory: 1411  
12/28 04:47:28 - mmengine - INFO - Epoch(val) [20][3255/5488]    eta: 0:23:14  time: 2.4168  data_time: 0.0006  memory: 1411  
12/28 04:47:33 - mmengine - INFO - Epoch(val) [20][3260/5488]    eta: 0:23:12  time: 1.5827  data_time: 0.0006  memory: 1411  
12/28 04:47:38 - mmengine - INFO - Epoch(val) [20][3265/5488]    eta: 0:23:10  time: 1.0222  data_time: 0.0006  memory: 1411  
12/28 04:47:46 - mmengine - INFO - Epoch(val) [20][3270/5488]    eta: 0:23:10  time: 1.3221  data_time: 0.0006  memory: 1411  
12/28 04:47:50 - mmengine - INFO - Epoch(val) [20][3275/5488]    eta: 0:23:08  time: 1.2220  data_time: 0.0005  memory: 1411  
12/28 04:47:57 - mmengine - INFO - Epoch(val) [20][3280/5488]    eta: 0:23:07  time: 1.0873  data_time: 0.0005  memory: 1411  
12/28 04:48:05 - mmengine - INFO - Epoch(val) [20][3285/5488]    eta: 0:23:07  time: 1.4863  data_time: 0.0005  memory: 1411  
12/28 04:48:10 - mmengine - INFO - Epoch(val) [20][3290/5488]    eta: 0:23:05  time: 1.2914  data_time: 0.0005  memory: 1411  
12/28 04:48:43 - mmengine - INFO - Epoch(val) [20][3295/5488]    eta: 0:23:22  time: 3.8175  data_time: 0.0005  memory: 1411  
12/28 04:49:16 - mmengine - INFO - Epoch(val) [20][3300/5488]    eta: 0:23:38  time: 6.5743  data_time: 0.0006  memory: 1411  
12/28 04:49:35 - mmengine - INFO - Epoch(val) [20][3305/5488]    eta: 0:23:46  time: 5.1880  data_time: 0.0007  memory: 1411  
12/28 04:49:51 - mmengine - INFO - Epoch(val) [20][3310/5488]    eta: 0:23:51  time: 3.5825  data_time: 0.0006  memory: 1411  
12/28 04:49:55 - mmengine - INFO - Epoch(val) [20][3315/5488]    eta: 0:23:48  time: 1.9750  data_time: 0.0006  memory: 1411  
12/28 04:50:02 - mmengine - INFO - Epoch(val) [20][3320/5488]    eta: 0:23:47  time: 1.0136  data_time: 0.0005  memory: 1411  
12/28 04:50:05 - mmengine - INFO - Epoch(val) [20][3325/5488]    eta: 0:23:44  time: 0.9887  data_time: 0.0005  memory: 1411  
12/28 04:50:16 - mmengine - INFO - Epoch(val) [20][3330/5488]    eta: 0:23:45  time: 1.4787  data_time: 0.0006  memory: 1411  
12/28 04:50:30 - mmengine - INFO - Epoch(val) [20][3335/5488]    eta: 0:23:49  time: 2.5016  data_time: 0.0007  memory: 1411  
12/28 04:50:42 - mmengine - INFO - Epoch(val) [20][3340/5488]    eta: 0:23:51  time: 2.5217  data_time: 0.0007  memory: 1411  
12/28 04:50:53 - mmengine - INFO - Epoch(val) [20][3345/5488]    eta: 0:23:53  time: 2.2981  data_time: 0.0006  memory: 1411  
12/28 04:51:14 - mmengine - INFO - Epoch(val) [20][3350/5488]    eta: 0:24:01  time: 3.2556  data_time: 0.0006  memory: 1411  
12/28 04:51:28 - mmengine - INFO - Epoch(val) [20][3355/5488]    eta: 0:24:04  time: 3.5340  data_time: 0.0006  memory: 1411  
12/28 04:51:40 - mmengine - INFO - Epoch(val) [20][3360/5488]    eta: 0:24:06  time: 2.5577  data_time: 0.0008  memory: 1411  
12/28 04:52:00 - mmengine - INFO - Epoch(val) [20][3365/5488]    eta: 0:24:13  time: 3.1430  data_time: 0.0008  memory: 1411  
12/28 04:52:04 - mmengine - INFO - Epoch(val) [20][3370/5488]    eta: 0:24:10  time: 2.4635  data_time: 0.0007  memory: 1411  
12/28 04:52:13 - mmengine - INFO - Epoch(val) [20][3375/5488]    eta: 0:24:10  time: 1.3338  data_time: 0.0009  memory: 1411  
12/28 04:52:19 - mmengine - INFO - Epoch(val) [20][3380/5488]    eta: 0:24:08  time: 1.4785  data_time: 0.0008  memory: 1411  
12/28 04:52:28 - mmengine - INFO - Epoch(val) [20][3385/5488]    eta: 0:24:09  time: 1.5084  data_time: 0.0005  memory: 1411  
12/28 04:52:47 - mmengine - INFO - Epoch(val) [20][3390/5488]    eta: 0:24:14  time: 2.7654  data_time: 0.0006  memory: 1411  
12/28 04:52:57 - mmengine - INFO - Epoch(val) [20][3395/5488]    eta: 0:24:15  time: 2.8733  data_time: 0.0006  memory: 1411  
12/28 04:53:01 - mmengine - INFO - Epoch(val) [20][3400/5488]    eta: 0:24:12  time: 1.4654  data_time: 0.0005  memory: 1411  
12/28 04:53:19 - mmengine - INFO - Epoch(val) [20][3405/5488]    eta: 0:24:18  time: 2.2406  data_time: 0.0005  memory: 1411  
12/28 04:53:29 - mmengine - INFO - Epoch(val) [20][3410/5488]    eta: 0:24:18  time: 2.7828  data_time: 0.0005  memory: 1411  
12/28 04:53:34 - mmengine - INFO - Epoch(val) [20][3415/5488]    eta: 0:24:16  time: 1.5158  data_time: 0.0005  memory: 1411  
12/28 04:53:41 - mmengine - INFO - Epoch(val) [20][3420/5488]    eta: 0:24:14  time: 1.1716  data_time: 0.0005  memory: 1411  
12/28 04:53:47 - mmengine - INFO - Epoch(val) [20][3425/5488]    eta: 0:24:12  time: 1.2838  data_time: 0.0005  memory: 1411  
12/28 04:54:04 - mmengine - INFO - Epoch(val) [20][3430/5488]    eta: 0:24:16  time: 2.2943  data_time: 0.0005  memory: 1411  
12/28 04:54:10 - mmengine - INFO - Epoch(val) [20][3435/5488]    eta: 0:24:14  time: 2.2223  data_time: 0.0006  memory: 1411  
12/28 04:54:18 - mmengine - INFO - Epoch(val) [20][3440/5488]    eta: 0:24:13  time: 1.3643  data_time: 0.0005  memory: 1411  
12/28 04:54:24 - mmengine - INFO - Epoch(val) [20][3445/5488]    eta: 0:24:11  time: 1.4233  data_time: 0.0005  memory: 1411  
12/28 04:54:39 - mmengine - INFO - Epoch(val) [20][3450/5488]    eta: 0:24:15  time: 2.1678  data_time: 0.0005  memory: 1411  
12/28 04:54:54 - mmengine - INFO - Epoch(val) [20][3455/5488]    eta: 0:24:18  time: 2.9987  data_time: 0.0005  memory: 1411  
12/28 04:55:19 - mmengine - INFO - Epoch(val) [20][3460/5488]    eta: 0:24:26  time: 3.9537  data_time: 0.0005  memory: 1411  
12/28 04:55:34 - mmengine - INFO - Epoch(val) [20][3465/5488]    eta: 0:24:30  time: 4.0574  data_time: 0.0006  memory: 1411  
12/28 04:55:43 - mmengine - INFO - Epoch(val) [20][3470/5488]    eta: 0:24:29  time: 2.3764  data_time: 0.0006  memory: 1411  
12/28 04:55:53 - mmengine - INFO - Epoch(val) [20][3475/5488]    eta: 0:24:29  time: 1.8371  data_time: 0.0005  memory: 1411  
12/28 04:55:57 - mmengine - INFO - Epoch(val) [20][3480/5488]    eta: 0:24:26  time: 1.4939  data_time: 0.0005  memory: 1411  
12/28 04:56:10 - mmengine - INFO - Epoch(val) [20][3485/5488]    eta: 0:24:27  time: 1.7140  data_time: 0.0005  memory: 1411  
12/28 04:56:21 - mmengine - INFO - Epoch(val) [20][3490/5488]    eta: 0:24:28  time: 2.3406  data_time: 0.0005  memory: 1411  
12/28 04:56:27 - mmengine - INFO - Epoch(val) [20][3495/5488]    eta: 0:24:26  time: 1.7602  data_time: 0.0005  memory: 1411  
12/28 04:56:41 - mmengine - INFO - Epoch(val) [20][3500/5488]    eta: 0:24:28  time: 1.9801  data_time: 0.0005  memory: 1411  
12/28 04:56:52 - mmengine - INFO - Epoch(val) [20][3505/5488]    eta: 0:24:28  time: 2.4066  data_time: 0.0006  memory: 1411  
12/28 04:57:26 - mmengine - INFO - Epoch(val) [20][3510/5488]    eta: 0:24:42  time: 4.5388  data_time: 0.0006  memory: 1411  
12/28 04:57:34 - mmengine - INFO - Epoch(val) [20][3515/5488]    eta: 0:24:40  time: 4.2267  data_time: 0.0005  memory: 1411  
12/28 04:57:45 - mmengine - INFO - Epoch(val) [20][3520/5488]    eta: 0:24:41  time: 1.8848  data_time: 0.0005  memory: 1411  
12/28 04:58:23 - mmengine - INFO - Epoch(val) [20][3525/5488]    eta: 0:24:56  time: 4.9573  data_time: 0.0006  memory: 1411  
12/28 04:59:08 - mmengine - INFO - Epoch(val) [20][3530/5488]    eta: 0:25:15  time: 8.2671  data_time: 0.0006  memory: 1411  
12/28 04:59:15 - mmengine - INFO - Epoch(val) [20][3535/5488]    eta: 0:25:13  time: 5.1272  data_time: 0.0007  memory: 1411  
12/28 04:59:19 - mmengine - INFO - Epoch(val) [20][3540/5488]    eta: 0:25:09  time: 1.1349  data_time: 0.0006  memory: 1411  
12/28 04:59:51 - mmengine - INFO - Epoch(val) [20][3545/5488]    eta: 0:25:20  time: 3.6283  data_time: 0.0006  memory: 1411  
12/28 04:59:59 - mmengine - INFO - Epoch(val) [20][3550/5488]    eta: 0:25:19  time: 4.0508  data_time: 0.0005  memory: 1411  
12/28 05:00:06 - mmengine - INFO - Epoch(val) [20][3555/5488]    eta: 0:25:17  time: 1.5077  data_time: 0.0005  memory: 1411  
12/28 05:00:19 - mmengine - INFO - Epoch(val) [20][3560/5488]    eta: 0:25:18  time: 1.9424  data_time: 0.0005  memory: 1411  
12/28 05:00:27 - mmengine - INFO - Epoch(val) [20][3565/5488]    eta: 0:25:16  time: 2.1101  data_time: 0.0005  memory: 1411  
12/28 05:00:40 - mmengine - INFO - Epoch(val) [20][3570/5488]    eta: 0:25:17  time: 2.0689  data_time: 0.0006  memory: 1411  
12/28 05:01:12 - mmengine - INFO - Epoch(val) [20][3575/5488]    eta: 0:25:28  time: 4.4614  data_time: 0.0006  memory: 1411  
12/28 05:01:17 - mmengine - INFO - Epoch(val) [20][3580/5488]    eta: 0:25:24  time: 3.7197  data_time: 0.0005  memory: 1411  
12/28 05:01:24 - mmengine - INFO - Epoch(val) [20][3585/5488]    eta: 0:25:22  time: 1.2185  data_time: 0.0005  memory: 1411  
12/28 05:02:16 - mmengine - INFO - Epoch(val) [20][3590/5488]    eta: 0:25:43  time: 5.9264  data_time: 0.0006  memory: 1411  
12/28 05:02:25 - mmengine - INFO - Epoch(val) [20][3595/5488]    eta: 0:25:42  time: 6.1407  data_time: 0.0006  memory: 1411  
12/28 05:02:36 - mmengine - INFO - Epoch(val) [20][3600/5488]    eta: 0:25:41  time: 2.0005  data_time: 0.0005  memory: 1411  
12/28 05:02:47 - mmengine - INFO - Epoch(val) [20][3605/5488]    eta: 0:25:41  time: 2.1303  data_time: 0.0005  memory: 1411  
12/28 05:02:53 - mmengine - INFO - Epoch(val) [20][3610/5488]    eta: 0:25:38  time: 1.6896  data_time: 0.0005  memory: 1411  
12/28 05:03:07 - mmengine - INFO - Epoch(val) [20][3615/5488]    eta: 0:25:39  time: 1.9925  data_time: 0.0005  memory: 1411  
12/28 05:03:12 - mmengine - INFO - Epoch(val) [20][3620/5488]    eta: 0:25:35  time: 1.9150  data_time: 0.0006  memory: 1411  
12/28 05:03:21 - mmengine - INFO - Epoch(val) [20][3625/5488]    eta: 0:25:34  time: 1.4798  data_time: 0.0007  memory: 1411  
12/28 05:03:28 - mmengine - INFO - Epoch(val) [20][3630/5488]    eta: 0:25:31  time: 1.5705  data_time: 0.0006  memory: 1411  
12/28 05:03:41 - mmengine - INFO - Epoch(val) [20][3635/5488]    eta: 0:25:31  time: 1.9329  data_time: 0.0006  memory: 1411  
12/28 05:03:57 - mmengine - INFO - Epoch(val) [20][3640/5488]    eta: 0:25:33  time: 2.8978  data_time: 0.0006  memory: 1411  
12/28 05:04:07 - mmengine - INFO - Epoch(val) [20][3645/5488]    eta: 0:25:32  time: 2.6406  data_time: 0.0006  memory: 1411  
12/28 05:04:11 - mmengine - INFO - Epoch(val) [20][3650/5488]    eta: 0:25:28  time: 1.4516  data_time: 0.0005  memory: 1411  
12/28 05:04:15 - mmengine - INFO - Epoch(val) [20][3655/5488]    eta: 0:25:24  time: 0.8294  data_time: 0.0005  memory: 1411  
12/28 05:04:26 - mmengine - INFO - Epoch(val) [20][3660/5488]    eta: 0:25:23  time: 1.4673  data_time: 0.0006  memory: 1411  
12/28 05:04:48 - mmengine - INFO - Epoch(val) [20][3665/5488]    eta: 0:25:28  time: 3.2912  data_time: 0.0006  memory: 1411  
12/28 05:04:54 - mmengine - INFO - Epoch(val) [20][3670/5488]    eta: 0:25:24  time: 2.7602  data_time: 0.0006  memory: 1411  
12/28 05:05:18 - mmengine - INFO - Epoch(val) [20][3675/5488]    eta: 0:25:30  time: 2.9596  data_time: 0.0008  memory: 1411  
12/28 05:05:21 - mmengine - INFO - Epoch(val) [20][3680/5488]    eta: 0:25:25  time: 2.7281  data_time: 0.0008  memory: 1411  
12/28 05:05:33 - mmengine - INFO - Epoch(val) [20][3685/5488]    eta: 0:25:25  time: 1.5109  data_time: 0.0006  memory: 1411  
12/28 05:05:47 - mmengine - INFO - Epoch(val) [20][3690/5488]    eta: 0:25:25  time: 2.5700  data_time: 0.0005  memory: 1411  
12/28 05:06:01 - mmengine - INFO - Epoch(val) [20][3695/5488]    eta: 0:25:26  time: 2.8242  data_time: 0.0006  memory: 1411  
12/28 05:06:06 - mmengine - INFO - Epoch(val) [20][3700/5488]    eta: 0:25:22  time: 1.9643  data_time: 0.0007  memory: 1411  
12/28 05:06:26 - mmengine - INFO - Epoch(val) [20][3705/5488]    eta: 0:25:25  time: 2.4561  data_time: 0.0006  memory: 1411  
12/28 05:06:33 - mmengine - INFO - Epoch(val) [20][3710/5488]    eta: 0:25:22  time: 2.7169  data_time: 0.0006  memory: 1411  
12/28 05:06:41 - mmengine - INFO - Epoch(val) [20][3715/5488]    eta: 0:25:19  time: 1.4687  data_time: 0.0006  memory: 1411  
12/28 05:06:51 - mmengine - INFO - Epoch(val) [20][3720/5488]    eta: 0:25:18  time: 1.7287  data_time: 0.0006  memory: 1411  
12/28 05:06:57 - mmengine - INFO - Epoch(val) [20][3725/5488]    eta: 0:25:14  time: 1.6171  data_time: 0.0006  memory: 1411  
12/28 05:07:05 - mmengine - INFO - Epoch(val) [20][3730/5488]    eta: 0:25:12  time: 1.4569  data_time: 0.0005  memory: 1411  
12/28 05:07:16 - mmengine - INFO - Epoch(val) [20][3735/5488]    eta: 0:25:11  time: 1.9656  data_time: 0.0006  memory: 1411  
12/28 05:07:24 - mmengine - INFO - Epoch(val) [20][3740/5488]    eta: 0:25:08  time: 1.9237  data_time: 0.0006  memory: 1411  
12/28 05:07:29 - mmengine - INFO - Epoch(val) [20][3745/5488]    eta: 0:25:04  time: 1.2565  data_time: 0.0005  memory: 1411  
12/28 05:07:38 - mmengine - INFO - Epoch(val) [20][3750/5488]    eta: 0:25:02  time: 1.4030  data_time: 0.0005  memory: 1411  
12/28 05:07:48 - mmengine - INFO - Epoch(val) [20][3755/5488]    eta: 0:25:00  time: 1.9059  data_time: 0.0005  memory: 1411  
12/28 05:08:00 - mmengine - INFO - Epoch(val) [20][3760/5488]    eta: 0:25:00  time: 2.1570  data_time: 0.0008  memory: 1411  
12/28 05:08:03 - mmengine - INFO - Epoch(val) [20][3765/5488]    eta: 0:24:55  time: 1.5321  data_time: 0.0008  memory: 1411  
12/28 05:08:17 - mmengine - INFO - Epoch(val) [20][3770/5488]    eta: 0:24:55  time: 1.6911  data_time: 0.0005  memory: 1411  
12/28 05:08:30 - mmengine - INFO - Epoch(val) [20][3775/5488]    eta: 0:24:54  time: 2.6331  data_time: 0.0006  memory: 1411  
12/28 05:08:40 - mmengine - INFO - Epoch(val) [20][3780/5488]    eta: 0:24:53  time: 2.3531  data_time: 0.0006  memory: 1411  
12/28 05:08:49 - mmengine - INFO - Epoch(val) [20][3785/5488]    eta: 0:24:50  time: 1.9565  data_time: 0.0006  memory: 1411  
12/28 05:08:54 - mmengine - INFO - Epoch(val) [20][3790/5488]    eta: 0:24:46  time: 1.3732  data_time: 0.0005  memory: 1411  
12/28 05:09:17 - mmengine - INFO - Epoch(val) [20][3795/5488]    eta: 0:24:50  time: 2.7863  data_time: 0.0005  memory: 1411  
12/28 05:09:33 - mmengine - INFO - Epoch(val) [20][3800/5488]    eta: 0:24:51  time: 3.9010  data_time: 0.0005  memory: 1411  
12/28 05:09:51 - mmengine - INFO - Epoch(val) [20][3805/5488]    eta: 0:24:53  time: 3.4322  data_time: 0.0006  memory: 1411  
12/28 05:10:02 - mmengine - INFO - Epoch(val) [20][3810/5488]    eta: 0:24:51  time: 2.8828  data_time: 0.0006  memory: 1411  
12/28 05:10:09 - mmengine - INFO - Epoch(val) [20][3815/5488]    eta: 0:24:48  time: 1.7782  data_time: 0.0006  memory: 1411  
12/28 05:10:13 - mmengine - INFO - Epoch(val) [20][3820/5488]    eta: 0:24:43  time: 1.0984  data_time: 0.0005  memory: 1411  
12/28 05:10:21 - mmengine - INFO - Epoch(val) [20][3825/5488]    eta: 0:24:40  time: 1.2172  data_time: 0.0005  memory: 1411  
12/28 05:10:41 - mmengine - INFO - Epoch(val) [20][3830/5488]    eta: 0:24:42  time: 2.8026  data_time: 0.0005  memory: 1411  
12/28 05:10:51 - mmengine - INFO - Epoch(val) [20][3835/5488]    eta: 0:24:40  time: 2.9821  data_time: 0.0007  memory: 1411  
12/28 05:11:02 - mmengine - INFO - Epoch(val) [20][3840/5488]    eta: 0:24:38  time: 2.0884  data_time: 0.0007  memory: 1411  
12/28 05:11:15 - mmengine - INFO - Epoch(val) [20][3845/5488]    eta: 0:24:38  time: 2.3706  data_time: 0.0006  memory: 1411  
12/28 05:11:37 - mmengine - INFO - Epoch(val) [20][3850/5488]    eta: 0:24:41  time: 3.5409  data_time: 0.0006  memory: 1411  
12/28 05:11:48 - mmengine - INFO - Epoch(val) [20][3855/5488]    eta: 0:24:39  time: 3.2727  data_time: 0.0005  memory: 1411  
12/28 05:11:59 - mmengine - INFO - Epoch(val) [20][3860/5488]    eta: 0:24:37  time: 2.1681  data_time: 0.0005  memory: 1411  
12/28 05:13:00 - mmengine - INFO - Epoch(val) [20][3865/5488]    eta: 0:24:56  time: 7.2639  data_time: 0.0006  memory: 1411  
12/28 05:13:09 - mmengine - INFO - Epoch(val) [20][3870/5488]    eta: 0:24:53  time: 6.9828  data_time: 0.0007  memory: 1411  
12/28 05:13:12 - mmengine - INFO - Epoch(val) [20][3875/5488]    eta: 0:24:48  time: 1.1434  data_time: 0.0006  memory: 1411  
12/28 05:13:15 - mmengine - INFO - Epoch(val) [20][3880/5488]    eta: 0:24:43  time: 0.6472  data_time: 0.0005  memory: 1411  
12/28 05:13:20 - mmengine - INFO - Epoch(val) [20][3885/5488]    eta: 0:24:38  time: 0.8166  data_time: 0.0005  memory: 1411  
12/28 05:13:34 - mmengine - INFO - Epoch(val) [20][3890/5488]    eta: 0:24:38  time: 1.9097  data_time: 0.0005  memory: 1411  
12/28 05:13:47 - mmengine - INFO - Epoch(val) [20][3895/5488]    eta: 0:24:36  time: 2.7129  data_time: 0.0005  memory: 1411  
12/28 05:13:56 - mmengine - INFO - Epoch(val) [20][3900/5488]    eta: 0:24:34  time: 2.2034  data_time: 0.0006  memory: 1411  
12/28 05:14:02 - mmengine - INFO - Epoch(val) [20][3905/5488]    eta: 0:24:29  time: 1.4756  data_time: 0.0006  memory: 1411  
12/28 05:14:10 - mmengine - INFO - Epoch(val) [20][3910/5488]    eta: 0:24:26  time: 1.3331  data_time: 0.0005  memory: 1411  
12/28 05:14:22 - mmengine - INFO - Epoch(val) [20][3915/5488]    eta: 0:24:25  time: 2.0565  data_time: 0.0005  memory: 1411  
12/28 05:14:44 - mmengine - INFO - Epoch(val) [20][3920/5488]    eta: 0:24:27  time: 3.4020  data_time: 0.0005  memory: 1411  
12/28 05:15:03 - mmengine - INFO - Epoch(val) [20][3925/5488]    eta: 0:24:28  time: 4.0806  data_time: 0.0005  memory: 1411  
12/28 05:15:06 - mmengine - INFO - Epoch(val) [20][3930/5488]    eta: 0:24:22  time: 2.1830  data_time: 0.0005  memory: 1411  
12/28 05:15:15 - mmengine - INFO - Epoch(val) [20][3935/5488]    eta: 0:24:19  time: 1.1575  data_time: 0.0005  memory: 1411  
12/28 05:15:36 - mmengine - INFO - Epoch(val) [20][3940/5488]    eta: 0:24:21  time: 3.0760  data_time: 0.0006  memory: 1411  
12/28 05:16:06 - mmengine - INFO - Epoch(val) [20][3945/5488]    eta: 0:24:26  time: 5.1388  data_time: 0.0007  memory: 1411  
12/28 05:16:16 - mmengine - INFO - Epoch(val) [20][3950/5488]    eta: 0:24:24  time: 3.9474  data_time: 0.0006  memory: 1411  
12/28 05:16:24 - mmengine - INFO - Epoch(val) [20][3955/5488]    eta: 0:24:20  time: 1.7523  data_time: 0.0006  memory: 1411  
12/28 05:16:34 - mmengine - INFO - Epoch(val) [20][3960/5488]    eta: 0:24:17  time: 1.7835  data_time: 0.0005  memory: 1411  
12/28 05:16:41 - mmengine - INFO - Epoch(val) [20][3965/5488]    eta: 0:24:13  time: 1.7637  data_time: 0.0005  memory: 1411  
12/28 05:16:50 - mmengine - INFO - Epoch(val) [20][3970/5488]    eta: 0:24:10  time: 1.6443  data_time: 0.0006  memory: 1411  
12/28 05:17:00 - mmengine - INFO - Epoch(val) [20][3975/5488]    eta: 0:24:07  time: 1.8737  data_time: 0.0006  memory: 1411  
12/28 05:17:22 - mmengine - INFO - Epoch(val) [20][3980/5488]    eta: 0:24:09  time: 3.1496  data_time: 0.0006  memory: 1411  
12/28 05:17:26 - mmengine - INFO - Epoch(val) [20][3985/5488]    eta: 0:24:04  time: 2.6228  data_time: 0.0005  memory: 1411  
12/28 05:17:31 - mmengine - INFO - Epoch(val) [20][3990/5488]    eta: 0:23:59  time: 0.9076  data_time: 0.0005  memory: 1411  
12/28 05:17:38 - mmengine - INFO - Epoch(val) [20][3995/5488]    eta: 0:23:55  time: 1.1308  data_time: 0.0005  memory: 1411  
12/28 05:17:50 - mmengine - INFO - Epoch(val) [20][4000/5488]    eta: 0:23:53  time: 1.9587  data_time: 0.0005  memory: 1411  
12/28 05:19:04 - mmengine - INFO - Epoch(val) [20][4005/5488]    eta: 0:24:14  time: 8.6133  data_time: 0.0006  memory: 1411  
12/28 05:19:16 - mmengine - INFO - Epoch(val) [20][4010/5488]    eta: 0:24:12  time: 8.5523  data_time: 0.0006  memory: 1411  
12/28 05:19:26 - mmengine - INFO - Epoch(val) [20][4015/5488]    eta: 0:24:09  time: 2.2043  data_time: 0.0006  memory: 1411  
12/28 05:19:29 - mmengine - INFO - Epoch(val) [20][4020/5488]    eta: 0:24:03  time: 1.2710  data_time: 0.0005  memory: 1411  
12/28 05:19:47 - mmengine - INFO - Epoch(val) [20][4025/5488]    eta: 0:24:03  time: 2.1443  data_time: 0.0006  memory: 1411  
12/28 05:19:53 - mmengine - INFO - Epoch(val) [20][4030/5488]    eta: 0:23:58  time: 2.4715  data_time: 0.0006  memory: 1411  
12/28 05:20:00 - mmengine - INFO - Epoch(val) [20][4035/5488]    eta: 0:23:54  time: 1.2929  data_time: 0.0005  memory: 1411  
12/28 05:20:22 - mmengine - INFO - Epoch(val) [20][4040/5488]    eta: 0:23:55  time: 2.8548  data_time: 0.0005  memory: 1411  
12/28 05:20:27 - mmengine - INFO - Epoch(val) [20][4045/5488]    eta: 0:23:50  time: 2.6844  data_time: 0.0005  memory: 1411  
12/28 05:20:31 - mmengine - INFO - Epoch(val) [20][4050/5488]    eta: 0:23:45  time: 0.9625  data_time: 0.0005  memory: 1411  
12/28 05:20:46 - mmengine - INFO - Epoch(val) [20][4055/5488]    eta: 0:23:44  time: 1.8757  data_time: 0.0005  memory: 1411  
12/28 05:20:53 - mmengine - INFO - Epoch(val) [20][4060/5488]    eta: 0:23:40  time: 2.1897  data_time: 0.0006  memory: 1411  
12/28 05:21:17 - mmengine - INFO - Epoch(val) [20][4065/5488]    eta: 0:23:41  time: 3.1054  data_time: 0.0006  memory: 1411  
12/28 05:21:37 - mmengine - INFO - Epoch(val) [20][4070/5488]    eta: 0:23:41  time: 4.3412  data_time: 0.0006  memory: 1411  
12/28 05:21:42 - mmengine - INFO - Epoch(val) [20][4075/5488]    eta: 0:23:36  time: 2.4874  data_time: 0.0005  memory: 1411  
12/28 05:21:53 - mmengine - INFO - Epoch(val) [20][4080/5488]    eta: 0:23:33  time: 1.5755  data_time: 0.0006  memory: 1411  
12/28 05:22:12 - mmengine - INFO - Epoch(val) [20][4085/5488]    eta: 0:23:33  time: 3.0432  data_time: 0.0006  memory: 1411  
12/28 05:22:18 - mmengine - INFO - Epoch(val) [20][4090/5488]    eta: 0:23:28  time: 2.5070  data_time: 0.0006  memory: 1411  
12/28 05:22:38 - mmengine - INFO - Epoch(val) [20][4095/5488]    eta: 0:23:28  time: 2.5910  data_time: 0.0008  memory: 1411  
12/28 05:22:46 - mmengine - INFO - Epoch(val) [20][4100/5488]    eta: 0:23:25  time: 2.8846  data_time: 0.0007  memory: 1411  
12/28 05:22:58 - mmengine - INFO - Epoch(val) [20][4105/5488]    eta: 0:23:22  time: 1.9649  data_time: 0.0005  memory: 1411  
12/28 05:23:11 - mmengine - INFO - Epoch(val) [20][4110/5488]    eta: 0:23:19  time: 2.4627  data_time: 0.0005  memory: 1411  
12/28 05:23:18 - mmengine - INFO - Epoch(val) [20][4115/5488]    eta: 0:23:15  time: 2.0604  data_time: 0.0007  memory: 1411  
12/28 05:23:31 - mmengine - INFO - Epoch(val) [20][4120/5488]    eta: 0:23:12  time: 1.9723  data_time: 0.0006  memory: 1411  
12/28 05:23:41 - mmengine - INFO - Epoch(val) [20][4125/5488]    eta: 0:23:09  time: 2.3241  data_time: 0.0006  memory: 1411  
12/28 05:23:50 - mmengine - INFO - Epoch(val) [20][4130/5488]    eta: 0:23:05  time: 1.9598  data_time: 0.0006  memory: 1411  
12/28 05:24:10 - mmengine - INFO - Epoch(val) [20][4135/5488]    eta: 0:23:05  time: 2.8819  data_time: 0.0006  memory: 1411  
12/28 05:24:24 - mmengine - INFO - Epoch(val) [20][4140/5488]    eta: 0:23:03  time: 3.3204  data_time: 0.0006  memory: 1411  
12/28 05:24:36 - mmengine - INFO - Epoch(val) [20][4145/5488]    eta: 0:23:00  time: 2.5659  data_time: 0.0006  memory: 1411  
12/28 05:24:44 - mmengine - INFO - Epoch(val) [20][4150/5488]    eta: 0:22:56  time: 2.0784  data_time: 0.0006  memory: 1411  
12/28 05:24:56 - mmengine - INFO - Epoch(val) [20][4155/5488]    eta: 0:22:52  time: 1.9618  data_time: 0.0006  memory: 1411  
12/28 05:24:59 - mmengine - INFO - Epoch(val) [20][4160/5488]    eta: 0:22:47  time: 1.5003  data_time: 0.0006  memory: 1411  
12/28 05:25:34 - mmengine - INFO - Epoch(val) [20][4165/5488]    eta: 0:22:51  time: 3.8509  data_time: 0.0006  memory: 1411  
12/28 05:25:41 - mmengine - INFO - Epoch(val) [20][4170/5488]    eta: 0:22:46  time: 4.1459  data_time: 0.0006  memory: 1411  
12/28 05:25:55 - mmengine - INFO - Epoch(val) [20][4175/5488]    eta: 0:22:44  time: 2.1059  data_time: 0.0006  memory: 1411  
12/28 05:26:05 - mmengine - INFO - Epoch(val) [20][4180/5488]    eta: 0:22:40  time: 2.4031  data_time: 0.0006  memory: 1411  
12/28 05:26:26 - mmengine - INFO - Epoch(val) [20][4185/5488]    eta: 0:22:40  time: 3.1065  data_time: 0.0006  memory: 1411  
12/28 05:26:36 - mmengine - INFO - Epoch(val) [20][4190/5488]    eta: 0:22:36  time: 3.0717  data_time: 0.0006  memory: 1411  
12/28 05:26:44 - mmengine - INFO - Epoch(val) [20][4195/5488]    eta: 0:22:32  time: 1.7942  data_time: 0.0005  memory: 1411  
12/28 05:27:06 - mmengine - INFO - Epoch(val) [20][4200/5488]    eta: 0:22:32  time: 3.0445  data_time: 0.0005  memory: 1411  
12/28 05:27:12 - mmengine - INFO - Epoch(val) [20][4205/5488]    eta: 0:22:27  time: 2.8207  data_time: 0.0005  memory: 1411  
12/28 05:27:19 - mmengine - INFO - Epoch(val) [20][4210/5488]    eta: 0:22:22  time: 1.2502  data_time: 0.0006  memory: 1411  
12/28 05:27:27 - mmengine - INFO - Epoch(val) [20][4215/5488]    eta: 0:22:18  time: 1.5093  data_time: 0.0006  memory: 1411  
12/28 05:27:50 - mmengine - INFO - Epoch(val) [20][4220/5488]    eta: 0:22:18  time: 3.1417  data_time: 0.0005  memory: 1411  
12/28 05:28:05 - mmengine - INFO - Epoch(val) [20][4225/5488]    eta: 0:22:15  time: 3.7533  data_time: 0.0005  memory: 1411  
12/28 05:28:11 - mmengine - INFO - Epoch(val) [20][4230/5488]    eta: 0:22:10  time: 2.0819  data_time: 0.0006  memory: 1411  
12/28 05:28:19 - mmengine - INFO - Epoch(val) [20][4235/5488]    eta: 0:22:06  time: 1.3592  data_time: 0.0006  memory: 1411  
12/28 05:28:47 - mmengine - INFO - Epoch(val) [20][4240/5488]    eta: 0:22:07  time: 3.6342  data_time: 0.0006  memory: 1411  
12/28 05:28:53 - mmengine - INFO - Epoch(val) [20][4245/5488]    eta: 0:22:02  time: 3.3992  data_time: 0.0006  memory: 1411  
12/28 05:29:00 - mmengine - INFO - Epoch(val) [20][4250/5488]    eta: 0:21:57  time: 1.2915  data_time: 0.0005  memory: 1411  
12/28 05:29:15 - mmengine - INFO - Epoch(val) [20][4255/5488]    eta: 0:21:55  time: 2.2497  data_time: 0.0005  memory: 1411  
12/28 05:29:22 - mmengine - INFO - Epoch(val) [20][4260/5488]    eta: 0:21:50  time: 2.1556  data_time: 0.0005  memory: 1411  
12/28 05:29:29 - mmengine - INFO - Epoch(val) [20][4265/5488]    eta: 0:21:45  time: 1.4421  data_time: 0.0006  memory: 1411  
12/28 05:29:39 - mmengine - INFO - Epoch(val) [20][4270/5488]    eta: 0:21:41  time: 1.7765  data_time: 0.0005  memory: 1411  
12/28 05:29:44 - mmengine - INFO - Epoch(val) [20][4275/5488]    eta: 0:21:36  time: 1.4493  data_time: 0.0005  memory: 1411  
12/28 05:29:48 - mmengine - INFO - Epoch(val) [20][4280/5488]    eta: 0:21:30  time: 0.9052  data_time: 0.0005  memory: 1411  
12/28 05:30:07 - mmengine - INFO - Epoch(val) [20][4285/5488]    eta: 0:21:28  time: 2.2825  data_time: 0.0005  memory: 1411  
12/28 05:30:20 - mmengine - INFO - Epoch(val) [20][4290/5488]    eta: 0:21:25  time: 3.1829  data_time: 0.0005  memory: 1411  
12/28 05:30:29 - mmengine - INFO - Epoch(val) [20][4295/5488]    eta: 0:21:21  time: 2.1832  data_time: 0.0005  memory: 1411  
12/28 05:30:35 - mmengine - INFO - Epoch(val) [20][4300/5488]    eta: 0:21:16  time: 1.5131  data_time: 0.0005  memory: 1411  
12/28 05:30:57 - mmengine - INFO - Epoch(val) [20][4305/5488]    eta: 0:21:15  time: 2.8665  data_time: 0.0005  memory: 1411  
12/28 05:31:26 - mmengine - INFO - Epoch(val) [20][4310/5488]    eta: 0:21:16  time: 5.0659  data_time: 0.0006  memory: 1411  
12/28 05:31:38 - mmengine - INFO - Epoch(val) [20][4315/5488]    eta: 0:21:12  time: 4.0904  data_time: 0.0006  memory: 1411  
12/28 05:31:45 - mmengine - INFO - Epoch(val) [20][4320/5488]    eta: 0:21:07  time: 1.9005  data_time: 0.0005  memory: 1411  
12/28 05:31:56 - mmengine - INFO - Epoch(val) [20][4325/5488]    eta: 0:21:03  time: 1.8054  data_time: 0.0005  memory: 1411  
12/28 05:32:04 - mmengine - INFO - Epoch(val) [20][4330/5488]    eta: 0:20:59  time: 1.8672  data_time: 0.0005  memory: 1411  
12/28 05:33:04 - mmengine - INFO - Epoch(val) [20][4335/5488]    eta: 0:21:08  time: 6.7480  data_time: 0.0006  memory: 1411  
12/28 05:33:25 - mmengine - INFO - Epoch(val) [20][4340/5488]    eta: 0:21:06  time: 8.1430  data_time: 0.0008  memory: 1411  
12/28 05:33:34 - mmengine - INFO - Epoch(val) [20][4345/5488]    eta: 0:21:02  time: 2.9858  data_time: 0.0008  memory: 1411  
12/28 05:33:53 - mmengine - INFO - Epoch(val) [20][4350/5488]    eta: 0:21:00  time: 2.7896  data_time: 0.0006  memory: 1411  
12/28 05:34:05 - mmengine - INFO - Epoch(val) [20][4355/5488]    eta: 0:20:56  time: 3.1007  data_time: 0.0006  memory: 1411  
12/28 05:34:33 - mmengine - INFO - Epoch(val) [20][4360/5488]    eta: 0:20:56  time: 3.9813  data_time: 0.0006  memory: 1411  
12/28 05:34:42 - mmengine - INFO - Epoch(val) [20][4365/5488]    eta: 0:20:51  time: 3.6972  data_time: 0.0005  memory: 1411  
12/28 05:34:46 - mmengine - INFO - Epoch(val) [20][4370/5488]    eta: 0:20:45  time: 1.2757  data_time: 0.0005  memory: 1411  
12/28 05:34:51 - mmengine - INFO - Epoch(val) [20][4375/5488]    eta: 0:20:40  time: 0.9086  data_time: 0.0005  memory: 1411  
12/28 05:34:56 - mmengine - INFO - Epoch(val) [20][4380/5488]    eta: 0:20:34  time: 1.0680  data_time: 0.0005  memory: 1411  
12/28 05:35:20 - mmengine - INFO - Epoch(val) [20][4385/5488]    eta: 0:20:33  time: 2.9826  data_time: 0.0005  memory: 1411  
12/28 05:35:28 - mmengine - INFO - Epoch(val) [20][4390/5488]    eta: 0:20:28  time: 3.1591  data_time: 0.0005  memory: 1411  
12/28 05:35:35 - mmengine - INFO - Epoch(val) [20][4395/5488]    eta: 0:20:23  time: 1.4462  data_time: 0.0005  memory: 1411  
12/28 05:35:55 - mmengine - INFO - Epoch(val) [20][4400/5488]    eta: 0:20:21  time: 2.7249  data_time: 0.0005  memory: 1411  
12/28 05:36:23 - mmengine - INFO - Epoch(val) [20][4405/5488]    eta: 0:20:21  time: 4.8509  data_time: 0.0006  memory: 1411  
12/28 05:36:42 - mmengine - INFO - Epoch(val) [20][4410/5488]    eta: 0:20:18  time: 4.7143  data_time: 0.0007  memory: 1411  
12/28 05:36:51 - mmengine - INFO - Epoch(val) [20][4415/5488]    eta: 0:20:13  time: 2.7097  data_time: 0.0006  memory: 1411  
12/28 05:36:55 - mmengine - INFO - Epoch(val) [20][4420/5488]    eta: 0:20:07  time: 1.2429  data_time: 0.0005  memory: 1411  
12/28 05:37:00 - mmengine - INFO - Epoch(val) [20][4425/5488]    eta: 0:20:01  time: 0.8993  data_time: 0.0005  memory: 1411  
12/28 05:37:10 - mmengine - INFO - Epoch(val) [20][4430/5488]    eta: 0:19:57  time: 1.4744  data_time: 0.0005  memory: 1411  
12/28 05:37:19 - mmengine - INFO - Epoch(val) [20][4435/5488]    eta: 0:19:52  time: 1.9152  data_time: 0.0005  memory: 1411  
12/28 05:37:34 - mmengine - INFO - Epoch(val) [20][4440/5488]    eta: 0:19:49  time: 2.4258  data_time: 0.0006  memory: 1411  
12/28 05:37:48 - mmengine - INFO - Epoch(val) [20][4445/5488]    eta: 0:19:45  time: 2.9228  data_time: 0.0006  memory: 1411  
12/28 05:37:55 - mmengine - INFO - Epoch(val) [20][4450/5488]    eta: 0:19:40  time: 2.1287  data_time: 0.0006  memory: 1411  
12/28 05:38:06 - mmengine - INFO - Epoch(val) [20][4455/5488]    eta: 0:19:35  time: 1.8158  data_time: 0.0005  memory: 1411  
12/28 05:39:06 - mmengine - INFO - Epoch(val) [20][4460/5488]    eta: 0:19:42  time: 7.1192  data_time: 0.0006  memory: 1411  
12/28 05:39:26 - mmengine - INFO - Epoch(val) [20][4465/5488]    eta: 0:19:39  time: 7.9482  data_time: 0.0006  memory: 1411  
12/28 05:39:33 - mmengine - INFO - Epoch(val) [20][4470/5488]    eta: 0:19:34  time: 2.6251  data_time: 0.0006  memory: 1411  
12/28 05:39:56 - mmengine - INFO - Epoch(val) [20][4475/5488]    eta: 0:19:32  time: 3.0495  data_time: 0.0005  memory: 1411  
12/28 05:40:09 - mmengine - INFO - Epoch(val) [20][4480/5488]    eta: 0:19:28  time: 3.6143  data_time: 0.0006  memory: 1411  
12/28 05:40:16 - mmengine - INFO - Epoch(val) [20][4485/5488]    eta: 0:19:22  time: 1.9895  data_time: 0.0006  memory: 1411  
12/28 05:40:31 - mmengine - INFO - Epoch(val) [20][4490/5488]    eta: 0:19:19  time: 2.1861  data_time: 0.0005  memory: 1411  
12/28 05:40:44 - mmengine - INFO - Epoch(val) [20][4495/5488]    eta: 0:19:15  time: 2.8442  data_time: 0.0005  memory: 1411  
12/28 05:40:55 - mmengine - INFO - Epoch(val) [20][4500/5488]    eta: 0:19:10  time: 2.4646  data_time: 0.0005  memory: 1411  
12/28 05:41:05 - mmengine - INFO - Epoch(val) [20][4505/5488]    eta: 0:19:05  time: 2.1012  data_time: 0.0005  memory: 1411  
12/28 05:41:13 - mmengine - INFO - Epoch(val) [20][4510/5488]    eta: 0:18:59  time: 1.7642  data_time: 0.0005  memory: 1411  
12/28 05:41:19 - mmengine - INFO - Epoch(val) [20][4515/5488]    eta: 0:18:54  time: 1.3347  data_time: 0.0005  memory: 1411  
12/28 05:41:28 - mmengine - INFO - Epoch(val) [20][4520/5488]    eta: 0:18:49  time: 1.5572  data_time: 0.0005  memory: 1411  
12/28 05:41:43 - mmengine - INFO - Epoch(val) [20][4525/5488]    eta: 0:18:45  time: 2.4139  data_time: 0.0006  memory: 1411  
12/28 05:41:52 - mmengine - INFO - Epoch(val) [20][4530/5488]    eta: 0:18:39  time: 2.3560  data_time: 0.0006  memory: 1411  
12/28 05:42:05 - mmengine - INFO - Epoch(val) [20][4535/5488]    eta: 0:18:35  time: 2.1984  data_time: 0.0007  memory: 1411  
12/28 05:42:18 - mmengine - INFO - Epoch(val) [20][4540/5488]    eta: 0:18:31  time: 2.6253  data_time: 0.0007  memory: 1411  
12/28 05:42:26 - mmengine - INFO - Epoch(val) [20][4545/5488]    eta: 0:18:25  time: 2.0974  data_time: 0.0005  memory: 1411  
12/28 05:42:31 - mmengine - INFO - Epoch(val) [20][4550/5488]    eta: 0:18:19  time: 1.2550  data_time: 0.0005  memory: 1411  
12/28 05:42:47 - mmengine - INFO - Epoch(val) [20][4555/5488]    eta: 0:18:15  time: 2.0706  data_time: 0.0005  memory: 1411  
12/28 05:42:52 - mmengine - INFO - Epoch(val) [20][4560/5488]    eta: 0:18:10  time: 2.1515  data_time: 0.0006  memory: 1411  
12/28 05:42:55 - mmengine - INFO - Epoch(val) [20][4565/5488]    eta: 0:18:03  time: 0.8172  data_time: 0.0005  memory: 1411  
12/28 05:43:02 - mmengine - INFO - Epoch(val) [20][4570/5488]    eta: 0:17:57  time: 0.9954  data_time: 0.0005  memory: 1411  
12/28 05:43:19 - mmengine - INFO - Epoch(val) [20][4575/5488]    eta: 0:17:54  time: 2.4724  data_time: 0.0005  memory: 1411  
12/28 05:43:25 - mmengine - INFO - Epoch(val) [20][4580/5488]    eta: 0:17:48  time: 2.2328  data_time: 0.0005  memory: 1411  
12/28 05:43:36 - mmengine - INFO - Epoch(val) [20][4585/5488]    eta: 0:17:43  time: 1.6260  data_time: 0.0005  memory: 1411  
12/28 05:43:44 - mmengine - INFO - Epoch(val) [20][4590/5488]    eta: 0:17:38  time: 1.9861  data_time: 0.0005  memory: 1411  
12/28 05:43:49 - mmengine - INFO - Epoch(val) [20][4595/5488]    eta: 0:17:31  time: 1.3352  data_time: 0.0006  memory: 1411  
12/28 05:43:55 - mmengine - INFO - Epoch(val) [20][4600/5488]    eta: 0:17:26  time: 1.0660  data_time: 0.0006  memory: 1411  
12/28 05:44:08 - mmengine - INFO - Epoch(val) [20][4605/5488]    eta: 0:17:21  time: 1.9092  data_time: 0.0006  memory: 1411  
12/28 05:44:12 - mmengine - INFO - Epoch(val) [20][4610/5488]    eta: 0:17:15  time: 1.7392  data_time: 0.0006  memory: 1411  
12/28 05:44:35 - mmengine - INFO - Epoch(val) [20][4615/5488]    eta: 0:17:12  time: 2.7229  data_time: 0.0005  memory: 1411  
12/28 05:44:40 - mmengine - INFO - Epoch(val) [20][4620/5488]    eta: 0:17:06  time: 2.7949  data_time: 0.0005  memory: 1411  
12/28 05:44:49 - mmengine - INFO - Epoch(val) [20][4625/5488]    eta: 0:17:01  time: 1.3244  data_time: 0.0005  memory: 1411  
12/28 05:45:01 - mmengine - INFO - Epoch(val) [20][4630/5488]    eta: 0:16:56  time: 2.0734  data_time: 0.0005  memory: 1411  
12/28 05:45:07 - mmengine - INFO - Epoch(val) [20][4635/5488]    eta: 0:16:50  time: 1.8444  data_time: 0.0005  memory: 1411  
12/28 05:45:13 - mmengine - INFO - Epoch(val) [20][4640/5488]    eta: 0:16:44  time: 1.1896  data_time: 0.0005  memory: 1411  
12/28 05:45:28 - mmengine - INFO - Epoch(val) [20][4645/5488]    eta: 0:16:40  time: 2.1088  data_time: 0.0005  memory: 1411  
12/28 05:45:36 - mmengine - INFO - Epoch(val) [20][4650/5488]    eta: 0:16:34  time: 2.2514  data_time: 0.0005  memory: 1411  
12/28 05:45:43 - mmengine - INFO - Epoch(val) [20][4655/5488]    eta: 0:16:28  time: 1.4357  data_time: 0.0005  memory: 1411  
12/28 05:45:53 - mmengine - INFO - Epoch(val) [20][4660/5488]    eta: 0:16:23  time: 1.7695  data_time: 0.0005  memory: 1411  
12/28 05:46:00 - mmengine - INFO - Epoch(val) [20][4665/5488]    eta: 0:16:18  time: 1.7207  data_time: 0.0005  memory: 1411  
12/28 05:46:21 - mmengine - INFO - Epoch(val) [20][4670/5488]    eta: 0:16:14  time: 2.7693  data_time: 0.0005  memory: 1411  
12/28 05:46:28 - mmengine - INFO - Epoch(val) [20][4675/5488]    eta: 0:16:08  time: 2.7885  data_time: 0.0005  memory: 1411  
12/28 05:46:33 - mmengine - INFO - Epoch(val) [20][4680/5488]    eta: 0:16:02  time: 1.2536  data_time: 0.0006  memory: 1411  
12/28 05:46:43 - mmengine - INFO - Epoch(val) [20][4685/5488]    eta: 0:15:57  time: 1.5144  data_time: 0.0005  memory: 1411  
12/28 05:46:47 - mmengine - INFO - Epoch(val) [20][4690/5488]    eta: 0:15:51  time: 1.3154  data_time: 0.0005  memory: 1411  
12/28 05:46:56 - mmengine - INFO - Epoch(val) [20][4695/5488]    eta: 0:15:45  time: 1.3221  data_time: 0.0005  memory: 1411  
12/28 05:47:06 - mmengine - INFO - Epoch(val) [20][4700/5488]    eta: 0:15:40  time: 1.9644  data_time: 0.0005  memory: 1411  
12/28 05:47:24 - mmengine - INFO - Epoch(val) [20][4705/5488]    eta: 0:15:36  time: 2.8099  data_time: 0.0005  memory: 1411  
12/28 05:47:29 - mmengine - INFO - Epoch(val) [20][4710/5488]    eta: 0:15:30  time: 2.2980  data_time: 0.0005  memory: 1411  
12/28 05:47:37 - mmengine - INFO - Epoch(val) [20][4715/5488]    eta: 0:15:24  time: 1.3327  data_time: 0.0005  memory: 1411  
12/28 05:47:43 - mmengine - INFO - Epoch(val) [20][4720/5488]    eta: 0:15:18  time: 1.3781  data_time: 0.0005  memory: 1411  
12/28 05:47:49 - mmengine - INFO - Epoch(val) [20][4725/5488]    eta: 0:15:12  time: 1.1748  data_time: 0.0005  memory: 1411  
12/28 05:47:59 - mmengine - INFO - Epoch(val) [20][4730/5488]    eta: 0:15:07  time: 1.6392  data_time: 0.0005  memory: 1411  
12/28 05:48:12 - mmengine - INFO - Epoch(val) [20][4735/5488]    eta: 0:15:02  time: 2.3103  data_time: 0.0006  memory: 1411  
12/28 05:49:03 - mmengine - INFO - Epoch(val) [20][4740/5488]    eta: 0:15:03  time: 6.3667  data_time: 0.0006  memory: 1411  
12/28 05:49:15 - mmengine - INFO - Epoch(val) [20][4745/5488]    eta: 0:14:58  time: 6.3033  data_time: 0.0006  memory: 1411  
12/28 05:49:24 - mmengine - INFO - Epoch(val) [20][4750/5488]    eta: 0:14:52  time: 2.0421  data_time: 0.0005  memory: 1411  
12/28 05:49:39 - mmengine - INFO - Epoch(val) [20][4755/5488]    eta: 0:14:48  time: 2.3730  data_time: 0.0005  memory: 1411  
12/28 05:49:53 - mmengine - INFO - Epoch(val) [20][4760/5488]    eta: 0:14:43  time: 2.9755  data_time: 0.0006  memory: 1411  
12/28 05:49:59 - mmengine - INFO - Epoch(val) [20][4765/5488]    eta: 0:14:37  time: 2.0362  data_time: 0.0005  memory: 1411  
12/28 05:50:04 - mmengine - INFO - Epoch(val) [20][4770/5488]    eta: 0:14:31  time: 1.0329  data_time: 0.0005  memory: 1411  
12/28 05:50:07 - mmengine - INFO - Epoch(val) [20][4775/5488]    eta: 0:14:24  time: 0.8003  data_time: 0.0005  memory: 1411  
12/28 05:50:13 - mmengine - INFO - Epoch(val) [20][4780/5488]    eta: 0:14:18  time: 0.9056  data_time: 0.0005  memory: 1411  
12/28 05:50:17 - mmengine - INFO - Epoch(val) [20][4785/5488]    eta: 0:14:12  time: 0.9914  data_time: 0.0005  memory: 1411  
12/28 05:50:39 - mmengine - INFO - Epoch(val) [20][4790/5488]    eta: 0:14:08  time: 2.6514  data_time: 0.0005  memory: 1411  
12/28 05:50:53 - mmengine - INFO - Epoch(val) [20][4795/5488]    eta: 0:14:03  time: 3.6130  data_time: 0.0006  memory: 1411  
12/28 05:51:00 - mmengine - INFO - Epoch(val) [20][4800/5488]    eta: 0:13:57  time: 2.1066  data_time: 0.0005  memory: 1411  
12/28 05:51:35 - mmengine - INFO - Epoch(val) [20][4805/5488]    eta: 0:13:55  time: 4.2000  data_time: 0.0005  memory: 1411  
12/28 05:53:14 - mmengine - INFO - Epoch(val) [20][4810/5488]    eta: 0:14:02  time: 13.3791  data_time: 0.0005  memory: 1411  
12/28 05:53:41 - mmengine - INFO - Epoch(val) [20][4815/5488]    eta: 0:13:59  time: 12.5091  data_time: 0.0008  memory: 1411  
12/28 05:53:44 - mmengine - INFO - Epoch(val) [20][4820/5488]    eta: 0:13:52  time: 3.0192  data_time: 0.0008  memory: 1411  
12/28 05:54:03 - mmengine - INFO - Epoch(val) [20][4825/5488]    eta: 0:13:48  time: 2.2875  data_time: 0.0005  memory: 1411  
12/28 05:54:18 - mmengine - INFO - Epoch(val) [20][4830/5488]    eta: 0:13:43  time: 3.4150  data_time: 0.0005  memory: 1411  
12/28 05:54:34 - mmengine - INFO - Epoch(val) [20][4835/5488]    eta: 0:13:38  time: 3.0551  data_time: 0.0006  memory: 1411  
12/28 05:54:37 - mmengine - INFO - Epoch(val) [20][4840/5488]    eta: 0:13:31  time: 1.8456  data_time: 0.0005  memory: 1411  
12/28 05:54:46 - mmengine - INFO - Epoch(val) [20][4845/5488]    eta: 0:13:25  time: 1.1611  data_time: 0.0005  memory: 1411  
12/28 05:54:54 - mmengine - INFO - Epoch(val) [20][4850/5488]    eta: 0:13:19  time: 1.7312  data_time: 0.0005  memory: 1411  
12/28 05:55:23 - mmengine - INFO - Epoch(val) [20][4855/5488]    eta: 0:13:16  time: 3.7793  data_time: 0.0006  memory: 1411  
12/28 05:55:42 - mmengine - INFO - Epoch(val) [20][4860/5488]    eta: 0:13:11  time: 4.8169  data_time: 0.0008  memory: 1411  
12/28 05:55:47 - mmengine - INFO - Epoch(val) [20][4865/5488]    eta: 0:13:05  time: 2.3681  data_time: 0.0007  memory: 1411  
12/28 05:56:00 - mmengine - INFO - Epoch(val) [20][4870/5488]    eta: 0:12:59  time: 1.7434  data_time: 0.0006  memory: 1411  
12/28 05:56:04 - mmengine - INFO - Epoch(val) [20][4875/5488]    eta: 0:12:53  time: 1.6460  data_time: 0.0006  memory: 1411  
12/28 05:56:08 - mmengine - INFO - Epoch(val) [20][4880/5488]    eta: 0:12:46  time: 0.8332  data_time: 0.0005  memory: 1411  
12/28 05:56:24 - mmengine - INFO - Epoch(val) [20][4885/5488]    eta: 0:12:41  time: 2.0915  data_time: 0.0006  memory: 1411  
12/28 05:56:41 - mmengine - INFO - Epoch(val) [20][4890/5488]    eta: 0:12:36  time: 3.3253  data_time: 0.0006  memory: 1411  
12/28 05:56:50 - mmengine - INFO - Epoch(val) [20][4895/5488]    eta: 0:12:30  time: 2.5179  data_time: 0.0005  memory: 1411  
12/28 05:57:00 - mmengine - INFO - Epoch(val) [20][4900/5488]    eta: 0:12:24  time: 1.8175  data_time: 0.0005  memory: 1411  
12/28 05:57:08 - mmengine - INFO - Epoch(val) [20][4905/5488]    eta: 0:12:18  time: 1.8693  data_time: 0.0007  memory: 1411  
12/28 05:57:32 - mmengine - INFO - Epoch(val) [20][4910/5488]    eta: 0:12:14  time: 3.2713  data_time: 0.0007  memory: 1411  
12/28 05:57:52 - mmengine - INFO - Epoch(val) [20][4915/5488]    eta: 0:12:09  time: 4.3824  data_time: 0.0006  memory: 1411  
12/28 05:58:08 - mmengine - INFO - Epoch(val) [20][4920/5488]    eta: 0:12:04  time: 3.5889  data_time: 0.0007  memory: 1411  
12/28 05:58:19 - mmengine - INFO - Epoch(val) [20][4925/5488]    eta: 0:11:58  time: 2.6366  data_time: 0.0006  memory: 1411  
12/28 05:58:30 - mmengine - INFO - Epoch(val) [20][4930/5488]    eta: 0:11:52  time: 2.1741  data_time: 0.0005  memory: 1411  
12/28 05:58:33 - mmengine - INFO - Epoch(val) [20][4935/5488]    eta: 0:11:45  time: 1.4322  data_time: 0.0005  memory: 1411  
12/28 05:58:55 - mmengine - INFO - Epoch(val) [20][4940/5488]    eta: 0:11:40  time: 2.5154  data_time: 0.0005  memory: 1411  
12/28 05:59:02 - mmengine - INFO - Epoch(val) [20][4945/5488]    eta: 0:11:34  time: 2.9484  data_time: 0.0005  memory: 1411  
12/28 05:59:13 - mmengine - INFO - Epoch(val) [20][4950/5488]    eta: 0:11:28  time: 1.8300  data_time: 0.0005  memory: 1411  
12/28 05:59:21 - mmengine - INFO - Epoch(val) [20][4955/5488]    eta: 0:11:22  time: 1.8507  data_time: 0.0006  memory: 1411  
12/28 05:59:39 - mmengine - INFO - Epoch(val) [20][4960/5488]    eta: 0:11:17  time: 2.6090  data_time: 0.0005  memory: 1411  
12/28 05:59:46 - mmengine - INFO - Epoch(val) [20][4965/5488]    eta: 0:11:10  time: 2.4837  data_time: 0.0005  memory: 1411  
12/28 05:59:49 - mmengine - INFO - Epoch(val) [20][4970/5488]    eta: 0:11:04  time: 1.0014  data_time: 0.0005  memory: 1411  
12/28 06:00:07 - mmengine - INFO - Epoch(val) [20][4975/5488]    eta: 0:10:58  time: 2.0999  data_time: 0.0005  memory: 1411  
12/28 06:00:09 - mmengine - INFO - Epoch(val) [20][4980/5488]    eta: 0:10:52  time: 1.9951  data_time: 0.0005  memory: 1411  
12/28 06:00:32 - mmengine - INFO - Epoch(val) [20][4985/5488]    eta: 0:10:47  time: 2.5116  data_time: 0.0005  memory: 1411  
12/28 06:00:43 - mmengine - INFO - Epoch(val) [20][4990/5488]    eta: 0:10:41  time: 3.3483  data_time: 0.0006  memory: 1411  
12/28 06:00:53 - mmengine - INFO - Epoch(val) [20][4995/5488]    eta: 0:10:35  time: 2.1475  data_time: 0.0006  memory: 1411  
12/28 06:01:02 - mmengine - INFO - Epoch(val) [20][5000/5488]    eta: 0:10:29  time: 1.9379  data_time: 0.0005  memory: 1411  
12/28 06:01:08 - mmengine - INFO - Epoch(val) [20][5005/5488]    eta: 0:10:22  time: 1.4445  data_time: 0.0005  memory: 1411  
12/28 06:01:14 - mmengine - INFO - Epoch(val) [20][5010/5488]    eta: 0:10:16  time: 1.1780  data_time: 0.0005  memory: 1411  
12/28 06:01:24 - mmengine - INFO - Epoch(val) [20][5015/5488]    eta: 0:10:10  time: 1.6647  data_time: 0.0005  memory: 1411  
12/28 06:01:35 - mmengine - INFO - Epoch(val) [20][5020/5488]    eta: 0:10:04  time: 2.1013  data_time: 0.0005  memory: 1411  
12/28 06:01:50 - mmengine - INFO - Epoch(val) [20][5025/5488]    eta: 0:09:58  time: 2.5740  data_time: 0.0005  memory: 1411  
12/28 06:02:03 - mmengine - INFO - Epoch(val) [20][5030/5488]    eta: 0:09:52  time: 2.7911  data_time: 0.0006  memory: 1411  
12/28 06:02:07 - mmengine - INFO - Epoch(val) [20][5035/5488]    eta: 0:09:45  time: 1.6655  data_time: 0.0006  memory: 1411  
12/28 06:02:14 - mmengine - INFO - Epoch(val) [20][5040/5488]    eta: 0:09:39  time: 1.0569  data_time: 0.0006  memory: 1411  
12/28 06:02:30 - mmengine - INFO - Epoch(val) [20][5045/5488]    eta: 0:09:33  time: 2.2933  data_time: 0.0006  memory: 1411  
12/28 06:02:50 - mmengine - INFO - Epoch(val) [20][5050/5488]    eta: 0:09:28  time: 3.6169  data_time: 0.0005  memory: 1411  
12/28 06:03:10 - mmengine - INFO - Epoch(val) [20][5055/5488]    eta: 0:09:23  time: 3.9925  data_time: 0.0006  memory: 1411  
12/28 06:03:16 - mmengine - INFO - Epoch(val) [20][5060/5488]    eta: 0:09:16  time: 2.6632  data_time: 0.0006  memory: 1411  
12/28 06:03:46 - mmengine - INFO - Epoch(val) [20][5065/5488]    eta: 0:09:12  time: 3.6554  data_time: 0.0006  memory: 1411  
12/28 06:03:56 - mmengine - INFO - Epoch(val) [20][5070/5488]    eta: 0:09:05  time: 3.9319  data_time: 0.0005  memory: 1411  
12/28 06:04:08 - mmengine - INFO - Epoch(val) [20][5075/5488]    eta: 0:08:59  time: 2.2049  data_time: 0.0005  memory: 1411  
12/28 06:04:19 - mmengine - INFO - Epoch(val) [20][5080/5488]    eta: 0:08:53  time: 2.3758  data_time: 0.0005  memory: 1411  
12/28 06:04:41 - mmengine - INFO - Epoch(val) [20][5085/5488]    eta: 0:08:48  time: 3.2342  data_time: 0.0005  memory: 1411  
12/28 06:04:59 - mmengine - INFO - Epoch(val) [20][5090/5488]    eta: 0:08:42  time: 3.9083  data_time: 0.0007  memory: 1411  
12/28 06:05:09 - mmengine - INFO - Epoch(val) [20][5095/5488]    eta: 0:08:36  time: 2.7915  data_time: 0.0007  memory: 1411  
12/28 06:05:19 - mmengine - INFO - Epoch(val) [20][5100/5488]    eta: 0:08:29  time: 2.0063  data_time: 0.0005  memory: 1411  
12/28 06:05:29 - mmengine - INFO - Epoch(val) [20][5105/5488]    eta: 0:08:23  time: 2.0069  data_time: 0.0005  memory: 1411  
12/28 06:05:34 - mmengine - INFO - Epoch(val) [20][5110/5488]    eta: 0:08:16  time: 1.5274  data_time: 0.0005  memory: 1411  
12/28 06:05:41 - mmengine - INFO - Epoch(val) [20][5115/5488]    eta: 0:08:10  time: 1.2161  data_time: 0.0005  memory: 1411  
12/28 06:06:29 - mmengine - INFO - Epoch(val) [20][5120/5488]    eta: 0:08:06  time: 5.4942  data_time: 0.0005  memory: 1411  
12/28 06:06:39 - mmengine - INFO - Epoch(val) [20][5125/5488]    eta: 0:08:00  time: 5.8536  data_time: 0.0006  memory: 1411  
12/28 06:07:03 - mmengine - INFO - Epoch(val) [20][5130/5488]    eta: 0:07:55  time: 3.4107  data_time: 0.0006  memory: 1411  
12/28 06:07:12 - mmengine - INFO - Epoch(val) [20][5135/5488]    eta: 0:07:48  time: 3.2729  data_time: 0.0005  memory: 1411  
12/28 06:07:19 - mmengine - INFO - Epoch(val) [20][5140/5488]    eta: 0:07:41  time: 1.5921  data_time: 0.0005  memory: 1411  
12/28 06:07:21 - mmengine - INFO - Epoch(val) [20][5145/5488]    eta: 0:07:35  time: 0.9369  data_time: 0.0005  memory: 1411  
12/28 06:07:26 - mmengine - INFO - Epoch(val) [20][5150/5488]    eta: 0:07:28  time: 0.7084  data_time: 0.0005  memory: 1411  
12/28 06:07:29 - mmengine - INFO - Epoch(val) [20][5155/5488]    eta: 0:07:21  time: 0.8071  data_time: 0.0005  memory: 1411  
12/28 06:07:41 - mmengine - INFO - Epoch(val) [20][5160/5488]    eta: 0:07:15  time: 1.5115  data_time: 0.0005  memory: 1411  
12/28 06:07:47 - mmengine - INFO - Epoch(val) [20][5165/5488]    eta: 0:07:08  time: 1.8026  data_time: 0.0006  memory: 1411  
12/28 06:07:54 - mmengine - INFO - Epoch(val) [20][5170/5488]    eta: 0:07:01  time: 1.3202  data_time: 0.0005  memory: 1411  
12/28 06:08:04 - mmengine - INFO - Epoch(val) [20][5175/5488]    eta: 0:06:55  time: 1.6626  data_time: 0.0005  memory: 1411  
12/28 06:08:18 - mmengine - INFO - Epoch(val) [20][5180/5488]    eta: 0:06:49  time: 2.4057  data_time: 0.0005  memory: 1411  
12/28 06:08:37 - mmengine - INFO - Epoch(val) [20][5185/5488]    eta: 0:06:43  time: 3.2847  data_time: 0.0006  memory: 1411  
12/28 06:08:45 - mmengine - INFO - Epoch(val) [20][5190/5488]    eta: 0:06:36  time: 2.6402  data_time: 0.0007  memory: 1411  
12/28 06:08:53 - mmengine - INFO - Epoch(val) [20][5195/5488]    eta: 0:06:30  time: 1.5975  data_time: 0.0006  memory: 1411  
12/28 06:08:58 - mmengine - INFO - Epoch(val) [20][5200/5488]    eta: 0:06:23  time: 1.3104  data_time: 0.0005  memory: 1411  
12/28 06:09:08 - mmengine - INFO - Epoch(val) [20][5205/5488]    eta: 0:06:16  time: 1.5245  data_time: 0.0006  memory: 1411  
12/28 06:09:15 - mmengine - INFO - Epoch(val) [20][5210/5488]    eta: 0:06:10  time: 1.6779  data_time: 0.0006  memory: 1411  
12/28 06:09:21 - mmengine - INFO - Epoch(val) [20][5215/5488]    eta: 0:06:03  time: 1.2601  data_time: 0.0008  memory: 1411  
12/28 06:09:24 - mmengine - INFO - Epoch(val) [20][5220/5488]    eta: 0:05:56  time: 0.9396  data_time: 0.0007  memory: 1411  
12/28 06:09:33 - mmengine - INFO - Epoch(val) [20][5225/5488]    eta: 0:05:50  time: 1.2630  data_time: 0.0005  memory: 1411  
12/28 06:09:44 - mmengine - INFO - Epoch(val) [20][5230/5488]    eta: 0:05:43  time: 2.0285  data_time: 0.0005  memory: 1411  
12/28 06:09:47 - mmengine - INFO - Epoch(val) [20][5235/5488]    eta: 0:05:36  time: 1.4045  data_time: 0.0005  memory: 1411  
12/28 06:10:29 - mmengine - INFO - Epoch(val) [20][5240/5488]    eta: 0:05:31  time: 4.4663  data_time: 0.0006  memory: 1411  
12/28 06:10:36 - mmengine - INFO - Epoch(val) [20][5245/5488]    eta: 0:05:25  time: 4.8410  data_time: 0.0007  memory: 1411  
12/28 06:10:46 - mmengine - INFO - Epoch(val) [20][5250/5488]    eta: 0:05:18  time: 1.6678  data_time: 0.0006  memory: 1411  
12/28 06:10:55 - mmengine - INFO - Epoch(val) [20][5255/5488]    eta: 0:05:12  time: 1.9329  data_time: 0.0005  memory: 1411  
12/28 06:11:04 - mmengine - INFO - Epoch(val) [20][5260/5488]    eta: 0:05:05  time: 1.8532  data_time: 0.0005  memory: 1411  
12/28 06:11:07 - mmengine - INFO - Epoch(val) [20][5265/5488]    eta: 0:04:58  time: 1.1771  data_time: 0.0005  memory: 1411  
12/28 06:11:14 - mmengine - INFO - Epoch(val) [20][5270/5488]    eta: 0:04:51  time: 1.0031  data_time: 0.0005  memory: 1411  
12/28 06:11:19 - mmengine - INFO - Epoch(val) [20][5275/5488]    eta: 0:04:45  time: 1.2200  data_time: 0.0005  memory: 1411  
12/28 06:11:47 - mmengine - INFO - Epoch(val) [20][5280/5488]    eta: 0:04:39  time: 3.3299  data_time: 0.0005  memory: 1411  
12/28 06:11:53 - mmengine - INFO - Epoch(val) [20][5285/5488]    eta: 0:04:32  time: 3.4201  data_time: 0.0006  memory: 1411  
12/28 06:12:07 - mmengine - INFO - Epoch(val) [20][5290/5488]    eta: 0:04:26  time: 1.9681  data_time: 0.0005  memory: 1411  
12/28 06:12:16 - mmengine - INFO - Epoch(val) [20][5295/5488]    eta: 0:04:19  time: 2.2175  data_time: 0.0005  memory: 1411  
12/28 06:12:21 - mmengine - INFO - Epoch(val) [20][5300/5488]    eta: 0:04:12  time: 1.3361  data_time: 0.0005  memory: 1411  
12/28 06:12:24 - mmengine - INFO - Epoch(val) [20][5305/5488]    eta: 0:04:05  time: 0.8107  data_time: 0.0005  memory: 1411  
12/28 06:12:33 - mmengine - INFO - Epoch(val) [20][5310/5488]    eta: 0:03:59  time: 1.2763  data_time: 0.0005  memory: 1411  
12/28 06:12:41 - mmengine - INFO - Epoch(val) [20][5315/5488]    eta: 0:03:52  time: 1.7668  data_time: 0.0005  memory: 1411  
12/28 06:12:52 - mmengine - INFO - Epoch(val) [20][5320/5488]    eta: 0:03:45  time: 1.9094  data_time: 0.0005  memory: 1411  
12/28 06:13:02 - mmengine - INFO - Epoch(val) [20][5325/5488]    eta: 0:03:39  time: 2.0863  data_time: 0.0005  memory: 1411  
12/28 06:13:18 - mmengine - INFO - Epoch(val) [20][5330/5488]    eta: 0:03:32  time: 2.5710  data_time: 0.0005  memory: 1411  
12/28 06:13:34 - mmengine - INFO - Epoch(val) [20][5335/5488]    eta: 0:03:26  time: 3.2001  data_time: 0.0006  memory: 1411  
12/28 06:13:38 - mmengine - INFO - Epoch(val) [20][5340/5488]    eta: 0:03:19  time: 2.0064  data_time: 0.0006  memory: 1411  
12/28 06:13:53 - mmengine - INFO - Epoch(val) [20][5345/5488]    eta: 0:03:13  time: 1.8383  data_time: 0.0006  memory: 1411  
12/28 06:14:02 - mmengine - INFO - Epoch(val) [20][5350/5488]    eta: 0:03:06  time: 2.3790  data_time: 0.0006  memory: 1411  
12/28 06:14:08 - mmengine - INFO - Epoch(val) [20][5355/5488]    eta: 0:02:59  time: 1.5644  data_time: 0.0005  memory: 1411  
12/28 06:14:21 - mmengine - INFO - Epoch(val) [20][5360/5488]    eta: 0:02:53  time: 1.9298  data_time: 0.0005  memory: 1411  
12/28 06:14:25 - mmengine - INFO - Epoch(val) [20][5365/5488]    eta: 0:02:46  time: 1.6484  data_time: 0.0005  memory: 1411  
12/28 06:14:29 - mmengine - INFO - Epoch(val) [20][5370/5488]    eta: 0:02:39  time: 0.7394  data_time: 0.0005  memory: 1411  
12/28 06:14:37 - mmengine - INFO - Epoch(val) [20][5375/5488]    eta: 0:02:32  time: 1.2181  data_time: 0.0005  memory: 1411  
12/28 06:15:23 - mmengine - INFO - Epoch(val) [20][5380/5488]    eta: 0:02:26  time: 5.3941  data_time: 0.0005  memory: 1411  
12/28 06:15:33 - mmengine - INFO - Epoch(val) [20][5385/5488]    eta: 0:02:19  time: 5.6452  data_time: 0.0005  memory: 1411  
12/28 06:15:49 - mmengine - INFO - Epoch(val) [20][5390/5488]    eta: 0:02:13  time: 2.6070  data_time: 0.0006  memory: 1411  
12/28 06:15:56 - mmengine - INFO - Epoch(val) [20][5395/5488]    eta: 0:02:06  time: 2.2760  data_time: 0.0006  memory: 1411  
12/28 06:16:20 - mmengine - INFO - Epoch(val) [20][5400/5488]    eta: 0:01:59  time: 3.0973  data_time: 0.0006  memory: 1411  
12/28 06:16:36 - mmengine - INFO - Epoch(val) [20][5405/5488]    eta: 0:01:53  time: 3.9524  data_time: 0.0005  memory: 1411  
12/28 06:16:40 - mmengine - INFO - Epoch(val) [20][5410/5488]    eta: 0:01:46  time: 1.9952  data_time: 0.0005  memory: 1411  
12/28 06:17:01 - mmengine - INFO - Epoch(val) [20][5415/5488]    eta: 0:01:39  time: 2.5137  data_time: 0.0006  memory: 1411  
12/28 06:17:18 - mmengine - INFO - Epoch(val) [20][5420/5488]    eta: 0:01:33  time: 3.8644  data_time: 0.0006  memory: 1411  
12/28 06:17:29 - mmengine - INFO - Epoch(val) [20][5425/5488]    eta: 0:01:26  time: 2.8651  data_time: 0.0006  memory: 1411  
12/28 06:17:33 - mmengine - INFO - Epoch(val) [20][5430/5488]    eta: 0:01:19  time: 1.4645  data_time: 0.0005  memory: 1411  
12/28 06:17:36 - mmengine - INFO - Epoch(val) [20][5435/5488]    eta: 0:01:12  time: 0.6381  data_time: 0.0004  memory: 1411  
12/28 06:17:44 - mmengine - INFO - Epoch(val) [20][5440/5488]    eta: 0:01:05  time: 1.1413  data_time: 0.0004  memory: 1411  
12/28 06:17:57 - mmengine - INFO - Epoch(val) [20][5445/5488]    eta: 0:00:58  time: 2.1310  data_time: 0.0005  memory: 1411  
12/28 06:18:18 - mmengine - INFO - Epoch(val) [20][5450/5488]    eta: 0:00:52  time: 3.3509  data_time: 0.0005  memory: 1411  
12/28 06:18:26 - mmengine - INFO - Epoch(val) [20][5455/5488]    eta: 0:00:45  time: 2.9099  data_time: 0.0005  memory: 1411  
12/28 06:18:35 - mmengine - INFO - Epoch(val) [20][5460/5488]    eta: 0:00:38  time: 1.7681  data_time: 0.0006  memory: 1411  
12/28 06:18:46 - mmengine - INFO - Epoch(val) [20][5465/5488]    eta: 0:00:31  time: 2.0170  data_time: 0.0009  memory: 1411  
12/28 06:18:55 - mmengine - INFO - Epoch(val) [20][5470/5488]    eta: 0:00:24  time: 1.9872  data_time: 0.0009  memory: 1411  
12/28 06:19:06 - mmengine - INFO - Epoch(val) [20][5475/5488]    eta: 0:00:17  time: 1.9311  data_time: 0.0006  memory: 1411  
12/28 06:19:11 - mmengine - INFO - Epoch(val) [20][5480/5488]    eta: 0:00:10  time: 1.5670  data_time: 0.0006  memory: 1411  
12/28 06:19:19 - mmengine - INFO - Epoch(val) [20][5485/5488]    eta: 0:00:04  time: 1.3737  data_time: 0.0007  memory: 1411  
12/28 06:19:22 - mmengine - INFO - Evaluating hmean-iou...
12/28 06:19:23 - mmengine - INFO - prediction score threshold: 0.30, recall: 0.4981, precision: 0.4018, hmean: 0.4448

12/28 06:19:23 - mmengine - INFO - prediction score threshold: 0.40, recall: 0.4874, precision: 0.4354, hmean: 0.4599

12/28 06:19:23 - mmengine - INFO - prediction score threshold: 0.50, recall: 0.4745, precision: 0.4672, hmean: 0.4708

12/28 06:19:23 - mmengine - INFO - prediction score threshold: 0.60, recall: 0.4565, precision: 0.5021, hmean: 0.4783

12/28 06:19:23 - mmengine - INFO - prediction score threshold: 0.70, recall: 0.4289, precision: 0.5446, hmean: 0.4799

12/28 06:19:23 - mmengine - INFO - prediction score threshold: 0.80, recall: 0.3802, precision: 0.6064, hmean: 0.4674

12/28 06:19:23 - mmengine - INFO - prediction score threshold: 0.90, recall: 0.2641, precision: 0.7108, hmean: 0.3851

12/28 06:19:24 - mmengine - INFO - [lsvt] hmean: 0.7071, precision: 0.7523, recall: 0.6670
12/28 06:19:25 - mmengine - INFO - [ctw] hmean: 0.4066, precision: 0.4299, recall: 0.3857
12/28 06:19:25 - mmengine - INFO - Epoch(val) [20][5488/5488]    icdar/precision: 0.5446  icdar/recall: 0.4289  icdar/hmean: 0.4799  icdar/lsvt/precision: 0.7523  icdar/lsvt/recall: 0.6670  icdar/lsvt/hmean: 0.7071  icdar/ctw/precision: 0.4299  icdar/ctw/recall: 0.3857  icdar/ctw/hmean: 0.4066  data_time: 0.0006  time: 1.3747
12/28 06:19:25 - mmengine - INFO - The previous best checkpoint /root/lanyun-tmp/mmocr/work_dirs/fcenet_r50dcnv2_fpn_1500e_lsvt_ctw_pretrain/best_icdar_hmean_epoch_15.pth is removed
12/28 06:19:26 - mmengine - INFO - The best checkpoint with 0.4799 icdar/hmean at 20 epoch is saved to best_icdar_hmean_epoch_20.pth.
12/28 06:19:53 - mmengine - INFO - Epoch(train) [21][   5/1544]  lr: 1.8952e-03  eta: 2 days, 14:22:02  time: 4.0879  data_time: 0.3732  memory: 19784  grad_norm: 24.8774  loss: 5.2291  loss_text: 0.7755  loss_center: 2.9372  loss_reg_x: 0.8912  loss_reg_y: 0.6253
12/28 06:20:10 - mmengine - INFO - Epoch(train) [21][  10/1544]  lr: 1.8952e-03  eta: 2 days, 14:21:36  time: 4.1651  data_time: 0.3734  memory: 19779  grad_norm: 21.1697  loss: 4.9539  loss_text: 0.7056  loss_center: 2.9245  loss_reg_x: 0.7335  loss_reg_y: 0.5903
12/28 06:20:27 - mmengine - INFO - Epoch(train) [21][  15/1544]  lr: 1.8952e-03  eta: 2 days, 14:21:10  time: 3.4397  data_time: 0.0026  memory: 19779  grad_norm: 19.8917  loss: 4.8360  loss_text: 0.6776  loss_center: 2.9255  loss_reg_x: 0.6926  loss_reg_y: 0.5403
12/28 06:20:44 - mmengine - INFO - Epoch(train) [21][  20/1544]  lr: 1.8952e-03  eta: 2 days, 14:20:42  time: 3.4247  data_time: 0.0026  memory: 19779  grad_norm: 25.9463  loss: 5.2170  loss_text: 0.8153  loss_center: 2.9256  loss_reg_x: 0.8504  loss_reg_y: 0.6257
12/28 06:21:02 - mmengine - INFO - Epoch(train) [21][  25/1544]  lr: 1.8952e-03  eta: 2 days, 14:20:24  time: 3.5234  data_time: 0.0025  memory: 19779  grad_norm: 26.0782  loss: 5.5261  loss_text: 0.9195  loss_center: 2.9436  loss_reg_x: 0.9810  loss_reg_y: 0.6820
12/28 06:21:19 - mmengine - INFO - Epoch(train) [21][  30/1544]  lr: 1.8952e-03  eta: 2 days, 14:19:53  time: 3.4659  data_time: 0.0024  memory: 19779  grad_norm: 24.9554  loss: 5.3554  loss_text: 0.8487  loss_center: 2.9375  loss_reg_x: 0.9788  loss_reg_y: 0.5904
12/28 06:21:37 - mmengine - INFO - Epoch(train) [21][  35/1544]  lr: 1.8952e-03  eta: 2 days, 14:19:36  time: 3.4810  data_time: 0.0023  memory: 19779  grad_norm: 27.3764  loss: 5.3265  loss_text: 0.7870  loss_center: 2.9172  loss_reg_x: 0.9435  loss_reg_y: 0.6788
12/28 06:21:54 - mmengine - INFO - Epoch(train) [21][  40/1544]  lr: 1.8952e-03  eta: 2 days, 14:19:08  time: 3.5270  data_time: 0.0024  memory: 19779  grad_norm: 28.7492  loss: 5.2791  loss_text: 0.7516  loss_center: 2.9338  loss_reg_x: 0.8961  loss_reg_y: 0.6976
12/28 06:22:13 - mmengine - INFO - Epoch(train) [21][  45/1544]  lr: 1.8952e-03  eta: 2 days, 14:18:55  time: 3.5826  data_time: 0.0036  memory: 19779  grad_norm: 28.0267  loss: 5.1355  loss_text: 0.7857  loss_center: 2.9392  loss_reg_x: 0.8287  loss_reg_y: 0.5820
12/28 06:22:31 - mmengine - INFO - Epoch(train) [21][  50/1544]  lr: 1.8952e-03  eta: 2 days, 14:18:33  time: 3.6535  data_time: 0.0036  memory: 19779  grad_norm: 22.4391  loss: 5.1814  loss_text: 0.8015  loss_center: 2.9240  loss_reg_x: 0.8394  loss_reg_y: 0.6166
12/28 06:22:51 - mmengine - INFO - Epoch(train) [21][  55/1544]  lr: 1.8952e-03  eta: 2 days, 14:18:33  time: 3.8136  data_time: 0.0023  memory: 19779  grad_norm: 21.3718  loss: 5.1057  loss_text: 0.7722  loss_center: 2.9266  loss_reg_x: 0.8315  loss_reg_y: 0.5754
12/28 06:23:10 - mmengine - INFO - Epoch(train) [21][  60/1544]  lr: 1.8952e-03  eta: 2 days, 14:18:19  time: 3.9149  data_time: 0.0022  memory: 19779  grad_norm: 22.3218  loss: 5.0597  loss_text: 0.7381  loss_center: 2.9232  loss_reg_x: 0.8477  loss_reg_y: 0.5507
12/28 06:23:27 - mmengine - INFO - Epoch(train) [21][  65/1544]  lr: 1.8952e-03  eta: 2 days, 14:17:55  time: 3.6164  data_time: 0.0023  memory: 19779  grad_norm: 24.3689  loss: 5.3926  loss_text: 0.9345  loss_center: 2.9387  loss_reg_x: 0.9196  loss_reg_y: 0.5998
12/28 06:23:45 - mmengine - INFO - Epoch(train) [21][  70/1544]  lr: 1.8952e-03  eta: 2 days, 14:17:31  time: 3.4921  data_time: 0.0024  memory: 19779  grad_norm: 23.3234  loss: 5.6385  loss_text: 1.0115  loss_center: 2.9442  loss_reg_x: 0.9787  loss_reg_y: 0.7041
12/28 06:24:03 - mmengine - INFO - Epoch(train) [21][  75/1544]  lr: 1.8952e-03  eta: 2 days, 14:17:15  time: 3.5892  data_time: 0.0028  memory: 19779  grad_norm: 22.9891  loss: 5.5615  loss_text: 0.8098  loss_center: 2.9363  loss_reg_x: 1.0511  loss_reg_y: 0.7643
12/28 06:24:20 - mmengine - INFO - Epoch(train) [21][  80/1544]  lr: 1.8952e-03  eta: 2 days, 14:16:47  time: 3.5371  data_time: 0.0029  memory: 19779  grad_norm: 24.7854  loss: 5.4990  loss_text: 0.7852  loss_center: 2.9483  loss_reg_x: 1.0516  loss_reg_y: 0.7139
12/28 06:24:40 - mmengine - INFO - Epoch(train) [21][  85/1544]  lr: 1.8952e-03  eta: 2 days, 14:16:41  time: 3.6658  data_time: 0.0026  memory: 19779  grad_norm: 24.1295  loss: 5.3524  loss_text: 0.7811  loss_center: 2.9415  loss_reg_x: 0.9705  loss_reg_y: 0.6594
12/28 06:24:59 - mmengine - INFO - Epoch(train) [21][  90/1544]  lr: 1.8952e-03  eta: 2 days, 14:16:33  time: 3.9217  data_time: 0.0025  memory: 19779  grad_norm: 23.4169  loss: 5.2307  loss_text: 0.7445  loss_center: 2.9251  loss_reg_x: 0.9511  loss_reg_y: 0.6100
12/28 06:25:18 - mmengine - INFO - Epoch(train) [21][  95/1544]  lr: 1.8952e-03  eta: 2 days, 14:16:18  time: 3.8027  data_time: 0.0026  memory: 19779  grad_norm: 25.1914  loss: 5.2243  loss_text: 0.7667  loss_center: 2.9210  loss_reg_x: 0.9134  loss_reg_y: 0.6233
12/28 06:25:35 - mmengine - INFO - Epoch(train) [21][ 100/1544]  lr: 1.8952e-03  eta: 2 days, 14:15:51  time: 3.5676  data_time: 0.0026  memory: 19779  grad_norm: 22.3442  loss: 4.9975  loss_text: 0.7414  loss_center: 2.9137  loss_reg_x: 0.7595  loss_reg_y: 0.5829
12/28 06:25:55 - mmengine - INFO - Epoch(train) [21][ 105/1544]  lr: 1.8952e-03  eta: 2 days, 14:15:46  time: 3.6944  data_time: 0.0022  memory: 19779  grad_norm: 22.5000  loss: 5.0433  loss_text: 0.7408  loss_center: 2.9274  loss_reg_x: 0.8051  loss_reg_y: 0.5701
12/28 06:26:12 - mmengine - INFO - Epoch(train) [21][ 110/1544]  lr: 1.8952e-03  eta: 2 days, 14:15:19  time: 3.6825  data_time: 0.0022  memory: 19779  grad_norm: 26.6135  loss: 5.0650  loss_text: 0.7751  loss_center: 2.9337  loss_reg_x: 0.7884  loss_reg_y: 0.5679
12/28 06:26:29 - mmengine - INFO - Epoch(train) [21][ 115/1544]  lr: 1.8952e-03  eta: 2 days, 14:14:54  time: 3.4269  data_time: 0.0027  memory: 19779  grad_norm: 21.7945  loss: 4.9388  loss_text: 0.7106  loss_center: 2.9261  loss_reg_x: 0.7368  loss_reg_y: 0.5653
12/28 06:26:47 - mmengine - INFO - Exp name: fcenet_r50dcnv2_fpn_1500e_lsvt_ctw_pretrain_20251227_202521
12/28 06:26:47 - mmengine - INFO - Epoch(train) [21][ 120/1544]  lr: 1.8952e-03  eta: 2 days, 14:14:31  time: 3.4929  data_time: 0.0027  memory: 19779  grad_norm: 21.2711  loss: 5.0534  loss_text: 0.6787  loss_center: 2.9296  loss_reg_x: 0.8632  loss_reg_y: 0.5819
12/28 06:27:04 - mmengine - INFO - Epoch(train) [21][ 125/1544]  lr: 1.8952e-03  eta: 2 days, 14:14:09  time: 3.5324  data_time: 0.0028  memory: 19779  grad_norm: 23.6836  loss: 5.0736  loss_text: 0.6682  loss_center: 2.9334  loss_reg_x: 0.8696  loss_reg_y: 0.6023
12/28 06:27:24 - mmengine - INFO - Epoch(train) [21][ 130/1544]  lr: 1.8952e-03  eta: 2 days, 14:14:05  time: 3.7679  data_time: 0.0029  memory: 19779  grad_norm: 31.1712  loss: 5.1229  loss_text: 0.7436  loss_center: 2.9317  loss_reg_x: 0.7977  loss_reg_y: 0.6499
12/28 06:27:40 - mmengine - INFO - Epoch(train) [21][ 135/1544]  lr: 1.8952e-03  eta: 2 days, 14:13:30  time: 3.5986  data_time: 0.0022  memory: 19779  grad_norm: 32.5813  loss: 5.3683  loss_text: 0.8841  loss_center: 2.9492  loss_reg_x: 0.8884  loss_reg_y: 0.6466
12/28 06:28:00 - mmengine - INFO - Epoch(train) [21][ 140/1544]  lr: 1.8952e-03  eta: 2 days, 14:13:20  time: 3.5188  data_time: 0.0023  memory: 19779  grad_norm: 37.9227  loss: 6.2169  loss_text: 1.2140  loss_center: 2.9648  loss_reg_x: 1.2331  loss_reg_y: 0.8050
12/28 06:28:17 - mmengine - INFO - Epoch(train) [21][ 145/1544]  lr: 1.8952e-03  eta: 2 days, 14:12:53  time: 3.6302  data_time: 0.0024  memory: 19779  grad_norm: 33.7244  loss: 6.0683  loss_text: 1.1396  loss_center: 2.9422  loss_reg_x: 1.1825  loss_reg_y: 0.8040
12/28 06:28:34 - mmengine - INFO - Epoch(train) [21][ 150/1544]  lr: 1.8952e-03  eta: 2 days, 14:12:31  time: 3.4811  data_time: 0.0023  memory: 19779  grad_norm: 24.1565  loss: 5.2568  loss_text: 0.7981  loss_center: 2.9346  loss_reg_x: 0.9102  loss_reg_y: 0.6139
12/28 06:28:52 - mmengine - INFO - Epoch(train) [21][ 155/1544]  lr: 1.8952e-03  eta: 2 days, 14:12:08  time: 3.5193  data_time: 0.0024  memory: 19779  grad_norm: 28.0648  loss: 5.1855  loss_text: 0.8016  loss_center: 2.9232  loss_reg_x: 0.8681  loss_reg_y: 0.5926
12/28 06:29:12 - mmengine - INFO - Epoch(train) [21][ 160/1544]  lr: 1.8952e-03  eta: 2 days, 14:12:01  time: 3.7169  data_time: 0.0023  memory: 19779  grad_norm: 24.1335  loss: 5.0207  loss_text: 0.7711  loss_center: 2.9137  loss_reg_x: 0.7641  loss_reg_y: 0.5718
12/28 06:29:30 - mmengine - INFO - Epoch(train) [21][ 165/1544]  lr: 1.8952e-03  eta: 2 days, 14:11:48  time: 3.8414  data_time: 0.0022  memory: 19779  grad_norm: 19.5379  loss: 5.0411  loss_text: 0.7439  loss_center: 2.9228  loss_reg_x: 0.7916  loss_reg_y: 0.5827
12/28 06:29:49 - mmengine - INFO - Epoch(train) [21][ 170/1544]  lr: 1.8952e-03  eta: 2 days, 14:11:31  time: 3.7057  data_time: 0.0026  memory: 19779  grad_norm: 24.1704  loss: 5.3316  loss_text: 0.7945  loss_center: 2.9444  loss_reg_x: 0.9128  loss_reg_y: 0.6799
12/28 06:30:05 - mmengine - INFO - Epoch(train) [21][ 175/1544]  lr: 1.8952e-03  eta: 2 days, 14:11:01  time: 3.5070  data_time: 0.0027  memory: 19779  grad_norm: 25.4842  loss: 5.1703  loss_text: 0.7626  loss_center: 2.9321  loss_reg_x: 0.8267  loss_reg_y: 0.6489
12/28 06:30:23 - mmengine - INFO - Epoch(train) [21][ 180/1544]  lr: 1.8952e-03  eta: 2 days, 14:10:41  time: 3.4719  data_time: 0.0029  memory: 19779  grad_norm: 23.9403  loss: 4.9590  loss_text: 0.7021  loss_center: 2.9041  loss_reg_x: 0.7782  loss_reg_y: 0.5745
12/28 06:30:41 - mmengine - INFO - Epoch(train) [21][ 185/1544]  lr: 1.8952e-03  eta: 2 days, 14:10:15  time: 3.5105  data_time: 0.0028  memory: 19779  grad_norm: 23.3618  loss: 5.0128  loss_text: 0.7100  loss_center: 2.9144  loss_reg_x: 0.8307  loss_reg_y: 0.5578
12/28 06:31:00 - mmengine - INFO - Epoch(train) [21][ 190/1544]  lr: 1.8952e-03  eta: 2 days, 14:10:10  time: 3.6998  data_time: 0.0022  memory: 19779  grad_norm: 21.4896  loss: 5.1629  loss_text: 0.7770  loss_center: 2.9265  loss_reg_x: 0.8359  loss_reg_y: 0.6234
12/28 06:31:18 - mmengine - INFO - Epoch(train) [21][ 195/1544]  lr: 1.8952e-03  eta: 2 days, 14:09:45  time: 3.7118  data_time: 0.0023  memory: 19779  grad_norm: 23.3269  loss: 5.2767  loss_text: 0.7902  loss_center: 2.9341  loss_reg_x: 0.8577  loss_reg_y: 0.6947
12/28 06:31:36 - mmengine - INFO - Epoch(train) [21][ 200/1544]  lr: 1.8952e-03  eta: 2 days, 14:09:30  time: 3.5822  data_time: 0.0024  memory: 19779  grad_norm: 22.3333  loss: 5.0574  loss_text: 0.7343  loss_center: 2.9380  loss_reg_x: 0.7771  loss_reg_y: 0.6081
12/28 06:31:53 - mmengine - INFO - Epoch(train) [21][ 205/1544]  lr: 1.8952e-03  eta: 2 days, 14:09:04  time: 3.5816  data_time: 0.0023  memory: 19779  grad_norm: 24.4294  loss: 5.1031  loss_text: 0.7302  loss_center: 2.9387  loss_reg_x: 0.8066  loss_reg_y: 0.6276
12/28 06:32:13 - mmengine - INFO - Epoch(train) [21][ 210/1544]  lr: 1.8952e-03  eta: 2 days, 14:09:00  time: 3.7235  data_time: 0.0023  memory: 19779  grad_norm: 26.5266  loss: 5.2619  loss_text: 0.7630  loss_center: 2.9260  loss_reg_x: 0.8950  loss_reg_y: 0.6779
12/28 06:32:33 - mmengine - INFO - Epoch(train) [21][ 215/1544]  lr: 1.8952e-03  eta: 2 days, 14:08:52  time: 3.9435  data_time: 0.0024  memory: 19779  grad_norm: 23.4701  loss: 5.3864  loss_text: 0.7914  loss_center: 2.9384  loss_reg_x: 0.9411  loss_reg_y: 0.7155
12/28 06:32:49 - mmengine - INFO - Epoch(train) [21][ 220/1544]  lr: 1.8952e-03  eta: 2 days, 14:08:17  time: 3.5523  data_time: 0.0023  memory: 19779  grad_norm: 21.3504  loss: 5.3347  loss_text: 0.7536  loss_center: 2.9463  loss_reg_x: 0.9364  loss_reg_y: 0.6986
12/28 06:33:05 - mmengine - INFO - Epoch(train) [21][ 225/1544]  lr: 1.8952e-03  eta: 2 days, 14:07:44  time: 3.2225  data_time: 0.0022  memory: 19779  grad_norm: 24.9849  loss: 5.4359  loss_text: 0.9091  loss_center: 2.9308  loss_reg_x: 1.0011  loss_reg_y: 0.5949
12/28 06:33:24 - mmengine - INFO - Epoch(train) [21][ 230/1544]  lr: 1.8952e-03  eta: 2 days, 14:07:30  time: 3.4858  data_time: 0.0025  memory: 19779  grad_norm: 24.6056  loss: 5.4334  loss_text: 0.8868  loss_center: 2.9302  loss_reg_x: 1.0149  loss_reg_y: 0.6015
12/28 06:33:42 - mmengine - INFO - Epoch(train) [21][ 235/1544]  lr: 1.8952e-03  eta: 2 days, 14:07:09  time: 3.6623  data_time: 0.0026  memory: 19779  grad_norm: 24.3844  loss: 5.1542  loss_text: 0.7160  loss_center: 2.9238  loss_reg_x: 0.9026  loss_reg_y: 0.6119
12/28 06:33:58 - mmengine - INFO - Epoch(train) [21][ 240/1544]  lr: 1.8952e-03  eta: 2 days, 14:06:39  time: 3.4504  data_time: 0.0028  memory: 19779  grad_norm: 23.3663  loss: 5.3297  loss_text: 0.7501  loss_center: 2.9383  loss_reg_x: 0.9357  loss_reg_y: 0.7056
12/28 06:34:17 - mmengine - INFO - Epoch(train) [21][ 245/1544]  lr: 1.8952e-03  eta: 2 days, 14:06:23  time: 3.5087  data_time: 0.0028  memory: 19779  grad_norm: 22.2488  loss: 5.2774  loss_text: 0.7578  loss_center: 2.9486  loss_reg_x: 0.9273  loss_reg_y: 0.6437
12/28 06:34:35 - mmengine - INFO - Epoch(train) [21][ 250/1544]  lr: 1.8952e-03  eta: 2 days, 14:06:03  time: 3.6390  data_time: 0.0025  memory: 19779  grad_norm: 25.7819  loss: 5.2444  loss_text: 0.7746  loss_center: 2.9335  loss_reg_x: 0.9322  loss_reg_y: 0.6041
12/28 06:34:54 - mmengine - INFO - Epoch(train) [21][ 255/1544]  lr: 1.8952e-03  eta: 2 days, 14:05:49  time: 3.6657  data_time: 0.0025  memory: 19779  grad_norm: 29.3619  loss: 5.6473  loss_text: 0.8106  loss_center: 2.9358  loss_reg_x: 1.1026  loss_reg_y: 0.7983
12/28 06:35:12 - mmengine - INFO - Epoch(train) [21][ 260/1544]  lr: 1.8952e-03  eta: 2 days, 14:05:33  time: 3.7182  data_time: 0.0029  memory: 19779  grad_norm: 27.2577  loss: 5.4462  loss_text: 0.7727  loss_center: 2.9449  loss_reg_x: 1.0358  loss_reg_y: 0.6927
12/28 06:35:30 - mmengine - INFO - Epoch(train) [21][ 265/1544]  lr: 1.8952e-03  eta: 2 days, 14:05:11  time: 3.6082  data_time: 0.0029  memory: 19779  grad_norm: 19.6579  loss: 5.0273  loss_text: 0.7063  loss_center: 2.9336  loss_reg_x: 0.8277  loss_reg_y: 0.5597
12/28 06:35:48 - mmengine - INFO - Epoch(train) [21][ 270/1544]  lr: 1.8952e-03  eta: 2 days, 14:04:54  time: 3.5957  data_time: 0.0027  memory: 19779  grad_norm: 17.5278  loss: 5.0826  loss_text: 0.7491  loss_center: 2.9257  loss_reg_x: 0.8312  loss_reg_y: 0.5765
12/28 06:36:07 - mmengine - INFO - Epoch(train) [21][ 275/1544]  lr: 1.8952e-03  eta: 2 days, 14:04:40  time: 3.7067  data_time: 0.0028  memory: 19779  grad_norm: 25.4617  loss: 5.3372  loss_text: 0.8589  loss_center: 2.9308  loss_reg_x: 0.9275  loss_reg_y: 0.6200
12/28 06:36:26 - mmengine - INFO - Epoch(train) [21][ 280/1544]  lr: 1.8952e-03  eta: 2 days, 14:04:28  time: 3.7753  data_time: 0.0024  memory: 19779  grad_norm: 36.7976  loss: 5.6801  loss_text: 0.8888  loss_center: 2.9488  loss_reg_x: 1.0819  loss_reg_y: 0.7607
12/28 06:36:46 - mmengine - INFO - Epoch(train) [21][ 285/1544]  lr: 1.8952e-03  eta: 2 days, 14:04:28  time: 3.9488  data_time: 0.0024  memory: 19779  grad_norm: 32.9005  loss: 5.5586  loss_text: 0.8131  loss_center: 2.9614  loss_reg_x: 0.9933  loss_reg_y: 0.7909
12/28 06:37:04 - mmengine - INFO - Epoch(train) [21][ 290/1544]  lr: 1.8952e-03  eta: 2 days, 14:04:09  time: 3.8608  data_time: 0.0022  memory: 19779  grad_norm: 25.1827  loss: 5.1906  loss_text: 0.7331  loss_center: 2.9409  loss_reg_x: 0.8080  loss_reg_y: 0.7086
12/28 06:37:23 - mmengine - INFO - Epoch(train) [21][ 295/1544]  lr: 1.8952e-03  eta: 2 days, 14:03:54  time: 3.6699  data_time: 0.0023  memory: 19779  grad_norm: 22.2579  loss: 5.1164  loss_text: 0.7371  loss_center: 2.9323  loss_reg_x: 0.8155  loss_reg_y: 0.6316
12/28 06:37:41 - mmengine - INFO - Epoch(train) [21][ 300/1544]  lr: 1.8952e-03  eta: 2 days, 14:03:37  time: 3.6896  data_time: 0.0023  memory: 19779  grad_norm: 16.6037  loss: 5.0623  loss_text: 0.7131  loss_center: 2.9478  loss_reg_x: 0.8300  loss_reg_y: 0.5714
12/28 06:37:59 - mmengine - INFO - Epoch(train) [21][ 305/1544]  lr: 1.8952e-03  eta: 2 days, 14:03:17  time: 3.6189  data_time: 0.0028  memory: 19779  grad_norm: 20.0377  loss: 5.0118  loss_text: 0.6732  loss_center: 2.9446  loss_reg_x: 0.8537  loss_reg_y: 0.5404
12/28 06:38:17 - mmengine - INFO - Epoch(train) [21][ 310/1544]  lr: 1.8952e-03  eta: 2 days, 14:02:59  time: 3.6121  data_time: 0.0030  memory: 19779  grad_norm: 25.9056  loss: 5.1520  loss_text: 0.7760  loss_center: 2.9336  loss_reg_x: 0.9082  loss_reg_y: 0.5342
12/28 06:38:36 - mmengine - INFO - Epoch(train) [21][ 315/1544]  lr: 1.8952e-03  eta: 2 days, 14:02:44  time: 3.6790  data_time: 0.0024  memory: 19779  grad_norm: 26.7174  loss: 5.2969  loss_text: 0.8375  loss_center: 2.9391  loss_reg_x: 0.9389  loss_reg_y: 0.5814
12/28 06:38:54 - mmengine - INFO - Epoch(train) [21][ 320/1544]  lr: 1.8952e-03  eta: 2 days, 14:02:26  time: 3.6784  data_time: 0.0022  memory: 19779  grad_norm: 26.2226  loss: 5.2848  loss_text: 0.7896  loss_center: 2.9421  loss_reg_x: 0.9473  loss_reg_y: 0.6057
12/28 06:39:12 - mmengine - INFO - Epoch(train) [21][ 325/1544]  lr: 1.8952e-03  eta: 2 days, 14:02:05  time: 3.6076  data_time: 0.0025  memory: 19779  grad_norm: 23.2587  loss: 5.0487  loss_text: 0.7264  loss_center: 2.9471  loss_reg_x: 0.8273  loss_reg_y: 0.5480
12/28 06:39:29 - mmengine - INFO - Epoch(train) [21][ 330/1544]  lr: 1.8952e-03  eta: 2 days, 14:01:41  time: 3.5267  data_time: 0.0026  memory: 19779  grad_norm: 20.1325  loss: 4.9789  loss_text: 0.7327  loss_center: 2.9414  loss_reg_x: 0.7320  loss_reg_y: 0.5728
12/28 06:39:47 - mmengine - INFO - Epoch(train) [21][ 335/1544]  lr: 1.8952e-03  eta: 2 days, 14:01:17  time: 3.4788  data_time: 0.0027  memory: 19779  grad_norm: 23.0182  loss: 5.2428  loss_text: 0.7925  loss_center: 2.9280  loss_reg_x: 0.8240  loss_reg_y: 0.6983
12/28 06:40:04 - mmengine - INFO - Epoch(train) [21][ 340/1544]  lr: 1.8952e-03  eta: 2 days, 14:00:50  time: 3.4459  data_time: 0.0026  memory: 19779  grad_norm: 24.9612  loss: 5.1130  loss_text: 0.7540  loss_center: 2.9274  loss_reg_x: 0.8136  loss_reg_y: 0.6180
12/28 06:40:23 - mmengine - INFO - Epoch(train) [21][ 345/1544]  lr: 1.8952e-03  eta: 2 days, 14:00:39  time: 3.6194  data_time: 0.0025  memory: 19779  grad_norm: 24.0908  loss: 5.3682  loss_text: 0.7803  loss_center: 2.9307  loss_reg_x: 0.9365  loss_reg_y: 0.7207
12/28 06:40:39 - mmengine - INFO - Epoch(train) [21][ 350/1544]  lr: 1.8952e-03  eta: 2 days, 14:00:06  time: 3.5231  data_time: 0.0026  memory: 19779  grad_norm: 21.8074  loss: 5.4275  loss_text: 0.7980  loss_center: 2.9184  loss_reg_x: 0.9616  loss_reg_y: 0.7494
12/28 06:40:56 - mmengine - INFO - Epoch(train) [21][ 355/1544]  lr: 1.8952e-03  eta: 2 days, 13:59:40  time: 3.3276  data_time: 0.0026  memory: 19779  grad_norm: 28.3635  loss: 5.3766  loss_text: 0.8355  loss_center: 2.9224  loss_reg_x: 0.9773  loss_reg_y: 0.6414
12/28 06:41:13 - mmengine - INFO - Epoch(train) [21][ 360/1544]  lr: 1.8952e-03  eta: 2 days, 13:59:11  time: 3.3964  data_time: 0.0025  memory: 19779  grad_norm: 34.1061  loss: 5.6757  loss_text: 0.9275  loss_center: 2.9371  loss_reg_x: 1.1266  loss_reg_y: 0.6845
12/28 06:41:30 - mmengine - INFO - Epoch(train) [21][ 365/1544]  lr: 1.8952e-03  eta: 2 days, 13:58:44  time: 3.3861  data_time: 0.0023  memory: 19779  grad_norm: 24.0421  loss: 5.3726  loss_text: 0.8178  loss_center: 2.9306  loss_reg_x: 0.9937  loss_reg_y: 0.6306
12/28 06:41:48 - mmengine - INFO - Epoch(train) [21][ 370/1544]  lr: 1.8952e-03  eta: 2 days, 13:58:24  time: 3.4863  data_time: 0.0024  memory: 19779  grad_norm: 21.1963  loss: 5.0564  loss_text: 0.7651  loss_center: 2.9290  loss_reg_x: 0.8102  loss_reg_y: 0.5521
12/28 06:42:06 - mmengine - INFO - Epoch(train) [21][ 375/1544]  lr: 1.8952e-03  eta: 2 days, 13:58:04  time: 3.5793  data_time: 0.0022  memory: 19779  grad_norm: 26.6742  loss: 5.1001  loss_text: 0.7807  loss_center: 2.9277  loss_reg_x: 0.8284  loss_reg_y: 0.5633
12/28 06:42:22 - mmengine - INFO - Epoch(train) [21][ 380/1544]  lr: 1.8952e-03  eta: 2 days, 13:57:29  time: 3.3884  data_time: 0.0022  memory: 19779  grad_norm: 28.2597  loss: 5.2895  loss_text: 0.7432  loss_center: 2.9286  loss_reg_x: 0.9210  loss_reg_y: 0.6967
12/28 06:42:42 - mmengine - INFO - Epoch(train) [21][ 385/1544]  lr: 1.8952e-03  eta: 2 days, 13:57:28  time: 3.6452  data_time: 0.0023  memory: 19779  grad_norm: 25.5605  loss: 5.3827  loss_text: 0.8043  loss_center: 2.9247  loss_reg_x: 0.9800  loss_reg_y: 0.6738
12/28 06:43:02 - mmengine - INFO - Epoch(train) [21][ 390/1544]  lr: 1.8952e-03  eta: 2 days, 13:57:21  time: 4.0200  data_time: 0.0022  memory: 19779  grad_norm: 24.1038  loss: 5.2775  loss_text: 0.7657  loss_center: 2.9382  loss_reg_x: 0.9483  loss_reg_y: 0.6253
12/28 06:43:19 - mmengine - INFO - Epoch(train) [21][ 395/1544]  lr: 1.8952e-03  eta: 2 days, 13:56:57  time: 3.7024  data_time: 0.0027  memory: 19779  grad_norm: 22.3195  loss: 5.1237  loss_text: 0.7349  loss_center: 2.9412  loss_reg_x: 0.8110  loss_reg_y: 0.6367
12/28 06:43:37 - mmengine - INFO - Epoch(train) [21][ 400/1544]  lr: 1.8952e-03  eta: 2 days, 13:56:35  time: 3.4980  data_time: 0.0028  memory: 19779  grad_norm: 20.0160  loss: 5.1286  loss_text: 0.7866  loss_center: 2.9208  loss_reg_x: 0.8196  loss_reg_y: 0.6016
12/28 06:43:56 - mmengine - INFO - Epoch(train) [21][ 405/1544]  lr: 1.8952e-03  eta: 2 days, 13:56:21  time: 3.6372  data_time: 0.0028  memory: 19779  grad_norm: 20.2319  loss: 5.1561  loss_text: 0.8019  loss_center: 2.9235  loss_reg_x: 0.8702  loss_reg_y: 0.5606
12/28 06:44:15 - mmengine - INFO - Epoch(train) [21][ 410/1544]  lr: 1.8952e-03  eta: 2 days, 13:56:11  time: 3.7975  data_time: 0.0029  memory: 19779  grad_norm: 19.0958  loss: 5.0596  loss_text: 0.7506  loss_center: 2.9168  loss_reg_x: 0.8310  loss_reg_y: 0.5611
12/28 06:44:33 - mmengine - INFO - Epoch(train) [21][ 415/1544]  lr: 1.8952e-03  eta: 2 days, 13:55:53  time: 3.7421  data_time: 0.0024  memory: 19779  grad_norm: 21.6488  loss: 5.0488  loss_text: 0.7301  loss_center: 2.9093  loss_reg_x: 0.8180  loss_reg_y: 0.5914
12/28 06:44:51 - mmengine - INFO - Epoch(train) [21][ 420/1544]  lr: 1.8952e-03  eta: 2 days, 13:55:32  time: 3.6072  data_time: 0.0025  memory: 19779  grad_norm: 24.1560  loss: 5.1566  loss_text: 0.7627  loss_center: 2.9437  loss_reg_x: 0.8560  loss_reg_y: 0.5942
12/28 06:45:09 - mmengine - INFO - Epoch(train) [21][ 425/1544]  lr: 1.8952e-03  eta: 2 days, 13:55:14  time: 3.5984  data_time: 0.0025  memory: 19779  grad_norm: 24.0209  loss: 5.2596  loss_text: 0.7653  loss_center: 2.9594  loss_reg_x: 0.9172  loss_reg_y: 0.6177
12/28 06:45:28 - mmengine - INFO - Epoch(train) [21][ 430/1544]  lr: 1.8952e-03  eta: 2 days, 13:55:02  time: 3.7083  data_time: 0.0023  memory: 19779  grad_norm: 27.8863  loss: 5.3300  loss_text: 0.8296  loss_center: 2.9350  loss_reg_x: 0.8651  loss_reg_y: 0.7004
12/28 06:45:47 - mmengine - INFO - Epoch(train) [21][ 435/1544]  lr: 1.8952e-03  eta: 2 days, 13:54:46  time: 3.7506  data_time: 0.0023  memory: 19779  grad_norm: 28.0385  loss: 5.4380  loss_text: 0.9306  loss_center: 2.9244  loss_reg_x: 0.9218  loss_reg_y: 0.6612
12/28 06:46:06 - mmengine - INFO - Epoch(train) [21][ 440/1544]  lr: 1.8952e-03  eta: 2 days, 13:54:36  time: 3.7810  data_time: 0.0022  memory: 19779  grad_norm: 28.6005  loss: 5.3578  loss_text: 0.8468  loss_center: 2.9282  loss_reg_x: 0.9334  loss_reg_y: 0.6495
12/28 06:46:25 - mmengine - INFO - Epoch(train) [21][ 445/1544]  lr: 1.8952e-03  eta: 2 days, 13:54:25  time: 3.8314  data_time: 0.0023  memory: 19779  grad_norm: 29.3242  loss: 5.0518  loss_text: 0.7076  loss_center: 2.9235  loss_reg_x: 0.8069  loss_reg_y: 0.6139
12/28 06:46:43 - mmengine - INFO - Epoch(train) [21][ 450/1544]  lr: 1.8952e-03  eta: 2 days, 13:54:09  time: 3.7612  data_time: 0.0023  memory: 19779  grad_norm: 23.5590  loss: 5.1190  loss_text: 0.7355  loss_center: 2.9266  loss_reg_x: 0.8499  loss_reg_y: 0.6069
12/28 06:47:01 - mmengine - INFO - Epoch(train) [21][ 455/1544]  lr: 1.8952e-03  eta: 2 days, 13:53:43  time: 3.5613  data_time: 0.0022  memory: 19779  grad_norm: 19.0916  loss: 5.2195  loss_text: 0.7684  loss_center: 2.9431  loss_reg_x: 0.8996  loss_reg_y: 0.6084
12/28 06:47:20 - mmengine - INFO - Epoch(train) [21][ 460/1544]  lr: 1.8952e-03  eta: 2 days, 13:53:35  time: 3.6642  data_time: 0.0023  memory: 19779  grad_norm: 16.0392  loss: 4.9245  loss_text: 0.7387  loss_center: 2.9317  loss_reg_x: 0.7851  loss_reg_y: 0.4691
12/28 06:47:37 - mmengine - INFO - Epoch(train) [21][ 465/1544]  lr: 1.8952e-03  eta: 2 days, 13:53:09  time: 3.6678  data_time: 0.0023  memory: 19779  grad_norm: 17.9010  loss: 4.7918  loss_text: 0.6966  loss_center: 2.9184  loss_reg_x: 0.6802  loss_reg_y: 0.4966
12/28 06:47:59 - mmengine - INFO - Epoch(train) [21][ 470/1544]  lr: 1.8952e-03  eta: 2 days, 13:53:21  time: 3.9277  data_time: 0.0023  memory: 19779  grad_norm: 23.6306  loss: 4.9347  loss_text: 0.7548  loss_center: 2.9134  loss_reg_x: 0.7185  loss_reg_y: 0.5480
12/28 06:48:19 - mmengine - INFO - Epoch(train) [21][ 475/1544]  lr: 1.8952e-03  eta: 2 days, 13:53:15  time: 4.1997  data_time: 0.0024  memory: 19779  grad_norm: 23.6922  loss: 5.0730  loss_text: 0.7921  loss_center: 2.9143  loss_reg_x: 0.7829  loss_reg_y: 0.5837
12/28 06:48:37 - mmengine - INFO - Epoch(train) [21][ 480/1544]  lr: 1.8952e-03  eta: 2 days, 13:52:52  time: 3.7393  data_time: 0.0023  memory: 19779  grad_norm: 23.0775  loss: 5.2461  loss_text: 0.7787  loss_center: 2.9402  loss_reg_x: 0.8853  loss_reg_y: 0.6420
12/28 06:48:55 - mmengine - INFO - Epoch(train) [21][ 485/1544]  lr: 1.8952e-03  eta: 2 days, 13:52:33  time: 3.5618  data_time: 0.0026  memory: 19779  grad_norm: 22.8576  loss: 5.2138  loss_text: 0.7311  loss_center: 2.9364  loss_reg_x: 0.9159  loss_reg_y: 0.6303
12/28 06:49:12 - mmengine - INFO - Epoch(train) [21][ 490/1544]  lr: 1.8952e-03  eta: 2 days, 13:52:05  time: 3.4831  data_time: 0.0026  memory: 19779  grad_norm: 22.8738  loss: 5.1351  loss_text: 0.7197  loss_center: 2.9251  loss_reg_x: 0.8388  loss_reg_y: 0.6515
12/28 06:49:30 - mmengine - INFO - Epoch(train) [21][ 495/1544]  lr: 1.8952e-03  eta: 2 days, 13:51:50  time: 3.5484  data_time: 0.0025  memory: 19779  grad_norm: 23.4106  loss: 5.1593  loss_text: 0.7798  loss_center: 2.9331  loss_reg_x: 0.8273  loss_reg_y: 0.6191
12/28 06:49:48 - mmengine - INFO - Epoch(train) [21][ 500/1544]  lr: 1.8952e-03  eta: 2 days, 13:51:31  time: 3.6749  data_time: 0.0025  memory: 19779  grad_norm: 20.8208  loss: 5.1505  loss_text: 0.7898  loss_center: 2.9347  loss_reg_x: 0.8757  loss_reg_y: 0.5503
12/28 06:50:07 - mmengine - INFO - Epoch(train) [21][ 505/1544]  lr: 1.8952e-03  eta: 2 days, 13:51:13  time: 3.6259  data_time: 0.0029  memory: 19779  grad_norm: 25.3895  loss: 5.1833  loss_text: 0.7535  loss_center: 2.9404  loss_reg_x: 0.8353  loss_reg_y: 0.6541
12/28 06:50:24 - mmengine - INFO - Epoch(train) [21][ 510/1544]  lr: 1.8952e-03  eta: 2 days, 13:50:51  time: 3.5813  data_time: 0.0029  memory: 19779  grad_norm: 31.7105  loss: 5.2587  loss_text: 0.7859  loss_center: 2.9255  loss_reg_x: 0.8539  loss_reg_y: 0.6935
12/28 06:50:43 - mmengine - INFO - Epoch(train) [21][ 515/1544]  lr: 1.8952e-03  eta: 2 days, 13:50:34  time: 3.5982  data_time: 0.0028  memory: 19779  grad_norm: 30.2734  loss: 5.2341  loss_text: 0.7920  loss_center: 2.9142  loss_reg_x: 0.9315  loss_reg_y: 0.5965
12/28 06:51:01 - mmengine - INFO - Epoch(train) [21][ 520/1544]  lr: 1.8952e-03  eta: 2 days, 13:50:21  time: 3.7271  data_time: 0.0027  memory: 19779  grad_norm: 28.1670  loss: 5.2691  loss_text: 0.7475  loss_center: 2.9255  loss_reg_x: 0.9690  loss_reg_y: 0.6271
12/28 06:51:21 - mmengine - INFO - Epoch(train) [21][ 525/1544]  lr: 1.8952e-03  eta: 2 days, 13:50:15  time: 3.8651  data_time: 0.0023  memory: 19779  grad_norm: 26.5014  loss: 5.1919  loss_text: 0.7391  loss_center: 2.9337  loss_reg_x: 0.8986  loss_reg_y: 0.6205
12/28 06:51:41 - mmengine - INFO - Epoch(train) [21][ 530/1544]  lr: 1.8952e-03  eta: 2 days, 13:50:08  time: 3.9460  data_time: 0.0023  memory: 19779  grad_norm: 25.5546  loss: 5.1849  loss_text: 0.7720  loss_center: 2.9441  loss_reg_x: 0.8651  loss_reg_y: 0.6036
12/28 06:51:59 - mmengine - INFO - Epoch(train) [21][ 535/1544]  lr: 1.8952e-03  eta: 2 days, 13:49:48  time: 3.7704  data_time: 0.0028  memory: 19779  grad_norm: 24.0533  loss: 5.2503  loss_text: 0.7914  loss_center: 2.9383  loss_reg_x: 0.8844  loss_reg_y: 0.6362
12/28 06:52:17 - mmengine - INFO - Epoch(train) [21][ 540/1544]  lr: 1.8952e-03  eta: 2 days, 13:49:32  time: 3.6363  data_time: 0.0028  memory: 19779  grad_norm: 22.8595  loss: 5.1917  loss_text: 0.7160  loss_center: 2.9362  loss_reg_x: 0.8722  loss_reg_y: 0.6672
12/28 06:52:37 - mmengine - INFO - Epoch(train) [21][ 545/1544]  lr: 1.8952e-03  eta: 2 days, 13:49:25  time: 3.8119  data_time: 0.0022  memory: 19779  grad_norm: 22.0568  loss: 5.2776  loss_text: 0.7208  loss_center: 2.9382  loss_reg_x: 0.9241  loss_reg_y: 0.6945
12/28 06:52:53 - mmengine - INFO - Epoch(train) [21][ 550/1544]  lr: 1.8952e-03  eta: 2 days, 13:48:54  time: 3.6136  data_time: 0.0022  memory: 19779  grad_norm: 21.9205  loss: 5.4875  loss_text: 0.8556  loss_center: 2.9390  loss_reg_x: 0.9891  loss_reg_y: 0.7037
12/28 06:53:12 - mmengine - INFO - Epoch(train) [21][ 555/1544]  lr: 1.8952e-03  eta: 2 days, 13:48:37  time: 3.4706  data_time: 0.0029  memory: 19779  grad_norm: 23.3134  loss: 5.4744  loss_text: 0.9393  loss_center: 2.9464  loss_reg_x: 0.9325  loss_reg_y: 0.6562
12/28 06:53:30 - mmengine - INFO - Epoch(train) [21][ 560/1544]  lr: 1.8952e-03  eta: 2 days, 13:48:17  time: 3.6260  data_time: 0.0029  memory: 19779  grad_norm: 24.5721  loss: 5.2402  loss_text: 0.8351  loss_center: 2.9469  loss_reg_x: 0.8278  loss_reg_y: 0.6304
12/28 06:53:49 - mmengine - INFO - Epoch(train) [21][ 565/1544]  lr: 1.8952e-03  eta: 2 days, 13:48:06  time: 3.7203  data_time: 0.0023  memory: 19779  grad_norm: 24.4689  loss: 5.0100  loss_text: 0.7209  loss_center: 2.8781  loss_reg_x: 0.8365  loss_reg_y: 0.5745
12/28 06:54:08 - mmengine - INFO - Epoch(train) [21][ 570/1544]  lr: 1.8952e-03  eta: 2 days, 13:47:53  time: 3.8144  data_time: 0.0025  memory: 19779  grad_norm: 21.8520  loss: 4.8721  loss_text: 0.7289  loss_center: 2.8642  loss_reg_x: 0.7929  loss_reg_y: 0.4861
12/28 06:54:25 - mmengine - INFO - Epoch(train) [21][ 575/1544]  lr: 1.8952e-03  eta: 2 days, 13:47:30  time: 3.6354  data_time: 0.0025  memory: 19779  grad_norm: 21.5035  loss: 5.2062  loss_text: 0.8729  loss_center: 2.9197  loss_reg_x: 0.8795  loss_reg_y: 0.5342
12/28 06:54:44 - mmengine - INFO - Epoch(train) [21][ 580/1544]  lr: 1.8952e-03  eta: 2 days, 13:47:16  time: 3.6138  data_time: 0.0022  memory: 19779  grad_norm: 24.4292  loss: 5.3785  loss_text: 0.8959  loss_center: 2.9325  loss_reg_x: 0.9877  loss_reg_y: 0.5625
12/28 06:55:01 - mmengine - INFO - Epoch(train) [21][ 585/1544]  lr: 1.8952e-03  eta: 2 days, 13:46:52  time: 3.6064  data_time: 0.0022  memory: 19779  grad_norm: 25.3833  loss: 5.5151  loss_text: 0.8438  loss_center: 2.9456  loss_reg_x: 1.1222  loss_reg_y: 0.6036
12/28 06:55:18 - mmengine - INFO - Epoch(train) [21][ 590/1544]  lr: 1.8952e-03  eta: 2 days, 13:46:22  time: 3.4077  data_time: 0.0022  memory: 19779  grad_norm: 22.7684  loss: 5.3753  loss_text: 0.7991  loss_center: 2.9392  loss_reg_x: 1.0729  loss_reg_y: 0.5641
12/28 06:55:37 - mmengine - INFO - Epoch(train) [21][ 595/1544]  lr: 1.8952e-03  eta: 2 days, 13:46:09  time: 3.5469  data_time: 0.0023  memory: 19779  grad_norm: 20.1281  loss: 4.9771  loss_text: 0.7324  loss_center: 2.9327  loss_reg_x: 0.8186  loss_reg_y: 0.4935
12/28 06:55:55 - mmengine - INFO - Epoch(train) [21][ 600/1544]  lr: 1.8952e-03  eta: 2 days, 13:45:54  time: 3.7407  data_time: 0.0022  memory: 19779  grad_norm: 22.8758  loss: 5.1824  loss_text: 0.8306  loss_center: 2.9394  loss_reg_x: 0.8249  loss_reg_y: 0.5875
12/28 06:56:13 - mmengine - INFO - Epoch(train) [21][ 605/1544]  lr: 1.8952e-03  eta: 2 days, 13:45:31  time: 3.6202  data_time: 0.0022  memory: 19779  grad_norm: 21.3892  loss: 5.0598  loss_text: 0.8024  loss_center: 2.9287  loss_reg_x: 0.7502  loss_reg_y: 0.5786
12/28 06:56:32 - mmengine - INFO - Epoch(train) [21][ 610/1544]  lr: 1.8952e-03  eta: 2 days, 13:45:15  time: 3.6072  data_time: 0.0024  memory: 19779  grad_norm: 19.0795  loss: 4.7809  loss_text: 0.7015  loss_center: 2.9239  loss_reg_x: 0.7097  loss_reg_y: 0.4458
12/28 06:56:50 - mmengine - INFO - Epoch(train) [21][ 615/1544]  lr: 1.8952e-03  eta: 2 days, 13:44:58  time: 3.6831  data_time: 0.0024  memory: 19779  grad_norm: 22.1687  loss: 4.9038  loss_text: 0.7131  loss_center: 2.9246  loss_reg_x: 0.8034  loss_reg_y: 0.4627
12/28 06:57:09 - mmengine - INFO - Epoch(train) [21][ 620/1544]  lr: 1.8952e-03  eta: 2 days, 13:44:44  time: 3.6996  data_time: 0.0025  memory: 19779  grad_norm: 21.8069  loss: 5.1750  loss_text: 0.7250  loss_center: 2.9288  loss_reg_x: 0.9014  loss_reg_y: 0.6198
12/28 06:57:27 - mmengine - INFO - Epoch(train) [21][ 625/1544]  lr: 1.8952e-03  eta: 2 days, 13:44:26  time: 3.6853  data_time: 0.0025  memory: 19779  grad_norm: 19.5809  loss: 5.0542  loss_text: 0.7163  loss_center: 2.9289  loss_reg_x: 0.8153  loss_reg_y: 0.5937
12/28 06:57:46 - mmengine - INFO - Epoch(train) [21][ 630/1544]  lr: 1.8952e-03  eta: 2 days, 13:44:18  time: 3.7790  data_time: 0.0030  memory: 19779  grad_norm: 23.6146  loss: 4.8363  loss_text: 0.6974  loss_center: 2.9158  loss_reg_x: 0.6915  loss_reg_y: 0.5317
12/28 06:58:05 - mmengine - INFO - Epoch(train) [21][ 635/1544]  lr: 1.8952e-03  eta: 2 days, 13:44:02  time: 3.8115  data_time: 0.0030  memory: 19779  grad_norm: 29.6452  loss: 5.2658  loss_text: 0.7964  loss_center: 2.9288  loss_reg_x: 0.8897  loss_reg_y: 0.6510
12/28 06:58:25 - mmengine - INFO - Epoch(train) [21][ 640/1544]  lr: 1.8952e-03  eta: 2 days, 13:44:00  time: 3.8872  data_time: 0.0022  memory: 19779  grad_norm: 25.8524  loss: 5.3930  loss_text: 0.8291  loss_center: 2.9357  loss_reg_x: 0.9739  loss_reg_y: 0.6543
12/28 06:58:42 - mmengine - INFO - Epoch(train) [21][ 645/1544]  lr: 1.8952e-03  eta: 2 days, 13:43:31  time: 3.7046  data_time: 0.0023  memory: 19779  grad_norm: 25.1116  loss: 5.1303  loss_text: 0.7288  loss_center: 2.9272  loss_reg_x: 0.8493  loss_reg_y: 0.6249
12/28 06:58:58 - mmengine - INFO - Epoch(train) [21][ 650/1544]  lr: 1.8952e-03  eta: 2 days, 13:42:56  time: 3.2654  data_time: 0.0027  memory: 19779  grad_norm: 25.8975  loss: 5.2382  loss_text: 0.7640  loss_center: 2.9367  loss_reg_x: 0.9256  loss_reg_y: 0.6120
12/28 06:59:15 - mmengine - INFO - Epoch(train) [21][ 655/1544]  lr: 1.8952e-03  eta: 2 days, 13:42:34  time: 3.3513  data_time: 0.0027  memory: 19779  grad_norm: 20.7980  loss: 5.3728  loss_text: 0.7778  loss_center: 2.9389  loss_reg_x: 1.0390  loss_reg_y: 0.6170
12/28 06:59:35 - mmengine - INFO - Epoch(train) [21][ 660/1544]  lr: 1.8952e-03  eta: 2 days, 13:42:29  time: 3.7526  data_time: 0.0023  memory: 19779  grad_norm: 18.6565  loss: 5.1987  loss_text: 0.7127  loss_center: 2.9348  loss_reg_x: 0.9275  loss_reg_y: 0.6238
12/28 06:59:55 - mmengine - INFO - Epoch(train) [21][ 665/1544]  lr: 1.8952e-03  eta: 2 days, 13:42:21  time: 3.9614  data_time: 0.0024  memory: 19779  grad_norm: 23.2512  loss: 5.2642  loss_text: 0.7618  loss_center: 2.9322  loss_reg_x: 0.9061  loss_reg_y: 0.6641
12/28 07:00:12 - mmengine - INFO - Epoch(train) [21][ 670/1544]  lr: 1.8952e-03  eta: 2 days, 13:41:54  time: 3.6669  data_time: 0.0024  memory: 19779  grad_norm: 27.7195  loss: 5.3272  loss_text: 0.7958  loss_center: 2.9230  loss_reg_x: 0.9502  loss_reg_y: 0.6583
12/28 07:00:31 - mmengine - INFO - Epoch(train) [21][ 675/1544]  lr: 1.8952e-03  eta: 2 days, 13:41:39  time: 3.5570  data_time: 0.0028  memory: 19779  grad_norm: 26.3677  loss: 5.3389  loss_text: 0.7891  loss_center: 2.9291  loss_reg_x: 0.9463  loss_reg_y: 0.6744
12/28 07:00:49 - mmengine - INFO - Epoch(train) [21][ 680/1544]  lr: 1.8952e-03  eta: 2 days, 13:41:24  time: 3.7188  data_time: 0.0029  memory: 19779  grad_norm: 30.7869  loss: 5.6166  loss_text: 0.8242  loss_center: 2.9345  loss_reg_x: 1.1619  loss_reg_y: 0.6959
12/28 07:01:08 - mmengine - INFO - Epoch(train) [21][ 685/1544]  lr: 1.8952e-03  eta: 2 days, 13:41:13  time: 3.7854  data_time: 0.0026  memory: 19779  grad_norm: 29.4870  loss: 5.4738  loss_text: 0.8126  loss_center: 2.8596  loss_reg_x: 1.1725  loss_reg_y: 0.6291
12/28 07:01:25 - mmengine - INFO - Epoch(train) [21][ 690/1544]  lr: 1.8952e-03  eta: 2 days, 13:40:47  time: 3.6210  data_time: 0.0025  memory: 19779  grad_norm: 20.5756  loss: 5.1206  loss_text: 0.7284  loss_center: 2.8489  loss_reg_x: 0.9329  loss_reg_y: 0.6104
12/28 07:01:44 - mmengine - INFO - Epoch(train) [21][ 695/1544]  lr: 1.8952e-03  eta: 2 days, 13:40:30  time: 3.5440  data_time: 0.0029  memory: 19779  grad_norm: 18.6627  loss: 5.1930  loss_text: 0.7061  loss_center: 2.9138  loss_reg_x: 0.9591  loss_reg_y: 0.6139
12/28 07:02:01 - mmengine - INFO - Epoch(train) [21][ 700/1544]  lr: 1.8952e-03  eta: 2 days, 13:40:05  time: 3.5613  data_time: 0.0029  memory: 19779  grad_norm: 19.7391  loss: 5.3477  loss_text: 0.7347  loss_center: 2.9236  loss_reg_x: 0.9922  loss_reg_y: 0.6972
12/28 07:02:19 - mmengine - INFO - Epoch(train) [21][ 705/1544]  lr: 1.8952e-03  eta: 2 days, 13:39:46  time: 3.5231  data_time: 0.0027  memory: 19779  grad_norm: 19.8353  loss: 5.2142  loss_text: 0.6991  loss_center: 2.9263  loss_reg_x: 0.8847  loss_reg_y: 0.7042
12/28 07:02:36 - mmengine - INFO - Epoch(train) [21][ 710/1544]  lr: 1.8952e-03  eta: 2 days, 13:39:17  time: 3.4793  data_time: 0.0027  memory: 19779  grad_norm: 21.4596  loss: 5.0307  loss_text: 0.7055  loss_center: 2.9236  loss_reg_x: 0.8165  loss_reg_y: 0.5850
12/28 07:02:55 - mmengine - INFO - Epoch(train) [21][ 715/1544]  lr: 1.8952e-03  eta: 2 days, 13:39:10  time: 3.6359  data_time: 0.0024  memory: 19779  grad_norm: 24.2519  loss: 5.0270  loss_text: 0.7461  loss_center: 2.9195  loss_reg_x: 0.8093  loss_reg_y: 0.5521
12/28 07:03:14 - mmengine - INFO - Epoch(train) [21][ 720/1544]  lr: 1.8952e-03  eta: 2 days, 13:38:52  time: 3.7860  data_time: 0.0024  memory: 19779  grad_norm: 22.6261  loss: 4.9350  loss_text: 0.7267  loss_center: 2.9213  loss_reg_x: 0.7414  loss_reg_y: 0.5455
12/28 07:03:30 - mmengine - INFO - Epoch(train) [21][ 725/1544]  lr: 1.8952e-03  eta: 2 days, 13:38:23  time: 3.4967  data_time: 0.0026  memory: 19779  grad_norm: 21.2604  loss: 5.0023  loss_text: 0.7221  loss_center: 2.9488  loss_reg_x: 0.7778  loss_reg_y: 0.5537
12/28 07:03:48 - mmengine - INFO - Epoch(train) [21][ 730/1544]  lr: 1.8952e-03  eta: 2 days, 13:37:59  time: 3.4054  data_time: 0.0025  memory: 19779  grad_norm: 25.8998  loss: 5.2058  loss_text: 0.7693  loss_center: 2.9509  loss_reg_x: 0.8829  loss_reg_y: 0.6027
12/28 07:04:06 - mmengine - INFO - Epoch(train) [21][ 735/1544]  lr: 1.8952e-03  eta: 2 days, 13:37:41  time: 3.5577  data_time: 0.0027  memory: 19779  grad_norm: 23.7300  loss: 5.0900  loss_text: 0.7772  loss_center: 2.9312  loss_reg_x: 0.8193  loss_reg_y: 0.5623
12/28 07:04:23 - mmengine - INFO - Epoch(train) [21][ 740/1544]  lr: 1.8952e-03  eta: 2 days, 13:37:16  time: 3.5409  data_time: 0.0028  memory: 19779  grad_norm: 21.9625  loss: 5.2151  loss_text: 0.7936  loss_center: 2.9333  loss_reg_x: 0.9274  loss_reg_y: 0.5609
12/28 07:04:41 - mmengine - INFO - Epoch(train) [21][ 745/1544]  lr: 1.8952e-03  eta: 2 days, 13:36:57  time: 3.5211  data_time: 0.0025  memory: 19779  grad_norm: 25.1066  loss: 5.3447  loss_text: 0.7809  loss_center: 2.9459  loss_reg_x: 0.9906  loss_reg_y: 0.6273
12/28 07:04:59 - mmengine - INFO - Epoch(train) [21][ 750/1544]  lr: 1.8952e-03  eta: 2 days, 13:36:35  time: 3.5800  data_time: 0.0025  memory: 19779  grad_norm: 22.9622  loss: 5.2294  loss_text: 0.7496  loss_center: 2.9428  loss_reg_x: 0.8941  loss_reg_y: 0.6430
12/28 07:05:18 - mmengine - INFO - Epoch(train) [21][ 755/1544]  lr: 1.8952e-03  eta: 2 days, 13:36:23  time: 3.6791  data_time: 0.0024  memory: 19779  grad_norm: 24.5808  loss: 5.4034  loss_text: 0.8092  loss_center: 2.9465  loss_reg_x: 0.9533  loss_reg_y: 0.6944
12/28 07:05:38 - mmengine - INFO - Epoch(train) [21][ 760/1544]  lr: 1.8952e-03  eta: 2 days, 13:36:19  time: 3.9223  data_time: 0.0023  memory: 19779  grad_norm: 26.7266  loss: 5.5984  loss_text: 0.8125  loss_center: 2.9526  loss_reg_x: 1.0943  loss_reg_y: 0.7390
12/28 07:06:01 - mmengine - INFO - Epoch(train) [21][ 765/1544]  lr: 1.8952e-03  eta: 2 days, 13:36:32  time: 4.2589  data_time: 0.0023  memory: 19779  grad_norm: 26.2392  loss: 5.6053  loss_text: 0.8570  loss_center: 2.9476  loss_reg_x: 1.1395  loss_reg_y: 0.6612
12/28 07:06:17 - mmengine - INFO - Epoch(train) [21][ 770/1544]  lr: 1.8952e-03  eta: 2 days, 13:36:04  time: 3.9278  data_time: 0.0023  memory: 19779  grad_norm: 27.0189  loss: 5.5583  loss_text: 0.8875  loss_center: 2.9512  loss_reg_x: 1.0647  loss_reg_y: 0.6549
12/28 07:06:34 - mmengine - INFO - Epoch(train) [21][ 775/1544]  lr: 1.8952e-03  eta: 2 days, 13:35:37  time: 3.3853  data_time: 0.0023  memory: 19779  grad_norm: 25.6073  loss: 5.3000  loss_text: 0.7809  loss_center: 2.9311  loss_reg_x: 0.9631  loss_reg_y: 0.6249
12/28 07:06:53 - mmengine - INFO - Epoch(train) [21][ 780/1544]  lr: 1.8952e-03  eta: 2 days, 13:35:21  time: 3.5363  data_time: 0.0024  memory: 19779  grad_norm: 23.7513  loss: 5.4428  loss_text: 0.8141  loss_center: 2.9182  loss_reg_x: 1.0497  loss_reg_y: 0.6607
12/28 07:07:10 - mmengine - INFO - Epoch(train) [21][ 785/1544]  lr: 1.8952e-03  eta: 2 days, 13:34:53  time: 3.5278  data_time: 0.0024  memory: 19779  grad_norm: 21.6076  loss: 5.4091  loss_text: 0.8423  loss_center: 2.9194  loss_reg_x: 0.9577  loss_reg_y: 0.6897
12/28 07:07:29 - mmengine - INFO - Epoch(train) [21][ 790/1544]  lr: 1.8952e-03  eta: 2 days, 13:34:40  time: 3.5828  data_time: 0.0030  memory: 19779  grad_norm: 21.5009  loss: 4.9980  loss_text: 0.7501  loss_center: 2.9240  loss_reg_x: 0.7205  loss_reg_y: 0.6034
12/28 07:07:46 - mmengine - INFO - Epoch(train) [21][ 795/1544]  lr: 1.8952e-03  eta: 2 days, 13:34:14  time: 3.5974  data_time: 0.0030  memory: 19779  grad_norm: 23.8821  loss: 5.1216  loss_text: 0.7284  loss_center: 2.9335  loss_reg_x: 0.8596  loss_reg_y: 0.6001
12/28 07:08:05 - mmengine - INFO - Epoch(train) [21][ 800/1544]  lr: 1.8952e-03  eta: 2 days, 13:34:06  time: 3.6651  data_time: 0.0022  memory: 19779  grad_norm: 22.2192  loss: 5.1396  loss_text: 0.7027  loss_center: 2.9235  loss_reg_x: 0.9185  loss_reg_y: 0.5949
12/28 07:08:22 - mmengine - INFO - Epoch(train) [21][ 805/1544]  lr: 1.8952e-03  eta: 2 days, 13:33:40  time: 3.6630  data_time: 0.0021  memory: 19779  grad_norm: 32.5921  loss: 5.4577  loss_text: 0.7258  loss_center: 2.9329  loss_reg_x: 1.0191  loss_reg_y: 0.7799
12/28 07:08:41 - mmengine - INFO - Epoch(train) [21][ 810/1544]  lr: 1.8952e-03  eta: 2 days, 13:33:22  time: 3.5244  data_time: 0.0023  memory: 19779  grad_norm: 31.1628  loss: 5.6161  loss_text: 0.8309  loss_center: 2.9477  loss_reg_x: 1.0708  loss_reg_y: 0.7667
12/28 07:09:00 - mmengine - INFO - Epoch(train) [21][ 815/1544]  lr: 1.8952e-03  eta: 2 days, 13:33:10  time: 3.7294  data_time: 0.0024  memory: 19779  grad_norm: 18.5636  loss: 5.0791  loss_text: 0.7925  loss_center: 2.9319  loss_reg_x: 0.8217  loss_reg_y: 0.5330
12/28 07:09:18 - mmengine - INFO - Epoch(train) [21][ 820/1544]  lr: 1.8952e-03  eta: 2 days, 13:32:52  time: 3.7282  data_time: 0.0022  memory: 19779  grad_norm: 20.7234  loss: 5.0441  loss_text: 0.7336  loss_center: 2.9338  loss_reg_x: 0.8004  loss_reg_y: 0.5764
12/28 07:09:34 - mmengine - INFO - Epoch(train) [21][ 825/1544]  lr: 1.8952e-03  eta: 2 days, 13:32:17  time: 3.4034  data_time: 0.0022  memory: 19779  grad_norm: 19.3563  loss: 5.1499  loss_text: 0.7374  loss_center: 2.9378  loss_reg_x: 0.8513  loss_reg_y: 0.6235
12/28 07:09:51 - mmengine - INFO - Epoch(train) [21][ 830/1544]  lr: 1.8952e-03  eta: 2 days, 13:31:55  time: 3.3445  data_time: 0.0023  memory: 19779  grad_norm: 19.4425  loss: 5.2263  loss_text: 0.7754  loss_center: 2.9312  loss_reg_x: 0.8570  loss_reg_y: 0.6626
12/28 07:10:07 - mmengine - INFO - Epoch(train) [21][ 835/1544]  lr: 1.8952e-03  eta: 2 days, 13:31:22  time: 3.3748  data_time: 0.0023  memory: 19779  grad_norm: 24.9901  loss: 5.4579  loss_text: 0.8058  loss_center: 2.9557  loss_reg_x: 0.9120  loss_reg_y: 0.7845
12/28 07:10:24 - mmengine - INFO - Epoch(train) [21][ 840/1544]  lr: 1.8952e-03  eta: 2 days, 13:30:51  time: 3.2456  data_time: 0.0022  memory: 19779  grad_norm: 30.0376  loss: 5.5760  loss_text: 0.7965  loss_center: 2.9662  loss_reg_x: 0.9790  loss_reg_y: 0.8342
12/28 07:10:44 - mmengine - INFO - Epoch(train) [21][ 845/1544]  lr: 1.8952e-03  eta: 2 days, 13:30:46  time: 3.6439  data_time: 0.0022  memory: 19779  grad_norm: 28.7980  loss: 5.4002  loss_text: 0.7932  loss_center: 2.9329  loss_reg_x: 0.9918  loss_reg_y: 0.6823
12/28 07:11:00 - mmengine - INFO - Epoch(train) [21][ 850/1544]  lr: 1.8952e-03  eta: 2 days, 13:30:12  time: 3.5968  data_time: 0.0025  memory: 19779  grad_norm: 31.2307  loss: 5.4169  loss_text: 0.8202  loss_center: 2.9214  loss_reg_x: 1.0210  loss_reg_y: 0.6543
12/28 07:11:16 - mmengine - INFO - Epoch(train) [21][ 855/1544]  lr: 1.8952e-03  eta: 2 days, 13:29:37  time: 3.1732  data_time: 0.0025  memory: 19779  grad_norm: 29.4292  loss: 5.4303  loss_text: 0.7783  loss_center: 2.9381  loss_reg_x: 1.0062  loss_reg_y: 0.7077
12/28 07:11:31 - mmengine - INFO - Epoch(train) [21][ 860/1544]  lr: 1.8952e-03  eta: 2 days, 13:29:02  time: 3.1650  data_time: 0.0025  memory: 19779  grad_norm: 23.9546  loss: 5.0921  loss_text: 0.7332  loss_center: 2.9424  loss_reg_x: 0.8495  loss_reg_y: 0.5670
12/28 07:11:48 - mmengine - INFO - Epoch(train) [21][ 865/1544]  lr: 1.8952e-03  eta: 2 days, 13:28:36  time: 3.2810  data_time: 0.0025  memory: 19779  grad_norm: 23.0442  loss: 5.1601  loss_text: 0.7667  loss_center: 2.9329  loss_reg_x: 0.8811  loss_reg_y: 0.5794
12/28 07:12:08 - mmengine - INFO - Epoch(train) [21][ 870/1544]  lr: 1.8952e-03  eta: 2 days, 13:28:30  time: 3.6900  data_time: 0.0022  memory: 19779  grad_norm: 25.6061  loss: 5.5741  loss_text: 0.8413  loss_center: 2.9309  loss_reg_x: 1.0731  loss_reg_y: 0.7288
12/28 07:12:25 - mmengine - INFO - Epoch(train) [21][ 875/1544]  lr: 1.8952e-03  eta: 2 days, 13:28:01  time: 3.6575  data_time: 0.0024  memory: 19779  grad_norm: 28.3300  loss: 5.4328  loss_text: 0.8294  loss_center: 2.9386  loss_reg_x: 0.9682  loss_reg_y: 0.6966
12/28 07:12:45 - mmengine - INFO - Epoch(train) [21][ 880/1544]  lr: 1.8952e-03  eta: 2 days, 13:27:55  time: 3.6649  data_time: 0.0024  memory: 19779  grad_norm: 28.3867  loss: 5.0420  loss_text: 0.7748  loss_center: 2.9243  loss_reg_x: 0.7502  loss_reg_y: 0.5927
12/28 07:13:05 - mmengine - INFO - Epoch(train) [21][ 885/1544]  lr: 1.8952e-03  eta: 2 days, 13:27:49  time: 3.9767  data_time: 0.0022  memory: 19779  grad_norm: 23.9861  loss: 4.9371  loss_text: 0.7613  loss_center: 2.9066  loss_reg_x: 0.7165  loss_reg_y: 0.5527
12/28 07:13:23 - mmengine - INFO - Epoch(train) [21][ 890/1544]  lr: 1.8952e-03  eta: 2 days, 13:27:31  time: 3.8003  data_time: 0.0026  memory: 19779  grad_norm: 21.4623  loss: 5.2449  loss_text: 0.8032  loss_center: 2.9249  loss_reg_x: 0.9354  loss_reg_y: 0.5814
12/28 07:13:41 - mmengine - INFO - Epoch(train) [21][ 895/1544]  lr: 1.8952e-03  eta: 2 days, 13:27:13  time: 3.6444  data_time: 0.0027  memory: 19779  grad_norm: 27.0400  loss: 5.6610  loss_text: 0.9388  loss_center: 2.9367  loss_reg_x: 1.0953  loss_reg_y: 0.6901
12/28 07:13:59 - mmengine - INFO - Epoch(train) [21][ 900/1544]  lr: 1.8952e-03  eta: 2 days, 13:26:50  time: 3.5778  data_time: 0.0022  memory: 19779  grad_norm: 23.4857  loss: 5.3530  loss_text: 0.8705  loss_center: 2.9172  loss_reg_x: 0.9036  loss_reg_y: 0.6616
12/28 07:14:17 - mmengine - INFO - Epoch(train) [21][ 905/1544]  lr: 1.8952e-03  eta: 2 days, 13:26:35  time: 3.6101  data_time: 0.0022  memory: 19779  grad_norm: 24.0620  loss: 5.2406  loss_text: 0.7976  loss_center: 2.9258  loss_reg_x: 0.8403  loss_reg_y: 0.6769
12/28 07:14:36 - mmengine - INFO - Epoch(train) [21][ 910/1544]  lr: 1.8952e-03  eta: 2 days, 13:26:20  time: 3.7224  data_time: 0.0023  memory: 19779  grad_norm: 24.1835  loss: 5.2900  loss_text: 0.8434  loss_center: 2.9356  loss_reg_x: 0.8722  loss_reg_y: 0.6387
12/28 07:14:54 - mmengine - INFO - Epoch(train) [21][ 915/1544]  lr: 1.8952e-03  eta: 2 days, 13:25:58  time: 3.6236  data_time: 0.0023  memory: 19779  grad_norm: 23.9344  loss: 5.2854  loss_text: 0.8413  loss_center: 2.9319  loss_reg_x: 0.9540  loss_reg_y: 0.5583
12/28 07:15:12 - mmengine - INFO - Epoch(train) [21][ 920/1544]  lr: 1.8952e-03  eta: 2 days, 13:25:42  time: 3.6047  data_time: 0.0024  memory: 19779  grad_norm: 24.2092  loss: 5.3163  loss_text: 0.8054  loss_center: 2.9397  loss_reg_x: 0.9633  loss_reg_y: 0.6079
12/28 07:15:29 - mmengine - INFO - Epoch(train) [21][ 925/1544]  lr: 1.8952e-03  eta: 2 days, 13:25:18  time: 3.5807  data_time: 0.0024  memory: 19779  grad_norm: 21.5673  loss: 5.2455  loss_text: 0.7871  loss_center: 2.9311  loss_reg_x: 0.8991  loss_reg_y: 0.6283
12/28 07:15:50 - mmengine - INFO - Epoch(train) [21][ 930/1544]  lr: 1.8952e-03  eta: 2 days, 13:25:20  time: 3.8418  data_time: 0.0023  memory: 19779  grad_norm: 24.2695  loss: 5.1816  loss_text: 0.7899  loss_center: 2.9240  loss_reg_x: 0.8510  loss_reg_y: 0.6166
12/28 07:16:10 - mmengine - INFO - Epoch(train) [21][ 935/1544]  lr: 1.8952e-03  eta: 2 days, 13:25:13  time: 4.0768  data_time: 0.0023  memory: 19779  grad_norm: 22.5215  loss: 5.0069  loss_text: 0.7152  loss_center: 2.9211  loss_reg_x: 0.8101  loss_reg_y: 0.5605
12/28 07:16:28 - mmengine - INFO - Epoch(train) [21][ 940/1544]  lr: 1.8952e-03  eta: 2 days, 13:24:53  time: 3.7628  data_time: 0.0022  memory: 19779  grad_norm: 19.0526  loss: 4.9682  loss_text: 0.6966  loss_center: 2.9199  loss_reg_x: 0.8447  loss_reg_y: 0.5070
12/28 07:16:46 - mmengine - INFO - Epoch(train) [21][ 945/1544]  lr: 1.8952e-03  eta: 2 days, 13:24:30  time: 3.5445  data_time: 0.0028  memory: 19779  grad_norm: 21.4916  loss: 5.0350  loss_text: 0.7488  loss_center: 2.9250  loss_reg_x: 0.8640  loss_reg_y: 0.4972
12/28 07:17:03 - mmengine - INFO - Epoch(train) [21][ 950/1544]  lr: 1.8952e-03  eta: 2 days, 13:24:06  time: 3.4847  data_time: 0.0029  memory: 19779  grad_norm: 23.7299  loss: 5.2601  loss_text: 0.7450  loss_center: 2.9293  loss_reg_x: 0.9123  loss_reg_y: 0.6734
12/28 07:17:22 - mmengine - INFO - Epoch(train) [21][ 955/1544]  lr: 1.8952e-03  eta: 2 days, 13:23:51  time: 3.5946  data_time: 0.0023  memory: 19779  grad_norm: 21.2268  loss: 5.2627  loss_text: 0.7703  loss_center: 2.9313  loss_reg_x: 0.8879  loss_reg_y: 0.6732
12/28 07:17:38 - mmengine - INFO - Epoch(train) [21][ 960/1544]  lr: 1.8952e-03  eta: 2 days, 13:23:24  time: 3.5526  data_time: 0.0037  memory: 19779  grad_norm: 20.2352  loss: 5.1787  loss_text: 0.8028  loss_center: 2.9379  loss_reg_x: 0.8300  loss_reg_y: 0.6081
12/28 07:17:57 - mmengine - INFO - Epoch(train) [21][ 965/1544]  lr: 1.8952e-03  eta: 2 days, 13:23:11  time: 3.5884  data_time: 0.0043  memory: 19779  grad_norm: 19.8490  loss: 5.0339  loss_text: 0.7492  loss_center: 2.9314  loss_reg_x: 0.7374  loss_reg_y: 0.6159
12/28 07:18:15 - mmengine - INFO - Epoch(train) [21][ 970/1544]  lr: 1.8952e-03  eta: 2 days, 13:22:47  time: 3.6331  data_time: 0.0029  memory: 19779  grad_norm: 24.8606  loss: 5.0777  loss_text: 0.7911  loss_center: 2.9170  loss_reg_x: 0.8162  loss_reg_y: 0.5533
12/28 07:18:37 - mmengine - INFO - Epoch(train) [21][ 975/1544]  lr: 1.8952e-03  eta: 2 days, 13:22:55  time: 3.9233  data_time: 0.0023  memory: 19779  grad_norm: 29.8251  loss: 5.2102  loss_text: 0.8009  loss_center: 2.9175  loss_reg_x: 0.8977  loss_reg_y: 0.5942
12/28 07:18:55 - mmengine - INFO - Epoch(train) [21][ 980/1544]  lr: 1.8952e-03  eta: 2 days, 13:22:38  time: 4.0283  data_time: 0.0022  memory: 19779  grad_norm: 25.2642  loss: 5.1440  loss_text: 0.7382  loss_center: 2.9255  loss_reg_x: 0.8826  loss_reg_y: 0.5976
12/28 07:19:14 - mmengine - INFO - Epoch(train) [21][ 985/1544]  lr: 1.8952e-03  eta: 2 days, 13:22:27  time: 3.7512  data_time: 0.0023  memory: 19779  grad_norm: 20.9002  loss: 5.1823  loss_text: 0.7696  loss_center: 2.9327  loss_reg_x: 0.8929  loss_reg_y: 0.5872
12/28 07:19:32 - mmengine - INFO - Epoch(train) [21][ 990/1544]  lr: 1.8952e-03  eta: 2 days, 13:22:03  time: 3.6495  data_time: 0.0024  memory: 19779  grad_norm: 20.1782  loss: 5.1254  loss_text: 0.7673  loss_center: 2.9238  loss_reg_x: 0.8608  loss_reg_y: 0.5735
12/28 07:19:49 - mmengine - INFO - Epoch(train) [21][ 995/1544]  lr: 1.8952e-03  eta: 2 days, 13:21:37  time: 3.4431  data_time: 0.0025  memory: 19779  grad_norm: 23.3621  loss: 5.3436  loss_text: 0.8199  loss_center: 2.9445  loss_reg_x: 0.9662  loss_reg_y: 0.6130
12/28 07:20:06 - mmengine - INFO - Epoch(train) [21][1000/1544]  lr: 1.8952e-03  eta: 2 days, 13:21:14  time: 3.4581  data_time: 0.0024  memory: 19779  grad_norm: 24.3654  loss: 5.2855  loss_text: 0.7999  loss_center: 2.9326  loss_reg_x: 0.9100  loss_reg_y: 0.6430
12/28 07:20:25 - mmengine - INFO - Epoch(train) [21][1005/1544]  lr: 1.8952e-03  eta: 2 days, 13:21:01  time: 3.6414  data_time: 0.0023  memory: 19779  grad_norm: 25.0093  loss: 5.2830  loss_text: 0.7960  loss_center: 2.9163  loss_reg_x: 0.9337  loss_reg_y: 0.6370
12/28 07:20:48 - mmengine - INFO - Epoch(train) [21][1010/1544]  lr: 1.8952e-03  eta: 2 days, 13:21:13  time: 4.1396  data_time: 0.0023  memory: 19779  grad_norm: 25.1103  loss: 5.1982  loss_text: 0.7543  loss_center: 2.9374  loss_reg_x: 0.8818  loss_reg_y: 0.6247
12/28 07:21:04 - mmengine - INFO - Epoch(train) [21][1015/1544]  lr: 1.8952e-03  eta: 2 days, 13:20:46  time: 3.9370  data_time: 0.0023  memory: 19779  grad_norm: 23.7974  loss: 4.9185  loss_text: 0.6808  loss_center: 2.9294  loss_reg_x: 0.7204  loss_reg_y: 0.5880
12/28 07:21:24 - mmengine - INFO - Epoch(train) [21][1020/1544]  lr: 1.8952e-03  eta: 2 days, 13:20:34  time: 3.6047  data_time: 0.0025  memory: 19779  grad_norm: 27.9933  loss: 5.4233  loss_text: 0.8238  loss_center: 2.9396  loss_reg_x: 1.0117  loss_reg_y: 0.6482
12/28 07:21:41 - mmengine - INFO - Epoch(train) [21][1025/1544]  lr: 1.8952e-03  eta: 2 days, 13:20:11  time: 3.6678  data_time: 0.0024  memory: 19779  grad_norm: 25.1497  loss: 5.4703  loss_text: 0.8100  loss_center: 2.9443  loss_reg_x: 1.0404  loss_reg_y: 0.6757
12/28 07:22:02 - mmengine - INFO - Epoch(train) [21][1030/1544]  lr: 1.8952e-03  eta: 2 days, 13:20:10  time: 3.8114  data_time: 0.0022  memory: 19779  grad_norm: 21.1165  loss: 5.1619  loss_text: 0.7274  loss_center: 2.9237  loss_reg_x: 0.9091  loss_reg_y: 0.6017
12/28 07:22:20 - mmengine - INFO - Epoch(train) [21][1035/1544]  lr: 1.8952e-03  eta: 2 days, 13:19:55  time: 3.9187  data_time: 0.0022  memory: 19779  grad_norm: 26.4894  loss: 5.3962  loss_text: 0.7648  loss_center: 2.9294  loss_reg_x: 1.0456  loss_reg_y: 0.6565
12/28 07:22:41 - mmengine - INFO - Epoch(train) [21][1040/1544]  lr: 1.8952e-03  eta: 2 days, 13:19:54  time: 3.9274  data_time: 0.0023  memory: 19779  grad_norm: 24.5680  loss: 5.3181  loss_text: 0.7679  loss_center: 2.9435  loss_reg_x: 0.9505  loss_reg_y: 0.6563
12/28 07:22:58 - mmengine - INFO - Epoch(train) [21][1045/1544]  lr: 1.8952e-03  eta: 2 days, 13:19:26  time: 3.7457  data_time: 0.0024  memory: 19779  grad_norm: 20.7578  loss: 5.1641  loss_text: 0.7528  loss_center: 2.9371  loss_reg_x: 0.8880  loss_reg_y: 0.5862
12/28 07:23:16 - mmengine - INFO - Epoch(train) [21][1050/1544]  lr: 1.8952e-03  eta: 2 days, 13:19:11  time: 3.5412  data_time: 0.0025  memory: 19779  grad_norm: 24.1471  loss: 5.2194  loss_text: 0.7301  loss_center: 2.9228  loss_reg_x: 0.9243  loss_reg_y: 0.6421
12/28 07:23:34 - mmengine - INFO - Epoch(train) [21][1055/1544]  lr: 1.8952e-03  eta: 2 days, 13:18:51  time: 3.6538  data_time: 0.0025  memory: 19779  grad_norm: 25.7462  loss: 5.2050  loss_text: 0.7572  loss_center: 2.9344  loss_reg_x: 0.8684  loss_reg_y: 0.6450
12/28 07:23:54 - mmengine - INFO - Epoch(train) [21][1060/1544]  lr: 1.8952e-03  eta: 2 days, 13:18:45  time: 3.7818  data_time: 0.0023  memory: 19779  grad_norm: 24.1248  loss: 5.0850  loss_text: 0.8041  loss_center: 2.9338  loss_reg_x: 0.7643  loss_reg_y: 0.5827
12/28 07:24:12 - mmengine - INFO - Epoch(train) [21][1065/1544]  lr: 1.8952e-03  eta: 2 days, 13:18:25  time: 3.7942  data_time: 0.0022  memory: 19779  grad_norm: 27.9433  loss: 5.1104  loss_text: 0.7469  loss_center: 2.9149  loss_reg_x: 0.8402  loss_reg_y: 0.6083
12/28 07:24:30 - mmengine - INFO - Epoch(train) [21][1070/1544]  lr: 1.8952e-03  eta: 2 days, 13:18:03  time: 3.5518  data_time: 0.0021  memory: 19779  grad_norm: 27.2379  loss: 5.1957  loss_text: 0.6965  loss_center: 2.9250  loss_reg_x: 0.9440  loss_reg_y: 0.6302
12/28 07:24:46 - mmengine - INFO - Epoch(train) [21][1075/1544]  lr: 1.8952e-03  eta: 2 days, 13:17:32  time: 3.3933  data_time: 0.0022  memory: 19779  grad_norm: 24.7711  loss: 5.3072  loss_text: 0.7351  loss_center: 2.8861  loss_reg_x: 0.9475  loss_reg_y: 0.7384
12/28 07:25:02 - mmengine - INFO - Epoch(train) [21][1080/1544]  lr: 1.8952e-03  eta: 2 days, 13:17:01  time: 3.2669  data_time: 0.0025  memory: 19779  grad_norm: 26.3753  loss: 5.3798  loss_text: 0.7499  loss_center: 2.8934  loss_reg_x: 0.9564  loss_reg_y: 0.7801
12/28 07:25:19 - mmengine - INFO - Epoch(train) [21][1085/1544]  lr: 1.8952e-03  eta: 2 days, 13:16:30  time: 3.2612  data_time: 0.0026  memory: 19779  grad_norm: 23.2891  loss: 5.2339  loss_text: 0.7336  loss_center: 2.9435  loss_reg_x: 0.8853  loss_reg_y: 0.6715
12/28 07:25:37 - mmengine - INFO - Epoch(train) [21][1090/1544]  lr: 1.8952e-03  eta: 2 days, 13:16:12  time: 3.4592  data_time: 0.0026  memory: 19779  grad_norm: 23.3181  loss: 5.2029  loss_text: 0.8101  loss_center: 2.9467  loss_reg_x: 0.8184  loss_reg_y: 0.6277
12/28 07:25:54 - mmengine - INFO - Epoch(train) [21][1095/1544]  lr: 1.8952e-03  eta: 2 days, 13:15:44  time: 3.4870  data_time: 0.0025  memory: 19779  grad_norm: 24.7081  loss: 5.2534  loss_text: 0.8206  loss_center: 2.9400  loss_reg_x: 0.8653  loss_reg_y: 0.6275
12/28 07:26:12 - mmengine - INFO - Epoch(train) [21][1100/1544]  lr: 1.8952e-03  eta: 2 days, 13:15:25  time: 3.4712  data_time: 0.0024  memory: 19779  grad_norm: 23.4249  loss: 5.3735  loss_text: 0.7793  loss_center: 2.9203  loss_reg_x: 0.9784  loss_reg_y: 0.6956
12/28 07:26:30 - mmengine - INFO - Epoch(train) [21][1105/1544]  lr: 1.8952e-03  eta: 2 days, 13:15:06  time: 3.6226  data_time: 0.0024  memory: 19779  grad_norm: 21.8558  loss: 5.1669  loss_text: 0.7498  loss_center: 2.9212  loss_reg_x: 0.8500  loss_reg_y: 0.6459
12/28 07:26:48 - mmengine - INFO - Epoch(train) [21][1110/1544]  lr: 1.8952e-03  eta: 2 days, 13:14:48  time: 3.6269  data_time: 0.0025  memory: 19779  grad_norm: 22.3947  loss: 4.8838  loss_text: 0.7189  loss_center: 2.9238  loss_reg_x: 0.7382  loss_reg_y: 0.5028
12/28 07:27:07 - mmengine - INFO - Epoch(train) [21][1115/1544]  lr: 1.8952e-03  eta: 2 days, 13:14:34  time: 3.6914  data_time: 0.0027  memory: 19779  grad_norm: 26.0157  loss: 5.0411  loss_text: 0.7744  loss_center: 2.9193  loss_reg_x: 0.8559  loss_reg_y: 0.4915
12/28 07:27:25 - mmengine - INFO - Exp name: fcenet_r50dcnv2_fpn_1500e_lsvt_ctw_pretrain_20251227_202521
12/28 07:27:25 - mmengine - INFO - Epoch(train) [21][1120/1544]  lr: 1.8952e-03  eta: 2 days, 13:14:16  time: 3.7038  data_time: 0.0025  memory: 19779  grad_norm: 33.8341  loss: 5.4036  loss_text: 0.7983  loss_center: 2.9368  loss_reg_x: 1.0513  loss_reg_y: 0.6171
12/28 07:27:42 - mmengine - INFO - Epoch(train) [21][1125/1544]  lr: 1.8952e-03  eta: 2 days, 13:13:52  time: 3.5611  data_time: 0.0022  memory: 19779  grad_norm: 33.1804  loss: 5.4586  loss_text: 0.7921  loss_center: 2.9439  loss_reg_x: 1.0279  loss_reg_y: 0.6947
12/28 07:28:00 - mmengine - INFO - Epoch(train) [21][1130/1544]  lr: 1.8952e-03  eta: 2 days, 13:13:30  time: 3.4923  data_time: 0.0030  memory: 19779  grad_norm: 25.8622  loss: 5.3818  loss_text: 0.8616  loss_center: 2.9392  loss_reg_x: 0.9086  loss_reg_y: 0.6724
12/28 07:28:18 - mmengine - INFO - Epoch(train) [21][1135/1544]  lr: 1.8952e-03  eta: 2 days, 13:13:12  time: 3.5703  data_time: 0.0030  memory: 19779  grad_norm: 24.3683  loss: 5.1627  loss_text: 0.8179  loss_center: 2.9310  loss_reg_x: 0.8231  loss_reg_y: 0.5908
12/28 07:28:39 - mmengine - INFO - Epoch(train) [21][1140/1544]  lr: 1.8952e-03  eta: 2 days, 13:13:12  time: 3.9001  data_time: 0.0030  memory: 19779  grad_norm: 24.7821  loss: 5.4977  loss_text: 0.8638  loss_center: 2.9412  loss_reg_x: 0.9650  loss_reg_y: 0.7276
12/28 07:29:00 - mmengine - INFO - Epoch(train) [21][1145/1544]  lr: 1.8952e-03  eta: 2 days, 13:13:11  time: 4.1553  data_time: 0.0030  memory: 19779  grad_norm: 23.4277  loss: 5.6099  loss_text: 0.8953  loss_center: 2.9532  loss_reg_x: 1.0061  loss_reg_y: 0.7552
12/28 07:29:17 - mmengine - INFO - Epoch(train) [21][1150/1544]  lr: 1.8952e-03  eta: 2 days, 13:12:49  time: 3.8396  data_time: 0.0022  memory: 19779  grad_norm: 20.1565  loss: 5.2169  loss_text: 0.7543  loss_center: 2.9370  loss_reg_x: 0.9306  loss_reg_y: 0.5949
12/28 07:29:36 - mmengine - INFO - Epoch(train) [21][1155/1544]  lr: 1.8952e-03  eta: 2 days, 13:12:35  time: 3.6479  data_time: 0.0023  memory: 19779  grad_norm: 20.2706  loss: 5.3081  loss_text: 0.7618  loss_center: 2.9371  loss_reg_x: 1.0212  loss_reg_y: 0.5879
12/28 07:29:55 - mmengine - INFO - Epoch(train) [21][1160/1544]  lr: 1.8952e-03  eta: 2 days, 13:12:23  time: 3.7900  data_time: 0.0024  memory: 19779  grad_norm: 22.9187  loss: 5.2042  loss_text: 0.7228  loss_center: 2.9433  loss_reg_x: 0.9213  loss_reg_y: 0.6167
12/28 07:30:14 - mmengine - INFO - Epoch(train) [21][1165/1544]  lr: 1.8952e-03  eta: 2 days, 13:12:12  time: 3.8313  data_time: 0.0023  memory: 19779  grad_norm: 22.2372  loss: 5.1428  loss_text: 0.6976  loss_center: 2.9409  loss_reg_x: 0.8517  loss_reg_y: 0.6526
12/28 07:30:31 - mmengine - INFO - Epoch(train) [21][1170/1544]  lr: 1.8952e-03  eta: 2 days, 13:11:45  time: 3.6054  data_time: 0.0023  memory: 19779  grad_norm: 23.9737  loss: 5.4003  loss_text: 0.7773  loss_center: 2.9351  loss_reg_x: 1.0189  loss_reg_y: 0.6689
12/28 07:30:48 - mmengine - INFO - Epoch(train) [21][1175/1544]  lr: 1.8952e-03  eta: 2 days, 13:11:18  time: 3.3723  data_time: 0.0035  memory: 19779  grad_norm: 24.8767  loss: 5.5083  loss_text: 0.8424  loss_center: 2.9233  loss_reg_x: 1.1264  loss_reg_y: 0.6162
12/28 07:31:06 - mmengine - INFO - Epoch(train) [21][1180/1544]  lr: 1.8952e-03  eta: 2 days, 13:10:58  time: 3.4852  data_time: 0.0035  memory: 19779  grad_norm: 21.5701  loss: 5.2598  loss_text: 0.8171  loss_center: 2.9287  loss_reg_x: 0.9258  loss_reg_y: 0.5882
12/28 07:31:25 - mmengine - INFO - Epoch(train) [21][1185/1544]  lr: 1.8952e-03  eta: 2 days, 13:10:42  time: 3.6435  data_time: 0.0023  memory: 19779  grad_norm: 20.7453  loss: 5.0609  loss_text: 0.7483  loss_center: 2.9639  loss_reg_x: 0.7467  loss_reg_y: 0.6021
12/28 07:31:45 - mmengine - INFO - Epoch(train) [21][1190/1544]  lr: 1.8952e-03  eta: 2 days, 13:10:41  time: 3.9185  data_time: 0.0023  memory: 19779  grad_norm: 27.4409  loss: 5.2857  loss_text: 0.8458  loss_center: 2.9657  loss_reg_x: 0.9093  loss_reg_y: 0.5649
12/28 07:32:05 - mmengine - INFO - Epoch(train) [21][1195/1544]  lr: 1.8952e-03  eta: 2 days, 13:10:32  time: 4.0217  data_time: 0.0023  memory: 19779  grad_norm: 30.5628  loss: 5.4646  loss_text: 0.8699  loss_center: 2.9381  loss_reg_x: 0.9994  loss_reg_y: 0.6572
12/28 07:32:25 - mmengine - INFO - Epoch(train) [21][1200/1544]  lr: 1.8952e-03  eta: 2 days, 13:10:25  time: 3.9382  data_time: 0.0024  memory: 19779  grad_norm: 24.0921  loss: 5.2412  loss_text: 0.7378  loss_center: 2.9300  loss_reg_x: 0.8796  loss_reg_y: 0.6938
12/28 07:32:40 - mmengine - INFO - Epoch(train) [21][1205/1544]  lr: 1.8952e-03  eta: 2 days, 13:09:49  time: 3.5382  data_time: 0.0023  memory: 19779  grad_norm: 21.9897  loss: 5.1966  loss_text: 0.7553  loss_center: 2.9379  loss_reg_x: 0.8882  loss_reg_y: 0.6153
12/28 07:32:58 - mmengine - INFO - Epoch(train) [21][1210/1544]  lr: 1.8952e-03  eta: 2 days, 13:09:27  time: 3.3140  data_time: 0.0022  memory: 19779  grad_norm: 20.5973  loss: 5.1862  loss_text: 0.7548  loss_center: 2.9351  loss_reg_x: 0.9512  loss_reg_y: 0.5451
12/28 07:33:15 - mmengine - INFO - Epoch(train) [21][1215/1544]  lr: 1.8952e-03  eta: 2 days, 13:09:03  time: 3.5007  data_time: 0.0024  memory: 19779  grad_norm: 21.8556  loss: 5.1847  loss_text: 0.7461  loss_center: 2.9377  loss_reg_x: 0.9696  loss_reg_y: 0.5314
12/28 07:33:33 - mmengine - INFO - Epoch(train) [21][1220/1544]  lr: 1.8952e-03  eta: 2 days, 13:08:46  time: 3.5650  data_time: 0.0023  memory: 19779  grad_norm: 19.6999  loss: 5.0270  loss_text: 0.7192  loss_center: 2.9221  loss_reg_x: 0.8215  loss_reg_y: 0.5642
12/28 07:33:52 - mmengine - INFO - Epoch(train) [21][1225/1544]  lr: 1.8952e-03  eta: 2 days, 13:08:27  time: 3.6413  data_time: 0.0022  memory: 19779  grad_norm: 19.4873  loss: 5.1286  loss_text: 0.7578  loss_center: 2.9154  loss_reg_x: 0.8287  loss_reg_y: 0.6267
12/28 07:34:10 - mmengine - INFO - Epoch(train) [21][1230/1544]  lr: 1.8952e-03  eta: 2 days, 13:08:11  time: 3.6584  data_time: 0.0029  memory: 19779  grad_norm: 25.4319  loss: 5.4052  loss_text: 0.8426  loss_center: 2.9317  loss_reg_x: 0.9817  loss_reg_y: 0.6491
12/28 07:34:29 - mmengine - INFO - Epoch(train) [21][1235/1544]  lr: 1.8952e-03  eta: 2 days, 13:08:00  time: 3.7725  data_time: 0.0030  memory: 19779  grad_norm: 23.5195  loss: 5.2189  loss_text: 0.8221  loss_center: 2.9282  loss_reg_x: 0.8485  loss_reg_y: 0.6201
12/28 07:34:47 - mmengine - INFO - Epoch(train) [21][1240/1544]  lr: 1.8952e-03  eta: 2 days, 13:07:41  time: 3.7335  data_time: 0.0023  memory: 19779  grad_norm: 22.8212  loss: 4.9818  loss_text: 0.7791  loss_center: 2.9285  loss_reg_x: 0.6956  loss_reg_y: 0.5786
12/28 07:35:05 - mmengine - INFO - Epoch(train) [21][1245/1544]  lr: 1.8952e-03  eta: 2 days, 13:07:19  time: 3.5680  data_time: 0.0023  memory: 19779  grad_norm: 22.8268  loss: 4.9501  loss_text: 0.7196  loss_center: 2.9384  loss_reg_x: 0.7702  loss_reg_y: 0.5219
12/28 07:35:24 - mmengine - INFO - Epoch(train) [21][1250/1544]  lr: 1.8952e-03  eta: 2 days, 13:07:06  time: 3.6490  data_time: 0.0025  memory: 19779  grad_norm: 21.5927  loss: 5.1208  loss_text: 0.7741  loss_center: 2.9387  loss_reg_x: 0.8602  loss_reg_y: 0.5478
12/28 07:35:42 - mmengine - INFO - Epoch(train) [21][1255/1544]  lr: 1.8952e-03  eta: 2 days, 13:06:48  time: 3.7159  data_time: 0.0025  memory: 19779  grad_norm: 28.1349  loss: 5.4210  loss_text: 0.8780  loss_center: 2.9488  loss_reg_x: 0.9801  loss_reg_y: 0.6140
12/28 07:36:00 - mmengine - INFO - Epoch(train) [21][1260/1544]  lr: 1.8952e-03  eta: 2 days, 13:06:28  time: 3.6136  data_time: 0.0022  memory: 19779  grad_norm: 30.2145  loss: 5.3564  loss_text: 0.8718  loss_center: 2.9472  loss_reg_x: 0.9444  loss_reg_y: 0.5930
12/28 07:36:16 - mmengine - INFO - Epoch(train) [21][1265/1544]  lr: 1.8952e-03  eta: 2 days, 13:05:57  time: 3.4118  data_time: 0.0022  memory: 19779  grad_norm: 22.9301  loss: 5.1556  loss_text: 0.7938  loss_center: 2.9228  loss_reg_x: 0.8777  loss_reg_y: 0.5613
12/28 07:36:36 - mmengine - INFO - Epoch(train) [21][1270/1544]  lr: 1.8952e-03  eta: 2 days, 13:05:49  time: 3.6064  data_time: 0.0023  memory: 19779  grad_norm: 17.8850  loss: 5.0979  loss_text: 0.7277  loss_center: 2.9222  loss_reg_x: 0.8508  loss_reg_y: 0.5972
12/28 07:36:55 - mmengine - INFO - Epoch(train) [21][1275/1544]  lr: 1.8952e-03  eta: 2 days, 13:05:34  time: 3.8463  data_time: 0.0024  memory: 19779  grad_norm: 18.0669  loss: 5.0852  loss_text: 0.7155  loss_center: 2.9292  loss_reg_x: 0.8256  loss_reg_y: 0.6149
12/28 07:37:14 - mmengine - INFO - Epoch(train) [21][1280/1544]  lr: 1.8952e-03  eta: 2 days, 13:05:22  time: 3.7690  data_time: 0.0023  memory: 19779  grad_norm: 23.6191  loss: 5.4224  loss_text: 0.7583  loss_center: 2.9488  loss_reg_x: 1.0064  loss_reg_y: 0.7089
12/28 07:37:31 - mmengine - INFO - Epoch(train) [21][1285/1544]  lr: 1.8952e-03  eta: 2 days, 13:04:58  time: 3.6395  data_time: 0.0022  memory: 19779  grad_norm: 27.1652  loss: 5.8202  loss_text: 0.8181  loss_center: 2.9585  loss_reg_x: 1.1285  loss_reg_y: 0.9151
12/28 07:37:50 - mmengine - INFO - Epoch(train) [21][1290/1544]  lr: 1.8952e-03  eta: 2 days, 13:04:44  time: 3.6113  data_time: 0.0022  memory: 19779  grad_norm: 23.2943  loss: 5.7247  loss_text: 0.8585  loss_center: 2.9504  loss_reg_x: 1.0975  loss_reg_y: 0.8183
12/28 07:38:06 - mmengine - INFO - Epoch(train) [21][1295/1544]  lr: 1.8952e-03  eta: 2 days, 13:04:10  time: 3.4544  data_time: 0.0022  memory: 19779  grad_norm: 17.5717  loss: 5.2537  loss_text: 0.7845  loss_center: 2.9476  loss_reg_x: 0.8812  loss_reg_y: 0.6404
12/28 07:38:23 - mmengine - INFO - Epoch(train) [21][1300/1544]  lr: 1.8952e-03  eta: 2 days, 13:03:47  time: 3.3331  data_time: 0.0028  memory: 19779  grad_norm: 19.2472  loss: 5.2222  loss_text: 0.7399  loss_center: 2.9472  loss_reg_x: 0.8164  loss_reg_y: 0.7187
12/28 07:38:41 - mmengine - INFO - Epoch(train) [21][1305/1544]  lr: 1.8952e-03  eta: 2 days, 13:03:28  time: 3.5513  data_time: 0.0029  memory: 19779  grad_norm: 19.8664  loss: 5.3379  loss_text: 0.8031  loss_center: 2.9367  loss_reg_x: 0.8507  loss_reg_y: 0.7473
12/28 07:38:59 - mmengine - INFO - Epoch(train) [21][1310/1544]  lr: 1.8952e-03  eta: 2 days, 13:03:06  time: 3.5573  data_time: 0.0027  memory: 19779  grad_norm: 20.9119  loss: 5.3596  loss_text: 0.8660  loss_center: 2.9262  loss_reg_x: 0.8719  loss_reg_y: 0.6955
12/28 07:39:16 - mmengine - INFO - Epoch(train) [21][1315/1544]  lr: 1.8952e-03  eta: 2 days, 13:02:44  time: 3.5187  data_time: 0.0027  memory: 19779  grad_norm: 25.4032  loss: 5.4281  loss_text: 0.8767  loss_center: 2.9297  loss_reg_x: 0.9565  loss_reg_y: 0.6652
12/28 07:39:34 - mmengine - INFO - Epoch(train) [21][1320/1544]  lr: 1.8952e-03  eta: 2 days, 13:02:24  time: 3.5624  data_time: 0.0027  memory: 19779  grad_norm: 24.4775  loss: 5.3734  loss_text: 0.8153  loss_center: 2.9315  loss_reg_x: 0.9374  loss_reg_y: 0.6892
12/28 07:39:53 - mmengine - INFO - Epoch(train) [21][1325/1544]  lr: 1.8952e-03  eta: 2 days, 13:02:09  time: 3.6624  data_time: 0.0026  memory: 19779  grad_norm: 23.7751  loss: 5.2879  loss_text: 0.7624  loss_center: 2.9363  loss_reg_x: 0.9541  loss_reg_y: 0.6351
12/28 07:40:13 - mmengine - INFO - Epoch(train) [21][1330/1544]  lr: 1.8952e-03  eta: 2 days, 13:02:01  time: 3.8247  data_time: 0.0031  memory: 19779  grad_norm: 22.4169  loss: 5.0355  loss_text: 0.7167  loss_center: 2.9212  loss_reg_x: 0.8471  loss_reg_y: 0.5504
12/28 07:40:33 - mmengine - INFO - Epoch(train) [21][1335/1544]  lr: 1.8952e-03  eta: 2 days, 13:01:55  time: 3.9655  data_time: 0.0042  memory: 19779  grad_norm: 22.2674  loss: 4.9462  loss_text: 0.7037  loss_center: 2.9254  loss_reg_x: 0.7914  loss_reg_y: 0.5258
12/28 07:40:52 - mmengine - INFO - Epoch(train) [21][1340/1544]  lr: 1.8952e-03  eta: 2 days, 13:01:47  time: 3.9704  data_time: 0.0033  memory: 19779  grad_norm: 29.3527  loss: 5.1648  loss_text: 0.7524  loss_center: 2.9437  loss_reg_x: 0.9305  loss_reg_y: 0.5382
12/28 07:41:12 - mmengine - INFO - Epoch(train) [21][1345/1544]  lr: 1.8952e-03  eta: 2 days, 13:01:38  time: 3.9380  data_time: 0.0026  memory: 19779  grad_norm: 28.4410  loss: 5.3323  loss_text: 0.8328  loss_center: 2.9328  loss_reg_x: 0.9469  loss_reg_y: 0.6198
12/28 07:41:31 - mmengine - INFO - Epoch(train) [21][1350/1544]  lr: 1.8952e-03  eta: 2 days, 13:01:23  time: 3.8280  data_time: 0.0027  memory: 19779  grad_norm: 21.5238  loss: 5.1397  loss_text: 0.7792  loss_center: 2.9291  loss_reg_x: 0.8119  loss_reg_y: 0.6194
12/28 07:41:50 - mmengine - INFO - Epoch(train) [21][1355/1544]  lr: 1.8952e-03  eta: 2 days, 13:01:10  time: 3.7636  data_time: 0.0026  memory: 19779  grad_norm: 28.2488  loss: 5.1007  loss_text: 0.7636  loss_center: 2.9287  loss_reg_x: 0.7832  loss_reg_y: 0.6252
12/28 07:42:08 - mmengine - INFO - Epoch(train) [21][1360/1544]  lr: 1.8952e-03  eta: 2 days, 13:00:55  time: 3.7695  data_time: 0.0026  memory: 19779  grad_norm: 33.1971  loss: 5.4700  loss_text: 0.8767  loss_center: 2.9222  loss_reg_x: 0.8920  loss_reg_y: 0.7792
12/28 07:42:28 - mmengine - INFO - Epoch(train) [21][1365/1544]  lr: 1.8952e-03  eta: 2 days, 13:00:48  time: 3.8390  data_time: 0.0028  memory: 19779  grad_norm: 28.4215  loss: 5.3155  loss_text: 0.8203  loss_center: 2.9179  loss_reg_x: 0.8652  loss_reg_y: 0.7120
12/28 07:42:46 - mmengine - INFO - Epoch(train) [21][1370/1544]  lr: 1.8952e-03  eta: 2 days, 13:00:30  time: 3.8041  data_time: 0.0028  memory: 19779  grad_norm: 21.2073  loss: 4.9894  loss_text: 0.7360  loss_center: 2.9239  loss_reg_x: 0.7322  loss_reg_y: 0.5972
12/28 07:43:06 - mmengine - INFO - Epoch(train) [21][1375/1544]  lr: 1.8952e-03  eta: 2 days, 13:00:22  time: 3.7990  data_time: 0.0023  memory: 19779  grad_norm: 19.1533  loss: 5.0861  loss_text: 0.7539  loss_center: 2.9397  loss_reg_x: 0.7511  loss_reg_y: 0.6414
12/28 07:43:25 - mmengine - INFO - Epoch(train) [21][1380/1544]  lr: 1.8952e-03  eta: 2 days, 13:00:08  time: 3.8449  data_time: 0.0024  memory: 19779  grad_norm: 21.4036  loss: 5.2620  loss_text: 0.8147  loss_center: 2.9409  loss_reg_x: 0.9075  loss_reg_y: 0.5989
12/28 07:43:43 - mmengine - INFO - Epoch(train) [21][1385/1544]  lr: 1.8952e-03  eta: 2 days, 12:59:46  time: 3.6472  data_time: 0.0024  memory: 19779  grad_norm: 22.8348  loss: 5.1332  loss_text: 0.8079  loss_center: 2.9330  loss_reg_x: 0.8812  loss_reg_y: 0.5111
12/28 07:44:01 - mmengine - INFO - Epoch(train) [21][1390/1544]  lr: 1.8952e-03  eta: 2 days, 12:59:32  time: 3.6546  data_time: 0.0024  memory: 19779  grad_norm: 23.8089  loss: 5.0926  loss_text: 0.7462  loss_center: 2.9278  loss_reg_x: 0.8882  loss_reg_y: 0.5304
12/28 07:44:19 - mmengine - INFO - Epoch(train) [21][1395/1544]  lr: 1.8952e-03  eta: 2 days, 12:59:11  time: 3.6506  data_time: 0.0023  memory: 19779  grad_norm: 23.1263  loss: 5.1318  loss_text: 0.7228  loss_center: 2.9266  loss_reg_x: 0.9327  loss_reg_y: 0.5498
12/28 07:44:37 - mmengine - INFO - Epoch(train) [21][1400/1544]  lr: 1.8952e-03  eta: 2 days, 12:58:51  time: 3.5611  data_time: 0.0029  memory: 19779  grad_norm: 25.4206  loss: 5.2375  loss_text: 0.7584  loss_center: 2.9381  loss_reg_x: 0.9388  loss_reg_y: 0.6022
12/28 07:44:56 - mmengine - INFO - Epoch(train) [21][1405/1544]  lr: 1.8952e-03  eta: 2 days, 12:58:37  time: 3.6794  data_time: 0.0029  memory: 19779  grad_norm: 29.5080  loss: 5.4044  loss_text: 0.8257  loss_center: 2.9364  loss_reg_x: 0.9529  loss_reg_y: 0.6894
12/28 07:45:14 - mmengine - INFO - Epoch(train) [21][1410/1544]  lr: 1.8952e-03  eta: 2 days, 12:58:19  time: 3.7070  data_time: 0.0026  memory: 19779  grad_norm: 26.3886  loss: 5.2659  loss_text: 0.7840  loss_center: 2.9397  loss_reg_x: 0.9351  loss_reg_y: 0.6071
12/28 07:45:32 - mmengine - INFO - Epoch(train) [21][1415/1544]  lr: 1.8952e-03  eta: 2 days, 12:58:00  time: 3.6256  data_time: 0.0025  memory: 19779  grad_norm: 25.2694  loss: 5.3867  loss_text: 0.7672  loss_center: 2.9395  loss_reg_x: 0.9411  loss_reg_y: 0.7390
12/28 07:45:51 - mmengine - INFO - Epoch(train) [21][1420/1544]  lr: 1.8952e-03  eta: 2 days, 12:57:44  time: 3.6485  data_time: 0.0028  memory: 19779  grad_norm: 26.7403  loss: 5.3468  loss_text: 0.8095  loss_center: 2.9187  loss_reg_x: 0.8474  loss_reg_y: 0.7712
12/28 07:46:10 - mmengine - INFO - Epoch(train) [21][1425/1544]  lr: 1.8952e-03  eta: 2 days, 12:57:33  time: 3.7826  data_time: 0.0028  memory: 19779  grad_norm: 21.0397  loss: 5.0836  loss_text: 0.7744  loss_center: 2.9197  loss_reg_x: 0.8136  loss_reg_y: 0.5760
12/28 07:46:27 - mmengine - INFO - Epoch(train) [21][1430/1544]  lr: 1.8952e-03  eta: 2 days, 12:57:07  time: 3.6303  data_time: 0.0028  memory: 19779  grad_norm: 16.4363  loss: 5.0029  loss_text: 0.6922  loss_center: 2.9188  loss_reg_x: 0.8381  loss_reg_y: 0.5539
12/28 07:46:44 - mmengine - INFO - Epoch(train) [21][1435/1544]  lr: 1.8952e-03  eta: 2 days, 12:56:39  time: 3.3644  data_time: 0.0027  memory: 19779  grad_norm: 18.2609  loss: 5.0671  loss_text: 0.6810  loss_center: 2.9350  loss_reg_x: 0.8884  loss_reg_y: 0.5627
12/28 07:47:01 - mmengine - INFO - Epoch(train) [21][1440/1544]  lr: 1.8952e-03  eta: 2 days, 12:56:15  time: 3.4010  data_time: 0.0025  memory: 19779  grad_norm: 20.3137  loss: 5.0385  loss_text: 0.7080  loss_center: 2.9421  loss_reg_x: 0.8113  loss_reg_y: 0.5771
12/28 07:47:17 - mmengine - INFO - Epoch(train) [21][1445/1544]  lr: 1.8952e-03  eta: 2 days, 12:55:43  time: 3.3371  data_time: 0.0026  memory: 19779  grad_norm: 21.4366  loss: 4.8861  loss_text: 0.6755  loss_center: 2.9225  loss_reg_x: 0.7223  loss_reg_y: 0.5658
12/28 07:47:35 - mmengine - INFO - Epoch(train) [21][1450/1544]  lr: 1.8952e-03  eta: 2 days, 12:55:24  time: 3.4177  data_time: 0.0030  memory: 19779  grad_norm: 22.7368  loss: 4.9244  loss_text: 0.6727  loss_center: 2.9155  loss_reg_x: 0.7355  loss_reg_y: 0.6007
12/28 07:47:52 - mmengine - INFO - Epoch(train) [21][1455/1544]  lr: 1.8952e-03  eta: 2 days, 12:54:57  time: 3.4938  data_time: 0.0029  memory: 19779  grad_norm: 28.1337  loss: 5.1548  loss_text: 0.8258  loss_center: 2.9170  loss_reg_x: 0.7906  loss_reg_y: 0.6213
12/28 07:48:09 - mmengine - INFO - Epoch(train) [21][1460/1544]  lr: 1.8952e-03  eta: 2 days, 12:54:30  time: 3.3608  data_time: 0.0023  memory: 19779  grad_norm: 31.1696  loss: 5.3401  loss_text: 0.8959  loss_center: 2.9334  loss_reg_x: 0.8705  loss_reg_y: 0.6403
12/28 07:48:26 - mmengine - INFO - Epoch(train) [21][1465/1544]  lr: 1.8952e-03  eta: 2 days, 12:54:07  time: 3.4241  data_time: 0.0024  memory: 19779  grad_norm: 25.4617  loss: 5.1822  loss_text: 0.7414  loss_center: 2.9298  loss_reg_x: 0.8583  loss_reg_y: 0.6526
12/28 07:48:44 - mmengine - INFO - Epoch(train) [21][1470/1544]  lr: 1.8952e-03  eta: 2 days, 12:53:44  time: 3.5006  data_time: 0.0026  memory: 19779  grad_norm: 28.7359  loss: 5.4592  loss_text: 0.7772  loss_center: 2.9422  loss_reg_x: 1.0754  loss_reg_y: 0.6644
12/28 07:49:01 - mmengine - INFO - Epoch(train) [21][1475/1544]  lr: 1.8952e-03  eta: 2 days, 12:53:18  time: 3.4505  data_time: 0.0025  memory: 19779  grad_norm: 25.9330  loss: 5.3946  loss_text: 0.8100  loss_center: 2.9428  loss_reg_x: 1.0128  loss_reg_y: 0.6290
12/28 07:49:19 - mmengine - INFO - Epoch(train) [21][1480/1544]  lr: 1.8952e-03  eta: 2 days, 12:52:59  time: 3.4912  data_time: 0.0024  memory: 19779  grad_norm: 21.5077  loss: 5.1832  loss_text: 0.7236  loss_center: 2.9303  loss_reg_x: 0.8895  loss_reg_y: 0.6399
12/28 07:49:35 - mmengine - INFO - Epoch(train) [21][1485/1544]  lr: 1.8952e-03  eta: 2 days, 12:52:31  time: 3.4676  data_time: 0.0025  memory: 19779  grad_norm: 27.3666  loss: 5.3449  loss_text: 0.7471  loss_center: 2.9291  loss_reg_x: 1.0159  loss_reg_y: 0.6528
12/28 07:49:55 - mmengine - INFO - Epoch(train) [21][1490/1544]  lr: 1.8952e-03  eta: 2 days, 12:52:23  time: 3.6531  data_time: 0.0024  memory: 19779  grad_norm: 26.3380  loss: 5.5987  loss_text: 0.8372  loss_center: 2.9335  loss_reg_x: 1.1479  loss_reg_y: 0.6800
12/28 07:50:12 - mmengine - INFO - Epoch(train) [21][1495/1544]  lr: 1.8952e-03  eta: 2 days, 12:51:58  time: 3.6833  data_time: 0.0024  memory: 19779  grad_norm: 22.4561  loss: 5.6213  loss_text: 0.8240  loss_center: 2.9621  loss_reg_x: 1.0892  loss_reg_y: 0.7461
12/28 07:50:32 - mmengine - INFO - Epoch(train) [21][1500/1544]  lr: 1.8952e-03  eta: 2 days, 12:51:48  time: 3.6509  data_time: 0.0022  memory: 19779  grad_norm: 25.7186  loss: 5.3130  loss_text: 0.7467  loss_center: 2.9586  loss_reg_x: 0.9163  loss_reg_y: 0.6914
12/28 07:50:51 - mmengine - INFO - Epoch(train) [21][1505/1544]  lr: 1.8952e-03  eta: 2 days, 12:51:36  time: 3.8645  data_time: 0.0021  memory: 19779  grad_norm: 26.0331  loss: 5.1289  loss_text: 0.7834  loss_center: 2.9279  loss_reg_x: 0.8269  loss_reg_y: 0.5908
12/28 07:51:10 - mmengine - INFO - Epoch(train) [21][1510/1544]  lr: 1.8952e-03  eta: 2 days, 12:51:23  time: 3.8073  data_time: 0.0022  memory: 19779  grad_norm: 21.0850  loss: 4.9681  loss_text: 0.7553  loss_center: 2.9240  loss_reg_x: 0.7418  loss_reg_y: 0.5469
12/28 07:51:27 - mmengine - INFO - Epoch(train) [21][1515/1544]  lr: 1.8952e-03  eta: 2 days, 12:51:00  time: 3.6403  data_time: 0.0023  memory: 19779  grad_norm: 25.9071  loss: 5.4086  loss_text: 0.8482  loss_center: 2.9402  loss_reg_x: 0.9157  loss_reg_y: 0.7044
12/28 07:51:44 - mmengine - INFO - Epoch(train) [21][1520/1544]  lr: 1.8952e-03  eta: 2 days, 12:50:36  time: 3.4750  data_time: 0.0024  memory: 19779  grad_norm: 26.9003  loss: 5.6587  loss_text: 0.9198  loss_center: 2.9440  loss_reg_x: 0.9777  loss_reg_y: 0.8172
12/28 07:52:02 - mmengine - INFO - Epoch(train) [21][1525/1544]  lr: 1.8952e-03  eta: 2 days, 12:50:17  time: 3.5259  data_time: 0.0024  memory: 19779  grad_norm: 20.8077  loss: 5.2098  loss_text: 0.7711  loss_center: 2.9253  loss_reg_x: 0.8292  loss_reg_y: 0.6842
12/28 07:52:21 - mmengine - INFO - Epoch(train) [21][1530/1544]  lr: 1.8952e-03  eta: 2 days, 12:50:04  time: 3.7018  data_time: 0.0023  memory: 19779  grad_norm: 19.3898  loss: 4.9859  loss_text: 0.7124  loss_center: 2.9182  loss_reg_x: 0.8122  loss_reg_y: 0.5431
12/28 07:52:38 - mmengine - INFO - Epoch(train) [21][1535/1544]  lr: 1.8952e-03  eta: 2 days, 12:49:33  time: 3.5184  data_time: 0.0023  memory: 19779  grad_norm: 20.9076  loss: 5.2897  loss_text: 0.7883  loss_center: 2.9338  loss_reg_x: 1.0044  loss_reg_y: 0.5631
12/28 07:52:55 - mmengine - INFO - Epoch(train) [21][1540/1544]  lr: 1.8952e-03  eta: 2 days, 12:49:12  time: 3.3931  data_time: 0.0021  memory: 19779  grad_norm: 26.8435  loss: 5.3242  loss_text: 0.7636  loss_center: 2.9316  loss_reg_x: 1.0237  loss_reg_y: 0.6053
12/28 07:53:07 - mmengine - INFO - Exp name: fcenet_r50dcnv2_fpn_1500e_lsvt_ctw_pretrain_20251227_202521
12/28 07:53:30 - mmengine - INFO - Epoch(train) [22][   5/1544]  lr: 1.8514e-03  eta: 2 days, 12:48:49  time: 3.8031  data_time: 0.4021  memory: 19779  grad_norm: 38.6054  loss: 5.6695  loss_text: 0.9266  loss_center: 2.9517  loss_reg_x: 1.0176  loss_reg_y: 0.7736
12/28 07:53:47 - mmengine - INFO - Epoch(train) [22][  10/1544]  lr: 1.8514e-03  eta: 2 days, 12:48:24  time: 3.9393  data_time: 0.4021  memory: 19779  grad_norm: 23.3639  loss: 5.3763  loss_text: 0.7889  loss_center: 2.9429  loss_reg_x: 1.0183  loss_reg_y: 0.6262
12/28 07:54:05 - mmengine - INFO - Epoch(train) [22][  15/1544]  lr: 1.8514e-03  eta: 2 days, 12:48:06  time: 3.5361  data_time: 0.0022  memory: 19779  grad_norm: 28.1143  loss: 5.5765  loss_text: 0.8336  loss_center: 2.9581  loss_reg_x: 1.1321  loss_reg_y: 0.6527
12/28 07:54:26 - mmengine - INFO - Epoch(train) [22][  20/1544]  lr: 1.8514e-03  eta: 2 days, 12:48:07  time: 3.9450  data_time: 0.0021  memory: 19779  grad_norm: 27.4343  loss: 5.4130  loss_text: 0.8081  loss_center: 2.9480  loss_reg_x: 1.0215  loss_reg_y: 0.6354
12/28 07:54:45 - mmengine - INFO - Epoch(train) [22][  25/1544]  lr: 1.8514e-03  eta: 2 days, 12:47:53  time: 3.9844  data_time: 0.0022  memory: 19779  grad_norm: 18.6249  loss: 4.8076  loss_text: 0.6765  loss_center: 2.9172  loss_reg_x: 0.7240  loss_reg_y: 0.4899
12/28 07:55:03 - mmengine - INFO - Epoch(train) [22][  30/1544]  lr: 1.8514e-03  eta: 2 days, 12:47:33  time: 3.6747  data_time: 0.0025  memory: 19779  grad_norm: 19.4791  loss: 5.0229  loss_text: 0.7533  loss_center: 2.9176  loss_reg_x: 0.7970  loss_reg_y: 0.5550
12/28 07:55:20 - mmengine - INFO - Epoch(train) [22][  35/1544]  lr: 1.8514e-03  eta: 2 days, 12:47:06  time: 3.4751  data_time: 0.0024  memory: 19779  grad_norm: 21.3924  loss: 5.3648  loss_text: 0.8579  loss_center: 2.9326  loss_reg_x: 0.9225  loss_reg_y: 0.6518
12/28 07:55:37 - mmengine - INFO - Epoch(train) [22][  40/1544]  lr: 1.8514e-03  eta: 2 days, 12:46:44  time: 3.4384  data_time: 0.0025  memory: 19779  grad_norm: 18.8444  loss: 5.2305  loss_text: 0.8269  loss_center: 2.9293  loss_reg_x: 0.8739  loss_reg_y: 0.6003
12/28 07:55:53 - mmengine - INFO - Epoch(train) [22][  45/1544]  lr: 1.8514e-03  eta: 2 days, 12:46:12  time: 3.3624  data_time: 0.0026  memory: 19779  grad_norm: 17.4013  loss: 5.0015  loss_text: 0.7260  loss_center: 2.9204  loss_reg_x: 0.8047  loss_reg_y: 0.5504
12/28 07:56:13 - mmengine - INFO - Epoch(train) [22][  50/1544]  lr: 1.8514e-03  eta: 2 days, 12:46:04  time: 3.5801  data_time: 0.0040  memory: 19779  grad_norm: 22.1891  loss: 4.9573  loss_text: 0.6840  loss_center: 2.9064  loss_reg_x: 0.7942  loss_reg_y: 0.5728
12/28 07:56:28 - mmengine - INFO - Epoch(train) [22][  55/1544]  lr: 1.8514e-03  eta: 2 days, 12:45:26  time: 3.4858  data_time: 0.0040  memory: 19779  grad_norm: 19.5224  loss: 4.8907  loss_text: 0.7058  loss_center: 2.9150  loss_reg_x: 0.7135  loss_reg_y: 0.5563
12/28 07:56:47 - mmengine - INFO - Epoch(train) [22][  60/1544]  lr: 1.8514e-03  eta: 2 days, 12:45:15  time: 3.4307  data_time: 0.0026  memory: 19779  grad_norm: 17.3949  loss: 4.8836  loss_text: 0.7017  loss_center: 2.9388  loss_reg_x: 0.6973  loss_reg_y: 0.5459
12/28 07:57:05 - mmengine - INFO - Epoch(train) [22][  65/1544]  lr: 1.8514e-03  eta: 2 days, 12:44:52  time: 3.6791  data_time: 0.0027  memory: 19779  grad_norm: 20.5401  loss: 4.9989  loss_text: 0.7282  loss_center: 2.9446  loss_reg_x: 0.7413  loss_reg_y: 0.5849
12/28 07:57:23 - mmengine - INFO - Epoch(train) [22][  70/1544]  lr: 1.8514e-03  eta: 2 days, 12:44:34  time: 3.5711  data_time: 0.0026  memory: 19779  grad_norm: 22.5809  loss: 5.0365  loss_text: 0.7276  loss_center: 2.9403  loss_reg_x: 0.7726  loss_reg_y: 0.5960
12/28 07:57:40 - mmengine - INFO - Epoch(train) [22][  75/1544]  lr: 1.8514e-03  eta: 2 days, 12:44:10  time: 3.5485  data_time: 0.0026  memory: 19779  grad_norm: 23.9435  loss: 5.1045  loss_text: 0.7138  loss_center: 2.9273  loss_reg_x: 0.8403  loss_reg_y: 0.6231
12/28 07:58:00 - mmengine - INFO - Epoch(train) [22][  80/1544]  lr: 1.8514e-03  eta: 2 days, 12:44:03  time: 3.7086  data_time: 0.0022  memory: 19779  grad_norm: 24.5924  loss: 5.1393  loss_text: 0.7294  loss_center: 2.9161  loss_reg_x: 0.8185  loss_reg_y: 0.6752
12/28 07:58:17 - mmengine - INFO - Epoch(train) [22][  85/1544]  lr: 1.8514e-03  eta: 2 days, 12:43:36  time: 3.6744  data_time: 0.0023  memory: 19779  grad_norm: 27.3369  loss: 5.2018  loss_text: 0.7629  loss_center: 2.9076  loss_reg_x: 0.8037  loss_reg_y: 0.7275
12/28 07:58:35 - mmengine - INFO - Epoch(train) [22][  90/1544]  lr: 1.8514e-03  eta: 2 days, 12:43:15  time: 3.4663  data_time: 0.0022  memory: 19779  grad_norm: 33.4554  loss: 5.4606  loss_text: 0.7871  loss_center: 2.9371  loss_reg_x: 0.9983  loss_reg_y: 0.7381
12/28 07:58:53 - mmengine - INFO - Epoch(train) [22][  95/1544]  lr: 1.8514e-03  eta: 2 days, 12:42:56  time: 3.5653  data_time: 0.0021  memory: 19779  grad_norm: 26.4645  loss: 5.1805  loss_text: 0.7170  loss_center: 2.9397  loss_reg_x: 0.9378  loss_reg_y: 0.5861
12/28 07:59:11 - mmengine - INFO - Epoch(train) [22][ 100/1544]  lr: 1.8514e-03  eta: 2 days, 12:42:38  time: 3.6217  data_time: 0.0026  memory: 19779  grad_norm: 19.4298  loss: 4.9412  loss_text: 0.7000  loss_center: 2.9284  loss_reg_x: 0.8230  loss_reg_y: 0.4899
12/28 07:59:29 - mmengine - INFO - Epoch(train) [22][ 105/1544]  lr: 1.8514e-03  eta: 2 days, 12:42:15  time: 3.5741  data_time: 0.0026  memory: 19779  grad_norm: 22.5638  loss: 5.0339  loss_text: 0.7087  loss_center: 2.9256  loss_reg_x: 0.8423  loss_reg_y: 0.5573
12/28 07:59:46 - mmengine - INFO - Epoch(train) [22][ 110/1544]  lr: 1.8514e-03  eta: 2 days, 12:41:55  time: 3.5317  data_time: 0.0025  memory: 19779  grad_norm: 21.4488  loss: 4.9480  loss_text: 0.6791  loss_center: 2.9233  loss_reg_x: 0.7534  loss_reg_y: 0.5921
12/28 08:00:05 - mmengine - INFO - Epoch(train) [22][ 115/1544]  lr: 1.8514e-03  eta: 2 days, 12:41:41  time: 3.6682  data_time: 0.0025  memory: 19779  grad_norm: 19.9015  loss: 5.0345  loss_text: 0.6953  loss_center: 2.9352  loss_reg_x: 0.8199  loss_reg_y: 0.5842
12/28 08:00:23 - mmengine - INFO - Epoch(train) [22][ 120/1544]  lr: 1.8514e-03  eta: 2 days, 12:41:22  time: 3.6913  data_time: 0.0026  memory: 19779  grad_norm: 18.2869  loss: 4.9328  loss_text: 0.6876  loss_center: 2.9263  loss_reg_x: 0.7669  loss_reg_y: 0.5520
12/28 08:00:42 - mmengine - INFO - Epoch(train) [22][ 125/1544]  lr: 1.8514e-03  eta: 2 days, 12:41:04  time: 3.6220  data_time: 0.0026  memory: 19779  grad_norm: 21.1735  loss: 5.1435  loss_text: 0.7476  loss_center: 2.9338  loss_reg_x: 0.8377  loss_reg_y: 0.6245
12/28 08:01:02 - mmengine - INFO - Epoch(train) [22][ 130/1544]  lr: 1.8514e-03  eta: 2 days, 12:41:02  time: 3.8889  data_time: 0.0022  memory: 19779  grad_norm: 23.0309  loss: 5.4940  loss_text: 0.8209  loss_center: 2.9467  loss_reg_x: 0.9751  loss_reg_y: 0.7513
12/28 08:01:21 - mmengine - INFO - Epoch(train) [22][ 135/1544]  lr: 1.8514e-03  eta: 2 days, 12:40:50  time: 3.9918  data_time: 0.0022  memory: 19779  grad_norm: 26.8534  loss: 5.3396  loss_text: 0.7821  loss_center: 2.9327  loss_reg_x: 0.8690  loss_reg_y: 0.7558
12/28 08:01:40 - mmengine - INFO - Epoch(train) [22][ 140/1544]  lr: 1.8514e-03  eta: 2 days, 12:40:36  time: 3.7950  data_time: 0.0030  memory: 19779  grad_norm: 26.5541  loss: 5.1480  loss_text: 0.7825  loss_center: 2.9159  loss_reg_x: 0.8171  loss_reg_y: 0.6324
12/28 08:02:00 - mmengine - INFO - Epoch(train) [22][ 145/1544]  lr: 1.8514e-03  eta: 2 days, 12:40:29  time: 3.8692  data_time: 0.0030  memory: 19779  grad_norm: 21.4472  loss: 5.0044  loss_text: 0.7417  loss_center: 2.9294  loss_reg_x: 0.7837  loss_reg_y: 0.5497
12/28 08:02:18 - mmengine - INFO - Epoch(train) [22][ 150/1544]  lr: 1.8514e-03  eta: 2 days, 12:40:09  time: 3.7769  data_time: 0.0022  memory: 19779  grad_norm: 23.1494  loss: 5.0864  loss_text: 0.7278  loss_center: 2.9310  loss_reg_x: 0.7721  loss_reg_y: 0.6556
12/28 08:02:36 - mmengine - INFO - Epoch(train) [22][ 155/1544]  lr: 1.8514e-03  eta: 2 days, 12:39:48  time: 3.5621  data_time: 0.0026  memory: 19779  grad_norm: 23.7399  loss: 5.2314  loss_text: 0.7688  loss_center: 2.9284  loss_reg_x: 0.8382  loss_reg_y: 0.6960
