{"lr": 0.0010104365176667016, "data_time": 1.1734757900238038, "grad_norm": 7.289431238174439, "loss": 1.2457267999649049, "loss_prob": 0.7393837392330169, "loss_thr": 0.3839137315750122, "loss_db": 0.12242931723594666, "time": 3.9059991121292112, "epoch": 73, "iter": 68189, "memory": 18095, "step": 68189}
{"lr": 0.0010104365176667016, "data_time": 1.1740492582321167, "grad_norm": 7.249494361877441, "loss": 1.2527827143669128, "loss_prob": 0.7438548088073731, "loss_thr": 0.38612153232097624, "loss_db": 0.12280633449554443, "time": 4.1429908752441404, "epoch": 73, "iter": 68194, "memory": 17791, "step": 68194}
{"lr": 0.0010104365176667016, "data_time": 0.0027804136276245116, "grad_norm": 6.626349830627442, "loss": 1.224597191810608, "loss_prob": 0.7235341429710388, "loss_thr": 0.3794976890087128, "loss_db": 0.12156532406806946, "time": 2.318738842010498, "epoch": 73, "iter": 68199, "memory": 17791, "step": 68199}
{"lr": 0.0010104365176667016, "data_time": 0.002557826042175293, "grad_norm": 5.3571281909942625, "loss": 1.1387023866176604, "loss_prob": 0.662532776594162, "loss_thr": 0.36358181536197665, "loss_db": 0.11258776783943177, "time": 2.373116874694824, "epoch": 73, "iter": 68204, "memory": 17791, "step": 68204}
{"lr": 0.0010104365176667016, "data_time": 0.0026983022689819336, "grad_norm": 5.4116349697113035, "loss": 1.154071420431137, "loss_prob": 0.6678887784481049, "loss_thr": 0.3732715755701065, "loss_db": 0.11291106343269348, "time": 2.5119730710983275, "epoch": 73, "iter": 68209, "memory": 17791, "step": 68209}
{"lr": 0.0010104365176667016, "data_time": 0.0028545379638671873, "grad_norm": 6.203066682815551, "loss": 1.1938849091529846, "loss_prob": 0.6906456053256989, "loss_thr": 0.3863005429506302, "loss_db": 0.11693878173828125, "time": 2.511391019821167, "epoch": 73, "iter": 68214, "memory": 17791, "step": 68214}
{"lr": 0.0010104365176667016, "data_time": 0.0029008865356445314, "grad_norm": 7.33145489692688, "loss": 1.2749574303627014, "loss_prob": 0.7466461300849915, "loss_thr": 0.4035479694604874, "loss_db": 0.12476332783699036, "time": 2.3895391702651976, "epoch": 73, "iter": 68219, "memory": 17791, "step": 68219}
{"lr": 0.0010104365176667016, "data_time": 0.003344416618347168, "grad_norm": 6.643762111663818, "loss": 1.248263132572174, "loss_prob": 0.7354819297790527, "loss_thr": 0.3901243060827255, "loss_db": 0.12265686988830567, "time": 2.546201753616333, "epoch": 73, "iter": 68224, "memory": 17791, "step": 68224}
{"lr": 0.0010104365176667016, "data_time": 0.0033254384994506835, "grad_norm": 6.802652359008789, "loss": 1.1994600176811219, "loss_prob": 0.694708776473999, "loss_thr": 0.3873647928237915, "loss_db": 0.11738643050193787, "time": 2.6016897916793824, "epoch": 73, "iter": 68229, "memory": 17791, "step": 68229}
{"lr": 0.0010104365176667016, "data_time": 0.0029207468032836914, "grad_norm": 6.870918917655945, "loss": 1.1829027891159059, "loss_prob": 0.6861900866031647, "loss_thr": 0.38075549006462095, "loss_db": 0.11595718860626221, "time": 2.4200024366378785, "epoch": 73, "iter": 68234, "memory": 17791, "step": 68234}
{"lr": 0.0010104365176667016, "data_time": 0.0027009010314941405, "grad_norm": 8.63524043560028, "loss": 1.211767280101776, "loss_prob": 0.7134510278701782, "loss_thr": 0.37776643931865694, "loss_db": 0.12054980993270874, "time": 2.437439227104187, "epoch": 73, "iter": 68239, "memory": 17791, "step": 68239}
{"lr": 0.0010104365176667016, "data_time": 0.002742767333984375, "grad_norm": 8.93023386001587, "loss": 1.2331984758377075, "loss_prob": 0.7250846982002258, "loss_thr": 0.3865488737821579, "loss_db": 0.12156489491462708, "time": 2.4976287126541137, "epoch": 73, "iter": 68244, "memory": 17791, "step": 68244}
{"lr": 0.0010104365176667016, "data_time": 0.002831578254699707, "grad_norm": 8.095794868469238, "loss": 1.2180005311965942, "loss_prob": 0.7181095540523529, "loss_thr": 0.3799850344657898, "loss_db": 0.11990591287612914, "time": 2.4086057901382447, "epoch": 73, "iter": 68249, "memory": 17791, "step": 68249}
{"lr": 0.0010104365176667016, "data_time": 0.0032027006149291993, "grad_norm": 8.858801031112671, "loss": 1.2602256655693054, "loss_prob": 0.7453929364681244, "loss_thr": 0.38838347494602204, "loss_db": 0.12644924521446227, "time": 2.5467387676239013, "epoch": 73, "iter": 68254, "memory": 17791, "step": 68254}
{"lr": 0.0010104365176667016, "data_time": 0.003566074371337891, "grad_norm": 7.644953060150146, "loss": 1.2416019082069396, "loss_prob": 0.7338001430034637, "loss_thr": 0.38340098559856417, "loss_db": 0.1244007706642151, "time": 2.578346347808838, "epoch": 73, "iter": 68259, "memory": 17791, "step": 68259}
{"lr": 0.0010104365176667016, "data_time": 0.0029926061630249023, "grad_norm": 7.67930908203125, "loss": 1.206740427017212, "loss_prob": 0.7088829696178436, "loss_thr": 0.37822737395763395, "loss_db": 0.11963008046150207, "time": 2.2810431003570555, "epoch": 73, "iter": 68264, "memory": 17791, "step": 68264}
{"lr": 0.0010104365176667016, "data_time": 0.002598142623901367, "grad_norm": 10.113990306854248, "loss": 1.2904152154922486, "loss_prob": 0.7633093893527985, "loss_thr": 0.39813145697116853, "loss_db": 0.12897433638572692, "time": 2.217271113395691, "epoch": 73, "iter": 68269, "memory": 17791, "step": 68269}
{"lr": 0.0010104365176667016, "data_time": 0.0028020620346069338, "grad_norm": 12.187934875488281, "loss": 1.317937934398651, "loss_prob": 0.7830944359302521, "loss_thr": 0.40292954444885254, "loss_db": 0.13191392421722412, "time": 2.5316537380218507, "epoch": 73, "iter": 68274, "memory": 17791, "step": 68274}
{"lr": 0.0010104365176667016, "data_time": 0.0028214216232299804, "grad_norm": 9.35050311088562, "loss": 1.2026909589767456, "loss_prob": 0.7005638420581818, "loss_thr": 0.3835403710603714, "loss_db": 0.11858676075935363, "time": 2.5147958993911743, "epoch": 73, "iter": 68279, "memory": 17791, "step": 68279}
{"lr": 0.0010104365176667016, "data_time": 0.0026254653930664062, "grad_norm": 7.42122449874878, "loss": 1.1826471269130707, "loss_prob": 0.6932948946952819, "loss_thr": 0.3727171361446381, "loss_db": 0.11663510799407958, "time": 2.372783160209656, "epoch": 73, "iter": 68284, "memory": 17791, "step": 68284}
{"lr": 0.0010104365176667016, "data_time": 0.003358268737792969, "grad_norm": 6.938880968093872, "loss": 1.223236972093582, "loss_prob": 0.7247608304023743, "loss_thr": 0.3789961040019989, "loss_db": 0.11948005557060241, "time": 2.6251151084899904, "epoch": 73, "iter": 68289, "memory": 17791, "step": 68289}
{"lr": 0.0010104365176667016, "data_time": 0.003589177131652832, "grad_norm": 5.257441210746765, "loss": 1.2205437064170837, "loss_prob": 0.7198243558406829, "loss_thr": 0.3815581023693085, "loss_db": 0.11916130185127258, "time": 2.6188719987869264, "epoch": 73, "iter": 68294, "memory": 17791, "step": 68294}
{"lr": 0.0010104365176667016, "data_time": 0.002771472930908203, "grad_norm": 5.980091834068299, "loss": 1.2283222675323486, "loss_prob": 0.7255312263965606, "loss_thr": 0.3813328713178635, "loss_db": 0.12145821452140808, "time": 2.5337032318115233, "epoch": 73, "iter": 68299, "memory": 17791, "step": 68299}
{"lr": 0.0010104365176667016, "data_time": 0.0030077457427978515, "grad_norm": 6.979839324951172, "loss": 1.242349910736084, "loss_prob": 0.7317190527915954, "loss_thr": 0.3894201457500458, "loss_db": 0.12121071815490722, "time": 2.4543123722076414, "epoch": 73, "iter": 68304, "memory": 17791, "step": 68304}
{"lr": 0.0010104365176667016, "data_time": 0.0032361745834350586, "grad_norm": 6.64802565574646, "loss": 1.2409515857696534, "loss_prob": 0.7270552158355713, "loss_thr": 0.3927083671092987, "loss_db": 0.12118801474571228, "time": 2.2322054624557497, "epoch": 73, "iter": 68309, "memory": 17791, "step": 68309}
{"lr": 0.0010104365176667016, "data_time": 0.0029083251953125, "grad_norm": 6.285983467102051, "loss": 1.2413509964942933, "loss_prob": 0.7290067136287689, "loss_thr": 0.3908416897058487, "loss_db": 0.12150260210037231, "time": 2.2532946825027467,