{"lr": 0.00030000000000000003, "data_time": 2.7819777011871336, "grad_norm": NaN, "loss": 19.127683639526367, "loss_prob": 15.680307579040527, "loss_thr": 2.474840211868286, "loss_db": 0.9725363969802856, "time": 5.199103832244873, "epoch": 1, "iter": 5, "memory": 21541, "step": 5}
{"lr": 0.00030000000000000003, "data_time": 1.3923016786575317, "grad_norm": NaN, "loss": 19.242853355407714, "loss_prob": 15.819735050201416, "loss_thr": 2.4489721775054933, "loss_db": 0.9741463959217072, "time": 3.1040704011917115, "epoch": 1, "iter": 10, "memory": 8653, "step": 10}
{"lr": 0.00030000000000000003, "data_time": 0.0020476341247558593, "grad_norm": 116.40970458984376, "loss": 18.76820659637451, "loss_prob": 15.42068510055542, "loss_thr": 2.3722707271575927, "loss_db": 0.9752506792545319, "time": 0.9967326879501343, "epoch": 1, "iter": 15, "memory": 8653, "step": 15}
{"lr": 0.00030000000000000003, "data_time": 0.0015201330184936523, "grad_norm": 116.68239059448243, "loss": 17.580693817138673, "loss_prob": 14.291762924194336, "loss_thr": 2.3144458770751952, "loss_db": 0.9744845390319824, "time": 0.9572861433029175, "epoch": 1, "iter": 20, "memory": 8653, "step": 20}
{"lr": 0.00030000000000000003, "data_time": 0.0016142845153808594, "grad_norm": 122.21489715576172, "loss": 16.604611301422118, "loss_prob": 13.343797969818116, "loss_thr": 2.286521291732788, "loss_db": 0.9742918014526367, "time": 0.9068238019943238, "epoch": 1, "iter": 25, "memory": 8653, "step": 25}
{"lr": 0.00030000000000000003, "data_time": 0.0016570329666137696, "grad_norm": 102.92040634155273, "loss": 15.655705833435059, "loss_prob": 12.475858879089355, "loss_thr": 2.207677483558655, "loss_db": 0.9721696555614472, "time": 0.9824997901916503, "epoch": 1, "iter": 30, "memory": 8653, "step": 30}
{"lr": 0.00030000000000000003, "data_time": 0.0017264127731323243, "grad_norm": 81.9753791809082, "loss": 14.547560119628907, "loss_prob": 11.44452781677246, "loss_thr": 2.1344125032424928, "loss_db": 0.9686197280883789, "time": 1.0605830669403076, "epoch": 1, "iter": 35, "memory": 8653, "step": 35}
{"lr": 0.00030000000000000003, "data_time": 0.0017940282821655273, "grad_norm": 86.75727310180665, "loss": 13.546701908111572, "loss_prob": 10.564138031005859, "loss_thr": 2.0138341307640077, "loss_db": 0.968729704618454, "time": 1.0101886987686157, "epoch": 1, "iter": 40, "memory": 8653, "step": 40}
{"lr": 0.00030000000000000003, "data_time": 0.0017615795135498048, "grad_norm": 97.43479919433594, "loss": 12.867693233489991, "loss_prob": 10.004396533966064, "loss_thr": 1.8902548551559448, "loss_db": 0.9730417728424072, "time": 0.9682601928710938, "epoch": 1, "iter": 45, "memory": 8653, "step": 45}
{"lr": 0.00030000000000000003, "data_time": 0.0017739057540893555, "grad_norm": 90.16909828186036, "loss": 11.831464099884034, "loss_prob": 9.096917152404785, "loss_thr": 1.7624276280403137, "loss_db": 0.972119140625, "time": 0.9623615980148316, "epoch": 1, "iter": 50, "memory": 8653, "step": 50}
{"lr": 0.00030000000000000003, "data_time": 0.0018645286560058593, "grad_norm": 66.05997200012207, "loss": 10.291133499145507, "loss_prob": 7.783569717407227, "loss_thr": 1.539747667312622, "loss_db": 0.9678161084651947, "time": 1.0006782293319703, "epoch": 1, "iter": 55, "memory": 8653, "step": 55}
{"lr": 0.00030000000000000003, "data_time": 0.002421259880065918, "grad_norm": 58.6412857055664, "loss": 9.192862796783448, "loss_prob": 6.865787935256958, "loss_thr": 1.3582847714424133, "loss_db": 0.9687901258468627, "time": 1.018285298347473, "epoch": 1, "iter": 60, "memory": 8653, "step": 60}
{"lr": 0.00030000000000000003, "data_time": 0.002524137496948242, "grad_norm": 50.250553894042966, "loss": 8.41585726737976, "loss_prob": 6.192218685150147, "loss_thr": 1.2525237917900085, "loss_db": 0.9711147367954254, "time": 0.9711004972457886, "epoch": 1, "iter": 65, "memory": 8653, "step": 65}
{"lr": 0.00030000000000000003, "data_time": 0.002009415626525879, "grad_norm": 39.38424701690674, "loss": 7.770056819915771, "loss_prob": 5.591731405258178, "loss_thr": 1.2071964263916015, "loss_db": 0.9711289584636689, "time": 1.022716760635376, "epoch": 1, "iter": 70, "memory": 8653, "step": 70}
{"lr": 0.00030000000000000003, "data_time": 0.0018342494964599609, "grad_norm": 30.91653366088867, "loss": 7.311006307601929, "loss_prob": 5.156817388534546, "loss_thr": 1.1855668783187867, "loss_db": 0.9686220228672028, "time": 1.0658267259597778, "epoch": 1, "iter": 75, "memory": 8653, "step": 75}
