{"icdar/precision": 0.7228915662650602, "icdar/recall": 0.01816438770876432, "icdar/hmean": 0.03543830289905006, "icdar/art/precision": 0.7228915662650602, "icdar/art/recall": 0.07377049180327869, "icdar/art/hmean": 0.13387876534027518, "icdar/rctw/precision": 0.0, "icdar/rctw/recall": 0.0, "icdar/rctw/hmean": 0.0, "icdar/rects/precision": 0.0, "icdar/rects/recall": 0.0, "icdar/rects/hmean": 0.0}