{"icdar/precision": 0.7380699893955461, "icdar/recall": 0.7374741409758313, "icdar/hmean": 0.7377719448791076, "icdar/art/precision": 0.808008658008658, "icdar/art/recall": 0.7649590163934427, "icdar/art/hmean": 0.7858947368421053, "icdar/rctw/precision": 0.795224500389307, "icdar/rctw/recall": 0.7122268712226871, "icdar/rctw/hmean": 0.7514408338442674, "icdar/rects/precision": 0.6901147396293027, "icdar/rects/recall": 0.7350756792328664, "icdar/rects/hmean": 0.7118860108344334}