{"lr": 0.00030000000000000003, "data_time": 1.740198278427124, "grad_norm": 17.53297519683838, "loss": 5.883182334899902, "loss_prob": 3.243374252319336, "loss_thr": 1.6535147905349732, "loss_db": 0.9862932443618775, "time": 4.727706432342529, "epoch": 1, "iter": 5, "memory": 21541, "step": 5}
{"lr": 0.00030000000000000003, "data_time": 0.8738699674606323, "grad_norm": Infinity, "loss": 5.813457727432251, "loss_prob": 3.2044636487960814, "loss_thr": 1.6217516541481019, "loss_db": 0.9872423589229584, "time": 2.862990140914917, "epoch": 1, "iter": 10, "memory": 8950, "step": 10}
{"lr": 0.00030000000000000003, "data_time": 0.004454803466796875, "grad_norm": Infinity, "loss": 5.637033700942993, "loss_prob": 3.1283546447753907, "loss_thr": 1.5175235629081727, "loss_db": 0.9911554515361786, "time": 0.9320142269134521, "epoch": 1, "iter": 15, "memory": 8949, "step": 15}
