{"icdar/precision": 0.7383489017924767, "icdar/recall": 0.7378273374035017, "icdar/hmean": 0.7380880274581063, "icdar/art/precision": 0.8078338022073145, "icdar/art/recall": 0.7649590163934427, "icdar/art/hmean": 0.7858120197873908, "icdar/rctw/precision": 0.7965221905009083, "icdar/rctw/recall": 0.7133891213389121, "icdar/rctw/hmean": 0.7526670754138565, "icdar/rects/precision": 0.6902303415409055, "icdar/rects/recall": 0.7352637021716649, "icdar/rects/hmean": 0.7120356882738528}