2026/01/12 11:27:01 - mmengine - INFO - 
------------------------------------------------------------
System environment:
    sys.platform: linux
    Python: 3.8.20 (default, Oct  3 2024, 15:24:27) [GCC 11.2.0]
    CUDA available: True
    MUSA available: False
    numpy_random_seed: 155271039
    GPU 0,1: NVIDIA GeForce RTX 3090
    CUDA_HOME: /usr/local/cuda
    NVCC: Cuda compilation tools, release 11.1, V11.1.105
    GCC: gcc (Ubuntu 9.4.0-1ubuntu1~20.04.2) 9.4.0
    PyTorch: 1.10.2+cu111
    PyTorch compiling details: PyTorch built with:
  - GCC 7.3
  - C++ Version: 201402
  - Intel(R) Math Kernel Library Version 2020.0.0 Product Build 20191122 for Intel(R) 64 architecture applications
  - Intel(R) MKL-DNN v2.2.3 (Git Hash 7336ca9f055cf1bfa13efb658fe15dc9b41f0740)
  - OpenMP 201511 (a.k.a. OpenMP 4.5)
  - LAPACK is enabled (usually provided by MKL)
  - NNPACK is enabled
  - CPU capability usage: AVX2
  - CUDA Runtime 11.1
  - NVCC architecture flags: -gencode;arch=compute_37,code=sm_37;-gencode;arch=compute_50,code=sm_50;-gencode;arch=compute_60,code=sm_60;-gencode;arch=compute_70,code=sm_70;-gencode;arch=compute_75,code=sm_75;-gencode;arch=compute_80,code=sm_80;-gencode;arch=compute_86,code=sm_86
  - CuDNN 8.0.5
  - Magma 2.5.2
  - Build settings: BLAS_INFO=mkl, BUILD_TYPE=Release, CUDA_VERSION=11.1, CUDNN_VERSION=8.0.5, CXX_COMPILER=/opt/rh/devtoolset-7/root/usr/bin/c++, CXX_FLAGS= -Wno-deprecated -fvisibility-inlines-hidden -DUSE_PTHREADPOOL -fopenmp -DNDEBUG -DUSE_KINETO -DUSE_FBGEMM -DUSE_QNNPACK -DUSE_PYTORCH_QNNPACK -DUSE_XNNPACK -DSYMBOLICATE_MOBILE_DEBUG_HANDLE -DEDGE_PROFILER_USE_KINETO -O2 -fPIC -Wno-narrowing -Wall -Wextra -Werror=return-type -Wno-missing-field-initializers -Wno-type-limits -Wno-array-bounds -Wno-unknown-pragmas -Wno-sign-compare -Wno-unused-parameter -Wno-unused-variable -Wno-unused-function -Wno-unused-result -Wno-unused-local-typedefs -Wno-strict-overflow -Wno-strict-aliasing -Wno-error=deprecated-declarations -Wno-stringop-overflow -Wno-psabi -Wno-error=pedantic -Wno-error=redundant-decls -Wno-error=old-style-cast -fdiagnostics-color=always -faligned-new -Wno-unused-but-set-variable -Wno-maybe-uninitialized -fno-math-errno -fno-trapping-math -Werror=format -Wno-stringop-overflow, LAPACK_INFO=mkl, PERF_WITH_AVX=1, PERF_WITH_AVX2=1, PERF_WITH_AVX512=1, TORCH_VERSION=1.10.2, USE_CUDA=ON, USE_CUDNN=ON, USE_EXCEPTION_PTR=1, USE_GFLAGS=OFF, USE_GLOG=OFF, USE_MKL=ON, USE_MKLDNN=ON, USE_MPI=OFF, USE_NCCL=ON, USE_NNPACK=ON, USE_OPENMP=ON, 

    TorchVision: 0.11.3+cu111
    OpenCV: 4.12.0
    MMEngine: 0.10.7

Runtime environment:
    cudnn_benchmark: True
    mp_cfg: {'mp_start_method': 'fork', 'opencv_num_threads': 0}
    dist_cfg: {'backend': 'nccl'}
    seed: 155271039
    Distributed launcher: pytorch
    Distributed training: True
    GPU number: 2
------------------------------------------------------------

2026/01/12 11:27:08 - mmengine - INFO - Config:
auto_scale_lr = dict(base_batch_size=256, enable=True)
default_hooks = dict(
    checkpoint=dict(
        interval=1,
        max_keep_ckpts=2,
        rule='greater',
        save_best='PretrainCN_holdout/recog/word_acc',
        type='CheckpointHook'),
    logger=dict(interval=50, type='LoggerHook'),
    param_scheduler=dict(type='ParamSchedulerHook'),
    sampler_seed=dict(type='DistSamplerSeedHook'),
    sync_buffer=dict(type='SyncBuffersHook'),
    timer=dict(type='IterTimerHook'),
    visualization=dict(
        draw_gt=False,
        draw_pred=False,
        enable=False,
        interval=1,
        show=False,
        type='VisualizationHook'))
default_scope = 'mmocr'
dictionary = dict(
    dict_file='data/charset/charset_rec_cn_en.txt',
    type='Dictionary',
    with_padding=True,
    with_unknown=True)
env_cfg = dict(
    cudnn_benchmark=True,
    dist_cfg=dict(backend='nccl'),
    mp_cfg=dict(mp_start_method='fork', opencv_num_threads=0))
launcher = 'pytorch'
load_from = None
log_level = 'INFO'
log_processor = dict(by_epoch=True, type='LogProcessor', window_size=10)
max_epochs = 20
model = dict(
    data_preprocessor=dict(
        mean=[
            127.5,
        ], std=[
            127.5,
        ], type='TextRecogDataPreprocessor'),
    decoder=dict(
        dictionary=dict(
            dict_file='data/charset/charset_rec_cn_en.txt',
            type='Dictionary',
            with_padding=True,
            with_unknown=True),
        in_channels=384,
        max_seq_len=40,
        module_loss=dict(
            letter_case='lower', type='CTCModuleLoss', zero_infinity=True),
        postprocessor=dict(type='CTCPostProcessor'),
        type='SVTRDecoder'),
    encoder=dict(
        depth=[
            3,
            9,
            9,
        ],
        embed_dims=[
            192,
            256,
            512,
        ],
        img_size=[
            48,
            160,
        ],
        in_channels=3,
        max_seq_len=40,
        merging_types='Conv',
        mixer_types=[
            'Local',
            'Local',
            'Local',
            'Local',
            'Local',
            'Local',
            'Local',
            'Local',
            'Local',
            'Local',
            'Global',
            'Global',
            'Global',
            'Global',
            'Global',
            'Global',
            'Global',
            'Global',
            'Global',
            'Global',
            'Global',
        ],
        num_heads=[
            6,
            8,
            16,
        ],
        out_channels=384,
        prenorm=False,
        type='SVTREncoder',
        window_size=[
            [
                7,
                11,
            ],
            [
                7,
                11,
            ],
            [
                7,
                11,
            ],
        ]),
    preprocessor=dict(
        in_channels=3,
        output_image_size=(
            48,
            160,
        ),
        resized_image_size=(
            32,
            128,
        ),
        type='TPSPP'),
    type='SVTR')
optim_wrapper = dict(
    loss_scale='dynamic',
    optimizer=dict(
        betas=(
            0.9,
            0.99,
        ),
        eps=8e-08,
        lr=0.00025,
        type='AdamW',
        weight_decay=0.05),
    type='AmpOptimWrapper')
param_scheduler = [
    dict(
        convert_to_iter_based=True,
        end=2,
        end_factor=1.0,
        start_factor=0.5,
        type='LinearLR',
        verbose=False),
    dict(
        T_max=19,
        begin=2,
        convert_to_iter_based=True,
        end=20,
        type='CosineAnnealingLR',
        verbose=False),
]
pretrain_cn_scene_lmdb = 'data/pretrain_cn_scene'
pretrain_cn_scene_root = 'data'
pretrain_total = 1200000
pretrain_train = dict(
    ann_file='pretrain_cn_scene',
    data_root='data',
    indices=1195000,
    pipeline=[
        dict(ignore_empty=True, min_size=5, type='LoadImageFromNDArray'),
        dict(type='LoadOCRAnnotations', with_text=True),
        dict(
            prob=0.4,
            transforms=[
                dict(type='TextRecogGeneralAug'),
            ],
            type='RandomApply'),
        dict(
            prob=0.4,
            transforms=[
                dict(type='CropHeight'),
            ],
            type='RandomApply'),
        dict(
            condition='min(results["img_shape"])>10',
            true_transforms=dict(
                prob=0.4,
                transforms=[
                    dict(
                        kernel_size=5,
                        op='GaussianBlur',
                        sigma=1,
                        type='TorchVisionWrapper'),
                ],
                type='RandomApply'),
            type='ConditionApply'),
        dict(
            prob=0.4,
            transforms=[
                dict(
                    brightness=0.5,
                    contrast=0.5,
                    hue=0.1,
                    op='ColorJitter',
                    saturation=0.5,
                    type='TorchVisionWrapper'),
            ],
            type='RandomApply'),
        dict(
            prob=0.4,
            transforms=[
                dict(type='ImageContentJitter'),
            ],
            type='RandomApply'),
        dict(
            prob=0.4,
            transforms=[
                dict(
                    args=[
                        dict(
                            cls='AdditiveGaussianNoise',
                            scale=0.31622776601683794),
                    ],
                    type='ImgAugWrapper'),
            ],
            type='RandomApply'),
        dict(
            prob=0.4,
            transforms=[
                dict(type='ReversePixels'),
            ],
            type='RandomApply'),
        dict(scale=(
            256,
            64,
        ), type='Resize'),
        dict(
            meta_keys=(
                'img_path',
                'ori_shape',
                'img_shape',
                'valid_ratio',
            ),
            type='PackTextRecogInputs'),
    ],
    test_mode=False,
    type='RecogLMDBDataset')
pretrain_train_size = 1195000
pretrain_val = dict(
    ann_file='pretrain_cn_scene',
    data_root='data',
    indices=[
        1195000,
        1195001,
        1195002,
        1195003,
        1195004,
        1195005,
        1195006,
        1195007,
        1195008,
        1195009,
        1195010,
        1195011,
        1195012,
        1195013,
        1195014,
        1195015,
        1195016,
        1195017,
        1195018,
        1195019,
        1195020,
        1195021,
        1195022,
        1195023,
        1195024,
        1195025,
        1195026,
        1195027,
        1195028,
        1195029,
        1195030,
        1195031,
        1195032,
        1195033,
        1195034,
        1195035,
        1195036,
        1195037,
        1195038,
        1195039,
        1195040,
        1195041,
        1195042,
        1195043,
        1195044,
        1195045,
        1195046,
        1195047,
        1195048,
        1195049,
        1195050,
        1195051,
        1195052,
        1195053,
        1195054,
        1195055,
        1195056,
        1195057,
        1195058,
        1195059,
        1195060,
        1195061,
        1195062,
        1195063,
        1195064,
        1195065,
        1195066,
        1195067,
        1195068,
        1195069,
        1195070,
        1195071,
        1195072,
        1195073,
        1195074,
        1195075,
        1195076,
        1195077,
        1195078,
        1195079,
        1195080,
        1195081,
        1195082,
        1195083,
        1195084,
        1195085,
        1195086,
        1195087,
        1195088,
        1195089,
        1195090,
        1195091,
        1195092,
        1195093,
        1195094,
        1195095,
        1195096,
        1195097,
        1195098,
        1195099,
        1195100,
        1195101,
        1195102,
        1195103,
        1195104,
        1195105,
        1195106,
        1195107,
        1195108,
        1195109,
        1195110,
        1195111,
        1195112,
        1195113,
        1195114,
        1195115,
        1195116,
        1195117,
        1195118,
        1195119,
        1195120,
        1195121,
        1195122,
        1195123,
        1195124,
        1195125,
        1195126,
        1195127,
        1195128,
        1195129,
        1195130,
        1195131,
        1195132,
        1195133,
        1195134,
        1195135,
        1195136,
        1195137,
        1195138,
        1195139,
        1195140,
        1195141,
        1195142,
        1195143,
        1195144,
        1195145,
        1195146,
        1195147,
        1195148,
        1195149,
        1195150,
        1195151,
        1195152,
        1195153,
        1195154,
        1195155,
        1195156,
        1195157,
        1195158,
        1195159,
        1195160,
        1195161,
        1195162,
        1195163,
        1195164,
        1195165,
        1195166,
        1195167,
        1195168,
        1195169,
        1195170,
        1195171,
        1195172,
        1195173,
        1195174,
        1195175,
        1195176,
        1195177,
        1195178,
        1195179,
        1195180,
        1195181,
        1195182,
        1195183,
        1195184,
        1195185,
        1195186,
        1195187,
        1195188,
        1195189,
        1195190,
        1195191,
        1195192,
        1195193,
        1195194,
        1195195,
        1195196,
        1195197,
        1195198,
        1195199,
        1195200,
        1195201,
        1195202,
        1195203,
        1195204,
        1195205,
        1195206,
        1195207,
        1195208,
        1195209,
        1195210,
        1195211,
        1195212,
        1195213,
        1195214,
        1195215,
        1195216,
        1195217,
        1195218,
        1195219,
        1195220,
        1195221,
        1195222,
        1195223,
        1195224,
        1195225,
        1195226,
        1195227,
        1195228,
        1195229,
        1195230,
        1195231,
        1195232,
        1195233,
        1195234,
        1195235,
        1195236,
        1195237,
        1195238,
        1195239,
        1195240,
        1195241,
        1195242,
        1195243,
        1195244,
        1195245,
        1195246,
        1195247,
        1195248,
        1195249,
        1195250,
        1195251,
        1195252,
        1195253,
        1195254,
        1195255,
        1195256,
        1195257,
        1195258,
        1195259,
        1195260,
        1195261,
        1195262,
        1195263,
        1195264,
        1195265,
        1195266,
        1195267,
        1195268,
        1195269,
        1195270,
        1195271,
        1195272,
        1195273,
        1195274,
        1195275,
        1195276,
        1195277,
        1195278,
        1195279,
        1195280,
        1195281,
        1195282,
        1195283,
        1195284,
        1195285,
        1195286,
        1195287,
        1195288,
        1195289,
        1195290,
        1195291,
        1195292,
        1195293,
        1195294,
        1195295,
        1195296,
        1195297,
        1195298,
        1195299,
        1195300,
        1195301,
        1195302,
        1195303,
        1195304,
        1195305,
        1195306,
        1195307,
        1195308,
        1195309,
        1195310,
        1195311,
        1195312,
        1195313,
        1195314,
        1195315,
        1195316,
        1195317,
        1195318,
        1195319,
        1195320,
        1195321,
        1195322,
        1195323,
        1195324,
        1195325,
        1195326,
        1195327,
        1195328,
        1195329,
        1195330,
        1195331,
        1195332,
        1195333,
        1195334,
        1195335,
        1195336,
        1195337,
        1195338,
        1195339,
        1195340,
        1195341,
        1195342,
        1195343,
        1195344,
        1195345,
        1195346,
        1195347,
        1195348,
        1195349,
        1195350,
        1195351,
        1195352,
        1195353,
        1195354,
        1195355,
        1195356,
        1195357,
        1195358,
        1195359,
        1195360,
        1195361,
        1195362,
        1195363,
        1195364,
        1195365,
        1195366,
        1195367,
        1195368,
        1195369,
        1195370,
        1195371,
        1195372,
        1195373,
        1195374,
        1195375,
        1195376,
        1195377,
        1195378,
        1195379,
        1195380,
        1195381,
        1195382,
        1195383,
        1195384,
        1195385,
        1195386,
        1195387,
        1195388,
        1195389,
        1195390,
        1195391,
        1195392,
        1195393,
        1195394,
        1195395,
        1195396,
        1195397,
        1195398,
        1195399,
        1195400,
        1195401,
        1195402,
        1195403,
        1195404,
        1195405,
        1195406,
        1195407,
        1195408,
        1195409,
        1195410,
        1195411,
        1195412,
        1195413,
        1195414,
        1195415,
        1195416,
        1195417,
        1195418,
        1195419,
        1195420,
        1195421,
        1195422,
        1195423,
        1195424,
        1195425,
        1195426,
        1195427,
        1195428,
        1195429,
        1195430,
        1195431,
        1195432,
        1195433,
        1195434,
        1195435,
        1195436,
        1195437,
        1195438,
        1195439,
        1195440,
        1195441,
        1195442,
        1195443,
        1195444,
        1195445,
        1195446,
        1195447,
        1195448,
        1195449,
        1195450,
        1195451,
        1195452,
        1195453,
        1195454,
        1195455,
        1195456,
        1195457,
        1195458,
        1195459,
        1195460,
        1195461,
        1195462,
        1195463,
        1195464,
        1195465,
        1195466,
        1195467,
        1195468,
        1195469,
        1195470,
        1195471,
        1195472,
        1195473,
        1195474,
        1195475,
        1195476,
        1195477,
        1195478,
        1195479,
        1195480,
        1195481,
        1195482,
        1195483,
        1195484,
        1195485,
        1195486,
        1195487,
        1195488,
        1195489,
        1195490,
        1195491,
        1195492,
        1195493,
        1195494,
        1195495,
        1195496,
        1195497,
        1195498,
        1195499,
        1195500,
        1195501,
        1195502,
        1195503,
        1195504,
        1195505,
        1195506,
        1195507,
        1195508,
        1195509,
        1195510,
        1195511,
        1195512,
        1195513,
        1195514,
        1195515,
        1195516,
        1195517,
        1195518,
        1195519,
        1195520,
        1195521,
        1195522,
        1195523,
        1195524,
        1195525,
        1195526,
        1195527,
        1195528,
        1195529,
        1195530,
        1195531,
        1195532,
        1195533,
        1195534,
        1195535,
        1195536,
        1195537,
        1195538,
        1195539,
        1195540,
        1195541,
        1195542,
        1195543,
        1195544,
        1195545,
        1195546,
        1195547,
        1195548,
        1195549,
        1195550,
        1195551,
        1195552,
        1195553,
        1195554,
        1195555,
        1195556,
        1195557,
        1195558,
        1195559,
        1195560,
        1195561,
        1195562,
        1195563,
        1195564,
        1195565,
        1195566,
        1195567,
        1195568,
        1195569,
        1195570,
        1195571,
        1195572,
        1195573,
        1195574,
        1195575,
        1195576,
        1195577,
        1195578,
        1195579,
        1195580,
        1195581,
        1195582,
        1195583,
        1195584,
        1195585,
        1195586,
        1195587,
        1195588,
        1195589,
        1195590,
        1195591,
        1195592,
        1195593,
        1195594,
        1195595,
        1195596,
        1195597,
        1195598,
        1195599,
        1195600,
        1195601,
        1195602,
        1195603,
        1195604,
        1195605,
        1195606,
        1195607,
        1195608,
        1195609,
        1195610,
        1195611,
        1195612,
        1195613,
        1195614,
        1195615,
        1195616,
        1195617,
        1195618,
        1195619,
        1195620,
        1195621,
        1195622,
        1195623,
        1195624,
        1195625,
        1195626,
        1195627,
        1195628,
        1195629,
        1195630,
        1195631,
        1195632,
        1195633,
        1195634,
        1195635,
        1195636,
        1195637,
        1195638,
        1195639,
        1195640,
        1195641,
        1195642,
        1195643,
        1195644,
        1195645,
        1195646,
        1195647,
        1195648,
        1195649,
        1195650,
        1195651,
        1195652,
        1195653,
        1195654,
        1195655,
        1195656,
        1195657,
        1195658,
        1195659,
        1195660,
        1195661,
        1195662,
        1195663,
        1195664,
        1195665,
        1195666,
        1195667,
        1195668,
        1195669,
        1195670,
        1195671,
        1195672,
        1195673,
        1195674,
        1195675,
        1195676,
        1195677,
        1195678,
        1195679,
        1195680,
        1195681,
        1195682,
        1195683,
        1195684,
        1195685,
        1195686,
        1195687,
        1195688,
        1195689,
        1195690,
        1195691,
        1195692,
        1195693,
        1195694,
        1195695,
        1195696,
        1195697,
        1195698,
        1195699,
        1195700,
        1195701,
        1195702,
        1195703,
        1195704,
        1195705,
        1195706,
        1195707,
        1195708,
        1195709,
        1195710,
        1195711,
        1195712,
        1195713,
        1195714,
        1195715,
        1195716,
        1195717,
        1195718,
        1195719,
        1195720,
        1195721,
        1195722,
        1195723,
        1195724,
        1195725,
        1195726,
        1195727,
        1195728,
        1195729,
        1195730,
        1195731,
        1195732,
        1195733,
        1195734,
        1195735,
        1195736,
        1195737,
        1195738,
        1195739,
        1195740,
        1195741,
        1195742,
        1195743,
        1195744,
        1195745,
        1195746,
        1195747,
        1195748,
        1195749,
        1195750,
        1195751,
        1195752,
        1195753,
        1195754,
        1195755,
        1195756,
        1195757,
        1195758,
        1195759,
        1195760,
        1195761,
        1195762,
        1195763,
        1195764,
        1195765,
        1195766,
        1195767,
        1195768,
        1195769,
        1195770,
        1195771,
        1195772,
        1195773,
        1195774,
        1195775,
        1195776,
        1195777,
        1195778,
        1195779,
        1195780,
        1195781,
        1195782,
        1195783,
        1195784,
        1195785,
        1195786,
        1195787,
        1195788,
        1195789,
        1195790,
        1195791,
        1195792,
        1195793,
        1195794,
        1195795,
        1195796,
        1195797,
        1195798,
        1195799,
        1195800,
        1195801,
        1195802,
        1195803,
        1195804,
        1195805,
        1195806,
        1195807,
        1195808,
        1195809,
        1195810,
        1195811,
        1195812,
        1195813,
        1195814,
        1195815,
        1195816,
        1195817,
        1195818,
        1195819,
        1195820,
        1195821,
        1195822,
        1195823,
        1195824,
        1195825,
        1195826,
        1195827,
        1195828,
        1195829,
        1195830,
        1195831,
        1195832,
        1195833,
        1195834,
        1195835,
        1195836,
        1195837,
        1195838,
        1195839,
        1195840,
        1195841,
        1195842,
        1195843,
        1195844,
        1195845,
        1195846,
        1195847,
        1195848,
        1195849,
        1195850,
        1195851,
        1195852,
        1195853,
        1195854,
        1195855,
        1195856,
        1195857,
        1195858,
        1195859,
        1195860,
        1195861,
        1195862,
        1195863,
        1195864,
        1195865,
        1195866,
        1195867,
        1195868,
        1195869,
        1195870,
        1195871,
        1195872,
        1195873,
        1195874,
        1195875,
        1195876,
        1195877,
        1195878,
        1195879,
        1195880,
        1195881,
        1195882,
        1195883,
        1195884,
        1195885,
        1195886,
        1195887,
        1195888,
        1195889,
        1195890,
        1195891,
        1195892,
        1195893,
        1195894,
        1195895,
        1195896,
        1195897,
        1195898,
        1195899,
        1195900,
        1195901,
        1195902,
        1195903,
        1195904,
        1195905,
        1195906,
        1195907,
        1195908,
        1195909,
        1195910,
        1195911,
        1195912,
        1195913,
        1195914,
        1195915,
        1195916,
        1195917,
        1195918,
        1195919,
        1195920,
        1195921,
        1195922,
        1195923,
        1195924,
        1195925,
        1195926,
        1195927,
        1195928,
        1195929,
        1195930,
        1195931,
        1195932,
        1195933,
        1195934,
        1195935,
        1195936,
        1195937,
        1195938,
        1195939,
        1195940,
        1195941,
        1195942,
        1195943,
        1195944,
        1195945,
        1195946,
        1195947,
        1195948,
        1195949,
        1195950,
        1195951,
        1195952,
        1195953,
        1195954,
        1195955,
        1195956,
        1195957,
        1195958,
        1195959,
        1195960,
        1195961,
        1195962,
        1195963,
        1195964,
        1195965,
        1195966,
        1195967,
        1195968,
        1195969,
        1195970,
        1195971,
        1195972,
        1195973,
        1195974,
        1195975,
        1195976,
        1195977,
        1195978,
        1195979,
        1195980,
        1195981,
        1195982,
        1195983,
        1195984,
        1195985,
        1195986,
        1195987,
        1195988,
        1195989,
        1195990,
        1195991,
        1195992,
        1195993,
        1195994,
        1195995,
        1195996,
        1195997,
        1195998,
        1195999,
        1196000,
        1196001,
        1196002,
        1196003,
        1196004,
        1196005,
        1196006,
        1196007,
        1196008,
        1196009,
        1196010,
        1196011,
        1196012,
        1196013,
        1196014,
        1196015,
        1196016,
        1196017,
        1196018,
        1196019,
        1196020,
        1196021,
        1196022,
        1196023,
        1196024,
        1196025,
        1196026,
        1196027,
        1196028,
        1196029,
        1196030,
        1196031,
        1196032,
        1196033,
        1196034,
        1196035,
        1196036,
        1196037,
        1196038,
        1196039,
        1196040,
        1196041,
        1196042,
        1196043,
        1196044,
        1196045,
        1196046,
        1196047,
        1196048,
        1196049,
        1196050,
        1196051,
        1196052,
        1196053,
        1196054,
        1196055,
        1196056,
        1196057,
        1196058,
        1196059,
        1196060,
        1196061,
        1196062,
        1196063,
        1196064,
        1196065,
        1196066,
        1196067,
        1196068,
        1196069,
        1196070,
        1196071,
        1196072,
        1196073,
        1196074,
        1196075,
        1196076,
        1196077,
        1196078,
        1196079,
        1196080,
        1196081,
        1196082,
        1196083,
        1196084,
        1196085,
        1196086,
        1196087,
        1196088,
        1196089,
        1196090,
        1196091,
        1196092,
        1196093,
        1196094,
        1196095,
        1196096,
        1196097,
        1196098,
        1196099,
        1196100,
        1196101,
        1196102,
        1196103,
        1196104,
        1196105,
        1196106,
        1196107,
        1196108,
        1196109,
        1196110,
        1196111,
        1196112,
        1196113,
        1196114,
        1196115,
        1196116,
        1196117,
        1196118,
        1196119,
        1196120,
        1196121,
        1196122,
        1196123,
        1196124,
        1196125,
        1196126,
        1196127,
        1196128,
        1196129,
        1196130,
        1196131,
        1196132,
        1196133,
        1196134,
        1196135,
        1196136,
        1196137,
        1196138,
        1196139,
        1196140,
        1196141,
        1196142,
        1196143,
        1196144,
        1196145,
        1196146,
        1196147,
        1196148,
        1196149,
        1196150,
        1196151,
        1196152,
        1196153,
        1196154,
        1196155,
        1196156,
        1196157,
        1196158,
        1196159,
        1196160,
        1196161,
        1196162,
        1196163,
        1196164,
        1196165,
        1196166,
        1196167,
        1196168,
        1196169,
        1196170,
        1196171,
        1196172,
        1196173,
        1196174,
        1196175,
        1196176,
        1196177,
        1196178,
        1196179,
        1196180,
        1196181,
        1196182,
        1196183,
        1196184,
        1196185,
        1196186,
        1196187,
        1196188,
        1196189,
        1196190,
        1196191,
        1196192,
        1196193,
        1196194,
        1196195,
        1196196,
        1196197,
        1196198,
        1196199,
        1196200,
        1196201,
        1196202,
        1196203,
        1196204,
        1196205,
        1196206,
        1196207,
        1196208,
        1196209,
        1196210,
        1196211,
        1196212,
        1196213,
        1196214,
        1196215,
        1196216,
        1196217,
        1196218,
        1196219,
        1196220,
        1196221,
        1196222,
        1196223,
        1196224,
        1196225,
        1196226,
        1196227,
        1196228,
        1196229,
        1196230,
        1196231,
        1196232,
        1196233,
        1196234,
        1196235,
        1196236,
        1196237,
        1196238,
        1196239,
        1196240,
        1196241,
        1196242,
        1196243,
        1196244,
        1196245,
        1196246,
        1196247,
        1196248,
        1196249,
        1196250,
        1196251,
        1196252,
        1196253,
        1196254,
        1196255,
        1196256,
        1196257,
        1196258,
        1196259,
        1196260,
        1196261,
        1196262,
        1196263,
        1196264,
        1196265,
        1196266,
        1196267,
        1196268,
        1196269,
        1196270,
        1196271,
        1196272,
        1196273,
        1196274,
        1196275,
        1196276,
        1196277,
        1196278,
        1196279,
        1196280,
        1196281,
        1196282,
        1196283,
        1196284,
        1196285,
        1196286,
        1196287,
        1196288,
        1196289,
        1196290,
        1196291,
        1196292,
        1196293,
        1196294,
        1196295,
        1196296,
        1196297,
        1196298,
        1196299,
        1196300,
        1196301,
        1196302,
        1196303,
        1196304,
        1196305,
        1196306,
        1196307,
        1196308,
        1196309,
        1196310,
        1196311,
        1196312,
        1196313,
        1196314,
        1196315,
        1196316,
        1196317,
        1196318,
        1196319,
        1196320,
        1196321,
        1196322,
        1196323,
        1196324,
        1196325,
        1196326,
        1196327,
        1196328,
        1196329,
        1196330,
        1196331,
        1196332,
        1196333,
        1196334,
        1196335,
        1196336,
        1196337,
        1196338,
        1196339,
        1196340,
        1196341,
        1196342,
        1196343,
        1196344,
        1196345,
        1196346,
        1196347,
        1196348,
        1196349,
        1196350,
        1196351,
        1196352,
        1196353,
        1196354,
        1196355,
        1196356,
        1196357,
        1196358,
        1196359,
        1196360,
        1196361,
        1196362,
        1196363,
        1196364,
        1196365,
        1196366,
        1196367,
        1196368,
        1196369,
        1196370,
        1196371,
        1196372,
        1196373,
        1196374,
        1196375,
        1196376,
        1196377,
        1196378,
        1196379,
        1196380,
        1196381,
        1196382,
        1196383,
        1196384,
        1196385,
        1196386,
        1196387,
        1196388,
        1196389,
        1196390,
        1196391,
        1196392,
        1196393,
        1196394,
        1196395,
        1196396,
        1196397,
        1196398,
        1196399,
        1196400,
        1196401,
        1196402,
        1196403,
        1196404,
        1196405,
        1196406,
        1196407,
        1196408,
        1196409,
        1196410,
        1196411,
        1196412,
        1196413,
        1196414,
        1196415,
        1196416,
        1196417,
        1196418,
        1196419,
        1196420,
        1196421,
        1196422,
        1196423,
        1196424,
        1196425,
        1196426,
        1196427,
        1196428,
        1196429,
        1196430,
        1196431,
        1196432,
        1196433,
        1196434,
        1196435,
        1196436,
        1196437,
        1196438,
        1196439,
        1196440,
        1196441,
        1196442,
        1196443,
        1196444,
        1196445,
        1196446,
        1196447,
        1196448,
        1196449,
        1196450,
        1196451,
        1196452,
        1196453,
        1196454,
        1196455,
        1196456,
        1196457,
        1196458,
        1196459,
        1196460,
        1196461,
        1196462,
        1196463,
        1196464,
        1196465,
        1196466,
        1196467,
        1196468,
        1196469,
        1196470,
        1196471,
        1196472,
        1196473,
        1196474,
        1196475,
        1196476,
        1196477,
        1196478,
        1196479,
        1196480,
        1196481,
        1196482,
        1196483,
        1196484,
        1196485,
        1196486,
        1196487,
        1196488,
        1196489,
        1196490,
        1196491,
        1196492,
        1196493,
        1196494,
        1196495,
        1196496,
        1196497,
        1196498,
        1196499,
        1196500,
        1196501,
        1196502,
        1196503,
        1196504,
        1196505,
        1196506,
        1196507,
        1196508,
        1196509,
        1196510,
        1196511,
        1196512,
        1196513,
        1196514,
        1196515,
        1196516,
        1196517,
        1196518,
        1196519,
        1196520,
        1196521,
        1196522,
        1196523,
        1196524,
        1196525,
        1196526,
        1196527,
        1196528,
        1196529,
        1196530,
        1196531,
        1196532,
        1196533,
        1196534,
        1196535,
        1196536,
        1196537,
        1196538,
        1196539,
        1196540,
        1196541,
        1196542,
        1196543,
        1196544,
        1196545,
        1196546,
        1196547,
        1196548,
        1196549,
        1196550,
        1196551,
        1196552,
        1196553,
        1196554,
        1196555,
        1196556,
        1196557,
        1196558,
        1196559,
        1196560,
        1196561,
        1196562,
        1196563,
        1196564,
        1196565,
        1196566,
        1196567,
        1196568,
        1196569,
        1196570,
        1196571,
        1196572,
        1196573,
        1196574,
        1196575,
        1196576,
        1196577,
        1196578,
        1196579,
        1196580,
        1196581,
        1196582,
        1196583,
        1196584,
        1196585,
        1196586,
        1196587,
        1196588,
        1196589,
        1196590,
        1196591,
        1196592,
        1196593,
        1196594,
        1196595,
        1196596,
        1196597,
        1196598,
        1196599,
        1196600,
        1196601,
        1196602,
        1196603,
        1196604,
        1196605,
        1196606,
        1196607,
        1196608,
        1196609,
        1196610,
        1196611,
        1196612,
        1196613,
        1196614,
        1196615,
        1196616,
        1196617,
        1196618,
        1196619,
        1196620,
        1196621,
        1196622,
        1196623,
        1196624,
        1196625,
        1196626,
        1196627,
        1196628,
        1196629,
        1196630,
        1196631,
        1196632,
        1196633,
        1196634,
        1196635,
        1196636,
        1196637,
        1196638,
        1196639,
        1196640,
        1196641,
        1196642,
        1196643,
        1196644,
        1196645,
        1196646,
        1196647,
        1196648,
        1196649,
        1196650,
        1196651,
        1196652,
        1196653,
        1196654,
        1196655,
        1196656,
        1196657,
        1196658,
        1196659,
        1196660,
        1196661,
        1196662,
        1196663,
        1196664,
        1196665,
        1196666,
        1196667,
        1196668,
        1196669,
        1196670,
        1196671,
        1196672,
        1196673,
        1196674,
        1196675,
        1196676,
        1196677,
        1196678,
        1196679,
        1196680,
        1196681,
        1196682,
        1196683,
        1196684,
        1196685,
        1196686,
        1196687,
        1196688,
        1196689,
        1196690,
        1196691,
        1196692,
        1196693,
        1196694,
        1196695,
        1196696,
        1196697,
        1196698,
        1196699,
        1196700,
        1196701,
        1196702,
        1196703,
        1196704,
        1196705,
        1196706,
        1196707,
        1196708,
        1196709,
        1196710,
        1196711,
        1196712,
        1196713,
        1196714,
        1196715,
        1196716,
        1196717,
        1196718,
        1196719,
        1196720,
        1196721,
        1196722,
        1196723,
        1196724,
        1196725,
        1196726,
        1196727,
        1196728,
        1196729,
        1196730,
        1196731,
        1196732,
        1196733,
        1196734,
        1196735,
        1196736,
        1196737,
        1196738,
        1196739,
        1196740,
        1196741,
        1196742,
        1196743,
        1196744,
        1196745,
        1196746,
        1196747,
        1196748,
        1196749,
        1196750,
        1196751,
        1196752,
        1196753,
        1196754,
        1196755,
        1196756,
        1196757,
        1196758,
        1196759,
        1196760,
        1196761,
        1196762,
        1196763,
        1196764,
        1196765,
        1196766,
        1196767,
        1196768,
        1196769,
        1196770,
        1196771,
        1196772,
        1196773,
        1196774,
        1196775,
        1196776,
        1196777,
        1196778,
        1196779,
        1196780,
        1196781,
        1196782,
        1196783,
        1196784,
        1196785,
        1196786,
        1196787,
        1196788,
        1196789,
        1196790,
        1196791,
        1196792,
        1196793,
        1196794,
        1196795,
        1196796,
        1196797,
        1196798,
        1196799,
        1196800,
        1196801,
        1196802,
        1196803,
        1196804,
        1196805,
        1196806,
        1196807,
        1196808,
        1196809,
        1196810,
        1196811,
        1196812,
        1196813,
        1196814,
        1196815,
        1196816,
        1196817,
        1196818,
        1196819,
        1196820,
        1196821,
        1196822,
        1196823,
        1196824,
        1196825,
        1196826,
        1196827,
        1196828,
        1196829,
        1196830,
        1196831,
        1196832,
        1196833,
        1196834,
        1196835,
        1196836,
        1196837,
        1196838,
        1196839,
        1196840,
        1196841,
        1196842,
        1196843,
        1196844,
        1196845,
        1196846,
        1196847,
        1196848,
        1196849,
        1196850,
        1196851,
        1196852,
        1196853,
        1196854,
        1196855,
        1196856,
        1196857,
        1196858,
        1196859,
        1196860,
        1196861,
        1196862,
        1196863,
        1196864,
        1196865,
        1196866,
        1196867,
        1196868,
        1196869,
        1196870,
        1196871,
        1196872,
        1196873,
        1196874,
        1196875,
        1196876,
        1196877,
        1196878,
        1196879,
        1196880,
        1196881,
        1196882,
        1196883,
        1196884,
        1196885,
        1196886,
        1196887,
        1196888,
        1196889,
        1196890,
        1196891,
        1196892,
        1196893,
        1196894,
        1196895,
        1196896,
        1196897,
        1196898,
        1196899,
        1196900,
        1196901,
        1196902,
        1196903,
        1196904,
        1196905,
        1196906,
        1196907,
        1196908,
        1196909,
        1196910,
        1196911,
        1196912,
        1196913,
        1196914,
        1196915,
        1196916,
        1196917,
        1196918,
        1196919,
        1196920,
        1196921,
        1196922,
        1196923,
        1196924,
        1196925,
        1196926,
        1196927,
        1196928,
        1196929,
        1196930,
        1196931,
        1196932,
        1196933,
        1196934,
        1196935,
        1196936,
        1196937,
        1196938,
        1196939,
        1196940,
        1196941,
        1196942,
        1196943,
        1196944,
        1196945,
        1196946,
        1196947,
        1196948,
        1196949,
        1196950,
        1196951,
        1196952,
        1196953,
        1196954,
        1196955,
        1196956,
        1196957,
        1196958,
        1196959,
        1196960,
        1196961,
        1196962,
        1196963,
        1196964,
        1196965,
        1196966,
        1196967,
        1196968,
        1196969,
        1196970,
        1196971,
        1196972,
        1196973,
        1196974,
        1196975,
        1196976,
        1196977,
        1196978,
        1196979,
        1196980,
        1196981,
        1196982,
        1196983,
        1196984,
        1196985,
        1196986,
        1196987,
        1196988,
        1196989,
        1196990,
        1196991,
        1196992,
        1196993,
        1196994,
        1196995,
        1196996,
        1196997,
        1196998,
        1196999,
        1197000,
        1197001,
        1197002,
        1197003,
        1197004,
        1197005,
        1197006,
        1197007,
        1197008,
        1197009,
        1197010,
        1197011,
        1197012,
        1197013,
        1197014,
        1197015,
        1197016,
        1197017,
        1197018,
        1197019,
        1197020,
        1197021,
        1197022,
        1197023,
        1197024,
        1197025,
        1197026,
        1197027,
        1197028,
        1197029,
        1197030,
        1197031,
        1197032,
        1197033,
        1197034,
        1197035,
        1197036,
        1197037,
        1197038,
        1197039,
        1197040,
        1197041,
        1197042,
        1197043,
        1197044,
        1197045,
        1197046,
        1197047,
        1197048,
        1197049,
        1197050,
        1197051,
        1197052,
        1197053,
        1197054,
        1197055,
        1197056,
        1197057,
        1197058,
        1197059,
        1197060,
        1197061,
        1197062,
        1197063,
        1197064,
        1197065,
        1197066,
        1197067,
        1197068,
        1197069,
        1197070,
        1197071,
        1197072,
        1197073,
        1197074,
        1197075,
        1197076,
        1197077,
        1197078,
        1197079,
        1197080,
        1197081,
        1197082,
        1197083,
        1197084,
        1197085,
        1197086,
        1197087,
        1197088,
        1197089,
        1197090,
        1197091,
        1197092,
        1197093,
        1197094,
        1197095,
        1197096,
        1197097,
        1197098,
        1197099,
        1197100,
        1197101,
        1197102,
        1197103,
        1197104,
        1197105,
        1197106,
        1197107,
        1197108,
        1197109,
        1197110,
        1197111,
        1197112,
        1197113,
        1197114,
        1197115,
        1197116,
        1197117,
        1197118,
        1197119,
        1197120,
        1197121,
        1197122,
        1197123,
        1197124,
        1197125,
        1197126,
        1197127,
        1197128,
        1197129,
        1197130,
        1197131,
        1197132,
        1197133,
        1197134,
        1197135,
        1197136,
        1197137,
        1197138,
        1197139,
        1197140,
        1197141,
        1197142,
        1197143,
        1197144,
        1197145,
        1197146,
        1197147,
        1197148,
        1197149,
        1197150,
        1197151,
        1197152,
        1197153,
        1197154,
        1197155,
        1197156,
        1197157,
        1197158,
        1197159,
        1197160,
        1197161,
        1197162,
        1197163,
        1197164,
        1197165,
        1197166,
        1197167,
        1197168,
        1197169,
        1197170,
        1197171,
        1197172,
        1197173,
        1197174,
        1197175,
        1197176,
        1197177,
        1197178,
        1197179,
        1197180,
        1197181,
        1197182,
        1197183,
        1197184,
        1197185,
        1197186,
        1197187,
        1197188,
        1197189,
        1197190,
        1197191,
        1197192,
        1197193,
        1197194,
        1197195,
        1197196,
        1197197,
        1197198,
        1197199,
        1197200,
        1197201,
        1197202,
        1197203,
        1197204,
        1197205,
        1197206,
        1197207,
        1197208,
        1197209,
        1197210,
        1197211,
        1197212,
        1197213,
        1197214,
        1197215,
        1197216,
        1197217,
        1197218,
        1197219,
        1197220,
        1197221,
        1197222,
        1197223,
        1197224,
        1197225,
        1197226,
        1197227,
        1197228,
        1197229,
        1197230,
        1197231,
        1197232,
        1197233,
        1197234,
        1197235,
        1197236,
        1197237,
        1197238,
        1197239,
        1197240,
        1197241,
        1197242,
        1197243,
        1197244,
        1197245,
        1197246,
        1197247,
        1197248,
        1197249,
        1197250,
        1197251,
        1197252,
        1197253,
        1197254,
        1197255,
        1197256,
        1197257,
        1197258,
        1197259,
        1197260,
        1197261,
        1197262,
        1197263,
        1197264,
        1197265,
        1197266,
        1197267,
        1197268,
        1197269,
        1197270,
        1197271,
        1197272,
        1197273,
        1197274,
        1197275,
        1197276,
        1197277,
        1197278,
        1197279,
        1197280,
        1197281,
        1197282,
        1197283,
        1197284,
        1197285,
        1197286,
        1197287,
        1197288,
        1197289,
        1197290,
        1197291,
        1197292,
        1197293,
        1197294,
        1197295,
        1197296,
        1197297,
        1197298,
        1197299,
        1197300,
        1197301,
        1197302,
        1197303,
        1197304,
        1197305,
        1197306,
        1197307,
        1197308,
        1197309,
        1197310,
        1197311,
        1197312,
        1197313,
        1197314,
        1197315,
        1197316,
        1197317,
        1197318,
        1197319,
        1197320,
        1197321,
        1197322,
        1197323,
        1197324,
        1197325,
        1197326,
        1197327,
        1197328,
        1197329,
        1197330,
        1197331,
        1197332,
        1197333,
        1197334,
        1197335,
        1197336,
        1197337,
        1197338,
        1197339,
        1197340,
        1197341,
        1197342,
        1197343,
        1197344,
        1197345,
        1197346,
        1197347,
        1197348,
        1197349,
        1197350,
        1197351,
        1197352,
        1197353,
        1197354,
        1197355,
        1197356,
        1197357,
        1197358,
        1197359,
        1197360,
        1197361,
        1197362,
        1197363,
        1197364,
        1197365,
        1197366,
        1197367,
        1197368,
        1197369,
        1197370,
        1197371,
        1197372,
        1197373,
        1197374,
        1197375,
        1197376,
        1197377,
        1197378,
        1197379,
        1197380,
        1197381,
        1197382,
        1197383,
        1197384,
        1197385,
        1197386,
        1197387,
        1197388,
        1197389,
        1197390,
        1197391,
        1197392,
        1197393,
        1197394,
        1197395,
        1197396,
        1197397,
        1197398,
        1197399,
        1197400,
        1197401,
        1197402,
        1197403,
        1197404,
        1197405,
        1197406,
        1197407,
        1197408,
        1197409,
        1197410,
        1197411,
        1197412,
        1197413,
        1197414,
        1197415,
        1197416,
        1197417,
        1197418,
        1197419,
        1197420,
        1197421,
        1197422,
        1197423,
        1197424,
        1197425,
        1197426,
        1197427,
        1197428,
        1197429,
        1197430,
        1197431,
        1197432,
        1197433,
        1197434,
        1197435,
        1197436,
        1197437,
        1197438,
        1197439,
        1197440,
        1197441,
        1197442,
        1197443,
        1197444,
        1197445,
        1197446,
        1197447,
        1197448,
        1197449,
        1197450,
        1197451,
        1197452,
        1197453,
        1197454,
        1197455,
        1197456,
        1197457,
        1197458,
        1197459,
        1197460,
        1197461,
        1197462,
        1197463,
        1197464,
        1197465,
        1197466,
        1197467,
        1197468,
        1197469,
        1197470,
        1197471,
        1197472,
        1197473,
        1197474,
        1197475,
        1197476,
        1197477,
        1197478,
        1197479,
        1197480,
        1197481,
        1197482,
        1197483,
        1197484,
        1197485,
        1197486,
        1197487,
        1197488,
        1197489,
        1197490,
        1197491,
        1197492,
        1197493,
        1197494,
        1197495,
        1197496,
        1197497,
        1197498,
        1197499,
        1197500,
        1197501,
        1197502,
        1197503,
        1197504,
        1197505,
        1197506,
        1197507,
        1197508,
        1197509,
        1197510,
        1197511,
        1197512,
        1197513,
        1197514,
        1197515,
        1197516,
        1197517,
        1197518,
        1197519,
        1197520,
        1197521,
        1197522,
        1197523,
        1197524,
        1197525,
        1197526,
        1197527,
        1197528,
        1197529,
        1197530,
        1197531,
        1197532,
        1197533,
        1197534,
        1197535,
        1197536,
        1197537,
        1197538,
        1197539,
        1197540,
        1197541,
        1197542,
        1197543,
        1197544,
        1197545,
        1197546,
        1197547,
        1197548,
        1197549,
        1197550,
        1197551,
        1197552,
        1197553,
        1197554,
        1197555,
        1197556,
        1197557,
        1197558,
        1197559,
        1197560,
        1197561,
        1197562,
        1197563,
        1197564,
        1197565,
        1197566,
        1197567,
        1197568,
        1197569,
        1197570,
        1197571,
        1197572,
        1197573,
        1197574,
        1197575,
        1197576,
        1197577,
        1197578,
        1197579,
        1197580,
        1197581,
        1197582,
        1197583,
        1197584,
        1197585,
        1197586,
        1197587,
        1197588,
        1197589,
        1197590,
        1197591,
        1197592,
        1197593,
        1197594,
        1197595,
        1197596,
        1197597,
        1197598,
        1197599,
        1197600,
        1197601,
        1197602,
        1197603,
        1197604,
        1197605,
        1197606,
        1197607,
        1197608,
        1197609,
        1197610,
        1197611,
        1197612,
        1197613,
        1197614,
        1197615,
        1197616,
        1197617,
        1197618,
        1197619,
        1197620,
        1197621,
        1197622,
        1197623,
        1197624,
        1197625,
        1197626,
        1197627,
        1197628,
        1197629,
        1197630,
        1197631,
        1197632,
        1197633,
        1197634,
        1197635,
        1197636,
        1197637,
        1197638,
        1197639,
        1197640,
        1197641,
        1197642,
        1197643,
        1197644,
        1197645,
        1197646,
        1197647,
        1197648,
        1197649,
        1197650,
        1197651,
        1197652,
        1197653,
        1197654,
        1197655,
        1197656,
        1197657,
        1197658,
        1197659,
        1197660,
        1197661,
        1197662,
        1197663,
        1197664,
        1197665,
        1197666,
        1197667,
        1197668,
        1197669,
        1197670,
        1197671,
        1197672,
        1197673,
        1197674,
        1197675,
        1197676,
        1197677,
        1197678,
        1197679,
        1197680,
        1197681,
        1197682,
        1197683,
        1197684,
        1197685,
        1197686,
        1197687,
        1197688,
        1197689,
        1197690,
        1197691,
        1197692,
        1197693,
        1197694,
        1197695,
        1197696,
        1197697,
        1197698,
        1197699,
        1197700,
        1197701,
        1197702,
        1197703,
        1197704,
        1197705,
        1197706,
        1197707,
        1197708,
        1197709,
        1197710,
        1197711,
        1197712,
        1197713,
        1197714,
        1197715,
        1197716,
        1197717,
        1197718,
        1197719,
        1197720,
        1197721,
        1197722,
        1197723,
        1197724,
        1197725,
        1197726,
        1197727,
        1197728,
        1197729,
        1197730,
        1197731,
        1197732,
        1197733,
        1197734,
        1197735,
        1197736,
        1197737,
        1197738,
        1197739,
        1197740,
        1197741,
        1197742,
        1197743,
        1197744,
        1197745,
        1197746,
        1197747,
        1197748,
        1197749,
        1197750,
        1197751,
        1197752,
        1197753,
        1197754,
        1197755,
        1197756,
        1197757,
        1197758,
        1197759,
        1197760,
        1197761,
        1197762,
        1197763,
        1197764,
        1197765,
        1197766,
        1197767,
        1197768,
        1197769,
        1197770,
        1197771,
        1197772,
        1197773,
        1197774,
        1197775,
        1197776,
        1197777,
        1197778,
        1197779,
        1197780,
        1197781,
        1197782,
        1197783,
        1197784,
        1197785,
        1197786,
        1197787,
        1197788,
        1197789,
        1197790,
        1197791,
        1197792,
        1197793,
        1197794,
        1197795,
        1197796,
        1197797,
        1197798,
        1197799,
        1197800,
        1197801,
        1197802,
        1197803,
        1197804,
        1197805,
        1197806,
        1197807,
        1197808,
        1197809,
        1197810,
        1197811,
        1197812,
        1197813,
        1197814,
        1197815,
        1197816,
        1197817,
        1197818,
        1197819,
        1197820,
        1197821,
        1197822,
        1197823,
        1197824,
        1197825,
        1197826,
        1197827,
        1197828,
        1197829,
        1197830,
        1197831,
        1197832,
        1197833,
        1197834,
        1197835,
        1197836,
        1197837,
        1197838,
        1197839,
        1197840,
        1197841,
        1197842,
        1197843,
        1197844,
        1197845,
        1197846,
        1197847,
        1197848,
        1197849,
        1197850,
        1197851,
        1197852,
        1197853,
        1197854,
        1197855,
        1197856,
        1197857,
        1197858,
        1197859,
        1197860,
        1197861,
        1197862,
        1197863,
        1197864,
        1197865,
        1197866,
        1197867,
        1197868,
        1197869,
        1197870,
        1197871,
        1197872,
        1197873,
        1197874,
        1197875,
        1197876,
        1197877,
        1197878,
        1197879,
        1197880,
        1197881,
        1197882,
        1197883,
        1197884,
        1197885,
        1197886,
        1197887,
        1197888,
        1197889,
        1197890,
        1197891,
        1197892,
        1197893,
        1197894,
        1197895,
        1197896,
        1197897,
        1197898,
        1197899,
        1197900,
        1197901,
        1197902,
        1197903,
        1197904,
        1197905,
        1197906,
        1197907,
        1197908,
        1197909,
        1197910,
        1197911,
        1197912,
        1197913,
        1197914,
        1197915,
        1197916,
        1197917,
        1197918,
        1197919,
        1197920,
        1197921,
        1197922,
        1197923,
        1197924,
        1197925,
        1197926,
        1197927,
        1197928,
        1197929,
        1197930,
        1197931,
        1197932,
        1197933,
        1197934,
        1197935,
        1197936,
        1197937,
        1197938,
        1197939,
        1197940,
        1197941,
        1197942,
        1197943,
        1197944,
        1197945,
        1197946,
        1197947,
        1197948,
        1197949,
        1197950,
        1197951,
        1197952,
        1197953,
        1197954,
        1197955,
        1197956,
        1197957,
        1197958,
        1197959,
        1197960,
        1197961,
        1197962,
        1197963,
        1197964,
        1197965,
        1197966,
        1197967,
        1197968,
        1197969,
        1197970,
        1197971,
        1197972,
        1197973,
        1197974,
        1197975,
        1197976,
        1197977,
        1197978,
        1197979,
        1197980,
        1197981,
        1197982,
        1197983,
        1197984,
        1197985,
        1197986,
        1197987,
        1197988,
        1197989,
        1197990,
        1197991,
        1197992,
        1197993,
        1197994,
        1197995,
        1197996,
        1197997,
        1197998,
        1197999,
        1198000,
        1198001,
        1198002,
        1198003,
        1198004,
        1198005,
        1198006,
        1198007,
        1198008,
        1198009,
        1198010,
        1198011,
        1198012,
        1198013,
        1198014,
        1198015,
        1198016,
        1198017,
        1198018,
        1198019,
        1198020,
        1198021,
        1198022,
        1198023,
        1198024,
        1198025,
        1198026,
        1198027,
        1198028,
        1198029,
        1198030,
        1198031,
        1198032,
        1198033,
        1198034,
        1198035,
        1198036,
        1198037,
        1198038,
        1198039,
        1198040,
        1198041,
        1198042,
        1198043,
        1198044,
        1198045,
        1198046,
        1198047,
        1198048,
        1198049,
        1198050,
        1198051,
        1198052,
        1198053,
        1198054,
        1198055,
        1198056,
        1198057,
        1198058,
        1198059,
        1198060,
        1198061,
        1198062,
        1198063,
        1198064,
        1198065,
        1198066,
        1198067,
        1198068,
        1198069,
        1198070,
        1198071,
        1198072,
        1198073,
        1198074,
        1198075,
        1198076,
        1198077,
        1198078,
        1198079,
        1198080,
        1198081,
        1198082,
        1198083,
        1198084,
        1198085,
        1198086,
        1198087,
        1198088,
        1198089,
        1198090,
        1198091,
        1198092,
        1198093,
        1198094,
        1198095,
        1198096,
        1198097,
        1198098,
        1198099,
        1198100,
        1198101,
        1198102,
        1198103,
        1198104,
        1198105,
        1198106,
        1198107,
        1198108,
        1198109,
        1198110,
        1198111,
        1198112,
        1198113,
        1198114,
        1198115,
        1198116,
        1198117,
        1198118,
        1198119,
        1198120,
        1198121,
        1198122,
        1198123,
        1198124,
        1198125,
        1198126,
        1198127,
        1198128,
        1198129,
        1198130,
        1198131,
        1198132,
        1198133,
        1198134,
        1198135,
        1198136,
        1198137,
        1198138,
        1198139,
        1198140,
        1198141,
        1198142,
        1198143,
        1198144,
        1198145,
        1198146,
        1198147,
        1198148,
        1198149,
        1198150,
        1198151,
        1198152,
        1198153,
        1198154,
        1198155,
        1198156,
        1198157,
        1198158,
        1198159,
        1198160,
        1198161,
        1198162,
        1198163,
        1198164,
        1198165,
        1198166,
        1198167,
        1198168,
        1198169,
        1198170,
        1198171,
        1198172,
        1198173,
        1198174,
        1198175,
        1198176,
        1198177,
        1198178,
        1198179,
        1198180,
        1198181,
        1198182,
        1198183,
        1198184,
        1198185,
        1198186,
        1198187,
        1198188,
        1198189,
        1198190,
        1198191,
        1198192,
        1198193,
        1198194,
        1198195,
        1198196,
        1198197,
        1198198,
        1198199,
        1198200,
        1198201,
        1198202,
        1198203,
        1198204,
        1198205,
        1198206,
        1198207,
        1198208,
        1198209,
        1198210,
        1198211,
        1198212,
        1198213,
        1198214,
        1198215,
        1198216,
        1198217,
        1198218,
        1198219,
        1198220,
        1198221,
        1198222,
        1198223,
        1198224,
        1198225,
        1198226,
        1198227,
        1198228,
        1198229,
        1198230,
        1198231,
        1198232,
        1198233,
        1198234,
        1198235,
        1198236,
        1198237,
        1198238,
        1198239,
        1198240,
        1198241,
        1198242,
        1198243,
        1198244,
        1198245,
        1198246,
        1198247,
        1198248,
        1198249,
        1198250,
        1198251,
        1198252,
        1198253,
        1198254,
        1198255,
        1198256,
        1198257,
        1198258,
        1198259,
        1198260,
        1198261,
        1198262,
        1198263,
        1198264,
        1198265,
        1198266,
        1198267,
        1198268,
        1198269,
        1198270,
        1198271,
        1198272,
        1198273,
        1198274,
        1198275,
        1198276,
        1198277,
        1198278,
        1198279,
        1198280,
        1198281,
        1198282,
        1198283,
        1198284,
        1198285,
        1198286,
        1198287,
        1198288,
        1198289,
        1198290,
        1198291,
        1198292,
        1198293,
        1198294,
        1198295,
        1198296,
        1198297,
        1198298,
        1198299,
        1198300,
        1198301,
        1198302,
        1198303,
        1198304,
        1198305,
        1198306,
        1198307,
        1198308,
        1198309,
        1198310,
        1198311,
        1198312,
        1198313,
        1198314,
        1198315,
        1198316,
        1198317,
        1198318,
        1198319,
        1198320,
        1198321,
        1198322,
        1198323,
        1198324,
        1198325,
        1198326,
        1198327,
        1198328,
        1198329,
        1198330,
        1198331,
        1198332,
        1198333,
        1198334,
        1198335,
        1198336,
        1198337,
        1198338,
        1198339,
        1198340,
        1198341,
        1198342,
        1198343,
        1198344,
        1198345,
        1198346,
        1198347,
        1198348,
        1198349,
        1198350,
        1198351,
        1198352,
        1198353,
        1198354,
        1198355,
        1198356,
        1198357,
        1198358,
        1198359,
        1198360,
        1198361,
        1198362,
        1198363,
        1198364,
        1198365,
        1198366,
        1198367,
        1198368,
        1198369,
        1198370,
        1198371,
        1198372,
        1198373,
        1198374,
        1198375,
        1198376,
        1198377,
        1198378,
        1198379,
        1198380,
        1198381,
        1198382,
        1198383,
        1198384,
        1198385,
        1198386,
        1198387,
        1198388,
        1198389,
        1198390,
        1198391,
        1198392,
        1198393,
        1198394,
        1198395,
        1198396,
        1198397,
        1198398,
        1198399,
        1198400,
        1198401,
        1198402,
        1198403,
        1198404,
        1198405,
        1198406,
        1198407,
        1198408,
        1198409,
        1198410,
        1198411,
        1198412,
        1198413,
        1198414,
        1198415,
        1198416,
        1198417,
        1198418,
        1198419,
        1198420,
        1198421,
        1198422,
        1198423,
        1198424,
        1198425,
        1198426,
        1198427,
        1198428,
        1198429,
        1198430,
        1198431,
        1198432,
        1198433,
        1198434,
        1198435,
        1198436,
        1198437,
        1198438,
        1198439,
        1198440,
        1198441,
        1198442,
        1198443,
        1198444,
        1198445,
        1198446,
        1198447,
        1198448,
        1198449,
        1198450,
        1198451,
        1198452,
        1198453,
        1198454,
        1198455,
        1198456,
        1198457,
        1198458,
        1198459,
        1198460,
        1198461,
        1198462,
        1198463,
        1198464,
        1198465,
        1198466,
        1198467,
        1198468,
        1198469,
        1198470,
        1198471,
        1198472,
        1198473,
        1198474,
        1198475,
        1198476,
        1198477,
        1198478,
        1198479,
        1198480,
        1198481,
        1198482,
        1198483,
        1198484,
        1198485,
        1198486,
        1198487,
        1198488,
        1198489,
        1198490,
        1198491,
        1198492,
        1198493,
        1198494,
        1198495,
        1198496,
        1198497,
        1198498,
        1198499,
        1198500,
        1198501,
        1198502,
        1198503,
        1198504,
        1198505,
        1198506,
        1198507,
        1198508,
        1198509,
        1198510,
        1198511,
        1198512,
        1198513,
        1198514,
        1198515,
        1198516,
        1198517,
        1198518,
        1198519,
        1198520,
        1198521,
        1198522,
        1198523,
        1198524,
        1198525,
        1198526,
        1198527,
        1198528,
        1198529,
        1198530,
        1198531,
        1198532,
        1198533,
        1198534,
        1198535,
        1198536,
        1198537,
        1198538,
        1198539,
        1198540,
        1198541,
        1198542,
        1198543,
        1198544,
        1198545,
        1198546,
        1198547,
        1198548,
        1198549,
        1198550,
        1198551,
        1198552,
        1198553,
        1198554,
        1198555,
        1198556,
        1198557,
        1198558,
        1198559,
        1198560,
        1198561,
        1198562,
        1198563,
        1198564,
        1198565,
        1198566,
        1198567,
        1198568,
        1198569,
        1198570,
        1198571,
        1198572,
        1198573,
        1198574,
        1198575,
        1198576,
        1198577,
        1198578,
        1198579,
        1198580,
        1198581,
        1198582,
        1198583,
        1198584,
        1198585,
        1198586,
        1198587,
        1198588,
        1198589,
        1198590,
        1198591,
        1198592,
        1198593,
        1198594,
        1198595,
        1198596,
        1198597,
        1198598,
        1198599,
        1198600,
        1198601,
        1198602,
        1198603,
        1198604,
        1198605,
        1198606,
        1198607,
        1198608,
        1198609,
        1198610,
        1198611,
        1198612,
        1198613,
        1198614,
        1198615,
        1198616,
        1198617,
        1198618,
        1198619,
        1198620,
        1198621,
        1198622,
        1198623,
        1198624,
        1198625,
        1198626,
        1198627,
        1198628,
        1198629,
        1198630,
        1198631,
        1198632,
        1198633,
        1198634,
        1198635,
        1198636,
        1198637,
        1198638,
        1198639,
        1198640,
        1198641,
        1198642,
        1198643,
        1198644,
        1198645,
        1198646,
        1198647,
        1198648,
        1198649,
        1198650,
        1198651,
        1198652,
        1198653,
        1198654,
        1198655,
        1198656,
        1198657,
        1198658,
        1198659,
        1198660,
        1198661,
        1198662,
        1198663,
        1198664,
        1198665,
        1198666,
        1198667,
        1198668,
        1198669,
        1198670,
        1198671,
        1198672,
        1198673,
        1198674,
        1198675,
        1198676,
        1198677,
        1198678,
        1198679,
        1198680,
        1198681,
        1198682,
        1198683,
        1198684,
        1198685,
        1198686,
        1198687,
        1198688,
        1198689,
        1198690,
        1198691,
        1198692,
        1198693,
        1198694,
        1198695,
        1198696,
        1198697,
        1198698,
        1198699,
        1198700,
        1198701,
        1198702,
        1198703,
        1198704,
        1198705,
        1198706,
        1198707,
        1198708,
        1198709,
        1198710,
        1198711,
        1198712,
        1198713,
        1198714,
        1198715,
        1198716,
        1198717,
        1198718,
        1198719,
        1198720,
        1198721,
        1198722,
        1198723,
        1198724,
        1198725,
        1198726,
        1198727,
        1198728,
        1198729,
        1198730,
        1198731,
        1198732,
        1198733,
        1198734,
        1198735,
        1198736,
        1198737,
        1198738,
        1198739,
        1198740,
        1198741,
        1198742,
        1198743,
        1198744,
        1198745,
        1198746,
        1198747,
        1198748,
        1198749,
        1198750,
        1198751,
        1198752,
        1198753,
        1198754,
        1198755,
        1198756,
        1198757,
        1198758,
        1198759,
        1198760,
        1198761,
        1198762,
        1198763,
        1198764,
        1198765,
        1198766,
        1198767,
        1198768,
        1198769,
        1198770,
        1198771,
        1198772,
        1198773,
        1198774,
        1198775,
        1198776,
        1198777,
        1198778,
        1198779,
        1198780,
        1198781,
        1198782,
        1198783,
        1198784,
        1198785,
        1198786,
        1198787,
        1198788,
        1198789,
        1198790,
        1198791,
        1198792,
        1198793,
        1198794,
        1198795,
        1198796,
        1198797,
        1198798,
        1198799,
        1198800,
        1198801,
        1198802,
        1198803,
        1198804,
        1198805,
        1198806,
        1198807,
        1198808,
        1198809,
        1198810,
        1198811,
        1198812,
        1198813,
        1198814,
        1198815,
        1198816,
        1198817,
        1198818,
        1198819,
        1198820,
        1198821,
        1198822,
        1198823,
        1198824,
        1198825,
        1198826,
        1198827,
        1198828,
        1198829,
        1198830,
        1198831,
        1198832,
        1198833,
        1198834,
        1198835,
        1198836,
        1198837,
        1198838,
        1198839,
        1198840,
        1198841,
        1198842,
        1198843,
        1198844,
        1198845,
        1198846,
        1198847,
        1198848,
        1198849,
        1198850,
        1198851,
        1198852,
        1198853,
        1198854,
        1198855,
        1198856,
        1198857,
        1198858,
        1198859,
        1198860,
        1198861,
        1198862,
        1198863,
        1198864,
        1198865,
        1198866,
        1198867,
        1198868,
        1198869,
        1198870,
        1198871,
        1198872,
        1198873,
        1198874,
        1198875,
        1198876,
        1198877,
        1198878,
        1198879,
        1198880,
        1198881,
        1198882,
        1198883,
        1198884,
        1198885,
        1198886,
        1198887,
        1198888,
        1198889,
        1198890,
        1198891,
        1198892,
        1198893,
        1198894,
        1198895,
        1198896,
        1198897,
        1198898,
        1198899,
        1198900,
        1198901,
        1198902,
        1198903,
        1198904,
        1198905,
        1198906,
        1198907,
        1198908,
        1198909,
        1198910,
        1198911,
        1198912,
        1198913,
        1198914,
        1198915,
        1198916,
        1198917,
        1198918,
        1198919,
        1198920,
        1198921,
        1198922,
        1198923,
        1198924,
        1198925,
        1198926,
        1198927,
        1198928,
        1198929,
        1198930,
        1198931,
        1198932,
        1198933,
        1198934,
        1198935,
        1198936,
        1198937,
        1198938,
        1198939,
        1198940,
        1198941,
        1198942,
        1198943,
        1198944,
        1198945,
        1198946,
        1198947,
        1198948,
        1198949,
        1198950,
        1198951,
        1198952,
        1198953,
        1198954,
        1198955,
        1198956,
        1198957,
        1198958,
        1198959,
        1198960,
        1198961,
        1198962,
        1198963,
        1198964,
        1198965,
        1198966,
        1198967,
        1198968,
        1198969,
        1198970,
        1198971,
        1198972,
        1198973,
        1198974,
        1198975,
        1198976,
        1198977,
        1198978,
        1198979,
        1198980,
        1198981,
        1198982,
        1198983,
        1198984,
        1198985,
        1198986,
        1198987,
        1198988,
        1198989,
        1198990,
        1198991,
        1198992,
        1198993,
        1198994,
        1198995,
        1198996,
        1198997,
        1198998,
        1198999,
        1199000,
        1199001,
        1199002,
        1199003,
        1199004,
        1199005,
        1199006,
        1199007,
        1199008,
        1199009,
        1199010,
        1199011,
        1199012,
        1199013,
        1199014,
        1199015,
        1199016,
        1199017,
        1199018,
        1199019,
        1199020,
        1199021,
        1199022,
        1199023,
        1199024,
        1199025,
        1199026,
        1199027,
        1199028,
        1199029,
        1199030,
        1199031,
        1199032,
        1199033,
        1199034,
        1199035,
        1199036,
        1199037,
        1199038,
        1199039,
        1199040,
        1199041,
        1199042,
        1199043,
        1199044,
        1199045,
        1199046,
        1199047,
        1199048,
        1199049,
        1199050,
        1199051,
        1199052,
        1199053,
        1199054,
        1199055,
        1199056,
        1199057,
        1199058,
        1199059,
        1199060,
        1199061,
        1199062,
        1199063,
        1199064,
        1199065,
        1199066,
        1199067,
        1199068,
        1199069,
        1199070,
        1199071,
        1199072,
        1199073,
        1199074,
        1199075,
        1199076,
        1199077,
        1199078,
        1199079,
        1199080,
        1199081,
        1199082,
        1199083,
        1199084,
        1199085,
        1199086,
        1199087,
        1199088,
        1199089,
        1199090,
        1199091,
        1199092,
        1199093,
        1199094,
        1199095,
        1199096,
        1199097,
        1199098,
        1199099,
        1199100,
        1199101,
        1199102,
        1199103,
        1199104,
        1199105,
        1199106,
        1199107,
        1199108,
        1199109,
        1199110,
        1199111,
        1199112,
        1199113,
        1199114,
        1199115,
        1199116,
        1199117,
        1199118,
        1199119,
        1199120,
        1199121,
        1199122,
        1199123,
        1199124,
        1199125,
        1199126,
        1199127,
        1199128,
        1199129,
        1199130,
        1199131,
        1199132,
        1199133,
        1199134,
        1199135,
        1199136,
        1199137,
        1199138,
        1199139,
        1199140,
        1199141,
        1199142,
        1199143,
        1199144,
        1199145,
        1199146,
        1199147,
        1199148,
        1199149,
        1199150,
        1199151,
        1199152,
        1199153,
        1199154,
        1199155,
        1199156,
        1199157,
        1199158,
        1199159,
        1199160,
        1199161,
        1199162,
        1199163,
        1199164,
        1199165,
        1199166,
        1199167,
        1199168,
        1199169,
        1199170,
        1199171,
        1199172,
        1199173,
        1199174,
        1199175,
        1199176,
        1199177,
        1199178,
        1199179,
        1199180,
        1199181,
        1199182,
        1199183,
        1199184,
        1199185,
        1199186,
        1199187,
        1199188,
        1199189,
        1199190,
        1199191,
        1199192,
        1199193,
        1199194,
        1199195,
        1199196,
        1199197,
        1199198,
        1199199,
        1199200,
        1199201,
        1199202,
        1199203,
        1199204,
        1199205,
        1199206,
        1199207,
        1199208,
        1199209,
        1199210,
        1199211,
        1199212,
        1199213,
        1199214,
        1199215,
        1199216,
        1199217,
        1199218,
        1199219,
        1199220,
        1199221,
        1199222,
        1199223,
        1199224,
        1199225,
        1199226,
        1199227,
        1199228,
        1199229,
        1199230,
        1199231,
        1199232,
        1199233,
        1199234,
        1199235,
        1199236,
        1199237,
        1199238,
        1199239,
        1199240,
        1199241,
        1199242,
        1199243,
        1199244,
        1199245,
        1199246,
        1199247,
        1199248,
        1199249,
        1199250,
        1199251,
        1199252,
        1199253,
        1199254,
        1199255,
        1199256,
        1199257,
        1199258,
        1199259,
        1199260,
        1199261,
        1199262,
        1199263,
        1199264,
        1199265,
        1199266,
        1199267,
        1199268,
        1199269,
        1199270,
        1199271,
        1199272,
        1199273,
        1199274,
        1199275,
        1199276,
        1199277,
        1199278,
        1199279,
        1199280,
        1199281,
        1199282,
        1199283,
        1199284,
        1199285,
        1199286,
        1199287,
        1199288,
        1199289,
        1199290,
        1199291,
        1199292,
        1199293,
        1199294,
        1199295,
        1199296,
        1199297,
        1199298,
        1199299,
        1199300,
        1199301,
        1199302,
        1199303,
        1199304,
        1199305,
        1199306,
        1199307,
        1199308,
        1199309,
        1199310,
        1199311,
        1199312,
        1199313,
        1199314,
        1199315,
        1199316,
        1199317,
        1199318,
        1199319,
        1199320,
        1199321,
        1199322,
        1199323,
        1199324,
        1199325,
        1199326,
        1199327,
        1199328,
        1199329,
        1199330,
        1199331,
        1199332,
        1199333,
        1199334,
        1199335,
        1199336,
        1199337,
        1199338,
        1199339,
        1199340,
        1199341,
        1199342,
        1199343,
        1199344,
        1199345,
        1199346,
        1199347,
        1199348,
        1199349,
        1199350,
        1199351,
        1199352,
        1199353,
        1199354,
        1199355,
        1199356,
        1199357,
        1199358,
        1199359,
        1199360,
        1199361,
        1199362,
        1199363,
        1199364,
        1199365,
        1199366,
        1199367,
        1199368,
        1199369,
        1199370,
        1199371,
        1199372,
        1199373,
        1199374,
        1199375,
        1199376,
        1199377,
        1199378,
        1199379,
        1199380,
        1199381,
        1199382,
        1199383,
        1199384,
        1199385,
        1199386,
        1199387,
        1199388,
        1199389,
        1199390,
        1199391,
        1199392,
        1199393,
        1199394,
        1199395,
        1199396,
        1199397,
        1199398,
        1199399,
        1199400,
        1199401,
        1199402,
        1199403,
        1199404,
        1199405,
        1199406,
        1199407,
        1199408,
        1199409,
        1199410,
        1199411,
        1199412,
        1199413,
        1199414,
        1199415,
        1199416,
        1199417,
        1199418,
        1199419,
        1199420,
        1199421,
        1199422,
        1199423,
        1199424,
        1199425,
        1199426,
        1199427,
        1199428,
        1199429,
        1199430,
        1199431,
        1199432,
        1199433,
        1199434,
        1199435,
        1199436,
        1199437,
        1199438,
        1199439,
        1199440,
        1199441,
        1199442,
        1199443,
        1199444,
        1199445,
        1199446,
        1199447,
        1199448,
        1199449,
        1199450,
        1199451,
        1199452,
        1199453,
        1199454,
        1199455,
        1199456,
        1199457,
        1199458,
        1199459,
        1199460,
        1199461,
        1199462,
        1199463,
        1199464,
        1199465,
        1199466,
        1199467,
        1199468,
        1199469,
        1199470,
        1199471,
        1199472,
        1199473,
        1199474,
        1199475,
        1199476,
        1199477,
        1199478,
        1199479,
        1199480,
        1199481,
        1199482,
        1199483,
        1199484,
        1199485,
        1199486,
        1199487,
        1199488,
        1199489,
        1199490,
        1199491,
        1199492,
        1199493,
        1199494,
        1199495,
        1199496,
        1199497,
        1199498,
        1199499,
        1199500,
        1199501,
        1199502,
        1199503,
        1199504,
        1199505,
        1199506,
        1199507,
        1199508,
        1199509,
        1199510,
        1199511,
        1199512,
        1199513,
        1199514,
        1199515,
        1199516,
        1199517,
        1199518,
        1199519,
        1199520,
        1199521,
        1199522,
        1199523,
        1199524,
        1199525,
        1199526,
        1199527,
        1199528,
        1199529,
        1199530,
        1199531,
        1199532,
        1199533,
        1199534,
        1199535,
        1199536,
        1199537,
        1199538,
        1199539,
        1199540,
        1199541,
        1199542,
        1199543,
        1199544,
        1199545,
        1199546,
        1199547,
        1199548,
        1199549,
        1199550,
        1199551,
        1199552,
        1199553,
        1199554,
        1199555,
        1199556,
        1199557,
        1199558,
        1199559,
        1199560,
        1199561,
        1199562,
        1199563,
        1199564,
        1199565,
        1199566,
        1199567,
        1199568,
        1199569,
        1199570,
        1199571,
        1199572,
        1199573,
        1199574,
        1199575,
        1199576,
        1199577,
        1199578,
        1199579,
        1199580,
        1199581,
        1199582,
        1199583,
        1199584,
        1199585,
        1199586,
        1199587,
        1199588,
        1199589,
        1199590,
        1199591,
        1199592,
        1199593,
        1199594,
        1199595,
        1199596,
        1199597,
        1199598,
        1199599,
        1199600,
        1199601,
        1199602,
        1199603,
        1199604,
        1199605,
        1199606,
        1199607,
        1199608,
        1199609,
        1199610,
        1199611,
        1199612,
        1199613,
        1199614,
        1199615,
        1199616,
        1199617,
        1199618,
        1199619,
        1199620,
        1199621,
        1199622,
        1199623,
        1199624,
        1199625,
        1199626,
        1199627,
        1199628,
        1199629,
        1199630,
        1199631,
        1199632,
        1199633,
        1199634,
        1199635,
        1199636,
        1199637,
        1199638,
        1199639,
        1199640,
        1199641,
        1199642,
        1199643,
        1199644,
        1199645,
        1199646,
        1199647,
        1199648,
        1199649,
        1199650,
        1199651,
        1199652,
        1199653,
        1199654,
        1199655,
        1199656,
        1199657,
        1199658,
        1199659,
        1199660,
        1199661,
        1199662,
        1199663,
        1199664,
        1199665,
        1199666,
        1199667,
        1199668,
        1199669,
        1199670,
        1199671,
        1199672,
        1199673,
        1199674,
        1199675,
        1199676,
        1199677,
        1199678,
        1199679,
        1199680,
        1199681,
        1199682,
        1199683,
        1199684,
        1199685,
        1199686,
        1199687,
        1199688,
        1199689,
        1199690,
        1199691,
        1199692,
        1199693,
        1199694,
        1199695,
        1199696,
        1199697,
        1199698,
        1199699,
        1199700,
        1199701,
        1199702,
        1199703,
        1199704,
        1199705,
        1199706,
        1199707,
        1199708,
        1199709,
        1199710,
        1199711,
        1199712,
        1199713,
        1199714,
        1199715,
        1199716,
        1199717,
        1199718,
        1199719,
        1199720,
        1199721,
        1199722,
        1199723,
        1199724,
        1199725,
        1199726,
        1199727,
        1199728,
        1199729,
        1199730,
        1199731,
        1199732,
        1199733,
        1199734,
        1199735,
        1199736,
        1199737,
        1199738,
        1199739,
        1199740,
        1199741,
        1199742,
        1199743,
        1199744,
        1199745,
        1199746,
        1199747,
        1199748,
        1199749,
        1199750,
        1199751,
        1199752,
        1199753,
        1199754,
        1199755,
        1199756,
        1199757,
        1199758,
        1199759,
        1199760,
        1199761,
        1199762,
        1199763,
        1199764,
        1199765,
        1199766,
        1199767,
        1199768,
        1199769,
        1199770,
        1199771,
        1199772,
        1199773,
        1199774,
        1199775,
        1199776,
        1199777,
        1199778,
        1199779,
        1199780,
        1199781,
        1199782,
        1199783,
        1199784,
        1199785,
        1199786,
        1199787,
        1199788,
        1199789,
        1199790,
        1199791,
        1199792,
        1199793,
        1199794,
        1199795,
        1199796,
        1199797,
        1199798,
        1199799,
        1199800,
        1199801,
        1199802,
        1199803,
        1199804,
        1199805,
        1199806,
        1199807,
        1199808,
        1199809,
        1199810,
        1199811,
        1199812,
        1199813,
        1199814,
        1199815,
        1199816,
        1199817,
        1199818,
        1199819,
        1199820,
        1199821,
        1199822,
        1199823,
        1199824,
        1199825,
        1199826,
        1199827,
        1199828,
        1199829,
        1199830,
        1199831,
        1199832,
        1199833,
        1199834,
        1199835,
        1199836,
        1199837,
        1199838,
        1199839,
        1199840,
        1199841,
        1199842,
        1199843,
        1199844,
        1199845,
        1199846,
        1199847,
        1199848,
        1199849,
        1199850,
        1199851,
        1199852,
        1199853,
        1199854,
        1199855,
        1199856,
        1199857,
        1199858,
        1199859,
        1199860,
        1199861,
        1199862,
        1199863,
        1199864,
        1199865,
        1199866,
        1199867,
        1199868,
        1199869,
        1199870,
        1199871,
        1199872,
        1199873,
        1199874,
        1199875,
        1199876,
        1199877,
        1199878,
        1199879,
        1199880,
        1199881,
        1199882,
        1199883,
        1199884,
        1199885,
        1199886,
        1199887,
        1199888,
        1199889,
        1199890,
        1199891,
        1199892,
        1199893,
        1199894,
        1199895,
        1199896,
        1199897,
        1199898,
        1199899,
        1199900,
        1199901,
        1199902,
        1199903,
        1199904,
        1199905,
        1199906,
        1199907,
        1199908,
        1199909,
        1199910,
        1199911,
        1199912,
        1199913,
        1199914,
        1199915,
        1199916,
        1199917,
        1199918,
        1199919,
        1199920,
        1199921,
        1199922,
        1199923,
        1199924,
        1199925,
        1199926,
        1199927,
        1199928,
        1199929,
        1199930,
        1199931,
        1199932,
        1199933,
        1199934,
        1199935,
        1199936,
        1199937,
        1199938,
        1199939,
        1199940,
        1199941,
        1199942,
        1199943,
        1199944,
        1199945,
        1199946,
        1199947,
        1199948,
        1199949,
        1199950,
        1199951,
        1199952,
        1199953,
        1199954,
        1199955,
        1199956,
        1199957,
        1199958,
        1199959,
        1199960,
        1199961,
        1199962,
        1199963,
        1199964,
        1199965,
        1199966,
        1199967,
        1199968,
        1199969,
        1199970,
        1199971,
        1199972,
        1199973,
        1199974,
        1199975,
        1199976,
        1199977,
        1199978,
        1199979,
        1199980,
        1199981,
        1199982,
        1199983,
        1199984,
        1199985,
        1199986,
        1199987,
        1199988,
        1199989,
        1199990,
        1199991,
        1199992,
        1199993,
        1199994,
        1199995,
        1199996,
        1199997,
        1199998,
        1199999,
    ],
    pipeline=[
        dict(type='LoadImageFromNDArray'),
        dict(scale=(
            256,
            64,
        ), type='Resize'),
        dict(type='LoadOCRAnnotations', with_text=True),
        dict(
            meta_keys=(
                'img_path',
                'ori_shape',
                'img_shape',
                'valid_ratio',
            ),
            type='PackTextRecogInputs'),
    ],
    test_mode=True,
    type='RecogLMDBDataset')
pretrain_val_size = 5000
randomness = dict(seed=None)
resume = False
test_cfg = dict(type='TestLoop')
test_dataloader = dict(
    batch_size=128,
    dataset=dict(
        ann_file='pretrain_cn_scene',
        data_root='data',
        indices=[
            1195000,
            1195001,
            1195002,
            1195003,
            1195004,
            1195005,
            1195006,
            1195007,
            1195008,
            1195009,
            1195010,
            1195011,
            1195012,
            1195013,
            1195014,
            1195015,
            1195016,
            1195017,
            1195018,
            1195019,
            1195020,
            1195021,
            1195022,
            1195023,
            1195024,
            1195025,
            1195026,
            1195027,
            1195028,
            1195029,
            1195030,
            1195031,
            1195032,
            1195033,
            1195034,
            1195035,
            1195036,
            1195037,
            1195038,
            1195039,
            1195040,
            1195041,
            1195042,
            1195043,
            1195044,
            1195045,
            1195046,
            1195047,
            1195048,
            1195049,
            1195050,
            1195051,
            1195052,
            1195053,
            1195054,
            1195055,
            1195056,
            1195057,
            1195058,
            1195059,
            1195060,
            1195061,
            1195062,
            1195063,
            1195064,
            1195065,
            1195066,
            1195067,
            1195068,
            1195069,
            1195070,
            1195071,
            1195072,
            1195073,
            1195074,
            1195075,
            1195076,
            1195077,
            1195078,
            1195079,
            1195080,
            1195081,
            1195082,
            1195083,
            1195084,
            1195085,
            1195086,
            1195087,
            1195088,
            1195089,
            1195090,
            1195091,
            1195092,
            1195093,
            1195094,
            1195095,
            1195096,
            1195097,
            1195098,
            1195099,
            1195100,
            1195101,
            1195102,
            1195103,
            1195104,
            1195105,
            1195106,
            1195107,
            1195108,
            1195109,
            1195110,
            1195111,
            1195112,
            1195113,
            1195114,
            1195115,
            1195116,
            1195117,
            1195118,
            1195119,
            1195120,
            1195121,
            1195122,
            1195123,
            1195124,
            1195125,
            1195126,
            1195127,
            1195128,
            1195129,
            1195130,
            1195131,
            1195132,
            1195133,
            1195134,
            1195135,
            1195136,
            1195137,
            1195138,
            1195139,
            1195140,
            1195141,
            1195142,
            1195143,
            1195144,
            1195145,
            1195146,
            1195147,
            1195148,
            1195149,
            1195150,
            1195151,
            1195152,
            1195153,
            1195154,
            1195155,
            1195156,
            1195157,
            1195158,
            1195159,
            1195160,
            1195161,
            1195162,
            1195163,
            1195164,
            1195165,
            1195166,
            1195167,
            1195168,
            1195169,
            1195170,
            1195171,
            1195172,
            1195173,
            1195174,
            1195175,
            1195176,
            1195177,
            1195178,
            1195179,
            1195180,
            1195181,
            1195182,
            1195183,
            1195184,
            1195185,
            1195186,
            1195187,
            1195188,
            1195189,
            1195190,
            1195191,
            1195192,
            1195193,
            1195194,
            1195195,
            1195196,
            1195197,
            1195198,
            1195199,
            1195200,
            1195201,
            1195202,
            1195203,
            1195204,
            1195205,
            1195206,
            1195207,
            1195208,
            1195209,
            1195210,
            1195211,
            1195212,
            1195213,
            1195214,
            1195215,
            1195216,
            1195217,
            1195218,
            1195219,
            1195220,
            1195221,
            1195222,
            1195223,
            1195224,
            1195225,
            1195226,
            1195227,
            1195228,
            1195229,
            1195230,
            1195231,
            1195232,
            1195233,
            1195234,
            1195235,
            1195236,
            1195237,
            1195238,
            1195239,
            1195240,
            1195241,
            1195242,
            1195243,
            1195244,
            1195245,
            1195246,
            1195247,
            1195248,
            1195249,
            1195250,
            1195251,
            1195252,
            1195253,
            1195254,
            1195255,
            1195256,
            1195257,
            1195258,
            1195259,
            1195260,
            1195261,
            1195262,
            1195263,
            1195264,
            1195265,
            1195266,
            1195267,
            1195268,
            1195269,
            1195270,
            1195271,
            1195272,
            1195273,
            1195274,
            1195275,
            1195276,
            1195277,
            1195278,
            1195279,
            1195280,
            1195281,
            1195282,
            1195283,
            1195284,
            1195285,
            1195286,
            1195287,
            1195288,
            1195289,
            1195290,
            1195291,
            1195292,
            1195293,
            1195294,
            1195295,
            1195296,
            1195297,
            1195298,
            1195299,
            1195300,
            1195301,
            1195302,
            1195303,
            1195304,
            1195305,
            1195306,
            1195307,
            1195308,
            1195309,
            1195310,
            1195311,
            1195312,
            1195313,
            1195314,
            1195315,
            1195316,
            1195317,
            1195318,
            1195319,
            1195320,
            1195321,
            1195322,
            1195323,
            1195324,
            1195325,
            1195326,
            1195327,
            1195328,
            1195329,
            1195330,
            1195331,
            1195332,
            1195333,
            1195334,
            1195335,
            1195336,
            1195337,
            1195338,
            1195339,
            1195340,
            1195341,
            1195342,
            1195343,
            1195344,
            1195345,
            1195346,
            1195347,
            1195348,
            1195349,
            1195350,
            1195351,
            1195352,
            1195353,
            1195354,
            1195355,
            1195356,
            1195357,
            1195358,
            1195359,
            1195360,
            1195361,
            1195362,
            1195363,
            1195364,
            1195365,
            1195366,
            1195367,
            1195368,
            1195369,
            1195370,
            1195371,
            1195372,
            1195373,
            1195374,
            1195375,
            1195376,
            1195377,
            1195378,
            1195379,
            1195380,
            1195381,
            1195382,
            1195383,
            1195384,
            1195385,
            1195386,
            1195387,
            1195388,
            1195389,
            1195390,
            1195391,
            1195392,
            1195393,
            1195394,
            1195395,
            1195396,
            1195397,
            1195398,
            1195399,
            1195400,
            1195401,
            1195402,
            1195403,
            1195404,
            1195405,
            1195406,
            1195407,
            1195408,
            1195409,
            1195410,
            1195411,
            1195412,
            1195413,
            1195414,
            1195415,
            1195416,
            1195417,
            1195418,
            1195419,
            1195420,
            1195421,
            1195422,
            1195423,
            1195424,
            1195425,
            1195426,
            1195427,
            1195428,
            1195429,
            1195430,
            1195431,
            1195432,
            1195433,
            1195434,
            1195435,
            1195436,
            1195437,
            1195438,
            1195439,
            1195440,
            1195441,
            1195442,
            1195443,
            1195444,
            1195445,
            1195446,
            1195447,
            1195448,
            1195449,
            1195450,
            1195451,
            1195452,
            1195453,
            1195454,
            1195455,
            1195456,
            1195457,
            1195458,
            1195459,
            1195460,
            1195461,
            1195462,
            1195463,
            1195464,
            1195465,
            1195466,
            1195467,
            1195468,
            1195469,
            1195470,
            1195471,
            1195472,
            1195473,
            1195474,
            1195475,
            1195476,
            1195477,
            1195478,
            1195479,
            1195480,
            1195481,
            1195482,
            1195483,
            1195484,
            1195485,
            1195486,
            1195487,
            1195488,
            1195489,
            1195490,
            1195491,
            1195492,
            1195493,
            1195494,
            1195495,
            1195496,
            1195497,
            1195498,
            1195499,
            1195500,
            1195501,
            1195502,
            1195503,
            1195504,
            1195505,
            1195506,
            1195507,
            1195508,
            1195509,
            1195510,
            1195511,
            1195512,
            1195513,
            1195514,
            1195515,
            1195516,
            1195517,
            1195518,
            1195519,
            1195520,
            1195521,
            1195522,
            1195523,
            1195524,
            1195525,
            1195526,
            1195527,
            1195528,
            1195529,
            1195530,
            1195531,
            1195532,
            1195533,
            1195534,
            1195535,
            1195536,
            1195537,
            1195538,
            1195539,
            1195540,
            1195541,
            1195542,
            1195543,
            1195544,
            1195545,
            1195546,
            1195547,
            1195548,
            1195549,
            1195550,
            1195551,
            1195552,
            1195553,
            1195554,
            1195555,
            1195556,
            1195557,
            1195558,
            1195559,
            1195560,
            1195561,
            1195562,
            1195563,
            1195564,
            1195565,
            1195566,
            1195567,
            1195568,
            1195569,
            1195570,
            1195571,
            1195572,
            1195573,
            1195574,
            1195575,
            1195576,
            1195577,
            1195578,
            1195579,
            1195580,
            1195581,
            1195582,
            1195583,
            1195584,
            1195585,
            1195586,
            1195587,
            1195588,
            1195589,
            1195590,
            1195591,
            1195592,
            1195593,
            1195594,
            1195595,
            1195596,
            1195597,
            1195598,
            1195599,
            1195600,
            1195601,
            1195602,
            1195603,
            1195604,
            1195605,
            1195606,
            1195607,
            1195608,
            1195609,
            1195610,
            1195611,
            1195612,
            1195613,
            1195614,
            1195615,
            1195616,
            1195617,
            1195618,
            1195619,
            1195620,
            1195621,
            1195622,
            1195623,
            1195624,
            1195625,
            1195626,
            1195627,
            1195628,
            1195629,
            1195630,
            1195631,
            1195632,
            1195633,
            1195634,
            1195635,
            1195636,
            1195637,
            1195638,
            1195639,
            1195640,
            1195641,
            1195642,
            1195643,
            1195644,
            1195645,
            1195646,
            1195647,
            1195648,
            1195649,
            1195650,
            1195651,
            1195652,
            1195653,
            1195654,
            1195655,
            1195656,
            1195657,
            1195658,
            1195659,
            1195660,
            1195661,
            1195662,
            1195663,
            1195664,
            1195665,
            1195666,
            1195667,
            1195668,
            1195669,
            1195670,
            1195671,
            1195672,
            1195673,
            1195674,
            1195675,
            1195676,
            1195677,
            1195678,
            1195679,
            1195680,
            1195681,
            1195682,
            1195683,
            1195684,
            1195685,
            1195686,
            1195687,
            1195688,
            1195689,
            1195690,
            1195691,
            1195692,
            1195693,
            1195694,
            1195695,
            1195696,
            1195697,
            1195698,
            1195699,
            1195700,
            1195701,
            1195702,
            1195703,
            1195704,
            1195705,
            1195706,
            1195707,
            1195708,
            1195709,
            1195710,
            1195711,
            1195712,
            1195713,
            1195714,
            1195715,
            1195716,
            1195717,
            1195718,
            1195719,
            1195720,
            1195721,
            1195722,
            1195723,
            1195724,
            1195725,
            1195726,
            1195727,
            1195728,
            1195729,
            1195730,
            1195731,
            1195732,
            1195733,
            1195734,
            1195735,
            1195736,
            1195737,
            1195738,
            1195739,
            1195740,
            1195741,
            1195742,
            1195743,
            1195744,
            1195745,
            1195746,
            1195747,
            1195748,
            1195749,
            1195750,
            1195751,
            1195752,
            1195753,
            1195754,
            1195755,
            1195756,
            1195757,
            1195758,
            1195759,
            1195760,
            1195761,
            1195762,
            1195763,
            1195764,
            1195765,
            1195766,
            1195767,
            1195768,
            1195769,
            1195770,
            1195771,
            1195772,
            1195773,
            1195774,
            1195775,
            1195776,
            1195777,
            1195778,
            1195779,
            1195780,
            1195781,
            1195782,
            1195783,
            1195784,
            1195785,
            1195786,
            1195787,
            1195788,
            1195789,
            1195790,
            1195791,
            1195792,
            1195793,
            1195794,
            1195795,
            1195796,
            1195797,
            1195798,
            1195799,
            1195800,
            1195801,
            1195802,
            1195803,
            1195804,
            1195805,
            1195806,
            1195807,
            1195808,
            1195809,
            1195810,
            1195811,
            1195812,
            1195813,
            1195814,
            1195815,
            1195816,
            1195817,
            1195818,
            1195819,
            1195820,
            1195821,
            1195822,
            1195823,
            1195824,
            1195825,
            1195826,
            1195827,
            1195828,
            1195829,
            1195830,
            1195831,
            1195832,
            1195833,
            1195834,
            1195835,
            1195836,
            1195837,
            1195838,
            1195839,
            1195840,
            1195841,
            1195842,
            1195843,
            1195844,
            1195845,
            1195846,
            1195847,
            1195848,
            1195849,
            1195850,
            1195851,
            1195852,
            1195853,
            1195854,
            1195855,
            1195856,
            1195857,
            1195858,
            1195859,
            1195860,
            1195861,
            1195862,
            1195863,
            1195864,
            1195865,
            1195866,
            1195867,
            1195868,
            1195869,
            1195870,
            1195871,
            1195872,
            1195873,
            1195874,
            1195875,
            1195876,
            1195877,
            1195878,
            1195879,
            1195880,
            1195881,
            1195882,
            1195883,
            1195884,
            1195885,
            1195886,
            1195887,
            1195888,
            1195889,
            1195890,
            1195891,
            1195892,
            1195893,
            1195894,
            1195895,
            1195896,
            1195897,
            1195898,
            1195899,
            1195900,
            1195901,
            1195902,
            1195903,
            1195904,
            1195905,
            1195906,
            1195907,
            1195908,
            1195909,
            1195910,
            1195911,
            1195912,
            1195913,
            1195914,
            1195915,
            1195916,
            1195917,
            1195918,
            1195919,
            1195920,
            1195921,
            1195922,
            1195923,
            1195924,
            1195925,
            1195926,
            1195927,
            1195928,
            1195929,
            1195930,
            1195931,
            1195932,
            1195933,
            1195934,
            1195935,
            1195936,
            1195937,
            1195938,
            1195939,
            1195940,
            1195941,
            1195942,
            1195943,
            1195944,
            1195945,
            1195946,
            1195947,
            1195948,
            1195949,
            1195950,
            1195951,
            1195952,
            1195953,
            1195954,
            1195955,
            1195956,
            1195957,
            1195958,
            1195959,
            1195960,
            1195961,
            1195962,
            1195963,
            1195964,
            1195965,
            1195966,
            1195967,
            1195968,
            1195969,
            1195970,
            1195971,
            1195972,
            1195973,
            1195974,
            1195975,
            1195976,
            1195977,
            1195978,
            1195979,
            1195980,
            1195981,
            1195982,
            1195983,
            1195984,
            1195985,
            1195986,
            1195987,
            1195988,
            1195989,
            1195990,
            1195991,
            1195992,
            1195993,
            1195994,
            1195995,
            1195996,
            1195997,
            1195998,
            1195999,
            1196000,
            1196001,
            1196002,
            1196003,
            1196004,
            1196005,
            1196006,
            1196007,
            1196008,
            1196009,
            1196010,
            1196011,
            1196012,
            1196013,
            1196014,
            1196015,
            1196016,
            1196017,
            1196018,
            1196019,
            1196020,
            1196021,
            1196022,
            1196023,
            1196024,
            1196025,
            1196026,
            1196027,
            1196028,
            1196029,
            1196030,
            1196031,
            1196032,
            1196033,
            1196034,
            1196035,
            1196036,
            1196037,
            1196038,
            1196039,
            1196040,
            1196041,
            1196042,
            1196043,
            1196044,
            1196045,
            1196046,
            1196047,
            1196048,
            1196049,
            1196050,
            1196051,
            1196052,
            1196053,
            1196054,
            1196055,
            1196056,
            1196057,
            1196058,
            1196059,
            1196060,
            1196061,
            1196062,
            1196063,
            1196064,
            1196065,
            1196066,
            1196067,
            1196068,
            1196069,
            1196070,
            1196071,
            1196072,
            1196073,
            1196074,
            1196075,
            1196076,
            1196077,
            1196078,
            1196079,
            1196080,
            1196081,
            1196082,
            1196083,
            1196084,
            1196085,
            1196086,
            1196087,
            1196088,
            1196089,
            1196090,
            1196091,
            1196092,
            1196093,
            1196094,
            1196095,
            1196096,
            1196097,
            1196098,
            1196099,
            1196100,
            1196101,
            1196102,
            1196103,
            1196104,
            1196105,
            1196106,
            1196107,
            1196108,
            1196109,
            1196110,
            1196111,
            1196112,
            1196113,
            1196114,
            1196115,
            1196116,
            1196117,
            1196118,
            1196119,
            1196120,
            1196121,
            1196122,
            1196123,
            1196124,
            1196125,
            1196126,
            1196127,
            1196128,
            1196129,
            1196130,
            1196131,
            1196132,
            1196133,
            1196134,
            1196135,
            1196136,
            1196137,
            1196138,
            1196139,
            1196140,
            1196141,
            1196142,
            1196143,
            1196144,
            1196145,
            1196146,
            1196147,
            1196148,
            1196149,
            1196150,
            1196151,
            1196152,
            1196153,
            1196154,
            1196155,
            1196156,
            1196157,
            1196158,
            1196159,
            1196160,
            1196161,
            1196162,
            1196163,
            1196164,
            1196165,
            1196166,
            1196167,
            1196168,
            1196169,
            1196170,
            1196171,
            1196172,
            1196173,
            1196174,
            1196175,
            1196176,
            1196177,
            1196178,
            1196179,
            1196180,
            1196181,
            1196182,
            1196183,
            1196184,
            1196185,
            1196186,
            1196187,
            1196188,
            1196189,
            1196190,
            1196191,
            1196192,
            1196193,
            1196194,
            1196195,
            1196196,
            1196197,
            1196198,
            1196199,
            1196200,
            1196201,
            1196202,
            1196203,
            1196204,
            1196205,
            1196206,
            1196207,
            1196208,
            1196209,
            1196210,
            1196211,
            1196212,
            1196213,
            1196214,
            1196215,
            1196216,
            1196217,
            1196218,
            1196219,
            1196220,
            1196221,
            1196222,
            1196223,
            1196224,
            1196225,
            1196226,
            1196227,
            1196228,
            1196229,
            1196230,
            1196231,
            1196232,
            1196233,
            1196234,
            1196235,
            1196236,
            1196237,
            1196238,
            1196239,
            1196240,
            1196241,
            1196242,
            1196243,
            1196244,
            1196245,
            1196246,
            1196247,
            1196248,
            1196249,
            1196250,
            1196251,
            1196252,
            1196253,
            1196254,
            1196255,
            1196256,
            1196257,
            1196258,
            1196259,
            1196260,
            1196261,
            1196262,
            1196263,
            1196264,
            1196265,
            1196266,
            1196267,
            1196268,
            1196269,
            1196270,
            1196271,
            1196272,
            1196273,
            1196274,
            1196275,
            1196276,
            1196277,
            1196278,
            1196279,
            1196280,
            1196281,
            1196282,
            1196283,
            1196284,
            1196285,
            1196286,
            1196287,
            1196288,
            1196289,
            1196290,
            1196291,
            1196292,
            1196293,
            1196294,
            1196295,
            1196296,
            1196297,
            1196298,
            1196299,
            1196300,
            1196301,
            1196302,
            1196303,
            1196304,
            1196305,
            1196306,
            1196307,
            1196308,
            1196309,
            1196310,
            1196311,
            1196312,
            1196313,
            1196314,
            1196315,
            1196316,
            1196317,
            1196318,
            1196319,
            1196320,
            1196321,
            1196322,
            1196323,
            1196324,
            1196325,
            1196326,
            1196327,
            1196328,
            1196329,
            1196330,
            1196331,
            1196332,
            1196333,
            1196334,
            1196335,
            1196336,
            1196337,
            1196338,
            1196339,
            1196340,
            1196341,
            1196342,
            1196343,
            1196344,
            1196345,
            1196346,
            1196347,
            1196348,
            1196349,
            1196350,
            1196351,
            1196352,
            1196353,
            1196354,
            1196355,
            1196356,
            1196357,
            1196358,
            1196359,
            1196360,
            1196361,
            1196362,
            1196363,
            1196364,
            1196365,
            1196366,
            1196367,
            1196368,
            1196369,
            1196370,
            1196371,
            1196372,
            1196373,
            1196374,
            1196375,
            1196376,
            1196377,
            1196378,
            1196379,
            1196380,
            1196381,
            1196382,
            1196383,
            1196384,
            1196385,
            1196386,
            1196387,
            1196388,
            1196389,
            1196390,
            1196391,
            1196392,
            1196393,
            1196394,
            1196395,
            1196396,
            1196397,
            1196398,
            1196399,
            1196400,
            1196401,
            1196402,
            1196403,
            1196404,
            1196405,
            1196406,
            1196407,
            1196408,
            1196409,
            1196410,
            1196411,
            1196412,
            1196413,
            1196414,
            1196415,
            1196416,
            1196417,
            1196418,
            1196419,
            1196420,
            1196421,
            1196422,
            1196423,
            1196424,
            1196425,
            1196426,
            1196427,
            1196428,
            1196429,
            1196430,
            1196431,
            1196432,
            1196433,
            1196434,
            1196435,
            1196436,
            1196437,
            1196438,
            1196439,
            1196440,
            1196441,
            1196442,
            1196443,
            1196444,
            1196445,
            1196446,
            1196447,
            1196448,
            1196449,
            1196450,
            1196451,
            1196452,
            1196453,
            1196454,
            1196455,
            1196456,
            1196457,
            1196458,
            1196459,
            1196460,
            1196461,
            1196462,
            1196463,
            1196464,
            1196465,
            1196466,
            1196467,
            1196468,
            1196469,
            1196470,
            1196471,
            1196472,
            1196473,
            1196474,
            1196475,
            1196476,
            1196477,
            1196478,
            1196479,
            1196480,
            1196481,
            1196482,
            1196483,
            1196484,
            1196485,
            1196486,
            1196487,
            1196488,
            1196489,
            1196490,
            1196491,
            1196492,
            1196493,
            1196494,
            1196495,
            1196496,
            1196497,
            1196498,
            1196499,
            1196500,
            1196501,
            1196502,
            1196503,
            1196504,
            1196505,
            1196506,
            1196507,
            1196508,
            1196509,
            1196510,
            1196511,
            1196512,
            1196513,
            1196514,
            1196515,
            1196516,
            1196517,
            1196518,
            1196519,
            1196520,
            1196521,
            1196522,
            1196523,
            1196524,
            1196525,
            1196526,
            1196527,
            1196528,
            1196529,
            1196530,
            1196531,
            1196532,
            1196533,
            1196534,
            1196535,
            1196536,
            1196537,
            1196538,
            1196539,
            1196540,
            1196541,
            1196542,
            1196543,
            1196544,
            1196545,
            1196546,
            1196547,
            1196548,
            1196549,
            1196550,
            1196551,
            1196552,
            1196553,
            1196554,
            1196555,
            1196556,
            1196557,
            1196558,
            1196559,
            1196560,
            1196561,
            1196562,
            1196563,
            1196564,
            1196565,
            1196566,
            1196567,
            1196568,
            1196569,
            1196570,
            1196571,
            1196572,
            1196573,
            1196574,
            1196575,
            1196576,
            1196577,
            1196578,
            1196579,
            1196580,
            1196581,
            1196582,
            1196583,
            1196584,
            1196585,
            1196586,
            1196587,
            1196588,
            1196589,
            1196590,
            1196591,
            1196592,
            1196593,
            1196594,
            1196595,
            1196596,
            1196597,
            1196598,
            1196599,
            1196600,
            1196601,
            1196602,
            1196603,
            1196604,
            1196605,
            1196606,
            1196607,
            1196608,
            1196609,
            1196610,
            1196611,
            1196612,
            1196613,
            1196614,
            1196615,
            1196616,
            1196617,
            1196618,
            1196619,
            1196620,
            1196621,
            1196622,
            1196623,
            1196624,
            1196625,
            1196626,
            1196627,
            1196628,
            1196629,
            1196630,
            1196631,
            1196632,
            1196633,
            1196634,
            1196635,
            1196636,
            1196637,
            1196638,
            1196639,
            1196640,
            1196641,
            1196642,
            1196643,
            1196644,
            1196645,
            1196646,
            1196647,
            1196648,
            1196649,
            1196650,
            1196651,
            1196652,
            1196653,
            1196654,
            1196655,
            1196656,
            1196657,
            1196658,
            1196659,
            1196660,
            1196661,
            1196662,
            1196663,
            1196664,
            1196665,
            1196666,
            1196667,
            1196668,
            1196669,
            1196670,
            1196671,
            1196672,
            1196673,
            1196674,
            1196675,
            1196676,
            1196677,
            1196678,
            1196679,
            1196680,
            1196681,
            1196682,
            1196683,
            1196684,
            1196685,
            1196686,
            1196687,
            1196688,
            1196689,
            1196690,
            1196691,
            1196692,
            1196693,
            1196694,
            1196695,
            1196696,
            1196697,
            1196698,
            1196699,
            1196700,
            1196701,
            1196702,
            1196703,
            1196704,
            1196705,
            1196706,
            1196707,
            1196708,
            1196709,
            1196710,
            1196711,
            1196712,
            1196713,
            1196714,
            1196715,
            1196716,
            1196717,
            1196718,
            1196719,
            1196720,
            1196721,
            1196722,
            1196723,
            1196724,
            1196725,
            1196726,
            1196727,
            1196728,
            1196729,
            1196730,
            1196731,
            1196732,
            1196733,
            1196734,
            1196735,
            1196736,
            1196737,
            1196738,
            1196739,
            1196740,
            1196741,
            1196742,
            1196743,
            1196744,
            1196745,
            1196746,
            1196747,
            1196748,
            1196749,
            1196750,
            1196751,
            1196752,
            1196753,
            1196754,
            1196755,
            1196756,
            1196757,
            1196758,
            1196759,
            1196760,
            1196761,
            1196762,
            1196763,
            1196764,
            1196765,
            1196766,
            1196767,
            1196768,
            1196769,
            1196770,
            1196771,
            1196772,
            1196773,
            1196774,
            1196775,
            1196776,
            1196777,
            1196778,
            1196779,
            1196780,
            1196781,
            1196782,
            1196783,
            1196784,
            1196785,
            1196786,
            1196787,
            1196788,
            1196789,
            1196790,
            1196791,
            1196792,
            1196793,
            1196794,
            1196795,
            1196796,
            1196797,
            1196798,
            1196799,
            1196800,
            1196801,
            1196802,
            1196803,
            1196804,
            1196805,
            1196806,
            1196807,
            1196808,
            1196809,
            1196810,
            1196811,
            1196812,
            1196813,
            1196814,
            1196815,
            1196816,
            1196817,
            1196818,
            1196819,
            1196820,
            1196821,
            1196822,
            1196823,
            1196824,
            1196825,
            1196826,
            1196827,
            1196828,
            1196829,
            1196830,
            1196831,
            1196832,
            1196833,
            1196834,
            1196835,
            1196836,
            1196837,
            1196838,
            1196839,
            1196840,
            1196841,
            1196842,
            1196843,
            1196844,
            1196845,
            1196846,
            1196847,
            1196848,
            1196849,
            1196850,
            1196851,
            1196852,
            1196853,
            1196854,
            1196855,
            1196856,
            1196857,
            1196858,
            1196859,
            1196860,
            1196861,
            1196862,
            1196863,
            1196864,
            1196865,
            1196866,
            1196867,
            1196868,
            1196869,
            1196870,
            1196871,
            1196872,
            1196873,
            1196874,
            1196875,
            1196876,
            1196877,
            1196878,
            1196879,
            1196880,
            1196881,
            1196882,
            1196883,
            1196884,
            1196885,
            1196886,
            1196887,
            1196888,
            1196889,
            1196890,
            1196891,
            1196892,
            1196893,
            1196894,
            1196895,
            1196896,
            1196897,
            1196898,
            1196899,
            1196900,
            1196901,
            1196902,
            1196903,
            1196904,
            1196905,
            1196906,
            1196907,
            1196908,
            1196909,
            1196910,
            1196911,
            1196912,
            1196913,
            1196914,
            1196915,
            1196916,
            1196917,
            1196918,
            1196919,
            1196920,
            1196921,
            1196922,
            1196923,
            1196924,
            1196925,
            1196926,
            1196927,
            1196928,
            1196929,
            1196930,
            1196931,
            1196932,
            1196933,
            1196934,
            1196935,
            1196936,
            1196937,
            1196938,
            1196939,
            1196940,
            1196941,
            1196942,
            1196943,
            1196944,
            1196945,
            1196946,
            1196947,
            1196948,
            1196949,
            1196950,
            1196951,
            1196952,
            1196953,
            1196954,
            1196955,
            1196956,
            1196957,
            1196958,
            1196959,
            1196960,
            1196961,
            1196962,
            1196963,
            1196964,
            1196965,
            1196966,
            1196967,
            1196968,
            1196969,
            1196970,
            1196971,
            1196972,
            1196973,
            1196974,
            1196975,
            1196976,
            1196977,
            1196978,
            1196979,
            1196980,
            1196981,
            1196982,
            1196983,
            1196984,
            1196985,
            1196986,
            1196987,
            1196988,
            1196989,
            1196990,
            1196991,
            1196992,
            1196993,
            1196994,
            1196995,
            1196996,
            1196997,
            1196998,
            1196999,
            1197000,
            1197001,
            1197002,
            1197003,
            1197004,
            1197005,
            1197006,
            1197007,
            1197008,
            1197009,
            1197010,
            1197011,
            1197012,
            1197013,
            1197014,
            1197015,
            1197016,
            1197017,
            1197018,
            1197019,
            1197020,
            1197021,
            1197022,
            1197023,
            1197024,
            1197025,
            1197026,
            1197027,
            1197028,
            1197029,
            1197030,
            1197031,
            1197032,
            1197033,
            1197034,
            1197035,
            1197036,
            1197037,
            1197038,
            1197039,
            1197040,
            1197041,
            1197042,
            1197043,
            1197044,
            1197045,
            1197046,
            1197047,
            1197048,
            1197049,
            1197050,
            1197051,
            1197052,
            1197053,
            1197054,
            1197055,
            1197056,
            1197057,
            1197058,
            1197059,
            1197060,
            1197061,
            1197062,
            1197063,
            1197064,
            1197065,
            1197066,
            1197067,
            1197068,
            1197069,
            1197070,
            1197071,
            1197072,
            1197073,
            1197074,
            1197075,
            1197076,
            1197077,
            1197078,
            1197079,
            1197080,
            1197081,
            1197082,
            1197083,
            1197084,
            1197085,
            1197086,
            1197087,
            1197088,
            1197089,
            1197090,
            1197091,
            1197092,
            1197093,
            1197094,
            1197095,
            1197096,
            1197097,
            1197098,
            1197099,
            1197100,
            1197101,
            1197102,
            1197103,
            1197104,
            1197105,
            1197106,
            1197107,
            1197108,
            1197109,
            1197110,
            1197111,
            1197112,
            1197113,
            1197114,
            1197115,
            1197116,
            1197117,
            1197118,
            1197119,
            1197120,
            1197121,
            1197122,
            1197123,
            1197124,
            1197125,
            1197126,
            1197127,
            1197128,
            1197129,
            1197130,
            1197131,
            1197132,
            1197133,
            1197134,
            1197135,
            1197136,
            1197137,
            1197138,
            1197139,
            1197140,
            1197141,
            1197142,
            1197143,
            1197144,
            1197145,
            1197146,
            1197147,
            1197148,
            1197149,
            1197150,
            1197151,
            1197152,
            1197153,
            1197154,
            1197155,
            1197156,
            1197157,
            1197158,
            1197159,
            1197160,
            1197161,
            1197162,
            1197163,
            1197164,
            1197165,
            1197166,
            1197167,
            1197168,
            1197169,
            1197170,
            1197171,
            1197172,
            1197173,
            1197174,
            1197175,
            1197176,
            1197177,
            1197178,
            1197179,
            1197180,
            1197181,
            1197182,
            1197183,
            1197184,
            1197185,
            1197186,
            1197187,
            1197188,
            1197189,
            1197190,
            1197191,
            1197192,
            1197193,
            1197194,
            1197195,
            1197196,
            1197197,
            1197198,
            1197199,
            1197200,
            1197201,
            1197202,
            1197203,
            1197204,
            1197205,
            1197206,
            1197207,
            1197208,
            1197209,
            1197210,
            1197211,
            1197212,
            1197213,
            1197214,
            1197215,
            1197216,
            1197217,
            1197218,
            1197219,
            1197220,
            1197221,
            1197222,
            1197223,
            1197224,
            1197225,
            1197226,
            1197227,
            1197228,
            1197229,
            1197230,
            1197231,
            1197232,
            1197233,
            1197234,
            1197235,
            1197236,
            1197237,
            1197238,
            1197239,
            1197240,
            1197241,
            1197242,
            1197243,
            1197244,
            1197245,
            1197246,
            1197247,
            1197248,
            1197249,
            1197250,
            1197251,
            1197252,
            1197253,
            1197254,
            1197255,
            1197256,
            1197257,
            1197258,
            1197259,
            1197260,
            1197261,
            1197262,
            1197263,
            1197264,
            1197265,
            1197266,
            1197267,
            1197268,
            1197269,
            1197270,
            1197271,
            1197272,
            1197273,
            1197274,
            1197275,
            1197276,
            1197277,
            1197278,
            1197279,
            1197280,
            1197281,
            1197282,
            1197283,
            1197284,
            1197285,
            1197286,
            1197287,
            1197288,
            1197289,
            1197290,
            1197291,
            1197292,
            1197293,
            1197294,
            1197295,
            1197296,
            1197297,
            1197298,
            1197299,
            1197300,
            1197301,
            1197302,
            1197303,
            1197304,
            1197305,
            1197306,
            1197307,
            1197308,
            1197309,
            1197310,
            1197311,
            1197312,
            1197313,
            1197314,
            1197315,
            1197316,
            1197317,
            1197318,
            1197319,
            1197320,
            1197321,
            1197322,
            1197323,
            1197324,
            1197325,
            1197326,
            1197327,
            1197328,
            1197329,
            1197330,
            1197331,
            1197332,
            1197333,
            1197334,
            1197335,
            1197336,
            1197337,
            1197338,
            1197339,
            1197340,
            1197341,
            1197342,
            1197343,
            1197344,
            1197345,
            1197346,
            1197347,
            1197348,
            1197349,
            1197350,
            1197351,
            1197352,
            1197353,
            1197354,
            1197355,
            1197356,
            1197357,
            1197358,
            1197359,
            1197360,
            1197361,
            1197362,
            1197363,
            1197364,
            1197365,
            1197366,
            1197367,
            1197368,
            1197369,
            1197370,
            1197371,
            1197372,
            1197373,
            1197374,
            1197375,
            1197376,
            1197377,
            1197378,
            1197379,
            1197380,
            1197381,
            1197382,
            1197383,
            1197384,
            1197385,
            1197386,
            1197387,
            1197388,
            1197389,
            1197390,
            1197391,
            1197392,
            1197393,
            1197394,
            1197395,
            1197396,
            1197397,
            1197398,
            1197399,
            1197400,
            1197401,
            1197402,
            1197403,
            1197404,
            1197405,
            1197406,
            1197407,
            1197408,
            1197409,
            1197410,
            1197411,
            1197412,
            1197413,
            1197414,
            1197415,
            1197416,
            1197417,
            1197418,
            1197419,
            1197420,
            1197421,
            1197422,
            1197423,
            1197424,
            1197425,
            1197426,
            1197427,
            1197428,
            1197429,
            1197430,
            1197431,
            1197432,
            1197433,
            1197434,
            1197435,
            1197436,
            1197437,
            1197438,
            1197439,
            1197440,
            1197441,
            1197442,
            1197443,
            1197444,
            1197445,
            1197446,
            1197447,
            1197448,
            1197449,
            1197450,
            1197451,
            1197452,
            1197453,
            1197454,
            1197455,
            1197456,
            1197457,
            1197458,
            1197459,
            1197460,
            1197461,
            1197462,
            1197463,
            1197464,
            1197465,
            1197466,
            1197467,
            1197468,
            1197469,
            1197470,
            1197471,
            1197472,
            1197473,
            1197474,
            1197475,
            1197476,
            1197477,
            1197478,
            1197479,
            1197480,
            1197481,
            1197482,
            1197483,
            1197484,
            1197485,
            1197486,
            1197487,
            1197488,
            1197489,
            1197490,
            1197491,
            1197492,
            1197493,
            1197494,
            1197495,
            1197496,
            1197497,
            1197498,
            1197499,
            1197500,
            1197501,
            1197502,
            1197503,
            1197504,
            1197505,
            1197506,
            1197507,
            1197508,
            1197509,
            1197510,
            1197511,
            1197512,
            1197513,
            1197514,
            1197515,
            1197516,
            1197517,
            1197518,
            1197519,
            1197520,
            1197521,
            1197522,
            1197523,
            1197524,
            1197525,
            1197526,
            1197527,
            1197528,
            1197529,
            1197530,
            1197531,
            1197532,
            1197533,
            1197534,
            1197535,
            1197536,
            1197537,
            1197538,
            1197539,
            1197540,
            1197541,
            1197542,
            1197543,
            1197544,
            1197545,
            1197546,
            1197547,
            1197548,
            1197549,
            1197550,
            1197551,
            1197552,
            1197553,
            1197554,
            1197555,
            1197556,
            1197557,
            1197558,
            1197559,
            1197560,
            1197561,
            1197562,
            1197563,
            1197564,
            1197565,
            1197566,
            1197567,
            1197568,
            1197569,
            1197570,
            1197571,
            1197572,
            1197573,
            1197574,
            1197575,
            1197576,
            1197577,
            1197578,
            1197579,
            1197580,
            1197581,
            1197582,
            1197583,
            1197584,
            1197585,
            1197586,
            1197587,
            1197588,
            1197589,
            1197590,
            1197591,
            1197592,
            1197593,
            1197594,
            1197595,
            1197596,
            1197597,
            1197598,
            1197599,
            1197600,
            1197601,
            1197602,
            1197603,
            1197604,
            1197605,
            1197606,
            1197607,
            1197608,
            1197609,
            1197610,
            1197611,
            1197612,
            1197613,
            1197614,
            1197615,
            1197616,
            1197617,
            1197618,
            1197619,
            1197620,
            1197621,
            1197622,
            1197623,
            1197624,
            1197625,
            1197626,
            1197627,
            1197628,
            1197629,
            1197630,
            1197631,
            1197632,
            1197633,
            1197634,
            1197635,
            1197636,
            1197637,
            1197638,
            1197639,
            1197640,
            1197641,
            1197642,
            1197643,
            1197644,
            1197645,
            1197646,
            1197647,
            1197648,
            1197649,
            1197650,
            1197651,
            1197652,
            1197653,
            1197654,
            1197655,
            1197656,
            1197657,
            1197658,
            1197659,
            1197660,
            1197661,
            1197662,
            1197663,
            1197664,
            1197665,
            1197666,
            1197667,
            1197668,
            1197669,
            1197670,
            1197671,
            1197672,
            1197673,
            1197674,
            1197675,
            1197676,
            1197677,
            1197678,
            1197679,
            1197680,
            1197681,
            1197682,
            1197683,
            1197684,
            1197685,
            1197686,
            1197687,
            1197688,
            1197689,
            1197690,
            1197691,
            1197692,
            1197693,
            1197694,
            1197695,
            1197696,
            1197697,
            1197698,
            1197699,
            1197700,
            1197701,
            1197702,
            1197703,
            1197704,
            1197705,
            1197706,
            1197707,
            1197708,
            1197709,
            1197710,
            1197711,
            1197712,
            1197713,
            1197714,
            1197715,
            1197716,
            1197717,
            1197718,
            1197719,
            1197720,
            1197721,
            1197722,
            1197723,
            1197724,
            1197725,
            1197726,
            1197727,
            1197728,
            1197729,
            1197730,
            1197731,
            1197732,
            1197733,
            1197734,
            1197735,
            1197736,
            1197737,
            1197738,
            1197739,
            1197740,
            1197741,
            1197742,
            1197743,
            1197744,
            1197745,
            1197746,
            1197747,
            1197748,
            1197749,
            1197750,
            1197751,
            1197752,
            1197753,
            1197754,
            1197755,
            1197756,
            1197757,
            1197758,
            1197759,
            1197760,
            1197761,
            1197762,
            1197763,
            1197764,
            1197765,
            1197766,
            1197767,
            1197768,
            1197769,
            1197770,
            1197771,
            1197772,
            1197773,
            1197774,
            1197775,
            1197776,
            1197777,
            1197778,
            1197779,
            1197780,
            1197781,
            1197782,
            1197783,
            1197784,
            1197785,
            1197786,
            1197787,
            1197788,
            1197789,
            1197790,
            1197791,
            1197792,
            1197793,
            1197794,
            1197795,
            1197796,
            1197797,
            1197798,
            1197799,
            1197800,
            1197801,
            1197802,
            1197803,
            1197804,
            1197805,
            1197806,
            1197807,
            1197808,
            1197809,
            1197810,
            1197811,
            1197812,
            1197813,
            1197814,
            1197815,
            1197816,
            1197817,
            1197818,
            1197819,
            1197820,
            1197821,
            1197822,
            1197823,
            1197824,
            1197825,
            1197826,
            1197827,
            1197828,
            1197829,
            1197830,
            1197831,
            1197832,
            1197833,
            1197834,
            1197835,
            1197836,
            1197837,
            1197838,
            1197839,
            1197840,
            1197841,
            1197842,
            1197843,
            1197844,
            1197845,
            1197846,
            1197847,
            1197848,
            1197849,
            1197850,
            1197851,
            1197852,
            1197853,
            1197854,
            1197855,
            1197856,
            1197857,
            1197858,
            1197859,
            1197860,
            1197861,
            1197862,
            1197863,
            1197864,
            1197865,
            1197866,
            1197867,
            1197868,
            1197869,
            1197870,
            1197871,
            1197872,
            1197873,
            1197874,
            1197875,
            1197876,
            1197877,
            1197878,
            1197879,
            1197880,
            1197881,
            1197882,
            1197883,
            1197884,
            1197885,
            1197886,
            1197887,
            1197888,
            1197889,
            1197890,
            1197891,
            1197892,
            1197893,
            1197894,
            1197895,
            1197896,
            1197897,
            1197898,
            1197899,
            1197900,
            1197901,
            1197902,
            1197903,
            1197904,
            1197905,
            1197906,
            1197907,
            1197908,
            1197909,
            1197910,
            1197911,
            1197912,
            1197913,
            1197914,
            1197915,
            1197916,
            1197917,
            1197918,
            1197919,
            1197920,
            1197921,
            1197922,
            1197923,
            1197924,
            1197925,
            1197926,
            1197927,
            1197928,
            1197929,
            1197930,
            1197931,
            1197932,
            1197933,
            1197934,
            1197935,
            1197936,
            1197937,
            1197938,
            1197939,
            1197940,
            1197941,
            1197942,
            1197943,
            1197944,
            1197945,
            1197946,
            1197947,
            1197948,
            1197949,
            1197950,
            1197951,
            1197952,
            1197953,
            1197954,
            1197955,
            1197956,
            1197957,
            1197958,
            1197959,
            1197960,
            1197961,
            1197962,
            1197963,
            1197964,
            1197965,
            1197966,
            1197967,
            1197968,
            1197969,
            1197970,
            1197971,
            1197972,
            1197973,
            1197974,
            1197975,
            1197976,
            1197977,
            1197978,
            1197979,
            1197980,
            1197981,
            1197982,
            1197983,
            1197984,
            1197985,
            1197986,
            1197987,
            1197988,
            1197989,
            1197990,
            1197991,
            1197992,
            1197993,
            1197994,
            1197995,
            1197996,
            1197997,
            1197998,
            1197999,
            1198000,
            1198001,
            1198002,
            1198003,
            1198004,
            1198005,
            1198006,
            1198007,
            1198008,
            1198009,
            1198010,
            1198011,
            1198012,
            1198013,
            1198014,
            1198015,
            1198016,
            1198017,
            1198018,
            1198019,
            1198020,
            1198021,
            1198022,
            1198023,
            1198024,
            1198025,
            1198026,
            1198027,
            1198028,
            1198029,
            1198030,
            1198031,
            1198032,
            1198033,
            1198034,
            1198035,
            1198036,
            1198037,
            1198038,
            1198039,
            1198040,
            1198041,
            1198042,
            1198043,
            1198044,
            1198045,
            1198046,
            1198047,
            1198048,
            1198049,
            1198050,
            1198051,
            1198052,
            1198053,
            1198054,
            1198055,
            1198056,
            1198057,
            1198058,
            1198059,
            1198060,
            1198061,
            1198062,
            1198063,
            1198064,
            1198065,
            1198066,
            1198067,
            1198068,
            1198069,
            1198070,
            1198071,
            1198072,
            1198073,
            1198074,
            1198075,
            1198076,
            1198077,
            1198078,
            1198079,
            1198080,
            1198081,
            1198082,
            1198083,
            1198084,
            1198085,
            1198086,
            1198087,
            1198088,
            1198089,
            1198090,
            1198091,
            1198092,
            1198093,
            1198094,
            1198095,
            1198096,
            1198097,
            1198098,
            1198099,
            1198100,
            1198101,
            1198102,
            1198103,
            1198104,
            1198105,
            1198106,
            1198107,
            1198108,
            1198109,
            1198110,
            1198111,
            1198112,
            1198113,
            1198114,
            1198115,
            1198116,
            1198117,
            1198118,
            1198119,
            1198120,
            1198121,
            1198122,
            1198123,
            1198124,
            1198125,
            1198126,
            1198127,
            1198128,
            1198129,
            1198130,
            1198131,
            1198132,
            1198133,
            1198134,
            1198135,
            1198136,
            1198137,
            1198138,
            1198139,
            1198140,
            1198141,
            1198142,
            1198143,
            1198144,
            1198145,
            1198146,
            1198147,
            1198148,
            1198149,
            1198150,
            1198151,
            1198152,
            1198153,
            1198154,
            1198155,
            1198156,
            1198157,
            1198158,
            1198159,
            1198160,
            1198161,
            1198162,
            1198163,
            1198164,
            1198165,
            1198166,
            1198167,
            1198168,
            1198169,
            1198170,
            1198171,
            1198172,
            1198173,
            1198174,
            1198175,
            1198176,
            1198177,
            1198178,
            1198179,
            1198180,
            1198181,
            1198182,
            1198183,
            1198184,
            1198185,
            1198186,
            1198187,
            1198188,
            1198189,
            1198190,
            1198191,
            1198192,
            1198193,
            1198194,
            1198195,
            1198196,
            1198197,
            1198198,
            1198199,
            1198200,
            1198201,
            1198202,
            1198203,
            1198204,
            1198205,
            1198206,
            1198207,
            1198208,
            1198209,
            1198210,
            1198211,
            1198212,
            1198213,
            1198214,
            1198215,
            1198216,
            1198217,
            1198218,
            1198219,
            1198220,
            1198221,
            1198222,
            1198223,
            1198224,
            1198225,
            1198226,
            1198227,
            1198228,
            1198229,
            1198230,
            1198231,
            1198232,
            1198233,
            1198234,
            1198235,
            1198236,
            1198237,
            1198238,
            1198239,
            1198240,
            1198241,
            1198242,
            1198243,
            1198244,
            1198245,
            1198246,
            1198247,
            1198248,
            1198249,
            1198250,
            1198251,
            1198252,
            1198253,
            1198254,
            1198255,
            1198256,
            1198257,
            1198258,
            1198259,
            1198260,
            1198261,
            1198262,
            1198263,
            1198264,
            1198265,
            1198266,
            1198267,
            1198268,
            1198269,
            1198270,
            1198271,
            1198272,
            1198273,
            1198274,
            1198275,
            1198276,
            1198277,
            1198278,
            1198279,
            1198280,
            1198281,
            1198282,
            1198283,
            1198284,
            1198285,
            1198286,
            1198287,
            1198288,
            1198289,
            1198290,
            1198291,
            1198292,
            1198293,
            1198294,
            1198295,
            1198296,
            1198297,
            1198298,
            1198299,
            1198300,
            1198301,
            1198302,
            1198303,
            1198304,
            1198305,
            1198306,
            1198307,
            1198308,
            1198309,
            1198310,
            1198311,
            1198312,
            1198313,
            1198314,
            1198315,
            1198316,
            1198317,
            1198318,
            1198319,
            1198320,
            1198321,
            1198322,
            1198323,
            1198324,
            1198325,
            1198326,
            1198327,
            1198328,
            1198329,
            1198330,
            1198331,
            1198332,
            1198333,
            1198334,
            1198335,
            1198336,
            1198337,
            1198338,
            1198339,
            1198340,
            1198341,
            1198342,
            1198343,
            1198344,
            1198345,
            1198346,
            1198347,
            1198348,
            1198349,
            1198350,
            1198351,
            1198352,
            1198353,
            1198354,
            1198355,
            1198356,
            1198357,
            1198358,
            1198359,
            1198360,
            1198361,
            1198362,
            1198363,
            1198364,
            1198365,
            1198366,
            1198367,
            1198368,
            1198369,
            1198370,
            1198371,
            1198372,
            1198373,
            1198374,
            1198375,
            1198376,
            1198377,
            1198378,
            1198379,
            1198380,
            1198381,
            1198382,
            1198383,
            1198384,
            1198385,
            1198386,
            1198387,
            1198388,
            1198389,
            1198390,
            1198391,
            1198392,
            1198393,
            1198394,
            1198395,
            1198396,
            1198397,
            1198398,
            1198399,
            1198400,
            1198401,
            1198402,
            1198403,
            1198404,
            1198405,
            1198406,
            1198407,
            1198408,
            1198409,
            1198410,
            1198411,
            1198412,
            1198413,
            1198414,
            1198415,
            1198416,
            1198417,
            1198418,
            1198419,
            1198420,
            1198421,
            1198422,
            1198423,
            1198424,
            1198425,
            1198426,
            1198427,
            1198428,
            1198429,
            1198430,
            1198431,
            1198432,
            1198433,
            1198434,
            1198435,
            1198436,
            1198437,
            1198438,
            1198439,
            1198440,
            1198441,
            1198442,
            1198443,
            1198444,
            1198445,
            1198446,
            1198447,
            1198448,
            1198449,
            1198450,
            1198451,
            1198452,
            1198453,
            1198454,
            1198455,
            1198456,
            1198457,
            1198458,
            1198459,
            1198460,
            1198461,
            1198462,
            1198463,
            1198464,
            1198465,
            1198466,
            1198467,
            1198468,
            1198469,
            1198470,
            1198471,
            1198472,
            1198473,
            1198474,
            1198475,
            1198476,
            1198477,
            1198478,
            1198479,
            1198480,
            1198481,
            1198482,
            1198483,
            1198484,
            1198485,
            1198486,
            1198487,
            1198488,
            1198489,
            1198490,
            1198491,
            1198492,
            1198493,
            1198494,
            1198495,
            1198496,
            1198497,
            1198498,
            1198499,
            1198500,
            1198501,
            1198502,
            1198503,
            1198504,
            1198505,
            1198506,
            1198507,
            1198508,
            1198509,
            1198510,
            1198511,
            1198512,
            1198513,
            1198514,
            1198515,
            1198516,
            1198517,
            1198518,
            1198519,
            1198520,
            1198521,
            1198522,
            1198523,
            1198524,
            1198525,
            1198526,
            1198527,
            1198528,
            1198529,
            1198530,
            1198531,
            1198532,
            1198533,
            1198534,
            1198535,
            1198536,
            1198537,
            1198538,
            1198539,
            1198540,
            1198541,
            1198542,
            1198543,
            1198544,
            1198545,
            1198546,
            1198547,
            1198548,
            1198549,
            1198550,
            1198551,
            1198552,
            1198553,
            1198554,
            1198555,
            1198556,
            1198557,
            1198558,
            1198559,
            1198560,
            1198561,
            1198562,
            1198563,
            1198564,
            1198565,
            1198566,
            1198567,
            1198568,
            1198569,
            1198570,
            1198571,
            1198572,
            1198573,
            1198574,
            1198575,
            1198576,
            1198577,
            1198578,
            1198579,
            1198580,
            1198581,
            1198582,
            1198583,
            1198584,
            1198585,
            1198586,
            1198587,
            1198588,
            1198589,
            1198590,
            1198591,
            1198592,
            1198593,
            1198594,
            1198595,
            1198596,
            1198597,
            1198598,
            1198599,
            1198600,
            1198601,
            1198602,
            1198603,
            1198604,
            1198605,
            1198606,
            1198607,
            1198608,
            1198609,
            1198610,
            1198611,
            1198612,
            1198613,
            1198614,
            1198615,
            1198616,
            1198617,
            1198618,
            1198619,
            1198620,
            1198621,
            1198622,
            1198623,
            1198624,
            1198625,
            1198626,
            1198627,
            1198628,
            1198629,
            1198630,
            1198631,
            1198632,
            1198633,
            1198634,
            1198635,
            1198636,
            1198637,
            1198638,
            1198639,
            1198640,
            1198641,
            1198642,
            1198643,
            1198644,
            1198645,
            1198646,
            1198647,
            1198648,
            1198649,
            1198650,
            1198651,
            1198652,
            1198653,
            1198654,
            1198655,
            1198656,
            1198657,
            1198658,
            1198659,
            1198660,
            1198661,
            1198662,
            1198663,
            1198664,
            1198665,
            1198666,
            1198667,
            1198668,
            1198669,
            1198670,
            1198671,
            1198672,
            1198673,
            1198674,
            1198675,
            1198676,
            1198677,
            1198678,
            1198679,
            1198680,
            1198681,
            1198682,
            1198683,
            1198684,
            1198685,
            1198686,
            1198687,
            1198688,
            1198689,
            1198690,
            1198691,
            1198692,
            1198693,
            1198694,
            1198695,
            1198696,
            1198697,
            1198698,
            1198699,
            1198700,
            1198701,
            1198702,
            1198703,
            1198704,
            1198705,
            1198706,
            1198707,
            1198708,
            1198709,
            1198710,
            1198711,
            1198712,
            1198713,
            1198714,
            1198715,
            1198716,
            1198717,
            1198718,
            1198719,
            1198720,
            1198721,
            1198722,
            1198723,
            1198724,
            1198725,
            1198726,
            1198727,
            1198728,
            1198729,
            1198730,
            1198731,
            1198732,
            1198733,
            1198734,
            1198735,
            1198736,
            1198737,
            1198738,
            1198739,
            1198740,
            1198741,
            1198742,
            1198743,
            1198744,
            1198745,
            1198746,
            1198747,
            1198748,
            1198749,
            1198750,
            1198751,
            1198752,
            1198753,
            1198754,
            1198755,
            1198756,
            1198757,
            1198758,
            1198759,
            1198760,
            1198761,
            1198762,
            1198763,
            1198764,
            1198765,
            1198766,
            1198767,
            1198768,
            1198769,
            1198770,
            1198771,
            1198772,
            1198773,
            1198774,
            1198775,
            1198776,
            1198777,
            1198778,
            1198779,
            1198780,
            1198781,
            1198782,
            1198783,
            1198784,
            1198785,
            1198786,
            1198787,
            1198788,
            1198789,
            1198790,
            1198791,
            1198792,
            1198793,
            1198794,
            1198795,
            1198796,
            1198797,
            1198798,
            1198799,
            1198800,
            1198801,
            1198802,
            1198803,
            1198804,
            1198805,
            1198806,
            1198807,
            1198808,
            1198809,
            1198810,
            1198811,
            1198812,
            1198813,
            1198814,
            1198815,
            1198816,
            1198817,
            1198818,
            1198819,
            1198820,
            1198821,
            1198822,
            1198823,
            1198824,
            1198825,
            1198826,
            1198827,
            1198828,
            1198829,
            1198830,
            1198831,
            1198832,
            1198833,
            1198834,
            1198835,
            1198836,
            1198837,
            1198838,
            1198839,
            1198840,
            1198841,
            1198842,
            1198843,
            1198844,
            1198845,
            1198846,
            1198847,
            1198848,
            1198849,
            1198850,
            1198851,
            1198852,
            1198853,
            1198854,
            1198855,
            1198856,
            1198857,
            1198858,
            1198859,
            1198860,
            1198861,
            1198862,
            1198863,
            1198864,
            1198865,
            1198866,
            1198867,
            1198868,
            1198869,
            1198870,
            1198871,
            1198872,
            1198873,
            1198874,
            1198875,
            1198876,
            1198877,
            1198878,
            1198879,
            1198880,
            1198881,
            1198882,
            1198883,
            1198884,
            1198885,
            1198886,
            1198887,
            1198888,
            1198889,
            1198890,
            1198891,
            1198892,
            1198893,
            1198894,
            1198895,
            1198896,
            1198897,
            1198898,
            1198899,
            1198900,
            1198901,
            1198902,
            1198903,
            1198904,
            1198905,
            1198906,
            1198907,
            1198908,
            1198909,
            1198910,
            1198911,
            1198912,
            1198913,
            1198914,
            1198915,
            1198916,
            1198917,
            1198918,
            1198919,
            1198920,
            1198921,
            1198922,
            1198923,
            1198924,
            1198925,
            1198926,
            1198927,
            1198928,
            1198929,
            1198930,
            1198931,
            1198932,
            1198933,
            1198934,
            1198935,
            1198936,
            1198937,
            1198938,
            1198939,
            1198940,
            1198941,
            1198942,
            1198943,
            1198944,
            1198945,
            1198946,
            1198947,
            1198948,
            1198949,
            1198950,
            1198951,
            1198952,
            1198953,
            1198954,
            1198955,
            1198956,
            1198957,
            1198958,
            1198959,
            1198960,
            1198961,
            1198962,
            1198963,
            1198964,
            1198965,
            1198966,
            1198967,
            1198968,
            1198969,
            1198970,
            1198971,
            1198972,
            1198973,
            1198974,
            1198975,
            1198976,
            1198977,
            1198978,
            1198979,
            1198980,
            1198981,
            1198982,
            1198983,
            1198984,
            1198985,
            1198986,
            1198987,
            1198988,
            1198989,
            1198990,
            1198991,
            1198992,
            1198993,
            1198994,
            1198995,
            1198996,
            1198997,
            1198998,
            1198999,
            1199000,
            1199001,
            1199002,
            1199003,
            1199004,
            1199005,
            1199006,
            1199007,
            1199008,
            1199009,
            1199010,
            1199011,
            1199012,
            1199013,
            1199014,
            1199015,
            1199016,
            1199017,
            1199018,
            1199019,
            1199020,
            1199021,
            1199022,
            1199023,
            1199024,
            1199025,
            1199026,
            1199027,
            1199028,
            1199029,
            1199030,
            1199031,
            1199032,
            1199033,
            1199034,
            1199035,
            1199036,
            1199037,
            1199038,
            1199039,
            1199040,
            1199041,
            1199042,
            1199043,
            1199044,
            1199045,
            1199046,
            1199047,
            1199048,
            1199049,
            1199050,
            1199051,
            1199052,
            1199053,
            1199054,
            1199055,
            1199056,
            1199057,
            1199058,
            1199059,
            1199060,
            1199061,
            1199062,
            1199063,
            1199064,
            1199065,
            1199066,
            1199067,
            1199068,
            1199069,
            1199070,
            1199071,
            1199072,
            1199073,
            1199074,
            1199075,
            1199076,
            1199077,
            1199078,
            1199079,
            1199080,
            1199081,
            1199082,
            1199083,
            1199084,
            1199085,
            1199086,
            1199087,
            1199088,
            1199089,
            1199090,
            1199091,
            1199092,
            1199093,
            1199094,
            1199095,
            1199096,
            1199097,
            1199098,
            1199099,
            1199100,
            1199101,
            1199102,
            1199103,
            1199104,
            1199105,
            1199106,
            1199107,
            1199108,
            1199109,
            1199110,
            1199111,
            1199112,
            1199113,
            1199114,
            1199115,
            1199116,
            1199117,
            1199118,
            1199119,
            1199120,
            1199121,
            1199122,
            1199123,
            1199124,
            1199125,
            1199126,
            1199127,
            1199128,
            1199129,
            1199130,
            1199131,
            1199132,
            1199133,
            1199134,
            1199135,
            1199136,
            1199137,
            1199138,
            1199139,
            1199140,
            1199141,
            1199142,
            1199143,
            1199144,
            1199145,
            1199146,
            1199147,
            1199148,
            1199149,
            1199150,
            1199151,
            1199152,
            1199153,
            1199154,
            1199155,
            1199156,
            1199157,
            1199158,
            1199159,
            1199160,
            1199161,
            1199162,
            1199163,
            1199164,
            1199165,
            1199166,
            1199167,
            1199168,
            1199169,
            1199170,
            1199171,
            1199172,
            1199173,
            1199174,
            1199175,
            1199176,
            1199177,
            1199178,
            1199179,
            1199180,
            1199181,
            1199182,
            1199183,
            1199184,
            1199185,
            1199186,
            1199187,
            1199188,
            1199189,
            1199190,
            1199191,
            1199192,
            1199193,
            1199194,
            1199195,
            1199196,
            1199197,
            1199198,
            1199199,
            1199200,
            1199201,
            1199202,
            1199203,
            1199204,
            1199205,
            1199206,
            1199207,
            1199208,
            1199209,
            1199210,
            1199211,
            1199212,
            1199213,
            1199214,
            1199215,
            1199216,
            1199217,
            1199218,
            1199219,
            1199220,
            1199221,
            1199222,
            1199223,
            1199224,
            1199225,
            1199226,
            1199227,
            1199228,
            1199229,
            1199230,
            1199231,
            1199232,
            1199233,
            1199234,
            1199235,
            1199236,
            1199237,
            1199238,
            1199239,
            1199240,
            1199241,
            1199242,
            1199243,
            1199244,
            1199245,
            1199246,
            1199247,
            1199248,
            1199249,
            1199250,
            1199251,
            1199252,
            1199253,
            1199254,
            1199255,
            1199256,
            1199257,
            1199258,
            1199259,
            1199260,
            1199261,
            1199262,
            1199263,
            1199264,
            1199265,
            1199266,
            1199267,
            1199268,
            1199269,
            1199270,
            1199271,
            1199272,
            1199273,
            1199274,
            1199275,
            1199276,
            1199277,
            1199278,
            1199279,
            1199280,
            1199281,
            1199282,
            1199283,
            1199284,
            1199285,
            1199286,
            1199287,
            1199288,
            1199289,
            1199290,
            1199291,
            1199292,
            1199293,
            1199294,
            1199295,
            1199296,
            1199297,
            1199298,
            1199299,
            1199300,
            1199301,
            1199302,
            1199303,
            1199304,
            1199305,
            1199306,
            1199307,
            1199308,
            1199309,
            1199310,
            1199311,
            1199312,
            1199313,
            1199314,
            1199315,
            1199316,
            1199317,
            1199318,
            1199319,
            1199320,
            1199321,
            1199322,
            1199323,
            1199324,
            1199325,
            1199326,
            1199327,
            1199328,
            1199329,
            1199330,
            1199331,
            1199332,
            1199333,
            1199334,
            1199335,
            1199336,
            1199337,
            1199338,
            1199339,
            1199340,
            1199341,
            1199342,
            1199343,
            1199344,
            1199345,
            1199346,
            1199347,
            1199348,
            1199349,
            1199350,
            1199351,
            1199352,
            1199353,
            1199354,
            1199355,
            1199356,
            1199357,
            1199358,
            1199359,
            1199360,
            1199361,
            1199362,
            1199363,
            1199364,
            1199365,
            1199366,
            1199367,
            1199368,
            1199369,
            1199370,
            1199371,
            1199372,
            1199373,
            1199374,
            1199375,
            1199376,
            1199377,
            1199378,
            1199379,
            1199380,
            1199381,
            1199382,
            1199383,
            1199384,
            1199385,
            1199386,
            1199387,
            1199388,
            1199389,
            1199390,
            1199391,
            1199392,
            1199393,
            1199394,
            1199395,
            1199396,
            1199397,
            1199398,
            1199399,
            1199400,
            1199401,
            1199402,
            1199403,
            1199404,
            1199405,
            1199406,
            1199407,
            1199408,
            1199409,
            1199410,
            1199411,
            1199412,
            1199413,
            1199414,
            1199415,
            1199416,
            1199417,
            1199418,
            1199419,
            1199420,
            1199421,
            1199422,
            1199423,
            1199424,
            1199425,
            1199426,
            1199427,
            1199428,
            1199429,
            1199430,
            1199431,
            1199432,
            1199433,
            1199434,
            1199435,
            1199436,
            1199437,
            1199438,
            1199439,
            1199440,
            1199441,
            1199442,
            1199443,
            1199444,
            1199445,
            1199446,
            1199447,
            1199448,
            1199449,
            1199450,
            1199451,
            1199452,
            1199453,
            1199454,
            1199455,
            1199456,
            1199457,
            1199458,
            1199459,
            1199460,
            1199461,
            1199462,
            1199463,
            1199464,
            1199465,
            1199466,
            1199467,
            1199468,
            1199469,
            1199470,
            1199471,
            1199472,
            1199473,
            1199474,
            1199475,
            1199476,
            1199477,
            1199478,
            1199479,
            1199480,
            1199481,
            1199482,
            1199483,
            1199484,
            1199485,
            1199486,
            1199487,
            1199488,
            1199489,
            1199490,
            1199491,
            1199492,
            1199493,
            1199494,
            1199495,
            1199496,
            1199497,
            1199498,
            1199499,
            1199500,
            1199501,
            1199502,
            1199503,
            1199504,
            1199505,
            1199506,
            1199507,
            1199508,
            1199509,
            1199510,
            1199511,
            1199512,
            1199513,
            1199514,
            1199515,
            1199516,
            1199517,
            1199518,
            1199519,
            1199520,
            1199521,
            1199522,
            1199523,
            1199524,
            1199525,
            1199526,
            1199527,
            1199528,
            1199529,
            1199530,
            1199531,
            1199532,
            1199533,
            1199534,
            1199535,
            1199536,
            1199537,
            1199538,
            1199539,
            1199540,
            1199541,
            1199542,
            1199543,
            1199544,
            1199545,
            1199546,
            1199547,
            1199548,
            1199549,
            1199550,
            1199551,
            1199552,
            1199553,
            1199554,
            1199555,
            1199556,
            1199557,
            1199558,
            1199559,
            1199560,
            1199561,
            1199562,
            1199563,
            1199564,
            1199565,
            1199566,
            1199567,
            1199568,
            1199569,
            1199570,
            1199571,
            1199572,
            1199573,
            1199574,
            1199575,
            1199576,
            1199577,
            1199578,
            1199579,
            1199580,
            1199581,
            1199582,
            1199583,
            1199584,
            1199585,
            1199586,
            1199587,
            1199588,
            1199589,
            1199590,
            1199591,
            1199592,
            1199593,
            1199594,
            1199595,
            1199596,
            1199597,
            1199598,
            1199599,
            1199600,
            1199601,
            1199602,
            1199603,
            1199604,
            1199605,
            1199606,
            1199607,
            1199608,
            1199609,
            1199610,
            1199611,
            1199612,
            1199613,
            1199614,
            1199615,
            1199616,
            1199617,
            1199618,
            1199619,
            1199620,
            1199621,
            1199622,
            1199623,
            1199624,
            1199625,
            1199626,
            1199627,
            1199628,
            1199629,
            1199630,
            1199631,
            1199632,
            1199633,
            1199634,
            1199635,
            1199636,
            1199637,
            1199638,
            1199639,
            1199640,
            1199641,
            1199642,
            1199643,
            1199644,
            1199645,
            1199646,
            1199647,
            1199648,
            1199649,
            1199650,
            1199651,
            1199652,
            1199653,
            1199654,
            1199655,
            1199656,
            1199657,
            1199658,
            1199659,
            1199660,
            1199661,
            1199662,
            1199663,
            1199664,
            1199665,
            1199666,
            1199667,
            1199668,
            1199669,
            1199670,
            1199671,
            1199672,
            1199673,
            1199674,
            1199675,
            1199676,
            1199677,
            1199678,
            1199679,
            1199680,
            1199681,
            1199682,
            1199683,
            1199684,
            1199685,
            1199686,
            1199687,
            1199688,
            1199689,
            1199690,
            1199691,
            1199692,
            1199693,
            1199694,
            1199695,
            1199696,
            1199697,
            1199698,
            1199699,
            1199700,
            1199701,
            1199702,
            1199703,
            1199704,
            1199705,
            1199706,
            1199707,
            1199708,
            1199709,
            1199710,
            1199711,
            1199712,
            1199713,
            1199714,
            1199715,
            1199716,
            1199717,
            1199718,
            1199719,
            1199720,
            1199721,
            1199722,
            1199723,
            1199724,
            1199725,
            1199726,
            1199727,
            1199728,
            1199729,
            1199730,
            1199731,
            1199732,
            1199733,
            1199734,
            1199735,
            1199736,
            1199737,
            1199738,
            1199739,
            1199740,
            1199741,
            1199742,
            1199743,
            1199744,
            1199745,
            1199746,
            1199747,
            1199748,
            1199749,
            1199750,
            1199751,
            1199752,
            1199753,
            1199754,
            1199755,
            1199756,
            1199757,
            1199758,
            1199759,
            1199760,
            1199761,
            1199762,
            1199763,
            1199764,
            1199765,
            1199766,
            1199767,
            1199768,
            1199769,
            1199770,
            1199771,
            1199772,
            1199773,
            1199774,
            1199775,
            1199776,
            1199777,
            1199778,
            1199779,
            1199780,
            1199781,
            1199782,
            1199783,
            1199784,
            1199785,
            1199786,
            1199787,
            1199788,
            1199789,
            1199790,
            1199791,
            1199792,
            1199793,
            1199794,
            1199795,
            1199796,
            1199797,
            1199798,
            1199799,
            1199800,
            1199801,
            1199802,
            1199803,
            1199804,
            1199805,
            1199806,
            1199807,
            1199808,
            1199809,
            1199810,
            1199811,
            1199812,
            1199813,
            1199814,
            1199815,
            1199816,
            1199817,
            1199818,
            1199819,
            1199820,
            1199821,
            1199822,
            1199823,
            1199824,
            1199825,
            1199826,
            1199827,
            1199828,
            1199829,
            1199830,
            1199831,
            1199832,
            1199833,
            1199834,
            1199835,
            1199836,
            1199837,
            1199838,
            1199839,
            1199840,
            1199841,
            1199842,
            1199843,
            1199844,
            1199845,
            1199846,
            1199847,
            1199848,
            1199849,
            1199850,
            1199851,
            1199852,
            1199853,
            1199854,
            1199855,
            1199856,
            1199857,
            1199858,
            1199859,
            1199860,
            1199861,
            1199862,
            1199863,
            1199864,
            1199865,
            1199866,
            1199867,
            1199868,
            1199869,
            1199870,
            1199871,
            1199872,
            1199873,
            1199874,
            1199875,
            1199876,
            1199877,
            1199878,
            1199879,
            1199880,
            1199881,
            1199882,
            1199883,
            1199884,
            1199885,
            1199886,
            1199887,
            1199888,
            1199889,
            1199890,
            1199891,
            1199892,
            1199893,
            1199894,
            1199895,
            1199896,
            1199897,
            1199898,
            1199899,
            1199900,
            1199901,
            1199902,
            1199903,
            1199904,
            1199905,
            1199906,
            1199907,
            1199908,
            1199909,
            1199910,
            1199911,
            1199912,
            1199913,
            1199914,
            1199915,
            1199916,
            1199917,
            1199918,
            1199919,
            1199920,
            1199921,
            1199922,
            1199923,
            1199924,
            1199925,
            1199926,
            1199927,
            1199928,
            1199929,
            1199930,
            1199931,
            1199932,
            1199933,
            1199934,
            1199935,
            1199936,
            1199937,
            1199938,
            1199939,
            1199940,
            1199941,
            1199942,
            1199943,
            1199944,
            1199945,
            1199946,
            1199947,
            1199948,
            1199949,
            1199950,
            1199951,
            1199952,
            1199953,
            1199954,
            1199955,
            1199956,
            1199957,
            1199958,
            1199959,
            1199960,
            1199961,
            1199962,
            1199963,
            1199964,
            1199965,
            1199966,
            1199967,
            1199968,
            1199969,
            1199970,
            1199971,
            1199972,
            1199973,
            1199974,
            1199975,
            1199976,
            1199977,
            1199978,
            1199979,
            1199980,
            1199981,
            1199982,
            1199983,
            1199984,
            1199985,
            1199986,
            1199987,
            1199988,
            1199989,
            1199990,
            1199991,
            1199992,
            1199993,
            1199994,
            1199995,
            1199996,
            1199997,
            1199998,
            1199999,
        ],
        pipeline=[
            dict(type='LoadImageFromNDArray'),
            dict(scale=(
                256,
                64,
            ), type='Resize'),
            dict(type='LoadOCRAnnotations', with_text=True),
            dict(
                meta_keys=(
                    'img_path',
                    'ori_shape',
                    'img_shape',
                    'valid_ratio',
                ),
                type='PackTextRecogInputs'),
        ],
        test_mode=True,
        type='RecogLMDBDataset'),
    drop_last=False,
    num_workers=4,
    persistent_workers=True,
    pin_memory=True,
    sampler=dict(shuffle=False, type='DefaultSampler'))
test_evaluator = dict(
    dataset_prefixes=[
        'PretrainCN_holdout',
    ],
    metrics=[
        dict(mode=[
            'exact',
        ], type='WordMetric'),
        dict(type='OneMinusNEDMetric'),
    ],
    type='MultiDatasetsEvaluator')
test_pipeline = [
    dict(type='LoadImageFromNDArray'),
    dict(scale=(
        256,
        64,
    ), type='Resize'),
    dict(type='LoadOCRAnnotations', with_text=True),
    dict(
        meta_keys=(
            'img_path',
            'ori_shape',
            'img_shape',
            'valid_ratio',
        ),
        type='PackTextRecogInputs'),
]
train_cfg = dict(max_epochs=20, type='EpochBasedTrainLoop', val_interval=1)
train_dataloader = dict(
    batch_size=128,
    dataset=dict(
        datasets=[
            dict(
                ann_file='pretrain_cn_scene',
                data_root='data',
                indices=1195000,
                pipeline=[
                    dict(
                        ignore_empty=True,
                        min_size=5,
                        type='LoadImageFromNDArray'),
                    dict(type='LoadOCRAnnotations', with_text=True),
                    dict(
                        prob=0.4,
                        transforms=[
                            dict(type='TextRecogGeneralAug'),
                        ],
                        type='RandomApply'),
                    dict(
                        prob=0.4,
                        transforms=[
                            dict(type='CropHeight'),
                        ],
                        type='RandomApply'),
                    dict(
                        condition='min(results["img_shape"])>10',
                        true_transforms=dict(
                            prob=0.4,
                            transforms=[
                                dict(
                                    kernel_size=5,
                                    op='GaussianBlur',
                                    sigma=1,
                                    type='TorchVisionWrapper'),
                            ],
                            type='RandomApply'),
                        type='ConditionApply'),
                    dict(
                        prob=0.4,
                        transforms=[
                            dict(
                                brightness=0.5,
                                contrast=0.5,
                                hue=0.1,
                                op='ColorJitter',
                                saturation=0.5,
                                type='TorchVisionWrapper'),
                        ],
                        type='RandomApply'),
                    dict(
                        prob=0.4,
                        transforms=[
                            dict(type='ImageContentJitter'),
                        ],
                        type='RandomApply'),
                    dict(
                        prob=0.4,
                        transforms=[
                            dict(
                                args=[
                                    dict(
                                        cls='AdditiveGaussianNoise',
                                        scale=0.31622776601683794),
                                ],
                                type='ImgAugWrapper'),
                        ],
                        type='RandomApply'),
                    dict(
                        prob=0.4,
                        transforms=[
                            dict(type='ReversePixels'),
                        ],
                        type='RandomApply'),
                    dict(scale=(
                        256,
                        64,
                    ), type='Resize'),
                    dict(
                        meta_keys=(
                            'img_path',
                            'ori_shape',
                            'img_shape',
                            'valid_ratio',
                        ),
                        type='PackTextRecogInputs'),
                ],
                test_mode=False,
                type='RecogLMDBDataset'),
            dict(
                ann_file='pretrain_cn_scene_gapfix_h24',
                data_root='data',
                pipeline=[
                    dict(
                        ignore_empty=True,
                        min_size=5,
                        type='LoadImageFromNDArray'),
                    dict(type='LoadOCRAnnotations', with_text=True),
                    dict(
                        prob=0.4,
                        transforms=[
                            dict(type='TextRecogGeneralAug'),
                        ],
                        type='RandomApply'),
                    dict(
                        prob=0.4,
                        transforms=[
                            dict(type='CropHeight'),
                        ],
                        type='RandomApply'),
                    dict(
                        condition='min(results["img_shape"])>10',
                        true_transforms=dict(
                            prob=0.4,
                            transforms=[
                                dict(
                                    kernel_size=5,
                                    op='GaussianBlur',
                                    sigma=1,
                                    type='TorchVisionWrapper'),
                            ],
                            type='RandomApply'),
                        type='ConditionApply'),
                    dict(
                        prob=0.4,
                        transforms=[
                            dict(
                                brightness=0.5,
                                contrast=0.5,
                                hue=0.1,
                                op='ColorJitter',
                                saturation=0.5,
                                type='TorchVisionWrapper'),
                        ],
                        type='RandomApply'),
                    dict(
                        prob=0.4,
                        transforms=[
                            dict(type='ImageContentJitter'),
                        ],
                        type='RandomApply'),
                    dict(
                        prob=0.4,
                        transforms=[
                            dict(
                                args=[
                                    dict(
                                        cls='AdditiveGaussianNoise',
                                        scale=0.31622776601683794),
                                ],
                                type='ImgAugWrapper'),
                        ],
                        type='RandomApply'),
                    dict(
                        prob=0.4,
                        transforms=[
                            dict(type='ReversePixels'),
                        ],
                        type='RandomApply'),
                    dict(scale=(
                        256,
                        64,
                    ), type='Resize'),
                    dict(
                        meta_keys=(
                            'img_path',
                            'ori_shape',
                            'img_shape',
                            'valid_ratio',
                        ),
                        type='PackTextRecogInputs'),
                ],
                test_mode=False,
                type='RecogLMDBDataset'),
        ],
        type='ConcatDataset'),
    num_workers=8,
    persistent_workers=True,
    pin_memory=True,
    sampler=dict(shuffle=True, type='DefaultSampler'))
train_pipeline = [
    dict(ignore_empty=True, min_size=5, type='LoadImageFromNDArray'),
    dict(type='LoadOCRAnnotations', with_text=True),
    dict(
        prob=0.4,
        transforms=[
            dict(type='TextRecogGeneralAug'),
        ],
        type='RandomApply'),
    dict(prob=0.4, transforms=[
        dict(type='CropHeight'),
    ], type='RandomApply'),
    dict(
        condition='min(results["img_shape"])>10',
        true_transforms=dict(
            prob=0.4,
            transforms=[
                dict(
                    kernel_size=5,
                    op='GaussianBlur',
                    sigma=1,
                    type='TorchVisionWrapper'),
            ],
            type='RandomApply'),
        type='ConditionApply'),
    dict(
        prob=0.4,
        transforms=[
            dict(
                brightness=0.5,
                contrast=0.5,
                hue=0.1,
                op='ColorJitter',
                saturation=0.5,
                type='TorchVisionWrapper'),
        ],
        type='RandomApply'),
    dict(
        prob=0.4,
        transforms=[
            dict(type='ImageContentJitter'),
        ],
        type='RandomApply'),
    dict(
        prob=0.4,
        transforms=[
            dict(
                args=[
                    dict(
                        cls='AdditiveGaussianNoise',
                        scale=0.31622776601683794),
                ],
                type='ImgAugWrapper'),
        ],
        type='RandomApply'),
    dict(
        prob=0.4,
        transforms=[
            dict(type='ReversePixels'),
        ],
        type='RandomApply'),
    dict(scale=(
        256,
        64,
    ), type='Resize'),
    dict(
        meta_keys=(
            'img_path',
            'ori_shape',
            'img_shape',
            'valid_ratio',
        ),
        type='PackTextRecogInputs'),
]
tta_model = dict(type='EncoderDecoderRecognizerTTAModel')
tta_pipeline = [
    dict(type='LoadImageFromNDArray'),
    dict(
        transforms=[
            [
                dict(
                    condition="results['img_shape'][1]<results['img_shape'][0]",
                    true_transforms=[
                        dict(
                            args=[
                                dict(cls='Rot90', k=0, keep_size=False),
                            ],
                            type='ImgAugWrapper'),
                    ],
                    type='ConditionApply'),
                dict(
                    condition="results['img_shape'][1]<results['img_shape'][0]",
                    true_transforms=[
                        dict(
                            args=[
                                dict(cls='Rot90', k=1, keep_size=False),
                            ],
                            type='ImgAugWrapper'),
                    ],
                    type='ConditionApply'),
                dict(
                    condition="results['img_shape'][1]<results['img_shape'][0]",
                    true_transforms=[
                        dict(
                            args=[
                                dict(cls='Rot90', k=3, keep_size=False),
                            ],
                            type='ImgAugWrapper'),
                    ],
                    type='ConditionApply'),
            ],
            [
                dict(scale=(
                    256,
                    64,
                ), type='Resize'),
            ],
            [
                dict(type='LoadOCRAnnotations', with_text=True),
            ],
            [
                dict(
                    meta_keys=(
                        'img_path',
                        'ori_shape',
                        'img_shape',
                        'valid_ratio',
                    ),
                    type='PackTextRecogInputs'),
            ],
        ],
        type='TestTimeAug'),
]
val_cfg = dict(type='ValLoop')
val_dataloader = dict(
    batch_size=128,
    dataset=dict(
        ann_file='pretrain_cn_scene',
        data_root='data',
        indices=[
            1195000,
            1195001,
            1195002,
            1195003,
            1195004,
            1195005,
            1195006,
            1195007,
            1195008,
            1195009,
            1195010,
            1195011,
            1195012,
            1195013,
            1195014,
            1195015,
            1195016,
            1195017,
            1195018,
            1195019,
            1195020,
            1195021,
            1195022,
            1195023,
            1195024,
            1195025,
            1195026,
            1195027,
            1195028,
            1195029,
            1195030,
            1195031,
            1195032,
            1195033,
            1195034,
            1195035,
            1195036,
            1195037,
            1195038,
            1195039,
            1195040,
            1195041,
            1195042,
            1195043,
            1195044,
            1195045,
            1195046,
            1195047,
            1195048,
            1195049,
            1195050,
            1195051,
            1195052,
            1195053,
            1195054,
            1195055,
            1195056,
            1195057,
            1195058,
            1195059,
            1195060,
            1195061,
            1195062,
            1195063,
            1195064,
            1195065,
            1195066,
            1195067,
            1195068,
            1195069,
            1195070,
            1195071,
            1195072,
            1195073,
            1195074,
            1195075,
            1195076,
            1195077,
            1195078,
            1195079,
            1195080,
            1195081,
            1195082,
            1195083,
            1195084,
            1195085,
            1195086,
            1195087,
            1195088,
            1195089,
            1195090,
            1195091,
            1195092,
            1195093,
            1195094,
            1195095,
            1195096,
            1195097,
            1195098,
            1195099,
            1195100,
            1195101,
            1195102,
            1195103,
            1195104,
            1195105,
            1195106,
            1195107,
            1195108,
            1195109,
            1195110,
            1195111,
            1195112,
            1195113,
            1195114,
            1195115,
            1195116,
            1195117,
            1195118,
            1195119,
            1195120,
            1195121,
            1195122,
            1195123,
            1195124,
            1195125,
            1195126,
            1195127,
            1195128,
            1195129,
            1195130,
            1195131,
            1195132,
            1195133,
            1195134,
            1195135,
            1195136,
            1195137,
            1195138,
            1195139,
            1195140,
            1195141,
            1195142,
            1195143,
            1195144,
            1195145,
            1195146,
            1195147,
            1195148,
            1195149,
            1195150,
            1195151,
            1195152,
            1195153,
            1195154,
            1195155,
            1195156,
            1195157,
            1195158,
            1195159,
            1195160,
            1195161,
            1195162,
            1195163,
            1195164,
            1195165,
            1195166,
            1195167,
            1195168,
            1195169,
            1195170,
            1195171,
            1195172,
            1195173,
            1195174,
            1195175,
            1195176,
            1195177,
            1195178,
            1195179,
            1195180,
            1195181,
            1195182,
            1195183,
            1195184,
            1195185,
            1195186,
            1195187,
            1195188,
            1195189,
            1195190,
            1195191,
            1195192,
            1195193,
            1195194,
            1195195,
            1195196,
            1195197,
            1195198,
            1195199,
            1195200,
            1195201,
            1195202,
            1195203,
            1195204,
            1195205,
            1195206,
            1195207,
            1195208,
            1195209,
            1195210,
            1195211,
            1195212,
            1195213,
            1195214,
            1195215,
            1195216,
            1195217,
            1195218,
            1195219,
            1195220,
            1195221,
            1195222,
            1195223,
            1195224,
            1195225,
            1195226,
            1195227,
            1195228,
            1195229,
            1195230,
            1195231,
            1195232,
            1195233,
            1195234,
            1195235,
            1195236,
            1195237,
            1195238,
            1195239,
            1195240,
            1195241,
            1195242,
            1195243,
            1195244,
            1195245,
            1195246,
            1195247,
            1195248,
            1195249,
            1195250,
            1195251,
            1195252,
            1195253,
            1195254,
            1195255,
            1195256,
            1195257,
            1195258,
            1195259,
            1195260,
            1195261,
            1195262,
            1195263,
            1195264,
            1195265,
            1195266,
            1195267,
            1195268,
            1195269,
            1195270,
            1195271,
            1195272,
            1195273,
            1195274,
            1195275,
            1195276,
            1195277,
            1195278,
            1195279,
            1195280,
            1195281,
            1195282,
            1195283,
            1195284,
            1195285,
            1195286,
            1195287,
            1195288,
            1195289,
            1195290,
            1195291,
            1195292,
            1195293,
            1195294,
            1195295,
            1195296,
            1195297,
            1195298,
            1195299,
            1195300,
            1195301,
            1195302,
            1195303,
            1195304,
            1195305,
            1195306,
            1195307,
            1195308,
            1195309,
            1195310,
            1195311,
            1195312,
            1195313,
            1195314,
            1195315,
            1195316,
            1195317,
            1195318,
            1195319,
            1195320,
            1195321,
            1195322,
            1195323,
            1195324,
            1195325,
            1195326,
            1195327,
            1195328,
            1195329,
            1195330,
            1195331,
            1195332,
            1195333,
            1195334,
            1195335,
            1195336,
            1195337,
            1195338,
            1195339,
            1195340,
            1195341,
            1195342,
            1195343,
            1195344,
            1195345,
            1195346,
            1195347,
            1195348,
            1195349,
            1195350,
            1195351,
            1195352,
            1195353,
            1195354,
            1195355,
            1195356,
            1195357,
            1195358,
            1195359,
            1195360,
            1195361,
            1195362,
            1195363,
            1195364,
            1195365,
            1195366,
            1195367,
            1195368,
            1195369,
            1195370,
            1195371,
            1195372,
            1195373,
            1195374,
            1195375,
            1195376,
            1195377,
            1195378,
            1195379,
            1195380,
            1195381,
            1195382,
            1195383,
            1195384,
            1195385,
            1195386,
            1195387,
            1195388,
            1195389,
            1195390,
            1195391,
            1195392,
            1195393,
            1195394,
            1195395,
            1195396,
            1195397,
            1195398,
            1195399,
            1195400,
            1195401,
            1195402,
            1195403,
            1195404,
            1195405,
            1195406,
            1195407,
            1195408,
            1195409,
            1195410,
            1195411,
            1195412,
            1195413,
            1195414,
            1195415,
            1195416,
            1195417,
            1195418,
            1195419,
            1195420,
            1195421,
            1195422,
            1195423,
            1195424,
            1195425,
            1195426,
            1195427,
            1195428,
            1195429,
            1195430,
            1195431,
            1195432,
            1195433,
            1195434,
            1195435,
            1195436,
            1195437,
            1195438,
            1195439,
            1195440,
            1195441,
            1195442,
            1195443,
            1195444,
            1195445,
            1195446,
            1195447,
            1195448,
            1195449,
            1195450,
            1195451,
            1195452,
            1195453,
            1195454,
            1195455,
            1195456,
            1195457,
            1195458,
            1195459,
            1195460,
            1195461,
            1195462,
            1195463,
            1195464,
            1195465,
            1195466,
            1195467,
            1195468,
            1195469,
            1195470,
            1195471,
            1195472,
            1195473,
            1195474,
            1195475,
            1195476,
            1195477,
            1195478,
            1195479,
            1195480,
            1195481,
            1195482,
            1195483,
            1195484,
            1195485,
            1195486,
            1195487,
            1195488,
            1195489,
            1195490,
            1195491,
            1195492,
            1195493,
            1195494,
            1195495,
            1195496,
            1195497,
            1195498,
            1195499,
            1195500,
            1195501,
            1195502,
            1195503,
            1195504,
            1195505,
            1195506,
            1195507,
            1195508,
            1195509,
            1195510,
            1195511,
            1195512,
            1195513,
            1195514,
            1195515,
            1195516,
            1195517,
            1195518,
            1195519,
            1195520,
            1195521,
            1195522,
            1195523,
            1195524,
            1195525,
            1195526,
            1195527,
            1195528,
            1195529,
            1195530,
            1195531,
            1195532,
            1195533,
            1195534,
            1195535,
            1195536,
            1195537,
            1195538,
            1195539,
            1195540,
            1195541,
            1195542,
            1195543,
            1195544,
            1195545,
            1195546,
            1195547,
            1195548,
            1195549,
            1195550,
            1195551,
            1195552,
            1195553,
            1195554,
            1195555,
            1195556,
            1195557,
            1195558,
            1195559,
            1195560,
            1195561,
            1195562,
            1195563,
            1195564,
            1195565,
            1195566,
            1195567,
            1195568,
            1195569,
            1195570,
            1195571,
            1195572,
            1195573,
            1195574,
            1195575,
            1195576,
            1195577,
            1195578,
            1195579,
            1195580,
            1195581,
            1195582,
            1195583,
            1195584,
            1195585,
            1195586,
            1195587,
            1195588,
            1195589,
            1195590,
            1195591,
            1195592,
            1195593,
            1195594,
            1195595,
            1195596,
            1195597,
            1195598,
            1195599,
            1195600,
            1195601,
            1195602,
            1195603,
            1195604,
            1195605,
            1195606,
            1195607,
            1195608,
            1195609,
            1195610,
            1195611,
            1195612,
            1195613,
            1195614,
            1195615,
            1195616,
            1195617,
            1195618,
            1195619,
            1195620,
            1195621,
            1195622,
            1195623,
            1195624,
            1195625,
            1195626,
            1195627,
            1195628,
            1195629,
            1195630,
            1195631,
            1195632,
            1195633,
            1195634,
            1195635,
            1195636,
            1195637,
            1195638,
            1195639,
            1195640,
            1195641,
            1195642,
            1195643,
            1195644,
            1195645,
            1195646,
            1195647,
            1195648,
            1195649,
            1195650,
            1195651,
            1195652,
            1195653,
            1195654,
            1195655,
            1195656,
            1195657,
            1195658,
            1195659,
            1195660,
            1195661,
            1195662,
            1195663,
            1195664,
            1195665,
            1195666,
            1195667,
            1195668,
            1195669,
            1195670,
            1195671,
            1195672,
            1195673,
            1195674,
            1195675,
            1195676,
            1195677,
            1195678,
            1195679,
            1195680,
            1195681,
            1195682,
            1195683,
            1195684,
            1195685,
            1195686,
            1195687,
            1195688,
            1195689,
            1195690,
            1195691,
            1195692,
            1195693,
            1195694,
            1195695,
            1195696,
            1195697,
            1195698,
            1195699,
            1195700,
            1195701,
            1195702,
            1195703,
            1195704,
            1195705,
            1195706,
            1195707,
            1195708,
            1195709,
            1195710,
            1195711,
            1195712,
            1195713,
            1195714,
            1195715,
            1195716,
            1195717,
            1195718,
            1195719,
            1195720,
            1195721,
            1195722,
            1195723,
            1195724,
            1195725,
            1195726,
            1195727,
            1195728,
            1195729,
            1195730,
            1195731,
            1195732,
            1195733,
            1195734,
            1195735,
            1195736,
            1195737,
            1195738,
            1195739,
            1195740,
            1195741,
            1195742,
            1195743,
            1195744,
            1195745,
            1195746,
            1195747,
            1195748,
            1195749,
            1195750,
            1195751,
            1195752,
            1195753,
            1195754,
            1195755,
            1195756,
            1195757,
            1195758,
            1195759,
            1195760,
            1195761,
            1195762,
            1195763,
            1195764,
            1195765,
            1195766,
            1195767,
            1195768,
            1195769,
            1195770,
            1195771,
            1195772,
            1195773,
            1195774,
            1195775,
            1195776,
            1195777,
            1195778,
            1195779,
            1195780,
            1195781,
            1195782,
            1195783,
            1195784,
            1195785,
            1195786,
            1195787,
            1195788,
            1195789,
            1195790,
            1195791,
            1195792,
            1195793,
            1195794,
            1195795,
            1195796,
            1195797,
            1195798,
            1195799,
            1195800,
            1195801,
            1195802,
            1195803,
            1195804,
            1195805,
            1195806,
            1195807,
            1195808,
            1195809,
            1195810,
            1195811,
            1195812,
            1195813,
            1195814,
            1195815,
            1195816,
            1195817,
            1195818,
            1195819,
            1195820,
            1195821,
            1195822,
            1195823,
            1195824,
            1195825,
            1195826,
            1195827,
            1195828,
            1195829,
            1195830,
            1195831,
            1195832,
            1195833,
            1195834,
            1195835,
            1195836,
            1195837,
            1195838,
            1195839,
            1195840,
            1195841,
            1195842,
            1195843,
            1195844,
            1195845,
            1195846,
            1195847,
            1195848,
            1195849,
            1195850,
            1195851,
            1195852,
            1195853,
            1195854,
            1195855,
            1195856,
            1195857,
            1195858,
            1195859,
            1195860,
            1195861,
            1195862,
            1195863,
            1195864,
            1195865,
            1195866,
            1195867,
            1195868,
            1195869,
            1195870,
            1195871,
            1195872,
            1195873,
            1195874,
            1195875,
            1195876,
            1195877,
            1195878,
            1195879,
            1195880,
            1195881,
            1195882,
            1195883,
            1195884,
            1195885,
            1195886,
            1195887,
            1195888,
            1195889,
            1195890,
            1195891,
            1195892,
            1195893,
            1195894,
            1195895,
            1195896,
            1195897,
            1195898,
            1195899,
            1195900,
            1195901,
            1195902,
            1195903,
            1195904,
            1195905,
            1195906,
            1195907,
            1195908,
            1195909,
            1195910,
            1195911,
            1195912,
            1195913,
            1195914,
            1195915,
            1195916,
            1195917,
            1195918,
            1195919,
            1195920,
            1195921,
            1195922,
            1195923,
            1195924,
            1195925,
            1195926,
            1195927,
            1195928,
            1195929,
            1195930,
            1195931,
            1195932,
            1195933,
            1195934,
            1195935,
            1195936,
            1195937,
            1195938,
            1195939,
            1195940,
            1195941,
            1195942,
            1195943,
            1195944,
            1195945,
            1195946,
            1195947,
            1195948,
            1195949,
            1195950,
            1195951,
            1195952,
            1195953,
            1195954,
            1195955,
            1195956,
            1195957,
            1195958,
            1195959,
            1195960,
            1195961,
            1195962,
            1195963,
            1195964,
            1195965,
            1195966,
            1195967,
            1195968,
            1195969,
            1195970,
            1195971,
            1195972,
            1195973,
            1195974,
            1195975,
            1195976,
            1195977,
            1195978,
            1195979,
            1195980,
            1195981,
            1195982,
            1195983,
            1195984,
            1195985,
            1195986,
            1195987,
            1195988,
            1195989,
            1195990,
            1195991,
            1195992,
            1195993,
            1195994,
            1195995,
            1195996,
            1195997,
            1195998,
            1195999,
            1196000,
            1196001,
            1196002,
            1196003,
            1196004,
            1196005,
            1196006,
            1196007,
            1196008,
            1196009,
            1196010,
            1196011,
            1196012,
            1196013,
            1196014,
            1196015,
            1196016,
            1196017,
            1196018,
            1196019,
            1196020,
            1196021,
            1196022,
            1196023,
            1196024,
            1196025,
            1196026,
            1196027,
            1196028,
            1196029,
            1196030,
            1196031,
            1196032,
            1196033,
            1196034,
            1196035,
            1196036,
            1196037,
            1196038,
            1196039,
            1196040,
            1196041,
            1196042,
            1196043,
            1196044,
            1196045,
            1196046,
            1196047,
            1196048,
            1196049,
            1196050,
            1196051,
            1196052,
            1196053,
            1196054,
            1196055,
            1196056,
            1196057,
            1196058,
            1196059,
            1196060,
            1196061,
            1196062,
            1196063,
            1196064,
            1196065,
            1196066,
            1196067,
            1196068,
            1196069,
            1196070,
            1196071,
            1196072,
            1196073,
            1196074,
            1196075,
            1196076,
            1196077,
            1196078,
            1196079,
            1196080,
            1196081,
            1196082,
            1196083,
            1196084,
            1196085,
            1196086,
            1196087,
            1196088,
            1196089,
            1196090,
            1196091,
            1196092,
            1196093,
            1196094,
            1196095,
            1196096,
            1196097,
            1196098,
            1196099,
            1196100,
            1196101,
            1196102,
            1196103,
            1196104,
            1196105,
            1196106,
            1196107,
            1196108,
            1196109,
            1196110,
            1196111,
            1196112,
            1196113,
            1196114,
            1196115,
            1196116,
            1196117,
            1196118,
            1196119,
            1196120,
            1196121,
            1196122,
            1196123,
            1196124,
            1196125,
            1196126,
            1196127,
            1196128,
            1196129,
            1196130,
            1196131,
            1196132,
            1196133,
            1196134,
            1196135,
            1196136,
            1196137,
            1196138,
            1196139,
            1196140,
            1196141,
            1196142,
            1196143,
            1196144,
            1196145,
            1196146,
            1196147,
            1196148,
            1196149,
            1196150,
            1196151,
            1196152,
            1196153,
            1196154,
            1196155,
            1196156,
            1196157,
            1196158,
            1196159,
            1196160,
            1196161,
            1196162,
            1196163,
            1196164,
            1196165,
            1196166,
            1196167,
            1196168,
            1196169,
            1196170,
            1196171,
            1196172,
            1196173,
            1196174,
            1196175,
            1196176,
            1196177,
            1196178,
            1196179,
            1196180,
            1196181,
            1196182,
            1196183,
            1196184,
            1196185,
            1196186,
            1196187,
            1196188,
            1196189,
            1196190,
            1196191,
            1196192,
            1196193,
            1196194,
            1196195,
            1196196,
            1196197,
            1196198,
            1196199,
            1196200,
            1196201,
            1196202,
            1196203,
            1196204,
            1196205,
            1196206,
            1196207,
            1196208,
            1196209,
            1196210,
            1196211,
            1196212,
            1196213,
            1196214,
            1196215,
            1196216,
            1196217,
            1196218,
            1196219,
            1196220,
            1196221,
            1196222,
            1196223,
            1196224,
            1196225,
            1196226,
            1196227,
            1196228,
            1196229,
            1196230,
            1196231,
            1196232,
            1196233,
            1196234,
            1196235,
            1196236,
            1196237,
            1196238,
            1196239,
            1196240,
            1196241,
            1196242,
            1196243,
            1196244,
            1196245,
            1196246,
            1196247,
            1196248,
            1196249,
            1196250,
            1196251,
            1196252,
            1196253,
            1196254,
            1196255,
            1196256,
            1196257,
            1196258,
            1196259,
            1196260,
            1196261,
            1196262,
            1196263,
            1196264,
            1196265,
            1196266,
            1196267,
            1196268,
            1196269,
            1196270,
            1196271,
            1196272,
            1196273,
            1196274,
            1196275,
            1196276,
            1196277,
            1196278,
            1196279,
            1196280,
            1196281,
            1196282,
            1196283,
            1196284,
            1196285,
            1196286,
            1196287,
            1196288,
            1196289,
            1196290,
            1196291,
            1196292,
            1196293,
            1196294,
            1196295,
            1196296,
            1196297,
            1196298,
            1196299,
            1196300,
            1196301,
            1196302,
            1196303,
            1196304,
            1196305,
            1196306,
            1196307,
            1196308,
            1196309,
            1196310,
            1196311,
            1196312,
            1196313,
            1196314,
            1196315,
            1196316,
            1196317,
            1196318,
            1196319,
            1196320,
            1196321,
            1196322,
            1196323,
            1196324,
            1196325,
            1196326,
            1196327,
            1196328,
            1196329,
            1196330,
            1196331,
            1196332,
            1196333,
            1196334,
            1196335,
            1196336,
            1196337,
            1196338,
            1196339,
            1196340,
            1196341,
            1196342,
            1196343,
            1196344,
            1196345,
            1196346,
            1196347,
            1196348,
            1196349,
            1196350,
            1196351,
            1196352,
            1196353,
            1196354,
            1196355,
            1196356,
            1196357,
            1196358,
            1196359,
            1196360,
            1196361,
            1196362,
            1196363,
            1196364,
            1196365,
            1196366,
            1196367,
            1196368,
            1196369,
            1196370,
            1196371,
            1196372,
            1196373,
            1196374,
            1196375,
            1196376,
            1196377,
            1196378,
            1196379,
            1196380,
            1196381,
            1196382,
            1196383,
            1196384,
            1196385,
            1196386,
            1196387,
            1196388,
            1196389,
            1196390,
            1196391,
            1196392,
            1196393,
            1196394,
            1196395,
            1196396,
            1196397,
            1196398,
            1196399,
            1196400,
            1196401,
            1196402,
            1196403,
            1196404,
            1196405,
            1196406,
            1196407,
            1196408,
            1196409,
            1196410,
            1196411,
            1196412,
            1196413,
            1196414,
            1196415,
            1196416,
            1196417,
            1196418,
            1196419,
            1196420,
            1196421,
            1196422,
            1196423,
            1196424,
            1196425,
            1196426,
            1196427,
            1196428,
            1196429,
            1196430,
            1196431,
            1196432,
            1196433,
            1196434,
            1196435,
            1196436,
            1196437,
            1196438,
            1196439,
            1196440,
            1196441,
            1196442,
            1196443,
            1196444,
            1196445,
            1196446,
            1196447,
            1196448,
            1196449,
            1196450,
            1196451,
            1196452,
            1196453,
            1196454,
            1196455,
            1196456,
            1196457,
            1196458,
            1196459,
            1196460,
            1196461,
            1196462,
            1196463,
            1196464,
            1196465,
            1196466,
            1196467,
            1196468,
            1196469,
            1196470,
            1196471,
            1196472,
            1196473,
            1196474,
            1196475,
            1196476,
            1196477,
            1196478,
            1196479,
            1196480,
            1196481,
            1196482,
            1196483,
            1196484,
            1196485,
            1196486,
            1196487,
            1196488,
            1196489,
            1196490,
            1196491,
            1196492,
            1196493,
            1196494,
            1196495,
            1196496,
            1196497,
            1196498,
            1196499,
            1196500,
            1196501,
            1196502,
            1196503,
            1196504,
            1196505,
            1196506,
            1196507,
            1196508,
            1196509,
            1196510,
            1196511,
            1196512,
            1196513,
            1196514,
            1196515,
            1196516,
            1196517,
            1196518,
            1196519,
            1196520,
            1196521,
            1196522,
            1196523,
            1196524,
            1196525,
            1196526,
            1196527,
            1196528,
            1196529,
            1196530,
            1196531,
            1196532,
            1196533,
            1196534,
            1196535,
            1196536,
            1196537,
            1196538,
            1196539,
            1196540,
            1196541,
            1196542,
            1196543,
            1196544,
            1196545,
            1196546,
            1196547,
            1196548,
            1196549,
            1196550,
            1196551,
            1196552,
            1196553,
            1196554,
            1196555,
            1196556,
            1196557,
            1196558,
            1196559,
            1196560,
            1196561,
            1196562,
            1196563,
            1196564,
            1196565,
            1196566,
            1196567,
            1196568,
            1196569,
            1196570,
            1196571,
            1196572,
            1196573,
            1196574,
            1196575,
            1196576,
            1196577,
            1196578,
            1196579,
            1196580,
            1196581,
            1196582,
            1196583,
            1196584,
            1196585,
            1196586,
            1196587,
            1196588,
            1196589,
            1196590,
            1196591,
            1196592,
            1196593,
            1196594,
            1196595,
            1196596,
            1196597,
            1196598,
            1196599,
            1196600,
            1196601,
            1196602,
            1196603,
            1196604,
            1196605,
            1196606,
            1196607,
            1196608,
            1196609,
            1196610,
            1196611,
            1196612,
            1196613,
            1196614,
            1196615,
            1196616,
            1196617,
            1196618,
            1196619,
            1196620,
            1196621,
            1196622,
            1196623,
            1196624,
            1196625,
            1196626,
            1196627,
            1196628,
            1196629,
            1196630,
            1196631,
            1196632,
            1196633,
            1196634,
            1196635,
            1196636,
            1196637,
            1196638,
            1196639,
            1196640,
            1196641,
            1196642,
            1196643,
            1196644,
            1196645,
            1196646,
            1196647,
            1196648,
            1196649,
            1196650,
            1196651,
            1196652,
            1196653,
            1196654,
            1196655,
            1196656,
            1196657,
            1196658,
            1196659,
            1196660,
            1196661,
            1196662,
            1196663,
            1196664,
            1196665,
            1196666,
            1196667,
            1196668,
            1196669,
            1196670,
            1196671,
            1196672,
            1196673,
            1196674,
            1196675,
            1196676,
            1196677,
            1196678,
            1196679,
            1196680,
            1196681,
            1196682,
            1196683,
            1196684,
            1196685,
            1196686,
            1196687,
            1196688,
            1196689,
            1196690,
            1196691,
            1196692,
            1196693,
            1196694,
            1196695,
            1196696,
            1196697,
            1196698,
            1196699,
            1196700,
            1196701,
            1196702,
            1196703,
            1196704,
            1196705,
            1196706,
            1196707,
            1196708,
            1196709,
            1196710,
            1196711,
            1196712,
            1196713,
            1196714,
            1196715,
            1196716,
            1196717,
            1196718,
            1196719,
            1196720,
            1196721,
            1196722,
            1196723,
            1196724,
            1196725,
            1196726,
            1196727,
            1196728,
            1196729,
            1196730,
            1196731,
            1196732,
            1196733,
            1196734,
            1196735,
            1196736,
            1196737,
            1196738,
            1196739,
            1196740,
            1196741,
            1196742,
            1196743,
            1196744,
            1196745,
            1196746,
            1196747,
            1196748,
            1196749,
            1196750,
            1196751,
            1196752,
            1196753,
            1196754,
            1196755,
            1196756,
            1196757,
            1196758,
            1196759,
            1196760,
            1196761,
            1196762,
            1196763,
            1196764,
            1196765,
            1196766,
            1196767,
            1196768,
            1196769,
            1196770,
            1196771,
            1196772,
            1196773,
            1196774,
            1196775,
            1196776,
            1196777,
            1196778,
            1196779,
            1196780,
            1196781,
            1196782,
            1196783,
            1196784,
            1196785,
            1196786,
            1196787,
            1196788,
            1196789,
            1196790,
            1196791,
            1196792,
            1196793,
            1196794,
            1196795,
            1196796,
            1196797,
            1196798,
            1196799,
            1196800,
            1196801,
            1196802,
            1196803,
            1196804,
            1196805,
            1196806,
            1196807,
            1196808,
            1196809,
            1196810,
            1196811,
            1196812,
            1196813,
            1196814,
            1196815,
            1196816,
            1196817,
            1196818,
            1196819,
            1196820,
            1196821,
            1196822,
            1196823,
            1196824,
            1196825,
            1196826,
            1196827,
            1196828,
            1196829,
            1196830,
            1196831,
            1196832,
            1196833,
            1196834,
            1196835,
            1196836,
            1196837,
            1196838,
            1196839,
            1196840,
            1196841,
            1196842,
            1196843,
            1196844,
            1196845,
            1196846,
            1196847,
            1196848,
            1196849,
            1196850,
            1196851,
            1196852,
            1196853,
            1196854,
            1196855,
            1196856,
            1196857,
            1196858,
            1196859,
            1196860,
            1196861,
            1196862,
            1196863,
            1196864,
            1196865,
            1196866,
            1196867,
            1196868,
            1196869,
            1196870,
            1196871,
            1196872,
            1196873,
            1196874,
            1196875,
            1196876,
            1196877,
            1196878,
            1196879,
            1196880,
            1196881,
            1196882,
            1196883,
            1196884,
            1196885,
            1196886,
            1196887,
            1196888,
            1196889,
            1196890,
            1196891,
            1196892,
            1196893,
            1196894,
            1196895,
            1196896,
            1196897,
            1196898,
            1196899,
            1196900,
            1196901,
            1196902,
            1196903,
            1196904,
            1196905,
            1196906,
            1196907,
            1196908,
            1196909,
            1196910,
            1196911,
            1196912,
            1196913,
            1196914,
            1196915,
            1196916,
            1196917,
            1196918,
            1196919,
            1196920,
            1196921,
            1196922,
            1196923,
            1196924,
            1196925,
            1196926,
            1196927,
            1196928,
            1196929,
            1196930,
            1196931,
            1196932,
            1196933,
            1196934,
            1196935,
            1196936,
            1196937,
            1196938,
            1196939,
            1196940,
            1196941,
            1196942,
            1196943,
            1196944,
            1196945,
            1196946,
            1196947,
            1196948,
            1196949,
            1196950,
            1196951,
            1196952,
            1196953,
            1196954,
            1196955,
            1196956,
            1196957,
            1196958,
            1196959,
            1196960,
            1196961,
            1196962,
            1196963,
            1196964,
            1196965,
            1196966,
            1196967,
            1196968,
            1196969,
            1196970,
            1196971,
            1196972,
            1196973,
            1196974,
            1196975,
            1196976,
            1196977,
            1196978,
            1196979,
            1196980,
            1196981,
            1196982,
            1196983,
            1196984,
            1196985,
            1196986,
            1196987,
            1196988,
            1196989,
            1196990,
            1196991,
            1196992,
            1196993,
            1196994,
            1196995,
            1196996,
            1196997,
            1196998,
            1196999,
            1197000,
            1197001,
            1197002,
            1197003,
            1197004,
            1197005,
            1197006,
            1197007,
            1197008,
            1197009,
            1197010,
            1197011,
            1197012,
            1197013,
            1197014,
            1197015,
            1197016,
            1197017,
            1197018,
            1197019,
            1197020,
            1197021,
            1197022,
            1197023,
            1197024,
            1197025,
            1197026,
            1197027,
            1197028,
            1197029,
            1197030,
            1197031,
            1197032,
            1197033,
            1197034,
            1197035,
            1197036,
            1197037,
            1197038,
            1197039,
            1197040,
            1197041,
            1197042,
            1197043,
            1197044,
            1197045,
            1197046,
            1197047,
            1197048,
            1197049,
            1197050,
            1197051,
            1197052,
            1197053,
            1197054,
            1197055,
            1197056,
            1197057,
            1197058,
            1197059,
            1197060,
            1197061,
            1197062,
            1197063,
            1197064,
            1197065,
            1197066,
            1197067,
            1197068,
            1197069,
            1197070,
            1197071,
            1197072,
            1197073,
            1197074,
            1197075,
            1197076,
            1197077,
            1197078,
            1197079,
            1197080,
            1197081,
            1197082,
            1197083,
            1197084,
            1197085,
            1197086,
            1197087,
            1197088,
            1197089,
            1197090,
            1197091,
            1197092,
            1197093,
            1197094,
            1197095,
            1197096,
            1197097,
            1197098,
            1197099,
            1197100,
            1197101,
            1197102,
            1197103,
            1197104,
            1197105,
            1197106,
            1197107,
            1197108,
            1197109,
            1197110,
            1197111,
            1197112,
            1197113,
            1197114,
            1197115,
            1197116,
            1197117,
            1197118,
            1197119,
            1197120,
            1197121,
            1197122,
            1197123,
            1197124,
            1197125,
            1197126,
            1197127,
            1197128,
            1197129,
            1197130,
            1197131,
            1197132,
            1197133,
            1197134,
            1197135,
            1197136,
            1197137,
            1197138,
            1197139,
            1197140,
            1197141,
            1197142,
            1197143,
            1197144,
            1197145,
            1197146,
            1197147,
            1197148,
            1197149,
            1197150,
            1197151,
            1197152,
            1197153,
            1197154,
            1197155,
            1197156,
            1197157,
            1197158,
            1197159,
            1197160,
            1197161,
            1197162,
            1197163,
            1197164,
            1197165,
            1197166,
            1197167,
            1197168,
            1197169,
            1197170,
            1197171,
            1197172,
            1197173,
            1197174,
            1197175,
            1197176,
            1197177,
            1197178,
            1197179,
            1197180,
            1197181,
            1197182,
            1197183,
            1197184,
            1197185,
            1197186,
            1197187,
            1197188,
            1197189,
            1197190,
            1197191,
            1197192,
            1197193,
            1197194,
            1197195,
            1197196,
            1197197,
            1197198,
            1197199,
            1197200,
            1197201,
            1197202,
            1197203,
            1197204,
            1197205,
            1197206,
            1197207,
            1197208,
            1197209,
            1197210,
            1197211,
            1197212,
            1197213,
            1197214,
            1197215,
            1197216,
            1197217,
            1197218,
            1197219,
            1197220,
            1197221,
            1197222,
            1197223,
            1197224,
            1197225,
            1197226,
            1197227,
            1197228,
            1197229,
            1197230,
            1197231,
            1197232,
            1197233,
            1197234,
            1197235,
            1197236,
            1197237,
            1197238,
            1197239,
            1197240,
            1197241,
            1197242,
            1197243,
            1197244,
            1197245,
            1197246,
            1197247,
            1197248,
            1197249,
            1197250,
            1197251,
            1197252,
            1197253,
            1197254,
            1197255,
            1197256,
            1197257,
            1197258,
            1197259,
            1197260,
            1197261,
            1197262,
            1197263,
            1197264,
            1197265,
            1197266,
            1197267,
            1197268,
            1197269,
            1197270,
            1197271,
            1197272,
            1197273,
            1197274,
            1197275,
            1197276,
            1197277,
            1197278,
            1197279,
            1197280,
            1197281,
            1197282,
            1197283,
            1197284,
            1197285,
            1197286,
            1197287,
            1197288,
            1197289,
            1197290,
            1197291,
            1197292,
            1197293,
            1197294,
            1197295,
            1197296,
            1197297,
            1197298,
            1197299,
            1197300,
            1197301,
            1197302,
            1197303,
            1197304,
            1197305,
            1197306,
            1197307,
            1197308,
            1197309,
            1197310,
            1197311,
            1197312,
            1197313,
            1197314,
            1197315,
            1197316,
            1197317,
            1197318,
            1197319,
            1197320,
            1197321,
            1197322,
            1197323,
            1197324,
            1197325,
            1197326,
            1197327,
            1197328,
            1197329,
            1197330,
            1197331,
            1197332,
            1197333,
            1197334,
            1197335,
            1197336,
            1197337,
            1197338,
            1197339,
            1197340,
            1197341,
            1197342,
            1197343,
            1197344,
            1197345,
            1197346,
            1197347,
            1197348,
            1197349,
            1197350,
            1197351,
            1197352,
            1197353,
            1197354,
            1197355,
            1197356,
            1197357,
            1197358,
            1197359,
            1197360,
            1197361,
            1197362,
            1197363,
            1197364,
            1197365,
            1197366,
            1197367,
            1197368,
            1197369,
            1197370,
            1197371,
            1197372,
            1197373,
            1197374,
            1197375,
            1197376,
            1197377,
            1197378,
            1197379,
            1197380,
            1197381,
            1197382,
            1197383,
            1197384,
            1197385,
            1197386,
            1197387,
            1197388,
            1197389,
            1197390,
            1197391,
            1197392,
            1197393,
            1197394,
            1197395,
            1197396,
            1197397,
            1197398,
            1197399,
            1197400,
            1197401,
            1197402,
            1197403,
            1197404,
            1197405,
            1197406,
            1197407,
            1197408,
            1197409,
            1197410,
            1197411,
            1197412,
            1197413,
            1197414,
            1197415,
            1197416,
            1197417,
            1197418,
            1197419,
            1197420,
            1197421,
            1197422,
            1197423,
            1197424,
            1197425,
            1197426,
            1197427,
            1197428,
            1197429,
            1197430,
            1197431,
            1197432,
            1197433,
            1197434,
            1197435,
            1197436,
            1197437,
            1197438,
            1197439,
            1197440,
            1197441,
            1197442,
            1197443,
            1197444,
            1197445,
            1197446,
            1197447,
            1197448,
            1197449,
            1197450,
            1197451,
            1197452,
            1197453,
            1197454,
            1197455,
            1197456,
            1197457,
            1197458,
            1197459,
            1197460,
            1197461,
            1197462,
            1197463,
            1197464,
            1197465,
            1197466,
            1197467,
            1197468,
            1197469,
            1197470,
            1197471,
            1197472,
            1197473,
            1197474,
            1197475,
            1197476,
            1197477,
            1197478,
            1197479,
            1197480,
            1197481,
            1197482,
            1197483,
            1197484,
            1197485,
            1197486,
            1197487,
            1197488,
            1197489,
            1197490,
            1197491,
            1197492,
            1197493,
            1197494,
            1197495,
            1197496,
            1197497,
            1197498,
            1197499,
            1197500,
            1197501,
            1197502,
            1197503,
            1197504,
            1197505,
            1197506,
            1197507,
            1197508,
            1197509,
            1197510,
            1197511,
            1197512,
            1197513,
            1197514,
            1197515,
            1197516,
            1197517,
            1197518,
            1197519,
            1197520,
            1197521,
            1197522,
            1197523,
            1197524,
            1197525,
            1197526,
            1197527,
            1197528,
            1197529,
            1197530,
            1197531,
            1197532,
            1197533,
            1197534,
            1197535,
            1197536,
            1197537,
            1197538,
            1197539,
            1197540,
            1197541,
            1197542,
            1197543,
            1197544,
            1197545,
            1197546,
            1197547,
            1197548,
            1197549,
            1197550,
            1197551,
            1197552,
            1197553,
            1197554,
            1197555,
            1197556,
            1197557,
            1197558,
            1197559,
            1197560,
            1197561,
            1197562,
            1197563,
            1197564,
            1197565,
            1197566,
            1197567,
            1197568,
            1197569,
            1197570,
            1197571,
            1197572,
            1197573,
            1197574,
            1197575,
            1197576,
            1197577,
            1197578,
            1197579,
            1197580,
            1197581,
            1197582,
            1197583,
            1197584,
            1197585,
            1197586,
            1197587,
            1197588,
            1197589,
            1197590,
            1197591,
            1197592,
            1197593,
            1197594,
            1197595,
            1197596,
            1197597,
            1197598,
            1197599,
            1197600,
            1197601,
            1197602,
            1197603,
            1197604,
            1197605,
            1197606,
            1197607,
            1197608,
            1197609,
            1197610,
            1197611,
            1197612,
            1197613,
            1197614,
            1197615,
            1197616,
            1197617,
            1197618,
            1197619,
            1197620,
            1197621,
            1197622,
            1197623,
            1197624,
            1197625,
            1197626,
            1197627,
            1197628,
            1197629,
            1197630,
            1197631,
            1197632,
            1197633,
            1197634,
            1197635,
            1197636,
            1197637,
            1197638,
            1197639,
            1197640,
            1197641,
            1197642,
            1197643,
            1197644,
            1197645,
            1197646,
            1197647,
            1197648,
            1197649,
            1197650,
            1197651,
            1197652,
            1197653,
            1197654,
            1197655,
            1197656,
            1197657,
            1197658,
            1197659,
            1197660,
            1197661,
            1197662,
            1197663,
            1197664,
            1197665,
            1197666,
            1197667,
            1197668,
            1197669,
            1197670,
            1197671,
            1197672,
            1197673,
            1197674,
            1197675,
            1197676,
            1197677,
            1197678,
            1197679,
            1197680,
            1197681,
            1197682,
            1197683,
            1197684,
            1197685,
            1197686,
            1197687,
            1197688,
            1197689,
            1197690,
            1197691,
            1197692,
            1197693,
            1197694,
            1197695,
            1197696,
            1197697,
            1197698,
            1197699,
            1197700,
            1197701,
            1197702,
            1197703,
            1197704,
            1197705,
            1197706,
            1197707,
            1197708,
            1197709,
            1197710,
            1197711,
            1197712,
            1197713,
            1197714,
            1197715,
            1197716,
            1197717,
            1197718,
            1197719,
            1197720,
            1197721,
            1197722,
            1197723,
            1197724,
            1197725,
            1197726,
            1197727,
            1197728,
            1197729,
            1197730,
            1197731,
            1197732,
            1197733,
            1197734,
            1197735,
            1197736,
            1197737,
            1197738,
            1197739,
            1197740,
            1197741,
            1197742,
            1197743,
            1197744,
            1197745,
            1197746,
            1197747,
            1197748,
            1197749,
            1197750,
            1197751,
            1197752,
            1197753,
            1197754,
            1197755,
            1197756,
            1197757,
            1197758,
            1197759,
            1197760,
            1197761,
            1197762,
            1197763,
            1197764,
            1197765,
            1197766,
            1197767,
            1197768,
            1197769,
            1197770,
            1197771,
            1197772,
            1197773,
            1197774,
            1197775,
            1197776,
            1197777,
            1197778,
            1197779,
            1197780,
            1197781,
            1197782,
            1197783,
            1197784,
            1197785,
            1197786,
            1197787,
            1197788,
            1197789,
            1197790,
            1197791,
            1197792,
            1197793,
            1197794,
            1197795,
            1197796,
            1197797,
            1197798,
            1197799,
            1197800,
            1197801,
            1197802,
            1197803,
            1197804,
            1197805,
            1197806,
            1197807,
            1197808,
            1197809,
            1197810,
            1197811,
            1197812,
            1197813,
            1197814,
            1197815,
            1197816,
            1197817,
            1197818,
            1197819,
            1197820,
            1197821,
            1197822,
            1197823,
            1197824,
            1197825,
            1197826,
            1197827,
            1197828,
            1197829,
            1197830,
            1197831,
            1197832,
            1197833,
            1197834,
            1197835,
            1197836,
            1197837,
            1197838,
            1197839,
            1197840,
            1197841,
            1197842,
            1197843,
            1197844,
            1197845,
            1197846,
            1197847,
            1197848,
            1197849,
            1197850,
            1197851,
            1197852,
            1197853,
            1197854,
            1197855,
            1197856,
            1197857,
            1197858,
            1197859,
            1197860,
            1197861,
            1197862,
            1197863,
            1197864,
            1197865,
            1197866,
            1197867,
            1197868,
            1197869,
            1197870,
            1197871,
            1197872,
            1197873,
            1197874,
            1197875,
            1197876,
            1197877,
            1197878,
            1197879,
            1197880,
            1197881,
            1197882,
            1197883,
            1197884,
            1197885,
            1197886,
            1197887,
            1197888,
            1197889,
            1197890,
            1197891,
            1197892,
            1197893,
            1197894,
            1197895,
            1197896,
            1197897,
            1197898,
            1197899,
            1197900,
            1197901,
            1197902,
            1197903,
            1197904,
            1197905,
            1197906,
            1197907,
            1197908,
            1197909,
            1197910,
            1197911,
            1197912,
            1197913,
            1197914,
            1197915,
            1197916,
            1197917,
            1197918,
            1197919,
            1197920,
            1197921,
            1197922,
            1197923,
            1197924,
            1197925,
            1197926,
            1197927,
            1197928,
            1197929,
            1197930,
            1197931,
            1197932,
            1197933,
            1197934,
            1197935,
            1197936,
            1197937,
            1197938,
            1197939,
            1197940,
            1197941,
            1197942,
            1197943,
            1197944,
            1197945,
            1197946,
            1197947,
            1197948,
            1197949,
            1197950,
            1197951,
            1197952,
            1197953,
            1197954,
            1197955,
            1197956,
            1197957,
            1197958,
            1197959,
            1197960,
            1197961,
            1197962,
            1197963,
            1197964,
            1197965,
            1197966,
            1197967,
            1197968,
            1197969,
            1197970,
            1197971,
            1197972,
            1197973,
            1197974,
            1197975,
            1197976,
            1197977,
            1197978,
            1197979,
            1197980,
            1197981,
            1197982,
            1197983,
            1197984,
            1197985,
            1197986,
            1197987,
            1197988,
            1197989,
            1197990,
            1197991,
            1197992,
            1197993,
            1197994,
            1197995,
            1197996,
            1197997,
            1197998,
            1197999,
            1198000,
            1198001,
            1198002,
            1198003,
            1198004,
            1198005,
            1198006,
            1198007,
            1198008,
            1198009,
            1198010,
            1198011,
            1198012,
            1198013,
            1198014,
            1198015,
            1198016,
            1198017,
            1198018,
            1198019,
            1198020,
            1198021,
            1198022,
            1198023,
            1198024,
            1198025,
            1198026,
            1198027,
            1198028,
            1198029,
            1198030,
            1198031,
            1198032,
            1198033,
            1198034,
            1198035,
            1198036,
            1198037,
            1198038,
            1198039,
            1198040,
            1198041,
            1198042,
            1198043,
            1198044,
            1198045,
            1198046,
            1198047,
            1198048,
            1198049,
            1198050,
            1198051,
            1198052,
            1198053,
            1198054,
            1198055,
            1198056,
            1198057,
            1198058,
            1198059,
            1198060,
            1198061,
            1198062,
            1198063,
            1198064,
            1198065,
            1198066,
            1198067,
            1198068,
            1198069,
            1198070,
            1198071,
            1198072,
            1198073,
            1198074,
            1198075,
            1198076,
            1198077,
            1198078,
            1198079,
            1198080,
            1198081,
            1198082,
            1198083,
            1198084,
            1198085,
            1198086,
            1198087,
            1198088,
            1198089,
            1198090,
            1198091,
            1198092,
            1198093,
            1198094,
            1198095,
            1198096,
            1198097,
            1198098,
            1198099,
            1198100,
            1198101,
            1198102,
            1198103,
            1198104,
            1198105,
            1198106,
            1198107,
            1198108,
            1198109,
            1198110,
            1198111,
            1198112,
            1198113,
            1198114,
            1198115,
            1198116,
            1198117,
            1198118,
            1198119,
            1198120,
            1198121,
            1198122,
            1198123,
            1198124,
            1198125,
            1198126,
            1198127,
            1198128,
            1198129,
            1198130,
            1198131,
            1198132,
            1198133,
            1198134,
            1198135,
            1198136,
            1198137,
            1198138,
            1198139,
            1198140,
            1198141,
            1198142,
            1198143,
            1198144,
            1198145,
            1198146,
            1198147,
            1198148,
            1198149,
            1198150,
            1198151,
            1198152,
            1198153,
            1198154,
            1198155,
            1198156,
            1198157,
            1198158,
            1198159,
            1198160,
            1198161,
            1198162,
            1198163,
            1198164,
            1198165,
            1198166,
            1198167,
            1198168,
            1198169,
            1198170,
            1198171,
            1198172,
            1198173,
            1198174,
            1198175,
            1198176,
            1198177,
            1198178,
            1198179,
            1198180,
            1198181,
            1198182,
            1198183,
            1198184,
            1198185,
            1198186,
            1198187,
            1198188,
            1198189,
            1198190,
            1198191,
            1198192,
            1198193,
            1198194,
            1198195,
            1198196,
            1198197,
            1198198,
            1198199,
            1198200,
            1198201,
            1198202,
            1198203,
            1198204,
            1198205,
            1198206,
            1198207,
            1198208,
            1198209,
            1198210,
            1198211,
            1198212,
            1198213,
            1198214,
            1198215,
            1198216,
            1198217,
            1198218,
            1198219,
            1198220,
            1198221,
            1198222,
            1198223,
            1198224,
            1198225,
            1198226,
            1198227,
            1198228,
            1198229,
            1198230,
            1198231,
            1198232,
            1198233,
            1198234,
            1198235,
            1198236,
            1198237,
            1198238,
            1198239,
            1198240,
            1198241,
            1198242,
            1198243,
            1198244,
            1198245,
            1198246,
            1198247,
            1198248,
            1198249,
            1198250,
            1198251,
            1198252,
            1198253,
            1198254,
            1198255,
            1198256,
            1198257,
            1198258,
            1198259,
            1198260,
            1198261,
            1198262,
            1198263,
            1198264,
            1198265,
            1198266,
            1198267,
            1198268,
            1198269,
            1198270,
            1198271,
            1198272,
            1198273,
            1198274,
            1198275,
            1198276,
            1198277,
            1198278,
            1198279,
            1198280,
            1198281,
            1198282,
            1198283,
            1198284,
            1198285,
            1198286,
            1198287,
            1198288,
            1198289,
            1198290,
            1198291,
            1198292,
            1198293,
            1198294,
            1198295,
            1198296,
            1198297,
            1198298,
            1198299,
            1198300,
            1198301,
            1198302,
            1198303,
            1198304,
            1198305,
            1198306,
            1198307,
            1198308,
            1198309,
            1198310,
            1198311,
            1198312,
            1198313,
            1198314,
            1198315,
            1198316,
            1198317,
            1198318,
            1198319,
            1198320,
            1198321,
            1198322,
            1198323,
            1198324,
            1198325,
            1198326,
            1198327,
            1198328,
            1198329,
            1198330,
            1198331,
            1198332,
            1198333,
            1198334,
            1198335,
            1198336,
            1198337,
            1198338,
            1198339,
            1198340,
            1198341,
            1198342,
            1198343,
            1198344,
            1198345,
            1198346,
            1198347,
            1198348,
            1198349,
            1198350,
            1198351,
            1198352,
            1198353,
            1198354,
            1198355,
            1198356,
            1198357,
            1198358,
            1198359,
            1198360,
            1198361,
            1198362,
            1198363,
            1198364,
            1198365,
            1198366,
            1198367,
            1198368,
            1198369,
            1198370,
            1198371,
            1198372,
            1198373,
            1198374,
            1198375,
            1198376,
            1198377,
            1198378,
            1198379,
            1198380,
            1198381,
            1198382,
            1198383,
            1198384,
            1198385,
            1198386,
            1198387,
            1198388,
            1198389,
            1198390,
            1198391,
            1198392,
            1198393,
            1198394,
            1198395,
            1198396,
            1198397,
            1198398,
            1198399,
            1198400,
            1198401,
            1198402,
            1198403,
            1198404,
            1198405,
            1198406,
            1198407,
            1198408,
            1198409,
            1198410,
            1198411,
            1198412,
            1198413,
            1198414,
            1198415,
            1198416,
            1198417,
            1198418,
            1198419,
            1198420,
            1198421,
            1198422,
            1198423,
            1198424,
            1198425,
            1198426,
            1198427,
            1198428,
            1198429,
            1198430,
            1198431,
            1198432,
            1198433,
            1198434,
            1198435,
            1198436,
            1198437,
            1198438,
            1198439,
            1198440,
            1198441,
            1198442,
            1198443,
            1198444,
            1198445,
            1198446,
            1198447,
            1198448,
            1198449,
            1198450,
            1198451,
            1198452,
            1198453,
            1198454,
            1198455,
            1198456,
            1198457,
            1198458,
            1198459,
            1198460,
            1198461,
            1198462,
            1198463,
            1198464,
            1198465,
            1198466,
            1198467,
            1198468,
            1198469,
            1198470,
            1198471,
            1198472,
            1198473,
            1198474,
            1198475,
            1198476,
            1198477,
            1198478,
            1198479,
            1198480,
            1198481,
            1198482,
            1198483,
            1198484,
            1198485,
            1198486,
            1198487,
            1198488,
            1198489,
            1198490,
            1198491,
            1198492,
            1198493,
            1198494,
            1198495,
            1198496,
            1198497,
            1198498,
            1198499,
            1198500,
            1198501,
            1198502,
            1198503,
            1198504,
            1198505,
            1198506,
            1198507,
            1198508,
            1198509,
            1198510,
            1198511,
            1198512,
            1198513,
            1198514,
            1198515,
            1198516,
            1198517,
            1198518,
            1198519,
            1198520,
            1198521,
            1198522,
            1198523,
            1198524,
            1198525,
            1198526,
            1198527,
            1198528,
            1198529,
            1198530,
            1198531,
            1198532,
            1198533,
            1198534,
            1198535,
            1198536,
            1198537,
            1198538,
            1198539,
            1198540,
            1198541,
            1198542,
            1198543,
            1198544,
            1198545,
            1198546,
            1198547,
            1198548,
            1198549,
            1198550,
            1198551,
            1198552,
            1198553,
            1198554,
            1198555,
            1198556,
            1198557,
            1198558,
            1198559,
            1198560,
            1198561,
            1198562,
            1198563,
            1198564,
            1198565,
            1198566,
            1198567,
            1198568,
            1198569,
            1198570,
            1198571,
            1198572,
            1198573,
            1198574,
            1198575,
            1198576,
            1198577,
            1198578,
            1198579,
            1198580,
            1198581,
            1198582,
            1198583,
            1198584,
            1198585,
            1198586,
            1198587,
            1198588,
            1198589,
            1198590,
            1198591,
            1198592,
            1198593,
            1198594,
            1198595,
            1198596,
            1198597,
            1198598,
            1198599,
            1198600,
            1198601,
            1198602,
            1198603,
            1198604,
            1198605,
            1198606,
            1198607,
            1198608,
            1198609,
            1198610,
            1198611,
            1198612,
            1198613,
            1198614,
            1198615,
            1198616,
            1198617,
            1198618,
            1198619,
            1198620,
            1198621,
            1198622,
            1198623,
            1198624,
            1198625,
            1198626,
            1198627,
            1198628,
            1198629,
            1198630,
            1198631,
            1198632,
            1198633,
            1198634,
            1198635,
            1198636,
            1198637,
            1198638,
            1198639,
            1198640,
            1198641,
            1198642,
            1198643,
            1198644,
            1198645,
            1198646,
            1198647,
            1198648,
            1198649,
            1198650,
            1198651,
            1198652,
            1198653,
            1198654,
            1198655,
            1198656,
            1198657,
            1198658,
            1198659,
            1198660,
            1198661,
            1198662,
            1198663,
            1198664,
            1198665,
            1198666,
            1198667,
            1198668,
            1198669,
            1198670,
            1198671,
            1198672,
            1198673,
            1198674,
            1198675,
            1198676,
            1198677,
            1198678,
            1198679,
            1198680,
            1198681,
            1198682,
            1198683,
            1198684,
            1198685,
            1198686,
            1198687,
            1198688,
            1198689,
            1198690,
            1198691,
            1198692,
            1198693,
            1198694,
            1198695,
            1198696,
            1198697,
            1198698,
            1198699,
            1198700,
            1198701,
            1198702,
            1198703,
            1198704,
            1198705,
            1198706,
            1198707,
            1198708,
            1198709,
            1198710,
            1198711,
            1198712,
            1198713,
            1198714,
            1198715,
            1198716,
            1198717,
            1198718,
            1198719,
            1198720,
            1198721,
            1198722,
            1198723,
            1198724,
            1198725,
            1198726,
            1198727,
            1198728,
            1198729,
            1198730,
            1198731,
            1198732,
            1198733,
            1198734,
            1198735,
            1198736,
            1198737,
            1198738,
            1198739,
            1198740,
            1198741,
            1198742,
            1198743,
            1198744,
            1198745,
            1198746,
            1198747,
            1198748,
            1198749,
            1198750,
            1198751,
            1198752,
            1198753,
            1198754,
            1198755,
            1198756,
            1198757,
            1198758,
            1198759,
            1198760,
            1198761,
            1198762,
            1198763,
            1198764,
            1198765,
            1198766,
            1198767,
            1198768,
            1198769,
            1198770,
            1198771,
            1198772,
            1198773,
            1198774,
            1198775,
            1198776,
            1198777,
            1198778,
            1198779,
            1198780,
            1198781,
            1198782,
            1198783,
            1198784,
            1198785,
            1198786,
            1198787,
            1198788,
            1198789,
            1198790,
            1198791,
            1198792,
            1198793,
            1198794,
            1198795,
            1198796,
            1198797,
            1198798,
            1198799,
            1198800,
            1198801,
            1198802,
            1198803,
            1198804,
            1198805,
            1198806,
            1198807,
            1198808,
            1198809,
            1198810,
            1198811,
            1198812,
            1198813,
            1198814,
            1198815,
            1198816,
            1198817,
            1198818,
            1198819,
            1198820,
            1198821,
            1198822,
            1198823,
            1198824,
            1198825,
            1198826,
            1198827,
            1198828,
            1198829,
            1198830,
            1198831,
            1198832,
            1198833,
            1198834,
            1198835,
            1198836,
            1198837,
            1198838,
            1198839,
            1198840,
            1198841,
            1198842,
            1198843,
            1198844,
            1198845,
            1198846,
            1198847,
            1198848,
            1198849,
            1198850,
            1198851,
            1198852,
            1198853,
            1198854,
            1198855,
            1198856,
            1198857,
            1198858,
            1198859,
            1198860,
            1198861,
            1198862,
            1198863,
            1198864,
            1198865,
            1198866,
            1198867,
            1198868,
            1198869,
            1198870,
            1198871,
            1198872,
            1198873,
            1198874,
            1198875,
            1198876,
            1198877,
            1198878,
            1198879,
            1198880,
            1198881,
            1198882,
            1198883,
            1198884,
            1198885,
            1198886,
            1198887,
            1198888,
            1198889,
            1198890,
            1198891,
            1198892,
            1198893,
            1198894,
            1198895,
            1198896,
            1198897,
            1198898,
            1198899,
            1198900,
            1198901,
            1198902,
            1198903,
            1198904,
            1198905,
            1198906,
            1198907,
            1198908,
            1198909,
            1198910,
            1198911,
            1198912,
            1198913,
            1198914,
            1198915,
            1198916,
            1198917,
            1198918,
            1198919,
            1198920,
            1198921,
            1198922,
            1198923,
            1198924,
            1198925,
            1198926,
            1198927,
            1198928,
            1198929,
            1198930,
            1198931,
            1198932,
            1198933,
            1198934,
            1198935,
            1198936,
            1198937,
            1198938,
            1198939,
            1198940,
            1198941,
            1198942,
            1198943,
            1198944,
            1198945,
            1198946,
            1198947,
            1198948,
            1198949,
            1198950,
            1198951,
            1198952,
            1198953,
            1198954,
            1198955,
            1198956,
            1198957,
            1198958,
            1198959,
            1198960,
            1198961,
            1198962,
            1198963,
            1198964,
            1198965,
            1198966,
            1198967,
            1198968,
            1198969,
            1198970,
            1198971,
            1198972,
            1198973,
            1198974,
            1198975,
            1198976,
            1198977,
            1198978,
            1198979,
            1198980,
            1198981,
            1198982,
            1198983,
            1198984,
            1198985,
            1198986,
            1198987,
            1198988,
            1198989,
            1198990,
            1198991,
            1198992,
            1198993,
            1198994,
            1198995,
            1198996,
            1198997,
            1198998,
            1198999,
            1199000,
            1199001,
            1199002,
            1199003,
            1199004,
            1199005,
            1199006,
            1199007,
            1199008,
            1199009,
            1199010,
            1199011,
            1199012,
            1199013,
            1199014,
            1199015,
            1199016,
            1199017,
            1199018,
            1199019,
            1199020,
            1199021,
            1199022,
            1199023,
            1199024,
            1199025,
            1199026,
            1199027,
            1199028,
            1199029,
            1199030,
            1199031,
            1199032,
            1199033,
            1199034,
            1199035,
            1199036,
            1199037,
            1199038,
            1199039,
            1199040,
            1199041,
            1199042,
            1199043,
            1199044,
            1199045,
            1199046,
            1199047,
            1199048,
            1199049,
            1199050,
            1199051,
            1199052,
            1199053,
            1199054,
            1199055,
            1199056,
            1199057,
            1199058,
            1199059,
            1199060,
            1199061,
            1199062,
            1199063,
            1199064,
            1199065,
            1199066,
            1199067,
            1199068,
            1199069,
            1199070,
            1199071,
            1199072,
            1199073,
            1199074,
            1199075,
            1199076,
            1199077,
            1199078,
            1199079,
            1199080,
            1199081,
            1199082,
            1199083,
            1199084,
            1199085,
            1199086,
            1199087,
            1199088,
            1199089,
            1199090,
            1199091,
            1199092,
            1199093,
            1199094,
            1199095,
            1199096,
            1199097,
            1199098,
            1199099,
            1199100,
            1199101,
            1199102,
            1199103,
            1199104,
            1199105,
            1199106,
            1199107,
            1199108,
            1199109,
            1199110,
            1199111,
            1199112,
            1199113,
            1199114,
            1199115,
            1199116,
            1199117,
            1199118,
            1199119,
            1199120,
            1199121,
            1199122,
            1199123,
            1199124,
            1199125,
            1199126,
            1199127,
            1199128,
            1199129,
            1199130,
            1199131,
            1199132,
            1199133,
            1199134,
            1199135,
            1199136,
            1199137,
            1199138,
            1199139,
            1199140,
            1199141,
            1199142,
            1199143,
            1199144,
            1199145,
            1199146,
            1199147,
            1199148,
            1199149,
            1199150,
            1199151,
            1199152,
            1199153,
            1199154,
            1199155,
            1199156,
            1199157,
            1199158,
            1199159,
            1199160,
            1199161,
            1199162,
            1199163,
            1199164,
            1199165,
            1199166,
            1199167,
            1199168,
            1199169,
            1199170,
            1199171,
            1199172,
            1199173,
            1199174,
            1199175,
            1199176,
            1199177,
            1199178,
            1199179,
            1199180,
            1199181,
            1199182,
            1199183,
            1199184,
            1199185,
            1199186,
            1199187,
            1199188,
            1199189,
            1199190,
            1199191,
            1199192,
            1199193,
            1199194,
            1199195,
            1199196,
            1199197,
            1199198,
            1199199,
            1199200,
            1199201,
            1199202,
            1199203,
            1199204,
            1199205,
            1199206,
            1199207,
            1199208,
            1199209,
            1199210,
            1199211,
            1199212,
            1199213,
            1199214,
            1199215,
            1199216,
            1199217,
            1199218,
            1199219,
            1199220,
            1199221,
            1199222,
            1199223,
            1199224,
            1199225,
            1199226,
            1199227,
            1199228,
            1199229,
            1199230,
            1199231,
            1199232,
            1199233,
            1199234,
            1199235,
            1199236,
            1199237,
            1199238,
            1199239,
            1199240,
            1199241,
            1199242,
            1199243,
            1199244,
            1199245,
            1199246,
            1199247,
            1199248,
            1199249,
            1199250,
            1199251,
            1199252,
            1199253,
            1199254,
            1199255,
            1199256,
            1199257,
            1199258,
            1199259,
            1199260,
            1199261,
            1199262,
            1199263,
            1199264,
            1199265,
            1199266,
            1199267,
            1199268,
            1199269,
            1199270,
            1199271,
            1199272,
            1199273,
            1199274,
            1199275,
            1199276,
            1199277,
            1199278,
            1199279,
            1199280,
            1199281,
            1199282,
            1199283,
            1199284,
            1199285,
            1199286,
            1199287,
            1199288,
            1199289,
            1199290,
            1199291,
            1199292,
            1199293,
            1199294,
            1199295,
            1199296,
            1199297,
            1199298,
            1199299,
            1199300,
            1199301,
            1199302,
            1199303,
            1199304,
            1199305,
            1199306,
            1199307,
            1199308,
            1199309,
            1199310,
            1199311,
            1199312,
            1199313,
            1199314,
            1199315,
            1199316,
            1199317,
            1199318,
            1199319,
            1199320,
            1199321,
            1199322,
            1199323,
            1199324,
            1199325,
            1199326,
            1199327,
            1199328,
            1199329,
            1199330,
            1199331,
            1199332,
            1199333,
            1199334,
            1199335,
            1199336,
            1199337,
            1199338,
            1199339,
            1199340,
            1199341,
            1199342,
            1199343,
            1199344,
            1199345,
            1199346,
            1199347,
            1199348,
            1199349,
            1199350,
            1199351,
            1199352,
            1199353,
            1199354,
            1199355,
            1199356,
            1199357,
            1199358,
            1199359,
            1199360,
            1199361,
            1199362,
            1199363,
            1199364,
            1199365,
            1199366,
            1199367,
            1199368,
            1199369,
            1199370,
            1199371,
            1199372,
            1199373,
            1199374,
            1199375,
            1199376,
            1199377,
            1199378,
            1199379,
            1199380,
            1199381,
            1199382,
            1199383,
            1199384,
            1199385,
            1199386,
            1199387,
            1199388,
            1199389,
            1199390,
            1199391,
            1199392,
            1199393,
            1199394,
            1199395,
            1199396,
            1199397,
            1199398,
            1199399,
            1199400,
            1199401,
            1199402,
            1199403,
            1199404,
            1199405,
            1199406,
            1199407,
            1199408,
            1199409,
            1199410,
            1199411,
            1199412,
            1199413,
            1199414,
            1199415,
            1199416,
            1199417,
            1199418,
            1199419,
            1199420,
            1199421,
            1199422,
            1199423,
            1199424,
            1199425,
            1199426,
            1199427,
            1199428,
            1199429,
            1199430,
            1199431,
            1199432,
            1199433,
            1199434,
            1199435,
            1199436,
            1199437,
            1199438,
            1199439,
            1199440,
            1199441,
            1199442,
            1199443,
            1199444,
            1199445,
            1199446,
            1199447,
            1199448,
            1199449,
            1199450,
            1199451,
            1199452,
            1199453,
            1199454,
            1199455,
            1199456,
            1199457,
            1199458,
            1199459,
            1199460,
            1199461,
            1199462,
            1199463,
            1199464,
            1199465,
            1199466,
            1199467,
            1199468,
            1199469,
            1199470,
            1199471,
            1199472,
            1199473,
            1199474,
            1199475,
            1199476,
            1199477,
            1199478,
            1199479,
            1199480,
            1199481,
            1199482,
            1199483,
            1199484,
            1199485,
            1199486,
            1199487,
            1199488,
            1199489,
            1199490,
            1199491,
            1199492,
            1199493,
            1199494,
            1199495,
            1199496,
            1199497,
            1199498,
            1199499,
            1199500,
            1199501,
            1199502,
            1199503,
            1199504,
            1199505,
            1199506,
            1199507,
            1199508,
            1199509,
            1199510,
            1199511,
            1199512,
            1199513,
            1199514,
            1199515,
            1199516,
            1199517,
            1199518,
            1199519,
            1199520,
            1199521,
            1199522,
            1199523,
            1199524,
            1199525,
            1199526,
            1199527,
            1199528,
            1199529,
            1199530,
            1199531,
            1199532,
            1199533,
            1199534,
            1199535,
            1199536,
            1199537,
            1199538,
            1199539,
            1199540,
            1199541,
            1199542,
            1199543,
            1199544,
            1199545,
            1199546,
            1199547,
            1199548,
            1199549,
            1199550,
            1199551,
            1199552,
            1199553,
            1199554,
            1199555,
            1199556,
            1199557,
            1199558,
            1199559,
            1199560,
            1199561,
            1199562,
            1199563,
            1199564,
            1199565,
            1199566,
            1199567,
            1199568,
            1199569,
            1199570,
            1199571,
            1199572,
            1199573,
            1199574,
            1199575,
            1199576,
            1199577,
            1199578,
            1199579,
            1199580,
            1199581,
            1199582,
            1199583,
            1199584,
            1199585,
            1199586,
            1199587,
            1199588,
            1199589,
            1199590,
            1199591,
            1199592,
            1199593,
            1199594,
            1199595,
            1199596,
            1199597,
            1199598,
            1199599,
            1199600,
            1199601,
            1199602,
            1199603,
            1199604,
            1199605,
            1199606,
            1199607,
            1199608,
            1199609,
            1199610,
            1199611,
            1199612,
            1199613,
            1199614,
            1199615,
            1199616,
            1199617,
            1199618,
            1199619,
            1199620,
            1199621,
            1199622,
            1199623,
            1199624,
            1199625,
            1199626,
            1199627,
            1199628,
            1199629,
            1199630,
            1199631,
            1199632,
            1199633,
            1199634,
            1199635,
            1199636,
            1199637,
            1199638,
            1199639,
            1199640,
            1199641,
            1199642,
            1199643,
            1199644,
            1199645,
            1199646,
            1199647,
            1199648,
            1199649,
            1199650,
            1199651,
            1199652,
            1199653,
            1199654,
            1199655,
            1199656,
            1199657,
            1199658,
            1199659,
            1199660,
            1199661,
            1199662,
            1199663,
            1199664,
            1199665,
            1199666,
            1199667,
            1199668,
            1199669,
            1199670,
            1199671,
            1199672,
            1199673,
            1199674,
            1199675,
            1199676,
            1199677,
            1199678,
            1199679,
            1199680,
            1199681,
            1199682,
            1199683,
            1199684,
            1199685,
            1199686,
            1199687,
            1199688,
            1199689,
            1199690,
            1199691,
            1199692,
            1199693,
            1199694,
            1199695,
            1199696,
            1199697,
            1199698,
            1199699,
            1199700,
            1199701,
            1199702,
            1199703,
            1199704,
            1199705,
            1199706,
            1199707,
            1199708,
            1199709,
            1199710,
            1199711,
            1199712,
            1199713,
            1199714,
            1199715,
            1199716,
            1199717,
            1199718,
            1199719,
            1199720,
            1199721,
            1199722,
            1199723,
            1199724,
            1199725,
            1199726,
            1199727,
            1199728,
            1199729,
            1199730,
            1199731,
            1199732,
            1199733,
            1199734,
            1199735,
            1199736,
            1199737,
            1199738,
            1199739,
            1199740,
            1199741,
            1199742,
            1199743,
            1199744,
            1199745,
            1199746,
            1199747,
            1199748,
            1199749,
            1199750,
            1199751,
            1199752,
            1199753,
            1199754,
            1199755,
            1199756,
            1199757,
            1199758,
            1199759,
            1199760,
            1199761,
            1199762,
            1199763,
            1199764,
            1199765,
            1199766,
            1199767,
            1199768,
            1199769,
            1199770,
            1199771,
            1199772,
            1199773,
            1199774,
            1199775,
            1199776,
            1199777,
            1199778,
            1199779,
            1199780,
            1199781,
            1199782,
            1199783,
            1199784,
            1199785,
            1199786,
            1199787,
            1199788,
            1199789,
            1199790,
            1199791,
            1199792,
            1199793,
            1199794,
            1199795,
            1199796,
            1199797,
            1199798,
            1199799,
            1199800,
            1199801,
            1199802,
            1199803,
            1199804,
            1199805,
            1199806,
            1199807,
            1199808,
            1199809,
            1199810,
            1199811,
            1199812,
            1199813,
            1199814,
            1199815,
            1199816,
            1199817,
            1199818,
            1199819,
            1199820,
            1199821,
            1199822,
            1199823,
            1199824,
            1199825,
            1199826,
            1199827,
            1199828,
            1199829,
            1199830,
            1199831,
            1199832,
            1199833,
            1199834,
            1199835,
            1199836,
            1199837,
            1199838,
            1199839,
            1199840,
            1199841,
            1199842,
            1199843,
            1199844,
            1199845,
            1199846,
            1199847,
            1199848,
            1199849,
            1199850,
            1199851,
            1199852,
            1199853,
            1199854,
            1199855,
            1199856,
            1199857,
            1199858,
            1199859,
            1199860,
            1199861,
            1199862,
            1199863,
            1199864,
            1199865,
            1199866,
            1199867,
            1199868,
            1199869,
            1199870,
            1199871,
            1199872,
            1199873,
            1199874,
            1199875,
            1199876,
            1199877,
            1199878,
            1199879,
            1199880,
            1199881,
            1199882,
            1199883,
            1199884,
            1199885,
            1199886,
            1199887,
            1199888,
            1199889,
            1199890,
            1199891,
            1199892,
            1199893,
            1199894,
            1199895,
            1199896,
            1199897,
            1199898,
            1199899,
            1199900,
            1199901,
            1199902,
            1199903,
            1199904,
            1199905,
            1199906,
            1199907,
            1199908,
            1199909,
            1199910,
            1199911,
            1199912,
            1199913,
            1199914,
            1199915,
            1199916,
            1199917,
            1199918,
            1199919,
            1199920,
            1199921,
            1199922,
            1199923,
            1199924,
            1199925,
            1199926,
            1199927,
            1199928,
            1199929,
            1199930,
            1199931,
            1199932,
            1199933,
            1199934,
            1199935,
            1199936,
            1199937,
            1199938,
            1199939,
            1199940,
            1199941,
            1199942,
            1199943,
            1199944,
            1199945,
            1199946,
            1199947,
            1199948,
            1199949,
            1199950,
            1199951,
            1199952,
            1199953,
            1199954,
            1199955,
            1199956,
            1199957,
            1199958,
            1199959,
            1199960,
            1199961,
            1199962,
            1199963,
            1199964,
            1199965,
            1199966,
            1199967,
            1199968,
            1199969,
            1199970,
            1199971,
            1199972,
            1199973,
            1199974,
            1199975,
            1199976,
            1199977,
            1199978,
            1199979,
            1199980,
            1199981,
            1199982,
            1199983,
            1199984,
            1199985,
            1199986,
            1199987,
            1199988,
            1199989,
            1199990,
            1199991,
            1199992,
            1199993,
            1199994,
            1199995,
            1199996,
            1199997,
            1199998,
            1199999,
        ],
        pipeline=[
            dict(type='LoadImageFromNDArray'),
            dict(scale=(
                256,
                64,
            ), type='Resize'),
            dict(type='LoadOCRAnnotations', with_text=True),
            dict(
                meta_keys=(
                    'img_path',
                    'ori_shape',
                    'img_shape',
                    'valid_ratio',
                ),
                type='PackTextRecogInputs'),
        ],
        test_mode=True,
        type='RecogLMDBDataset'),
    drop_last=False,
    num_workers=4,
    persistent_workers=True,
    pin_memory=True,
    sampler=dict(shuffle=False, type='DefaultSampler'))
val_evaluator = dict(
    dataset_prefixes=[
        'PretrainCN_holdout',
    ],
    metrics=[
        dict(mode=[
            'exact',
        ], type='WordMetric'),
        dict(type='OneMinusNEDMetric'),
    ],
    type='MultiDatasetsEvaluator')
vis_backends = [
    dict(type='LocalVisBackend'),
]
visualizer = dict(
    name='visualizer',
    type='TextRecogLocalVisualizer',
    vis_backends=[
        dict(type='LocalVisBackend'),
    ])
work_dir = 'work_dirs/svtr-large_pretrain_cn_scene_tpspp'

2026/01/12 11:27:15 - mmengine - INFO - Hooks will be executed in the following order:
before_run:
(VERY_HIGH   ) RuntimeInfoHook                    
(BELOW_NORMAL) LoggerHook                         
 -------------------- 
before_train:
(VERY_HIGH   ) RuntimeInfoHook                    
(NORMAL      ) IterTimerHook                      
(VERY_LOW    ) CheckpointHook                     
 -------------------- 
before_train_epoch:
(VERY_HIGH   ) RuntimeInfoHook                    
(NORMAL      ) IterTimerHook                      
(NORMAL      ) DistSamplerSeedHook                
 -------------------- 
before_train_iter:
(VERY_HIGH   ) RuntimeInfoHook                    
(NORMAL      ) IterTimerHook                      
 -------------------- 
after_train_iter:
(VERY_HIGH   ) RuntimeInfoHook                    
(NORMAL      ) IterTimerHook                      
(BELOW_NORMAL) LoggerHook                         
(LOW         ) ParamSchedulerHook                 
(VERY_LOW    ) CheckpointHook                     
 -------------------- 
after_train_epoch:
(NORMAL      ) IterTimerHook                      
(NORMAL      ) SyncBuffersHook                    
(LOW         ) ParamSchedulerHook                 
(VERY_LOW    ) CheckpointHook                     
 -------------------- 
before_val:
(VERY_HIGH   ) RuntimeInfoHook                    
 -------------------- 
before_val_epoch:
(NORMAL      ) IterTimerHook                      
(NORMAL      ) SyncBuffersHook                    
 -------------------- 
before_val_iter:
(NORMAL      ) IterTimerHook                      
 -------------------- 
after_val_iter:
(NORMAL      ) IterTimerHook                      
(NORMAL      ) VisualizationHook                  
(BELOW_NORMAL) LoggerHook                         
 -------------------- 
after_val_epoch:
(VERY_HIGH   ) RuntimeInfoHook                    
(NORMAL      ) IterTimerHook                      
(BELOW_NORMAL) LoggerHook                         
(LOW         ) ParamSchedulerHook                 
(VERY_LOW    ) CheckpointHook                     
 -------------------- 
after_val:
(VERY_HIGH   ) RuntimeInfoHook                    
 -------------------- 
after_train:
(VERY_HIGH   ) RuntimeInfoHook                    
(VERY_LOW    ) CheckpointHook                     
 -------------------- 
before_test:
(VERY_HIGH   ) RuntimeInfoHook                    
 -------------------- 
before_test_epoch:
(NORMAL      ) IterTimerHook                      
 -------------------- 
before_test_iter:
(NORMAL      ) IterTimerHook                      
 -------------------- 
after_test_iter:
(NORMAL      ) IterTimerHook                      
(NORMAL      ) VisualizationHook                  
(BELOW_NORMAL) LoggerHook                         
 -------------------- 
after_test_epoch:
(VERY_HIGH   ) RuntimeInfoHook                    
(NORMAL      ) IterTimerHook                      
(BELOW_NORMAL) LoggerHook                         
 -------------------- 
after_test:
(VERY_HIGH   ) RuntimeInfoHook                    
 -------------------- 
after_run:
(BELOW_NORMAL) LoggerHook                         
 -------------------- 
2026/01/12 11:27:43 - mmengine - INFO - LR is set based on batch size of 256 and the current batch size is 256. Scaling the original LR by 1.0.
Name of parameter - Initialization information

preprocessor.feat_extractor.conv1.conv.weight - torch.Size([32, 3, 3, 3]): 
The value is the same before and after calling `init_weights` of SVTR  

preprocessor.feat_extractor.conv1.bn.weight - torch.Size([32]): 
The value is the same before and after calling `init_weights` of SVTR  

preprocessor.feat_extractor.conv1.bn.bias - torch.Size([32]): 
The value is the same before and after calling `init_weights` of SVTR  

preprocessor.feat_extractor.conv2.conv.weight - torch.Size([32, 32, 3, 3]): 
The value is the same before and after calling `init_weights` of SVTR  

preprocessor.feat_extractor.conv2.bn.weight - torch.Size([32]): 
The value is the same before and after calling `init_weights` of SVTR  

preprocessor.feat_extractor.conv2.bn.bias - torch.Size([32]): 
The value is the same before and after calling `init_weights` of SVTR  

preprocessor.feat_extractor.conv3.conv.weight - torch.Size([64, 32, 3, 3]): 
The value is the same before and after calling `init_weights` of SVTR  

preprocessor.feat_extractor.conv3.bn.weight - torch.Size([64]): 
The value is the same before and after calling `init_weights` of SVTR  

preprocessor.feat_extractor.conv3.bn.bias - torch.Size([64]): 
The value is the same before and after calling `init_weights` of SVTR  

preprocessor.core.MSFA.conv.k_encoder.0.conv.weight - torch.Size([64, 192, 3, 3]): 
The value is the same before and after calling `init_weights` of SVTR  

preprocessor.core.MSFA.conv.k_encoder.0.conv.bias - torch.Size([64]): 
The value is the same before and after calling `init_weights` of SVTR  

preprocessor.core.MSFA.conv.k_encoder.1.conv.weight - torch.Size([64, 64, 3, 3]): 
The value is the same before and after calling `init_weights` of SVTR  

preprocessor.core.MSFA.conv.k_encoder.1.conv.bias - torch.Size([64]): 
The value is the same before and after calling `init_weights` of SVTR  

preprocessor.core.MSFA.conv.k_encoder.2.conv.weight - torch.Size([64, 64, 3, 3]): 
The value is the same before and after calling `init_weights` of SVTR  

preprocessor.core.MSFA.conv.k_encoder.2.conv.bias - torch.Size([64]): 
The value is the same before and after calling `init_weights` of SVTR  

preprocessor.core.MSFA.conv.k_encoder.3.conv.weight - torch.Size([64, 64, 3, 3]): 
The value is the same before and after calling `init_weights` of SVTR  

preprocessor.core.MSFA.conv.k_encoder.3.conv.bias - torch.Size([64]): 
The value is the same before and after calling `init_weights` of SVTR  

preprocessor.core.MSFA.conv.atten.channel_attention.shared_mlp.0.weight - torch.Size([4, 64, 1, 1]): 
The value is the same before and after calling `init_weights` of SVTR  

preprocessor.core.MSFA.conv.atten.channel_attention.shared_mlp.2.weight - torch.Size([64, 4, 1, 1]): 
The value is the same before and after calling `init_weights` of SVTR  

preprocessor.core.MSFA.conv.atten.spatial_attention.conv2d.weight - torch.Size([1, 2, 3, 3]): 
The value is the same before and after calling `init_weights` of SVTR  

preprocessor.core.MSFA.conv.atten.spatial_attention.conv2d.bias - torch.Size([1]): 
The value is the same before and after calling `init_weights` of SVTR  

preprocessor.core.MSFA.conv.k_decoder.0.1.conv.weight - torch.Size([64, 64, 3, 3]): 
The value is the same before and after calling `init_weights` of SVTR  

preprocessor.core.MSFA.conv.k_decoder.0.1.conv.bias - torch.Size([64]): 
The value is the same before and after calling `init_weights` of SVTR  

preprocessor.core.MSFA.conv.k_decoder.1.1.conv.weight - torch.Size([64, 64, 3, 3]): 
The value is the same before and after calling `init_weights` of SVTR  

preprocessor.core.MSFA.conv.k_decoder.1.1.conv.bias - torch.Size([64]): 
The value is the same before and after calling `init_weights` of SVTR  

preprocessor.core.MSFA.conv.k_decoder.2.1.conv.weight - torch.Size([64, 64, 3, 3]): 
The value is the same before and after calling `init_weights` of SVTR  

preprocessor.core.MSFA.conv.k_decoder.2.1.conv.bias - torch.Size([64]): 
The value is the same before and after calling `init_weights` of SVTR  

preprocessor.core.MSFA.conv.k_decoder.3.1.conv.weight - torch.Size([64, 64, 3, 3]): 
The value is the same before and after calling `init_weights` of SVTR  

preprocessor.core.MSFA.conv.k_decoder.3.1.conv.bias - torch.Size([64]): 
The value is the same before and after calling `init_weights` of SVTR  

preprocessor.core.TPE.p_linear.0.weight - torch.Size([32, 64]): 
The value is the same before and after calling `init_weights` of SVTR  

preprocessor.core.TPE.p_linear.0.bias - torch.Size([32]): 
The value is the same before and after calling `init_weights` of SVTR  

preprocessor.core.TPE.p_linear.1.weight - torch.Size([128, 32]): 
The value is the same before and after calling `init_weights` of SVTR  

preprocessor.core.TPE.p_linear.1.bias - torch.Size([128]): 
The value is the same before and after calling `init_weights` of SVTR  

preprocessor.core.TPE.feat_linear.0.weight - torch.Size([32, 64]): 
The value is the same before and after calling `init_weights` of SVTR  

preprocessor.core.TPE.feat_linear.0.bias - torch.Size([32]): 
The value is the same before and after calling `init_weights` of SVTR  

preprocessor.core.TPE.feat_linear.1.weight - torch.Size([128, 32]): 
The value is the same before and after calling `init_weights` of SVTR  

preprocessor.core.TPE.feat_linear.1.bias - torch.Size([128]): 
The value is the same before and after calling `init_weights` of SVTR  

preprocessor.core.TPE.atten.0.norm1.weight - torch.Size([16, 64]): 
The value is the same before and after calling `init_weights` of SVTR  

preprocessor.core.TPE.atten.0.norm1.bias - torch.Size([16, 64]): 
The value is the same before and after calling `init_weights` of SVTR  

preprocessor.core.TPE.atten.0.attn.mlp_h.weight - torch.Size([17, 48]): 
The value is the same before and after calling `init_weights` of SVTR  

preprocessor.core.TPE.atten.0.attn.mlp_w.weight - torch.Size([65, 96]): 
The value is the same before and after calling `init_weights` of SVTR  

preprocessor.core.TPE.atten.0.attn.proj.weight - torch.Size([64, 64]): 
The value is the same before and after calling `init_weights` of SVTR  

preprocessor.core.TPE.atten.0.attn.proj.bias - torch.Size([64]): 
The value is the same before and after calling `init_weights` of SVTR  

preprocessor.core.TPE.atten.0.norm2.weight - torch.Size([16, 64]): 
The value is the same before and after calling `init_weights` of SVTR  

preprocessor.core.TPE.atten.0.norm2.bias - torch.Size([16, 64]): 
The value is the same before and after calling `init_weights` of SVTR  

preprocessor.core.TPE.atten.0.mlp.fc1.weight - torch.Size([256, 64]): 
The value is the same before and after calling `init_weights` of SVTR  

preprocessor.core.TPE.atten.0.mlp.fc1.bias - torch.Size([256]): 
The value is the same before and after calling `init_weights` of SVTR  

preprocessor.core.TPE.atten.0.mlp.fc2.weight - torch.Size([64, 256]): 
The value is the same before and after calling `init_weights` of SVTR  

preprocessor.core.TPE.atten.0.mlp.fc2.bias - torch.Size([64]): 
The value is the same before and after calling `init_weights` of SVTR  

preprocessor.core.TPE.localization_fc1.0.weight - torch.Size([256, 64]): 
The value is the same before and after calling `init_weights` of SVTR  

preprocessor.core.TPE.localization_fc1.0.bias - torch.Size([256]): 
The value is the same before and after calling `init_weights` of SVTR  

preprocessor.core.TPE.localization_fc1.2.weight - torch.Size([2, 256]): 
The value is the same before and after calling `init_weights` of SVTR  

preprocessor.core.TPE.localization_fc1.2.bias - torch.Size([2]): 
The value is the same before and after calling `init_weights` of SVTR  

preprocessor.core.TPE.localization_fc2.weight - torch.Size([64, 64]): 
The value is the same before and after calling `init_weights` of SVTR  

preprocessor.core.TPE.localization_fc2.bias - torch.Size([64]): 
The value is the same before and after calling `init_weights` of SVTR  

preprocessor.core.down0.conv.weight - torch.Size([64, 32, 3, 3]): 
The value is the same before and after calling `init_weights` of SVTR  

preprocessor.core.down0.conv.bias - torch.Size([64]): 
The value is the same before and after calling `init_weights` of SVTR  

preprocessor.core.down1.conv.weight - torch.Size([64, 32, 1, 1]): 
The value is the same before and after calling `init_weights` of SVTR  

preprocessor.core.down1.conv.bias - torch.Size([64]): 
The value is the same before and after calling `init_weights` of SVTR  

preprocessor.core.down2.conv.weight - torch.Size([64, 64, 1, 1]): 
The value is the same before and after calling `init_weights` of SVTR  

preprocessor.core.down2.conv.bias - torch.Size([64]): 
The value is the same before and after calling `init_weights` of SVTR  

encoder.absolute_pos_embed - torch.Size([1, 480, 192]): 
The value is the same before and after calling `init_weights` of SVTR  

encoder.patch_embed.net.ConvModule0.conv.weight - torch.Size([96, 3, 3, 3]): 
The value is the same before and after calling `init_weights` of SVTR  

encoder.patch_embed.net.ConvModule0.bn.weight - torch.Size([96]): 
The value is the same before and after calling `init_weights` of SVTR  

encoder.patch_embed.net.ConvModule0.bn.bias - torch.Size([96]): 
The value is the same before and after calling `init_weights` of SVTR  

encoder.patch_embed.net.ConvModule1.conv.weight - torch.Size([192, 96, 3, 3]): 
The value is the same before and after calling `init_weights` of SVTR  

encoder.patch_embed.net.ConvModule1.bn.weight - torch.Size([192]): 
The value is the same before and after calling `init_weights` of SVTR  

encoder.patch_embed.net.ConvModule1.bn.bias - torch.Size([192]): 
The value is the same before and after calling `init_weights` of SVTR  

encoder.blocks1.0.norm1.weight - torch.Size([192]): 
The value is the same before and after calling `init_weights` of SVTR  

encoder.blocks1.0.norm1.bias - torch.Size([192]): 
The value is the same before and after calling `init_weights` of SVTR  

encoder.blocks1.0.mixer.qkv.weight - torch.Size([576, 192]): 
The value is the same before and after calling `init_weights` of SVTR  

encoder.blocks1.0.mixer.qkv.bias - torch.Size([576]): 
The value is the same before and after calling `init_weights` of SVTR  

encoder.blocks1.0.mixer.proj.weight - torch.Size([192, 192]): 
The value is the same before and after calling `init_weights` of SVTR  

encoder.blocks1.0.mixer.proj.bias - torch.Size([192]): 
The value is the same before and after calling `init_weights` of SVTR  

encoder.blocks1.0.norm2.weight - torch.Size([192]): 
The value is the same before and after calling `init_weights` of SVTR  

encoder.blocks1.0.norm2.bias - torch.Size([192]): 
The value is the same before and after calling `init_weights` of SVTR  

encoder.blocks1.0.mlp.fc1.weight - torch.Size([768, 192]): 
The value is the same before and after calling `init_weights` of SVTR  

encoder.blocks1.0.mlp.fc1.bias - torch.Size([768]): 
The value is the same before and after calling `init_weights` of SVTR  

encoder.blocks1.0.mlp.fc2.weight - torch.Size([192, 768]): 
The value is the same before and after calling `init_weights` of SVTR  

encoder.blocks1.0.mlp.fc2.bias - torch.Size([192]): 
The value is the same before and after calling `init_weights` of SVTR  

encoder.blocks1.1.norm1.weight - torch.Size([192]): 
The value is the same before and after calling `init_weights` of SVTR  

encoder.blocks1.1.norm1.bias - torch.Size([192]): 
The value is the same before and after calling `init_weights` of SVTR  

encoder.blocks1.1.mixer.qkv.weight - torch.Size([576, 192]): 
The value is the same before and after calling `init_weights` of SVTR  

encoder.blocks1.1.mixer.qkv.bias - torch.Size([576]): 
The value is the same before and after calling `init_weights` of SVTR  

encoder.blocks1.1.mixer.proj.weight - torch.Size([192, 192]): 
The value is the same before and after calling `init_weights` of SVTR  

encoder.blocks1.1.mixer.proj.bias - torch.Size([192]): 
The value is the same before and after calling `init_weights` of SVTR  

encoder.blocks1.1.norm2.weight - torch.Size([192]): 
The value is the same before and after calling `init_weights` of SVTR  

encoder.blocks1.1.norm2.bias - torch.Size([192]): 
The value is the same before and after calling `init_weights` of SVTR  

encoder.blocks1.1.mlp.fc1.weight - torch.Size([768, 192]): 
The value is the same before and after calling `init_weights` of SVTR  

encoder.blocks1.1.mlp.fc1.bias - torch.Size([768]): 
The value is the same before and after calling `init_weights` of SVTR  

encoder.blocks1.1.mlp.fc2.weight - torch.Size([192, 768]): 
The value is the same before and after calling `init_weights` of SVTR  

encoder.blocks1.1.mlp.fc2.bias - torch.Size([192]): 
The value is the same before and after calling `init_weights` of SVTR  

encoder.blocks1.2.norm1.weight - torch.Size([192]): 
The value is the same before and after calling `init_weights` of SVTR  

encoder.blocks1.2.norm1.bias - torch.Size([192]): 
The value is the same before and after calling `init_weights` of SVTR  

encoder.blocks1.2.mixer.qkv.weight - torch.Size([576, 192]): 
The value is the same before and after calling `init_weights` of SVTR  

encoder.blocks1.2.mixer.qkv.bias - torch.Size([576]): 
The value is the same before and after calling `init_weights` of SVTR  

encoder.blocks1.2.mixer.proj.weight - torch.Size([192, 192]): 
The value is the same before and after calling `init_weights` of SVTR  

encoder.blocks1.2.mixer.proj.bias - torch.Size([192]): 
The value is the same before and after calling `init_weights` of SVTR  

encoder.blocks1.2.norm2.weight - torch.Size([192]): 
The value is the same before and after calling `init_weights` of SVTR  

encoder.blocks1.2.norm2.bias - torch.Size([192]): 
The value is the same before and after calling `init_weights` of SVTR  

encoder.blocks1.2.mlp.fc1.weight - torch.Size([768, 192]): 
The value is the same before and after calling `init_weights` of SVTR  

encoder.blocks1.2.mlp.fc1.bias - torch.Size([768]): 
The value is the same before and after calling `init_weights` of SVTR  

encoder.blocks1.2.mlp.fc2.weight - torch.Size([192, 768]): 
The value is the same before and after calling `init_weights` of SVTR  

encoder.blocks1.2.mlp.fc2.bias - torch.Size([192]): 
The value is the same before and after calling `init_weights` of SVTR  

encoder.downsample1.conv.weight - torch.Size([256, 192, 3, 3]): 
The value is the same before and after calling `init_weights` of SVTR  

encoder.downsample1.conv.bias - torch.Size([256]): 
The value is the same before and after calling `init_weights` of SVTR  

encoder.downsample1.norm.weight - torch.Size([256]): 
The value is the same before and after calling `init_weights` of SVTR  

encoder.downsample1.norm.bias - torch.Size([256]): 
The value is the same before and after calling `init_weights` of SVTR  

encoder.blocks2.0.norm1.weight - torch.Size([256]): 
The value is the same before and after calling `init_weights` of SVTR  

encoder.blocks2.0.norm1.bias - torch.Size([256]): 
The value is the same before and after calling `init_weights` of SVTR  

encoder.blocks2.0.mixer.qkv.weight - torch.Size([768, 256]): 
The value is the same before and after calling `init_weights` of SVTR  

encoder.blocks2.0.mixer.qkv.bias - torch.Size([768]): 
The value is the same before and after calling `init_weights` of SVTR  

encoder.blocks2.0.mixer.proj.weight - torch.Size([256, 256]): 
The value is the same before and after calling `init_weights` of SVTR  

encoder.blocks2.0.mixer.proj.bias - torch.Size([256]): 
The value is the same before and after calling `init_weights` of SVTR  

encoder.blocks2.0.norm2.weight - torch.Size([256]): 
The value is the same before and after calling `init_weights` of SVTR  

encoder.blocks2.0.norm2.bias - torch.Size([256]): 
The value is the same before and after calling `init_weights` of SVTR  

encoder.blocks2.0.mlp.fc1.weight - torch.Size([1024, 256]): 
The value is the same before and after calling `init_weights` of SVTR  

encoder.blocks2.0.mlp.fc1.bias - torch.Size([1024]): 
The value is the same before and after calling `init_weights` of SVTR  

encoder.blocks2.0.mlp.fc2.weight - torch.Size([256, 1024]): 
The value is the same before and after calling `init_weights` of SVTR  

encoder.blocks2.0.mlp.fc2.bias - torch.Size([256]): 
The value is the same before and after calling `init_weights` of SVTR  

encoder.blocks2.1.norm1.weight - torch.Size([256]): 
The value is the same before and after calling `init_weights` of SVTR  

encoder.blocks2.1.norm1.bias - torch.Size([256]): 
The value is the same before and after calling `init_weights` of SVTR  

encoder.blocks2.1.mixer.qkv.weight - torch.Size([768, 256]): 
The value is the same before and after calling `init_weights` of SVTR  

encoder.blocks2.1.mixer.qkv.bias - torch.Size([768]): 
The value is the same before and after calling `init_weights` of SVTR  

encoder.blocks2.1.mixer.proj.weight - torch.Size([256, 256]): 
The value is the same before and after calling `init_weights` of SVTR  

encoder.blocks2.1.mixer.proj.bias - torch.Size([256]): 
The value is the same before and after calling `init_weights` of SVTR  

encoder.blocks2.1.norm2.weight - torch.Size([256]): 
The value is the same before and after calling `init_weights` of SVTR  

encoder.blocks2.1.norm2.bias - torch.Size([256]): 
The value is the same before and after calling `init_weights` of SVTR  

encoder.blocks2.1.mlp.fc1.weight - torch.Size([1024, 256]): 
The value is the same before and after calling `init_weights` of SVTR  

encoder.blocks2.1.mlp.fc1.bias - torch.Size([1024]): 
The value is the same before and after calling `init_weights` of SVTR  

encoder.blocks2.1.mlp.fc2.weight - torch.Size([256, 1024]): 
The value is the same before and after calling `init_weights` of SVTR  

encoder.blocks2.1.mlp.fc2.bias - torch.Size([256]): 
The value is the same before and after calling `init_weights` of SVTR  

encoder.blocks2.2.norm1.weight - torch.Size([256]): 
The value is the same before and after calling `init_weights` of SVTR  

encoder.blocks2.2.norm1.bias - torch.Size([256]): 
The value is the same before and after calling `init_weights` of SVTR  

encoder.blocks2.2.mixer.qkv.weight - torch.Size([768, 256]): 
The value is the same before and after calling `init_weights` of SVTR  

encoder.blocks2.2.mixer.qkv.bias - torch.Size([768]): 
The value is the same before and after calling `init_weights` of SVTR  

encoder.blocks2.2.mixer.proj.weight - torch.Size([256, 256]): 
The value is the same before and after calling `init_weights` of SVTR  

encoder.blocks2.2.mixer.proj.bias - torch.Size([256]): 
The value is the same before and after calling `init_weights` of SVTR  

encoder.blocks2.2.norm2.weight - torch.Size([256]): 
The value is the same before and after calling `init_weights` of SVTR  

encoder.blocks2.2.norm2.bias - torch.Size([256]): 
The value is the same before and after calling `init_weights` of SVTR  

encoder.blocks2.2.mlp.fc1.weight - torch.Size([1024, 256]): 
The value is the same before and after calling `init_weights` of SVTR  

encoder.blocks2.2.mlp.fc1.bias - torch.Size([1024]): 
The value is the same before and after calling `init_weights` of SVTR  

encoder.blocks2.2.mlp.fc2.weight - torch.Size([256, 1024]): 
The value is the same before and after calling `init_weights` of SVTR  

encoder.blocks2.2.mlp.fc2.bias - torch.Size([256]): 
The value is the same before and after calling `init_weights` of SVTR  

encoder.blocks2.3.norm1.weight - torch.Size([256]): 
The value is the same before and after calling `init_weights` of SVTR  

encoder.blocks2.3.norm1.bias - torch.Size([256]): 
The value is the same before and after calling `init_weights` of SVTR  

encoder.blocks2.3.mixer.qkv.weight - torch.Size([768, 256]): 
The value is the same before and after calling `init_weights` of SVTR  

encoder.blocks2.3.mixer.qkv.bias - torch.Size([768]): 
The value is the same before and after calling `init_weights` of SVTR  

encoder.blocks2.3.mixer.proj.weight - torch.Size([256, 256]): 
The value is the same before and after calling `init_weights` of SVTR  

encoder.blocks2.3.mixer.proj.bias - torch.Size([256]): 
The value is the same before and after calling `init_weights` of SVTR  

encoder.blocks2.3.norm2.weight - torch.Size([256]): 
The value is the same before and after calling `init_weights` of SVTR  

encoder.blocks2.3.norm2.bias - torch.Size([256]): 
The value is the same before and after calling `init_weights` of SVTR  

encoder.blocks2.3.mlp.fc1.weight - torch.Size([1024, 256]): 
The value is the same before and after calling `init_weights` of SVTR  

encoder.blocks2.3.mlp.fc1.bias - torch.Size([1024]): 
The value is the same before and after calling `init_weights` of SVTR  

encoder.blocks2.3.mlp.fc2.weight - torch.Size([256, 1024]): 
The value is the same before and after calling `init_weights` of SVTR  

encoder.blocks2.3.mlp.fc2.bias - torch.Size([256]): 
The value is the same before and after calling `init_weights` of SVTR  

encoder.blocks2.4.norm1.weight - torch.Size([256]): 
The value is the same before and after calling `init_weights` of SVTR  

encoder.blocks2.4.norm1.bias - torch.Size([256]): 
The value is the same before and after calling `init_weights` of SVTR  

encoder.blocks2.4.mixer.qkv.weight - torch.Size([768, 256]): 
The value is the same before and after calling `init_weights` of SVTR  

encoder.blocks2.4.mixer.qkv.bias - torch.Size([768]): 
The value is the same before and after calling `init_weights` of SVTR  

encoder.blocks2.4.mixer.proj.weight - torch.Size([256, 256]): 
The value is the same before and after calling `init_weights` of SVTR  

encoder.blocks2.4.mixer.proj.bias - torch.Size([256]): 
The value is the same before and after calling `init_weights` of SVTR  

encoder.blocks2.4.norm2.weight - torch.Size([256]): 
The value is the same before and after calling `init_weights` of SVTR  

encoder.blocks2.4.norm2.bias - torch.Size([256]): 
The value is the same before and after calling `init_weights` of SVTR  

encoder.blocks2.4.mlp.fc1.weight - torch.Size([1024, 256]): 
The value is the same before and after calling `init_weights` of SVTR  

encoder.blocks2.4.mlp.fc1.bias - torch.Size([1024]): 
The value is the same before and after calling `init_weights` of SVTR  

encoder.blocks2.4.mlp.fc2.weight - torch.Size([256, 1024]): 
The value is the same before and after calling `init_weights` of SVTR  

encoder.blocks2.4.mlp.fc2.bias - torch.Size([256]): 
The value is the same before and after calling `init_weights` of SVTR  

encoder.blocks2.5.norm1.weight - torch.Size([256]): 
The value is the same before and after calling `init_weights` of SVTR  

encoder.blocks2.5.norm1.bias - torch.Size([256]): 
The value is the same before and after calling `init_weights` of SVTR  

encoder.blocks2.5.mixer.qkv.weight - torch.Size([768, 256]): 
The value is the same before and after calling `init_weights` of SVTR  

encoder.blocks2.5.mixer.qkv.bias - torch.Size([768]): 
The value is the same before and after calling `init_weights` of SVTR  

encoder.blocks2.5.mixer.proj.weight - torch.Size([256, 256]): 
The value is the same before and after calling `init_weights` of SVTR  

encoder.blocks2.5.mixer.proj.bias - torch.Size([256]): 
The value is the same before and after calling `init_weights` of SVTR  

encoder.blocks2.5.norm2.weight - torch.Size([256]): 
The value is the same before and after calling `init_weights` of SVTR  

encoder.blocks2.5.norm2.bias - torch.Size([256]): 
The value is the same before and after calling `init_weights` of SVTR  

encoder.blocks2.5.mlp.fc1.weight - torch.Size([1024, 256]): 
The value is the same before and after calling `init_weights` of SVTR  

encoder.blocks2.5.mlp.fc1.bias - torch.Size([1024]): 
The value is the same before and after calling `init_weights` of SVTR  

encoder.blocks2.5.mlp.fc2.weight - torch.Size([256, 1024]): 
The value is the same before and after calling `init_weights` of SVTR  

encoder.blocks2.5.mlp.fc2.bias - torch.Size([256]): 
The value is the same before and after calling `init_weights` of SVTR  

encoder.blocks2.6.norm1.weight - torch.Size([256]): 
The value is the same before and after calling `init_weights` of SVTR  

encoder.blocks2.6.norm1.bias - torch.Size([256]): 
The value is the same before and after calling `init_weights` of SVTR  

encoder.blocks2.6.mixer.qkv.weight - torch.Size([768, 256]): 
The value is the same before and after calling `init_weights` of SVTR  

encoder.blocks2.6.mixer.qkv.bias - torch.Size([768]): 
The value is the same before and after calling `init_weights` of SVTR  

encoder.blocks2.6.mixer.proj.weight - torch.Size([256, 256]): 
The value is the same before and after calling `init_weights` of SVTR  

encoder.blocks2.6.mixer.proj.bias - torch.Size([256]): 
The value is the same before and after calling `init_weights` of SVTR  

encoder.blocks2.6.norm2.weight - torch.Size([256]): 
The value is the same before and after calling `init_weights` of SVTR  

encoder.blocks2.6.norm2.bias - torch.Size([256]): 
The value is the same before and after calling `init_weights` of SVTR  

encoder.blocks2.6.mlp.fc1.weight - torch.Size([1024, 256]): 
The value is the same before and after calling `init_weights` of SVTR  

encoder.blocks2.6.mlp.fc1.bias - torch.Size([1024]): 
The value is the same before and after calling `init_weights` of SVTR  

encoder.blocks2.6.mlp.fc2.weight - torch.Size([256, 1024]): 
The value is the same before and after calling `init_weights` of SVTR  

encoder.blocks2.6.mlp.fc2.bias - torch.Size([256]): 
The value is the same before and after calling `init_weights` of SVTR  

encoder.blocks2.7.norm1.weight - torch.Size([256]): 
The value is the same before and after calling `init_weights` of SVTR  

encoder.blocks2.7.norm1.bias - torch.Size([256]): 
The value is the same before and after calling `init_weights` of SVTR  

encoder.blocks2.7.mixer.qkv.weight - torch.Size([768, 256]): 
The value is the same before and after calling `init_weights` of SVTR  

encoder.blocks2.7.mixer.qkv.bias - torch.Size([768]): 
The value is the same before and after calling `init_weights` of SVTR  

encoder.blocks2.7.mixer.proj.weight - torch.Size([256, 256]): 
The value is the same before and after calling `init_weights` of SVTR  

encoder.blocks2.7.mixer.proj.bias - torch.Size([256]): 
The value is the same before and after calling `init_weights` of SVTR  

encoder.blocks2.7.norm2.weight - torch.Size([256]): 
The value is the same before and after calling `init_weights` of SVTR  

encoder.blocks2.7.norm2.bias - torch.Size([256]): 
The value is the same before and after calling `init_weights` of SVTR  

encoder.blocks2.7.mlp.fc1.weight - torch.Size([1024, 256]): 
The value is the same before and after calling `init_weights` of SVTR  

encoder.blocks2.7.mlp.fc1.bias - torch.Size([1024]): 
The value is the same before and after calling `init_weights` of SVTR  

encoder.blocks2.7.mlp.fc2.weight - torch.Size([256, 1024]): 
The value is the same before and after calling `init_weights` of SVTR  

encoder.blocks2.7.mlp.fc2.bias - torch.Size([256]): 
The value is the same before and after calling `init_weights` of SVTR  

encoder.blocks2.8.norm1.weight - torch.Size([256]): 
The value is the same before and after calling `init_weights` of SVTR  

encoder.blocks2.8.norm1.bias - torch.Size([256]): 
The value is the same before and after calling `init_weights` of SVTR  

encoder.blocks2.8.mixer.qkv.weight - torch.Size([768, 256]): 
The value is the same before and after calling `init_weights` of SVTR  

encoder.blocks2.8.mixer.qkv.bias - torch.Size([768]): 
The value is the same before and after calling `init_weights` of SVTR  

encoder.blocks2.8.mixer.proj.weight - torch.Size([256, 256]): 
The value is the same before and after calling `init_weights` of SVTR  

encoder.blocks2.8.mixer.proj.bias - torch.Size([256]): 
The value is the same before and after calling `init_weights` of SVTR  

encoder.blocks2.8.norm2.weight - torch.Size([256]): 
The value is the same before and after calling `init_weights` of SVTR  

encoder.blocks2.8.norm2.bias - torch.Size([256]): 
The value is the same before and after calling `init_weights` of SVTR  

encoder.blocks2.8.mlp.fc1.weight - torch.Size([1024, 256]): 
The value is the same before and after calling `init_weights` of SVTR  

encoder.blocks2.8.mlp.fc1.bias - torch.Size([1024]): 
The value is the same before and after calling `init_weights` of SVTR  

encoder.blocks2.8.mlp.fc2.weight - torch.Size([256, 1024]): 
The value is the same before and after calling `init_weights` of SVTR  

encoder.blocks2.8.mlp.fc2.bias - torch.Size([256]): 
The value is the same before and after calling `init_weights` of SVTR  

encoder.downsample2.conv.weight - torch.Size([512, 256, 3, 3]): 
The value is the same before and after calling `init_weights` of SVTR  

encoder.downsample2.conv.bias - torch.Size([512]): 
The value is the same before and after calling `init_weights` of SVTR  

encoder.downsample2.norm.weight - torch.Size([512]): 
The value is the same before and after calling `init_weights` of SVTR  

encoder.downsample2.norm.bias - torch.Size([512]): 
The value is the same before and after calling `init_weights` of SVTR  

encoder.blocks3.0.norm1.weight - torch.Size([512]): 
The value is the same before and after calling `init_weights` of SVTR  

encoder.blocks3.0.norm1.bias - torch.Size([512]): 
The value is the same before and after calling `init_weights` of SVTR  

encoder.blocks3.0.mixer.qkv.weight - torch.Size([1536, 512]): 
The value is the same before and after calling `init_weights` of SVTR  

encoder.blocks3.0.mixer.qkv.bias - torch.Size([1536]): 
The value is the same before and after calling `init_weights` of SVTR  

encoder.blocks3.0.mixer.proj.weight - torch.Size([512, 512]): 
The value is the same before and after calling `init_weights` of SVTR  

encoder.blocks3.0.mixer.proj.bias - torch.Size([512]): 
The value is the same before and after calling `init_weights` of SVTR  

encoder.blocks3.0.norm2.weight - torch.Size([512]): 
The value is the same before and after calling `init_weights` of SVTR  

encoder.blocks3.0.norm2.bias - torch.Size([512]): 
The value is the same before and after calling `init_weights` of SVTR  

encoder.blocks3.0.mlp.fc1.weight - torch.Size([2048, 512]): 
The value is the same before and after calling `init_weights` of SVTR  

encoder.blocks3.0.mlp.fc1.bias - torch.Size([2048]): 
The value is the same before and after calling `init_weights` of SVTR  

encoder.blocks3.0.mlp.fc2.weight - torch.Size([512, 2048]): 
The value is the same before and after calling `init_weights` of SVTR  

encoder.blocks3.0.mlp.fc2.bias - torch.Size([512]): 
The value is the same before and after calling `init_weights` of SVTR  

encoder.blocks3.1.norm1.weight - torch.Size([512]): 
The value is the same before and after calling `init_weights` of SVTR  

encoder.blocks3.1.norm1.bias - torch.Size([512]): 
The value is the same before and after calling `init_weights` of SVTR  

encoder.blocks3.1.mixer.qkv.weight - torch.Size([1536, 512]): 
The value is the same before and after calling `init_weights` of SVTR  

encoder.blocks3.1.mixer.qkv.bias - torch.Size([1536]): 
The value is the same before and after calling `init_weights` of SVTR  

encoder.blocks3.1.mixer.proj.weight - torch.Size([512, 512]): 
The value is the same before and after calling `init_weights` of SVTR  

encoder.blocks3.1.mixer.proj.bias - torch.Size([512]): 
The value is the same before and after calling `init_weights` of SVTR  

encoder.blocks3.1.norm2.weight - torch.Size([512]): 
The value is the same before and after calling `init_weights` of SVTR  

encoder.blocks3.1.norm2.bias - torch.Size([512]): 
The value is the same before and after calling `init_weights` of SVTR  

encoder.blocks3.1.mlp.fc1.weight - torch.Size([2048, 512]): 
The value is the same before and after calling `init_weights` of SVTR  

encoder.blocks3.1.mlp.fc1.bias - torch.Size([2048]): 
The value is the same before and after calling `init_weights` of SVTR  

encoder.blocks3.1.mlp.fc2.weight - torch.Size([512, 2048]): 
The value is the same before and after calling `init_weights` of SVTR  

encoder.blocks3.1.mlp.fc2.bias - torch.Size([512]): 
The value is the same before and after calling `init_weights` of SVTR  

encoder.blocks3.2.norm1.weight - torch.Size([512]): 
The value is the same before and after calling `init_weights` of SVTR  

encoder.blocks3.2.norm1.bias - torch.Size([512]): 
The value is the same before and after calling `init_weights` of SVTR  

encoder.blocks3.2.mixer.qkv.weight - torch.Size([1536, 512]): 
The value is the same before and after calling `init_weights` of SVTR  

encoder.blocks3.2.mixer.qkv.bias - torch.Size([1536]): 
The value is the same before and after calling `init_weights` of SVTR  

encoder.blocks3.2.mixer.proj.weight - torch.Size([512, 512]): 
The value is the same before and after calling `init_weights` of SVTR  

encoder.blocks3.2.mixer.proj.bias - torch.Size([512]): 
The value is the same before and after calling `init_weights` of SVTR  

encoder.blocks3.2.norm2.weight - torch.Size([512]): 
The value is the same before and after calling `init_weights` of SVTR  

encoder.blocks3.2.norm2.bias - torch.Size([512]): 
The value is the same before and after calling `init_weights` of SVTR  

encoder.blocks3.2.mlp.fc1.weight - torch.Size([2048, 512]): 
The value is the same before and after calling `init_weights` of SVTR  

encoder.blocks3.2.mlp.fc1.bias - torch.Size([2048]): 
The value is the same before and after calling `init_weights` of SVTR  

encoder.blocks3.2.mlp.fc2.weight - torch.Size([512, 2048]): 
The value is the same before and after calling `init_weights` of SVTR  

encoder.blocks3.2.mlp.fc2.bias - torch.Size([512]): 
The value is the same before and after calling `init_weights` of SVTR  

encoder.blocks3.3.norm1.weight - torch.Size([512]): 
The value is the same before and after calling `init_weights` of SVTR  

encoder.blocks3.3.norm1.bias - torch.Size([512]): 
The value is the same before and after calling `init_weights` of SVTR  

encoder.blocks3.3.mixer.qkv.weight - torch.Size([1536, 512]): 
The value is the same before and after calling `init_weights` of SVTR  

encoder.blocks3.3.mixer.qkv.bias - torch.Size([1536]): 
The value is the same before and after calling `init_weights` of SVTR  

encoder.blocks3.3.mixer.proj.weight - torch.Size([512, 512]): 
The value is the same before and after calling `init_weights` of SVTR  

encoder.blocks3.3.mixer.proj.bias - torch.Size([512]): 
The value is the same before and after calling `init_weights` of SVTR  

encoder.blocks3.3.norm2.weight - torch.Size([512]): 
The value is the same before and after calling `init_weights` of SVTR  

encoder.blocks3.3.norm2.bias - torch.Size([512]): 
The value is the same before and after calling `init_weights` of SVTR  

encoder.blocks3.3.mlp.fc1.weight - torch.Size([2048, 512]): 
The value is the same before and after calling `init_weights` of SVTR  

encoder.blocks3.3.mlp.fc1.bias - torch.Size([2048]): 
The value is the same before and after calling `init_weights` of SVTR  

encoder.blocks3.3.mlp.fc2.weight - torch.Size([512, 2048]): 
The value is the same before and after calling `init_weights` of SVTR  

encoder.blocks3.3.mlp.fc2.bias - torch.Size([512]): 
The value is the same before and after calling `init_weights` of SVTR  

encoder.blocks3.4.norm1.weight - torch.Size([512]): 
The value is the same before and after calling `init_weights` of SVTR  

encoder.blocks3.4.norm1.bias - torch.Size([512]): 
The value is the same before and after calling `init_weights` of SVTR  

encoder.blocks3.4.mixer.qkv.weight - torch.Size([1536, 512]): 
The value is the same before and after calling `init_weights` of SVTR  

encoder.blocks3.4.mixer.qkv.bias - torch.Size([1536]): 
The value is the same before and after calling `init_weights` of SVTR  

encoder.blocks3.4.mixer.proj.weight - torch.Size([512, 512]): 
The value is the same before and after calling `init_weights` of SVTR  

encoder.blocks3.4.mixer.proj.bias - torch.Size([512]): 
The value is the same before and after calling `init_weights` of SVTR  

encoder.blocks3.4.norm2.weight - torch.Size([512]): 
The value is the same before and after calling `init_weights` of SVTR  

encoder.blocks3.4.norm2.bias - torch.Size([512]): 
The value is the same before and after calling `init_weights` of SVTR  

encoder.blocks3.4.mlp.fc1.weight - torch.Size([2048, 512]): 
The value is the same before and after calling `init_weights` of SVTR  

encoder.blocks3.4.mlp.fc1.bias - torch.Size([2048]): 
The value is the same before and after calling `init_weights` of SVTR  

encoder.blocks3.4.mlp.fc2.weight - torch.Size([512, 2048]): 
The value is the same before and after calling `init_weights` of SVTR  

encoder.blocks3.4.mlp.fc2.bias - torch.Size([512]): 
The value is the same before and after calling `init_weights` of SVTR  

encoder.blocks3.5.norm1.weight - torch.Size([512]): 
The value is the same before and after calling `init_weights` of SVTR  

encoder.blocks3.5.norm1.bias - torch.Size([512]): 
The value is the same before and after calling `init_weights` of SVTR  

encoder.blocks3.5.mixer.qkv.weight - torch.Size([1536, 512]): 
The value is the same before and after calling `init_weights` of SVTR  

encoder.blocks3.5.mixer.qkv.bias - torch.Size([1536]): 
The value is the same before and after calling `init_weights` of SVTR  

encoder.blocks3.5.mixer.proj.weight - torch.Size([512, 512]): 
The value is the same before and after calling `init_weights` of SVTR  

encoder.blocks3.5.mixer.proj.bias - torch.Size([512]): 
The value is the same before and after calling `init_weights` of SVTR  

encoder.blocks3.5.norm2.weight - torch.Size([512]): 
The value is the same before and after calling `init_weights` of SVTR  

encoder.blocks3.5.norm2.bias - torch.Size([512]): 
The value is the same before and after calling `init_weights` of SVTR  

encoder.blocks3.5.mlp.fc1.weight - torch.Size([2048, 512]): 
The value is the same before and after calling `init_weights` of SVTR  

encoder.blocks3.5.mlp.fc1.bias - torch.Size([2048]): 
The value is the same before and after calling `init_weights` of SVTR  

encoder.blocks3.5.mlp.fc2.weight - torch.Size([512, 2048]): 
The value is the same before and after calling `init_weights` of SVTR  

encoder.blocks3.5.mlp.fc2.bias - torch.Size([512]): 
The value is the same before and after calling `init_weights` of SVTR  

encoder.blocks3.6.norm1.weight - torch.Size([512]): 
The value is the same before and after calling `init_weights` of SVTR  

encoder.blocks3.6.norm1.bias - torch.Size([512]): 
The value is the same before and after calling `init_weights` of SVTR  

encoder.blocks3.6.mixer.qkv.weight - torch.Size([1536, 512]): 
The value is the same before and after calling `init_weights` of SVTR  

encoder.blocks3.6.mixer.qkv.bias - torch.Size([1536]): 
The value is the same before and after calling `init_weights` of SVTR  

encoder.blocks3.6.mixer.proj.weight - torch.Size([512, 512]): 
The value is the same before and after calling `init_weights` of SVTR  

encoder.blocks3.6.mixer.proj.bias - torch.Size([512]): 
The value is the same before and after calling `init_weights` of SVTR  

encoder.blocks3.6.norm2.weight - torch.Size([512]): 
The value is the same before and after calling `init_weights` of SVTR  

encoder.blocks3.6.norm2.bias - torch.Size([512]): 
The value is the same before and after calling `init_weights` of SVTR  

encoder.blocks3.6.mlp.fc1.weight - torch.Size([2048, 512]): 
The value is the same before and after calling `init_weights` of SVTR  

encoder.blocks3.6.mlp.fc1.bias - torch.Size([2048]): 
The value is the same before and after calling `init_weights` of SVTR  

encoder.blocks3.6.mlp.fc2.weight - torch.Size([512, 2048]): 
The value is the same before and after calling `init_weights` of SVTR  

encoder.blocks3.6.mlp.fc2.bias - torch.Size([512]): 
The value is the same before and after calling `init_weights` of SVTR  

encoder.blocks3.7.norm1.weight - torch.Size([512]): 
The value is the same before and after calling `init_weights` of SVTR  

encoder.blocks3.7.norm1.bias - torch.Size([512]): 
The value is the same before and after calling `init_weights` of SVTR  

encoder.blocks3.7.mixer.qkv.weight - torch.Size([1536, 512]): 
The value is the same before and after calling `init_weights` of SVTR  

encoder.blocks3.7.mixer.qkv.bias - torch.Size([1536]): 
The value is the same before and after calling `init_weights` of SVTR  

encoder.blocks3.7.mixer.proj.weight - torch.Size([512, 512]): 
The value is the same before and after calling `init_weights` of SVTR  

encoder.blocks3.7.mixer.proj.bias - torch.Size([512]): 
The value is the same before and after calling `init_weights` of SVTR  

encoder.blocks3.7.norm2.weight - torch.Size([512]): 
The value is the same before and after calling `init_weights` of SVTR  

encoder.blocks3.7.norm2.bias - torch.Size([512]): 
The value is the same before and after calling `init_weights` of SVTR  

encoder.blocks3.7.mlp.fc1.weight - torch.Size([2048, 512]): 
The value is the same before and after calling `init_weights` of SVTR  

encoder.blocks3.7.mlp.fc1.bias - torch.Size([2048]): 
The value is the same before and after calling `init_weights` of SVTR  

encoder.blocks3.7.mlp.fc2.weight - torch.Size([512, 2048]): 
The value is the same before and after calling `init_weights` of SVTR  

encoder.blocks3.7.mlp.fc2.bias - torch.Size([512]): 
The value is the same before and after calling `init_weights` of SVTR  

encoder.blocks3.8.norm1.weight - torch.Size([512]): 
The value is the same before and after calling `init_weights` of SVTR  

encoder.blocks3.8.norm1.bias - torch.Size([512]): 
The value is the same before and after calling `init_weights` of SVTR  

encoder.blocks3.8.mixer.qkv.weight - torch.Size([1536, 512]): 
The value is the same before and after calling `init_weights` of SVTR  

encoder.blocks3.8.mixer.qkv.bias - torch.Size([1536]): 
The value is the same before and after calling `init_weights` of SVTR  

encoder.blocks3.8.mixer.proj.weight - torch.Size([512, 512]): 
The value is the same before and after calling `init_weights` of SVTR  

encoder.blocks3.8.mixer.proj.bias - torch.Size([512]): 
The value is the same before and after calling `init_weights` of SVTR  

encoder.blocks3.8.norm2.weight - torch.Size([512]): 
The value is the same before and after calling `init_weights` of SVTR  

encoder.blocks3.8.norm2.bias - torch.Size([512]): 
The value is the same before and after calling `init_weights` of SVTR  

encoder.blocks3.8.mlp.fc1.weight - torch.Size([2048, 512]): 
The value is the same before and after calling `init_weights` of SVTR  

encoder.blocks3.8.mlp.fc1.bias - torch.Size([2048]): 
The value is the same before and after calling `init_weights` of SVTR  

encoder.blocks3.8.mlp.fc2.weight - torch.Size([512, 2048]): 
The value is the same before and after calling `init_weights` of SVTR  

encoder.blocks3.8.mlp.fc2.bias - torch.Size([512]): 
The value is the same before and after calling `init_weights` of SVTR  

encoder.layer_norm.weight - torch.Size([512]): 
The value is the same before and after calling `init_weights` of SVTR  

encoder.layer_norm.bias - torch.Size([512]): 
The value is the same before and after calling `init_weights` of SVTR  

encoder.last_conv.weight - torch.Size([384, 512, 1, 1]): 
The value is the same before and after calling `init_weights` of SVTR  

decoder.decoder.weight - torch.Size([5885, 384]): 
The value is the same before and after calling `init_weights` of SVTR  

decoder.decoder.bias - torch.Size([5885]): 
The value is the same before and after calling `init_weights` of SVTR  
2026/01/12 11:27:58 - mmengine - WARNING - "FileClient" will be deprecated in future. Please use io functions in https://mmengine.readthedocs.io/en/latest/api/fileio.html#file-io
2026/01/12 11:27:58 - mmengine - WARNING - "HardDiskBackend" is the alias of "LocalBackend" and the former will be deprecated in future.
2026/01/12 11:27:58 - mmengine - INFO - Checkpoints will be saved to /root/lanyun-tmp/mmocr/work_dirs/svtr-large_pretrain_cn_scene_tpspp.
2026/01/12 11:28:27 - mmengine - INFO - Epoch(train)  [1][  50/7793]  lr: 1.2539e-04  eta: 1 day, 1:07:49  time: 0.4855  data_time: 0.0022  memory: 18933  loss: 7.9731  loss_ctc: 7.9731
2026/01/12 11:28:51 - mmengine - INFO - Epoch(train)  [1][ 100/7793]  lr: 1.2579e-04  eta: 23:06:44  time: 0.4851  data_time: 0.0027  memory: 18933  loss: 7.4466  loss_ctc: 7.4466
2026/01/12 11:29:15 - mmengine - INFO - Epoch(train)  [1][ 150/7793]  lr: 1.2620e-04  eta: 22:13:52  time: 0.4609  data_time: 0.0020  memory: 18933  loss: 7.4432  loss_ctc: 7.4432
2026/01/12 11:29:39 - mmengine - INFO - Epoch(train)  [1][ 200/7793]  lr: 1.2660e-04  eta: 21:48:47  time: 0.4698  data_time: 0.0018  memory: 18933  loss: 7.3790  loss_ctc: 7.3790
2026/01/12 11:30:03 - mmengine - INFO - Epoch(train)  [1][ 250/7793]  lr: 1.2700e-04  eta: 21:35:01  time: 0.4889  data_time: 0.0020  memory: 18933  loss: 7.3980  loss_ctc: 7.3980
2026/01/12 11:30:27 - mmengine - INFO - Epoch(train)  [1][ 300/7793]  lr: 1.2740e-04  eta: 21:25:15  time: 0.4874  data_time: 0.0020  memory: 18933  loss: 7.3328  loss_ctc: 7.3328
2026/01/12 11:30:51 - mmengine - INFO - Epoch(train)  [1][ 350/7793]  lr: 1.2780e-04  eta: 21:18:34  time: 0.4865  data_time: 0.0019  memory: 18933  loss: 7.2640  loss_ctc: 7.2640
2026/01/12 11:31:15 - mmengine - INFO - Epoch(train)  [1][ 400/7793]  lr: 1.2820e-04  eta: 21:13:26  time: 0.5016  data_time: 0.0020  memory: 18933  loss: 7.2246  loss_ctc: 7.2246
2026/01/12 11:31:38 - mmengine - INFO - Epoch(train)  [1][ 450/7793]  lr: 1.2860e-04  eta: 21:07:10  time: 0.4657  data_time: 0.0018  memory: 18933  loss: 7.2475  loss_ctc: 7.2475
2026/01/12 11:32:02 - mmengine - INFO - Epoch(train)  [1][ 500/7793]  lr: 1.2900e-04  eta: 21:03:18  time: 0.4782  data_time: 0.0018  memory: 18933  loss: 7.2943  loss_ctc: 7.2943
2026/01/12 11:32:26 - mmengine - INFO - Epoch(train)  [1][ 550/7793]  lr: 1.2940e-04  eta: 21:01:32  time: 0.4741  data_time: 0.0020  memory: 18933  loss: 7.2798  loss_ctc: 7.2798
2026/01/12 11:32:50 - mmengine - INFO - Epoch(train)  [1][ 600/7793]  lr: 1.2980e-04  eta: 20:59:07  time: 0.4670  data_time: 0.0019  memory: 18933  loss: 7.2243  loss_ctc: 7.2243
2026/01/12 11:33:14 - mmengine - INFO - Epoch(train)  [1][ 650/7793]  lr: 1.3021e-04  eta: 20:57:43  time: 0.4827  data_time: 0.0018  memory: 18933  loss: 7.1216  loss_ctc: 7.1216
2026/01/12 11:33:38 - mmengine - INFO - Epoch(train)  [1][ 700/7793]  lr: 1.3061e-04  eta: 20:55:57  time: 0.4992  data_time: 0.0018  memory: 18933  loss: 7.1349  loss_ctc: 7.1349
2026/01/12 11:34:02 - mmengine - INFO - Epoch(train)  [1][ 750/7793]  lr: 1.3101e-04  eta: 20:54:41  time: 0.4887  data_time: 0.0019  memory: 18933  loss: 7.1977  loss_ctc: 7.1977
2026/01/12 11:34:26 - mmengine - INFO - Epoch(train)  [1][ 800/7793]  lr: 1.3141e-04  eta: 20:52:19  time: 0.4744  data_time: 0.0019  memory: 18933  loss: 7.0583  loss_ctc: 7.0583
2026/01/12 11:34:49 - mmengine - INFO - Epoch(train)  [1][ 850/7793]  lr: 1.3181e-04  eta: 20:50:42  time: 0.4656  data_time: 0.0018  memory: 18933  loss: 7.1008  loss_ctc: 7.1008
2026/01/12 11:35:13 - mmengine - INFO - Epoch(train)  [1][ 900/7793]  lr: 1.3221e-04  eta: 20:49:16  time: 0.4863  data_time: 0.0019  memory: 18933  loss: 7.0705  loss_ctc: 7.0705
2026/01/12 11:35:37 - mmengine - INFO - Epoch(train)  [1][ 950/7793]  lr: 1.3261e-04  eta: 20:47:49  time: 0.4588  data_time: 0.0018  memory: 18933  loss: 6.9831  loss_ctc: 6.9831
2026/01/12 11:36:01 - mmengine - INFO - Exp name: svtr-large_pretrain_cn_scene_tpspp_20260112_112654
2026/01/12 11:36:01 - mmengine - INFO - Epoch(train)  [1][1000/7793]  lr: 1.3301e-04  eta: 20:46:47  time: 0.4710  data_time: 0.0018  memory: 18933  loss: 6.9845  loss_ctc: 6.9845
2026/01/12 11:36:25 - mmengine - INFO - Epoch(train)  [1][1050/7793]  lr: 1.3341e-04  eta: 20:46:03  time: 0.5060  data_time: 0.0020  memory: 18933  loss: 6.9441  loss_ctc: 6.9441
2026/01/12 11:36:49 - mmengine - INFO - Epoch(train)  [1][1100/7793]  lr: 1.3381e-04  eta: 20:44:43  time: 0.4950  data_time: 0.0019  memory: 18933  loss: 6.9427  loss_ctc: 6.9427
2026/01/12 11:37:12 - mmengine - INFO - Epoch(train)  [1][1150/7793]  lr: 1.3422e-04  eta: 20:42:26  time: 0.4632  data_time: 0.0018  memory: 18933  loss: 6.8620  loss_ctc: 6.8620
2026/01/12 11:37:36 - mmengine - INFO - Epoch(train)  [1][1200/7793]  lr: 1.3462e-04  eta: 20:41:28  time: 0.4757  data_time: 0.0022  memory: 18933  loss: 6.8795  loss_ctc: 6.8795
2026/01/12 11:38:00 - mmengine - INFO - Epoch(train)  [1][1250/7793]  lr: 1.3502e-04  eta: 20:40:54  time: 0.4846  data_time: 0.0019  memory: 18933  loss: 6.8917  loss_ctc: 6.8917
2026/01/12 11:38:24 - mmengine - INFO - Epoch(train)  [1][1300/7793]  lr: 1.3542e-04  eta: 20:39:51  time: 0.4644  data_time: 0.0018  memory: 18933  loss: 6.8727  loss_ctc: 6.8727
2026/01/12 11:38:48 - mmengine - INFO - Epoch(train)  [1][1350/7793]  lr: 1.3582e-04  eta: 20:39:09  time: 0.4975  data_time: 0.0021  memory: 18933  loss: 6.8350  loss_ctc: 6.8350
2026/01/12 11:39:12 - mmengine - INFO - Epoch(train)  [1][1400/7793]  lr: 1.3622e-04  eta: 20:38:44  time: 0.4740  data_time: 0.0019  memory: 18933  loss: 6.8685  loss_ctc: 6.8685
2026/01/12 11:39:35 - mmengine - INFO - Epoch(train)  [1][1450/7793]  lr: 1.3662e-04  eta: 20:37:54  time: 0.4601  data_time: 0.0019  memory: 18933  loss: 6.8338  loss_ctc: 6.8338
2026/01/12 11:40:00 - mmengine - INFO - Epoch(train)  [1][1500/7793]  lr: 1.3702e-04  eta: 20:37:49  time: 0.4865  data_time: 0.0019  memory: 18933  loss: 6.7935  loss_ctc: 6.7935
2026/01/12 11:40:24 - mmengine - INFO - Epoch(train)  [1][1550/7793]  lr: 1.3742e-04  eta: 20:37:11  time: 0.4789  data_time: 0.0019  memory: 18933  loss: 6.7733  loss_ctc: 6.7733
2026/01/12 11:40:47 - mmengine - INFO - Epoch(train)  [1][1600/7793]  lr: 1.3782e-04  eta: 20:36:29  time: 0.4723  data_time: 0.0019  memory: 18933  loss: 6.6605  loss_ctc: 6.6605
2026/01/12 11:41:11 - mmengine - INFO - Epoch(train)  [1][1650/7793]  lr: 1.3823e-04  eta: 20:36:01  time: 0.4732  data_time: 0.0019  memory: 18933  loss: 6.6598  loss_ctc: 6.6598
2026/01/12 11:41:35 - mmengine - INFO - Epoch(train)  [1][1700/7793]  lr: 1.3863e-04  eta: 20:35:16  time: 0.4653  data_time: 0.0018  memory: 18933  loss: 6.7312  loss_ctc: 6.7312
2026/01/12 11:41:59 - mmengine - INFO - Epoch(train)  [1][1750/7793]  lr: 1.3903e-04  eta: 20:34:23  time: 0.4725  data_time: 0.0019  memory: 18933  loss: 6.7302  loss_ctc: 6.7302
2026/01/12 11:42:23 - mmengine - INFO - Epoch(train)  [1][1800/7793]  lr: 1.3943e-04  eta: 20:33:47  time: 0.4725  data_time: 0.0019  memory: 18933  loss: 6.7639  loss_ctc: 6.7639
2026/01/12 11:42:47 - mmengine - INFO - Epoch(train)  [1][1850/7793]  lr: 1.3983e-04  eta: 20:33:01  time: 0.4753  data_time: 0.0020  memory: 18933  loss: 6.6155  loss_ctc: 6.6155
2026/01/12 11:43:10 - mmengine - INFO - Epoch(train)  [1][1900/7793]  lr: 1.4023e-04  eta: 20:32:10  time: 0.4709  data_time: 0.0018  memory: 18933  loss: 6.6009  loss_ctc: 6.6009
2026/01/12 11:43:34 - mmengine - INFO - Epoch(train)  [1][1950/7793]  lr: 1.4063e-04  eta: 20:31:54  time: 0.5012  data_time: 0.0020  memory: 18933  loss: 6.5599  loss_ctc: 6.5599
2026/01/12 11:43:58 - mmengine - INFO - Exp name: svtr-large_pretrain_cn_scene_tpspp_20260112_112654
2026/01/12 11:43:58 - mmengine - INFO - Epoch(train)  [1][2000/7793]  lr: 1.4103e-04  eta: 20:31:21  time: 0.4941  data_time: 0.0020  memory: 18933  loss: 6.6474  loss_ctc: 6.6474
2026/01/12 11:44:22 - mmengine - INFO - Epoch(train)  [1][2050/7793]  lr: 1.4143e-04  eta: 20:30:20  time: 0.4648  data_time: 0.0018  memory: 18933  loss: 6.5747  loss_ctc: 6.5747
2026/01/12 11:44:46 - mmengine - INFO - Epoch(train)  [1][2100/7793]  lr: 1.4184e-04  eta: 20:29:47  time: 0.4722  data_time: 0.0018  memory: 18933  loss: 6.6440  loss_ctc: 6.6440
2026/01/12 11:45:10 - mmengine - INFO - Epoch(train)  [1][2150/7793]  lr: 1.4224e-04  eta: 20:29:24  time: 0.4837  data_time: 0.0021  memory: 18933  loss: 6.5737  loss_ctc: 6.5737
2026/01/12 11:45:34 - mmengine - INFO - Epoch(train)  [1][2200/7793]  lr: 1.4264e-04  eta: 20:28:45  time: 0.4729  data_time: 0.0019  memory: 18933  loss: 6.5544  loss_ctc: 6.5544
2026/01/12 11:45:58 - mmengine - INFO - Epoch(train)  [1][2250/7793]  lr: 1.4304e-04  eta: 20:28:27  time: 0.4902  data_time: 0.0019  memory: 18933  loss: 6.5652  loss_ctc: 6.5652
2026/01/12 11:46:22 - mmengine - INFO - Epoch(train)  [1][2300/7793]  lr: 1.4344e-04  eta: 20:28:06  time: 0.4800  data_time: 0.0019  memory: 18933  loss: 6.5067  loss_ctc: 6.5067
2026/01/12 11:46:45 - mmengine - INFO - Epoch(train)  [1][2350/7793]  lr: 1.4384e-04  eta: 20:27:06  time: 0.4743  data_time: 0.0019  memory: 18933  loss: 6.4967  loss_ctc: 6.4967
2026/01/12 11:47:09 - mmengine - INFO - Epoch(train)  [1][2400/7793]  lr: 1.4424e-04  eta: 20:26:25  time: 0.4681  data_time: 0.0019  memory: 18933  loss: 6.5106  loss_ctc: 6.5106
2026/01/12 11:47:33 - mmengine - INFO - Epoch(train)  [1][2450/7793]  lr: 1.4464e-04  eta: 20:26:07  time: 0.4648  data_time: 0.0019  memory: 18933  loss: 6.5859  loss_ctc: 6.5859
2026/01/12 11:47:57 - mmengine - INFO - Epoch(train)  [1][2500/7793]  lr: 1.4504e-04  eta: 20:25:55  time: 0.4858  data_time: 0.0019  memory: 18933  loss: 6.4926  loss_ctc: 6.4926
2026/01/12 11:48:21 - mmengine - INFO - Epoch(train)  [1][2550/7793]  lr: 1.4544e-04  eta: 20:25:26  time: 0.4763  data_time: 0.0019  memory: 18933  loss: 6.4510  loss_ctc: 6.4510
2026/01/12 11:48:45 - mmengine - INFO - Epoch(train)  [1][2600/7793]  lr: 1.4585e-04  eta: 20:24:56  time: 0.4729  data_time: 0.0021  memory: 18933  loss: 6.4122  loss_ctc: 6.4122
2026/01/12 11:49:09 - mmengine - INFO - Epoch(train)  [1][2650/7793]  lr: 1.4625e-04  eta: 20:24:24  time: 0.4736  data_time: 0.0020  memory: 18933  loss: 6.4749  loss_ctc: 6.4749
2026/01/12 11:49:33 - mmengine - INFO - Epoch(train)  [1][2700/7793]  lr: 1.4665e-04  eta: 20:23:56  time: 0.4988  data_time: 0.0021  memory: 18933  loss: 6.4211  loss_ctc: 6.4211
2026/01/12 11:49:57 - mmengine - INFO - Epoch(train)  [1][2750/7793]  lr: 1.4705e-04  eta: 20:23:46  time: 0.5002  data_time: 0.0019  memory: 18933  loss: 6.4528  loss_ctc: 6.4528
2026/01/12 11:50:21 - mmengine - INFO - Epoch(train)  [1][2800/7793]  lr: 1.4745e-04  eta: 20:23:27  time: 0.4930  data_time: 0.0022  memory: 18933  loss: 6.3306  loss_ctc: 6.3306
2026/01/12 11:50:45 - mmengine - INFO - Epoch(train)  [1][2850/7793]  lr: 1.4785e-04  eta: 20:23:13  time: 0.4824  data_time: 0.0020  memory: 18933  loss: 6.3480  loss_ctc: 6.3480
2026/01/12 11:51:09 - mmengine - INFO - Epoch(train)  [1][2900/7793]  lr: 1.4825e-04  eta: 20:22:36  time: 0.4701  data_time: 0.0019  memory: 18933  loss: 6.3892  loss_ctc: 6.3892
2026/01/12 11:51:32 - mmengine - INFO - Epoch(train)  [1][2950/7793]  lr: 1.4865e-04  eta: 20:21:53  time: 0.4754  data_time: 0.0021  memory: 18933  loss: 6.2650  loss_ctc: 6.2650
2026/01/12 11:51:56 - mmengine - INFO - Exp name: svtr-large_pretrain_cn_scene_tpspp_20260112_112654
2026/01/12 11:51:56 - mmengine - INFO - Epoch(train)  [1][3000/7793]  lr: 1.4905e-04  eta: 20:21:11  time: 0.4788  data_time: 0.0019  memory: 18933  loss: 6.4367  loss_ctc: 6.4367
2026/01/12 11:52:20 - mmengine - INFO - Epoch(train)  [1][3050/7793]  lr: 1.4945e-04  eta: 20:20:45  time: 0.4845  data_time: 0.0020  memory: 18933  loss: 6.2685  loss_ctc: 6.2685
2026/01/12 11:52:44 - mmengine - INFO - Epoch(train)  [1][3100/7793]  lr: 1.4986e-04  eta: 20:20:20  time: 0.4958  data_time: 0.0020  memory: 18933  loss: 6.3419  loss_ctc: 6.3419
2026/01/12 11:53:08 - mmengine - INFO - Epoch(train)  [1][3150/7793]  lr: 1.5026e-04  eta: 20:19:51  time: 0.4713  data_time: 0.0019  memory: 18933  loss: 6.1790  loss_ctc: 6.1790
2026/01/12 11:53:32 - mmengine - INFO - Epoch(train)  [1][3200/7793]  lr: 1.5066e-04  eta: 20:19:36  time: 0.4816  data_time: 0.0020  memory: 18933  loss: 6.2194  loss_ctc: 6.2194
2026/01/12 11:53:56 - mmengine - INFO - Epoch(train)  [1][3250/7793]  lr: 1.5106e-04  eta: 20:19:10  time: 0.4756  data_time: 0.0020  memory: 18933  loss: 6.2137  loss_ctc: 6.2137
2026/01/12 11:54:20 - mmengine - INFO - Epoch(train)  [1][3300/7793]  lr: 1.5146e-04  eta: 20:18:32  time: 0.4773  data_time: 0.0019  memory: 18933  loss: 6.2390  loss_ctc: 6.2390
2026/01/12 11:54:44 - mmengine - INFO - Epoch(train)  [1][3350/7793]  lr: 1.5186e-04  eta: 20:18:23  time: 0.4743  data_time: 0.0019  memory: 18933  loss: 6.1725  loss_ctc: 6.1725
2026/01/12 11:55:08 - mmengine - INFO - Epoch(train)  [1][3400/7793]  lr: 1.5226e-04  eta: 20:18:01  time: 0.4817  data_time: 0.0020  memory: 18933  loss: 6.1041  loss_ctc: 6.1041
2026/01/12 11:55:32 - mmengine - INFO - Epoch(train)  [1][3450/7793]  lr: 1.5266e-04  eta: 20:17:30  time: 0.4844  data_time: 0.0019  memory: 18933  loss: 6.0993  loss_ctc: 6.0993
2026/01/12 11:55:55 - mmengine - INFO - Epoch(train)  [1][3500/7793]  lr: 1.5306e-04  eta: 20:16:57  time: 0.4830  data_time: 0.0020  memory: 18933  loss: 6.0747  loss_ctc: 6.0747
2026/01/12 11:56:19 - mmengine - INFO - Epoch(train)  [1][3550/7793]  lr: 1.5346e-04  eta: 20:16:33  time: 0.4746  data_time: 0.0019  memory: 18933  loss: 6.0697  loss_ctc: 6.0697
2026/01/12 11:56:43 - mmengine - INFO - Epoch(train)  [1][3600/7793]  lr: 1.5387e-04  eta: 20:16:10  time: 0.4849  data_time: 0.0023  memory: 18933  loss: 5.9596  loss_ctc: 5.9596
2026/01/12 11:57:07 - mmengine - INFO - Epoch(train)  [1][3650/7793]  lr: 1.5427e-04  eta: 20:15:35  time: 0.4594  data_time: 0.0018  memory: 18933  loss: 6.0489  loss_ctc: 6.0489
2026/01/12 11:57:31 - mmengine - INFO - Epoch(train)  [1][3700/7793]  lr: 1.5467e-04  eta: 20:15:20  time: 0.4798  data_time: 0.0019  memory: 18933  loss: 5.9671  loss_ctc: 5.9671
2026/01/12 11:57:55 - mmengine - INFO - Epoch(train)  [1][3750/7793]  lr: 1.5507e-04  eta: 20:14:53  time: 0.4971  data_time: 0.0021  memory: 18933  loss: 5.8231  loss_ctc: 5.8231
2026/01/12 11:58:19 - mmengine - INFO - Epoch(train)  [1][3800/7793]  lr: 1.5547e-04  eta: 20:14:14  time: 0.4772  data_time: 0.0020  memory: 18933  loss: 5.8469  loss_ctc: 5.8469
2026/01/12 11:58:43 - mmengine - INFO - Epoch(train)  [1][3850/7793]  lr: 1.5587e-04  eta: 20:13:48  time: 0.5132  data_time: 0.0020  memory: 18933  loss: 5.9131  loss_ctc: 5.9131
2026/01/12 11:59:07 - mmengine - INFO - Epoch(train)  [1][3900/7793]  lr: 1.5627e-04  eta: 20:13:22  time: 0.4710  data_time: 0.0023  memory: 18933  loss: 5.8264  loss_ctc: 5.8264
2026/01/12 11:59:30 - mmengine - INFO - Epoch(train)  [1][3950/7793]  lr: 1.5667e-04  eta: 20:12:51  time: 0.4677  data_time: 0.0019  memory: 18933  loss: 5.7034  loss_ctc: 5.7034
2026/01/12 11:59:54 - mmengine - INFO - Exp name: svtr-large_pretrain_cn_scene_tpspp_20260112_112654
2026/01/12 11:59:54 - mmengine - INFO - Epoch(train)  [1][4000/7793]  lr: 1.5707e-04  eta: 20:12:28  time: 0.4681  data_time: 0.0019  memory: 18933  loss: 5.6505  loss_ctc: 5.6505
2026/01/12 12:00:18 - mmengine - INFO - Epoch(train)  [1][4050/7793]  lr: 1.5748e-04  eta: 20:12:04  time: 0.4736  data_time: 0.0019  memory: 18933  loss: 5.6996  loss_ctc: 5.6996
2026/01/12 12:00:42 - mmengine - INFO - Epoch(train)  [1][4100/7793]  lr: 1.5788e-04  eta: 20:11:44  time: 0.4815  data_time: 0.0020  memory: 18933  loss: 5.6694  loss_ctc: 5.6694
2026/01/12 12:01:07 - mmengine - INFO - Epoch(train)  [1][4150/7793]  lr: 1.5828e-04  eta: 20:11:40  time: 0.4941  data_time: 0.0019  memory: 18933  loss: 5.5353  loss_ctc: 5.5353
2026/01/12 12:01:31 - mmengine - INFO - Epoch(train)  [1][4200/7793]  lr: 1.5868e-04  eta: 20:11:10  time: 0.4652  data_time: 0.0020  memory: 18933  loss: 5.5942  loss_ctc: 5.5942
2026/01/12 12:01:54 - mmengine - INFO - Epoch(train)  [1][4250/7793]  lr: 1.5908e-04  eta: 20:10:44  time: 0.4820  data_time: 0.0020  memory: 18933  loss: 5.5783  loss_ctc: 5.5783
2026/01/12 12:02:18 - mmengine - INFO - Epoch(train)  [1][4300/7793]  lr: 1.5948e-04  eta: 20:10:09  time: 0.4652  data_time: 0.0019  memory: 18933  loss: 5.4377  loss_ctc: 5.4377
2026/01/12 12:02:42 - mmengine - INFO - Epoch(train)  [1][4350/7793]  lr: 1.5988e-04  eta: 20:09:47  time: 0.4688  data_time: 0.0020  memory: 18933  loss: 5.2823  loss_ctc: 5.2823
2026/01/12 12:03:06 - mmengine - INFO - Epoch(train)  [1][4400/7793]  lr: 1.6028e-04  eta: 20:09:34  time: 0.5012  data_time: 0.0022  memory: 18933  loss: 5.2750  loss_ctc: 5.2750
2026/01/12 12:03:30 - mmengine - INFO - Epoch(train)  [1][4450/7793]  lr: 1.6068e-04  eta: 20:09:02  time: 0.4721  data_time: 0.0020  memory: 18933  loss: 5.2108  loss_ctc: 5.2108
2026/01/12 12:03:54 - mmengine - INFO - Epoch(train)  [1][4500/7793]  lr: 1.6108e-04  eta: 20:08:30  time: 0.4657  data_time: 0.0020  memory: 18933  loss: 5.0402  loss_ctc: 5.0402
2026/01/12 12:04:18 - mmengine - INFO - Epoch(train)  [1][4550/7793]  lr: 1.6149e-04  eta: 20:08:10  time: 0.5058  data_time: 0.0025  memory: 18933  loss: 5.0521  loss_ctc: 5.0521
2026/01/12 12:04:42 - mmengine - INFO - Epoch(train)  [1][4600/7793]  lr: 1.6189e-04  eta: 20:07:34  time: 0.4806  data_time: 0.0020  memory: 18933  loss: 5.0330  loss_ctc: 5.0330
2026/01/12 12:05:05 - mmengine - INFO - Epoch(train)  [1][4650/7793]  lr: 1.6229e-04  eta: 20:07:11  time: 0.4695  data_time: 0.0019  memory: 18933  loss: 4.9875  loss_ctc: 4.9875
2026/01/12 12:05:29 - mmengine - INFO - Epoch(train)  [1][4700/7793]  lr: 1.6269e-04  eta: 20:06:42  time: 0.4767  data_time: 0.0022  memory: 18933  loss: 4.9248  loss_ctc: 4.9248
2026/01/12 12:05:53 - mmengine - INFO - Epoch(train)  [1][4750/7793]  lr: 1.6309e-04  eta: 20:06:15  time: 0.4590  data_time: 0.0020  memory: 18933  loss: 4.8315  loss_ctc: 4.8315
2026/01/12 12:06:17 - mmengine - INFO - Epoch(train)  [1][4800/7793]  lr: 1.6349e-04  eta: 20:05:54  time: 0.4609  data_time: 0.0019  memory: 18933  loss: 4.8998  loss_ctc: 4.8998
2026/01/12 12:06:41 - mmengine - INFO - Epoch(train)  [1][4850/7793]  lr: 1.6389e-04  eta: 20:05:31  time: 0.4703  data_time: 0.0025  memory: 18933  loss: 4.7096  loss_ctc: 4.7096
2026/01/12 12:07:05 - mmengine - INFO - Epoch(train)  [1][4900/7793]  lr: 1.6429e-04  eta: 20:05:06  time: 0.4632  data_time: 0.0019  memory: 18933  loss: 4.7433  loss_ctc: 4.7433
2026/01/12 12:07:29 - mmengine - INFO - Epoch(train)  [1][4950/7793]  lr: 1.6469e-04  eta: 20:04:48  time: 0.4962  data_time: 0.0019  memory: 18933  loss: 4.7074  loss_ctc: 4.7074
2026/01/12 12:07:53 - mmengine - INFO - Exp name: svtr-large_pretrain_cn_scene_tpspp_20260112_112654
2026/01/12 12:07:53 - mmengine - INFO - Epoch(train)  [1][5000/7793]  lr: 1.6509e-04  eta: 20:04:27  time: 0.4674  data_time: 0.0019  memory: 18933  loss: 4.6405  loss_ctc: 4.6405
2026/01/12 12:08:17 - mmengine - INFO - Epoch(train)  [1][5050/7793]  lr: 1.6550e-04  eta: 20:04:01  time: 0.4645  data_time: 0.0019  memory: 18933  loss: 4.4777  loss_ctc: 4.4777
2026/01/12 12:08:41 - mmengine - INFO - Epoch(train)  [1][5100/7793]  lr: 1.6590e-04  eta: 20:03:38  time: 0.4798  data_time: 0.0019  memory: 18933  loss: 4.3945  loss_ctc: 4.3945
2026/01/12 12:09:05 - mmengine - INFO - Epoch(train)  [1][5150/7793]  lr: 1.6630e-04  eta: 20:03:11  time: 0.4659  data_time: 0.0019  memory: 18933  loss: 4.4335  loss_ctc: 4.4335
2026/01/12 12:09:29 - mmengine - INFO - Epoch(train)  [1][5200/7793]  lr: 1.6670e-04  eta: 20:02:52  time: 0.4808  data_time: 0.0021  memory: 18933  loss: 4.2715  loss_ctc: 4.2715
2026/01/12 12:09:53 - mmengine - INFO - Epoch(train)  [1][5250/7793]  lr: 1.6710e-04  eta: 20:02:22  time: 0.4638  data_time: 0.0020  memory: 18933  loss: 4.3347  loss_ctc: 4.3347
2026/01/12 12:10:17 - mmengine - INFO - Epoch(train)  [1][5300/7793]  lr: 1.6750e-04  eta: 20:02:01  time: 0.4796  data_time: 0.0019  memory: 18933  loss: 4.2580  loss_ctc: 4.2580
2026/01/12 12:10:41 - mmengine - INFO - Epoch(train)  [1][5350/7793]  lr: 1.6790e-04  eta: 20:01:42  time: 0.4816  data_time: 0.0022  memory: 18933  loss: 4.1017  loss_ctc: 4.1017
2026/01/12 12:11:05 - mmengine - INFO - Epoch(train)  [1][5400/7793]  lr: 1.6830e-04  eta: 20:01:13  time: 0.4778  data_time: 0.0019  memory: 18933  loss: 4.0612  loss_ctc: 4.0612
2026/01/12 12:11:29 - mmengine - INFO - Epoch(train)  [1][5450/7793]  lr: 1.6870e-04  eta: 20:00:43  time: 0.4624  data_time: 0.0019  memory: 18933  loss: 4.0967  loss_ctc: 4.0967
2026/01/12 12:11:53 - mmengine - INFO - Epoch(train)  [1][5500/7793]  lr: 1.6910e-04  eta: 20:00:21  time: 0.4990  data_time: 0.0022  memory: 18933  loss: 3.8567  loss_ctc: 3.8567
2026/01/12 12:12:17 - mmengine - INFO - Epoch(train)  [1][5550/7793]  lr: 1.6951e-04  eta: 19:59:57  time: 0.4780  data_time: 0.0021  memory: 18933  loss: 3.8136  loss_ctc: 3.8136
2026/01/12 12:12:41 - mmengine - INFO - Epoch(train)  [1][5600/7793]  lr: 1.6991e-04  eta: 19:59:35  time: 0.4738  data_time: 0.0020  memory: 18933  loss: 3.8360  loss_ctc: 3.8360
2026/01/12 12:13:05 - mmengine - INFO - Epoch(train)  [1][5650/7793]  lr: 1.7031e-04  eta: 19:59:15  time: 0.4649  data_time: 0.0020  memory: 18933  loss: 3.8593  loss_ctc: 3.8593
2026/01/12 12:13:29 - mmengine - INFO - Epoch(train)  [1][5700/7793]  lr: 1.7071e-04  eta: 19:58:50  time: 0.4784  data_time: 0.0020  memory: 18933  loss: 3.7635  loss_ctc: 3.7635
2026/01/12 12:13:52 - mmengine - INFO - Epoch(train)  [1][5750/7793]  lr: 1.7111e-04  eta: 19:58:21  time: 0.4679  data_time: 0.0019  memory: 18933  loss: 3.7947  loss_ctc: 3.7947
2026/01/12 12:14:17 - mmengine - INFO - Epoch(train)  [1][5800/7793]  lr: 1.7151e-04  eta: 19:58:02  time: 0.4765  data_time: 0.0020  memory: 18933  loss: 3.5564  loss_ctc: 3.5564
2026/01/12 12:14:40 - mmengine - INFO - Epoch(train)  [1][5850/7793]  lr: 1.7191e-04  eta: 19:57:38  time: 0.4827  data_time: 0.0021  memory: 18933  loss: 3.3856  loss_ctc: 3.3856
2026/01/12 12:15:04 - mmengine - INFO - Epoch(train)  [1][5900/7793]  lr: 1.7231e-04  eta: 19:57:12  time: 0.4837  data_time: 0.0020  memory: 18933  loss: 3.6105  loss_ctc: 3.6105
2026/01/12 12:15:28 - mmengine - INFO - Epoch(train)  [1][5950/7793]  lr: 1.7271e-04  eta: 19:56:43  time: 0.4667  data_time: 0.0020  memory: 18933  loss: 3.6700  loss_ctc: 3.6700
2026/01/12 12:15:52 - mmengine - INFO - Exp name: svtr-large_pretrain_cn_scene_tpspp_20260112_112654
2026/01/12 12:15:52 - mmengine - INFO - Epoch(train)  [1][6000/7793]  lr: 1.7312e-04  eta: 19:56:21  time: 0.4868  data_time: 0.0023  memory: 18933  loss: 3.3908  loss_ctc: 3.3908
2026/01/12 12:16:16 - mmengine - INFO - Epoch(train)  [1][6050/7793]  lr: 1.7352e-04  eta: 19:55:56  time: 0.5020  data_time: 0.0020  memory: 18933  loss: 3.3878  loss_ctc: 3.3878
2026/01/12 12:16:40 - mmengine - INFO - Epoch(train)  [1][6100/7793]  lr: 1.7392e-04  eta: 19:55:29  time: 0.4639  data_time: 0.0020  memory: 18933  loss: 3.1825  loss_ctc: 3.1825
2026/01/12 12:17:04 - mmengine - INFO - Epoch(train)  [1][6150/7793]  lr: 1.7432e-04  eta: 19:55:13  time: 0.4926  data_time: 0.0022  memory: 18933  loss: 3.4700  loss_ctc: 3.4700
2026/01/12 12:17:28 - mmengine - INFO - Epoch(train)  [1][6200/7793]  lr: 1.7472e-04  eta: 19:54:49  time: 0.4785  data_time: 0.0020  memory: 18933  loss: 3.1495  loss_ctc: 3.1495
2026/01/12 12:17:52 - mmengine - INFO - Epoch(train)  [1][6250/7793]  lr: 1.7512e-04  eta: 19:54:27  time: 0.4991  data_time: 0.0019  memory: 18933  loss: 3.3401  loss_ctc: 3.3401
2026/01/12 12:18:16 - mmengine - INFO - Epoch(train)  [1][6300/7793]  lr: 1.7552e-04  eta: 19:54:04  time: 0.4691  data_time: 0.0021  memory: 18933  loss: 3.1913  loss_ctc: 3.1913
2026/01/12 12:18:40 - mmengine - INFO - Epoch(train)  [1][6350/7793]  lr: 1.7592e-04  eta: 19:53:49  time: 0.4833  data_time: 0.0020  memory: 18933  loss: 3.1383  loss_ctc: 3.1383
2026/01/12 12:19:04 - mmengine - INFO - Epoch(train)  [1][6400/7793]  lr: 1.7632e-04  eta: 19:53:22  time: 0.4683  data_time: 0.0019  memory: 18933  loss: 3.2016  loss_ctc: 3.2016
2026/01/12 12:19:28 - mmengine - INFO - Epoch(train)  [1][6450/7793]  lr: 1.7672e-04  eta: 19:53:01  time: 0.4861  data_time: 0.0024  memory: 18933  loss: 3.1242  loss_ctc: 3.1242
2026/01/12 12:19:52 - mmengine - INFO - Epoch(train)  [1][6500/7793]  lr: 1.7713e-04  eta: 19:52:40  time: 0.4932  data_time: 0.0022  memory: 18933  loss: 3.1185  loss_ctc: 3.1185
2026/01/12 12:20:16 - mmengine - INFO - Epoch(train)  [1][6550/7793]  lr: 1.7753e-04  eta: 19:52:14  time: 0.4680  data_time: 0.0022  memory: 18933  loss: 2.9262  loss_ctc: 2.9262
2026/01/12 12:20:40 - mmengine - INFO - Epoch(train)  [1][6600/7793]  lr: 1.7793e-04  eta: 19:51:54  time: 0.4844  data_time: 0.0020  memory: 18933  loss: 2.9457  loss_ctc: 2.9457
2026/01/12 12:21:04 - mmengine - INFO - Epoch(train)  [1][6650/7793]  lr: 1.7833e-04  eta: 19:51:31  time: 0.5066  data_time: 0.0021  memory: 18933  loss: 2.8020  loss_ctc: 2.8020
2026/01/12 12:21:28 - mmengine - INFO - Epoch(train)  [1][6700/7793]  lr: 1.7873e-04  eta: 19:51:07  time: 0.4637  data_time: 0.0019  memory: 18933  loss: 2.9178  loss_ctc: 2.9178
2026/01/12 12:21:53 - mmengine - INFO - Epoch(train)  [1][6750/7793]  lr: 1.7913e-04  eta: 19:50:48  time: 0.4757  data_time: 0.0021  memory: 18933  loss: 2.8873  loss_ctc: 2.8873
2026/01/12 12:22:17 - mmengine - INFO - Epoch(train)  [1][6800/7793]  lr: 1.7953e-04  eta: 19:50:27  time: 0.4971  data_time: 0.0023  memory: 18933  loss: 2.9352  loss_ctc: 2.9352
2026/01/12 12:22:41 - mmengine - INFO - Epoch(train)  [1][6850/7793]  lr: 1.7993e-04  eta: 19:50:11  time: 0.4943  data_time: 0.0020  memory: 18933  loss: 2.7878  loss_ctc: 2.7878
2026/01/12 12:23:05 - mmengine - INFO - Epoch(train)  [1][6900/7793]  lr: 1.8033e-04  eta: 19:49:47  time: 0.4692  data_time: 0.0020  memory: 18933  loss: 2.7328  loss_ctc: 2.7328
2026/01/12 12:23:29 - mmengine - INFO - Epoch(train)  [1][6950/7793]  lr: 1.8073e-04  eta: 19:49:28  time: 0.4692  data_time: 0.0025  memory: 18933  loss: 2.6459  loss_ctc: 2.6459
2026/01/12 12:23:53 - mmengine - INFO - Exp name: svtr-large_pretrain_cn_scene_tpspp_20260112_112654
2026/01/12 12:23:53 - mmengine - INFO - Epoch(train)  [1][7000/7793]  lr: 1.8114e-04  eta: 19:49:07  time: 0.4992  data_time: 0.0020  memory: 18933  loss: 2.6396  loss_ctc: 2.6396
2026/01/12 12:24:17 - mmengine - INFO - Epoch(train)  [1][7050/7793]  lr: 1.8154e-04  eta: 19:48:41  time: 0.4947  data_time: 0.0021  memory: 18933  loss: 2.6085  loss_ctc: 2.6085
2026/01/12 12:24:41 - mmengine - INFO - Epoch(train)  [1][7100/7793]  lr: 1.8194e-04  eta: 19:48:12  time: 0.4699  data_time: 0.0019  memory: 18933  loss: 2.5592  loss_ctc: 2.5592
2026/01/12 12:25:05 - mmengine - INFO - Epoch(train)  [1][7150/7793]  lr: 1.8234e-04  eta: 19:47:52  time: 0.4692  data_time: 0.0019  memory: 18933  loss: 2.7398  loss_ctc: 2.7398
2026/01/12 12:25:29 - mmengine - INFO - Epoch(train)  [1][7200/7793]  lr: 1.8274e-04  eta: 19:47:29  time: 0.4944  data_time: 0.0020  memory: 18933  loss: 2.4169  loss_ctc: 2.4169
2026/01/12 12:25:53 - mmengine - INFO - Epoch(train)  [1][7250/7793]  lr: 1.8314e-04  eta: 19:47:01  time: 0.4608  data_time: 0.0021  memory: 18933  loss: 2.5188  loss_ctc: 2.5188
2026/01/12 12:26:17 - mmengine - INFO - Epoch(train)  [1][7300/7793]  lr: 1.8354e-04  eta: 19:46:36  time: 0.4825  data_time: 0.0020  memory: 18933  loss: 2.4652  loss_ctc: 2.4652
2026/01/12 12:26:41 - mmengine - INFO - Epoch(train)  [1][7350/7793]  lr: 1.8394e-04  eta: 19:46:16  time: 0.4886  data_time: 0.0020  memory: 18933  loss: 2.5623  loss_ctc: 2.5623
2026/01/12 12:27:05 - mmengine - INFO - Epoch(train)  [1][7400/7793]  lr: 1.8434e-04  eta: 19:45:57  time: 0.4974  data_time: 0.0023  memory: 18933  loss: 2.6974  loss_ctc: 2.6974
2026/01/12 12:27:29 - mmengine - INFO - Epoch(train)  [1][7450/7793]  lr: 1.8474e-04  eta: 19:45:27  time: 0.4899  data_time: 0.0024  memory: 18933  loss: 2.4714  loss_ctc: 2.4714
2026/01/12 12:27:53 - mmengine - INFO - Epoch(train)  [1][7500/7793]  lr: 1.8515e-04  eta: 19:45:02  time: 0.4683  data_time: 0.0020  memory: 18933  loss: 2.3693  loss_ctc: 2.3693
2026/01/12 12:28:17 - mmengine - INFO - Epoch(train)  [1][7550/7793]  lr: 1.8555e-04  eta: 19:44:40  time: 0.4721  data_time: 0.0020  memory: 18933  loss: 2.3510  loss_ctc: 2.3510
2026/01/12 12:28:41 - mmengine - INFO - Epoch(train)  [1][7600/7793]  lr: 1.8595e-04  eta: 19:44:18  time: 0.5040  data_time: 0.0022  memory: 18933  loss: 2.4308  loss_ctc: 2.4308
2026/01/12 12:29:05 - mmengine - INFO - Epoch(train)  [1][7650/7793]  lr: 1.8635e-04  eta: 19:43:54  time: 0.5002  data_time: 0.0021  memory: 18933  loss: 2.3482  loss_ctc: 2.3482
2026/01/12 12:29:29 - mmengine - INFO - Epoch(train)  [1][7700/7793]  lr: 1.8675e-04  eta: 19:43:29  time: 0.4637  data_time: 0.0021  memory: 18933  loss: 2.2841  loss_ctc: 2.2841
2026/01/12 12:29:53 - mmengine - INFO - Epoch(train)  [1][7750/7793]  lr: 1.8715e-04  eta: 19:43:07  time: 0.4934  data_time: 0.0021  memory: 18933  loss: 2.3221  loss_ctc: 2.3221
2026/01/12 12:30:15 - mmengine - INFO - Exp name: svtr-large_pretrain_cn_scene_tpspp_20260112_112654
2026/01/12 12:30:15 - mmengine - INFO - Saving checkpoint at 1 epochs
2026/01/12 12:30:32 - mmengine - INFO - Epoch(val) [1][20/20]    PretrainCN_holdout/recog/word_acc: 0.4208  PretrainCN_holdout/recog/1-N.E.D: 0.7451  data_time: 0.0541  time: 0.4063
2026/01/12 12:30:39 - mmengine - INFO - The best checkpoint with 0.4208 PretrainCN_holdout/recog/word_acc at 1 epoch is saved to best_PretrainCN_holdout_recog_word_acc_epoch_1.pth.
2026/01/12 12:31:18 - mmengine - INFO - Epoch(train)  [2][  50/7793]  lr: 1.8790e-04  eta: 19:43:32  time: 0.4611  data_time: 0.0020  memory: 18969  loss: 2.4114  loss_ctc: 2.4114
2026/01/12 12:31:42 - mmengine - INFO - Epoch(train)  [2][ 100/7793]  lr: 1.8830e-04  eta: 19:43:08  time: 0.4665  data_time: 0.0020  memory: 18954  loss: 2.2255  loss_ctc: 2.2255
2026/01/12 12:32:05 - mmengine - INFO - Epoch(train)  [2][ 150/7793]  lr: 1.8870e-04  eta: 19:42:38  time: 0.4653  data_time: 0.0021  memory: 18954  loss: 2.3841  loss_ctc: 2.3841
2026/01/12 12:32:29 - mmengine - INFO - Epoch(train)  [2][ 200/7793]  lr: 1.8910e-04  eta: 19:42:11  time: 0.4819  data_time: 0.0021  memory: 18954  loss: 2.2878  loss_ctc: 2.2878
2026/01/12 12:32:33 - mmengine - INFO - Exp name: svtr-large_pretrain_cn_scene_tpspp_20260112_112654
2026/01/12 12:32:53 - mmengine - INFO - Epoch(train)  [2][ 250/7793]  lr: 1.8950e-04  eta: 19:41:48  time: 0.4838  data_time: 0.0022  memory: 18954  loss: 2.1694  loss_ctc: 2.1694
2026/01/12 12:33:17 - mmengine - INFO - Epoch(train)  [2][ 300/7793]  lr: 1.8990e-04  eta: 19:41:25  time: 0.4833  data_time: 0.0023  memory: 18954  loss: 2.2242  loss_ctc: 2.2242
2026/01/12 12:33:41 - mmengine - INFO - Epoch(train)  [2][ 350/7793]  lr: 1.9030e-04  eta: 19:40:56  time: 0.4641  data_time: 0.0020  memory: 18954  loss: 2.0155  loss_ctc: 2.0155
2026/01/12 12:34:05 - mmengine - INFO - Epoch(train)  [2][ 400/7793]  lr: 1.9070e-04  eta: 19:40:32  time: 0.4856  data_time: 0.0021  memory: 18954  loss: 2.1236  loss_ctc: 2.1236
2026/01/12 12:34:29 - mmengine - INFO - Epoch(train)  [2][ 450/7793]  lr: 1.9111e-04  eta: 19:40:10  time: 0.4918  data_time: 0.0024  memory: 18954  loss: 2.2031  loss_ctc: 2.2031
2026/01/12 12:34:53 - mmengine - INFO - Epoch(train)  [2][ 500/7793]  lr: 1.9151e-04  eta: 19:39:42  time: 0.4809  data_time: 0.0022  memory: 18954  loss: 2.1853  loss_ctc: 2.1853
2026/01/12 12:35:17 - mmengine - INFO - Epoch(train)  [2][ 550/7793]  lr: 1.9191e-04  eta: 19:39:20  time: 0.4721  data_time: 0.0021  memory: 18954  loss: 2.0412  loss_ctc: 2.0412
2026/01/12 12:35:41 - mmengine - INFO - Epoch(train)  [2][ 600/7793]  lr: 1.9231e-04  eta: 19:38:59  time: 0.4765  data_time: 0.0021  memory: 18954  loss: 2.1186  loss_ctc: 2.1186
2026/01/12 12:36:05 - mmengine - INFO - Epoch(train)  [2][ 650/7793]  lr: 1.9271e-04  eta: 19:38:30  time: 0.4796  data_time: 0.0021  memory: 18954  loss: 1.9157  loss_ctc: 1.9157
2026/01/12 12:36:29 - mmengine - INFO - Epoch(train)  [2][ 700/7793]  lr: 1.9311e-04  eta: 19:38:06  time: 0.4776  data_time: 0.0021  memory: 18954  loss: 2.0394  loss_ctc: 2.0394
2026/01/12 12:36:53 - mmengine - INFO - Epoch(train)  [2][ 750/7793]  lr: 1.9351e-04  eta: 19:37:47  time: 0.4753  data_time: 0.0020  memory: 18954  loss: 1.9368  loss_ctc: 1.9368
2026/01/12 12:37:17 - mmengine - INFO - Epoch(train)  [2][ 800/7793]  lr: 1.9391e-04  eta: 19:37:26  time: 0.4867  data_time: 0.0020  memory: 18954  loss: 2.1375  loss_ctc: 2.1375
2026/01/12 12:37:41 - mmengine - INFO - Epoch(train)  [2][ 850/7793]  lr: 1.9431e-04  eta: 19:36:57  time: 0.4707  data_time: 0.0021  memory: 18954  loss: 1.9679  loss_ctc: 1.9679
2026/01/12 12:38:05 - mmengine - INFO - Epoch(train)  [2][ 900/7793]  lr: 1.9471e-04  eta: 19:36:31  time: 0.4768  data_time: 0.0020  memory: 18954  loss: 2.0281  loss_ctc: 2.0281
2026/01/12 12:38:29 - mmengine - INFO - Epoch(train)  [2][ 950/7793]  lr: 1.9512e-04  eta: 19:36:03  time: 0.4714  data_time: 0.0021  memory: 18954  loss: 1.9150  loss_ctc: 1.9150
2026/01/12 12:38:53 - mmengine - INFO - Epoch(train)  [2][1000/7793]  lr: 1.9552e-04  eta: 19:35:39  time: 0.4825  data_time: 0.0021  memory: 18954  loss: 2.1017  loss_ctc: 2.1017
2026/01/12 12:39:16 - mmengine - INFO - Epoch(train)  [2][1050/7793]  lr: 1.9592e-04  eta: 19:35:11  time: 0.4851  data_time: 0.0021  memory: 18954  loss: 1.9025  loss_ctc: 1.9025
2026/01/12 12:39:40 - mmengine - INFO - Epoch(train)  [2][1100/7793]  lr: 1.9632e-04  eta: 19:34:44  time: 0.4872  data_time: 0.0023  memory: 18954  loss: 1.8925  loss_ctc: 1.8925
2026/01/12 12:40:04 - mmengine - INFO - Epoch(train)  [2][1150/7793]  lr: 1.9672e-04  eta: 19:34:23  time: 0.4829  data_time: 0.0022  memory: 18954  loss: 1.8604  loss_ctc: 1.8604
2026/01/12 12:40:28 - mmengine - INFO - Epoch(train)  [2][1200/7793]  lr: 1.9712e-04  eta: 19:34:01  time: 0.4945  data_time: 0.0021  memory: 18954  loss: 1.7856  loss_ctc: 1.7856
2026/01/12 12:40:32 - mmengine - INFO - Exp name: svtr-large_pretrain_cn_scene_tpspp_20260112_112654
2026/01/12 12:40:52 - mmengine - INFO - Epoch(train)  [2][1250/7793]  lr: 1.9752e-04  eta: 19:33:36  time: 0.4708  data_time: 0.0024  memory: 18954  loss: 1.8449  loss_ctc: 1.8449
2026/01/12 12:41:16 - mmengine - INFO - Epoch(train)  [2][1300/7793]  lr: 1.9792e-04  eta: 19:33:07  time: 0.4662  data_time: 0.0021  memory: 18954  loss: 1.9098  loss_ctc: 1.9098
2026/01/12 12:41:40 - mmengine - INFO - Epoch(train)  [2][1350/7793]  lr: 1.9832e-04  eta: 19:32:41  time: 0.4640  data_time: 0.0021  memory: 18954  loss: 1.8408  loss_ctc: 1.8408
2026/01/12 12:42:04 - mmengine - INFO - Epoch(train)  [2][1400/7793]  lr: 1.9872e-04  eta: 19:32:14  time: 0.4923  data_time: 0.0021  memory: 18954  loss: 1.9056  loss_ctc: 1.9056
2026/01/12 12:42:28 - mmengine - INFO - Epoch(train)  [2][1450/7793]  lr: 1.9913e-04  eta: 19:31:51  time: 0.4956  data_time: 0.0022  memory: 18954  loss: 1.6481  loss_ctc: 1.6481
2026/01/12 12:42:52 - mmengine - INFO - Epoch(train)  [2][1500/7793]  lr: 1.9953e-04  eta: 19:31:28  time: 0.4680  data_time: 0.0020  memory: 18954  loss: 1.8863  loss_ctc: 1.8863
2026/01/12 12:43:16 - mmengine - INFO - Epoch(train)  [2][1550/7793]  lr: 1.9993e-04  eta: 19:31:03  time: 0.4850  data_time: 0.0021  memory: 18954  loss: 1.8250  loss_ctc: 1.8250
2026/01/12 12:43:39 - mmengine - INFO - Epoch(train)  [2][1600/7793]  lr: 2.0033e-04  eta: 19:30:37  time: 0.4956  data_time: 0.0021  memory: 18954  loss: 1.9026  loss_ctc: 1.9026
2026/01/12 12:44:03 - mmengine - INFO - Epoch(train)  [2][1650/7793]  lr: 2.0073e-04  eta: 19:30:12  time: 0.4675  data_time: 0.0019  memory: 18954  loss: 1.8948  loss_ctc: 1.8948
2026/01/12 12:44:27 - mmengine - INFO - Epoch(train)  [2][1700/7793]  lr: 2.0113e-04  eta: 19:29:47  time: 0.4693  data_time: 0.0022  memory: 18954  loss: 1.8068  loss_ctc: 1.8068
2026/01/12 12:44:52 - mmengine - INFO - Epoch(train)  [2][1750/7793]  lr: 2.0153e-04  eta: 19:29:30  time: 0.4639  data_time: 0.0021  memory: 18954  loss: 1.7750  loss_ctc: 1.7750
2026/01/12 12:45:16 - mmengine - INFO - Epoch(train)  [2][1800/7793]  lr: 2.0193e-04  eta: 19:29:11  time: 0.4936  data_time: 0.0021  memory: 18954  loss: 1.7181  loss_ctc: 1.7181
2026/01/12 12:45:40 - mmengine - INFO - Epoch(train)  [2][1850/7793]  lr: 2.0233e-04  eta: 19:28:46  time: 0.4774  data_time: 0.0022  memory: 18954  loss: 1.9167  loss_ctc: 1.9167
2026/01/12 12:46:04 - mmengine - INFO - Epoch(train)  [2][1900/7793]  lr: 2.0274e-04  eta: 19:28:25  time: 0.5065  data_time: 0.0023  memory: 18954  loss: 1.8482  loss_ctc: 1.8482
2026/01/12 12:46:28 - mmengine - INFO - Epoch(train)  [2][1950/7793]  lr: 2.0314e-04  eta: 19:27:59  time: 0.4645  data_time: 0.0020  memory: 18954  loss: 1.7432  loss_ctc: 1.7432
2026/01/12 12:46:52 - mmengine - INFO - Epoch(train)  [2][2000/7793]  lr: 2.0354e-04  eta: 19:27:34  time: 0.4754  data_time: 0.0022  memory: 18954  loss: 1.7691  loss_ctc: 1.7691
2026/01/12 12:47:16 - mmengine - INFO - Epoch(train)  [2][2050/7793]  lr: 2.0394e-04  eta: 19:27:15  time: 0.4995  data_time: 0.0022  memory: 18954  loss: 1.8448  loss_ctc: 1.8448
2026/01/12 12:47:40 - mmengine - INFO - Epoch(train)  [2][2100/7793]  lr: 2.0434e-04  eta: 19:26:50  time: 0.4775  data_time: 0.0021  memory: 18954  loss: 1.6407  loss_ctc: 1.6407
2026/01/12 12:48:04 - mmengine - INFO - Epoch(train)  [2][2150/7793]  lr: 2.0474e-04  eta: 19:26:29  time: 0.4841  data_time: 0.0021  memory: 18954  loss: 1.8493  loss_ctc: 1.8493
2026/01/12 12:48:28 - mmengine - INFO - Epoch(train)  [2][2200/7793]  lr: 2.0514e-04  eta: 19:26:06  time: 0.4911  data_time: 0.0021  memory: 18954  loss: 1.6959  loss_ctc: 1.6959
2026/01/12 12:48:32 - mmengine - INFO - Exp name: svtr-large_pretrain_cn_scene_tpspp_20260112_112654
2026/01/12 12:48:52 - mmengine - INFO - Epoch(train)  [2][2250/7793]  lr: 2.0554e-04  eta: 19:25:37  time: 0.4755  data_time: 0.0021  memory: 18954  loss: 1.7631  loss_ctc: 1.7631
2026/01/12 12:49:16 - mmengine - INFO - Epoch(train)  [2][2300/7793]  lr: 2.0594e-04  eta: 19:25:12  time: 0.4910  data_time: 0.0024  memory: 18954  loss: 1.6096  loss_ctc: 1.6096
2026/01/12 12:49:40 - mmengine - INFO - Epoch(train)  [2][2350/7793]  lr: 2.0634e-04  eta: 19:24:42  time: 0.4665  data_time: 0.0020  memory: 18954  loss: 1.8490  loss_ctc: 1.8490
2026/01/12 12:50:03 - mmengine - INFO - Epoch(train)  [2][2400/7793]  lr: 2.0675e-04  eta: 19:24:15  time: 0.4751  data_time: 0.0020  memory: 18954  loss: 1.7031  loss_ctc: 1.7031
2026/01/12 12:50:27 - mmengine - INFO - Epoch(train)  [2][2450/7793]  lr: 2.0715e-04  eta: 19:23:46  time: 0.4745  data_time: 0.0020  memory: 18954  loss: 1.7491  loss_ctc: 1.7491
2026/01/12 12:50:51 - mmengine - INFO - Epoch(train)  [2][2500/7793]  lr: 2.0755e-04  eta: 19:23:25  time: 0.4715  data_time: 0.0020  memory: 18954  loss: 1.7031  loss_ctc: 1.7031
2026/01/12 12:51:15 - mmengine - INFO - Epoch(train)  [2][2550/7793]  lr: 2.0795e-04  eta: 19:22:55  time: 0.4632  data_time: 0.0021  memory: 18954  loss: 1.5699  loss_ctc: 1.5699
2026/01/12 12:51:39 - mmengine - INFO - Epoch(train)  [2][2600/7793]  lr: 2.0835e-04  eta: 19:22:30  time: 0.4790  data_time: 0.0020  memory: 18954  loss: 1.5934  loss_ctc: 1.5934
2026/01/12 12:52:02 - mmengine - INFO - Epoch(train)  [2][2650/7793]  lr: 2.0875e-04  eta: 19:22:04  time: 0.4739  data_time: 0.0021  memory: 18954  loss: 1.7225  loss_ctc: 1.7225
2026/01/12 12:52:26 - mmengine - INFO - Epoch(train)  [2][2700/7793]  lr: 2.0915e-04  eta: 19:21:40  time: 0.4870  data_time: 0.0024  memory: 18954  loss: 1.5389  loss_ctc: 1.5389
2026/01/12 12:52:51 - mmengine - INFO - Epoch(train)  [2][2750/7793]  lr: 2.0955e-04  eta: 19:21:20  time: 0.4659  data_time: 0.0022  memory: 18954  loss: 1.7554  loss_ctc: 1.7554
2026/01/12 12:53:15 - mmengine - INFO - Epoch(train)  [2][2800/7793]  lr: 2.0995e-04  eta: 19:20:58  time: 0.4621  data_time: 0.0021  memory: 18954  loss: 1.5636  loss_ctc: 1.5636
2026/01/12 12:53:39 - mmengine - INFO - Epoch(train)  [2][2850/7793]  lr: 2.1035e-04  eta: 19:20:39  time: 0.4803  data_time: 0.0024  memory: 18954  loss: 1.6174  loss_ctc: 1.6174
2026/01/12 12:54:03 - mmengine - INFO - Epoch(train)  [2][2900/7793]  lr: 2.1076e-04  eta: 19:20:14  time: 0.4658  data_time: 0.0024  memory: 18954  loss: 1.6192  loss_ctc: 1.6192
2026/01/12 12:54:27 - mmengine - INFO - Epoch(train)  [2][2950/7793]  lr: 2.1116e-04  eta: 19:19:53  time: 0.4848  data_time: 0.0022  memory: 18954  loss: 1.6272  loss_ctc: 1.6272
2026/01/12 12:54:51 - mmengine - INFO - Epoch(train)  [2][3000/7793]  lr: 2.1156e-04  eta: 19:19:25  time: 0.4928  data_time: 0.0021  memory: 18954  loss: 1.5824  loss_ctc: 1.5824
2026/01/12 12:55:14 - mmengine - INFO - Epoch(train)  [2][3050/7793]  lr: 2.1196e-04  eta: 19:18:54  time: 0.4680  data_time: 0.0020  memory: 18954  loss: 1.6089  loss_ctc: 1.6089
2026/01/12 12:55:38 - mmengine - INFO - Epoch(train)  [2][3100/7793]  lr: 2.1236e-04  eta: 19:18:31  time: 0.4715  data_time: 0.0020  memory: 18954  loss: 1.6050  loss_ctc: 1.6050
2026/01/12 12:56:03 - mmengine - INFO - Epoch(train)  [2][3150/7793]  lr: 2.1276e-04  eta: 19:18:10  time: 0.4830  data_time: 0.0022  memory: 18954  loss: 1.6626  loss_ctc: 1.6626
2026/01/12 12:56:27 - mmengine - INFO - Epoch(train)  [2][3200/7793]  lr: 2.1316e-04  eta: 19:17:47  time: 0.4746  data_time: 0.0022  memory: 18954  loss: 1.6064  loss_ctc: 1.6064
2026/01/12 12:56:30 - mmengine - INFO - Exp name: svtr-large_pretrain_cn_scene_tpspp_20260112_112654
2026/01/12 12:56:51 - mmengine - INFO - Epoch(train)  [2][3250/7793]  lr: 2.1356e-04  eta: 19:17:24  time: 0.4767  data_time: 0.0022  memory: 18954  loss: 1.5813  loss_ctc: 1.5813
2026/01/12 12:57:15 - mmengine - INFO - Epoch(train)  [2][3300/7793]  lr: 2.1396e-04  eta: 19:17:00  time: 0.4674  data_time: 0.0021  memory: 18954  loss: 1.4486  loss_ctc: 1.4486
2026/01/12 12:57:38 - mmengine - INFO - Epoch(train)  [2][3350/7793]  lr: 2.1436e-04  eta: 19:16:32  time: 0.5055  data_time: 0.0020  memory: 18954  loss: 1.5109  loss_ctc: 1.5109
2026/01/12 12:58:02 - mmengine - INFO - Epoch(train)  [2][3400/7793]  lr: 2.1477e-04  eta: 19:16:05  time: 0.4928  data_time: 0.0020  memory: 18954  loss: 1.5630  loss_ctc: 1.5630
2026/01/12 12:58:26 - mmengine - INFO - Epoch(train)  [2][3450/7793]  lr: 2.1517e-04  eta: 19:15:41  time: 0.4788  data_time: 0.0022  memory: 18954  loss: 1.5928  loss_ctc: 1.5928
2026/01/12 12:58:50 - mmengine - INFO - Epoch(train)  [2][3500/7793]  lr: 2.1557e-04  eta: 19:15:18  time: 0.4780  data_time: 0.0024  memory: 18954  loss: 1.5862  loss_ctc: 1.5862
2026/01/12 12:59:14 - mmengine - INFO - Epoch(train)  [2][3550/7793]  lr: 2.1597e-04  eta: 19:14:52  time: 0.4676  data_time: 0.0021  memory: 18954  loss: 1.4135  loss_ctc: 1.4135
2026/01/12 12:59:38 - mmengine - INFO - Epoch(train)  [2][3600/7793]  lr: 2.1637e-04  eta: 19:14:32  time: 0.4677  data_time: 0.0021  memory: 18954  loss: 1.3513  loss_ctc: 1.3513
2026/01/12 13:00:02 - mmengine - INFO - Epoch(train)  [2][3650/7793]  lr: 2.1677e-04  eta: 19:14:09  time: 0.4808  data_time: 0.0023  memory: 18954  loss: 1.3726  loss_ctc: 1.3726
2026/01/12 13:00:26 - mmengine - INFO - Epoch(train)  [2][3700/7793]  lr: 2.1717e-04  eta: 19:13:44  time: 0.4906  data_time: 0.0021  memory: 18954  loss: 1.4668  loss_ctc: 1.4668
2026/01/12 13:00:50 - mmengine - INFO - Epoch(train)  [2][3750/7793]  lr: 2.1757e-04  eta: 19:13:19  time: 0.5084  data_time: 0.0021  memory: 18954  loss: 1.4387  loss_ctc: 1.4387
2026/01/12 13:01:14 - mmengine - INFO - Epoch(train)  [2][3800/7793]  lr: 2.1797e-04  eta: 19:12:58  time: 0.5055  data_time: 0.0020  memory: 18954  loss: 1.5441  loss_ctc: 1.5441
2026/01/12 13:01:38 - mmengine - INFO - Epoch(train)  [2][3850/7793]  lr: 2.1838e-04  eta: 19:12:31  time: 0.4778  data_time: 0.0021  memory: 18954  loss: 1.3851  loss_ctc: 1.3851
2026/01/12 13:02:02 - mmengine - INFO - Epoch(train)  [2][3900/7793]  lr: 2.1878e-04  eta: 19:12:10  time: 0.4604  data_time: 0.0020  memory: 18954  loss: 1.5137  loss_ctc: 1.5137
2026/01/12 13:02:26 - mmengine - INFO - Epoch(train)  [2][3950/7793]  lr: 2.1918e-04  eta: 19:11:47  time: 0.4691  data_time: 0.0021  memory: 18954  loss: 1.4462  loss_ctc: 1.4462
2026/01/12 13:02:51 - mmengine - INFO - Epoch(train)  [2][4000/7793]  lr: 2.1958e-04  eta: 19:11:26  time: 0.4729  data_time: 0.0021  memory: 18954  loss: 1.4284  loss_ctc: 1.4284
2026/01/12 13:03:14 - mmengine - INFO - Epoch(train)  [2][4050/7793]  lr: 2.1998e-04  eta: 19:11:01  time: 0.4615  data_time: 0.0020  memory: 18954  loss: 1.7079  loss_ctc: 1.7079
2026/01/12 13:03:38 - mmengine - INFO - Epoch(train)  [2][4100/7793]  lr: 2.2038e-04  eta: 19:10:35  time: 0.4860  data_time: 0.0021  memory: 18954  loss: 1.4373  loss_ctc: 1.4373
2026/01/12 13:04:02 - mmengine - INFO - Epoch(train)  [2][4150/7793]  lr: 2.2078e-04  eta: 19:10:10  time: 0.4897  data_time: 0.0023  memory: 18954  loss: 1.3981  loss_ctc: 1.3981
2026/01/12 13:04:26 - mmengine - INFO - Epoch(train)  [2][4200/7793]  lr: 2.2118e-04  eta: 19:09:46  time: 0.5006  data_time: 0.0021  memory: 18954  loss: 1.4241  loss_ctc: 1.4241
2026/01/12 13:04:29 - mmengine - INFO - Exp name: svtr-large_pretrain_cn_scene_tpspp_20260112_112654
2026/01/12 13:04:50 - mmengine - INFO - Epoch(train)  [2][4250/7793]  lr: 2.2158e-04  eta: 19:09:21  time: 0.4730  data_time: 0.0020  memory: 18954  loss: 1.4978  loss_ctc: 1.4978
2026/01/12 13:05:14 - mmengine - INFO - Epoch(train)  [2][4300/7793]  lr: 2.2198e-04  eta: 19:08:55  time: 0.4752  data_time: 0.0022  memory: 18954  loss: 1.3346  loss_ctc: 1.3346
2026/01/12 13:05:38 - mmengine - INFO - Epoch(train)  [2][4350/7793]  lr: 2.2239e-04  eta: 19:08:35  time: 0.4793  data_time: 0.0022  memory: 18954  loss: 1.4069  loss_ctc: 1.4069
2026/01/12 13:06:02 - mmengine - INFO - Epoch(train)  [2][4400/7793]  lr: 2.2279e-04  eta: 19:08:12  time: 0.4713  data_time: 0.0021  memory: 18954  loss: 1.6136  loss_ctc: 1.6136
2026/01/12 13:06:26 - mmengine - INFO - Epoch(train)  [2][4450/7793]  lr: 2.2319e-04  eta: 19:07:45  time: 0.4632  data_time: 0.0021  memory: 18954  loss: 1.3764  loss_ctc: 1.3764
2026/01/12 13:06:50 - mmengine - INFO - Epoch(train)  [2][4500/7793]  lr: 2.2359e-04  eta: 19:07:19  time: 0.4953  data_time: 0.0020  memory: 18954  loss: 1.5173  loss_ctc: 1.5173
2026/01/12 13:07:13 - mmengine - INFO - Epoch(train)  [2][4550/7793]  lr: 2.2399e-04  eta: 19:06:51  time: 0.4597  data_time: 0.0021  memory: 18954  loss: 1.4810  loss_ctc: 1.4810
2026/01/12 13:07:38 - mmengine - INFO - Epoch(train)  [2][4600/7793]  lr: 2.2439e-04  eta: 19:06:30  time: 0.4808  data_time: 0.0021  memory: 18954  loss: 1.3711  loss_ctc: 1.3711
2026/01/12 13:08:01 - mmengine - INFO - Epoch(train)  [2][4650/7793]  lr: 2.2479e-04  eta: 19:06:03  time: 0.4672  data_time: 0.0020  memory: 18954  loss: 1.2610  loss_ctc: 1.2610
2026/01/12 13:08:25 - mmengine - INFO - Epoch(train)  [2][4700/7793]  lr: 2.2519e-04  eta: 19:05:40  time: 0.4728  data_time: 0.0020  memory: 18954  loss: 1.3716  loss_ctc: 1.3716
2026/01/12 13:08:49 - mmengine - INFO - Epoch(train)  [2][4750/7793]  lr: 2.2559e-04  eta: 19:05:12  time: 0.4627  data_time: 0.0021  memory: 18954  loss: 1.4448  loss_ctc: 1.4448
2026/01/12 13:09:13 - mmengine - INFO - Epoch(train)  [2][4800/7793]  lr: 2.2599e-04  eta: 19:04:45  time: 0.4724  data_time: 0.0020  memory: 18954  loss: 1.4678  loss_ctc: 1.4678
2026/01/12 13:09:37 - mmengine - INFO - Epoch(train)  [2][4850/7793]  lr: 2.2640e-04  eta: 19:04:23  time: 0.4882  data_time: 0.0021  memory: 18954  loss: 1.3401  loss_ctc: 1.3401
2026/01/12 13:10:01 - mmengine - INFO - Epoch(train)  [2][4900/7793]  lr: 2.2680e-04  eta: 19:04:02  time: 0.4977  data_time: 0.0020  memory: 18954  loss: 1.3014  loss_ctc: 1.3014
2026/01/12 13:10:25 - mmengine - INFO - Epoch(train)  [2][4950/7793]  lr: 2.2720e-04  eta: 19:03:38  time: 0.5074  data_time: 0.0022  memory: 18954  loss: 1.4412  loss_ctc: 1.4412
2026/01/12 13:10:49 - mmengine - INFO - Epoch(train)  [2][5000/7793]  lr: 2.2760e-04  eta: 19:03:13  time: 0.5037  data_time: 0.0021  memory: 18954  loss: 1.4001  loss_ctc: 1.4001
2026/01/12 13:11:13 - mmengine - INFO - Epoch(train)  [2][5050/7793]  lr: 2.2800e-04  eta: 19:02:52  time: 0.4749  data_time: 0.0021  memory: 18954  loss: 1.3467  loss_ctc: 1.3467
2026/01/12 13:11:37 - mmengine - INFO - Epoch(train)  [2][5100/7793]  lr: 2.2840e-04  eta: 19:02:28  time: 0.4856  data_time: 0.0022  memory: 18954  loss: 1.3582  loss_ctc: 1.3582
2026/01/12 13:12:01 - mmengine - INFO - Epoch(train)  [2][5150/7793]  lr: 2.2880e-04  eta: 19:02:01  time: 0.4673  data_time: 0.0020  memory: 18954  loss: 1.3615  loss_ctc: 1.3615
2026/01/12 13:12:25 - mmengine - INFO - Epoch(train)  [2][5200/7793]  lr: 2.2920e-04  eta: 19:01:38  time: 0.4651  data_time: 0.0022  memory: 18954  loss: 1.3816  loss_ctc: 1.3816
2026/01/12 13:12:28 - mmengine - INFO - Exp name: svtr-large_pretrain_cn_scene_tpspp_20260112_112654
2026/01/12 13:12:49 - mmengine - INFO - Epoch(train)  [2][5250/7793]  lr: 2.2960e-04  eta: 19:01:11  time: 0.4987  data_time: 0.0022  memory: 18954  loss: 1.2624  loss_ctc: 1.2624
2026/01/12 13:13:12 - mmengine - INFO - Epoch(train)  [2][5300/7793]  lr: 2.3000e-04  eta: 19:00:45  time: 0.4838  data_time: 0.0020  memory: 18954  loss: 1.4256  loss_ctc: 1.4256
2026/01/12 13:13:37 - mmengine - INFO - Epoch(train)  [2][5350/7793]  lr: 2.3041e-04  eta: 19:00:22  time: 0.4790  data_time: 0.0021  memory: 18954  loss: 1.2500  loss_ctc: 1.2500
2026/01/12 13:14:00 - mmengine - INFO - Epoch(train)  [2][5400/7793]  lr: 2.3081e-04  eta: 18:59:57  time: 0.4836  data_time: 0.0022  memory: 18954  loss: 1.2326  loss_ctc: 1.2326
2026/01/12 13:14:24 - mmengine - INFO - Epoch(train)  [2][5450/7793]  lr: 2.3121e-04  eta: 18:59:28  time: 0.4590  data_time: 0.0021  memory: 18954  loss: 1.4222  loss_ctc: 1.4222
2026/01/12 13:14:48 - mmengine - INFO - Epoch(train)  [2][5500/7793]  lr: 2.3161e-04  eta: 18:59:05  time: 0.4880  data_time: 0.0021  memory: 18954  loss: 1.3625  loss_ctc: 1.3625
2026/01/12 13:15:12 - mmengine - INFO - Epoch(train)  [2][5550/7793]  lr: 2.3201e-04  eta: 18:58:44  time: 0.4590  data_time: 0.0020  memory: 18954  loss: 1.2488  loss_ctc: 1.2488
2026/01/12 13:15:36 - mmengine - INFO - Epoch(train)  [2][5600/7793]  lr: 2.3241e-04  eta: 18:58:19  time: 0.4798  data_time: 0.0021  memory: 18954  loss: 1.1020  loss_ctc: 1.1020
2026/01/12 13:16:00 - mmengine - INFO - Epoch(train)  [2][5650/7793]  lr: 2.3281e-04  eta: 18:57:53  time: 0.4765  data_time: 0.0021  memory: 18954  loss: 1.3240  loss_ctc: 1.3240
2026/01/12 13:16:24 - mmengine - INFO - Epoch(train)  [2][5700/7793]  lr: 2.3321e-04  eta: 18:57:26  time: 0.4692  data_time: 0.0021  memory: 18954  loss: 1.2461  loss_ctc: 1.2461
2026/01/12 13:16:47 - mmengine - INFO - Epoch(train)  [2][5750/7793]  lr: 2.3361e-04  eta: 18:57:00  time: 0.4987  data_time: 0.0021  memory: 18954  loss: 1.3099  loss_ctc: 1.3099
2026/01/12 13:17:11 - mmengine - INFO - Epoch(train)  [2][5800/7793]  lr: 2.3402e-04  eta: 18:56:36  time: 0.4920  data_time: 0.0022  memory: 18954  loss: 1.3348  loss_ctc: 1.3348
2026/01/12 13:17:35 - mmengine - INFO - Epoch(train)  [2][5850/7793]  lr: 2.3442e-04  eta: 18:56:09  time: 0.4737  data_time: 0.0021  memory: 18954  loss: 1.3002  loss_ctc: 1.3002
2026/01/12 13:17:59 - mmengine - INFO - Epoch(train)  [2][5900/7793]  lr: 2.3482e-04  eta: 18:55:45  time: 0.4846  data_time: 0.0023  memory: 18954  loss: 1.3850  loss_ctc: 1.3850
2026/01/12 13:18:23 - mmengine - INFO - Epoch(train)  [2][5950/7793]  lr: 2.3522e-04  eta: 18:55:20  time: 0.4731  data_time: 0.0020  memory: 18954  loss: 1.3192  loss_ctc: 1.3192
2026/01/12 13:18:47 - mmengine - INFO - Epoch(train)  [2][6000/7793]  lr: 2.3562e-04  eta: 18:54:57  time: 0.4558  data_time: 0.0021  memory: 18954  loss: 1.3187  loss_ctc: 1.3187
2026/01/12 13:19:11 - mmengine - INFO - Epoch(train)  [2][6050/7793]  lr: 2.3602e-04  eta: 18:54:31  time: 0.4911  data_time: 0.0023  memory: 18954  loss: 1.2784  loss_ctc: 1.2784
2026/01/12 13:19:35 - mmengine - INFO - Epoch(train)  [2][6100/7793]  lr: 2.3642e-04  eta: 18:54:11  time: 0.4992  data_time: 0.0022  memory: 18954  loss: 1.3746  loss_ctc: 1.3746
2026/01/12 13:19:59 - mmengine - INFO - Epoch(train)  [2][6150/7793]  lr: 2.3682e-04  eta: 18:53:45  time: 0.4743  data_time: 0.0023  memory: 18954  loss: 1.2463  loss_ctc: 1.2463
2026/01/12 13:20:23 - mmengine - INFO - Epoch(train)  [2][6200/7793]  lr: 2.3722e-04  eta: 18:53:21  time: 0.4987  data_time: 0.0022  memory: 18954  loss: 1.4009  loss_ctc: 1.4009
2026/01/12 13:20:26 - mmengine - INFO - Exp name: svtr-large_pretrain_cn_scene_tpspp_20260112_112654
2026/01/12 13:20:46 - mmengine - INFO - Epoch(train)  [2][6250/7793]  lr: 2.3762e-04  eta: 18:52:51  time: 0.4655  data_time: 0.0021  memory: 18954  loss: 1.2382  loss_ctc: 1.2382
2026/01/12 13:21:10 - mmengine - INFO - Epoch(train)  [2][6300/7793]  lr: 2.3803e-04  eta: 18:52:26  time: 0.4550  data_time: 0.0022  memory: 18954  loss: 1.2942  loss_ctc: 1.2942
2026/01/12 13:21:34 - mmengine - INFO - Epoch(train)  [2][6350/7793]  lr: 2.3843e-04  eta: 18:52:03  time: 0.4754  data_time: 0.0021  memory: 18954  loss: 1.2088  loss_ctc: 1.2088
2026/01/12 13:21:58 - mmengine - INFO - Epoch(train)  [2][6400/7793]  lr: 2.3883e-04  eta: 18:51:40  time: 0.4681  data_time: 0.0021  memory: 18954  loss: 1.3208  loss_ctc: 1.3208
2026/01/12 13:22:22 - mmengine - INFO - Epoch(train)  [2][6450/7793]  lr: 2.3923e-04  eta: 18:51:19  time: 0.4774  data_time: 0.0020  memory: 18954  loss: 1.2950  loss_ctc: 1.2950
2026/01/12 13:22:46 - mmengine - INFO - Epoch(train)  [2][6500/7793]  lr: 2.3963e-04  eta: 18:50:54  time: 0.4593  data_time: 0.0021  memory: 18954  loss: 1.3327  loss_ctc: 1.3327
2026/01/12 13:23:11 - mmengine - INFO - Epoch(train)  [2][6550/7793]  lr: 2.4003e-04  eta: 18:50:33  time: 0.4995  data_time: 0.0021  memory: 18954  loss: 1.2477  loss_ctc: 1.2477
2026/01/12 13:23:34 - mmengine - INFO - Epoch(train)  [2][6600/7793]  lr: 2.4043e-04  eta: 18:50:07  time: 0.4710  data_time: 0.0021  memory: 18954  loss: 1.2820  loss_ctc: 1.2820
2026/01/12 13:23:58 - mmengine - INFO - Epoch(train)  [2][6650/7793]  lr: 2.4083e-04  eta: 18:49:42  time: 0.4607  data_time: 0.0020  memory: 18954  loss: 1.0996  loss_ctc: 1.0996
2026/01/12 13:24:22 - mmengine - INFO - Epoch(train)  [2][6700/7793]  lr: 2.4123e-04  eta: 18:49:16  time: 0.4859  data_time: 0.0023  memory: 18954  loss: 1.3686  loss_ctc: 1.3686
2026/01/12 13:24:46 - mmengine - INFO - Epoch(train)  [2][6750/7793]  lr: 2.4163e-04  eta: 18:48:56  time: 0.4770  data_time: 0.0022  memory: 18954  loss: 1.2701  loss_ctc: 1.2701
2026/01/12 13:25:10 - mmengine - INFO - Epoch(train)  [2][6800/7793]  lr: 2.4204e-04  eta: 18:48:32  time: 0.4972  data_time: 0.0021  memory: 18954  loss: 1.1786  loss_ctc: 1.1786
2026/01/12 13:25:34 - mmengine - INFO - Epoch(train)  [2][6850/7793]  lr: 2.4244e-04  eta: 18:48:08  time: 0.4683  data_time: 0.0023  memory: 18954  loss: 1.3436  loss_ctc: 1.3436
2026/01/12 13:25:58 - mmengine - INFO - Epoch(train)  [2][6900/7793]  lr: 2.4284e-04  eta: 18:47:43  time: 0.4865  data_time: 0.0021  memory: 18954  loss: 1.2693  loss_ctc: 1.2693
2026/01/12 13:26:22 - mmengine - INFO - Epoch(train)  [2][6950/7793]  lr: 2.4324e-04  eta: 18:47:19  time: 0.4755  data_time: 0.0021  memory: 18954  loss: 1.1887  loss_ctc: 1.1887
2026/01/12 13:26:46 - mmengine - INFO - Epoch(train)  [2][7000/7793]  lr: 2.4364e-04  eta: 18:46:52  time: 0.4706  data_time: 0.0021  memory: 18954  loss: 1.1742  loss_ctc: 1.1742
2026/01/12 13:27:10 - mmengine - INFO - Epoch(train)  [2][7050/7793]  lr: 2.4404e-04  eta: 18:46:28  time: 0.4795  data_time: 0.0022  memory: 18954  loss: 1.2237  loss_ctc: 1.2237
2026/01/12 13:27:33 - mmengine - INFO - Epoch(train)  [2][7100/7793]  lr: 2.4444e-04  eta: 18:46:02  time: 0.4823  data_time: 0.0021  memory: 18954  loss: 1.2516  loss_ctc: 1.2516
2026/01/12 13:27:58 - mmengine - INFO - Epoch(train)  [2][7150/7793]  lr: 2.4484e-04  eta: 18:45:39  time: 0.4778  data_time: 0.0020  memory: 18954  loss: 1.2463  loss_ctc: 1.2463
2026/01/12 13:28:21 - mmengine - INFO - Epoch(train)  [2][7200/7793]  lr: 2.4524e-04  eta: 18:45:12  time: 0.4807  data_time: 0.0020  memory: 18954  loss: 1.1844  loss_ctc: 1.1844
2026/01/12 13:28:25 - mmengine - INFO - Exp name: svtr-large_pretrain_cn_scene_tpspp_20260112_112654
2026/01/12 13:28:45 - mmengine - INFO - Epoch(train)  [2][7250/7793]  lr: 2.4564e-04  eta: 18:44:46  time: 0.4685  data_time: 0.0020  memory: 18954  loss: 1.2823  loss_ctc: 1.2823
2026/01/12 13:29:09 - mmengine - INFO - Epoch(train)  [2][7300/7793]  lr: 2.4605e-04  eta: 18:44:23  time: 0.4908  data_time: 0.0021  memory: 18954  loss: 1.2558  loss_ctc: 1.2558
2026/01/12 13:29:33 - mmengine - INFO - Epoch(train)  [2][7350/7793]  lr: 2.4645e-04  eta: 18:44:00  time: 0.4802  data_time: 0.0021  memory: 18954  loss: 1.2046  loss_ctc: 1.2046
2026/01/12 13:29:57 - mmengine - INFO - Epoch(train)  [2][7400/7793]  lr: 2.4685e-04  eta: 18:43:40  time: 0.4779  data_time: 0.0019  memory: 18954  loss: 1.1721  loss_ctc: 1.1721
2026/01/12 13:30:22 - mmengine - INFO - Epoch(train)  [2][7450/7793]  lr: 2.4725e-04  eta: 18:43:17  time: 0.4638  data_time: 0.0020  memory: 18954  loss: 1.1248  loss_ctc: 1.1248
2026/01/12 13:30:46 - mmengine - INFO - Epoch(train)  [2][7500/7793]  lr: 2.4765e-04  eta: 18:42:55  time: 0.4900  data_time: 0.0022  memory: 18954  loss: 1.3169  loss_ctc: 1.3169
2026/01/12 13:31:10 - mmengine - INFO - Epoch(train)  [2][7550/7793]  lr: 2.4805e-04  eta: 18:42:30  time: 0.4667  data_time: 0.0020  memory: 18954  loss: 1.2479  loss_ctc: 1.2479
2026/01/12 13:31:33 - mmengine - INFO - Epoch(train)  [2][7600/7793]  lr: 2.4845e-04  eta: 18:42:06  time: 0.4869  data_time: 0.0021  memory: 18954  loss: 1.1881  loss_ctc: 1.1881
2026/01/12 13:31:58 - mmengine - INFO - Epoch(train)  [2][7650/7793]  lr: 2.4885e-04  eta: 18:41:43  time: 0.5031  data_time: 0.0023  memory: 18954  loss: 1.2127  loss_ctc: 1.2127
2026/01/12 13:32:22 - mmengine - INFO - Epoch(train)  [2][7700/7793]  lr: 2.4925e-04  eta: 18:41:19  time: 0.4902  data_time: 0.0021  memory: 18954  loss: 1.2658  loss_ctc: 1.2658
2026/01/12 13:32:45 - mmengine - INFO - Epoch(train)  [2][7750/7793]  lr: 2.4966e-04  eta: 18:40:54  time: 0.4626  data_time: 0.0021  memory: 18954  loss: 1.0982  loss_ctc: 1.0982
2026/01/12 13:33:06 - mmengine - INFO - Exp name: svtr-large_pretrain_cn_scene_tpspp_20260112_112654
2026/01/12 13:33:06 - mmengine - INFO - Saving checkpoint at 2 epochs
2026/01/12 13:33:21 - mmengine - INFO - Epoch(val) [2][20/20]    PretrainCN_holdout/recog/word_acc: 0.7282  PretrainCN_holdout/recog/1-N.E.D: 0.9037  data_time: 0.0215  time: 0.3550
2026/01/12 13:33:21 - mmengine - INFO - The previous best checkpoint /root/lanyun-tmp/mmocr/work_dirs/svtr-large_pretrain_cn_scene_tpspp/best_PretrainCN_holdout_recog_word_acc_epoch_1.pth is removed
2026/01/12 13:33:28 - mmengine - INFO - The best checkpoint with 0.7282 PretrainCN_holdout/recog/word_acc at 2 epoch is saved to best_PretrainCN_holdout_recog_word_acc_epoch_2.pth.
2026/01/12 13:34:07 - mmengine - INFO - Epoch(train)  [3][  50/7793]  lr: 2.5000e-04  eta: 18:40:34  time: 0.4821  data_time: 0.0022  memory: 18954  loss: 1.0423  loss_ctc: 1.0423
2026/01/12 13:34:31 - mmengine - INFO - Epoch(train)  [3][ 100/7793]  lr: 2.5000e-04  eta: 18:40:11  time: 0.4761  data_time: 0.0022  memory: 18954  loss: 1.2124  loss_ctc: 1.2124
2026/01/12 13:34:55 - mmengine - INFO - Epoch(train)  [3][ 150/7793]  lr: 2.5000e-04  eta: 18:39:45  time: 0.4627  data_time: 0.0021  memory: 18954  loss: 1.2649  loss_ctc: 1.2649
2026/01/12 13:35:19 - mmengine - INFO - Epoch(train)  [3][ 200/7793]  lr: 2.5000e-04  eta: 18:39:23  time: 0.4937  data_time: 0.0021  memory: 18954  loss: 1.2249  loss_ctc: 1.2249
2026/01/12 13:35:43 - mmengine - INFO - Epoch(train)  [3][ 250/7793]  lr: 2.5000e-04  eta: 18:39:00  time: 0.4753  data_time: 0.0020  memory: 18954  loss: 1.1105  loss_ctc: 1.1105
2026/01/12 13:36:07 - mmengine - INFO - Epoch(train)  [3][ 300/7793]  lr: 2.5000e-04  eta: 18:38:35  time: 0.4867  data_time: 0.0022  memory: 18954  loss: 1.0813  loss_ctc: 1.0813
2026/01/12 13:36:31 - mmengine - INFO - Epoch(train)  [3][ 350/7793]  lr: 2.5000e-04  eta: 18:38:11  time: 0.4795  data_time: 0.0021  memory: 18954  loss: 1.0901  loss_ctc: 1.0901
2026/01/12 13:36:55 - mmengine - INFO - Epoch(train)  [3][ 400/7793]  lr: 2.5000e-04  eta: 18:37:44  time: 0.4709  data_time: 0.0020  memory: 18954  loss: 1.0786  loss_ctc: 1.0786
2026/01/12 13:37:02 - mmengine - INFO - Exp name: svtr-large_pretrain_cn_scene_tpspp_20260112_112654
2026/01/12 13:37:19 - mmengine - INFO - Epoch(train)  [3][ 450/7793]  lr: 2.4999e-04  eta: 18:37:21  time: 0.4747  data_time: 0.0020  memory: 18954  loss: 1.0771  loss_ctc: 1.0771
2026/01/12 13:37:43 - mmengine - INFO - Epoch(train)  [3][ 500/7793]  lr: 2.4999e-04  eta: 18:36:58  time: 0.4834  data_time: 0.0024  memory: 18954  loss: 1.1769  loss_ctc: 1.1769
2026/01/12 13:38:06 - mmengine - INFO - Epoch(train)  [3][ 550/7793]  lr: 2.4999e-04  eta: 18:36:31  time: 0.4795  data_time: 0.0021  memory: 18954  loss: 1.0970  loss_ctc: 1.0970
2026/01/12 13:38:30 - mmengine - INFO - Epoch(train)  [3][ 600/7793]  lr: 2.4999e-04  eta: 18:36:06  time: 0.4712  data_time: 0.0021  memory: 18954  loss: 1.0648  loss_ctc: 1.0648
2026/01/12 13:38:54 - mmengine - INFO - Epoch(train)  [3][ 650/7793]  lr: 2.4999e-04  eta: 18:35:44  time: 0.4932  data_time: 0.0022  memory: 18954  loss: 1.2124  loss_ctc: 1.2124
2026/01/12 13:39:18 - mmengine - INFO - Epoch(train)  [3][ 700/7793]  lr: 2.4999e-04  eta: 18:35:17  time: 0.4852  data_time: 0.0020  memory: 18954  loss: 1.0159  loss_ctc: 1.0159
2026/01/12 13:39:42 - mmengine - INFO - Epoch(train)  [3][ 750/7793]  lr: 2.4998e-04  eta: 18:34:53  time: 0.4824  data_time: 0.0021  memory: 18954  loss: 1.0674  loss_ctc: 1.0674
2026/01/12 13:40:06 - mmengine - INFO - Epoch(train)  [3][ 800/7793]  lr: 2.4998e-04  eta: 18:34:29  time: 0.4718  data_time: 0.0021  memory: 18954  loss: 1.1238  loss_ctc: 1.1238
2026/01/12 13:40:30 - mmengine - INFO - Epoch(train)  [3][ 850/7793]  lr: 2.4998e-04  eta: 18:34:04  time: 0.4764  data_time: 0.0021  memory: 18954  loss: 1.1562  loss_ctc: 1.1562
2026/01/12 13:40:54 - mmengine - INFO - Epoch(train)  [3][ 900/7793]  lr: 2.4998e-04  eta: 18:33:40  time: 0.4621  data_time: 0.0022  memory: 18954  loss: 1.1175  loss_ctc: 1.1175
2026/01/12 13:41:18 - mmengine - INFO - Epoch(train)  [3][ 950/7793]  lr: 2.4997e-04  eta: 18:33:16  time: 0.4650  data_time: 0.0021  memory: 18954  loss: 1.1253  loss_ctc: 1.1253
2026/01/12 13:41:42 - mmengine - INFO - Epoch(train)  [3][1000/7793]  lr: 2.4997e-04  eta: 18:32:51  time: 0.4801  data_time: 0.0021  memory: 18954  loss: 1.1260  loss_ctc: 1.1260
2026/01/12 13:42:06 - mmengine - INFO - Epoch(train)  [3][1050/7793]  lr: 2.4997e-04  eta: 18:32:28  time: 0.4907  data_time: 0.0021  memory: 18954  loss: 1.0990  loss_ctc: 1.0990
2026/01/12 13:42:29 - mmengine - INFO - Epoch(train)  [3][1100/7793]  lr: 2.4997e-04  eta: 18:32:01  time: 0.4668  data_time: 0.0022  memory: 18954  loss: 1.1212  loss_ctc: 1.1212
2026/01/12 13:42:53 - mmengine - INFO - Epoch(train)  [3][1150/7793]  lr: 2.4996e-04  eta: 18:31:37  time: 0.4969  data_time: 0.0021  memory: 18954  loss: 1.0893  loss_ctc: 1.0893
2026/01/12 13:43:17 - mmengine - INFO - Epoch(train)  [3][1200/7793]  lr: 2.4996e-04  eta: 18:31:12  time: 0.4754  data_time: 0.0025  memory: 18954  loss: 1.0719  loss_ctc: 1.0719
2026/01/12 13:43:41 - mmengine - INFO - Epoch(train)  [3][1250/7793]  lr: 2.4996e-04  eta: 18:30:50  time: 0.4656  data_time: 0.0021  memory: 18954  loss: 1.2561  loss_ctc: 1.2561
2026/01/12 13:44:05 - mmengine - INFO - Epoch(train)  [3][1300/7793]  lr: 2.4995e-04  eta: 18:30:25  time: 0.4704  data_time: 0.0024  memory: 18954  loss: 1.1074  loss_ctc: 1.1074
2026/01/12 13:44:29 - mmengine - INFO - Epoch(train)  [3][1350/7793]  lr: 2.4995e-04  eta: 18:30:01  time: 0.4678  data_time: 0.0021  memory: 18954  loss: 1.1728  loss_ctc: 1.1728
2026/01/12 13:44:53 - mmengine - INFO - Epoch(train)  [3][1400/7793]  lr: 2.4994e-04  eta: 18:29:39  time: 0.4856  data_time: 0.0021  memory: 18954  loss: 1.0791  loss_ctc: 1.0791
2026/01/12 13:45:00 - mmengine - INFO - Exp name: svtr-large_pretrain_cn_scene_tpspp_20260112_112654
2026/01/12 13:45:17 - mmengine - INFO - Epoch(train)  [3][1450/7793]  lr: 2.4994e-04  eta: 18:29:15  time: 0.5124  data_time: 0.0023  memory: 18954  loss: 1.0840  loss_ctc: 1.0840
2026/01/12 13:45:41 - mmengine - INFO - Epoch(train)  [3][1500/7793]  lr: 2.4994e-04  eta: 18:28:49  time: 0.4907  data_time: 0.0022  memory: 18954  loss: 1.0876  loss_ctc: 1.0876
2026/01/12 13:46:05 - mmengine - INFO - Epoch(train)  [3][1550/7793]  lr: 2.4993e-04  eta: 18:28:22  time: 0.4739  data_time: 0.0021  memory: 18954  loss: 1.0073  loss_ctc: 1.0073
2026/01/12 13:46:29 - mmengine - INFO - Epoch(train)  [3][1600/7793]  lr: 2.4993e-04  eta: 18:28:00  time: 0.4858  data_time: 0.0020  memory: 18954  loss: 1.0470  loss_ctc: 1.0470
2026/01/12 13:46:53 - mmengine - INFO - Epoch(train)  [3][1650/7793]  lr: 2.4992e-04  eta: 18:27:35  time: 0.4624  data_time: 0.0020  memory: 18954  loss: 1.1298  loss_ctc: 1.1298
2026/01/12 13:47:17 - mmengine - INFO - Epoch(train)  [3][1700/7793]  lr: 2.4992e-04  eta: 18:27:10  time: 0.4754  data_time: 0.0021  memory: 18954  loss: 1.1390  loss_ctc: 1.1390
2026/01/12 13:47:40 - mmengine - INFO - Epoch(train)  [3][1750/7793]  lr: 2.4991e-04  eta: 18:26:44  time: 0.4747  data_time: 0.0020  memory: 18954  loss: 1.1344  loss_ctc: 1.1344
2026/01/12 13:48:04 - mmengine - INFO - Epoch(train)  [3][1800/7793]  lr: 2.4991e-04  eta: 18:26:19  time: 0.4931  data_time: 0.0021  memory: 18954  loss: 1.0729  loss_ctc: 1.0729
2026/01/12 13:48:28 - mmengine - INFO - Epoch(train)  [3][1850/7793]  lr: 2.4990e-04  eta: 18:25:54  time: 0.4808  data_time: 0.0021  memory: 18954  loss: 1.0333  loss_ctc: 1.0333
2026/01/12 13:48:52 - mmengine - INFO - Epoch(train)  [3][1900/7793]  lr: 2.4990e-04  eta: 18:25:31  time: 0.4948  data_time: 0.0021  memory: 18954  loss: 1.0426  loss_ctc: 1.0426
2026/01/12 13:49:16 - mmengine - INFO - Epoch(train)  [3][1950/7793]  lr: 2.4989e-04  eta: 18:25:07  time: 0.4771  data_time: 0.0022  memory: 18954  loss: 1.1683  loss_ctc: 1.1683
2026/01/12 13:49:40 - mmengine - INFO - Epoch(train)  [3][2000/7793]  lr: 2.4989e-04  eta: 18:24:42  time: 0.4671  data_time: 0.0021  memory: 18954  loss: 1.2766  loss_ctc: 1.2766
2026/01/12 13:50:04 - mmengine - INFO - Epoch(train)  [3][2050/7793]  lr: 2.4988e-04  eta: 18:24:20  time: 0.4642  data_time: 0.0023  memory: 18954  loss: 1.0076  loss_ctc: 1.0076
2026/01/12 13:50:29 - mmengine - INFO - Epoch(train)  [3][2100/7793]  lr: 2.4988e-04  eta: 18:23:59  time: 0.4789  data_time: 0.0023  memory: 18954  loss: 0.9565  loss_ctc: 0.9565
2026/01/12 13:50:52 - mmengine - INFO - Epoch(train)  [3][2150/7793]  lr: 2.4987e-04  eta: 18:23:33  time: 0.4814  data_time: 0.0024  memory: 18954  loss: 0.9814  loss_ctc: 0.9814
2026/01/12 13:51:16 - mmengine - INFO - Epoch(train)  [3][2200/7793]  lr: 2.4986e-04  eta: 18:23:08  time: 0.4788  data_time: 0.0023  memory: 18954  loss: 1.2082  loss_ctc: 1.2082
2026/01/12 13:51:40 - mmengine - INFO - Epoch(train)  [3][2250/7793]  lr: 2.4986e-04  eta: 18:22:44  time: 0.5033  data_time: 0.0022  memory: 18954  loss: 1.1388  loss_ctc: 1.1388
2026/01/12 13:52:04 - mmengine - INFO - Epoch(train)  [3][2300/7793]  lr: 2.4985e-04  eta: 18:22:20  time: 0.4847  data_time: 0.0021  memory: 18954  loss: 1.0478  loss_ctc: 1.0478
2026/01/12 13:52:28 - mmengine - INFO - Epoch(train)  [3][2350/7793]  lr: 2.4984e-04  eta: 18:21:54  time: 0.4691  data_time: 0.0021  memory: 18954  loss: 1.0753  loss_ctc: 1.0753
2026/01/12 13:52:52 - mmengine - INFO - Epoch(train)  [3][2400/7793]  lr: 2.4984e-04  eta: 18:21:29  time: 0.4586  data_time: 0.0022  memory: 18954  loss: 1.1326  loss_ctc: 1.1326
2026/01/12 13:52:58 - mmengine - INFO - Exp name: svtr-large_pretrain_cn_scene_tpspp_20260112_112654
2026/01/12 13:53:15 - mmengine - INFO - Epoch(train)  [3][2450/7793]  lr: 2.4983e-04  eta: 18:21:03  time: 0.4660  data_time: 0.0020  memory: 18954  loss: 1.1088  loss_ctc: 1.1088
2026/01/12 13:53:39 - mmengine - INFO - Epoch(train)  [3][2500/7793]  lr: 2.4982e-04  eta: 18:20:38  time: 0.4803  data_time: 0.0021  memory: 18954  loss: 0.9893  loss_ctc: 0.9893
2026/01/12 13:54:03 - mmengine - INFO - Epoch(train)  [3][2550/7793]  lr: 2.4982e-04  eta: 18:20:13  time: 0.4635  data_time: 0.0021  memory: 18954  loss: 1.1030  loss_ctc: 1.1030
2026/01/12 13:54:27 - mmengine - INFO - Epoch(train)  [3][2600/7793]  lr: 2.4981e-04  eta: 18:19:49  time: 0.4778  data_time: 0.0021  memory: 18954  loss: 1.0738  loss_ctc: 1.0738
2026/01/12 13:54:51 - mmengine - INFO - Epoch(train)  [3][2650/7793]  lr: 2.4980e-04  eta: 18:19:26  time: 0.4976  data_time: 0.0021  memory: 18954  loss: 1.1840  loss_ctc: 1.1840
2026/01/12 13:55:15 - mmengine - INFO - Epoch(train)  [3][2700/7793]  lr: 2.4980e-04  eta: 18:19:02  time: 0.4633  data_time: 0.0020  memory: 18954  loss: 1.0137  loss_ctc: 1.0137
2026/01/12 13:55:39 - mmengine - INFO - Epoch(train)  [3][2750/7793]  lr: 2.4979e-04  eta: 18:18:39  time: 0.4785  data_time: 0.0021  memory: 18954  loss: 1.0379  loss_ctc: 1.0379
2026/01/12 13:56:03 - mmengine - INFO - Epoch(train)  [3][2800/7793]  lr: 2.4978e-04  eta: 18:18:13  time: 0.4603  data_time: 0.0020  memory: 18954  loss: 1.0486  loss_ctc: 1.0486
2026/01/12 13:56:27 - mmengine - INFO - Epoch(train)  [3][2850/7793]  lr: 2.4977e-04  eta: 18:17:49  time: 0.4764  data_time: 0.0021  memory: 18954  loss: 0.9943  loss_ctc: 0.9943
2026/01/12 13:56:51 - mmengine - INFO - Epoch(train)  [3][2900/7793]  lr: 2.4976e-04  eta: 18:17:26  time: 0.4992  data_time: 0.0022  memory: 18954  loss: 0.9277  loss_ctc: 0.9277
2026/01/12 13:57:15 - mmengine - INFO - Epoch(train)  [3][2950/7793]  lr: 2.4976e-04  eta: 18:17:02  time: 0.4764  data_time: 0.0021  memory: 18954  loss: 1.1548  loss_ctc: 1.1548
2026/01/12 13:57:39 - mmengine - INFO - Epoch(train)  [3][3000/7793]  lr: 2.4975e-04  eta: 18:16:37  time: 0.4783  data_time: 0.0021  memory: 18954  loss: 0.9661  loss_ctc: 0.9661
2026/01/12 13:58:03 - mmengine - INFO - Epoch(train)  [3][3050/7793]  lr: 2.4974e-04  eta: 18:16:13  time: 0.5079  data_time: 0.0022  memory: 18954  loss: 1.0311  loss_ctc: 1.0311
2026/01/12 13:58:26 - mmengine - INFO - Epoch(train)  [3][3100/7793]  lr: 2.4973e-04  eta: 18:15:48  time: 0.4667  data_time: 0.0020  memory: 18954  loss: 1.0372  loss_ctc: 1.0372
2026/01/12 13:58:51 - mmengine - INFO - Epoch(train)  [3][3150/7793]  lr: 2.4972e-04  eta: 18:15:26  time: 0.4755  data_time: 0.0021  memory: 18954  loss: 1.0964  loss_ctc: 1.0964
2026/01/12 13:59:15 - mmengine - INFO - Epoch(train)  [3][3200/7793]  lr: 2.4971e-04  eta: 18:15:02  time: 0.4686  data_time: 0.0020  memory: 18954  loss: 1.0877  loss_ctc: 1.0877
2026/01/12 13:59:38 - mmengine - INFO - Epoch(train)  [3][3250/7793]  lr: 2.4970e-04  eta: 18:14:36  time: 0.4723  data_time: 0.0021  memory: 18954  loss: 1.1346  loss_ctc: 1.1346
2026/01/12 14:00:03 - mmengine - INFO - Epoch(train)  [3][3300/7793]  lr: 2.4969e-04  eta: 18:14:14  time: 0.4858  data_time: 0.0022  memory: 18954  loss: 0.9150  loss_ctc: 0.9150
2026/01/12 14:00:27 - mmengine - INFO - Epoch(train)  [3][3350/7793]  lr: 2.4968e-04  eta: 18:13:51  time: 0.4813  data_time: 0.0022  memory: 18954  loss: 1.0178  loss_ctc: 1.0178
2026/01/12 14:00:51 - mmengine - INFO - Epoch(train)  [3][3400/7793]  lr: 2.4968e-04  eta: 18:13:27  time: 0.4870  data_time: 0.0020  memory: 18954  loss: 0.9719  loss_ctc: 0.9719
2026/01/12 14:00:57 - mmengine - INFO - Exp name: svtr-large_pretrain_cn_scene_tpspp_20260112_112654
2026/01/12 14:01:15 - mmengine - INFO - Epoch(train)  [3][3450/7793]  lr: 2.4967e-04  eta: 18:13:03  time: 0.4994  data_time: 0.0021  memory: 18954  loss: 0.9216  loss_ctc: 0.9216
2026/01/12 14:01:38 - mmengine - INFO - Epoch(train)  [3][3500/7793]  lr: 2.4966e-04  eta: 18:12:37  time: 0.4652  data_time: 0.0021  memory: 18954  loss: 1.0153  loss_ctc: 1.0153
2026/01/12 14:02:02 - mmengine - INFO - Epoch(train)  [3][3550/7793]  lr: 2.4965e-04  eta: 18:12:13  time: 0.4851  data_time: 0.0022  memory: 18954  loss: 1.0269  loss_ctc: 1.0269
2026/01/12 14:02:26 - mmengine - INFO - Epoch(train)  [3][3600/7793]  lr: 2.4964e-04  eta: 18:11:48  time: 0.4737  data_time: 0.0022  memory: 18954  loss: 1.1235  loss_ctc: 1.1235
2026/01/12 14:02:50 - mmengine - INFO - Epoch(train)  [3][3650/7793]  lr: 2.4963e-04  eta: 18:11:25  time: 0.4724  data_time: 0.0022  memory: 18954  loss: 0.9937  loss_ctc: 0.9937
2026/01/12 14:03:14 - mmengine - INFO - Epoch(train)  [3][3700/7793]  lr: 2.4962e-04  eta: 18:11:02  time: 0.4889  data_time: 0.0023  memory: 18954  loss: 0.9324  loss_ctc: 0.9324
2026/01/12 14:03:38 - mmengine - INFO - Epoch(train)  [3][3750/7793]  lr: 2.4960e-04  eta: 18:10:38  time: 0.4748  data_time: 0.0023  memory: 18954  loss: 0.9257  loss_ctc: 0.9257
2026/01/12 14:04:02 - mmengine - INFO - Epoch(train)  [3][3800/7793]  lr: 2.4959e-04  eta: 18:10:12  time: 0.4698  data_time: 0.0020  memory: 18954  loss: 0.9528  loss_ctc: 0.9528
2026/01/12 14:04:25 - mmengine - INFO - Epoch(train)  [3][3850/7793]  lr: 2.4958e-04  eta: 18:09:44  time: 0.4900  data_time: 0.0023  memory: 18954  loss: 1.0253  loss_ctc: 1.0253
2026/01/12 14:04:49 - mmengine - INFO - Epoch(train)  [3][3900/7793]  lr: 2.4957e-04  eta: 18:09:19  time: 0.4756  data_time: 0.0021  memory: 18954  loss: 1.0353  loss_ctc: 1.0353
2026/01/12 14:05:13 - mmengine - INFO - Epoch(train)  [3][3950/7793]  lr: 2.4956e-04  eta: 18:08:54  time: 0.4706  data_time: 0.0020  memory: 18954  loss: 0.9897  loss_ctc: 0.9897
2026/01/12 14:05:37 - mmengine - INFO - Epoch(train)  [3][4000/7793]  lr: 2.4955e-04  eta: 18:08:32  time: 0.4581  data_time: 0.0020  memory: 18954  loss: 1.0272  loss_ctc: 1.0272
2026/01/12 14:06:01 - mmengine - INFO - Epoch(train)  [3][4050/7793]  lr: 2.4954e-04  eta: 18:08:08  time: 0.4718  data_time: 0.0026  memory: 18954  loss: 0.9900  loss_ctc: 0.9900
2026/01/12 14:06:25 - mmengine - INFO - Epoch(train)  [3][4100/7793]  lr: 2.4953e-04  eta: 18:07:44  time: 0.4603  data_time: 0.0021  memory: 18954  loss: 1.1713  loss_ctc: 1.1713
2026/01/12 14:06:49 - mmengine - INFO - Epoch(train)  [3][4150/7793]  lr: 2.4952e-04  eta: 18:07:18  time: 0.4650  data_time: 0.0020  memory: 18954  loss: 1.0157  loss_ctc: 1.0157
2026/01/12 14:07:13 - mmengine - INFO - Epoch(train)  [3][4200/7793]  lr: 2.4950e-04  eta: 18:06:54  time: 0.4955  data_time: 0.0021  memory: 18954  loss: 0.9705  loss_ctc: 0.9705
2026/01/12 14:07:37 - mmengine - INFO - Epoch(train)  [3][4250/7793]  lr: 2.4949e-04  eta: 18:06:29  time: 0.4848  data_time: 0.0023  memory: 18954  loss: 1.1000  loss_ctc: 1.1000
2026/01/12 14:08:00 - mmengine - INFO - Epoch(train)  [3][4300/7793]  lr: 2.4948e-04  eta: 18:06:02  time: 0.4625  data_time: 0.0023  memory: 18954  loss: 1.0823  loss_ctc: 1.0823
2026/01/12 14:08:24 - mmengine - INFO - Epoch(train)  [3][4350/7793]  lr: 2.4947e-04  eta: 18:05:36  time: 0.4618  data_time: 0.0022  memory: 18954  loss: 1.0260  loss_ctc: 1.0260
2026/01/12 14:08:48 - mmengine - INFO - Epoch(train)  [3][4400/7793]  lr: 2.4946e-04  eta: 18:05:11  time: 0.4686  data_time: 0.0021  memory: 18954  loss: 1.0111  loss_ctc: 1.0111
2026/01/12 14:08:54 - mmengine - INFO - Exp name: svtr-large_pretrain_cn_scene_tpspp_20260112_112654
2026/01/12 14:09:12 - mmengine - INFO - Epoch(train)  [3][4450/7793]  lr: 2.4944e-04  eta: 18:04:47  time: 0.4642  data_time: 0.0022  memory: 18954  loss: 0.9936  loss_ctc: 0.9936
2026/01/12 14:09:36 - mmengine - INFO - Epoch(train)  [3][4500/7793]  lr: 2.4943e-04  eta: 18:04:25  time: 0.5018  data_time: 0.0021  memory: 18954  loss: 0.9612  loss_ctc: 0.9612
2026/01/12 14:10:00 - mmengine - INFO - Epoch(train)  [3][4550/7793]  lr: 2.4942e-04  eta: 18:04:00  time: 0.4849  data_time: 0.0021  memory: 18954  loss: 1.1100  loss_ctc: 1.1100
2026/01/12 14:10:24 - mmengine - INFO - Epoch(train)  [3][4600/7793]  lr: 2.4941e-04  eta: 18:03:36  time: 0.4729  data_time: 0.0021  memory: 18954  loss: 1.0862  loss_ctc: 1.0862
2026/01/12 14:10:48 - mmengine - INFO - Epoch(train)  [3][4650/7793]  lr: 2.4939e-04  eta: 18:03:14  time: 0.4872  data_time: 0.0024  memory: 18954  loss: 1.1283  loss_ctc: 1.1283
2026/01/12 14:11:12 - mmengine - INFO - Epoch(train)  [3][4700/7793]  lr: 2.4938e-04  eta: 18:02:48  time: 0.4614  data_time: 0.0021  memory: 18954  loss: 1.0374  loss_ctc: 1.0374
2026/01/12 14:11:36 - mmengine - INFO - Epoch(train)  [3][4750/7793]  lr: 2.4937e-04  eta: 18:02:26  time: 0.4743  data_time: 0.0021  memory: 18954  loss: 0.9419  loss_ctc: 0.9419
2026/01/12 14:12:00 - mmengine - INFO - Epoch(train)  [3][4800/7793]  lr: 2.4935e-04  eta: 18:02:03  time: 0.4691  data_time: 0.0023  memory: 18954  loss: 1.0052  loss_ctc: 1.0052
2026/01/12 14:12:24 - mmengine - INFO - Epoch(train)  [3][4850/7793]  lr: 2.4934e-04  eta: 18:01:39  time: 0.4804  data_time: 0.0020  memory: 18954  loss: 0.9950  loss_ctc: 0.9950
2026/01/12 14:12:48 - mmengine - INFO - Epoch(train)  [3][4900/7793]  lr: 2.4933e-04  eta: 18:01:17  time: 0.4920  data_time: 0.0020  memory: 18954  loss: 0.9587  loss_ctc: 0.9587
2026/01/12 14:13:12 - mmengine - INFO - Epoch(train)  [3][4950/7793]  lr: 2.4931e-04  eta: 18:00:52  time: 0.4706  data_time: 0.0021  memory: 18954  loss: 1.0133  loss_ctc: 1.0133
2026/01/12 14:13:36 - mmengine - INFO - Epoch(train)  [3][5000/7793]  lr: 2.4930e-04  eta: 18:00:28  time: 0.4760  data_time: 0.0020  memory: 18954  loss: 1.1403  loss_ctc: 1.1403
2026/01/12 14:14:00 - mmengine - INFO - Epoch(train)  [3][5050/7793]  lr: 2.4928e-04  eta: 18:00:03  time: 0.4828  data_time: 0.0022  memory: 18954  loss: 0.9990  loss_ctc: 0.9990
2026/01/12 14:14:24 - mmengine - INFO - Epoch(train)  [3][5100/7793]  lr: 2.4927e-04  eta: 17:59:39  time: 0.4797  data_time: 0.0022  memory: 18954  loss: 0.9258  loss_ctc: 0.9258
2026/01/12 14:14:47 - mmengine - INFO - Epoch(train)  [3][5150/7793]  lr: 2.4925e-04  eta: 17:59:13  time: 0.4677  data_time: 0.0020  memory: 18954  loss: 0.8833  loss_ctc: 0.8833
2026/01/12 14:15:11 - mmengine - INFO - Epoch(train)  [3][5200/7793]  lr: 2.4924e-04  eta: 17:58:49  time: 0.4807  data_time: 0.0021  memory: 18954  loss: 1.0484  loss_ctc: 1.0484
2026/01/12 14:15:35 - mmengine - INFO - Epoch(train)  [3][5250/7793]  lr: 2.4923e-04  eta: 17:58:23  time: 0.4677  data_time: 0.0021  memory: 18954  loss: 1.0829  loss_ctc: 1.0829
2026/01/12 14:15:59 - mmengine - INFO - Epoch(train)  [3][5300/7793]  lr: 2.4921e-04  eta: 17:57:58  time: 0.4958  data_time: 0.0023  memory: 18954  loss: 0.9236  loss_ctc: 0.9236
2026/01/12 14:16:23 - mmengine - INFO - Epoch(train)  [3][5350/7793]  lr: 2.4920e-04  eta: 17:57:33  time: 0.4706  data_time: 0.0020  memory: 18954  loss: 0.9903  loss_ctc: 0.9903
2026/01/12 14:16:47 - mmengine - INFO - Epoch(train)  [3][5400/7793]  lr: 2.4918e-04  eta: 17:57:13  time: 0.4948  data_time: 0.0021  memory: 18954  loss: 0.9856  loss_ctc: 0.9856
2026/01/12 14:16:54 - mmengine - INFO - Exp name: svtr-large_pretrain_cn_scene_tpspp_20260112_112654
2026/01/12 14:17:11 - mmengine - INFO - Epoch(train)  [3][5450/7793]  lr: 2.4917e-04  eta: 17:56:47  time: 0.4830  data_time: 0.0025  memory: 18954  loss: 0.9848  loss_ctc: 0.9848
2026/01/12 14:17:35 - mmengine - INFO - Epoch(train)  [3][5500/7793]  lr: 2.4915e-04  eta: 17:56:24  time: 0.4664  data_time: 0.0021  memory: 18954  loss: 1.0761  loss_ctc: 1.0761
2026/01/12 14:17:59 - mmengine - INFO - Epoch(train)  [3][5550/7793]  lr: 2.4913e-04  eta: 17:56:02  time: 0.4757  data_time: 0.0020  memory: 18954  loss: 1.1355  loss_ctc: 1.1355
2026/01/12 14:18:23 - mmengine - INFO - Epoch(train)  [3][5600/7793]  lr: 2.4912e-04  eta: 17:55:36  time: 0.4691  data_time: 0.0022  memory: 18954  loss: 1.0843  loss_ctc: 1.0843
2026/01/12 14:18:47 - mmengine - INFO - Epoch(train)  [3][5650/7793]  lr: 2.4910e-04  eta: 17:55:13  time: 0.4688  data_time: 0.0021  memory: 18954  loss: 0.9283  loss_ctc: 0.9283
2026/01/12 14:19:11 - mmengine - INFO - Epoch(train)  [3][5700/7793]  lr: 2.4909e-04  eta: 17:54:50  time: 0.5001  data_time: 0.0021  memory: 18954  loss: 1.0362  loss_ctc: 1.0362
2026/01/12 14:19:35 - mmengine - INFO - Epoch(train)  [3][5750/7793]  lr: 2.4907e-04  eta: 17:54:25  time: 0.4917  data_time: 0.0020  memory: 18954  loss: 0.9789  loss_ctc: 0.9789
2026/01/12 14:19:59 - mmengine - INFO - Epoch(train)  [3][5800/7793]  lr: 2.4906e-04  eta: 17:53:59  time: 0.4737  data_time: 0.0021  memory: 18954  loss: 0.9650  loss_ctc: 0.9650
2026/01/12 14:20:22 - mmengine - INFO - Epoch(train)  [3][5850/7793]  lr: 2.4904e-04  eta: 17:53:34  time: 0.4742  data_time: 0.0021  memory: 18954  loss: 0.8558  loss_ctc: 0.8558
2026/01/12 14:20:46 - mmengine - INFO - Epoch(train)  [3][5900/7793]  lr: 2.4902e-04  eta: 17:53:11  time: 0.4785  data_time: 0.0020  memory: 18954  loss: 0.9567  loss_ctc: 0.9567
2026/01/12 14:21:10 - mmengine - INFO - Epoch(train)  [3][5950/7793]  lr: 2.4901e-04  eta: 17:52:45  time: 0.4871  data_time: 0.0021  memory: 18954  loss: 0.8916  loss_ctc: 0.8916
2026/01/12 14:21:34 - mmengine - INFO - Epoch(train)  [3][6000/7793]  lr: 2.4899e-04  eta: 17:52:21  time: 0.4578  data_time: 0.0020  memory: 18954  loss: 0.9278  loss_ctc: 0.9278
2026/01/12 14:21:58 - mmengine - INFO - Epoch(train)  [3][6050/7793]  lr: 2.4897e-04  eta: 17:51:57  time: 0.4728  data_time: 0.0022  memory: 18954  loss: 0.8975  loss_ctc: 0.8975
2026/01/12 14:22:22 - mmengine - INFO - Epoch(train)  [3][6100/7793]  lr: 2.4895e-04  eta: 17:51:34  time: 0.4873  data_time: 0.0022  memory: 18954  loss: 0.8861  loss_ctc: 0.8861
2026/01/12 14:22:46 - mmengine - INFO - Epoch(train)  [3][6150/7793]  lr: 2.4894e-04  eta: 17:51:09  time: 0.4839  data_time: 0.0023  memory: 18954  loss: 1.0777  loss_ctc: 1.0777
2026/01/12 14:23:10 - mmengine - INFO - Epoch(train)  [3][6200/7793]  lr: 2.4892e-04  eta: 17:50:44  time: 0.4692  data_time: 0.0020  memory: 18954  loss: 0.9613  loss_ctc: 0.9613
2026/01/12 14:23:34 - mmengine - INFO - Epoch(train)  [3][6250/7793]  lr: 2.4890e-04  eta: 17:50:20  time: 0.4862  data_time: 0.0022  memory: 18954  loss: 0.9017  loss_ctc: 0.9017
2026/01/12 14:23:58 - mmengine - INFO - Epoch(train)  [3][6300/7793]  lr: 2.4889e-04  eta: 17:49:57  time: 0.4899  data_time: 0.0020  memory: 18954  loss: 0.8327  loss_ctc: 0.8327
2026/01/12 14:24:22 - mmengine - INFO - Epoch(train)  [3][6350/7793]  lr: 2.4887e-04  eta: 17:49:33  time: 0.4695  data_time: 0.0021  memory: 18954  loss: 0.9942  loss_ctc: 0.9942
2026/01/12 14:24:46 - mmengine - INFO - Epoch(train)  [3][6400/7793]  lr: 2.4885e-04  eta: 17:49:09  time: 0.4756  data_time: 0.0022  memory: 18954  loss: 1.0969  loss_ctc: 1.0969
2026/01/12 14:24:52 - mmengine - INFO - Exp name: svtr-large_pretrain_cn_scene_tpspp_20260112_112654
2026/01/12 14:25:09 - mmengine - INFO - Epoch(train)  [3][6450/7793]  lr: 2.4883e-04  eta: 17:48:44  time: 0.4836  data_time: 0.0020  memory: 18954  loss: 0.9814  loss_ctc: 0.9814
2026/01/12 14:25:34 - mmengine - INFO - Epoch(train)  [3][6500/7793]  lr: 2.4881e-04  eta: 17:48:20  time: 0.4899  data_time: 0.0022  memory: 18954  loss: 0.9421  loss_ctc: 0.9421
2026/01/12 14:25:57 - mmengine - INFO - Epoch(train)  [3][6550/7793]  lr: 2.4880e-04  eta: 17:47:54  time: 0.4798  data_time: 0.0023  memory: 18954  loss: 0.9963  loss_ctc: 0.9963
2026/01/12 14:26:21 - mmengine - INFO - Epoch(train)  [3][6600/7793]  lr: 2.4878e-04  eta: 17:47:28  time: 0.4831  data_time: 0.0020  memory: 18954  loss: 0.9442  loss_ctc: 0.9442
2026/01/12 14:26:45 - mmengine - INFO - Epoch(train)  [3][6650/7793]  lr: 2.4876e-04  eta: 17:47:05  time: 0.4706  data_time: 0.0020  memory: 18954  loss: 0.9106  loss_ctc: 0.9106
2026/01/12 14:27:09 - mmengine - INFO - Epoch(train)  [3][6700/7793]  lr: 2.4874e-04  eta: 17:46:41  time: 0.4713  data_time: 0.0021  memory: 18954  loss: 0.9501  loss_ctc: 0.9501
2026/01/12 14:27:33 - mmengine - INFO - Epoch(train)  [3][6750/7793]  lr: 2.4872e-04  eta: 17:46:16  time: 0.4734  data_time: 0.0021  memory: 18954  loss: 0.9387  loss_ctc: 0.9387
2026/01/12 14:27:57 - mmengine - INFO - Epoch(train)  [3][6800/7793]  lr: 2.4870e-04  eta: 17:45:54  time: 0.4788  data_time: 0.0021  memory: 18954  loss: 1.0610  loss_ctc: 1.0610
2026/01/12 14:28:21 - mmengine - INFO - Epoch(train)  [3][6850/7793]  lr: 2.4868e-04  eta: 17:45:31  time: 0.4795  data_time: 0.0021  memory: 18954  loss: 0.9312  loss_ctc: 0.9312
2026/01/12 14:28:45 - mmengine - INFO - Epoch(train)  [3][6900/7793]  lr: 2.4866e-04  eta: 17:45:05  time: 0.4797  data_time: 0.0022  memory: 18954  loss: 0.9210  loss_ctc: 0.9210
2026/01/12 14:29:08 - mmengine - INFO - Epoch(train)  [3][6950/7793]  lr: 2.4864e-04  eta: 17:44:40  time: 0.4717  data_time: 0.0021  memory: 18954  loss: 0.9542  loss_ctc: 0.9542
2026/01/12 14:29:32 - mmengine - INFO - Epoch(train)  [3][7000/7793]  lr: 2.4862e-04  eta: 17:44:16  time: 0.4683  data_time: 0.0020  memory: 18954  loss: 1.0027  loss_ctc: 1.0027
2026/01/12 14:29:56 - mmengine - INFO - Epoch(train)  [3][7050/7793]  lr: 2.4860e-04  eta: 17:43:51  time: 0.4803  data_time: 0.0024  memory: 18954  loss: 0.9373  loss_ctc: 0.9373
2026/01/12 14:30:20 - mmengine - INFO - Epoch(train)  [3][7100/7793]  lr: 2.4858e-04  eta: 17:43:26  time: 0.4681  data_time: 0.0021  memory: 18954  loss: 0.9682  loss_ctc: 0.9682
2026/01/12 14:30:44 - mmengine - INFO - Epoch(train)  [3][7150/7793]  lr: 2.4856e-04  eta: 17:43:01  time: 0.4642  data_time: 0.0021  memory: 18954  loss: 0.9136  loss_ctc: 0.9136
2026/01/12 14:31:08 - mmengine - INFO - Epoch(train)  [3][7200/7793]  lr: 2.4854e-04  eta: 17:42:37  time: 0.4752  data_time: 0.0024  memory: 18954  loss: 0.9692  loss_ctc: 0.9692
2026/01/12 14:31:32 - mmengine - INFO - Epoch(train)  [3][7250/7793]  lr: 2.4852e-04  eta: 17:42:13  time: 0.4948  data_time: 0.0023  memory: 18954  loss: 0.8464  loss_ctc: 0.8464
2026/01/12 14:31:55 - mmengine - INFO - Epoch(train)  [3][7300/7793]  lr: 2.4850e-04  eta: 17:41:48  time: 0.4801  data_time: 0.0021  memory: 18954  loss: 0.8584  loss_ctc: 0.8584
2026/01/12 14:32:19 - mmengine - INFO - Epoch(train)  [3][7350/7793]  lr: 2.4848e-04  eta: 17:41:23  time: 0.4750  data_time: 0.0021  memory: 18954  loss: 1.0062  loss_ctc: 1.0062
2026/01/12 14:32:43 - mmengine - INFO - Epoch(train)  [3][7400/7793]  lr: 2.4846e-04  eta: 17:40:59  time: 0.4831  data_time: 0.0021  memory: 18954  loss: 1.0074  loss_ctc: 1.0074
2026/01/12 14:32:50 - mmengine - INFO - Exp name: svtr-large_pretrain_cn_scene_tpspp_20260112_112654
2026/01/12 14:33:07 - mmengine - INFO - Epoch(train)  [3][7450/7793]  lr: 2.4844e-04  eta: 17:40:34  time: 0.4719  data_time: 0.0021  memory: 18954  loss: 1.1091  loss_ctc: 1.1091
2026/01/12 14:33:31 - mmengine - INFO - Epoch(train)  [3][7500/7793]  lr: 2.4842e-04  eta: 17:40:09  time: 0.4619  data_time: 0.0022  memory: 18954  loss: 0.9100  loss_ctc: 0.9100
2026/01/12 14:33:55 - mmengine - INFO - Epoch(train)  [3][7550/7793]  lr: 2.4840e-04  eta: 17:39:48  time: 0.4870  data_time: 0.0022  memory: 18954  loss: 1.0314  loss_ctc: 1.0314
2026/01/12 14:34:19 - mmengine - INFO - Epoch(train)  [3][7600/7793]  lr: 2.4838e-04  eta: 17:39:23  time: 0.4791  data_time: 0.0020  memory: 18954  loss: 1.0917  loss_ctc: 1.0917
2026/01/12 14:34:43 - mmengine - INFO - Epoch(train)  [3][7650/7793]  lr: 2.4836e-04  eta: 17:39:02  time: 0.4883  data_time: 0.0023  memory: 18954  loss: 1.0639  loss_ctc: 1.0639
2026/01/12 14:35:07 - mmengine - INFO - Epoch(train)  [3][7700/7793]  lr: 2.4834e-04  eta: 17:38:37  time: 0.4799  data_time: 0.0021  memory: 18954  loss: 1.0201  loss_ctc: 1.0201
2026/01/12 14:35:31 - mmengine - INFO - Epoch(train)  [3][7750/7793]  lr: 2.4831e-04  eta: 17:38:14  time: 0.4930  data_time: 0.0020  memory: 18954  loss: 1.1040  loss_ctc: 1.1040
2026/01/12 14:35:51 - mmengine - INFO - Exp name: svtr-large_pretrain_cn_scene_tpspp_20260112_112654
2026/01/12 14:35:51 - mmengine - INFO - Saving checkpoint at 3 epochs
2026/01/12 14:36:07 - mmengine - INFO - Epoch(val) [3][20/20]    PretrainCN_holdout/recog/word_acc: 0.7704  PretrainCN_holdout/recog/1-N.E.D: 0.9216  data_time: 0.0192  time: 0.3475
2026/01/12 14:36:07 - mmengine - INFO - The previous best checkpoint /root/lanyun-tmp/mmocr/work_dirs/svtr-large_pretrain_cn_scene_tpspp/best_PretrainCN_holdout_recog_word_acc_epoch_2.pth is removed
2026/01/12 14:36:14 - mmengine - INFO - The best checkpoint with 0.7704 PretrainCN_holdout/recog/word_acc at 3 epoch is saved to best_PretrainCN_holdout_recog_word_acc_epoch_3.pth.
2026/01/12 14:36:56 - mmengine - INFO - Epoch(train)  [4][  50/7793]  lr: 2.4827e-04  eta: 17:37:42  time: 0.4657  data_time: 0.0023  memory: 18954  loss: 0.9940  loss_ctc: 0.9940
2026/01/12 14:37:20 - mmengine - INFO - Epoch(train)  [4][ 100/7793]  lr: 2.4825e-04  eta: 17:37:19  time: 0.4972  data_time: 0.0020  memory: 18954  loss: 1.0011  loss_ctc: 1.0011
2026/01/12 14:37:44 - mmengine - INFO - Epoch(train)  [4][ 150/7793]  lr: 2.4823e-04  eta: 17:36:55  time: 0.4841  data_time: 0.0022  memory: 18954  loss: 0.9077  loss_ctc: 0.9077
2026/01/12 14:38:08 - mmengine - INFO - Epoch(train)  [4][ 200/7793]  lr: 2.4821e-04  eta: 17:36:32  time: 0.4597  data_time: 0.0020  memory: 18954  loss: 1.0919  loss_ctc: 1.0919
2026/01/12 14:38:32 - mmengine - INFO - Epoch(train)  [4][ 250/7793]  lr: 2.4818e-04  eta: 17:36:09  time: 0.4683  data_time: 0.0021  memory: 18954  loss: 0.9789  loss_ctc: 0.9789
2026/01/12 14:38:56 - mmengine - INFO - Epoch(train)  [4][ 300/7793]  lr: 2.4816e-04  eta: 17:35:44  time: 0.4755  data_time: 0.0020  memory: 18954  loss: 1.0348  loss_ctc: 1.0348
2026/01/12 14:39:20 - mmengine - INFO - Epoch(train)  [4][ 350/7793]  lr: 2.4814e-04  eta: 17:35:20  time: 0.4656  data_time: 0.0021  memory: 18954  loss: 0.9897  loss_ctc: 0.9897
2026/01/12 14:39:43 - mmengine - INFO - Epoch(train)  [4][ 400/7793]  lr: 2.4812e-04  eta: 17:34:55  time: 0.4814  data_time: 0.0021  memory: 18954  loss: 0.9852  loss_ctc: 0.9852
2026/01/12 14:40:07 - mmengine - INFO - Epoch(train)  [4][ 450/7793]  lr: 2.4809e-04  eta: 17:34:30  time: 0.4982  data_time: 0.0022  memory: 18954  loss: 0.9577  loss_ctc: 0.9577
2026/01/12 14:40:31 - mmengine - INFO - Epoch(train)  [4][ 500/7793]  lr: 2.4807e-04  eta: 17:34:07  time: 0.4871  data_time: 0.0021  memory: 18954  loss: 1.1399  loss_ctc: 1.1399
2026/01/12 14:40:55 - mmengine - INFO - Epoch(train)  [4][ 550/7793]  lr: 2.4805e-04  eta: 17:33:44  time: 0.4850  data_time: 0.0021  memory: 18954  loss: 0.9812  loss_ctc: 0.9812
2026/01/12 14:41:19 - mmengine - INFO - Epoch(train)  [4][ 600/7793]  lr: 2.4802e-04  eta: 17:33:16  time: 0.4649  data_time: 0.0026  memory: 18954  loss: 0.9991  loss_ctc: 0.9991
2026/01/12 14:41:29 - mmengine - INFO - Exp name: svtr-large_pretrain_cn_scene_tpspp_20260112_112654
2026/01/12 14:41:43 - mmengine - INFO - Epoch(train)  [4][ 650/7793]  lr: 2.4800e-04  eta: 17:32:53  time: 0.4770  data_time: 0.0022  memory: 18954  loss: 0.9529  loss_ctc: 0.9529
2026/01/12 14:42:07 - mmengine - INFO - Epoch(train)  [4][ 700/7793]  lr: 2.4798e-04  eta: 17:32:30  time: 0.4775  data_time: 0.0025  memory: 18954  loss: 0.9568  loss_ctc: 0.9568
2026/01/12 14:42:31 - mmengine - INFO - Epoch(train)  [4][ 750/7793]  lr: 2.4795e-04  eta: 17:32:05  time: 0.4690  data_time: 0.0021  memory: 18954  loss: 0.9638  loss_ctc: 0.9638
2026/01/12 14:42:55 - mmengine - INFO - Epoch(train)  [4][ 800/7793]  lr: 2.4793e-04  eta: 17:31:41  time: 0.4679  data_time: 0.0021  memory: 18954  loss: 0.9500  loss_ctc: 0.9500
2026/01/12 14:43:19 - mmengine - INFO - Epoch(train)  [4][ 850/7793]  lr: 2.4790e-04  eta: 17:31:17  time: 0.4919  data_time: 0.0025  memory: 18954  loss: 1.0512  loss_ctc: 1.0512
2026/01/12 14:43:42 - mmengine - INFO - Epoch(train)  [4][ 900/7793]  lr: 2.4788e-04  eta: 17:30:52  time: 0.4718  data_time: 0.0021  memory: 18954  loss: 1.0190  loss_ctc: 1.0190
2026/01/12 14:44:06 - mmengine - INFO - Epoch(train)  [4][ 950/7793]  lr: 2.4786e-04  eta: 17:30:28  time: 0.4853  data_time: 0.0021  memory: 18954  loss: 0.9629  loss_ctc: 0.9629
2026/01/12 14:44:30 - mmengine - INFO - Epoch(train)  [4][1000/7793]  lr: 2.4783e-04  eta: 17:30:03  time: 0.4727  data_time: 0.0021  memory: 18954  loss: 0.9901  loss_ctc: 0.9901
2026/01/12 14:44:54 - mmengine - INFO - Epoch(train)  [4][1050/7793]  lr: 2.4781e-04  eta: 17:29:38  time: 0.4627  data_time: 0.0021  memory: 18954  loss: 1.0339  loss_ctc: 1.0339
2026/01/12 14:45:18 - mmengine - INFO - Epoch(train)  [4][1100/7793]  lr: 2.4778e-04  eta: 17:29:14  time: 0.4665  data_time: 0.0020  memory: 18954  loss: 1.0467  loss_ctc: 1.0467
2026/01/12 14:45:42 - mmengine - INFO - Epoch(train)  [4][1150/7793]  lr: 2.4776e-04  eta: 17:28:52  time: 0.4806  data_time: 0.0021  memory: 18954  loss: 0.9099  loss_ctc: 0.9099
2026/01/12 14:46:06 - mmengine - INFO - Epoch(train)  [4][1200/7793]  lr: 2.4773e-04  eta: 17:28:28  time: 0.4736  data_time: 0.0021  memory: 18954  loss: 0.9318  loss_ctc: 0.9318
2026/01/12 14:46:30 - mmengine - INFO - Epoch(train)  [4][1250/7793]  lr: 2.4771e-04  eta: 17:28:04  time: 0.4865  data_time: 0.0021  memory: 18954  loss: 0.9578  loss_ctc: 0.9578
2026/01/12 14:46:54 - mmengine - INFO - Epoch(train)  [4][1300/7793]  lr: 2.4768e-04  eta: 17:27:42  time: 0.5022  data_time: 0.0021  memory: 18954  loss: 0.9934  loss_ctc: 0.9934
2026/01/12 14:47:18 - mmengine - INFO - Epoch(train)  [4][1350/7793]  lr: 2.4766e-04  eta: 17:27:16  time: 0.4880  data_time: 0.0021  memory: 18954  loss: 1.0650  loss_ctc: 1.0650
2026/01/12 14:47:42 - mmengine - INFO - Epoch(train)  [4][1400/7793]  lr: 2.4763e-04  eta: 17:26:51  time: 0.4689  data_time: 0.0021  memory: 18954  loss: 1.3004  loss_ctc: 1.3004
2026/01/12 14:48:06 - mmengine - INFO - Epoch(train)  [4][1450/7793]  lr: 2.4760e-04  eta: 17:26:28  time: 0.4688  data_time: 0.0023  memory: 18954  loss: 1.0715  loss_ctc: 1.0715
2026/01/12 14:48:30 - mmengine - INFO - Epoch(train)  [4][1500/7793]  lr: 2.4758e-04  eta: 17:26:04  time: 0.4675  data_time: 0.0022  memory: 18954  loss: 1.0629  loss_ctc: 1.0629
2026/01/12 14:48:54 - mmengine - INFO - Epoch(train)  [4][1550/7793]  lr: 2.4755e-04  eta: 17:25:41  time: 0.4755  data_time: 0.0020  memory: 18954  loss: 1.0400  loss_ctc: 1.0400
2026/01/12 14:49:18 - mmengine - INFO - Epoch(train)  [4][1600/7793]  lr: 2.4753e-04  eta: 17:25:16  time: 0.4711  data_time: 0.0020  memory: 18954  loss: 1.0525  loss_ctc: 1.0525
2026/01/12 14:49:28 - mmengine - INFO - Exp name: svtr-large_pretrain_cn_scene_tpspp_20260112_112654
2026/01/12 14:49:42 - mmengine - INFO - Epoch(train)  [4][1650/7793]  lr: 2.4750e-04  eta: 17:24:53  time: 0.4829  data_time: 0.0022  memory: 18954  loss: 0.9922  loss_ctc: 0.9922
2026/01/12 14:50:06 - mmengine - INFO - Epoch(train)  [4][1700/7793]  lr: 2.4747e-04  eta: 17:24:28  time: 0.5063  data_time: 0.0021  memory: 18954  loss: 1.0096  loss_ctc: 1.0096
2026/01/12 14:50:29 - mmengine - INFO - Epoch(train)  [4][1750/7793]  lr: 2.4745e-04  eta: 17:24:03  time: 0.4849  data_time: 0.0020  memory: 18954  loss: 0.9261  loss_ctc: 0.9261
2026/01/12 14:50:54 - mmengine - INFO - Epoch(train)  [4][1800/7793]  lr: 2.4742e-04  eta: 17:23:40  time: 0.4724  data_time: 0.0023  memory: 18954  loss: 0.9639  loss_ctc: 0.9639
2026/01/12 14:51:18 - mmengine - INFO - Epoch(train)  [4][1850/7793]  lr: 2.4739e-04  eta: 17:23:16  time: 0.4827  data_time: 0.0021  memory: 18954  loss: 1.0033  loss_ctc: 1.0033
2026/01/12 14:51:41 - mmengine - INFO - Epoch(train)  [4][1900/7793]  lr: 2.4737e-04  eta: 17:22:52  time: 0.4639  data_time: 0.0020  memory: 18954  loss: 1.0162  loss_ctc: 1.0162
2026/01/12 14:52:05 - mmengine - INFO - Epoch(train)  [4][1950/7793]  lr: 2.4734e-04  eta: 17:22:27  time: 0.4634  data_time: 0.0020  memory: 18954  loss: 1.0232  loss_ctc: 1.0232
2026/01/12 14:52:29 - mmengine - INFO - Epoch(train)  [4][2000/7793]  lr: 2.4731e-04  eta: 17:22:04  time: 0.4761  data_time: 0.0021  memory: 18954  loss: 0.9746  loss_ctc: 0.9746
2026/01/12 14:52:53 - mmengine - INFO - Epoch(train)  [4][2050/7793]  lr: 2.4728e-04  eta: 17:21:40  time: 0.4961  data_time: 0.0021  memory: 18954  loss: 0.9401  loss_ctc: 0.9401
2026/01/12 14:53:18 - mmengine - INFO - Epoch(train)  [4][2100/7793]  lr: 2.4726e-04  eta: 17:21:17  time: 0.4795  data_time: 0.0020  memory: 18954  loss: 1.1887  loss_ctc: 1.1887
2026/01/12 14:53:41 - mmengine - INFO - Epoch(train)  [4][2150/7793]  lr: 2.4723e-04  eta: 17:20:52  time: 0.4810  data_time: 0.0021  memory: 18954  loss: 0.9274  loss_ctc: 0.9274
2026/01/12 14:54:05 - mmengine - INFO - Epoch(train)  [4][2200/7793]  lr: 2.4720e-04  eta: 17:20:27  time: 0.4682  data_time: 0.0020  memory: 18954  loss: 1.0597  loss_ctc: 1.0597
2026/01/12 14:54:29 - mmengine - INFO - Epoch(train)  [4][2250/7793]  lr: 2.4717e-04  eta: 17:20:02  time: 0.4781  data_time: 0.0021  memory: 18954  loss: 0.9658  loss_ctc: 0.9658
2026/01/12 14:54:53 - mmengine - INFO - Epoch(train)  [4][2300/7793]  lr: 2.4715e-04  eta: 17:19:37  time: 0.4720  data_time: 0.0022  memory: 18954  loss: 0.9961  loss_ctc: 0.9961
2026/01/12 14:55:16 - mmengine - INFO - Epoch(train)  [4][2350/7793]  lr: 2.4712e-04  eta: 17:19:11  time: 0.4608  data_time: 0.0021  memory: 18954  loss: 0.9420  loss_ctc: 0.9420
2026/01/12 14:55:40 - mmengine - INFO - Epoch(train)  [4][2400/7793]  lr: 2.4709e-04  eta: 17:18:47  time: 0.4703  data_time: 0.0020  memory: 18954  loss: 0.9765  loss_ctc: 0.9765
2026/01/12 14:56:04 - mmengine - INFO - Epoch(train)  [4][2450/7793]  lr: 2.4706e-04  eta: 17:18:23  time: 0.5055  data_time: 0.0023  memory: 18954  loss: 0.9293  loss_ctc: 0.9293
2026/01/12 14:56:28 - mmengine - INFO - Epoch(train)  [4][2500/7793]  lr: 2.4703e-04  eta: 17:17:58  time: 0.4922  data_time: 0.0021  memory: 18954  loss: 1.0984  loss_ctc: 1.0984
2026/01/12 14:56:52 - mmengine - INFO - Epoch(train)  [4][2550/7793]  lr: 2.4700e-04  eta: 17:17:34  time: 0.4713  data_time: 0.0022  memory: 18954  loss: 0.9356  loss_ctc: 0.9356
2026/01/12 14:57:16 - mmengine - INFO - Epoch(train)  [4][2600/7793]  lr: 2.4697e-04  eta: 17:17:10  time: 0.4583  data_time: 0.0021  memory: 18954  loss: 0.9292  loss_ctc: 0.9292
2026/01/12 14:57:26 - mmengine - INFO - Exp name: svtr-large_pretrain_cn_scene_tpspp_20260112_112654
2026/01/12 14:57:40 - mmengine - INFO - Epoch(train)  [4][2650/7793]  lr: 2.4694e-04  eta: 17:16:45  time: 0.4595  data_time: 0.0021  memory: 18954  loss: 0.9919  loss_ctc: 0.9919
2026/01/12 14:58:04 - mmengine - INFO - Epoch(train)  [4][2700/7793]  lr: 2.4692e-04  eta: 17:16:23  time: 0.4741  data_time: 0.0020  memory: 18954  loss: 1.0387  loss_ctc: 1.0387
2026/01/12 14:58:28 - mmengine - INFO - Epoch(train)  [4][2750/7793]  lr: 2.4689e-04  eta: 17:15:59  time: 0.4750  data_time: 0.0021  memory: 18954  loss: 1.0678  loss_ctc: 1.0678
2026/01/12 14:58:52 - mmengine - INFO - Epoch(train)  [4][2800/7793]  lr: 2.4686e-04  eta: 17:15:35  time: 0.4871  data_time: 0.0022  memory: 18954  loss: 1.0812  loss_ctc: 1.0812
2026/01/12 14:59:16 - mmengine - INFO - Epoch(train)  [4][2850/7793]  lr: 2.4683e-04  eta: 17:15:10  time: 0.4728  data_time: 0.0021  memory: 18954  loss: 1.0617  loss_ctc: 1.0617
2026/01/12 14:59:39 - mmengine - INFO - Epoch(train)  [4][2900/7793]  lr: 2.4680e-04  eta: 17:14:45  time: 0.4761  data_time: 0.0021  memory: 18954  loss: 0.9460  loss_ctc: 0.9460
2026/01/12 15:00:02 - mmengine - INFO - Epoch(train)  [4][2950/7793]  lr: 2.4677e-04  eta: 17:14:17  time: 0.4538  data_time: 0.0020  memory: 18954  loss: 0.9937  loss_ctc: 0.9937
2026/01/12 15:00:27 - mmengine - INFO - Epoch(train)  [4][3000/7793]  lr: 2.4674e-04  eta: 17:13:54  time: 0.4806  data_time: 0.0020  memory: 18954  loss: 0.9106  loss_ctc: 0.9106
2026/01/12 15:00:51 - mmengine - INFO - Epoch(train)  [4][3050/7793]  lr: 2.4671e-04  eta: 17:13:30  time: 0.4725  data_time: 0.0020  memory: 18954  loss: 0.9831  loss_ctc: 0.9831
2026/01/12 15:01:14 - mmengine - INFO - Epoch(train)  [4][3100/7793]  lr: 2.4668e-04  eta: 17:13:06  time: 0.4823  data_time: 0.0022  memory: 18954  loss: 0.9315  loss_ctc: 0.9315
2026/01/12 15:01:38 - mmengine - INFO - Epoch(train)  [4][3150/7793]  lr: 2.4665e-04  eta: 17:12:42  time: 0.4614  data_time: 0.0020  memory: 18954  loss: 0.9370  loss_ctc: 0.9370
2026/01/12 15:02:02 - mmengine - INFO - Epoch(train)  [4][3200/7793]  lr: 2.4662e-04  eta: 17:12:18  time: 0.4685  data_time: 0.0020  memory: 18954  loss: 1.0371  loss_ctc: 1.0371
2026/01/12 15:02:26 - mmengine - INFO - Epoch(train)  [4][3250/7793]  lr: 2.4659e-04  eta: 17:11:53  time: 0.4789  data_time: 0.0022  memory: 18954  loss: 1.0441  loss_ctc: 1.0441
2026/01/12 15:02:50 - mmengine - INFO - Epoch(train)  [4][3300/7793]  lr: 2.4655e-04  eta: 17:11:30  time: 0.4886  data_time: 0.0021  memory: 18954  loss: 1.1290  loss_ctc: 1.1290
2026/01/12 15:03:14 - mmengine - INFO - Epoch(train)  [4][3350/7793]  lr: 2.4652e-04  eta: 17:11:05  time: 0.4734  data_time: 0.0020  memory: 18954  loss: 1.2141  loss_ctc: 1.2141
2026/01/12 15:03:38 - mmengine - INFO - Epoch(train)  [4][3400/7793]  lr: 2.4649e-04  eta: 17:10:42  time: 0.4712  data_time: 0.0022  memory: 18954  loss: 1.0193  loss_ctc: 1.0193
2026/01/12 15:04:02 - mmengine - INFO - Epoch(train)  [4][3450/7793]  lr: 2.4646e-04  eta: 17:10:17  time: 0.4736  data_time: 0.0021  memory: 18954  loss: 1.0228  loss_ctc: 1.0228
2026/01/12 15:04:26 - mmengine - INFO - Epoch(train)  [4][3500/7793]  lr: 2.4643e-04  eta: 17:09:53  time: 0.4677  data_time: 0.0021  memory: 18954  loss: 0.9847  loss_ctc: 0.9847
2026/01/12 15:04:50 - mmengine - INFO - Epoch(train)  [4][3550/7793]  lr: 2.4640e-04  eta: 17:09:30  time: 0.5039  data_time: 0.0022  memory: 18954  loss: 1.0077  loss_ctc: 1.0077
2026/01/12 15:05:14 - mmengine - INFO - Epoch(train)  [4][3600/7793]  lr: 2.4637e-04  eta: 17:09:06  time: 0.4861  data_time: 0.0020  memory: 18954  loss: 0.9595  loss_ctc: 0.9595
2026/01/12 15:05:24 - mmengine - INFO - Exp name: svtr-large_pretrain_cn_scene_tpspp_20260112_112654
2026/01/12 15:05:38 - mmengine - INFO - Epoch(train)  [4][3650/7793]  lr: 2.4633e-04  eta: 17:08:41  time: 0.4944  data_time: 0.0020  memory: 18954  loss: 0.9641  loss_ctc: 0.9641
2026/01/12 15:06:02 - mmengine - INFO - Epoch(train)  [4][3700/7793]  lr: 2.4630e-04  eta: 17:08:20  time: 0.4833  data_time: 0.0021  memory: 18954  loss: 1.0620  loss_ctc: 1.0620
2026/01/12 15:06:26 - mmengine - INFO - Epoch(train)  [4][3750/7793]  lr: 2.4627e-04  eta: 17:07:55  time: 0.4833  data_time: 0.0023  memory: 18954  loss: 1.0484  loss_ctc: 1.0484
2026/01/12 15:06:50 - mmengine - INFO - Epoch(train)  [4][3800/7793]  lr: 2.4624e-04  eta: 17:07:31  time: 0.4595  data_time: 0.0022  memory: 18954  loss: 0.8409  loss_ctc: 0.8409
2026/01/12 15:07:14 - mmengine - INFO - Epoch(train)  [4][3850/7793]  lr: 2.4621e-04  eta: 17:07:08  time: 0.4740  data_time: 0.0021  memory: 18954  loss: 0.9529  loss_ctc: 0.9529
2026/01/12 15:07:38 - mmengine - INFO - Epoch(train)  [4][3900/7793]  lr: 2.4617e-04  eta: 17:06:45  time: 0.4833  data_time: 0.0024  memory: 18954  loss: 0.9637  loss_ctc: 0.9637
2026/01/12 15:08:02 - mmengine - INFO - Epoch(train)  [4][3950/7793]  lr: 2.4614e-04  eta: 17:06:20  time: 0.4928  data_time: 0.0021  memory: 18954  loss: 1.0662  loss_ctc: 1.0662
2026/01/12 15:08:26 - mmengine - INFO - Epoch(train)  [4][4000/7793]  lr: 2.4611e-04  eta: 17:05:54  time: 0.4771  data_time: 0.0021  memory: 18954  loss: 0.9433  loss_ctc: 0.9433
2026/01/12 15:08:50 - mmengine - INFO - Epoch(train)  [4][4050/7793]  lr: 2.4608e-04  eta: 17:05:30  time: 0.4952  data_time: 0.0023  memory: 18954  loss: 0.9951  loss_ctc: 0.9951
2026/01/12 15:09:13 - mmengine - INFO - Epoch(train)  [4][4100/7793]  lr: 2.4604e-04  eta: 17:05:04  time: 0.4771  data_time: 0.0021  memory: 18954  loss: 0.9524  loss_ctc: 0.9524
2026/01/12 15:09:37 - mmengine - INFO - Epoch(train)  [4][4150/7793]  lr: 2.4601e-04  eta: 17:04:41  time: 0.4824  data_time: 0.0020  memory: 18954  loss: 1.0454  loss_ctc: 1.0454
2026/01/12 15:10:01 - mmengine - INFO - Epoch(train)  [4][4200/7793]  lr: 2.4598e-04  eta: 17:04:18  time: 0.4761  data_time: 0.0021  memory: 18954  loss: 1.0690  loss_ctc: 1.0690
2026/01/12 15:10:25 - mmengine - INFO - Epoch(train)  [4][4250/7793]  lr: 2.4594e-04  eta: 17:03:55  time: 0.4741  data_time: 0.0020  memory: 18954  loss: 0.7904  loss_ctc: 0.7904
2026/01/12 15:10:50 - mmengine - INFO - Epoch(train)  [4][4300/7793]  lr: 2.4591e-04  eta: 17:03:31  time: 0.4688  data_time: 0.0020  memory: 18954  loss: 0.9770  loss_ctc: 0.9770
2026/01/12 15:11:14 - mmengine - INFO - Epoch(train)  [4][4350/7793]  lr: 2.4587e-04  eta: 17:03:07  time: 0.4877  data_time: 0.0021  memory: 18954  loss: 0.9364  loss_ctc: 0.9364
2026/01/12 15:11:37 - mmengine - INFO - Epoch(train)  [4][4400/7793]  lr: 2.4584e-04  eta: 17:02:41  time: 0.4786  data_time: 0.0021  memory: 18954  loss: 0.9667  loss_ctc: 0.9667
2026/01/12 15:12:01 - mmengine - INFO - Epoch(train)  [4][4450/7793]  lr: 2.4581e-04  eta: 17:02:17  time: 0.4727  data_time: 0.0023  memory: 18954  loss: 1.0555  loss_ctc: 1.0555
2026/01/12 15:12:25 - mmengine - INFO - Epoch(train)  [4][4500/7793]  lr: 2.4577e-04  eta: 17:01:53  time: 0.4691  data_time: 0.0022  memory: 18954  loss: 0.9390  loss_ctc: 0.9390
2026/01/12 15:12:49 - mmengine - INFO - Epoch(train)  [4][4550/7793]  lr: 2.4574e-04  eta: 17:01:28  time: 0.4756  data_time: 0.0022  memory: 18954  loss: 0.9864  loss_ctc: 0.9864
2026/01/12 15:13:13 - mmengine - INFO - Epoch(train)  [4][4600/7793]  lr: 2.4570e-04  eta: 17:01:04  time: 0.4627  data_time: 0.0020  memory: 18954  loss: 0.9086  loss_ctc: 0.9086
2026/01/12 15:13:23 - mmengine - INFO - Exp name: svtr-large_pretrain_cn_scene_tpspp_20260112_112654
2026/01/12 15:13:37 - mmengine - INFO - Epoch(train)  [4][4650/7793]  lr: 2.4567e-04  eta: 17:00:40  time: 0.4733  data_time: 0.0020  memory: 18954  loss: 0.9508  loss_ctc: 0.9508
2026/01/12 15:14:00 - mmengine - INFO - Epoch(train)  [4][4700/7793]  lr: 2.4564e-04  eta: 17:00:16  time: 0.4976  data_time: 0.0024  memory: 18954  loss: 1.1236  loss_ctc: 1.1236
2026/01/12 15:14:24 - mmengine - INFO - Epoch(train)  [4][4750/7793]  lr: 2.4560e-04  eta: 16:59:51  time: 0.4710  data_time: 0.0020  memory: 18954  loss: 0.9714  loss_ctc: 0.9714
2026/01/12 15:14:48 - mmengine - INFO - Epoch(train)  [4][4800/7793]  lr: 2.4557e-04  eta: 16:59:27  time: 0.4831  data_time: 0.0021  memory: 18954  loss: 0.9299  loss_ctc: 0.9299
2026/01/12 15:15:12 - mmengine - INFO - Epoch(train)  [4][4850/7793]  lr: 2.4553e-04  eta: 16:59:02  time: 0.4777  data_time: 0.0023  memory: 18954  loss: 0.9296  loss_ctc: 0.9296
2026/01/12 15:15:36 - mmengine - INFO - Epoch(train)  [4][4900/7793]  lr: 2.4549e-04  eta: 16:58:38  time: 0.4757  data_time: 0.0020  memory: 18954  loss: 1.0132  loss_ctc: 1.0132
2026/01/12 15:16:00 - mmengine - INFO - Epoch(train)  [4][4950/7793]  lr: 2.4546e-04  eta: 16:58:14  time: 0.4740  data_time: 0.0021  memory: 18954  loss: 0.8892  loss_ctc: 0.8892
2026/01/12 15:16:24 - mmengine - INFO - Epoch(train)  [4][5000/7793]  lr: 2.4542e-04  eta: 16:57:51  time: 0.4863  data_time: 0.0024  memory: 18954  loss: 0.8786  loss_ctc: 0.8786
2026/01/12 15:16:48 - mmengine - INFO - Epoch(train)  [4][5050/7793]  lr: 2.4539e-04  eta: 16:57:25  time: 0.4635  data_time: 0.0021  memory: 18954  loss: 0.9079  loss_ctc: 0.9079
2026/01/12 15:17:12 - mmengine - INFO - Epoch(train)  [4][5100/7793]  lr: 2.4535e-04  eta: 16:57:03  time: 0.4899  data_time: 0.0020  memory: 18954  loss: 0.9636  loss_ctc: 0.9636
2026/01/12 15:17:36 - mmengine - INFO - Epoch(train)  [4][5150/7793]  lr: 2.4532e-04  eta: 16:56:40  time: 0.4824  data_time: 0.0021  memory: 18954  loss: 0.9709  loss_ctc: 0.9709
2026/01/12 15:18:00 - mmengine - INFO - Epoch(train)  [4][5200/7793]  lr: 2.4528e-04  eta: 16:56:15  time: 0.4944  data_time: 0.0020  memory: 18954  loss: 0.8432  loss_ctc: 0.8432
2026/01/12 15:18:24 - mmengine - INFO - Epoch(train)  [4][5250/7793]  lr: 2.4524e-04  eta: 16:55:51  time: 0.4809  data_time: 0.0020  memory: 18954  loss: 0.8678  loss_ctc: 0.8678
2026/01/12 15:18:48 - mmengine - INFO - Epoch(train)  [4][5300/7793]  lr: 2.4521e-04  eta: 16:55:26  time: 0.4596  data_time: 0.0020  memory: 18954  loss: 0.9980  loss_ctc: 0.9980
2026/01/12 15:19:11 - mmengine - INFO - Epoch(train)  [4][5350/7793]  lr: 2.4517e-04  eta: 16:55:02  time: 0.4724  data_time: 0.0020  memory: 18954  loss: 1.0044  loss_ctc: 1.0044
2026/01/12 15:19:35 - mmengine - INFO - Epoch(train)  [4][5400/7793]  lr: 2.4514e-04  eta: 16:54:37  time: 0.4638  data_time: 0.0021  memory: 18954  loss: 0.9374  loss_ctc: 0.9374
2026/01/12 15:20:00 - mmengine - INFO - Epoch(train)  [4][5450/7793]  lr: 2.4510e-04  eta: 16:54:15  time: 0.4805  data_time: 0.0021  memory: 18954  loss: 0.9595  loss_ctc: 0.9595
2026/01/12 15:20:24 - mmengine - INFO - Epoch(train)  [4][5500/7793]  lr: 2.4506e-04  eta: 16:53:53  time: 0.4874  data_time: 0.0023  memory: 18954  loss: 0.9760  loss_ctc: 0.9760
2026/01/12 15:20:48 - mmengine - INFO - Epoch(train)  [4][5550/7793]  lr: 2.4502e-04  eta: 16:53:30  time: 0.4807  data_time: 0.0023  memory: 18954  loss: 0.9273  loss_ctc: 0.9273
2026/01/12 15:21:12 - mmengine - INFO - Epoch(train)  [4][5600/7793]  lr: 2.4499e-04  eta: 16:53:07  time: 0.4965  data_time: 0.0024  memory: 18954  loss: 0.9064  loss_ctc: 0.9064
2026/01/12 15:21:22 - mmengine - INFO - Exp name: svtr-large_pretrain_cn_scene_tpspp_20260112_112654
2026/01/12 15:21:36 - mmengine - INFO - Epoch(train)  [4][5650/7793]  lr: 2.4495e-04  eta: 16:52:42  time: 0.4725  data_time: 0.0025  memory: 18954  loss: 0.9811  loss_ctc: 0.9811
2026/01/12 15:22:00 - mmengine - INFO - Epoch(train)  [4][5700/7793]  lr: 2.4491e-04  eta: 16:52:20  time: 0.4849  data_time: 0.0022  memory: 18954  loss: 0.9579  loss_ctc: 0.9579
2026/01/12 15:22:24 - mmengine - INFO - Epoch(train)  [4][5750/7793]  lr: 2.4488e-04  eta: 16:51:56  time: 0.4641  data_time: 0.0022  memory: 18954  loss: 0.9479  loss_ctc: 0.9479
2026/01/12 15:22:48 - mmengine - INFO - Epoch(train)  [4][5800/7793]  lr: 2.4484e-04  eta: 16:51:31  time: 0.4718  data_time: 0.0023  memory: 18954  loss: 0.8935  loss_ctc: 0.8935
2026/01/12 15:23:12 - mmengine - INFO - Epoch(train)  [4][5850/7793]  lr: 2.4480e-04  eta: 16:51:06  time: 0.4652  data_time: 0.0021  memory: 18954  loss: 1.0484  loss_ctc: 1.0484
2026/01/12 15:23:36 - mmengine - INFO - Epoch(train)  [4][5900/7793]  lr: 2.4476e-04  eta: 16:50:44  time: 0.4878  data_time: 0.0021  memory: 18954  loss: 0.9100  loss_ctc: 0.9100
2026/01/12 15:24:00 - mmengine - INFO - Epoch(train)  [4][5950/7793]  lr: 2.4472e-04  eta: 16:50:20  time: 0.4794  data_time: 0.0020  memory: 18954  loss: 0.8723  loss_ctc: 0.8723
2026/01/12 15:24:24 - mmengine - INFO - Epoch(train)  [4][6000/7793]  lr: 2.4469e-04  eta: 16:49:55  time: 0.4946  data_time: 0.0021  memory: 18954  loss: 0.9917  loss_ctc: 0.9917
2026/01/12 15:24:48 - mmengine - INFO - Epoch(train)  [4][6050/7793]  lr: 2.4465e-04  eta: 16:49:33  time: 0.4868  data_time: 0.0021  memory: 18954  loss: 0.8936  loss_ctc: 0.8936
2026/01/12 15:25:12 - mmengine - INFO - Epoch(train)  [4][6100/7793]  lr: 2.4461e-04  eta: 16:49:09  time: 0.4878  data_time: 0.0022  memory: 18954  loss: 0.7982  loss_ctc: 0.7982
2026/01/12 15:25:36 - mmengine - INFO - Epoch(train)  [4][6150/7793]  lr: 2.4457e-04  eta: 16:48:46  time: 0.4855  data_time: 0.0022  memory: 18954  loss: 0.9833  loss_ctc: 0.9833
2026/01/12 15:26:01 - mmengine - INFO - Epoch(train)  [4][6200/7793]  lr: 2.4453e-04  eta: 16:48:24  time: 0.4783  data_time: 0.0022  memory: 18954  loss: 0.8601  loss_ctc: 0.8601
2026/01/12 15:26:25 - mmengine - INFO - Epoch(train)  [4][6250/7793]  lr: 2.4449e-04  eta: 16:48:00  time: 0.4739  data_time: 0.0021  memory: 18954  loss: 1.0909  loss_ctc: 1.0909
2026/01/12 15:26:49 - mmengine - INFO - Epoch(train)  [4][6300/7793]  lr: 2.4445e-04  eta: 16:47:37  time: 0.4900  data_time: 0.0023  memory: 18954  loss: 0.9453  loss_ctc: 0.9453
2026/01/12 15:27:12 - mmengine - INFO - Epoch(train)  [4][6350/7793]  lr: 2.4441e-04  eta: 16:47:11  time: 0.4928  data_time: 0.0023  memory: 18954  loss: 1.0152  loss_ctc: 1.0152
2026/01/12 15:27:37 - mmengine - INFO - Epoch(train)  [4][6400/7793]  lr: 2.4438e-04  eta: 16:46:48  time: 0.4927  data_time: 0.0023  memory: 18954  loss: 1.1072  loss_ctc: 1.1072
2026/01/12 15:28:01 - mmengine - INFO - Epoch(train)  [4][6450/7793]  lr: 2.4434e-04  eta: 16:46:25  time: 0.4989  data_time: 0.0024  memory: 18954  loss: 0.9141  loss_ctc: 0.9141
2026/01/12 15:28:24 - mmengine - INFO - Epoch(train)  [4][6500/7793]  lr: 2.4430e-04  eta: 16:46:00  time: 0.4581  data_time: 0.0022  memory: 18954  loss: 1.0374  loss_ctc: 1.0374
2026/01/12 15:28:48 - mmengine - INFO - Epoch(train)  [4][6550/7793]  lr: 2.4426e-04  eta: 16:45:35  time: 0.4602  data_time: 0.0020  memory: 18954  loss: 0.8822  loss_ctc: 0.8822
2026/01/12 15:29:13 - mmengine - INFO - Epoch(train)  [4][6600/7793]  lr: 2.4422e-04  eta: 16:45:13  time: 0.4719  data_time: 0.0021  memory: 18954  loss: 1.0326  loss_ctc: 1.0326
2026/01/12 15:29:23 - mmengine - INFO - Exp name: svtr-large_pretrain_cn_scene_tpspp_20260112_112654
2026/01/12 15:29:36 - mmengine - INFO - Epoch(train)  [4][6650/7793]  lr: 2.4418e-04  eta: 16:44:48  time: 0.4659  data_time: 0.0020  memory: 18954  loss: 0.9058  loss_ctc: 0.9058
2026/01/12 15:30:01 - mmengine - INFO - Epoch(train)  [4][6700/7793]  lr: 2.4414e-04  eta: 16:44:26  time: 0.4970  data_time: 0.0020  memory: 18954  loss: 0.9363  loss_ctc: 0.9363
2026/01/12 15:30:25 - mmengine - INFO - Epoch(train)  [4][6750/7793]  lr: 2.4410e-04  eta: 16:44:01  time: 0.4600  data_time: 0.0021  memory: 18954  loss: 0.9261  loss_ctc: 0.9261
2026/01/12 15:30:49 - mmengine - INFO - Epoch(train)  [4][6800/7793]  lr: 2.4406e-04  eta: 16:43:38  time: 0.4751  data_time: 0.0023  memory: 18954  loss: 0.8842  loss_ctc: 0.8842
2026/01/12 15:31:13 - mmengine - INFO - Epoch(train)  [4][6850/7793]  lr: 2.4402e-04  eta: 16:43:14  time: 0.4879  data_time: 0.0021  memory: 18954  loss: 0.7998  loss_ctc: 0.7998
2026/01/12 15:31:37 - mmengine - INFO - Epoch(train)  [4][6900/7793]  lr: 2.4398e-04  eta: 16:42:50  time: 0.4835  data_time: 0.0021  memory: 18954  loss: 1.0922  loss_ctc: 1.0922
2026/01/12 15:32:01 - mmengine - INFO - Epoch(train)  [4][6950/7793]  lr: 2.4393e-04  eta: 16:42:27  time: 0.5017  data_time: 0.0025  memory: 18954  loss: 0.8311  loss_ctc: 0.8311
2026/01/12 15:32:25 - mmengine - INFO - Epoch(train)  [4][7000/7793]  lr: 2.4389e-04  eta: 16:42:05  time: 0.4816  data_time: 0.0022  memory: 18954  loss: 1.0824  loss_ctc: 1.0824
2026/01/12 15:32:50 - mmengine - INFO - Epoch(train)  [4][7050/7793]  lr: 2.4385e-04  eta: 16:41:43  time: 0.4870  data_time: 0.0022  memory: 18954  loss: 1.0427  loss_ctc: 1.0427
2026/01/12 15:33:13 - mmengine - INFO - Epoch(train)  [4][7100/7793]  lr: 2.4381e-04  eta: 16:41:18  time: 0.4800  data_time: 0.0024  memory: 18954  loss: 1.0867  loss_ctc: 1.0867
2026/01/12 15:33:37 - mmengine - INFO - Epoch(train)  [4][7150/7793]  lr: 2.4377e-04  eta: 16:40:54  time: 0.4759  data_time: 0.0022  memory: 18954  loss: 1.1184  loss_ctc: 1.1184
2026/01/12 15:34:01 - mmengine - INFO - Epoch(train)  [4][7200/7793]  lr: 2.4373e-04  eta: 16:40:31  time: 0.4771  data_time: 0.0021  memory: 18954  loss: 1.0307  loss_ctc: 1.0307
2026/01/12 15:34:25 - mmengine - INFO - Epoch(train)  [4][7250/7793]  lr: 2.4369e-04  eta: 16:40:07  time: 0.4926  data_time: 0.0021  memory: 18954  loss: 1.0272  loss_ctc: 1.0272
2026/01/12 15:34:49 - mmengine - INFO - Epoch(train)  [4][7300/7793]  lr: 2.4365e-04  eta: 16:39:42  time: 0.4879  data_time: 0.0022  memory: 18954  loss: 1.0047  loss_ctc: 1.0047
2026/01/12 15:35:13 - mmengine - INFO - Epoch(train)  [4][7350/7793]  lr: 2.4360e-04  eta: 16:39:18  time: 0.4654  data_time: 0.0022  memory: 18954  loss: 0.9472  loss_ctc: 0.9472
2026/01/12 15:35:37 - mmengine - INFO - Epoch(train)  [4][7400/7793]  lr: 2.4356e-04  eta: 16:38:55  time: 0.4601  data_time: 0.0023  memory: 18954  loss: 0.9526  loss_ctc: 0.9526
2026/01/12 15:36:02 - mmengine - INFO - Epoch(train)  [4][7450/7793]  lr: 2.4352e-04  eta: 16:38:34  time: 0.4954  data_time: 0.0025  memory: 18954  loss: 0.8810  loss_ctc: 0.8810
2026/01/12 15:36:26 - mmengine - INFO - Epoch(train)  [4][7500/7793]  lr: 2.4348e-04  eta: 16:38:09  time: 0.4793  data_time: 0.0027  memory: 18954  loss: 0.8912  loss_ctc: 0.8912
2026/01/12 15:36:50 - mmengine - INFO - Epoch(train)  [4][7550/7793]  lr: 2.4344e-04  eta: 16:37:47  time: 0.4772  data_time: 0.0028  memory: 18954  loss: 0.9894  loss_ctc: 0.9894
2026/01/12 15:37:15 - mmengine - INFO - Epoch(train)  [4][7600/7793]  lr: 2.4339e-04  eta: 16:37:24  time: 0.4769  data_time: 0.0029  memory: 18954  loss: 0.9264  loss_ctc: 0.9264
2026/01/12 15:37:25 - mmengine - INFO - Exp name: svtr-large_pretrain_cn_scene_tpspp_20260112_112654
2026/01/12 15:37:38 - mmengine - INFO - Epoch(train)  [4][7650/7793]  lr: 2.4335e-04  eta: 16:37:00  time: 0.4666  data_time: 0.0023  memory: 18954  loss: 0.9693  loss_ctc: 0.9693
2026/01/12 15:38:03 - mmengine - INFO - Epoch(train)  [4][7700/7793]  lr: 2.4331e-04  eta: 16:36:38  time: 0.5037  data_time: 0.0025  memory: 18954  loss: 0.9277  loss_ctc: 0.9277
2026/01/12 15:38:27 - mmengine - INFO - Epoch(train)  [4][7750/7793]  lr: 2.4326e-04  eta: 16:36:13  time: 0.4919  data_time: 0.0032  memory: 18954  loss: 0.9132  loss_ctc: 0.9132
2026/01/12 15:38:47 - mmengine - INFO - Exp name: svtr-large_pretrain_cn_scene_tpspp_20260112_112654
2026/01/12 15:38:47 - mmengine - INFO - Saving checkpoint at 4 epochs
2026/01/12 15:39:02 - mmengine - INFO - Epoch(val) [4][20/20]    PretrainCN_holdout/recog/word_acc: 0.8062  PretrainCN_holdout/recog/1-N.E.D: 0.9342  data_time: 0.0205  time: 0.3557
2026/01/12 15:39:02 - mmengine - INFO - The previous best checkpoint /root/lanyun-tmp/mmocr/work_dirs/svtr-large_pretrain_cn_scene_tpspp/best_PretrainCN_holdout_recog_word_acc_epoch_3.pth is removed
2026/01/12 15:39:09 - mmengine - INFO - The best checkpoint with 0.8062 PretrainCN_holdout/recog/word_acc at 4 epoch is saved to best_PretrainCN_holdout_recog_word_acc_epoch_4.pth.
2026/01/12 15:39:47 - mmengine - INFO - Epoch(train)  [5][  50/7793]  lr: 2.4318e-04  eta: 16:35:40  time: 0.4690  data_time: 0.0021  memory: 18954  loss: 0.9342  loss_ctc: 0.9342
2026/01/12 15:40:11 - mmengine - INFO - Epoch(train)  [5][ 100/7793]  lr: 2.4314e-04  eta: 16:35:18  time: 0.4969  data_time: 0.0027  memory: 18954  loss: 0.9970  loss_ctc: 0.9970
2026/01/12 15:40:35 - mmengine - INFO - Epoch(train)  [5][ 150/7793]  lr: 2.4310e-04  eta: 16:34:53  time: 0.4733  data_time: 0.0024  memory: 18954  loss: 0.8982  loss_ctc: 0.8982
2026/01/12 15:40:59 - mmengine - INFO - Epoch(train)  [5][ 200/7793]  lr: 2.4305e-04  eta: 16:34:28  time: 0.4646  data_time: 0.0027  memory: 18954  loss: 0.8171  loss_ctc: 0.8171
2026/01/12 15:41:23 - mmengine - INFO - Epoch(train)  [5][ 250/7793]  lr: 2.4301e-04  eta: 16:34:04  time: 0.4933  data_time: 0.0023  memory: 18954  loss: 1.0360  loss_ctc: 1.0360
2026/01/12 15:41:47 - mmengine - INFO - Epoch(train)  [5][ 300/7793]  lr: 2.4297e-04  eta: 16:33:40  time: 0.4851  data_time: 0.0023  memory: 18954  loss: 1.0239  loss_ctc: 1.0239
2026/01/12 15:42:10 - mmengine - INFO - Epoch(train)  [5][ 350/7793]  lr: 2.4292e-04  eta: 16:33:14  time: 0.4662  data_time: 0.0026  memory: 18954  loss: 0.8355  loss_ctc: 0.8355
2026/01/12 15:42:34 - mmengine - INFO - Epoch(train)  [5][ 400/7793]  lr: 2.4288e-04  eta: 16:32:51  time: 0.4761  data_time: 0.0026  memory: 18954  loss: 0.9004  loss_ctc: 0.9004
2026/01/12 15:42:58 - mmengine - INFO - Epoch(train)  [5][ 450/7793]  lr: 2.4284e-04  eta: 16:32:26  time: 0.4808  data_time: 0.0026  memory: 18954  loss: 0.9160  loss_ctc: 0.9160
2026/01/12 15:43:22 - mmengine - INFO - Epoch(train)  [5][ 500/7793]  lr: 2.4279e-04  eta: 16:32:02  time: 0.4832  data_time: 0.0024  memory: 18954  loss: 0.7668  loss_ctc: 0.7668
2026/01/12 15:43:46 - mmengine - INFO - Epoch(train)  [5][ 550/7793]  lr: 2.4275e-04  eta: 16:31:37  time: 0.4629  data_time: 0.0020  memory: 18954  loss: 0.9721  loss_ctc: 0.9721
2026/01/12 15:44:09 - mmengine - INFO - Epoch(train)  [5][ 600/7793]  lr: 2.4270e-04  eta: 16:31:12  time: 0.4658  data_time: 0.0023  memory: 18954  loss: 1.0184  loss_ctc: 1.0184
2026/01/12 15:44:33 - mmengine - INFO - Epoch(train)  [5][ 650/7793]  lr: 2.4266e-04  eta: 16:30:48  time: 0.4641  data_time: 0.0022  memory: 18954  loss: 0.9051  loss_ctc: 0.9051
2026/01/12 15:44:58 - mmengine - INFO - Epoch(train)  [5][ 700/7793]  lr: 2.4261e-04  eta: 16:30:25  time: 0.5026  data_time: 0.0022  memory: 18954  loss: 0.8040  loss_ctc: 0.8040
2026/01/12 15:45:22 - mmengine - INFO - Epoch(train)  [5][ 750/7793]  lr: 2.4257e-04  eta: 16:30:01  time: 0.4836  data_time: 0.0023  memory: 18954  loss: 0.9971  loss_ctc: 0.9971
2026/01/12 15:45:46 - mmengine - INFO - Epoch(train)  [5][ 800/7793]  lr: 2.4252e-04  eta: 16:29:37  time: 0.4665  data_time: 0.0025  memory: 18954  loss: 0.9240  loss_ctc: 0.9240
2026/01/12 15:45:59 - mmengine - INFO - Exp name: svtr-large_pretrain_cn_scene_tpspp_20260112_112654
2026/01/12 15:46:10 - mmengine - INFO - Epoch(train)  [5][ 850/7793]  lr: 2.4248e-04  eta: 16:29:14  time: 0.4847  data_time: 0.0021  memory: 18954  loss: 1.1083  loss_ctc: 1.1083
2026/01/12 15:46:34 - mmengine - INFO - Epoch(train)  [5][ 900/7793]  lr: 2.4243e-04  eta: 16:28:49  time: 0.4798  data_time: 0.0024  memory: 18954  loss: 0.9694  loss_ctc: 0.9694
2026/01/12 15:46:58 - mmengine - INFO - Epoch(train)  [5][ 950/7793]  lr: 2.4239e-04  eta: 16:28:26  time: 0.4722  data_time: 0.0023  memory: 18954  loss: 0.9531  loss_ctc: 0.9531
2026/01/12 15:47:22 - mmengine - INFO - Epoch(train)  [5][1000/7793]  lr: 2.4234e-04  eta: 16:28:02  time: 0.4685  data_time: 0.0021  memory: 18954  loss: 0.8968  loss_ctc: 0.8968
2026/01/12 15:47:46 - mmengine - INFO - Epoch(train)  [5][1050/7793]  lr: 2.4229e-04  eta: 16:27:38  time: 0.4949  data_time: 0.0026  memory: 18954  loss: 0.7378  loss_ctc: 0.7378
2026/01/12 15:48:09 - mmengine - INFO - Epoch(train)  [5][1100/7793]  lr: 2.4225e-04  eta: 16:27:13  time: 0.4677  data_time: 0.0020  memory: 18954  loss: 0.9371  loss_ctc: 0.9371
2026/01/12 15:48:33 - mmengine - INFO - Epoch(train)  [5][1150/7793]  lr: 2.4220e-04  eta: 16:26:49  time: 0.4652  data_time: 0.0020  memory: 18954  loss: 0.8540  loss_ctc: 0.8540
2026/01/12 15:48:57 - mmengine - INFO - Epoch(train)  [5][1200/7793]  lr: 2.4216e-04  eta: 16:26:25  time: 0.4695  data_time: 0.0020  memory: 18954  loss: 0.7743  loss_ctc: 0.7743
2026/01/12 15:49:21 - mmengine - INFO - Epoch(train)  [5][1250/7793]  lr: 2.4211e-04  eta: 16:26:01  time: 0.4961  data_time: 0.0021  memory: 18954  loss: 0.8933  loss_ctc: 0.8933
2026/01/12 15:49:45 - mmengine - INFO - Epoch(train)  [5][1300/7793]  lr: 2.4206e-04  eta: 16:25:36  time: 0.4637  data_time: 0.0020  memory: 18954  loss: 0.8352  loss_ctc: 0.8352
2026/01/12 15:50:09 - mmengine - INFO - Epoch(train)  [5][1350/7793]  lr: 2.4202e-04  eta: 16:25:13  time: 0.4835  data_time: 0.0028  memory: 18954  loss: 1.3528  loss_ctc: 1.3528
2026/01/12 15:50:33 - mmengine - INFO - Epoch(train)  [5][1400/7793]  lr: 2.4197e-04  eta: 16:24:50  time: 0.5153  data_time: 0.0025  memory: 18954  loss: 0.9030  loss_ctc: 0.9030
2026/01/12 15:50:57 - mmengine - INFO - Epoch(train)  [5][1450/7793]  lr: 2.4192e-04  eta: 16:24:25  time: 0.4766  data_time: 0.0026  memory: 18954  loss: 0.9606  loss_ctc: 0.9606
2026/01/12 15:51:21 - mmengine - INFO - Epoch(train)  [5][1500/7793]  lr: 2.4188e-04  eta: 16:24:01  time: 0.4609  data_time: 0.0026  memory: 18954  loss: 1.0148  loss_ctc: 1.0148
2026/01/12 15:51:45 - mmengine - INFO - Epoch(train)  [5][1550/7793]  lr: 2.4183e-04  eta: 16:23:36  time: 0.4705  data_time: 0.0023  memory: 18954  loss: 0.9992  loss_ctc: 0.9992
2026/01/12 15:52:09 - mmengine - INFO - Epoch(train)  [5][1600/7793]  lr: 2.4178e-04  eta: 16:23:12  time: 0.4586  data_time: 0.0027  memory: 18954  loss: 1.0383  loss_ctc: 1.0383
2026/01/12 15:52:33 - mmengine - INFO - Epoch(train)  [5][1650/7793]  lr: 2.4174e-04  eta: 16:22:49  time: 0.4871  data_time: 0.0028  memory: 18954  loss: 0.8545  loss_ctc: 0.8545
2026/01/12 15:52:57 - mmengine - INFO - Epoch(train)  [5][1700/7793]  lr: 2.4169e-04  eta: 16:22:24  time: 0.4781  data_time: 0.0028  memory: 18954  loss: 0.8906  loss_ctc: 0.8906
2026/01/12 15:53:21 - mmengine - INFO - Epoch(train)  [5][1750/7793]  lr: 2.4164e-04  eta: 16:21:59  time: 0.4786  data_time: 0.0023  memory: 18954  loss: 0.8950  loss_ctc: 0.8950
2026/01/12 15:53:44 - mmengine - INFO - Epoch(train)  [5][1800/7793]  lr: 2.4159e-04  eta: 16:21:35  time: 0.4951  data_time: 0.0026  memory: 18954  loss: 0.9290  loss_ctc: 0.9290
2026/01/12 15:53:58 - mmengine - INFO - Exp name: svtr-large_pretrain_cn_scene_tpspp_20260112_112654
2026/01/12 15:54:08 - mmengine - INFO - Epoch(train)  [5][1850/7793]  lr: 2.4154e-04  eta: 16:21:12  time: 0.4746  data_time: 0.0023  memory: 18954  loss: 0.9191  loss_ctc: 0.9191
2026/01/12 15:54:32 - mmengine - INFO - Epoch(train)  [5][1900/7793]  lr: 2.4150e-04  eta: 16:20:47  time: 0.4605  data_time: 0.0025  memory: 18954  loss: 0.9068  loss_ctc: 0.9068
2026/01/12 15:54:56 - mmengine - INFO - Epoch(train)  [5][1950/7793]  lr: 2.4145e-04  eta: 16:20:23  time: 0.4721  data_time: 0.0022  memory: 18954  loss: 0.9023  loss_ctc: 0.9023
2026/01/12 15:55:20 - mmengine - INFO - Epoch(train)  [5][2000/7793]  lr: 2.4140e-04  eta: 16:20:00  time: 0.4638  data_time: 0.0020  memory: 18954  loss: 0.8786  loss_ctc: 0.8786
2026/01/12 15:55:45 - mmengine - INFO - Epoch(train)  [5][2050/7793]  lr: 2.4135e-04  eta: 16:19:37  time: 0.5130  data_time: 0.0024  memory: 18954  loss: 0.9803  loss_ctc: 0.9803
2026/01/12 15:56:08 - mmengine - INFO - Epoch(train)  [5][2100/7793]  lr: 2.4130e-04  eta: 16:19:12  time: 0.4778  data_time: 0.0020  memory: 18954  loss: 0.8181  loss_ctc: 0.8181
2026/01/12 15:56:33 - mmengine - INFO - Epoch(train)  [5][2150/7793]  lr: 2.4125e-04  eta: 16:18:49  time: 0.4627  data_time: 0.0022  memory: 18954  loss: 0.9577  loss_ctc: 0.9577
2026/01/12 15:56:57 - mmengine - INFO - Epoch(train)  [5][2200/7793]  lr: 2.4121e-04  eta: 16:18:26  time: 0.5078  data_time: 0.0028  memory: 18954  loss: 0.9771  loss_ctc: 0.9771
2026/01/12 15:57:21 - mmengine - INFO - Epoch(train)  [5][2250/7793]  lr: 2.4116e-04  eta: 16:18:01  time: 0.4629  data_time: 0.0021  memory: 18954  loss: 0.8322  loss_ctc: 0.8322
2026/01/12 15:57:45 - mmengine - INFO - Epoch(train)  [5][2300/7793]  lr: 2.4111e-04  eta: 16:17:38  time: 0.4620  data_time: 0.0022  memory: 18954  loss: 0.8704  loss_ctc: 0.8704
2026/01/12 15:58:09 - mmengine - INFO - Epoch(train)  [5][2350/7793]  lr: 2.4106e-04  eta: 16:17:14  time: 0.4813  data_time: 0.0023  memory: 18954  loss: 0.9065  loss_ctc: 0.9065
2026/01/12 15:58:33 - mmengine - INFO - Epoch(train)  [5][2400/7793]  lr: 2.4101e-04  eta: 16:16:50  time: 0.4641  data_time: 0.0021  memory: 18954  loss: 0.9905  loss_ctc: 0.9905
2026/01/12 15:58:57 - mmengine - INFO - Epoch(train)  [5][2450/7793]  lr: 2.4096e-04  eta: 16:16:26  time: 0.4829  data_time: 0.0022  memory: 18954  loss: 0.8317  loss_ctc: 0.8317
2026/01/12 15:59:21 - mmengine - INFO - Epoch(train)  [5][2500/7793]  lr: 2.4091e-04  eta: 16:16:02  time: 0.4882  data_time: 0.0027  memory: 18954  loss: 0.9190  loss_ctc: 0.9190
2026/01/12 15:59:45 - mmengine - INFO - Epoch(train)  [5][2550/7793]  lr: 2.4086e-04  eta: 16:15:39  time: 0.4843  data_time: 0.0021  memory: 18954  loss: 0.8344  loss_ctc: 0.8344
2026/01/12 16:00:09 - mmengine - INFO - Epoch(train)  [5][2600/7793]  lr: 2.4081e-04  eta: 16:15:15  time: 0.4877  data_time: 0.0022  memory: 18954  loss: 0.8852  loss_ctc: 0.8852
2026/01/12 16:00:33 - mmengine - INFO - Epoch(train)  [5][2650/7793]  lr: 2.4076e-04  eta: 16:14:51  time: 0.4763  data_time: 0.0020  memory: 18954  loss: 0.8735  loss_ctc: 0.8735
2026/01/12 16:00:57 - mmengine - INFO - Epoch(train)  [5][2700/7793]  lr: 2.4071e-04  eta: 16:14:27  time: 0.4705  data_time: 0.0021  memory: 18954  loss: 0.9943  loss_ctc: 0.9943
2026/01/12 16:01:21 - mmengine - INFO - Epoch(train)  [5][2750/7793]  lr: 2.4066e-04  eta: 16:14:04  time: 0.4753  data_time: 0.0022  memory: 18954  loss: 0.8488  loss_ctc: 0.8488
2026/01/12 16:01:45 - mmengine - INFO - Epoch(train)  [5][2800/7793]  lr: 2.4061e-04  eta: 16:13:40  time: 0.4808  data_time: 0.0027  memory: 18954  loss: 0.8520  loss_ctc: 0.8520
2026/01/12 16:01:58 - mmengine - INFO - Exp name: svtr-large_pretrain_cn_scene_tpspp_20260112_112654
2026/01/12 16:02:09 - mmengine - INFO - Epoch(train)  [5][2850/7793]  lr: 2.4056e-04  eta: 16:13:16  time: 0.4711  data_time: 0.0026  memory: 18954  loss: 0.7840  loss_ctc: 0.7840
2026/01/12 16:02:33 - mmengine - INFO - Epoch(train)  [5][2900/7793]  lr: 2.4051e-04  eta: 16:12:53  time: 0.4737  data_time: 0.0026  memory: 18954  loss: 0.8683  loss_ctc: 0.8683
2026/01/12 16:02:57 - mmengine - INFO - Epoch(train)  [5][2950/7793]  lr: 2.4046e-04  eta: 16:12:29  time: 0.4637  data_time: 0.0024  memory: 18954  loss: 0.8244  loss_ctc: 0.8244
2026/01/12 16:03:21 - mmengine - INFO - Epoch(train)  [5][3000/7793]  lr: 2.4041e-04  eta: 16:12:05  time: 0.4995  data_time: 0.0023  memory: 18954  loss: 0.7922  loss_ctc: 0.7922
2026/01/12 16:03:45 - mmengine - INFO - Epoch(train)  [5][3050/7793]  lr: 2.4036e-04  eta: 16:11:40  time: 0.4901  data_time: 0.0022  memory: 18954  loss: 0.7698  loss_ctc: 0.7698
2026/01/12 16:04:09 - mmengine - INFO - Epoch(train)  [5][3100/7793]  lr: 2.4030e-04  eta: 16:11:17  time: 0.4747  data_time: 0.0022  memory: 18954  loss: 0.8998  loss_ctc: 0.8998
2026/01/12 16:04:33 - mmengine - INFO - Epoch(train)  [5][3150/7793]  lr: 2.4025e-04  eta: 16:10:54  time: 0.5185  data_time: 0.0024  memory: 18954  loss: 0.7383  loss_ctc: 0.7383
2026/01/12 16:04:57 - mmengine - INFO - Epoch(train)  [5][3200/7793]  lr: 2.4020e-04  eta: 16:10:30  time: 0.4887  data_time: 0.0022  memory: 18954  loss: 0.8281  loss_ctc: 0.8281
2026/01/12 16:05:21 - mmengine - INFO - Epoch(train)  [5][3250/7793]  lr: 2.4015e-04  eta: 16:10:07  time: 0.4763  data_time: 0.0023  memory: 18954  loss: 0.7738  loss_ctc: 0.7738
2026/01/12 16:05:45 - mmengine - INFO - Epoch(train)  [5][3300/7793]  lr: 2.4010e-04  eta: 16:09:42  time: 0.4601  data_time: 0.0023  memory: 18954  loss: 1.0328  loss_ctc: 1.0328
2026/01/12 16:06:09 - mmengine - INFO - Epoch(train)  [5][3350/7793]  lr: 2.4005e-04  eta: 16:09:17  time: 0.4781  data_time: 0.0020  memory: 18954  loss: 0.7494  loss_ctc: 0.7494
2026/01/12 16:06:33 - mmengine - INFO - Epoch(train)  [5][3400/7793]  lr: 2.4000e-04  eta: 16:08:53  time: 0.4681  data_time: 0.0022  memory: 18954  loss: 0.8529  loss_ctc: 0.8529
2026/01/12 16:06:57 - mmengine - INFO - Epoch(train)  [5][3450/7793]  lr: 2.3994e-04  eta: 16:08:29  time: 0.4621  data_time: 0.0021  memory: 18954  loss: 0.7924  loss_ctc: 0.7924
2026/01/12 16:07:21 - mmengine - INFO - Epoch(train)  [5][3500/7793]  lr: 2.3989e-04  eta: 16:08:05  time: 0.4898  data_time: 0.0023  memory: 18954  loss: 0.9230  loss_ctc: 0.9230
2026/01/12 16:07:45 - mmengine - INFO - Epoch(train)  [5][3550/7793]  lr: 2.3984e-04  eta: 16:07:41  time: 0.5014  data_time: 0.0023  memory: 18954  loss: 0.8112  loss_ctc: 0.8112
2026/01/12 16:08:08 - mmengine - INFO - Epoch(train)  [5][3600/7793]  lr: 2.3979e-04  eta: 16:07:17  time: 0.4809  data_time: 0.0023  memory: 18954  loss: 0.8960  loss_ctc: 0.8960
2026/01/12 16:08:33 - mmengine - INFO - Epoch(train)  [5][3650/7793]  lr: 2.3973e-04  eta: 16:06:54  time: 0.4711  data_time: 0.0024  memory: 18954  loss: 0.8211  loss_ctc: 0.8211
2026/01/12 16:08:57 - mmengine - INFO - Epoch(train)  [5][3700/7793]  lr: 2.3968e-04  eta: 16:06:30  time: 0.4633  data_time: 0.0020  memory: 18954  loss: 0.8272  loss_ctc: 0.8272
2026/01/12 16:09:21 - mmengine - INFO - Epoch(train)  [5][3750/7793]  lr: 2.3963e-04  eta: 16:06:05  time: 0.4646  data_time: 0.0020  memory: 18954  loss: 0.9096  loss_ctc: 0.9096
2026/01/12 16:09:45 - mmengine - INFO - Epoch(train)  [5][3800/7793]  lr: 2.3958e-04  eta: 16:05:43  time: 0.4705  data_time: 0.0023  memory: 18954  loss: 0.8925  loss_ctc: 0.8925
2026/01/12 16:09:58 - mmengine - INFO - Exp name: svtr-large_pretrain_cn_scene_tpspp_20260112_112654
2026/01/12 16:10:09 - mmengine - INFO - Epoch(train)  [5][3850/7793]  lr: 2.3952e-04  eta: 16:05:19  time: 0.4863  data_time: 0.0020  memory: 18954  loss: 0.7867  loss_ctc: 0.7867
2026/01/12 16:10:33 - mmengine - INFO - Epoch(train)  [5][3900/7793]  lr: 2.3947e-04  eta: 16:04:56  time: 0.5121  data_time: 0.0026  memory: 18954  loss: 0.8823  loss_ctc: 0.8823
2026/01/12 16:10:57 - mmengine - INFO - Epoch(train)  [5][3950/7793]  lr: 2.3942e-04  eta: 16:04:32  time: 0.4764  data_time: 0.0028  memory: 18954  loss: 0.9904  loss_ctc: 0.9904
2026/01/12 16:11:21 - mmengine - INFO - Epoch(train)  [5][4000/7793]  lr: 2.3936e-04  eta: 16:04:08  time: 0.4741  data_time: 0.0024  memory: 18954  loss: 0.9024  loss_ctc: 0.9024
2026/01/12 16:11:45 - mmengine - INFO - Epoch(train)  [5][4050/7793]  lr: 2.3931e-04  eta: 16:03:44  time: 0.4702  data_time: 0.0022  memory: 18954  loss: 0.8972  loss_ctc: 0.8972
2026/01/12 16:12:09 - mmengine - INFO - Epoch(train)  [5][4100/7793]  lr: 2.3925e-04  eta: 16:03:21  time: 0.4770  data_time: 0.0025  memory: 18954  loss: 0.8949  loss_ctc: 0.8949
2026/01/12 16:12:33 - mmengine - INFO - Epoch(train)  [5][4150/7793]  lr: 2.3920e-04  eta: 16:02:57  time: 0.4879  data_time: 0.0021  memory: 18954  loss: 0.9391  loss_ctc: 0.9391
2026/01/12 16:12:57 - mmengine - INFO - Epoch(train)  [5][4200/7793]  lr: 2.3915e-04  eta: 16:02:33  time: 0.4837  data_time: 0.0020  memory: 18954  loss: 0.8194  loss_ctc: 0.8194
2026/01/12 16:13:21 - mmengine - INFO - Epoch(train)  [5][4250/7793]  lr: 2.3909e-04  eta: 16:02:09  time: 0.5150  data_time: 0.0020  memory: 18954  loss: 0.8487  loss_ctc: 0.8487
2026/01/12 16:13:45 - mmengine - INFO - Epoch(train)  [5][4300/7793]  lr: 2.3904e-04  eta: 16:01:44  time: 0.4644  data_time: 0.0020  memory: 18954  loss: 0.8324  loss_ctc: 0.8324
2026/01/12 16:14:09 - mmengine - INFO - Epoch(train)  [5][4350/7793]  lr: 2.3898e-04  eta: 16:01:21  time: 0.4699  data_time: 0.0020  memory: 18954  loss: 0.8764  loss_ctc: 0.8764
2026/01/12 16:14:33 - mmengine - INFO - Epoch(train)  [5][4400/7793]  lr: 2.3893e-04  eta: 16:00:57  time: 0.4630  data_time: 0.0020  memory: 18954  loss: 0.8551  loss_ctc: 0.8551
2026/01/12 16:14:57 - mmengine - INFO - Epoch(train)  [5][4450/7793]  lr: 2.3888e-04  eta: 16:00:34  time: 0.4753  data_time: 0.0021  memory: 18954  loss: 0.9316  loss_ctc: 0.9316
2026/01/12 16:15:21 - mmengine - INFO - Epoch(train)  [5][4500/7793]  lr: 2.3882e-04  eta: 16:00:09  time: 0.4765  data_time: 0.0020  memory: 18954  loss: 0.9573  loss_ctc: 0.9573
2026/01/12 16:15:45 - mmengine - INFO - Epoch(train)  [5][4550/7793]  lr: 2.3877e-04  eta: 15:59:45  time: 0.4733  data_time: 0.0020  memory: 18954  loss: 0.9115  loss_ctc: 0.9115
2026/01/12 16:16:09 - mmengine - INFO - Epoch(train)  [5][4600/7793]  lr: 2.3871e-04  eta: 15:59:20  time: 0.5089  data_time: 0.0023  memory: 18954  loss: 1.0179  loss_ctc: 1.0179
2026/01/12 16:16:32 - mmengine - INFO - Epoch(train)  [5][4650/7793]  lr: 2.3866e-04  eta: 15:58:55  time: 0.4755  data_time: 0.0021  memory: 18954  loss: 0.8496  loss_ctc: 0.8496
2026/01/12 16:16:56 - mmengine - INFO - Epoch(train)  [5][4700/7793]  lr: 2.3860e-04  eta: 15:58:31  time: 0.4662  data_time: 0.0021  memory: 18954  loss: 0.8056  loss_ctc: 0.8056
2026/01/12 16:17:21 - mmengine - INFO - Epoch(train)  [5][4750/7793]  lr: 2.3854e-04  eta: 15:58:08  time: 0.4781  data_time: 0.0023  memory: 18954  loss: 0.9317  loss_ctc: 0.9317
2026/01/12 16:17:44 - mmengine - INFO - Epoch(train)  [5][4800/7793]  lr: 2.3849e-04  eta: 15:57:44  time: 0.4842  data_time: 0.0021  memory: 18954  loss: 0.7778  loss_ctc: 0.7778
2026/01/12 16:17:58 - mmengine - INFO - Exp name: svtr-large_pretrain_cn_scene_tpspp_20260112_112654
2026/01/12 16:18:08 - mmengine - INFO - Epoch(train)  [5][4850/7793]  lr: 2.3843e-04  eta: 15:57:19  time: 0.4787  data_time: 0.0021  memory: 18954  loss: 1.0244  loss_ctc: 1.0244
2026/01/12 16:18:32 - mmengine - INFO - Epoch(train)  [5][4900/7793]  lr: 2.3838e-04  eta: 15:56:55  time: 0.4650  data_time: 0.0022  memory: 18954  loss: 0.9800  loss_ctc: 0.9800
2026/01/12 16:18:56 - mmengine - INFO - Epoch(train)  [5][4950/7793]  lr: 2.3832e-04  eta: 15:56:30  time: 0.4704  data_time: 0.0021  memory: 18954  loss: 0.7813  loss_ctc: 0.7813
2026/01/12 16:19:20 - mmengine - INFO - Epoch(train)  [5][5000/7793]  lr: 2.3827e-04  eta: 15:56:05  time: 0.4947  data_time: 0.0021  memory: 18954  loss: 0.9314  loss_ctc: 0.9314
2026/01/12 16:19:44 - mmengine - INFO - Epoch(train)  [5][5050/7793]  lr: 2.3821e-04  eta: 15:55:42  time: 0.4971  data_time: 0.0022  memory: 18954  loss: 0.8302  loss_ctc: 0.8302
2026/01/12 16:20:08 - mmengine - INFO - Epoch(train)  [5][5100/7793]  lr: 2.3815e-04  eta: 15:55:18  time: 0.4716  data_time: 0.0021  memory: 18954  loss: 0.7600  loss_ctc: 0.7600
2026/01/12 16:20:32 - mmengine - INFO - Epoch(train)  [5][5150/7793]  lr: 2.3810e-04  eta: 15:54:54  time: 0.4691  data_time: 0.0021  memory: 18954  loss: 0.9215  loss_ctc: 0.9215
2026/01/12 16:20:56 - mmengine - INFO - Epoch(train)  [5][5200/7793]  lr: 2.3804e-04  eta: 15:54:30  time: 0.4715  data_time: 0.0022  memory: 18954  loss: 0.9809  loss_ctc: 0.9809
2026/01/12 16:21:19 - mmengine - INFO - Epoch(train)  [5][5250/7793]  lr: 2.3798e-04  eta: 15:54:05  time: 0.4620  data_time: 0.0022  memory: 18954  loss: 1.0048  loss_ctc: 1.0048
2026/01/12 16:21:43 - mmengine - INFO - Epoch(train)  [5][5300/7793]  lr: 2.3793e-04  eta: 15:53:41  time: 0.4757  data_time: 0.0024  memory: 18954  loss: 0.9600  loss_ctc: 0.9600
2026/01/12 16:22:07 - mmengine - INFO - Epoch(train)  [5][5350/7793]  lr: 2.3787e-04  eta: 15:53:18  time: 0.4988  data_time: 0.0022  memory: 18954  loss: 0.8937  loss_ctc: 0.8937
2026/01/12 16:22:31 - mmengine - INFO - Epoch(train)  [5][5400/7793]  lr: 2.3781e-04  eta: 15:52:53  time: 0.4707  data_time: 0.0022  memory: 18954  loss: 0.8634  loss_ctc: 0.8634
2026/01/12 16:22:55 - mmengine - INFO - Epoch(train)  [5][5450/7793]  lr: 2.3776e-04  eta: 15:52:29  time: 0.5078  data_time: 0.0027  memory: 18954  loss: 0.9141  loss_ctc: 0.9141
2026/01/12 16:23:19 - mmengine - INFO - Epoch(train)  [5][5500/7793]  lr: 2.3770e-04  eta: 15:52:04  time: 0.4888  data_time: 0.0021  memory: 18954  loss: 0.8384  loss_ctc: 0.8384
2026/01/12 16:23:43 - mmengine - INFO - Epoch(train)  [5][5550/7793]  lr: 2.3764e-04  eta: 15:51:40  time: 0.4720  data_time: 0.0023  memory: 18954  loss: 0.7925  loss_ctc: 0.7925
2026/01/12 16:24:07 - mmengine - INFO - Epoch(train)  [5][5600/7793]  lr: 2.3758e-04  eta: 15:51:16  time: 0.4755  data_time: 0.0021  memory: 18954  loss: 0.9170  loss_ctc: 0.9170
2026/01/12 16:24:31 - mmengine - INFO - Epoch(train)  [5][5650/7793]  lr: 2.3753e-04  eta: 15:50:52  time: 0.4888  data_time: 0.0022  memory: 18954  loss: 0.8567  loss_ctc: 0.8567
2026/01/12 16:24:55 - mmengine - INFO - Epoch(train)  [5][5700/7793]  lr: 2.3747e-04  eta: 15:50:28  time: 0.4773  data_time: 0.0022  memory: 18954  loss: 0.8821  loss_ctc: 0.8821
2026/01/12 16:25:19 - mmengine - INFO - Epoch(train)  [5][5750/7793]  lr: 2.3741e-04  eta: 15:50:04  time: 0.5138  data_time: 0.0021  memory: 18954  loss: 0.8280  loss_ctc: 0.8280
2026/01/12 16:25:43 - mmengine - INFO - Epoch(train)  [5][5800/7793]  lr: 2.3735e-04  eta: 15:49:40  time: 0.4912  data_time: 0.0021  memory: 18954  loss: 0.7504  loss_ctc: 0.7504
2026/01/12 16:25:56 - mmengine - INFO - Exp name: svtr-large_pretrain_cn_scene_tpspp_20260112_112654
2026/01/12 16:26:06 - mmengine - INFO - Epoch(train)  [5][5850/7793]  lr: 2.3729e-04  eta: 15:49:15  time: 0.4709  data_time: 0.0021  memory: 18954  loss: 0.7987  loss_ctc: 0.7987
2026/01/12 16:26:30 - mmengine - INFO - Epoch(train)  [5][5900/7793]  lr: 2.3724e-04  eta: 15:48:51  time: 0.4753  data_time: 0.0021  memory: 18954  loss: 0.8567  loss_ctc: 0.8567
2026/01/12 16:26:54 - mmengine - INFO - Epoch(train)  [5][5950/7793]  lr: 2.3718e-04  eta: 15:48:28  time: 0.4679  data_time: 0.0021  memory: 18954  loss: 0.8047  loss_ctc: 0.8047
2026/01/12 16:27:19 - mmengine - INFO - Epoch(train)  [5][6000/7793]  lr: 2.3712e-04  eta: 15:48:04  time: 0.4646  data_time: 0.0020  memory: 18954  loss: 0.7796  loss_ctc: 0.7796
2026/01/12 16:27:43 - mmengine - INFO - Epoch(train)  [5][6050/7793]  lr: 2.3706e-04  eta: 15:47:41  time: 0.4793  data_time: 0.0020  memory: 18954  loss: 0.7900  loss_ctc: 0.7900
2026/01/12 16:28:07 - mmengine - INFO - Epoch(train)  [5][6100/7793]  lr: 2.3700e-04  eta: 15:47:17  time: 0.4888  data_time: 0.0021  memory: 18954  loss: 0.8230  loss_ctc: 0.8230
2026/01/12 16:28:30 - mmengine - INFO - Epoch(train)  [5][6150/7793]  lr: 2.3694e-04  eta: 15:46:52  time: 0.4783  data_time: 0.0020  memory: 18954  loss: 0.8188  loss_ctc: 0.8188
2026/01/12 16:28:54 - mmengine - INFO - Epoch(train)  [5][6200/7793]  lr: 2.3688e-04  eta: 15:46:27  time: 0.4803  data_time: 0.0022  memory: 18954  loss: 0.8479  loss_ctc: 0.8479
2026/01/12 16:29:18 - mmengine - INFO - Epoch(train)  [5][6250/7793]  lr: 2.3682e-04  eta: 15:46:03  time: 0.4714  data_time: 0.0021  memory: 18954  loss: 0.9943  loss_ctc: 0.9943
2026/01/12 16:29:42 - mmengine - INFO - Epoch(train)  [5][6300/7793]  lr: 2.3676e-04  eta: 15:45:39  time: 0.4762  data_time: 0.0021  memory: 18954  loss: 0.9565  loss_ctc: 0.9565
2026/01/12 16:30:06 - mmengine - INFO - Epoch(train)  [5][6350/7793]  lr: 2.3671e-04  eta: 15:45:16  time: 0.4763  data_time: 0.0022  memory: 18954  loss: 0.8723  loss_ctc: 0.8723
2026/01/12 16:30:31 - mmengine - INFO - Epoch(train)  [5][6400/7793]  lr: 2.3665e-04  eta: 15:44:53  time: 0.4801  data_time: 0.0021  memory: 18954  loss: 0.9229  loss_ctc: 0.9229
2026/01/12 16:30:55 - mmengine - INFO - Epoch(train)  [5][6450/7793]  lr: 2.3659e-04  eta: 15:44:30  time: 0.4668  data_time: 0.0020  memory: 18954  loss: 0.7919  loss_ctc: 0.7919
2026/01/12 16:31:19 - mmengine - INFO - Epoch(train)  [5][6500/7793]  lr: 2.3653e-04  eta: 15:44:06  time: 0.4723  data_time: 0.0021  memory: 18954  loss: 0.8480  loss_ctc: 0.8480
2026/01/12 16:31:42 - mmengine - INFO - Epoch(train)  [5][6550/7793]  lr: 2.3647e-04  eta: 15:43:41  time: 0.4638  data_time: 0.0021  memory: 18954  loss: 0.8082  loss_ctc: 0.8082
2026/01/12 16:32:06 - mmengine - INFO - Epoch(train)  [5][6600/7793]  lr: 2.3641e-04  eta: 15:43:17  time: 0.5016  data_time: 0.0022  memory: 18954  loss: 0.8059  loss_ctc: 0.8059
2026/01/12 16:32:30 - mmengine - INFO - Epoch(train)  [5][6650/7793]  lr: 2.3635e-04  eta: 15:42:52  time: 0.4793  data_time: 0.0022  memory: 18954  loss: 0.8707  loss_ctc: 0.8707
2026/01/12 16:32:54 - mmengine - INFO - Epoch(train)  [5][6700/7793]  lr: 2.3629e-04  eta: 15:42:29  time: 0.4748  data_time: 0.0021  memory: 18954  loss: 0.7845  loss_ctc: 0.7845
2026/01/12 16:33:18 - mmengine - INFO - Epoch(train)  [5][6750/7793]  lr: 2.3622e-04  eta: 15:42:06  time: 0.4802  data_time: 0.0021  memory: 18954  loss: 0.8438  loss_ctc: 0.8438
2026/01/12 16:33:42 - mmengine - INFO - Epoch(train)  [5][6800/7793]  lr: 2.3616e-04  eta: 15:41:42  time: 0.4931  data_time: 0.0022  memory: 18954  loss: 0.8555  loss_ctc: 0.8555
2026/01/12 16:33:56 - mmengine - INFO - Exp name: svtr-large_pretrain_cn_scene_tpspp_20260112_112654
2026/01/12 16:34:06 - mmengine - INFO - Epoch(train)  [5][6850/7793]  lr: 2.3610e-04  eta: 15:41:18  time: 0.4826  data_time: 0.0022  memory: 18954  loss: 0.8714  loss_ctc: 0.8714
2026/01/12 16:34:30 - mmengine - INFO - Epoch(train)  [5][6900/7793]  lr: 2.3604e-04  eta: 15:40:53  time: 0.4731  data_time: 0.0022  memory: 18954  loss: 0.7256  loss_ctc: 0.7256
2026/01/12 16:34:54 - mmengine - INFO - Epoch(train)  [5][6950/7793]  lr: 2.3598e-04  eta: 15:40:29  time: 0.4757  data_time: 0.0021  memory: 18954  loss: 0.9066  loss_ctc: 0.9066
2026/01/12 16:35:18 - mmengine - INFO - Epoch(train)  [5][7000/7793]  lr: 2.3592e-04  eta: 15:40:05  time: 0.4818  data_time: 0.0021  memory: 18954  loss: 0.8847  loss_ctc: 0.8847
2026/01/12 16:35:42 - mmengine - INFO - Epoch(train)  [5][7050/7793]  lr: 2.3586e-04  eta: 15:39:41  time: 0.4691  data_time: 0.0021  memory: 18954  loss: 0.9335  loss_ctc: 0.9335
2026/01/12 16:36:06 - mmengine - INFO - Epoch(train)  [5][7100/7793]  lr: 2.3580e-04  eta: 15:39:17  time: 0.4585  data_time: 0.0021  memory: 18954  loss: 0.8171  loss_ctc: 0.8171
2026/01/12 16:36:30 - mmengine - INFO - Epoch(train)  [5][7150/7793]  lr: 2.3574e-04  eta: 15:38:53  time: 0.4562  data_time: 0.0022  memory: 18954  loss: 0.8083  loss_ctc: 0.8083
2026/01/12 16:36:54 - mmengine - INFO - Epoch(train)  [5][7200/7793]  lr: 2.3568e-04  eta: 15:38:30  time: 0.5028  data_time: 0.0022  memory: 18954  loss: 0.6993  loss_ctc: 0.6993
2026/01/12 16:37:18 - mmengine - INFO - Epoch(train)  [5][7250/7793]  lr: 2.3561e-04  eta: 15:38:06  time: 0.4735  data_time: 0.0021  memory: 18954  loss: 0.7664  loss_ctc: 0.7664
2026/01/12 16:37:42 - mmengine - INFO - Epoch(train)  [5][7300/7793]  lr: 2.3555e-04  eta: 15:37:43  time: 0.4651  data_time: 0.0020  memory: 18954  loss: 0.8055  loss_ctc: 0.8055
2026/01/12 16:38:06 - mmengine - INFO - Epoch(train)  [5][7350/7793]  lr: 2.3549e-04  eta: 15:37:19  time: 0.5057  data_time: 0.0023  memory: 18954  loss: 0.9065  loss_ctc: 0.9065
2026/01/12 16:38:30 - mmengine - INFO - Epoch(train)  [5][7400/7793]  lr: 2.3543e-04  eta: 15:36:54  time: 0.4728  data_time: 0.0023  memory: 18954  loss: 0.8461  loss_ctc: 0.8461
2026/01/12 16:38:54 - mmengine - INFO - Epoch(train)  [5][7450/7793]  lr: 2.3537e-04  eta: 15:36:31  time: 0.4674  data_time: 0.0022  memory: 18954  loss: 0.8146  loss_ctc: 0.8146
2026/01/12 16:39:19 - mmengine - INFO - Epoch(train)  [5][7500/7793]  lr: 2.3530e-04  eta: 15:36:08  time: 0.4720  data_time: 0.0023  memory: 18954  loss: 0.7731  loss_ctc: 0.7731
2026/01/12 16:39:43 - mmengine - INFO - Epoch(train)  [5][7550/7793]  lr: 2.3524e-04  eta: 15:35:45  time: 0.4764  data_time: 0.0021  memory: 18954  loss: 0.9339  loss_ctc: 0.9339
2026/01/12 16:40:07 - mmengine - INFO - Epoch(train)  [5][7600/7793]  lr: 2.3518e-04  eta: 15:35:21  time: 0.5009  data_time: 0.0027  memory: 18954  loss: 0.7900  loss_ctc: 0.7900
2026/01/12 16:40:31 - mmengine - INFO - Epoch(train)  [5][7650/7793]  lr: 2.3512e-04  eta: 15:34:57  time: 0.4658  data_time: 0.0022  memory: 18954  loss: 0.8160  loss_ctc: 0.8160
2026/01/12 16:40:55 - mmengine - INFO - Epoch(train)  [5][7700/7793]  lr: 2.3505e-04  eta: 15:34:34  time: 0.4783  data_time: 0.0021  memory: 18954  loss: 0.7915  loss_ctc: 0.7915
2026/01/12 16:41:19 - mmengine - INFO - Epoch(train)  [5][7750/7793]  lr: 2.3499e-04  eta: 15:34:10  time: 0.4930  data_time: 0.0021  memory: 18954  loss: 0.9291  loss_ctc: 0.9291
2026/01/12 16:41:39 - mmengine - INFO - Exp name: svtr-large_pretrain_cn_scene_tpspp_20260112_112654
2026/01/12 16:41:39 - mmengine - INFO - Saving checkpoint at 5 epochs
2026/01/12 16:41:55 - mmengine - INFO - Epoch(val) [5][20/20]    PretrainCN_holdout/recog/word_acc: 0.8198  PretrainCN_holdout/recog/1-N.E.D: 0.9415  data_time: 0.0210  time: 0.3505
2026/01/12 16:41:55 - mmengine - INFO - The previous best checkpoint /root/lanyun-tmp/mmocr/work_dirs/svtr-large_pretrain_cn_scene_tpspp/best_PretrainCN_holdout_recog_word_acc_epoch_4.pth is removed
2026/01/12 16:42:02 - mmengine - INFO - The best checkpoint with 0.8198 PretrainCN_holdout/recog/word_acc at 5 epoch is saved to best_PretrainCN_holdout_recog_word_acc_epoch_5.pth.
2026/01/12 16:42:35 - mmengine - INFO - Exp name: svtr-large_pretrain_cn_scene_tpspp_20260112_112654
2026/01/12 16:42:42 - mmengine - INFO - Epoch(train)  [6][  50/7793]  lr: 2.3487e-04  eta: 15:33:33  time: 0.4727  data_time: 0.0023  memory: 18954  loss: 0.9259  loss_ctc: 0.9259
2026/01/12 16:43:06 - mmengine - INFO - Epoch(train)  [6][ 100/7793]  lr: 2.3481e-04  eta: 15:33:10  time: 0.4806  data_time: 0.0022  memory: 18954  loss: 0.8038  loss_ctc: 0.8038
2026/01/12 16:43:30 - mmengine - INFO - Epoch(train)  [6][ 150/7793]  lr: 2.3475e-04  eta: 15:32:45  time: 0.4735  data_time: 0.0022  memory: 18954  loss: 0.8777  loss_ctc: 0.8777
2026/01/12 16:43:54 - mmengine - INFO - Epoch(train)  [6][ 200/7793]  lr: 2.3468e-04  eta: 15:32:21  time: 0.5018  data_time: 0.0023  memory: 18954  loss: 0.8812  loss_ctc: 0.8812
2026/01/12 16:44:18 - mmengine - INFO - Epoch(train)  [6][ 250/7793]  lr: 2.3462e-04  eta: 15:31:57  time: 0.4674  data_time: 0.0023  memory: 18954  loss: 0.7485  loss_ctc: 0.7485
2026/01/12 16:44:42 - mmengine - INFO - Epoch(train)  [6][ 300/7793]  lr: 2.3455e-04  eta: 15:31:33  time: 0.4943  data_time: 0.0021  memory: 18954  loss: 0.7758  loss_ctc: 0.7758
2026/01/12 16:45:06 - mmengine - INFO - Epoch(train)  [6][ 350/7793]  lr: 2.3449e-04  eta: 15:31:08  time: 0.4660  data_time: 0.0021  memory: 18954  loss: 0.6962  loss_ctc: 0.6962
2026/01/12 16:45:30 - mmengine - INFO - Epoch(train)  [6][ 400/7793]  lr: 2.3443e-04  eta: 15:30:45  time: 0.4788  data_time: 0.0021  memory: 18954  loss: 0.7842  loss_ctc: 0.7842
2026/01/12 16:45:54 - mmengine - INFO - Epoch(train)  [6][ 450/7793]  lr: 2.3436e-04  eta: 15:30:21  time: 0.4643  data_time: 0.0021  memory: 18954  loss: 0.7577  loss_ctc: 0.7577
2026/01/12 16:46:17 - mmengine - INFO - Epoch(train)  [6][ 500/7793]  lr: 2.3430e-04  eta: 15:29:56  time: 0.4704  data_time: 0.0020  memory: 18954  loss: 0.7747  loss_ctc: 0.7747
2026/01/12 16:46:42 - mmengine - INFO - Epoch(train)  [6][ 550/7793]  lr: 2.3423e-04  eta: 15:29:33  time: 0.4843  data_time: 0.0023  memory: 18954  loss: 0.9002  loss_ctc: 0.9002
2026/01/12 16:47:06 - mmengine - INFO - Epoch(train)  [6][ 600/7793]  lr: 2.3417e-04  eta: 15:29:10  time: 0.4894  data_time: 0.0023  memory: 18954  loss: 0.8543  loss_ctc: 0.8543
2026/01/12 16:47:30 - mmengine - INFO - Epoch(train)  [6][ 650/7793]  lr: 2.3410e-04  eta: 15:28:45  time: 0.4638  data_time: 0.0022  memory: 18954  loss: 0.8585  loss_ctc: 0.8585
2026/01/12 16:47:54 - mmengine - INFO - Epoch(train)  [6][ 700/7793]  lr: 2.3404e-04  eta: 15:28:21  time: 0.4959  data_time: 0.0021  memory: 18954  loss: 0.8002  loss_ctc: 0.8002
2026/01/12 16:48:18 - mmengine - INFO - Epoch(train)  [6][ 750/7793]  lr: 2.3397e-04  eta: 15:27:58  time: 0.4927  data_time: 0.0022  memory: 18954  loss: 0.8148  loss_ctc: 0.8148
2026/01/12 16:48:42 - mmengine - INFO - Epoch(train)  [6][ 800/7793]  lr: 2.3391e-04  eta: 15:27:34  time: 0.4782  data_time: 0.0020  memory: 18954  loss: 0.8126  loss_ctc: 0.8126
2026/01/12 16:49:06 - mmengine - INFO - Epoch(train)  [6][ 850/7793]  lr: 2.3384e-04  eta: 15:27:11  time: 0.4930  data_time: 0.0024  memory: 18954  loss: 0.8393  loss_ctc: 0.8393
2026/01/12 16:49:30 - mmengine - INFO - Epoch(train)  [6][ 900/7793]  lr: 2.3378e-04  eta: 15:26:47  time: 0.4838  data_time: 0.0022  memory: 18954  loss: 0.8616  loss_ctc: 0.8616
2026/01/12 16:49:54 - mmengine - INFO - Epoch(train)  [6][ 950/7793]  lr: 2.3371e-04  eta: 15:26:23  time: 0.4794  data_time: 0.0020  memory: 18954  loss: 0.7541  loss_ctc: 0.7541
2026/01/12 16:50:18 - mmengine - INFO - Epoch(train)  [6][1000/7793]  lr: 2.3365e-04  eta: 15:25:59  time: 0.4766  data_time: 0.0022  memory: 18954  loss: 1.0264  loss_ctc: 1.0264
2026/01/12 16:50:35 - mmengine - INFO - Exp name: svtr-large_pretrain_cn_scene_tpspp_20260112_112654
2026/01/12 16:50:42 - mmengine - INFO - Epoch(train)  [6][1050/7793]  lr: 2.3358e-04  eta: 15:25:35  time: 0.4662  data_time: 0.0022  memory: 18954  loss: 0.8959  loss_ctc: 0.8959
2026/01/12 16:51:06 - mmengine - INFO - Epoch(train)  [6][1100/7793]  lr: 2.3352e-04  eta: 15:25:11  time: 0.4759  data_time: 0.0022  memory: 18954  loss: 0.8410  loss_ctc: 0.8410
2026/01/12 16:51:30 - mmengine - INFO - Epoch(train)  [6][1150/7793]  lr: 2.3345e-04  eta: 15:24:47  time: 0.4862  data_time: 0.0021  memory: 18954  loss: 0.8451  loss_ctc: 0.8451
2026/01/12 16:51:54 - mmengine - INFO - Epoch(train)  [6][1200/7793]  lr: 2.3339e-04  eta: 15:24:24  time: 0.4941  data_time: 0.0023  memory: 18954  loss: 0.8177  loss_ctc: 0.8177
2026/01/12 16:52:18 - mmengine - INFO - Epoch(train)  [6][1250/7793]  lr: 2.3332e-04  eta: 15:23:59  time: 0.4646  data_time: 0.0021  memory: 18954  loss: 0.8065  loss_ctc: 0.8065
2026/01/12 16:52:42 - mmengine - INFO - Epoch(train)  [6][1300/7793]  lr: 2.3325e-04  eta: 15:23:35  time: 0.4885  data_time: 0.0022  memory: 18954  loss: 0.6686  loss_ctc: 0.6686
2026/01/12 16:53:06 - mmengine - INFO - Epoch(train)  [6][1350/7793]  lr: 2.3319e-04  eta: 15:23:11  time: 0.4974  data_time: 0.0022  memory: 18954  loss: 0.8791  loss_ctc: 0.8791
2026/01/12 16:53:30 - mmengine - INFO - Epoch(train)  [6][1400/7793]  lr: 2.3312e-04  eta: 15:22:47  time: 0.4885  data_time: 0.0024  memory: 18954  loss: 0.8205  loss_ctc: 0.8205
2026/01/12 16:53:54 - mmengine - INFO - Epoch(train)  [6][1450/7793]  lr: 2.3305e-04  eta: 15:22:24  time: 0.4782  data_time: 0.0021  memory: 18954  loss: 0.8140  loss_ctc: 0.8140
2026/01/12 16:54:18 - mmengine - INFO - Epoch(train)  [6][1500/7793]  lr: 2.3299e-04  eta: 15:21:59  time: 0.4725  data_time: 0.0022  memory: 18954  loss: 0.7361  loss_ctc: 0.7361
2026/01/12 16:54:42 - mmengine - INFO - Epoch(train)  [6][1550/7793]  lr: 2.3292e-04  eta: 15:21:34  time: 0.4788  data_time: 0.0022  memory: 18954  loss: 0.7533  loss_ctc: 0.7533
2026/01/12 16:55:05 - mmengine - INFO - Epoch(train)  [6][1600/7793]  lr: 2.3285e-04  eta: 15:21:10  time: 0.4622  data_time: 0.0021  memory: 18954  loss: 0.8680  loss_ctc: 0.8680
2026/01/12 16:55:30 - mmengine - INFO - Epoch(train)  [6][1650/7793]  lr: 2.3279e-04  eta: 15:20:47  time: 0.4848  data_time: 0.0023  memory: 18954  loss: 0.9757  loss_ctc: 0.9757
2026/01/12 16:55:54 - mmengine - INFO - Epoch(train)  [6][1700/7793]  lr: 2.3272e-04  eta: 15:20:23  time: 0.4824  data_time: 0.0024  memory: 18954  loss: 0.7691  loss_ctc: 0.7691
2026/01/12 16:56:18 - mmengine - INFO - Epoch(train)  [6][1750/7793]  lr: 2.3265e-04  eta: 15:19:59  time: 0.4903  data_time: 0.0021  memory: 18954  loss: 0.7514  loss_ctc: 0.7514
2026/01/12 16:56:41 - mmengine - INFO - Epoch(train)  [6][1800/7793]  lr: 2.3258e-04  eta: 15:19:34  time: 0.4683  data_time: 0.0021  memory: 18954  loss: 0.8568  loss_ctc: 0.8568
2026/01/12 16:57:05 - mmengine - INFO - Epoch(train)  [6][1850/7793]  lr: 2.3252e-04  eta: 15:19:10  time: 0.4716  data_time: 0.0022  memory: 18954  loss: 0.8422  loss_ctc: 0.8422
2026/01/12 16:57:29 - mmengine - INFO - Epoch(train)  [6][1900/7793]  lr: 2.3245e-04  eta: 15:18:47  time: 0.4911  data_time: 0.0023  memory: 18954  loss: 0.7438  loss_ctc: 0.7438
2026/01/12 16:57:54 - mmengine - INFO - Epoch(train)  [6][1950/7793]  lr: 2.3238e-04  eta: 15:18:24  time: 0.4962  data_time: 0.0023  memory: 18954  loss: 0.7723  loss_ctc: 0.7723
2026/01/12 16:58:17 - mmengine - INFO - Epoch(train)  [6][2000/7793]  lr: 2.3231e-04  eta: 15:17:59  time: 0.4630  data_time: 0.0022  memory: 18954  loss: 0.7806  loss_ctc: 0.7806
2026/01/12 16:58:34 - mmengine - INFO - Exp name: svtr-large_pretrain_cn_scene_tpspp_20260112_112654
2026/01/12 16:58:41 - mmengine - INFO - Epoch(train)  [6][2050/7793]  lr: 2.3224e-04  eta: 15:17:35  time: 0.4917  data_time: 0.0022  memory: 18954  loss: 0.6822  loss_ctc: 0.6822
2026/01/12 16:59:05 - mmengine - INFO - Epoch(train)  [6][2100/7793]  lr: 2.3218e-04  eta: 15:17:10  time: 0.4681  data_time: 0.0022  memory: 18954  loss: 0.8146  loss_ctc: 0.8146
2026/01/12 16:59:29 - mmengine - INFO - Epoch(train)  [6][2150/7793]  lr: 2.3211e-04  eta: 15:16:46  time: 0.4790  data_time: 0.0022  memory: 18954  loss: 0.7656  loss_ctc: 0.7656
2026/01/12 16:59:53 - mmengine - INFO - Epoch(train)  [6][2200/7793]  lr: 2.3204e-04  eta: 15:16:22  time: 0.4710  data_time: 0.0023  memory: 18954  loss: 0.9352  loss_ctc: 0.9352
2026/01/12 17:00:17 - mmengine - INFO - Epoch(train)  [6][2250/7793]  lr: 2.3197e-04  eta: 15:15:59  time: 0.4691  data_time: 0.0023  memory: 18954  loss: 0.8652  loss_ctc: 0.8652
2026/01/12 17:00:41 - mmengine - INFO - Epoch(train)  [6][2300/7793]  lr: 2.3190e-04  eta: 15:15:36  time: 0.4840  data_time: 0.0027  memory: 18954  loss: 0.8328  loss_ctc: 0.8328
2026/01/12 17:01:05 - mmengine - INFO - Epoch(train)  [6][2350/7793]  lr: 2.3183e-04  eta: 15:15:11  time: 0.4652  data_time: 0.0024  memory: 18954  loss: 0.8757  loss_ctc: 0.8757
2026/01/12 17:01:30 - mmengine - INFO - Epoch(train)  [6][2400/7793]  lr: 2.3176e-04  eta: 15:14:49  time: 0.4797  data_time: 0.0022  memory: 18954  loss: 0.8269  loss_ctc: 0.8269
2026/01/12 17:01:54 - mmengine - INFO - Epoch(train)  [6][2450/7793]  lr: 2.3170e-04  eta: 15:14:25  time: 0.5034  data_time: 0.0023  memory: 18954  loss: 0.7709  loss_ctc: 0.7709
2026/01/12 17:02:18 - mmengine - INFO - Epoch(train)  [6][2500/7793]  lr: 2.3163e-04  eta: 15:14:01  time: 0.4702  data_time: 0.0021  memory: 18954  loss: 0.6973  loss_ctc: 0.6973
2026/01/12 17:02:42 - mmengine - INFO - Epoch(train)  [6][2550/7793]  lr: 2.3156e-04  eta: 15:13:37  time: 0.4644  data_time: 0.0021  memory: 18954  loss: 0.8618  loss_ctc: 0.8618
2026/01/12 17:03:06 - mmengine - INFO - Epoch(train)  [6][2600/7793]  lr: 2.3149e-04  eta: 15:13:12  time: 0.4695  data_time: 0.0021  memory: 18954  loss: 0.8594  loss_ctc: 0.8594
2026/01/12 17:03:29 - mmengine - INFO - Epoch(train)  [6][2650/7793]  lr: 2.3142e-04  eta: 15:12:48  time: 0.4911  data_time: 0.0021  memory: 18954  loss: 0.8035  loss_ctc: 0.8035
2026/01/12 17:03:54 - mmengine - INFO - Epoch(train)  [6][2700/7793]  lr: 2.3135e-04  eta: 15:12:25  time: 0.5103  data_time: 0.0022  memory: 18954  loss: 0.7922  loss_ctc: 0.7922
2026/01/12 17:04:18 - mmengine - INFO - Epoch(train)  [6][2750/7793]  lr: 2.3128e-04  eta: 15:12:02  time: 0.4869  data_time: 0.0022  memory: 18954  loss: 0.7051  loss_ctc: 0.7051
2026/01/12 17:04:42 - mmengine - INFO - Epoch(train)  [6][2800/7793]  lr: 2.3121e-04  eta: 15:11:38  time: 0.5003  data_time: 0.0024  memory: 18954  loss: 0.7694  loss_ctc: 0.7694
2026/01/12 17:05:06 - mmengine - INFO - Epoch(train)  [6][2850/7793]  lr: 2.3114e-04  eta: 15:11:13  time: 0.4589  data_time: 0.0022  memory: 18954  loss: 0.6930  loss_ctc: 0.6930
2026/01/12 17:05:30 - mmengine - INFO - Epoch(train)  [6][2900/7793]  lr: 2.3107e-04  eta: 15:10:49  time: 0.4701  data_time: 0.0024  memory: 18954  loss: 0.9277  loss_ctc: 0.9277
2026/01/12 17:05:54 - mmengine - INFO - Epoch(train)  [6][2950/7793]  lr: 2.3100e-04  eta: 15:10:26  time: 0.4803  data_time: 0.0022  memory: 18954  loss: 0.8563  loss_ctc: 0.8563
2026/01/12 17:06:18 - mmengine - INFO - Epoch(train)  [6][3000/7793]  lr: 2.3093e-04  eta: 15:10:02  time: 0.4679  data_time: 0.0022  memory: 18954  loss: 0.8098  loss_ctc: 0.8098
2026/01/12 17:06:34 - mmengine - INFO - Exp name: svtr-large_pretrain_cn_scene_tpspp_20260112_112654
2026/01/12 17:06:42 - mmengine - INFO - Epoch(train)  [6][3050/7793]  lr: 2.3086e-04  eta: 15:09:38  time: 0.4958  data_time: 0.0022  memory: 18954  loss: 0.8832  loss_ctc: 0.8832
2026/01/12 17:07:06 - mmengine - INFO - Epoch(train)  [6][3100/7793]  lr: 2.3079e-04  eta: 15:09:14  time: 0.4917  data_time: 0.0025  memory: 18954  loss: 0.8547  loss_ctc: 0.8547
2026/01/12 17:07:30 - mmengine - INFO - Epoch(train)  [6][3150/7793]  lr: 2.3072e-04  eta: 15:08:51  time: 0.4697  data_time: 0.0021  memory: 18954  loss: 0.8451  loss_ctc: 0.8451
2026/01/12 17:07:54 - mmengine - INFO - Epoch(train)  [6][3200/7793]  lr: 2.3065e-04  eta: 15:08:27  time: 0.4812  data_time: 0.0022  memory: 18954  loss: 0.8965  loss_ctc: 0.8965
2026/01/12 17:08:18 - mmengine - INFO - Epoch(train)  [6][3250/7793]  lr: 2.3058e-04  eta: 15:08:02  time: 0.4644  data_time: 0.0022  memory: 18954  loss: 0.7816  loss_ctc: 0.7816
2026/01/12 17:08:42 - mmengine - INFO - Epoch(train)  [6][3300/7793]  lr: 2.3050e-04  eta: 15:07:39  time: 0.4653  data_time: 0.0023  memory: 18954  loss: 0.8435  loss_ctc: 0.8435
2026/01/12 17:09:06 - mmengine - INFO - Epoch(train)  [6][3350/7793]  lr: 2.3043e-04  eta: 15:07:15  time: 0.4859  data_time: 0.0022  memory: 18954  loss: 0.7632  loss_ctc: 0.7632
2026/01/12 17:09:30 - mmengine - INFO - Epoch(train)  [6][3400/7793]  lr: 2.3036e-04  eta: 15:06:52  time: 0.4909  data_time: 0.0022  memory: 18954  loss: 0.7433  loss_ctc: 0.7433
2026/01/12 17:09:54 - mmengine - INFO - Epoch(train)  [6][3450/7793]  lr: 2.3029e-04  eta: 15:06:27  time: 0.4772  data_time: 0.0022  memory: 18954  loss: 0.9347  loss_ctc: 0.9347
2026/01/12 17:10:18 - mmengine - INFO - Epoch(train)  [6][3500/7793]  lr: 2.3022e-04  eta: 15:06:02  time: 0.4660  data_time: 0.0021  memory: 18954  loss: 0.7946  loss_ctc: 0.7946
2026/01/12 17:10:42 - mmengine - INFO - Epoch(train)  [6][3550/7793]  lr: 2.3015e-04  eta: 15:05:39  time: 0.4938  data_time: 0.0022  memory: 18954  loss: 0.7278  loss_ctc: 0.7278
2026/01/12 17:11:06 - mmengine - INFO - Epoch(train)  [6][3600/7793]  lr: 2.3008e-04  eta: 15:05:15  time: 0.4766  data_time: 0.0021  memory: 18954  loss: 0.8163  loss_ctc: 0.8163
2026/01/12 17:11:30 - mmengine - INFO - Epoch(train)  [6][3650/7793]  lr: 2.3000e-04  eta: 15:04:51  time: 0.4756  data_time: 0.0021  memory: 18954  loss: 0.7712  loss_ctc: 0.7712
2026/01/12 17:11:54 - mmengine - INFO - Epoch(train)  [6][3700/7793]  lr: 2.2993e-04  eta: 15:04:28  time: 0.4738  data_time: 0.0021  memory: 18954  loss: 0.8678  loss_ctc: 0.8678
2026/01/12 17:12:18 - mmengine - INFO - Epoch(train)  [6][3750/7793]  lr: 2.2986e-04  eta: 15:04:03  time: 0.4803  data_time: 0.0023  memory: 18954  loss: 0.7809  loss_ctc: 0.7809
2026/01/12 17:12:42 - mmengine - INFO - Epoch(train)  [6][3800/7793]  lr: 2.2979e-04  eta: 15:03:39  time: 0.4957  data_time: 0.0022  memory: 18954  loss: 0.7682  loss_ctc: 0.7682
2026/01/12 17:13:06 - mmengine - INFO - Epoch(train)  [6][3850/7793]  lr: 2.2971e-04  eta: 15:03:15  time: 0.4826  data_time: 0.0021  memory: 18954  loss: 0.7788  loss_ctc: 0.7788
2026/01/12 17:13:30 - mmengine - INFO - Epoch(train)  [6][3900/7793]  lr: 2.2964e-04  eta: 15:02:51  time: 0.4777  data_time: 0.0022  memory: 18954  loss: 0.8667  loss_ctc: 0.8667
2026/01/12 17:13:54 - mmengine - INFO - Epoch(train)  [6][3950/7793]  lr: 2.2957e-04  eta: 15:02:27  time: 0.4939  data_time: 0.0021  memory: 18954  loss: 0.8120  loss_ctc: 0.8120
2026/01/12 17:14:18 - mmengine - INFO - Epoch(train)  [6][4000/7793]  lr: 2.2950e-04  eta: 15:02:03  time: 0.4825  data_time: 0.0022  memory: 18954  loss: 0.7333  loss_ctc: 0.7333
2026/01/12 17:14:35 - mmengine - INFO - Exp name: svtr-large_pretrain_cn_scene_tpspp_20260112_112654
2026/01/12 17:14:42 - mmengine - INFO - Epoch(train)  [6][4050/7793]  lr: 2.2942e-04  eta: 15:01:40  time: 0.4850  data_time: 0.0023  memory: 18954  loss: 0.8381  loss_ctc: 0.8381
2026/01/12 17:15:06 - mmengine - INFO - Epoch(train)  [6][4100/7793]  lr: 2.2935e-04  eta: 15:01:17  time: 0.4758  data_time: 0.0022  memory: 18954  loss: 0.8239  loss_ctc: 0.8239
2026/01/12 17:15:30 - mmengine - INFO - Epoch(train)  [6][4150/7793]  lr: 2.2928e-04  eta: 15:00:53  time: 0.4810  data_time: 0.0021  memory: 18954  loss: 0.8921  loss_ctc: 0.8921
2026/01/12 17:15:54 - mmengine - INFO - Epoch(train)  [6][4200/7793]  lr: 2.2920e-04  eta: 15:00:29  time: 0.4805  data_time: 0.0022  memory: 18954  loss: 0.7302  loss_ctc: 0.7302
2026/01/12 17:16:18 - mmengine - INFO - Epoch(train)  [6][4250/7793]  lr: 2.2913e-04  eta: 15:00:05  time: 0.4753  data_time: 0.0022  memory: 18954  loss: 0.7425  loss_ctc: 0.7425
2026/01/12 17:16:42 - mmengine - INFO - Epoch(train)  [6][4300/7793]  lr: 2.2906e-04  eta: 14:59:41  time: 0.4889  data_time: 0.0021  memory: 18954  loss: 0.8016  loss_ctc: 0.8016
2026/01/12 17:17:07 - mmengine - INFO - Epoch(train)  [6][4350/7793]  lr: 2.2898e-04  eta: 14:59:18  time: 0.4934  data_time: 0.0022  memory: 18954  loss: 0.8969  loss_ctc: 0.8969
2026/01/12 17:17:31 - mmengine - INFO - Epoch(train)  [6][4400/7793]  lr: 2.2891e-04  eta: 14:58:54  time: 0.4958  data_time: 0.0021  memory: 18954  loss: 0.7926  loss_ctc: 0.7926
2026/01/12 17:17:55 - mmengine - INFO - Epoch(train)  [6][4450/7793]  lr: 2.2884e-04  eta: 14:58:30  time: 0.4661  data_time: 0.0022  memory: 18954  loss: 0.7183  loss_ctc: 0.7183
2026/01/12 17:18:19 - mmengine - INFO - Epoch(train)  [6][4500/7793]  lr: 2.2876e-04  eta: 14:58:07  time: 0.4808  data_time: 0.0022  memory: 18954  loss: 0.7664  loss_ctc: 0.7664
2026/01/12 17:18:43 - mmengine - INFO - Epoch(train)  [6][4550/7793]  lr: 2.2869e-04  eta: 14:57:44  time: 0.4951  data_time: 0.0022  memory: 18954  loss: 0.7567  loss_ctc: 0.7567
2026/01/12 17:19:07 - mmengine - INFO - Epoch(train)  [6][4600/7793]  lr: 2.2862e-04  eta: 14:57:19  time: 0.4685  data_time: 0.0022  memory: 18954  loss: 0.8410  loss_ctc: 0.8410
2026/01/12 17:19:31 - mmengine - INFO - Epoch(train)  [6][4650/7793]  lr: 2.2854e-04  eta: 14:56:56  time: 0.4744  data_time: 0.0021  memory: 18954  loss: 0.8020  loss_ctc: 0.8020
2026/01/12 17:19:55 - mmengine - INFO - Epoch(train)  [6][4700/7793]  lr: 2.2847e-04  eta: 14:56:32  time: 0.4861  data_time: 0.0022  memory: 18954  loss: 0.7695  loss_ctc: 0.7695
2026/01/12 17:20:19 - mmengine - INFO - Epoch(train)  [6][4750/7793]  lr: 2.2839e-04  eta: 14:56:08  time: 0.4681  data_time: 0.0021  memory: 18954  loss: 0.7686  loss_ctc: 0.7686
2026/01/12 17:20:43 - mmengine - INFO - Epoch(train)  [6][4800/7793]  lr: 2.2832e-04  eta: 14:55:45  time: 0.4763  data_time: 0.0021  memory: 18954  loss: 0.8347  loss_ctc: 0.8347
2026/01/12 17:21:07 - mmengine - INFO - Epoch(train)  [6][4850/7793]  lr: 2.2824e-04  eta: 14:55:21  time: 0.4667  data_time: 0.0025  memory: 18954  loss: 0.6803  loss_ctc: 0.6803
2026/01/12 17:21:31 - mmengine - INFO - Epoch(train)  [6][4900/7793]  lr: 2.2817e-04  eta: 14:54:57  time: 0.4860  data_time: 0.0023  memory: 18954  loss: 0.8874  loss_ctc: 0.8874
2026/01/12 17:21:55 - mmengine - INFO - Epoch(train)  [6][4950/7793]  lr: 2.2809e-04  eta: 14:54:32  time: 0.4633  data_time: 0.0024  memory: 18954  loss: 0.8725  loss_ctc: 0.8725
2026/01/12 17:22:19 - mmengine - INFO - Epoch(train)  [6][5000/7793]  lr: 2.2802e-04  eta: 14:54:09  time: 0.4784  data_time: 0.0021  memory: 18954  loss: 0.7801  loss_ctc: 0.7801
2026/01/12 17:22:36 - mmengine - INFO - Exp name: svtr-large_pretrain_cn_scene_tpspp_20260112_112654
2026/01/12 17:22:43 - mmengine - INFO - Epoch(train)  [6][5050/7793]  lr: 2.2794e-04  eta: 14:53:44  time: 0.4749  data_time: 0.0022  memory: 18954  loss: 0.7329  loss_ctc: 0.7329
2026/01/12 17:23:07 - mmengine - INFO - Epoch(train)  [6][5100/7793]  lr: 2.2787e-04  eta: 14:53:20  time: 0.4800  data_time: 0.0021  memory: 18954  loss: 0.7377  loss_ctc: 0.7377
2026/01/12 17:23:31 - mmengine - INFO - Epoch(train)  [6][5150/7793]  lr: 2.2779e-04  eta: 14:52:57  time: 0.4964  data_time: 0.0020  memory: 18954  loss: 0.8243  loss_ctc: 0.8243
2026/01/12 17:23:55 - mmengine - INFO - Epoch(train)  [6][5200/7793]  lr: 2.2772e-04  eta: 14:52:33  time: 0.4858  data_time: 0.0024  memory: 18954  loss: 0.7652  loss_ctc: 0.7652
2026/01/12 17:24:19 - mmengine - INFO - Epoch(train)  [6][5250/7793]  lr: 2.2764e-04  eta: 14:52:09  time: 0.4730  data_time: 0.0021  memory: 18954  loss: 0.7679  loss_ctc: 0.7679
2026/01/12 17:24:43 - mmengine - INFO - Epoch(train)  [6][5300/7793]  lr: 2.2757e-04  eta: 14:51:45  time: 0.4901  data_time: 0.0021  memory: 18954  loss: 0.7093  loss_ctc: 0.7093
2026/01/12 17:25:07 - mmengine - INFO - Epoch(train)  [6][5350/7793]  lr: 2.2749e-04  eta: 14:51:21  time: 0.4660  data_time: 0.0021  memory: 18954  loss: 0.8072  loss_ctc: 0.8072
2026/01/12 17:25:31 - mmengine - INFO - Epoch(train)  [6][5400/7793]  lr: 2.2741e-04  eta: 14:50:56  time: 0.4671  data_time: 0.0021  memory: 18954  loss: 0.7149  loss_ctc: 0.7149
2026/01/12 17:25:55 - mmengine - INFO - Epoch(train)  [6][5450/7793]  lr: 2.2734e-04  eta: 14:50:33  time: 0.4665  data_time: 0.0022  memory: 18954  loss: 0.7322  loss_ctc: 0.7322
2026/01/12 17:26:19 - mmengine - INFO - Epoch(train)  [6][5500/7793]  lr: 2.2726e-04  eta: 14:50:08  time: 0.4826  data_time: 0.0022  memory: 18954  loss: 0.7806  loss_ctc: 0.7806
2026/01/12 17:26:43 - mmengine - INFO - Epoch(train)  [6][5550/7793]  lr: 2.2718e-04  eta: 14:49:45  time: 0.4891  data_time: 0.0022  memory: 18954  loss: 0.7476  loss_ctc: 0.7476
2026/01/12 17:27:07 - mmengine - INFO - Epoch(train)  [6][5600/7793]  lr: 2.2711e-04  eta: 14:49:21  time: 0.4798  data_time: 0.0022  memory: 18954  loss: 0.7374  loss_ctc: 0.7374
2026/01/12 17:27:31 - mmengine - INFO - Epoch(train)  [6][5650/7793]  lr: 2.2703e-04  eta: 14:48:57  time: 0.4967  data_time: 0.0022  memory: 18954  loss: 0.8304  loss_ctc: 0.8304
2026/01/12 17:27:55 - mmengine - INFO - Epoch(train)  [6][5700/7793]  lr: 2.2696e-04  eta: 14:48:34  time: 0.5068  data_time: 0.0024  memory: 18954  loss: 0.7532  loss_ctc: 0.7532
2026/01/12 17:28:19 - mmengine - INFO - Epoch(train)  [6][5750/7793]  lr: 2.2688e-04  eta: 14:48:09  time: 0.4732  data_time: 0.0021  memory: 18954  loss: 0.7815  loss_ctc: 0.7815
2026/01/12 17:28:43 - mmengine - INFO - Epoch(train)  [6][5800/7793]  lr: 2.2680e-04  eta: 14:47:45  time: 0.4648  data_time: 0.0022  memory: 18954  loss: 0.8397  loss_ctc: 0.8397
2026/01/12 17:29:07 - mmengine - INFO - Epoch(train)  [6][5850/7793]  lr: 2.2672e-04  eta: 14:47:22  time: 0.4790  data_time: 0.0022  memory: 18954  loss: 0.7633  loss_ctc: 0.7633
2026/01/12 17:29:31 - mmengine - INFO - Epoch(train)  [6][5900/7793]  lr: 2.2665e-04  eta: 14:46:58  time: 0.4758  data_time: 0.0022  memory: 18954  loss: 0.8778  loss_ctc: 0.8778
2026/01/12 17:29:55 - mmengine - INFO - Epoch(train)  [6][5950/7793]  lr: 2.2657e-04  eta: 14:46:34  time: 0.4898  data_time: 0.0022  memory: 18954  loss: 0.7333  loss_ctc: 0.7333
2026/01/12 17:30:19 - mmengine - INFO - Epoch(train)  [6][6000/7793]  lr: 2.2649e-04  eta: 14:46:09  time: 0.4630  data_time: 0.0023  memory: 18954  loss: 0.7565  loss_ctc: 0.7565
2026/01/12 17:30:36 - mmengine - INFO - Exp name: svtr-large_pretrain_cn_scene_tpspp_20260112_112654
2026/01/12 17:30:43 - mmengine - INFO - Epoch(train)  [6][6050/7793]  lr: 2.2642e-04  eta: 14:45:46  time: 0.4932  data_time: 0.0021  memory: 18954  loss: 0.8135  loss_ctc: 0.8135
2026/01/12 17:31:07 - mmengine - INFO - Epoch(train)  [6][6100/7793]  lr: 2.2634e-04  eta: 14:45:22  time: 0.4772  data_time: 0.0022  memory: 18954  loss: 0.7407  loss_ctc: 0.7407
2026/01/12 17:31:31 - mmengine - INFO - Epoch(train)  [6][6150/7793]  lr: 2.2626e-04  eta: 14:44:58  time: 0.4752  data_time: 0.0021  memory: 18954  loss: 0.7587  loss_ctc: 0.7587
2026/01/12 17:31:55 - mmengine - INFO - Epoch(train)  [6][6200/7793]  lr: 2.2618e-04  eta: 14:44:35  time: 0.4833  data_time: 0.0023  memory: 18954  loss: 0.7649  loss_ctc: 0.7649
2026/01/12 17:32:19 - mmengine - INFO - Epoch(train)  [6][6250/7793]  lr: 2.2610e-04  eta: 14:44:11  time: 0.4819  data_time: 0.0021  memory: 18954  loss: 0.8245  loss_ctc: 0.8245
2026/01/12 17:32:44 - mmengine - INFO - Epoch(train)  [6][6300/7793]  lr: 2.2603e-04  eta: 14:43:47  time: 0.4826  data_time: 0.0022  memory: 18954  loss: 0.8064  loss_ctc: 0.8064
2026/01/12 17:33:07 - mmengine - INFO - Epoch(train)  [6][6350/7793]  lr: 2.2595e-04  eta: 14:43:23  time: 0.4672  data_time: 0.0022  memory: 18954  loss: 0.7615  loss_ctc: 0.7615
2026/01/12 17:33:31 - mmengine - INFO - Epoch(train)  [6][6400/7793]  lr: 2.2587e-04  eta: 14:42:59  time: 0.4743  data_time: 0.0021  memory: 18954  loss: 0.7210  loss_ctc: 0.7210
2026/01/12 17:33:55 - mmengine - INFO - Epoch(train)  [6][6450/7793]  lr: 2.2579e-04  eta: 14:42:34  time: 0.4880  data_time: 0.0022  memory: 18954  loss: 0.8041  loss_ctc: 0.8041
2026/01/12 17:34:19 - mmengine - INFO - Epoch(train)  [6][6500/7793]  lr: 2.2571e-04  eta: 14:42:10  time: 0.5121  data_time: 0.0022  memory: 18954  loss: 0.7057  loss_ctc: 0.7057
2026/01/12 17:34:43 - mmengine - INFO - Epoch(train)  [6][6550/7793]  lr: 2.2563e-04  eta: 14:41:46  time: 0.4718  data_time: 0.0021  memory: 18954  loss: 0.8186  loss_ctc: 0.8186
2026/01/12 17:35:07 - mmengine - INFO - Epoch(train)  [6][6600/7793]  lr: 2.2556e-04  eta: 14:41:22  time: 0.4692  data_time: 0.0021  memory: 18954  loss: 0.8520  loss_ctc: 0.8520
2026/01/12 17:35:31 - mmengine - INFO - Epoch(train)  [6][6650/7793]  lr: 2.2548e-04  eta: 14:40:58  time: 0.4897  data_time: 0.0023  memory: 18954  loss: 0.9842  loss_ctc: 0.9842
2026/01/12 17:35:54 - mmengine - INFO - Epoch(train)  [6][6700/7793]  lr: 2.2540e-04  eta: 14:40:33  time: 0.4697  data_time: 0.0022  memory: 18954  loss: 0.8936  loss_ctc: 0.8936
2026/01/12 17:36:18 - mmengine - INFO - Epoch(train)  [6][6750/7793]  lr: 2.2532e-04  eta: 14:40:09  time: 0.4900  data_time: 0.0022  memory: 18954  loss: 0.6906  loss_ctc: 0.6906
2026/01/12 17:36:42 - mmengine - INFO - Epoch(train)  [6][6800/7793]  lr: 2.2524e-04  eta: 14:39:45  time: 0.4695  data_time: 0.0021  memory: 18954  loss: 0.7678  loss_ctc: 0.7678
2026/01/12 17:37:06 - mmengine - INFO - Epoch(train)  [6][6850/7793]  lr: 2.2516e-04  eta: 14:39:21  time: 0.4921  data_time: 0.0021  memory: 18954  loss: 0.8768  loss_ctc: 0.8768
2026/01/12 17:37:30 - mmengine - INFO - Epoch(train)  [6][6900/7793]  lr: 2.2508e-04  eta: 14:38:57  time: 0.4727  data_time: 0.0020  memory: 18954  loss: 0.7534  loss_ctc: 0.7534
2026/01/12 17:37:54 - mmengine - INFO - Epoch(train)  [6][6950/7793]  lr: 2.2500e-04  eta: 14:38:33  time: 0.4707  data_time: 0.0020  memory: 18954  loss: 0.8021  loss_ctc: 0.8021
2026/01/12 17:38:18 - mmengine - INFO - Epoch(train)  [6][7000/7793]  lr: 2.2492e-04  eta: 14:38:09  time: 0.4642  data_time: 0.0020  memory: 18954  loss: 0.7384  loss_ctc: 0.7384
2026/01/12 17:38:35 - mmengine - INFO - Exp name: svtr-large_pretrain_cn_scene_tpspp_20260112_112654
2026/01/12 17:38:42 - mmengine - INFO - Epoch(train)  [6][7050/7793]  lr: 2.2484e-04  eta: 14:37:44  time: 0.4618  data_time: 0.0022  memory: 18954  loss: 0.7418  loss_ctc: 0.7418
2026/01/12 17:39:06 - mmengine - INFO - Epoch(train)  [6][7100/7793]  lr: 2.2476e-04  eta: 14:37:20  time: 0.4737  data_time: 0.0021  memory: 18954  loss: 0.8642  loss_ctc: 0.8642
2026/01/12 17:39:30 - mmengine - INFO - Epoch(train)  [6][7150/7793]  lr: 2.2468e-04  eta: 14:36:56  time: 0.4797  data_time: 0.0021  memory: 18954  loss: 1.0177  loss_ctc: 1.0177
2026/01/12 17:39:53 - mmengine - INFO - Epoch(train)  [6][7200/7793]  lr: 2.2460e-04  eta: 14:36:31  time: 0.4682  data_time: 0.0021  memory: 18954  loss: 0.8972  loss_ctc: 0.8972
2026/01/12 17:40:18 - mmengine - INFO - Epoch(train)  [6][7250/7793]  lr: 2.2452e-04  eta: 14:36:08  time: 0.4927  data_time: 0.0022  memory: 18954  loss: 0.7731  loss_ctc: 0.7731
2026/01/12 17:40:41 - mmengine - INFO - Epoch(train)  [6][7300/7793]  lr: 2.2444e-04  eta: 14:35:44  time: 0.4751  data_time: 0.0021  memory: 18954  loss: 0.8049  loss_ctc: 0.8049
2026/01/12 17:41:05 - mmengine - INFO - Epoch(train)  [6][7350/7793]  lr: 2.2436e-04  eta: 14:35:20  time: 0.4738  data_time: 0.0022  memory: 18954  loss: 0.7733  loss_ctc: 0.7733
2026/01/12 17:41:29 - mmengine - INFO - Epoch(train)  [6][7400/7793]  lr: 2.2428e-04  eta: 14:34:56  time: 0.4723  data_time: 0.0023  memory: 18954  loss: 0.7250  loss_ctc: 0.7250
2026/01/12 17:41:53 - mmengine - INFO - Epoch(train)  [6][7450/7793]  lr: 2.2420e-04  eta: 14:34:32  time: 0.4654  data_time: 0.0021  memory: 18954  loss: 0.7778  loss_ctc: 0.7778
2026/01/12 17:42:17 - mmengine - INFO - Epoch(train)  [6][7500/7793]  lr: 2.2412e-04  eta: 14:34:07  time: 0.4836  data_time: 0.0021  memory: 18954  loss: 0.7236  loss_ctc: 0.7236
2026/01/12 17:42:41 - mmengine - INFO - Epoch(train)  [6][7550/7793]  lr: 2.2404e-04  eta: 14:33:43  time: 0.4699  data_time: 0.0022  memory: 18954  loss: 0.7341  loss_ctc: 0.7341
2026/01/12 17:43:05 - mmengine - INFO - Epoch(train)  [6][7600/7793]  lr: 2.2396e-04  eta: 14:33:19  time: 0.4833  data_time: 0.0021  memory: 18954  loss: 0.8632  loss_ctc: 0.8632
2026/01/12 17:43:29 - mmengine - INFO - Epoch(train)  [6][7650/7793]  lr: 2.2388e-04  eta: 14:32:55  time: 0.4749  data_time: 0.0021  memory: 18954  loss: 0.8151  loss_ctc: 0.8151
2026/01/12 17:43:53 - mmengine - INFO - Epoch(train)  [6][7700/7793]  lr: 2.2380e-04  eta: 14:32:31  time: 0.4652  data_time: 0.0021  memory: 18954  loss: 0.7636  loss_ctc: 0.7636
2026/01/12 17:44:17 - mmengine - INFO - Epoch(train)  [6][7750/7793]  lr: 2.2371e-04  eta: 14:32:07  time: 0.4638  data_time: 0.0022  memory: 18954  loss: 0.7057  loss_ctc: 0.7057
2026/01/12 17:44:37 - mmengine - INFO - Exp name: svtr-large_pretrain_cn_scene_tpspp_20260112_112654
2026/01/12 17:44:37 - mmengine - INFO - Saving checkpoint at 6 epochs
2026/01/12 17:44:52 - mmengine - INFO - Epoch(val) [6][20/20]    PretrainCN_holdout/recog/word_acc: 0.8218  PretrainCN_holdout/recog/1-N.E.D: 0.9436  data_time: 0.0126  time: 0.3507
2026/01/12 17:44:52 - mmengine - INFO - The previous best checkpoint /root/lanyun-tmp/mmocr/work_dirs/svtr-large_pretrain_cn_scene_tpspp/best_PretrainCN_holdout_recog_word_acc_epoch_5.pth is removed
2026/01/12 17:45:00 - mmengine - INFO - The best checkpoint with 0.8218 PretrainCN_holdout/recog/word_acc at 6 epoch is saved to best_PretrainCN_holdout_recog_word_acc_epoch_6.pth.
2026/01/12 17:45:37 - mmengine - INFO - Epoch(train)  [7][  50/7793]  lr: 2.2356e-04  eta: 14:31:28  time: 0.4691  data_time: 0.0020  memory: 18954  loss: 0.8246  loss_ctc: 0.8246
2026/01/12 17:46:00 - mmengine - INFO - Epoch(train)  [7][ 100/7793]  lr: 2.2348e-04  eta: 14:31:03  time: 0.4818  data_time: 0.0023  memory: 18954  loss: 0.7938  loss_ctc: 0.7938
2026/01/12 17:46:24 - mmengine - INFO - Epoch(train)  [7][ 150/7793]  lr: 2.2340e-04  eta: 14:30:39  time: 0.4743  data_time: 0.0021  memory: 18954  loss: 0.7642  loss_ctc: 0.7642
2026/01/12 17:46:48 - mmengine - INFO - Epoch(train)  [7][ 200/7793]  lr: 2.2332e-04  eta: 14:30:15  time: 0.4561  data_time: 0.0022  memory: 18954  loss: 0.7706  loss_ctc: 0.7706
2026/01/12 17:47:09 - mmengine - INFO - Exp name: svtr-large_pretrain_cn_scene_tpspp_20260112_112654
2026/01/12 17:47:13 - mmengine - INFO - Epoch(train)  [7][ 250/7793]  lr: 2.2324e-04  eta: 14:29:52  time: 0.4935  data_time: 0.0023  memory: 18954  loss: 0.7910  loss_ctc: 0.7910
2026/01/12 17:47:36 - mmengine - INFO - Epoch(train)  [7][ 300/7793]  lr: 2.2315e-04  eta: 14:29:27  time: 0.4802  data_time: 0.0022  memory: 18954  loss: 0.8004  loss_ctc: 0.8004
2026/01/12 17:48:00 - mmengine - INFO - Epoch(train)  [7][ 350/7793]  lr: 2.2307e-04  eta: 14:29:03  time: 0.4827  data_time: 0.0022  memory: 18954  loss: 0.8551  loss_ctc: 0.8551
2026/01/12 17:48:24 - mmengine - INFO - Epoch(train)  [7][ 400/7793]  lr: 2.2299e-04  eta: 14:28:39  time: 0.4735  data_time: 0.0021  memory: 18954  loss: 0.7498  loss_ctc: 0.7498
2026/01/12 17:48:48 - mmengine - INFO - Epoch(train)  [7][ 450/7793]  lr: 2.2291e-04  eta: 14:28:15  time: 0.4747  data_time: 0.0024  memory: 18954  loss: 0.7382  loss_ctc: 0.7382
2026/01/12 17:49:12 - mmengine - INFO - Epoch(train)  [7][ 500/7793]  lr: 2.2282e-04  eta: 14:27:50  time: 0.4806  data_time: 0.0023  memory: 18954  loss: 0.7171  loss_ctc: 0.7171
2026/01/12 17:49:36 - mmengine - INFO - Epoch(train)  [7][ 550/7793]  lr: 2.2274e-04  eta: 14:27:27  time: 0.4934  data_time: 0.0023  memory: 18954  loss: 0.7846  loss_ctc: 0.7846
2026/01/12 17:50:00 - mmengine - INFO - Epoch(train)  [7][ 600/7793]  lr: 2.2266e-04  eta: 14:27:03  time: 0.4744  data_time: 0.0025  memory: 18954  loss: 0.7726  loss_ctc: 0.7726
2026/01/12 17:50:24 - mmengine - INFO - Epoch(train)  [7][ 650/7793]  lr: 2.2258e-04  eta: 14:26:39  time: 0.4884  data_time: 0.0022  memory: 18954  loss: 0.7967  loss_ctc: 0.7967
2026/01/12 17:50:48 - mmengine - INFO - Epoch(train)  [7][ 700/7793]  lr: 2.2249e-04  eta: 14:26:15  time: 0.4797  data_time: 0.0021  memory: 18954  loss: 0.7419  loss_ctc: 0.7419
2026/01/12 17:51:12 - mmengine - INFO - Epoch(train)  [7][ 750/7793]  lr: 2.2241e-04  eta: 14:25:50  time: 0.4869  data_time: 0.0024  memory: 18954  loss: 0.8801  loss_ctc: 0.8801
2026/01/12 17:51:36 - mmengine - INFO - Epoch(train)  [7][ 800/7793]  lr: 2.2233e-04  eta: 14:25:27  time: 0.4710  data_time: 0.0023  memory: 18954  loss: 0.7081  loss_ctc: 0.7081
2026/01/12 17:52:00 - mmengine - INFO - Epoch(train)  [7][ 850/7793]  lr: 2.2224e-04  eta: 14:25:03  time: 0.5002  data_time: 0.0023  memory: 18954  loss: 0.8372  loss_ctc: 0.8372
2026/01/12 17:52:24 - mmengine - INFO - Epoch(train)  [7][ 900/7793]  lr: 2.2216e-04  eta: 14:24:39  time: 0.4979  data_time: 0.0022  memory: 18954  loss: 0.7870  loss_ctc: 0.7870
2026/01/12 17:52:48 - mmengine - INFO - Epoch(train)  [7][ 950/7793]  lr: 2.2208e-04  eta: 14:24:15  time: 0.4832  data_time: 0.0023  memory: 18954  loss: 0.7794  loss_ctc: 0.7794
2026/01/12 17:53:12 - mmengine - INFO - Epoch(train)  [7][1000/7793]  lr: 2.2199e-04  eta: 14:23:51  time: 0.4707  data_time: 0.0023  memory: 18954  loss: 0.7462  loss_ctc: 0.7462
2026/01/12 17:53:36 - mmengine - INFO - Epoch(train)  [7][1050/7793]  lr: 2.2191e-04  eta: 14:23:27  time: 0.4742  data_time: 0.0021  memory: 18954  loss: 0.7453  loss_ctc: 0.7453
2026/01/12 17:54:00 - mmengine - INFO - Epoch(train)  [7][1100/7793]  lr: 2.2183e-04  eta: 14:23:03  time: 0.4720  data_time: 0.0023  memory: 18954  loss: 0.7908  loss_ctc: 0.7908
2026/01/12 17:54:24 - mmengine - INFO - Epoch(train)  [7][1150/7793]  lr: 2.2174e-04  eta: 14:22:39  time: 0.4783  data_time: 0.0022  memory: 18954  loss: 0.7269  loss_ctc: 0.7269
2026/01/12 17:54:48 - mmengine - INFO - Epoch(train)  [7][1200/7793]  lr: 2.2166e-04  eta: 14:22:15  time: 0.4799  data_time: 0.0022  memory: 18954  loss: 0.7895  loss_ctc: 0.7895
2026/01/12 17:55:08 - mmengine - INFO - Exp name: svtr-large_pretrain_cn_scene_tpspp_20260112_112654
2026/01/12 17:55:12 - mmengine - INFO - Epoch(train)  [7][1250/7793]  lr: 2.2157e-04  eta: 14:21:52  time: 0.4737  data_time: 0.0024  memory: 18954  loss: 0.7434  loss_ctc: 0.7434
2026/01/12 17:55:36 - mmengine - INFO - Epoch(train)  [7][1300/7793]  lr: 2.2149e-04  eta: 14:21:28  time: 0.4938  data_time: 0.0022  memory: 18954  loss: 0.7172  loss_ctc: 0.7172
2026/01/12 17:56:00 - mmengine - INFO - Epoch(train)  [7][1350/7793]  lr: 2.2140e-04  eta: 14:21:04  time: 0.4746  data_time: 0.0022  memory: 18954  loss: 0.6859  loss_ctc: 0.6859
2026/01/12 17:56:24 - mmengine - INFO - Epoch(train)  [7][1400/7793]  lr: 2.2132e-04  eta: 14:20:39  time: 0.4769  data_time: 0.0023  memory: 18954  loss: 0.7069  loss_ctc: 0.7069
2026/01/12 17:56:48 - mmengine - INFO - Epoch(train)  [7][1450/7793]  lr: 2.2124e-04  eta: 14:20:15  time: 0.4679  data_time: 0.0021  memory: 18954  loss: 0.8096  loss_ctc: 0.8096
2026/01/12 17:57:12 - mmengine - INFO - Epoch(train)  [7][1500/7793]  lr: 2.2115e-04  eta: 14:19:52  time: 0.4771  data_time: 0.0021  memory: 18954  loss: 0.8105  loss_ctc: 0.8105
2026/01/12 17:57:36 - mmengine - INFO - Epoch(train)  [7][1550/7793]  lr: 2.2107e-04  eta: 14:19:28  time: 0.4767  data_time: 0.0021  memory: 18954  loss: 0.8594  loss_ctc: 0.8594
2026/01/12 17:58:00 - mmengine - INFO - Epoch(train)  [7][1600/7793]  lr: 2.2098e-04  eta: 14:19:04  time: 0.4676  data_time: 0.0021  memory: 18954  loss: 0.7663  loss_ctc: 0.7663
2026/01/12 17:58:24 - mmengine - INFO - Epoch(train)  [7][1650/7793]  lr: 2.2090e-04  eta: 14:18:40  time: 0.4734  data_time: 0.0023  memory: 18954  loss: 0.8030  loss_ctc: 0.8030
2026/01/12 17:58:47 - mmengine - INFO - Epoch(train)  [7][1700/7793]  lr: 2.2081e-04  eta: 14:18:15  time: 0.4822  data_time: 0.0021  memory: 18954  loss: 0.8361  loss_ctc: 0.8361
2026/01/12 17:59:11 - mmengine - INFO - Epoch(train)  [7][1750/7793]  lr: 2.2073e-04  eta: 14:17:51  time: 0.4830  data_time: 0.0022  memory: 18954  loss: 0.7839  loss_ctc: 0.7839
2026/01/12 17:59:35 - mmengine - INFO - Epoch(train)  [7][1800/7793]  lr: 2.2064e-04  eta: 14:17:27  time: 0.4868  data_time: 0.0022  memory: 18954  loss: 0.7208  loss_ctc: 0.7208
2026/01/12 18:00:00 - mmengine - INFO - Epoch(train)  [7][1850/7793]  lr: 2.2056e-04  eta: 14:17:04  time: 0.4730  data_time: 0.0022  memory: 18954  loss: 0.7423  loss_ctc: 0.7423
2026/01/12 18:00:24 - mmengine - INFO - Epoch(train)  [7][1900/7793]  lr: 2.2047e-04  eta: 14:16:40  time: 0.4874  data_time: 0.0021  memory: 18954  loss: 0.8553  loss_ctc: 0.8553
2026/01/12 18:00:47 - mmengine - INFO - Epoch(train)  [7][1950/7793]  lr: 2.2038e-04  eta: 14:16:16  time: 0.4616  data_time: 0.0022  memory: 18954  loss: 0.8187  loss_ctc: 0.8187
2026/01/12 18:01:12 - mmengine - INFO - Epoch(train)  [7][2000/7793]  lr: 2.2030e-04  eta: 14:15:52  time: 0.4818  data_time: 0.0023  memory: 18954  loss: 0.7451  loss_ctc: 0.7451
2026/01/12 18:01:36 - mmengine - INFO - Epoch(train)  [7][2050/7793]  lr: 2.2021e-04  eta: 14:15:29  time: 0.4917  data_time: 0.0027  memory: 18954  loss: 0.6779  loss_ctc: 0.6779
2026/01/12 18:02:00 - mmengine - INFO - Epoch(train)  [7][2100/7793]  lr: 2.2013e-04  eta: 14:15:05  time: 0.5120  data_time: 0.0021  memory: 18954  loss: 0.6492  loss_ctc: 0.6492
2026/01/12 18:02:24 - mmengine - INFO - Epoch(train)  [7][2150/7793]  lr: 2.2004e-04  eta: 14:14:41  time: 0.4962  data_time: 0.0021  memory: 18954  loss: 0.7572  loss_ctc: 0.7572
2026/01/12 18:02:48 - mmengine - INFO - Epoch(train)  [7][2200/7793]  lr: 2.1995e-04  eta: 14:14:17  time: 0.4876  data_time: 0.0024  memory: 18954  loss: 0.7840  loss_ctc: 0.7840
2026/01/12 18:03:08 - mmengine - INFO - Exp name: svtr-large_pretrain_cn_scene_tpspp_20260112_112654
2026/01/12 18:03:12 - mmengine - INFO - Epoch(train)  [7][2250/7793]  lr: 2.1987e-04  eta: 14:13:53  time: 0.4794  data_time: 0.0022  memory: 18954  loss: 0.7334  loss_ctc: 0.7334
2026/01/12 18:03:36 - mmengine - INFO - Epoch(train)  [7][2300/7793]  lr: 2.1978e-04  eta: 14:13:29  time: 0.4688  data_time: 0.0022  memory: 18954  loss: 0.7390  loss_ctc: 0.7390
2026/01/12 18:04:00 - mmengine - INFO - Epoch(train)  [7][2350/7793]  lr: 2.1970e-04  eta: 14:13:05  time: 0.4769  data_time: 0.0022  memory: 18954  loss: 0.7904  loss_ctc: 0.7904
2026/01/12 18:04:24 - mmengine - INFO - Epoch(train)  [7][2400/7793]  lr: 2.1961e-04  eta: 14:12:41  time: 0.4786  data_time: 0.0021  memory: 18954  loss: 0.8578  loss_ctc: 0.8578
2026/01/12 18:04:48 - mmengine - INFO - Epoch(train)  [7][2450/7793]  lr: 2.1952e-04  eta: 14:12:17  time: 0.5055  data_time: 0.0025  memory: 18954  loss: 0.7138  loss_ctc: 0.7138
2026/01/12 18:05:12 - mmengine - INFO - Epoch(train)  [7][2500/7793]  lr: 2.1943e-04  eta: 14:11:54  time: 0.4740  data_time: 0.0026  memory: 18954  loss: 0.8500  loss_ctc: 0.8500
2026/01/12 18:05:36 - mmengine - INFO - Epoch(train)  [7][2550/7793]  lr: 2.1935e-04  eta: 14:11:30  time: 0.4895  data_time: 0.0023  memory: 18954  loss: 0.8718  loss_ctc: 0.8718
2026/01/12 18:06:00 - mmengine - INFO - Epoch(train)  [7][2600/7793]  lr: 2.1926e-04  eta: 14:11:06  time: 0.5009  data_time: 0.0023  memory: 18954  loss: 0.7102  loss_ctc: 0.7102
2026/01/12 18:06:24 - mmengine - INFO - Epoch(train)  [7][2650/7793]  lr: 2.1917e-04  eta: 14:10:42  time: 0.4856  data_time: 0.0023  memory: 18954  loss: 0.7349  loss_ctc: 0.7349
2026/01/12 18:06:48 - mmengine - INFO - Epoch(train)  [7][2700/7793]  lr: 2.1909e-04  eta: 14:10:18  time: 0.4721  data_time: 0.0021  memory: 18954  loss: 0.7231  loss_ctc: 0.7231
2026/01/12 18:07:12 - mmengine - INFO - Epoch(train)  [7][2750/7793]  lr: 2.1900e-04  eta: 14:09:54  time: 0.4707  data_time: 0.0022  memory: 18954  loss: 0.7750  loss_ctc: 0.7750
2026/01/12 18:07:36 - mmengine - INFO - Epoch(train)  [7][2800/7793]  lr: 2.1891e-04  eta: 14:09:30  time: 0.4922  data_time: 0.0021  memory: 18954  loss: 0.7661  loss_ctc: 0.7661
2026/01/12 18:08:00 - mmengine - INFO - Epoch(train)  [7][2850/7793]  lr: 2.1882e-04  eta: 14:09:05  time: 0.4689  data_time: 0.0022  memory: 18954  loss: 0.6633  loss_ctc: 0.6633
2026/01/12 18:08:23 - mmengine - INFO - Epoch(train)  [7][2900/7793]  lr: 2.1874e-04  eta: 14:08:41  time: 0.4707  data_time: 0.0023  memory: 18954  loss: 0.6670  loss_ctc: 0.6670
2026/01/12 18:08:48 - mmengine - INFO - Epoch(train)  [7][2950/7793]  lr: 2.1865e-04  eta: 14:08:17  time: 0.4948  data_time: 0.0026  memory: 18954  loss: 0.8298  loss_ctc: 0.8298
2026/01/12 18:09:11 - mmengine - INFO - Epoch(train)  [7][3000/7793]  lr: 2.1856e-04  eta: 14:07:53  time: 0.4639  data_time: 0.0023  memory: 18954  loss: 0.8665  loss_ctc: 0.8665
2026/01/12 18:09:36 - mmengine - INFO - Epoch(train)  [7][3050/7793]  lr: 2.1847e-04  eta: 14:07:30  time: 0.4784  data_time: 0.0027  memory: 18954  loss: 0.6591  loss_ctc: 0.6591
2026/01/12 18:10:00 - mmengine - INFO - Epoch(train)  [7][3100/7793]  lr: 2.1838e-04  eta: 14:07:06  time: 0.4758  data_time: 0.0026  memory: 18954  loss: 0.8385  loss_ctc: 0.8385
2026/01/12 18:10:24 - mmengine - INFO - Epoch(train)  [7][3150/7793]  lr: 2.1830e-04  eta: 14:06:42  time: 0.4514  data_time: 0.0021  memory: 18954  loss: 0.7090  loss_ctc: 0.7090
2026/01/12 18:10:47 - mmengine - INFO - Epoch(train)  [7][3200/7793]  lr: 2.1821e-04  eta: 14:06:17  time: 0.4810  data_time: 0.0025  memory: 18954  loss: 0.7650  loss_ctc: 0.7650
2026/01/12 18:11:07 - mmengine - INFO - Exp name: svtr-large_pretrain_cn_scene_tpspp_20260112_112654
2026/01/12 18:11:11 - mmengine - INFO - Epoch(train)  [7][3250/7793]  lr: 2.1812e-04  eta: 14:05:52  time: 0.4673  data_time: 0.0024  memory: 18954  loss: 0.6190  loss_ctc: 0.6190
2026/01/12 18:11:35 - mmengine - INFO - Epoch(train)  [7][3300/7793]  lr: 2.1803e-04  eta: 14:05:28  time: 0.4740  data_time: 0.0025  memory: 18954  loss: 0.7321  loss_ctc: 0.7321
2026/01/12 18:11:59 - mmengine - INFO - Epoch(train)  [7][3350/7793]  lr: 2.1794e-04  eta: 14:05:04  time: 0.4950  data_time: 0.0023  memory: 18954  loss: 0.7184  loss_ctc: 0.7184
2026/01/12 18:12:23 - mmengine - INFO - Epoch(train)  [7][3400/7793]  lr: 2.1785e-04  eta: 14:04:40  time: 0.4700  data_time: 0.0021  memory: 18954  loss: 0.7098  loss_ctc: 0.7098
2026/01/12 18:12:47 - mmengine - INFO - Epoch(train)  [7][3450/7793]  lr: 2.1777e-04  eta: 14:04:17  time: 0.4718  data_time: 0.0023  memory: 18954  loss: 0.7334  loss_ctc: 0.7334
2026/01/12 18:13:11 - mmengine - INFO - Epoch(train)  [7][3500/7793]  lr: 2.1768e-04  eta: 14:03:52  time: 0.4675  data_time: 0.0023  memory: 18954  loss: 0.8017  loss_ctc: 0.8017
2026/01/12 18:13:35 - mmengine - INFO - Epoch(train)  [7][3550/7793]  lr: 2.1759e-04  eta: 14:03:28  time: 0.4648  data_time: 0.0023  memory: 18954  loss: 0.7573  loss_ctc: 0.7573
2026/01/12 18:13:59 - mmengine - INFO - Epoch(train)  [7][3600/7793]  lr: 2.1750e-04  eta: 14:03:04  time: 0.4890  data_time: 0.0024  memory: 18954  loss: 0.7015  loss_ctc: 0.7015
2026/01/12 18:14:23 - mmengine - INFO - Epoch(train)  [7][3650/7793]  lr: 2.1741e-04  eta: 14:02:41  time: 0.4935  data_time: 0.0023  memory: 18954  loss: 0.7432  loss_ctc: 0.7432
2026/01/12 18:14:47 - mmengine - INFO - Epoch(train)  [7][3700/7793]  lr: 2.1732e-04  eta: 14:02:16  time: 0.4777  data_time: 0.0021  memory: 18954  loss: 0.7386  loss_ctc: 0.7386
2026/01/12 18:15:10 - mmengine - INFO - Epoch(train)  [7][3750/7793]  lr: 2.1723e-04  eta: 14:01:52  time: 0.4797  data_time: 0.0023  memory: 18954  loss: 0.6937  loss_ctc: 0.6937
2026/01/12 18:15:34 - mmengine - INFO - Epoch(train)  [7][3800/7793]  lr: 2.1714e-04  eta: 14:01:27  time: 0.4716  data_time: 0.0023  memory: 18954  loss: 0.7030  loss_ctc: 0.7030
2026/01/12 18:15:58 - mmengine - INFO - Epoch(train)  [7][3850/7793]  lr: 2.1705e-04  eta: 14:01:03  time: 0.4751  data_time: 0.0022  memory: 18954  loss: 0.7223  loss_ctc: 0.7223
2026/01/12 18:16:22 - mmengine - INFO - Epoch(train)  [7][3900/7793]  lr: 2.1696e-04  eta: 14:00:40  time: 0.4780  data_time: 0.0022  memory: 18954  loss: 0.7126  loss_ctc: 0.7126
2026/01/12 18:16:46 - mmengine - INFO - Epoch(train)  [7][3950/7793]  lr: 2.1687e-04  eta: 14:00:15  time: 0.4992  data_time: 0.0025  memory: 18954  loss: 0.6543  loss_ctc: 0.6543
2026/01/12 18:17:10 - mmengine - INFO - Epoch(train)  [7][4000/7793]  lr: 2.1678e-04  eta: 13:59:51  time: 0.4779  data_time: 0.0021  memory: 18954  loss: 0.8068  loss_ctc: 0.8068
2026/01/12 18:17:34 - mmengine - INFO - Epoch(train)  [7][4050/7793]  lr: 2.1669e-04  eta: 13:59:27  time: 0.4739  data_time: 0.0022  memory: 18954  loss: 0.7078  loss_ctc: 0.7078
2026/01/12 18:17:58 - mmengine - INFO - Epoch(train)  [7][4100/7793]  lr: 2.1660e-04  eta: 13:59:04  time: 0.4881  data_time: 0.0023  memory: 18954  loss: 0.7271  loss_ctc: 0.7271
2026/01/12 18:18:22 - mmengine - INFO - Epoch(train)  [7][4150/7793]  lr: 2.1651e-04  eta: 13:58:39  time: 0.4734  data_time: 0.0022  memory: 18954  loss: 0.7959  loss_ctc: 0.7959
2026/01/12 18:18:46 - mmengine - INFO - Epoch(train)  [7][4200/7793]  lr: 2.1642e-04  eta: 13:58:15  time: 0.4652  data_time: 0.0023  memory: 18954  loss: 0.7316  loss_ctc: 0.7316
2026/01/12 18:19:06 - mmengine - INFO - Exp name: svtr-large_pretrain_cn_scene_tpspp_20260112_112654
2026/01/12 18:19:09 - mmengine - INFO - Epoch(train)  [7][4250/7793]  lr: 2.1633e-04  eta: 13:57:50  time: 0.4645  data_time: 0.0022  memory: 18954  loss: 0.7802  loss_ctc: 0.7802
2026/01/12 18:19:33 - mmengine - INFO - Epoch(train)  [7][4300/7793]  lr: 2.1624e-04  eta: 13:57:26  time: 0.4638  data_time: 0.0021  memory: 18954  loss: 0.7020  loss_ctc: 0.7020
2026/01/12 18:19:57 - mmengine - INFO - Epoch(train)  [7][4350/7793]  lr: 2.1615e-04  eta: 13:57:02  time: 0.4899  data_time: 0.0026  memory: 18954  loss: 0.9284  loss_ctc: 0.9284
2026/01/12 18:20:21 - mmengine - INFO - Epoch(train)  [7][4400/7793]  lr: 2.1606e-04  eta: 13:56:38  time: 0.4648  data_time: 0.0023  memory: 18954  loss: 0.7822  loss_ctc: 0.7822
2026/01/12 18:20:45 - mmengine - INFO - Epoch(train)  [7][4450/7793]  lr: 2.1597e-04  eta: 13:56:14  time: 0.4892  data_time: 0.0026  memory: 18954  loss: 0.8200  loss_ctc: 0.8200
2026/01/12 18:21:09 - mmengine - INFO - Epoch(train)  [7][4500/7793]  lr: 2.1588e-04  eta: 13:55:50  time: 0.4986  data_time: 0.0023  memory: 18954  loss: 0.7844  loss_ctc: 0.7844
2026/01/12 18:21:33 - mmengine - INFO - Epoch(train)  [7][4550/7793]  lr: 2.1578e-04  eta: 13:55:26  time: 0.4758  data_time: 0.0022  memory: 18954  loss: 0.7571  loss_ctc: 0.7571
2026/01/12 18:21:57 - mmengine - INFO - Epoch(train)  [7][4600/7793]  lr: 2.1569e-04  eta: 13:55:02  time: 0.4845  data_time: 0.0023  memory: 18954  loss: 0.7057  loss_ctc: 0.7057
2026/01/12 18:22:21 - mmengine - INFO - Epoch(train)  [7][4650/7793]  lr: 2.1560e-04  eta: 13:54:38  time: 0.4911  data_time: 0.0021  memory: 18954  loss: 0.7382  loss_ctc: 0.7382
2026/01/12 18:22:45 - mmengine - INFO - Epoch(train)  [7][4700/7793]  lr: 2.1551e-04  eta: 13:54:15  time: 0.4966  data_time: 0.0022  memory: 18954  loss: 0.7759  loss_ctc: 0.7759
2026/01/12 18:23:09 - mmengine - INFO - Epoch(train)  [7][4750/7793]  lr: 2.1542e-04  eta: 13:53:51  time: 0.4970  data_time: 0.0024  memory: 18954  loss: 0.9342  loss_ctc: 0.9342
2026/01/12 18:23:33 - mmengine - INFO - Epoch(train)  [7][4800/7793]  lr: 2.1533e-04  eta: 13:53:27  time: 0.4763  data_time: 0.0022  memory: 18954  loss: 0.8038  loss_ctc: 0.8038
2026/01/12 18:23:58 - mmengine - INFO - Epoch(train)  [7][4850/7793]  lr: 2.1524e-04  eta: 13:53:04  time: 0.4913  data_time: 0.0022  memory: 18954  loss: 0.8045  loss_ctc: 0.8045
2026/01/12 18:24:22 - mmengine - INFO - Epoch(train)  [7][4900/7793]  lr: 2.1514e-04  eta: 13:52:40  time: 0.4955  data_time: 0.0023  memory: 18954  loss: 0.7432  loss_ctc: 0.7432
2026/01/12 18:24:46 - mmengine - INFO - Epoch(train)  [7][4950/7793]  lr: 2.1505e-04  eta: 13:52:15  time: 0.4705  data_time: 0.0021  memory: 18954  loss: 0.8207  loss_ctc: 0.8207
2026/01/12 18:25:10 - mmengine - INFO - Epoch(train)  [7][5000/7793]  lr: 2.1496e-04  eta: 13:51:52  time: 0.4829  data_time: 0.0023  memory: 18954  loss: 0.7995  loss_ctc: 0.7995
2026/01/12 18:25:34 - mmengine - INFO - Epoch(train)  [7][5050/7793]  lr: 2.1487e-04  eta: 13:51:28  time: 0.4729  data_time: 0.0021  memory: 18954  loss: 0.7352  loss_ctc: 0.7352
2026/01/12 18:25:58 - mmengine - INFO - Epoch(train)  [7][5100/7793]  lr: 2.1478e-04  eta: 13:51:04  time: 0.4933  data_time: 0.0023  memory: 18954  loss: 0.7019  loss_ctc: 0.7019
2026/01/12 18:26:22 - mmengine - INFO - Epoch(train)  [7][5150/7793]  lr: 2.1468e-04  eta: 13:50:40  time: 0.4816  data_time: 0.0022  memory: 18954  loss: 0.7436  loss_ctc: 0.7436
2026/01/12 18:26:46 - mmengine - INFO - Epoch(train)  [7][5200/7793]  lr: 2.1459e-04  eta: 13:50:17  time: 0.4766  data_time: 0.0022  memory: 18954  loss: 0.8917  loss_ctc: 0.8917
2026/01/12 18:27:06 - mmengine - INFO - Exp name: svtr-large_pretrain_cn_scene_tpspp_20260112_112654
2026/01/12 18:27:10 - mmengine - INFO - Epoch(train)  [7][5250/7793]  lr: 2.1450e-04  eta: 13:49:53  time: 0.4933  data_time: 0.0025  memory: 18954  loss: 0.6668  loss_ctc: 0.6668
2026/01/12 18:27:35 - mmengine - INFO - Epoch(train)  [7][5300/7793]  lr: 2.1441e-04  eta: 13:49:30  time: 0.4910  data_time: 0.0021  memory: 18954  loss: 0.6845  loss_ctc: 0.6845
2026/01/12 18:27:59 - mmengine - INFO - Epoch(train)  [7][5350/7793]  lr: 2.1431e-04  eta: 13:49:07  time: 0.5105  data_time: 0.0022  memory: 18954  loss: 0.7069  loss_ctc: 0.7069
2026/01/12 18:28:23 - mmengine - INFO - Epoch(train)  [7][5400/7793]  lr: 2.1422e-04  eta: 13:48:43  time: 0.4869  data_time: 0.0024  memory: 18954  loss: 0.7811  loss_ctc: 0.7811
2026/01/12 18:28:47 - mmengine - INFO - Epoch(train)  [7][5450/7793]  lr: 2.1413e-04  eta: 13:48:19  time: 0.4726  data_time: 0.0021  memory: 18954  loss: 0.8445  loss_ctc: 0.8445
2026/01/12 18:29:11 - mmengine - INFO - Epoch(train)  [7][5500/7793]  lr: 2.1403e-04  eta: 13:47:55  time: 0.5010  data_time: 0.0021  memory: 18954  loss: 0.8162  loss_ctc: 0.8162
2026/01/12 18:29:35 - mmengine - INFO - Epoch(train)  [7][5550/7793]  lr: 2.1394e-04  eta: 13:47:31  time: 0.4684  data_time: 0.0023  memory: 18954  loss: 0.7258  loss_ctc: 0.7258
2026/01/12 18:29:59 - mmengine - INFO - Epoch(train)  [7][5600/7793]  lr: 2.1385e-04  eta: 13:47:07  time: 0.4689  data_time: 0.0021  memory: 18954  loss: 0.7728  loss_ctc: 0.7728
2026/01/12 18:30:24 - mmengine - INFO - Epoch(train)  [7][5650/7793]  lr: 2.1375e-04  eta: 13:46:44  time: 0.4878  data_time: 0.0021  memory: 18954  loss: 0.7764  loss_ctc: 0.7764
2026/01/12 18:30:48 - mmengine - INFO - Epoch(train)  [7][5700/7793]  lr: 2.1366e-04  eta: 13:46:21  time: 0.4814  data_time: 0.0021  memory: 18954  loss: 0.8388  loss_ctc: 0.8388
2026/01/12 18:31:12 - mmengine - INFO - Epoch(train)  [7][5750/7793]  lr: 2.1357e-04  eta: 13:45:57  time: 0.4766  data_time: 0.0022  memory: 18954  loss: 0.7484  loss_ctc: 0.7484
2026/01/12 18:31:36 - mmengine - INFO - Epoch(train)  [7][5800/7793]  lr: 2.1347e-04  eta: 13:45:33  time: 0.4904  data_time: 0.0022  memory: 18954  loss: 0.8217  loss_ctc: 0.8217
2026/01/12 18:32:00 - mmengine - INFO - Epoch(train)  [7][5850/7793]  lr: 2.1338e-04  eta: 13:45:09  time: 0.4839  data_time: 0.0022  memory: 18954  loss: 0.8355  loss_ctc: 0.8355
2026/01/12 18:32:24 - mmengine - INFO - Epoch(train)  [7][5900/7793]  lr: 2.1329e-04  eta: 13:44:46  time: 0.4865  data_time: 0.0024  memory: 18954  loss: 0.9399  loss_ctc: 0.9399
2026/01/12 18:32:48 - mmengine - INFO - Epoch(train)  [7][5950/7793]  lr: 2.1319e-04  eta: 13:44:22  time: 0.4759  data_time: 0.0024  memory: 18954  loss: 0.8091  loss_ctc: 0.8091
2026/01/12 18:33:12 - mmengine - INFO - Epoch(train)  [7][6000/7793]  lr: 2.1310e-04  eta: 13:43:58  time: 0.4761  data_time: 0.0023  memory: 18954  loss: 0.7778  loss_ctc: 0.7778
2026/01/12 18:33:36 - mmengine - INFO - Epoch(train)  [7][6050/7793]  lr: 2.1300e-04  eta: 13:43:34  time: 0.4749  data_time: 0.0023  memory: 18954  loss: 0.8220  loss_ctc: 0.8220
2026/01/12 18:34:00 - mmengine - INFO - Epoch(train)  [7][6100/7793]  lr: 2.1291e-04  eta: 13:43:10  time: 0.4791  data_time: 0.0021  memory: 18954  loss: 0.7673  loss_ctc: 0.7673
2026/01/12 18:34:24 - mmengine - INFO - Epoch(train)  [7][6150/7793]  lr: 2.1282e-04  eta: 13:42:46  time: 0.4887  data_time: 0.0022  memory: 18954  loss: 0.7509  loss_ctc: 0.7509
2026/01/12 18:34:49 - mmengine - INFO - Epoch(train)  [7][6200/7793]  lr: 2.1272e-04  eta: 13:42:23  time: 0.4786  data_time: 0.0022  memory: 18954  loss: 0.7803  loss_ctc: 0.7803
2026/01/12 18:35:09 - mmengine - INFO - Exp name: svtr-large_pretrain_cn_scene_tpspp_20260112_112654
2026/01/12 18:35:13 - mmengine - INFO - Epoch(train)  [7][6250/7793]  lr: 2.1263e-04  eta: 13:41:59  time: 0.5041  data_time: 0.0022  memory: 18954  loss: 0.8666  loss_ctc: 0.8666
2026/01/12 18:35:37 - mmengine - INFO - Epoch(train)  [7][6300/7793]  lr: 2.1253e-04  eta: 13:41:35  time: 0.4798  data_time: 0.0021  memory: 18954  loss: 0.7990  loss_ctc: 0.7990
2026/01/12 18:36:01 - mmengine - INFO - Epoch(train)  [7][6350/7793]  lr: 2.1244e-04  eta: 13:41:11  time: 0.4628  data_time: 0.0022  memory: 18954  loss: 0.7330  loss_ctc: 0.7330
2026/01/12 18:36:25 - mmengine - INFO - Epoch(train)  [7][6400/7793]  lr: 2.1234e-04  eta: 13:40:47  time: 0.4863  data_time: 0.0021  memory: 18954  loss: 0.7490  loss_ctc: 0.7490
2026/01/12 18:36:49 - mmengine - INFO - Epoch(train)  [7][6450/7793]  lr: 2.1225e-04  eta: 13:40:23  time: 0.4759  data_time: 0.0021  memory: 18954  loss: 0.7947  loss_ctc: 0.7947
2026/01/12 18:37:13 - mmengine - INFO - Epoch(train)  [7][6500/7793]  lr: 2.1215e-04  eta: 13:39:59  time: 0.4789  data_time: 0.0021  memory: 18954  loss: 0.7802  loss_ctc: 0.7802
2026/01/12 18:37:37 - mmengine - INFO - Epoch(train)  [7][6550/7793]  lr: 2.1206e-04  eta: 13:39:36  time: 0.4838  data_time: 0.0023  memory: 18954  loss: 0.7186  loss_ctc: 0.7186
2026/01/12 18:38:01 - mmengine - INFO - Epoch(train)  [7][6600/7793]  lr: 2.1196e-04  eta: 13:39:12  time: 0.4652  data_time: 0.0023  memory: 18954  loss: 0.7378  loss_ctc: 0.7378
2026/01/12 18:38:25 - mmengine - INFO - Epoch(train)  [7][6650/7793]  lr: 2.1187e-04  eta: 13:38:48  time: 0.4802  data_time: 0.0022  memory: 18954  loss: 0.7736  loss_ctc: 0.7736
2026/01/12 18:38:49 - mmengine - INFO - Epoch(train)  [7][6700/7793]  lr: 2.1177e-04  eta: 13:38:24  time: 0.4731  data_time: 0.0023  memory: 18954  loss: 0.7395  loss_ctc: 0.7395
2026/01/12 18:39:13 - mmengine - INFO - Epoch(train)  [7][6750/7793]  lr: 2.1168e-04  eta: 13:38:00  time: 0.4819  data_time: 0.0022  memory: 18954  loss: 0.6395  loss_ctc: 0.6395
2026/01/12 18:39:37 - mmengine - INFO - Epoch(train)  [7][6800/7793]  lr: 2.1158e-04  eta: 13:37:36  time: 0.4890  data_time: 0.0021  memory: 18954  loss: 0.7058  loss_ctc: 0.7058
2026/01/12 18:40:01 - mmengine - INFO - Epoch(train)  [7][6850/7793]  lr: 2.1149e-04  eta: 13:37:12  time: 0.4865  data_time: 0.0023  memory: 18954  loss: 0.7097  loss_ctc: 0.7097
2026/01/12 18:40:25 - mmengine - INFO - Epoch(train)  [7][6900/7793]  lr: 2.1139e-04  eta: 13:36:48  time: 0.4745  data_time: 0.0020  memory: 18954  loss: 0.6873  loss_ctc: 0.6873
2026/01/12 18:40:49 - mmengine - INFO - Epoch(train)  [7][6950/7793]  lr: 2.1129e-04  eta: 13:36:24  time: 0.4714  data_time: 0.0021  memory: 18954  loss: 0.7576  loss_ctc: 0.7576
2026/01/12 18:41:13 - mmengine - INFO - Epoch(train)  [7][7000/7793]  lr: 2.1120e-04  eta: 13:36:00  time: 0.4843  data_time: 0.0022  memory: 18954  loss: 0.7554  loss_ctc: 0.7554
2026/01/12 18:41:37 - mmengine - INFO - Epoch(train)  [7][7050/7793]  lr: 2.1110e-04  eta: 13:35:36  time: 0.4707  data_time: 0.0021  memory: 18954  loss: 0.7309  loss_ctc: 0.7309
2026/01/12 18:42:01 - mmengine - INFO - Epoch(train)  [7][7100/7793]  lr: 2.1101e-04  eta: 13:35:12  time: 0.4768  data_time: 0.0022  memory: 18954  loss: 0.7777  loss_ctc: 0.7777
2026/01/12 18:42:25 - mmengine - INFO - Epoch(train)  [7][7150/7793]  lr: 2.1091e-04  eta: 13:34:48  time: 0.4684  data_time: 0.0022  memory: 18954  loss: 0.8040  loss_ctc: 0.8040
2026/01/12 18:42:48 - mmengine - INFO - Epoch(train)  [7][7200/7793]  lr: 2.1081e-04  eta: 13:34:23  time: 0.4801  data_time: 0.0021  memory: 18954  loss: 0.6764  loss_ctc: 0.6764
2026/01/12 18:43:08 - mmengine - INFO - Exp name: svtr-large_pretrain_cn_scene_tpspp_20260112_112654
2026/01/12 18:43:12 - mmengine - INFO - Epoch(train)  [7][7250/7793]  lr: 2.1072e-04  eta: 13:33:59  time: 0.4782  data_time: 0.0022  memory: 18954  loss: 0.7711  loss_ctc: 0.7711
2026/01/12 18:43:36 - mmengine - INFO - Epoch(train)  [7][7300/7793]  lr: 2.1062e-04  eta: 13:33:36  time: 0.4655  data_time: 0.0021  memory: 18954  loss: 0.8138  loss_ctc: 0.8138
2026/01/12 18:44:00 - mmengine - INFO - Epoch(train)  [7][7350/7793]  lr: 2.1052e-04  eta: 13:33:12  time: 0.4943  data_time: 0.0022  memory: 18954  loss: 0.7492  loss_ctc: 0.7492
2026/01/12 18:44:24 - mmengine - INFO - Epoch(train)  [7][7400/7793]  lr: 2.1043e-04  eta: 13:32:48  time: 0.4823  data_time: 0.0021  memory: 18954  loss: 0.7309  loss_ctc: 0.7309
2026/01/12 18:44:48 - mmengine - INFO - Epoch(train)  [7][7450/7793]  lr: 2.1033e-04  eta: 13:32:24  time: 0.4685  data_time: 0.0022  memory: 18954  loss: 0.7948  loss_ctc: 0.7948
2026/01/12 18:45:12 - mmengine - INFO - Epoch(train)  [7][7500/7793]  lr: 2.1023e-04  eta: 13:32:00  time: 0.4668  data_time: 0.0024  memory: 18954  loss: 0.6449  loss_ctc: 0.6449
