{"icdar/precision": 0.7391809908998989, "icdar/recall": 0.737726424138453, "icdar/hmean": 0.7384529912371525, "icdar/art/precision": 0.8092761161681837, "icdar/art/recall": 0.7651639344262295, "icdar/art/hmean": 0.7866020644617654, "icdar/rctw/precision": 0.7984354628422425, "icdar/rctw/recall": 0.7117619711761971, "icdar/rctw/hmean": 0.7526115275900209, "icdar/rects/precision": 0.6905833553966993, "icdar/rects/recall": 0.735639748049262, "icdar/rects/hmean": 0.7123998543335762}