nohup: ignoring input
12/28 11:51:22 - mmengine - INFO - 
------------------------------------------------------------
System environment:
    sys.platform: linux
    Python: 3.8.20 (default, Oct  3 2024, 15:24:27) [GCC 11.2.0]
    CUDA available: True
    MUSA available: False
    numpy_random_seed: 1965830317
    GPU 0: NVIDIA GeForce RTX 3090
    CUDA_HOME: /usr/local/cuda
    NVCC: Cuda compilation tools, release 11.1, V11.1.105
    GCC: gcc (Ubuntu 9.4.0-1ubuntu1~20.04.2) 9.4.0
    PyTorch: 1.10.2+cu111
    PyTorch compiling details: PyTorch built with:
  - GCC 7.3
  - C++ Version: 201402
  - Intel(R) Math Kernel Library Version 2020.0.0 Product Build 20191122 for Intel(R) 64 architecture applications
  - Intel(R) MKL-DNN v2.2.3 (Git Hash 7336ca9f055cf1bfa13efb658fe15dc9b41f0740)
  - OpenMP 201511 (a.k.a. OpenMP 4.5)
  - LAPACK is enabled (usually provided by MKL)
  - NNPACK is enabled
  - CPU capability usage: AVX2
  - CUDA Runtime 11.1
  - NVCC architecture flags: -gencode;arch=compute_37,code=sm_37;-gencode;arch=compute_50,code=sm_50;-gencode;arch=compute_60,code=sm_60;-gencode;arch=compute_70,code=sm_70;-gencode;arch=compute_75,code=sm_75;-gencode;arch=compute_80,code=sm_80;-gencode;arch=compute_86,code=sm_86
  - CuDNN 8.0.5
  - Magma 2.5.2
  - Build settings: BLAS_INFO=mkl, BUILD_TYPE=Release, CUDA_VERSION=11.1, CUDNN_VERSION=8.0.5, CXX_COMPILER=/opt/rh/devtoolset-7/root/usr/bin/c++, CXX_FLAGS= -Wno-deprecated -fvisibility-inlines-hidden -DUSE_PTHREADPOOL -fopenmp -DNDEBUG -DUSE_KINETO -DUSE_FBGEMM -DUSE_QNNPACK -DUSE_PYTORCH_QNNPACK -DUSE_XNNPACK -DSYMBOLICATE_MOBILE_DEBUG_HANDLE -DEDGE_PROFILER_USE_KINETO -O2 -fPIC -Wno-narrowing -Wall -Wextra -Werror=return-type -Wno-missing-field-initializers -Wno-type-limits -Wno-array-bounds -Wno-unknown-pragmas -Wno-sign-compare -Wno-unused-parameter -Wno-unused-variable -Wno-unused-function -Wno-unused-result -Wno-unused-local-typedefs -Wno-strict-overflow -Wno-strict-aliasing -Wno-error=deprecated-declarations -Wno-stringop-overflow -Wno-psabi -Wno-error=pedantic -Wno-error=redundant-decls -Wno-error=old-style-cast -fdiagnostics-color=always -faligned-new -Wno-unused-but-set-variable -Wno-maybe-uninitialized -fno-math-errno -fno-trapping-math -Werror=format -Wno-stringop-overflow, LAPACK_INFO=mkl, PERF_WITH_AVX=1, PERF_WITH_AVX2=1, PERF_WITH_AVX512=1, TORCH_VERSION=1.10.2, USE_CUDA=ON, USE_CUDNN=ON, USE_EXCEPTION_PTR=1, USE_GFLAGS=OFF, USE_GLOG=OFF, USE_MKL=ON, USE_MKLDNN=ON, USE_MPI=OFF, USE_NCCL=ON, USE_NNPACK=ON, USE_OPENMP=ON, 

    TorchVision: 0.11.3+cu111
    OpenCV: 4.12.0
    MMEngine: 0.10.7

Runtime environment:
    cudnn_benchmark: True
    mp_cfg: {'mp_start_method': 'fork', 'opencv_num_threads': 0}
    dist_cfg: {'backend': 'nccl'}
    seed: 1965830317
    Distributed launcher: none
    Distributed training: False
    GPU number: 1
------------------------------------------------------------

12/28 11:51:22 - mmengine - INFO - Config:
auto_scale_lr = dict(base_batch_size=12, enable=True)
custom_hooks = [
    dict(
        min_delta=0.001,
        monitor='icdar/hmean',
        patience=6,
        rule='greater',
        type='EarlyStoppingHook'),
]
default_hooks = dict(
    checkpoint=dict(
        interval=5,
        max_keep_ckpts=3,
        rule='greater',
        save_best='icdar/hmean',
        type='CheckpointHook'),
    logger=dict(interval=5, type='LoggerHook'),
    param_scheduler=dict(type='ParamSchedulerHook'),
    sampler_seed=dict(type='DistSamplerSeedHook'),
    sync_buffer=dict(type='SyncBuffersHook'),
    timer=dict(type='IterTimerHook'),
    visualization=dict(
        draw_gt=False,
        draw_pred=False,
        enable=False,
        interval=1,
        show=False,
        type='VisualizationHook'))
default_scope = 'mmocr'
env_cfg = dict(
    cudnn_benchmark=True,
    dist_cfg=dict(backend='nccl'),
    mp_cfg=dict(mp_start_method='fork', opencv_num_threads=0))
launcher = 'none'
load_from = 'work_dirs/fcenet_r50dcnv2_fpn_pretrain_lsvt_ctw/epoch_20.pth'
log_level = 'INFO'
log_processor = dict(by_epoch=True, type='LogProcessor', window_size=10)
max_epochs = 60
model = dict(
    backbone=dict(
        dcn=dict(deform_groups=2, fallback_on_stride=False, type='DCNv2'),
        depth=50,
        frozen_stages=-1,
        init_cfg=dict(checkpoint='torchvision://resnet50', type='Pretrained'),
        norm_cfg=dict(requires_grad=True, type='BN'),
        norm_eval=True,
        num_stages=4,
        out_indices=(
            1,
            2,
            3,
        ),
        stage_with_dcn=(
            False,
            True,
            True,
            True,
        ),
        style='pytorch',
        type='mmdet.ResNet'),
    data_preprocessor=dict(
        bgr_to_rgb=True,
        mean=[
            123.675,
            116.28,
            103.53,
        ],
        pad_size_divisor=32,
        std=[
            58.395,
            57.12,
            57.375,
        ],
        type='TextDetDataPreprocessor'),
    det_head=dict(
        fourier_degree=5,
        in_channels=256,
        module_loss=dict(
            level_proportion_range=(
                (
                    0,
                    0.25,
                ),
                (
                    0.2,
                    0.65,
                ),
                (
                    0.55,
                    1.0,
                ),
            ),
            num_sample=50,
            type='FCEModuleLoss'),
        postprocessor=dict(
            alpha=1.0,
            beta=2.0,
            num_reconstr_points=50,
            scales=(
                8,
                16,
                32,
            ),
            score_thr=0.3,
            text_repr_type='poly',
            type='FCEPostprocessor'),
        type='FCEHead'),
    neck=dict(
        act_cfg=None,
        add_extra_convs='on_output',
        in_channels=[
            512,
            1024,
            2048,
        ],
        num_outs=3,
        out_channels=256,
        relu_before_extra_convs=True,
        type='mmdet.FPN'),
    type='FCENet')
optim_wrapper = dict(
    clip_grad=dict(max_norm=5, norm_type=2),
    loss_scale='dynamic',
    optimizer=dict(lr=0.001, momentum=0.9, type='SGD', weight_decay=0.0005),
    type='AmpOptimWrapper')
param_scheduler = [
    dict(begin=0, by_epoch=True, end=2, start_factor=0.1, type='LinearLR'),
    dict(
        begin=2,
        by_epoch=True,
        end=60,
        eta_min=1e-07,
        power=0.9,
        type='PolyLR'),
]
randomness = dict(seed=None)
resume = True
test_cfg = dict(type='TestLoop')
test_dataloader = dict(
    batch_size=1,
    dataset=dict(
        datasets=[
            dict(
                ann_file='instances_val.json',
                data_root='data/lsvt_mmocr',
                pipeline=None,
                test_mode=True,
                type='OCRDataset'),
            dict(
                ann_file='instances_val.json',
                data_root='data/ctw_mmocr',
                pipeline=None,
                test_mode=True,
                type='OCRDataset'),
        ],
        pipeline=[
            dict(
                color_type='color_ignore_orientation',
                type='LoadImageFromFile'),
            dict(keep_ratio=True, scale=(
                2260,
                2260,
            ), type='Resize'),
            dict(
                type='LoadOCRAnnotations',
                with_bbox=True,
                with_label=True,
                with_polygon=True),
            dict(
                meta_keys=(
                    'img_path',
                    'ori_shape',
                    'img_shape',
                    'scale_factor',
                ),
                type='PackTextDetInputs'),
        ],
        type='ConcatDataset'),
    num_workers=2,
    persistent_workers=True,
    pin_memory=True,
    sampler=dict(shuffle=False, type='DefaultSampler'))
test_evaluator = dict(
    dataset_prefixes=dict(ctw='data/ctw_mmocr', lsvt='data/lsvt_mmocr'),
    type='MultiDatasetHmeanIOUMetric')
test_list = [
    dict(
        ann_file='instances_val.json',
        data_root='data/lsvt_mmocr',
        pipeline=None,
        test_mode=True,
        type='OCRDataset'),
    dict(
        ann_file='instances_val.json',
        data_root='data/ctw_mmocr',
        pipeline=None,
        test_mode=True,
        type='OCRDataset'),
]
test_pipeline = [
    dict(color_type='color_ignore_orientation', type='LoadImageFromFile'),
    dict(keep_ratio=True, scale=(
        2260,
        2260,
    ), type='Resize'),
    dict(
        type='LoadOCRAnnotations',
        with_bbox=True,
        with_label=True,
        with_polygon=True),
    dict(
        meta_keys=(
            'img_path',
            'ori_shape',
            'img_shape',
            'scale_factor',
        ),
        type='PackTextDetInputs'),
]
textdet_ctw_data_root = 'data/ctw_mmocr'
textdet_ctw_test = dict(
    ann_file='instances_val.json',
    data_root='data/ctw_mmocr',
    pipeline=None,
    test_mode=True,
    type='OCRDataset')
textdet_ctw_train = dict(
    ann_file='instances_train.json',
    data_root='data/ctw_mmocr',
    filter_cfg=dict(filter_empty_gt=True, min_size=32),
    pipeline=None,
    type='OCRDataset')
textdet_lsvt_ctw_data_root = 'data/textdet_pretrain_lsvt_ctw'
textdet_lsvt_ctw_test = dict(
    ann_file='instances_val.json',
    data_root='data/textdet_pretrain_lsvt_ctw',
    pipeline=None,
    test_mode=True,
    type='OCRDataset')
textdet_lsvt_ctw_train = dict(
    ann_file='instances_train.json',
    data_root='data/textdet_pretrain_lsvt_ctw',
    filter_cfg=dict(filter_empty_gt=True, min_size=32),
    pipeline=None,
    type='OCRDataset')
textdet_lsvt_data_root = 'data/lsvt_mmocr'
textdet_lsvt_test = dict(
    ann_file='instances_val.json',
    data_root='data/lsvt_mmocr',
    pipeline=None,
    test_mode=True,
    type='OCRDataset')
textdet_lsvt_train = dict(
    ann_file='instances_train.json',
    data_root='data/lsvt_mmocr',
    filter_cfg=dict(filter_empty_gt=True, min_size=32),
    pipeline=None,
    type='OCRDataset')
train_cfg = dict(max_epochs=60, type='EpochBasedTrainLoop', val_interval=5)
train_dataloader = dict(
    batch_size=32,
    dataset=dict(
        datasets=[
            dict(
                ann_file='instances_train.json',
                data_root='data/lsvt_mmocr',
                filter_cfg=dict(filter_empty_gt=True, min_size=32),
                pipeline=None,
                type='OCRDataset'),
            dict(
                ann_file='instances_train.json',
                data_root='data/ctw_mmocr',
                filter_cfg=dict(filter_empty_gt=True, min_size=32),
                pipeline=None,
                type='OCRDataset'),
        ],
        pipeline=[
            dict(
                color_type='color_ignore_orientation',
                type='LoadImageFromFile'),
            dict(
                type='LoadOCRAnnotations',
                with_bbox=True,
                with_label=True,
                with_polygon=True),
            dict(
                keep_ratio=True,
                ratio_range=(
                    0.75,
                    2.5,
                ),
                scale=(
                    800,
                    800,
                ),
                type='RandomResize'),
            dict(
                crop_ratio=0.5,
                iter_num=1,
                min_area_ratio=0.2,
                type='TextDetRandomCropFlip'),
            dict(
                prob=0.8,
                transforms=[
                    dict(min_side_ratio=0.3, type='RandomCrop'),
                ],
                type='RandomApply'),
            dict(
                prob=0.5,
                transforms=[
                    dict(
                        max_angle=30,
                        pad_with_fixed_color=False,
                        type='RandomRotate',
                        use_canvas=True),
                ],
                type='RandomApply'),
            dict(
                prob=[
                    0.6,
                    0.4,
                ],
                transforms=[
                    [
                        dict(keep_ratio=True, scale=800, type='Resize'),
                        dict(target_scale=800, type='SourceImagePad'),
                    ],
                    dict(keep_ratio=False, scale=800, type='Resize'),
                ],
                type='RandomChoice'),
            dict(direction='horizontal', prob=0.5, type='RandomFlip'),
            dict(
                brightness=0.12549019607843137,
                contrast=0.5,
                op='ColorJitter',
                saturation=0.5,
                type='TorchVisionWrapper'),
            dict(
                meta_keys=(
                    'img_path',
                    'ori_shape',
                    'img_shape',
                    'scale_factor',
                ),
                type='PackTextDetInputs'),
        ],
        type='ConcatDataset'),
    num_workers=6,
    persistent_workers=True,
    pin_memory=True,
    sampler=dict(shuffle=True, type='DefaultSampler'))
train_list = [
    dict(
        ann_file='instances_train.json',
        data_root='data/lsvt_mmocr',
        filter_cfg=dict(filter_empty_gt=True, min_size=32),
        pipeline=None,
        type='OCRDataset'),
    dict(
        ann_file='instances_train.json',
        data_root='data/ctw_mmocr',
        filter_cfg=dict(filter_empty_gt=True, min_size=32),
        pipeline=None,
        type='OCRDataset'),
]
train_pipeline = [
    dict(color_type='color_ignore_orientation', type='LoadImageFromFile'),
    dict(
        type='LoadOCRAnnotations',
        with_bbox=True,
        with_label=True,
        with_polygon=True),
    dict(
        keep_ratio=True,
        ratio_range=(
            0.75,
            2.5,
        ),
        scale=(
            800,
            800,
        ),
        type='RandomResize'),
    dict(
        crop_ratio=0.5,
        iter_num=1,
        min_area_ratio=0.2,
        type='TextDetRandomCropFlip'),
    dict(
        prob=0.8,
        transforms=[
            dict(min_side_ratio=0.3, type='RandomCrop'),
        ],
        type='RandomApply'),
    dict(
        prob=0.5,
        transforms=[
            dict(
                max_angle=30,
                pad_with_fixed_color=False,
                type='RandomRotate',
                use_canvas=True),
        ],
        type='RandomApply'),
    dict(
        prob=[
            0.6,
            0.4,
        ],
        transforms=[
            [
                dict(keep_ratio=True, scale=800, type='Resize'),
                dict(target_scale=800, type='SourceImagePad'),
            ],
            dict(keep_ratio=False, scale=800, type='Resize'),
        ],
        type='RandomChoice'),
    dict(direction='horizontal', prob=0.5, type='RandomFlip'),
    dict(
        brightness=0.12549019607843137,
        contrast=0.5,
        op='ColorJitter',
        saturation=0.5,
        type='TorchVisionWrapper'),
    dict(
        meta_keys=(
            'img_path',
            'ori_shape',
            'img_shape',
            'scale_factor',
        ),
        type='PackTextDetInputs'),
]
val_cfg = dict(type='ValLoop')
val_dataloader = dict(
    batch_size=1,
    dataset=dict(
        datasets=[
            dict(
                ann_file='instances_val.json',
                data_root='data/lsvt_mmocr',
                pipeline=None,
                test_mode=True,
                type='OCRDataset'),
            dict(
                ann_file='instances_val.json',
                data_root='data/ctw_mmocr',
                pipeline=None,
                test_mode=True,
                type='OCRDataset'),
        ],
        pipeline=[
            dict(
                color_type='color_ignore_orientation',
                type='LoadImageFromFile'),
            dict(keep_ratio=True, scale=(
                2260,
                2260,
            ), type='Resize'),
            dict(
                type='LoadOCRAnnotations',
                with_bbox=True,
                with_label=True,
                with_polygon=True),
            dict(
                meta_keys=(
                    'img_path',
                    'ori_shape',
                    'img_shape',
                    'scale_factor',
                ),
                type='PackTextDetInputs'),
        ],
        type='ConcatDataset'),
    num_workers=2,
    persistent_workers=True,
    pin_memory=True,
    sampler=dict(shuffle=False, type='DefaultSampler'))
val_evaluator = dict(
    dataset_prefixes=dict(ctw='data/ctw_mmocr', lsvt='data/lsvt_mmocr'),
    type='MultiDatasetHmeanIOUMetric')
vis_backends = [
    dict(type='LocalVisBackend'),
]
visualizer = dict(
    name='visualizer',
    type='TextDetLocalVisualizer',
    vis_backends=[
        dict(type='LocalVisBackend'),
    ])
work_dir = 'work_dirs/fcenet_r50dcnv2_fpn_pretrain_lsvt_ctw'

12/28 11:51:29 - mmengine - INFO - Distributed training is not used, all SyncBatchNorm (SyncBN) layers in the model will be automatically reverted to BatchNormXd layers if they are used.
12/28 11:51:29 - mmengine - INFO - Hooks will be executed in the following order:
before_run:
(VERY_HIGH   ) RuntimeInfoHook                    
(BELOW_NORMAL) LoggerHook                         
(LOWEST      ) EarlyStoppingHook                  
 -------------------- 
before_train:
(VERY_HIGH   ) RuntimeInfoHook                    
(NORMAL      ) IterTimerHook                      
(VERY_LOW    ) CheckpointHook                     
 -------------------- 
before_train_epoch:
(VERY_HIGH   ) RuntimeInfoHook                    
(NORMAL      ) IterTimerHook                      
(NORMAL      ) DistSamplerSeedHook                
 -------------------- 
before_train_iter:
(VERY_HIGH   ) RuntimeInfoHook                    
(NORMAL      ) IterTimerHook                      
 -------------------- 
after_train_iter:
(VERY_HIGH   ) RuntimeInfoHook                    
(NORMAL      ) IterTimerHook                      
(BELOW_NORMAL) LoggerHook                         
(LOW         ) ParamSchedulerHook                 
(VERY_LOW    ) CheckpointHook                     
 -------------------- 
after_train_epoch:
(NORMAL      ) IterTimerHook                      
(NORMAL      ) SyncBuffersHook                    
(LOW         ) ParamSchedulerHook                 
(VERY_LOW    ) CheckpointHook                     
 -------------------- 
before_val:
(VERY_HIGH   ) RuntimeInfoHook                    
 -------------------- 
before_val_epoch:
(NORMAL      ) IterTimerHook                      
(NORMAL      ) SyncBuffersHook                    
 -------------------- 
before_val_iter:
(NORMAL      ) IterTimerHook                      
 -------------------- 
after_val_iter:
(NORMAL      ) IterTimerHook                      
(NORMAL      ) VisualizationHook                  
(BELOW_NORMAL) LoggerHook                         
 -------------------- 
after_val_epoch:
(VERY_HIGH   ) RuntimeInfoHook                    
(NORMAL      ) IterTimerHook                      
(BELOW_NORMAL) LoggerHook                         
(LOW         ) ParamSchedulerHook                 
(VERY_LOW    ) CheckpointHook                     
(LOWEST      ) EarlyStoppingHook                  
 -------------------- 
after_val:
(VERY_HIGH   ) RuntimeInfoHook                    
 -------------------- 
after_train:
(VERY_HIGH   ) RuntimeInfoHook                    
(VERY_LOW    ) CheckpointHook                     
 -------------------- 
before_test:
(VERY_HIGH   ) RuntimeInfoHook                    
 -------------------- 
before_test_epoch:
(NORMAL      ) IterTimerHook                      
 -------------------- 
before_test_iter:
(NORMAL      ) IterTimerHook                      
 -------------------- 
after_test_iter:
(NORMAL      ) IterTimerHook                      
(NORMAL      ) VisualizationHook                  
(BELOW_NORMAL) LoggerHook                         
 -------------------- 
after_test_epoch:
(VERY_HIGH   ) RuntimeInfoHook                    
(NORMAL      ) IterTimerHook                      
(BELOW_NORMAL) LoggerHook                         
 -------------------- 
after_test:
(VERY_HIGH   ) RuntimeInfoHook                    
 -------------------- 
after_run:
(BELOW_NORMAL) LoggerHook                         
 -------------------- 
12/28 11:51:47 - mmengine - INFO - LR is set based on batch size of 12 and the current batch size is 32. Scaling the original LR by 2.6666666666666665.
12/28 11:51:50 - mmengine - INFO - load model from: torchvision://resnet50
12/28 11:51:50 - mmengine - INFO - Loads checkpoint by torchvision backend from path: torchvision://resnet50
12/28 11:51:50 - mmengine - WARNING - The model and loaded state dict do not match exactly

unexpected key in source state_dict: fc.weight, fc.bias

missing keys in source state_dict: layer2.0.conv2.conv_offset.weight, layer2.0.conv2.conv_offset.bias, layer2.1.conv2.conv_offset.weight, layer2.1.conv2.conv_offset.bias, layer2.2.conv2.conv_offset.weight, layer2.2.conv2.conv_offset.bias, layer2.3.conv2.conv_offset.weight, layer2.3.conv2.conv_offset.bias, layer3.0.conv2.conv_offset.weight, layer3.0.conv2.conv_offset.bias, layer3.1.conv2.conv_offset.weight, layer3.1.conv2.conv_offset.bias, layer3.2.conv2.conv_offset.weight, layer3.2.conv2.conv_offset.bias, layer3.3.conv2.conv_offset.weight, layer3.3.conv2.conv_offset.bias, layer3.4.conv2.conv_offset.weight, layer3.4.conv2.conv_offset.bias, layer3.5.conv2.conv_offset.weight, layer3.5.conv2.conv_offset.bias, layer4.0.conv2.conv_offset.weight, layer4.0.conv2.conv_offset.bias, layer4.1.conv2.conv_offset.weight, layer4.1.conv2.conv_offset.bias, layer4.2.conv2.conv_offset.weight, layer4.2.conv2.conv_offset.bias

Loads checkpoint by local backend from path: work_dirs/fcenet_r50dcnv2_fpn_pretrain_lsvt_ctw/epoch_20.pth
12/28 11:51:51 - mmengine - INFO - ModulatedDeformConvPack backbone.layer2.0.conv2 is upgraded to version 2.
12/28 11:51:51 - mmengine - INFO - ModulatedDeformConvPack backbone.layer2.1.conv2 is upgraded to version 2.
12/28 11:51:51 - mmengine - INFO - ModulatedDeformConvPack backbone.layer2.2.conv2 is upgraded to version 2.
12/28 11:51:51 - mmengine - INFO - ModulatedDeformConvPack backbone.layer2.3.conv2 is upgraded to version 2.
12/28 11:51:51 - mmengine - INFO - ModulatedDeformConvPack backbone.layer3.0.conv2 is upgraded to version 2.
12/28 11:51:51 - mmengine - INFO - ModulatedDeformConvPack backbone.layer3.1.conv2 is upgraded to version 2.
12/28 11:51:51 - mmengine - INFO - ModulatedDeformConvPack backbone.layer3.2.conv2 is upgraded to version 2.
12/28 11:51:51 - mmengine - INFO - ModulatedDeformConvPack backbone.layer3.3.conv2 is upgraded to version 2.
12/28 11:51:51 - mmengine - INFO - ModulatedDeformConvPack backbone.layer3.4.conv2 is upgraded to version 2.
12/28 11:51:51 - mmengine - INFO - ModulatedDeformConvPack backbone.layer3.5.conv2 is upgraded to version 2.
12/28 11:51:51 - mmengine - INFO - ModulatedDeformConvPack backbone.layer4.0.conv2 is upgraded to version 2.
12/28 11:51:51 - mmengine - INFO - ModulatedDeformConvPack backbone.layer4.1.conv2 is upgraded to version 2.
12/28 11:51:51 - mmengine - INFO - ModulatedDeformConvPack backbone.layer4.2.conv2 is upgraded to version 2.
12/28 11:51:51 - mmengine - INFO - Load checkpoint from work_dirs/fcenet_r50dcnv2_fpn_pretrain_lsvt_ctw/epoch_20.pth
12/28 11:51:51 - mmengine - INFO - resumed epoch: 20, iter: 30880
12/28 11:51:51 - mmengine - WARNING - "FileClient" will be deprecated in future. Please use io functions in https://mmengine.readthedocs.io/en/latest/api/fileio.html#file-io
12/28 11:51:51 - mmengine - WARNING - "HardDiskBackend" is the alias of "LocalBackend" and the former will be deprecated in future.
12/28 11:51:51 - mmengine - INFO - Checkpoints will be saved to /root/lanyun-tmp/mmocr/work_dirs/fcenet_r50dcnv2_fpn_pretrain_lsvt_ctw.
12/28 11:52:22 - mmengine - INFO - Epoch(train) [21][   5/1544]  lr: 1.8952e-03  eta: 4 days, 12:38:36  time: 4.8086  data_time: 0.5611  memory: 20552  grad_norm: 49.3570  loss: 5.7314  loss_text: 0.7641  loss_center: 3.3928  loss_reg_x: 0.8784  loss_reg_y: 0.6960
12/28 11:52:41 - mmengine - INFO - Epoch(train) [21][  10/1544]  lr: 1.8952e-03  eta: 3 days, 15:12:53  time: 5.0846  data_time: 0.5613  memory: 19779  grad_norm: nan  loss: 5.4362  loss_text: 0.7231  loss_center: 3.2909  loss_reg_x: 0.7936  loss_reg_y: 0.6286
12/28 11:53:02 - mmengine - INFO - Epoch(train) [21][  15/1544]  lr: 1.8952e-03  eta: 3 days, 9:42:45  time: 3.9796  data_time: 0.0028  memory: 19779  grad_norm: nan  loss: 4.7814  loss_text: 0.7708  loss_center: 2.5456  loss_reg_x: 0.9222  loss_reg_y: 0.5427
12/28 11:53:21 - mmengine - INFO - Epoch(train) [21][  20/1544]  lr: 1.8952e-03  eta: 3 days, 5:43:01  time: 3.9786  data_time: 0.0027  memory: 19779  grad_norm: 40.4501  loss: 4.7328  loss_text: 0.8095  loss_center: 2.3575  loss_reg_x: 0.9885  loss_reg_y: 0.5774
12/28 11:53:41 - mmengine - INFO - Epoch(train) [21][  25/1544]  lr: 1.8952e-03  eta: 3 days, 4:04:16  time: 3.9437  data_time: 0.0031  memory: 19779  grad_norm: 37.7186  loss: 4.6437  loss_text: 0.7975  loss_center: 2.2047  loss_reg_x: 0.9822  loss_reg_y: 0.6593
12/28 11:54:02 - mmengine - INFO - Epoch(train) [21][  30/1544]  lr: 1.8952e-03  eta: 3 days, 2:56:10  time: 4.0473  data_time: 0.0038  memory: 19779  grad_norm: 34.6826  loss: 4.3877  loss_text: 0.7694  loss_center: 1.9744  loss_reg_x: 0.9303  loss_reg_y: 0.7137
12/28 11:54:20 - mmengine - INFO - Epoch(train) [21][  35/1544]  lr: 1.8952e-03  eta: 3 days, 1:17:34  time: 3.8714  data_time: 0.0029  memory: 19779  grad_norm: 31.1814  loss: 4.4857  loss_text: 0.8505  loss_center: 1.9524  loss_reg_x: 0.9389  loss_reg_y: 0.7439
12/28 11:54:40 - mmengine - INFO - Epoch(train) [21][  40/1544]  lr: 1.8952e-03  eta: 3 days, 0:26:36  time: 3.7914  data_time: 0.0027  memory: 19779  grad_norm: 32.2473  loss: 4.5158  loss_text: 0.8575  loss_center: 1.9481  loss_reg_x: 0.9607  loss_reg_y: 0.7496
12/28 11:54:59 - mmengine - INFO - Epoch(train) [21][  45/1544]  lr: 1.8952e-03  eta: 2 days, 23:52:17  time: 3.9047  data_time: 0.0028  memory: 19779  grad_norm: 36.5282  loss: 4.1694  loss_text: 0.8013  loss_center: 1.8791  loss_reg_x: 0.8457  loss_reg_y: 0.6433
12/28 11:55:21 - mmengine - INFO - Epoch(train) [21][  50/1544]  lr: 1.8952e-03  eta: 3 days, 0:05:07  time: 4.1245  data_time: 0.0025  memory: 19779  grad_norm: 41.9318  loss: 4.1735  loss_text: 0.8248  loss_center: 1.8779  loss_reg_x: 0.8414  loss_reg_y: 0.6293
12/28 11:55:40 - mmengine - INFO - Epoch(train) [21][  55/1544]  lr: 1.8952e-03  eta: 2 days, 23:30:40  time: 4.0806  data_time: 0.0027  memory: 19779  grad_norm: 34.1307  loss: 4.0637  loss_text: 0.7857  loss_center: 1.7513  loss_reg_x: 0.8301  loss_reg_y: 0.6966
12/28 11:56:00 - mmengine - INFO - Epoch(train) [21][  60/1544]  lr: 1.8952e-03  eta: 2 days, 23:20:07  time: 3.9468  data_time: 0.0034  memory: 19779  grad_norm: 29.7305  loss: 4.1325  loss_text: 0.7966  loss_center: 1.6404  loss_reg_x: 0.9663  loss_reg_y: 0.7291
12/28 11:56:21 - mmengine - INFO - Epoch(train) [21][  65/1544]  lr: 1.8952e-03  eta: 2 days, 23:10:41  time: 4.0502  data_time: 0.0036  memory: 19779  grad_norm: 31.9649  loss: 4.2372  loss_text: 0.8191  loss_center: 1.6726  loss_reg_x: 1.0827  loss_reg_y: 0.6628
12/28 11:56:39 - mmengine - INFO - Epoch(train) [21][  70/1544]  lr: 1.8952e-03  eta: 2 days, 22:30:06  time: 3.8263  data_time: 0.0028  memory: 19779  grad_norm: 29.4991  loss: 3.9956  loss_text: 0.7596  loss_center: 1.6283  loss_reg_x: 0.9660  loss_reg_y: 0.6417
12/28 11:56:58 - mmengine - INFO - Epoch(train) [21][  75/1544]  lr: 1.8952e-03  eta: 2 days, 22:14:15  time: 3.7467  data_time: 0.0023  memory: 19779  grad_norm: 26.7169  loss: 3.7397  loss_text: 0.7086  loss_center: 1.4981  loss_reg_x: 0.8907  loss_reg_y: 0.6423
12/28 11:57:17 - mmengine - INFO - Epoch(train) [21][  80/1544]  lr: 1.8952e-03  eta: 2 days, 21:51:35  time: 3.8199  data_time: 0.0023  memory: 19779  grad_norm: 28.0552  loss: 3.7265  loss_text: 0.7083  loss_center: 1.5460  loss_reg_x: 0.8540  loss_reg_y: 0.6182
12/28 11:57:38 - mmengine - INFO - Epoch(train) [21][  85/1544]  lr: 1.8952e-03  eta: 2 days, 21:55:47  time: 3.9521  data_time: 0.0030  memory: 19779  grad_norm: 27.0448  loss: 3.7265  loss_text: 0.7232  loss_center: 1.5262  loss_reg_x: 0.8581  loss_reg_y: 0.6190
12/28 11:57:59 - mmengine - INFO - Epoch(train) [21][  90/1544]  lr: 1.8952e-03  eta: 2 days, 22:10:44  time: 4.2510  data_time: 0.0029  memory: 19779  grad_norm: 28.6151  loss: 3.7653  loss_text: 0.7787  loss_center: 1.4465  loss_reg_x: 0.9025  loss_reg_y: 0.6376
12/28 11:58:20 - mmengine - INFO - Epoch(train) [21][  95/1544]  lr: 1.8952e-03  eta: 2 days, 22:09:09  time: 4.2117  data_time: 0.0031  memory: 19779  grad_norm: 31.8542  loss: 4.0350  loss_text: 0.7978  loss_center: 1.5609  loss_reg_x: 1.0111  loss_reg_y: 0.6652
12/28 11:58:39 - mmengine - INFO - Epoch(train) [21][ 100/1544]  lr: 1.8952e-03  eta: 2 days, 21:54:53  time: 3.9491  data_time: 0.0030  memory: 19779  grad_norm: 28.0797  loss: 4.0921  loss_text: 0.7739  loss_center: 1.5029  loss_reg_x: 1.1308  loss_reg_y: 0.6845
12/28 11:58:58 - mmengine - INFO - Epoch(train) [21][ 105/1544]  lr: 1.8952e-03  eta: 2 days, 21:46:00  time: 3.8660  data_time: 0.0023  memory: 19779  grad_norm: 28.8763  loss: 3.8001  loss_text: 0.7582  loss_center: 1.3961  loss_reg_x: 0.9941  loss_reg_y: 0.6517
12/28 11:59:20 - mmengine - INFO - Epoch(train) [21][ 110/1544]  lr: 1.8952e-03  eta: 2 days, 21:57:57  time: 4.1221  data_time: 0.0023  memory: 19779  grad_norm: 30.7309  loss: 3.6629  loss_text: 0.7514  loss_center: 1.4118  loss_reg_x: 0.8019  loss_reg_y: 0.6977
12/28 11:59:40 - mmengine - INFO - Epoch(train) [21][ 115/1544]  lr: 1.8952e-03  eta: 2 days, 21:51:28  time: 4.1424  data_time: 0.0022  memory: 19779  grad_norm: 25.1862  loss: 3.7684  loss_text: 0.7608  loss_center: 1.4286  loss_reg_x: 0.8727  loss_reg_y: 0.7063
12/28 12:00:00 - mmengine - INFO - Exp name: fcenet_r50dcnv2_fpn_1500e_lsvt_ctw_pretrain_20251228_115121
12/28 12:00:00 - mmengine - INFO - Epoch(train) [21][ 120/1544]  lr: 1.8952e-03  eta: 2 days, 21:47:12  time: 3.9680  data_time: 0.0023  memory: 19779  grad_norm: 22.6728  loss: 3.8751  loss_text: 0.7861  loss_center: 1.4598  loss_reg_x: 0.9625  loss_reg_y: 0.6667
12/28 12:00:18 - mmengine - INFO - Epoch(train) [21][ 125/1544]  lr: 1.8952e-03  eta: 2 days, 21:31:34  time: 3.8456  data_time: 0.0022  memory: 19779  grad_norm: 28.4049  loss: 4.2432  loss_text: 0.8315  loss_center: 1.6563  loss_reg_x: 1.0066  loss_reg_y: 0.7488
12/28 12:00:40 - mmengine - INFO - Epoch(train) [21][ 130/1544]  lr: 1.8952e-03  eta: 2 days, 21:42:32  time: 4.0254  data_time: 0.0023  memory: 19779  grad_norm: 31.2269  loss: 4.1294  loss_text: 0.8587  loss_center: 1.6471  loss_reg_x: 0.9461  loss_reg_y: 0.6775
12/28 12:00:59 - mmengine - INFO - Epoch(train) [21][ 135/1544]  lr: 1.8952e-03  eta: 2 days, 21:29:29  time: 4.0426  data_time: 0.0028  memory: 19779  grad_norm: 29.9592  loss: 3.7888  loss_text: 0.8473  loss_center: 1.4843  loss_reg_x: 0.8963  loss_reg_y: 0.5609
12/28 12:01:18 - mmengine - INFO - Epoch(train) [21][ 140/1544]  lr: 1.8952e-03  eta: 2 days, 21:20:38  time: 3.7827  data_time: 0.0029  memory: 19779  grad_norm: 28.7955  loss: 3.7321  loss_text: 0.7615  loss_center: 1.4914  loss_reg_x: 0.9160  loss_reg_y: 0.5631
12/28 12:01:39 - mmengine - INFO - Epoch(train) [21][ 145/1544]  lr: 1.8952e-03  eta: 2 days, 21:26:59  time: 4.0338  data_time: 0.0030  memory: 19779  grad_norm: 25.9007  loss: 3.6149  loss_text: 0.7201  loss_center: 1.4688  loss_reg_x: 0.8724  loss_reg_y: 0.5537
12/28 12:01:57 - mmengine - INFO - Epoch(train) [21][ 150/1544]  lr: 1.8952e-03  eta: 2 days, 21:14:43  time: 3.9746  data_time: 0.0029  memory: 19779  grad_norm: 24.7929  loss: 3.5094  loss_text: 0.7442  loss_center: 1.3864  loss_reg_x: 0.8346  loss_reg_y: 0.5442
12/28 12:02:22 - mmengine - INFO - Epoch(train) [21][ 155/1544]  lr: 1.8952e-03  eta: 2 days, 21:41:28  time: 4.2865  data_time: 0.0024  memory: 19779  grad_norm: 25.4920  loss: 3.5092  loss_text: 0.7502  loss_center: 1.3424  loss_reg_x: 0.8454  loss_reg_y: 0.5713
12/28 12:02:44 - mmengine - INFO - Epoch(train) [21][ 160/1544]  lr: 1.8952e-03  eta: 2 days, 21:54:05  time: 4.6703  data_time: 0.0023  memory: 19779  grad_norm: 27.7559  loss: 3.6378  loss_text: 0.7697  loss_center: 1.3821  loss_reg_x: 0.8852  loss_reg_y: 0.6008
12/28 12:03:04 - mmengine - INFO - Epoch(train) [21][ 165/1544]  lr: 1.8952e-03  eta: 2 days, 21:47:56  time: 4.1874  data_time: 0.0023  memory: 19779  grad_norm: 25.5616  loss: 3.7994  loss_text: 0.8077  loss_center: 1.4518  loss_reg_x: 0.9083  loss_reg_y: 0.6315
12/28 12:03:25 - mmengine - INFO - Epoch(train) [21][ 170/1544]  lr: 1.8952e-03  eta: 2 days, 21:54:43  time: 4.1067  data_time: 0.0022  memory: 19779  grad_norm: 24.9434  loss: 3.6554  loss_text: 0.7998  loss_center: 1.3407  loss_reg_x: 0.8636  loss_reg_y: 0.6512
12/28 12:03:45 - mmengine - INFO - Epoch(train) [21][ 175/1544]  lr: 1.8952e-03  eta: 2 days, 21:49:59  time: 4.1260  data_time: 0.0022  memory: 19779  grad_norm: 30.5204  loss: 3.5724  loss_text: 0.7493  loss_center: 1.2397  loss_reg_x: 0.8988  loss_reg_y: 0.6846
12/28 12:04:07 - mmengine - INFO - Epoch(train) [21][ 180/1544]  lr: 1.8952e-03  eta: 2 days, 21:56:47  time: 4.1348  data_time: 0.0028  memory: 19779  grad_norm: 29.1699  loss: 3.5689  loss_text: 0.7178  loss_center: 1.3217  loss_reg_x: 0.8869  loss_reg_y: 0.6426
12/28 12:04:28 - mmengine - INFO - Epoch(train) [21][ 185/1544]  lr: 1.8952e-03  eta: 2 days, 22:01:14  time: 4.2972  data_time: 0.0028  memory: 19779  grad_norm: 23.6429  loss: 3.5648  loss_text: 0.7452  loss_center: 1.4020  loss_reg_x: 0.8264  loss_reg_y: 0.5912
12/28 12:04:45 - mmengine - INFO - Epoch(train) [21][ 190/1544]  lr: 1.8952e-03  eta: 2 days, 21:44:08  time: 3.8673  data_time: 0.0022  memory: 19779  grad_norm: 20.5987  loss: 3.5112  loss_text: 0.7089  loss_center: 1.3974  loss_reg_x: 0.8306  loss_reg_y: 0.5742
12/28 12:05:07 - mmengine - INFO - Epoch(train) [21][ 195/1544]  lr: 1.8952e-03  eta: 2 days, 21:50:48  time: 3.9086  data_time: 0.0023  memory: 19779  grad_norm: 20.1725  loss: 3.3677  loss_text: 0.6958  loss_center: 1.3468  loss_reg_x: 0.7706  loss_reg_y: 0.5545
12/28 12:05:26 - mmengine - INFO - Epoch(train) [21][ 200/1544]  lr: 1.8952e-03  eta: 2 days, 21:42:04  time: 4.0504  data_time: 0.0024  memory: 19779  grad_norm: 23.1250  loss: 3.7358  loss_text: 0.8014  loss_center: 1.4064  loss_reg_x: 0.8882  loss_reg_y: 0.6398
12/28 12:05:47 - mmengine - INFO - Epoch(train) [21][ 205/1544]  lr: 1.8952e-03  eta: 2 days, 21:44:10  time: 3.9653  data_time: 0.0023  memory: 19779  grad_norm: 22.8035  loss: 3.7384  loss_text: 0.7495  loss_center: 1.4876  loss_reg_x: 0.8818  loss_reg_y: 0.6195
12/28 12:06:06 - mmengine - INFO - Epoch(train) [21][ 210/1544]  lr: 1.8952e-03  eta: 2 days, 21:36:24  time: 3.9743  data_time: 0.0023  memory: 19779  grad_norm: 27.3448  loss: 3.6464  loss_text: 0.7349  loss_center: 1.4604  loss_reg_x: 0.8823  loss_reg_y: 0.5687
12/28 12:06:25 - mmengine - INFO - Epoch(train) [21][ 215/1544]  lr: 1.8952e-03  eta: 2 days, 21:32:36  time: 3.8502  data_time: 0.0027  memory: 19779  grad_norm: 30.3023  loss: 3.6407  loss_text: 0.7848  loss_center: 1.4279  loss_reg_x: 0.8512  loss_reg_y: 0.5768
12/28 12:06:47 - mmengine - INFO - Epoch(train) [21][ 220/1544]  lr: 1.8952e-03  eta: 2 days, 21:40:39  time: 4.1769  data_time: 0.0026  memory: 19779  grad_norm: 25.9719  loss: 3.4082  loss_text: 0.7769  loss_center: 1.4072  loss_reg_x: 0.7008  loss_reg_y: 0.5233
12/28 12:07:07 - mmengine - INFO - Epoch(train) [21][ 225/1544]  lr: 1.8952e-03  eta: 2 days, 21:36:59  time: 4.1789  data_time: 0.0022  memory: 19779  grad_norm: 29.0961  loss: 3.8913  loss_text: 0.8469  loss_center: 1.5401  loss_reg_x: 0.8474  loss_reg_y: 0.6568
12/28 12:07:27 - mmengine - INFO - Epoch(train) [21][ 230/1544]  lr: 1.8952e-03  eta: 2 days, 21:35:10  time: 3.9683  data_time: 0.0023  memory: 19779  grad_norm: 28.4022  loss: 4.2715  loss_text: 0.8375  loss_center: 1.5807  loss_reg_x: 1.0970  loss_reg_y: 0.7563
12/28 12:07:47 - mmengine - INFO - Epoch(train) [21][ 235/1544]  lr: 1.8952e-03  eta: 2 days, 21:32:00  time: 3.9743  data_time: 0.0023  memory: 19779  grad_norm: 25.9314  loss: 3.8390  loss_text: 0.7593  loss_center: 1.3990  loss_reg_x: 1.0086  loss_reg_y: 0.6721
12/28 12:08:08 - mmengine - INFO - Epoch(train) [21][ 240/1544]  lr: 1.8952e-03  eta: 2 days, 21:34:23  time: 4.0690  data_time: 0.0024  memory: 19779  grad_norm: 26.5717  loss: 3.5479  loss_text: 0.7720  loss_center: 1.3981  loss_reg_x: 0.7808  loss_reg_y: 0.5970
12/28 12:08:30 - mmengine - INFO - Epoch(train) [21][ 245/1544]  lr: 1.8952e-03  eta: 2 days, 21:40:44  time: 4.2933  data_time: 0.0023  memory: 19779  grad_norm: 28.2058  loss: 3.4659  loss_text: 0.7638  loss_center: 1.3850  loss_reg_x: 0.7364  loss_reg_y: 0.5808
12/28 12:08:47 - mmengine - INFO - Epoch(train) [21][ 250/1544]  lr: 1.8952e-03  eta: 2 days, 21:28:55  time: 3.9544  data_time: 0.0029  memory: 19779  grad_norm: 26.6996  loss: 3.6496  loss_text: 0.7459  loss_center: 1.4366  loss_reg_x: 0.8307  loss_reg_y: 0.6364
12/28 12:09:08 - mmengine - INFO - Epoch(train) [21][ 255/1544]  lr: 1.8952e-03  eta: 2 days, 21:28:29  time: 3.7901  data_time: 0.0029  memory: 19779  grad_norm: 23.9357  loss: 3.7471  loss_text: 0.7514  loss_center: 1.4239  loss_reg_x: 0.9353  loss_reg_y: 0.6365
12/28 12:09:28 - mmengine - INFO - Epoch(train) [21][ 260/1544]  lr: 1.8952e-03  eta: 2 days, 21:29:57  time: 4.1098  data_time: 0.0023  memory: 19779  grad_norm: 22.4901  loss: 3.5869  loss_text: 0.7358  loss_center: 1.3236  loss_reg_x: 0.9226  loss_reg_y: 0.6048
12/28 12:09:49 - mmengine - INFO - Epoch(train) [21][ 265/1544]  lr: 1.8952e-03  eta: 2 days, 21:29:06  time: 4.0998  data_time: 0.0022  memory: 19779  grad_norm: 24.3572  loss: 3.7646  loss_text: 0.7523  loss_center: 1.3859  loss_reg_x: 0.9504  loss_reg_y: 0.6759
12/28 12:10:07 - mmengine - INFO - Epoch(train) [21][ 270/1544]  lr: 1.8952e-03  eta: 2 days, 21:20:46  time: 3.8444  data_time: 0.0023  memory: 19779  grad_norm: 24.4566  loss: 3.5755  loss_text: 0.7219  loss_center: 1.3201  loss_reg_x: 0.8858  loss_reg_y: 0.6477
12/28 12:10:28 - mmengine - INFO - Epoch(train) [21][ 275/1544]  lr: 1.8952e-03  eta: 2 days, 21:24:34  time: 3.9645  data_time: 0.0023  memory: 19779  grad_norm: 21.0825  loss: 3.2654  loss_text: 0.6904  loss_center: 1.2333  loss_reg_x: 0.8221  loss_reg_y: 0.5197
12/28 12:10:52 - mmengine - INFO - Epoch(train) [21][ 280/1544]  lr: 1.8952e-03  eta: 2 days, 21:37:13  time: 4.5280  data_time: 0.0023  memory: 19779  grad_norm: 26.3192  loss: 3.5306  loss_text: 0.7712  loss_center: 1.3235  loss_reg_x: 0.8434  loss_reg_y: 0.5925
12/28 12:11:12 - mmengine - INFO - Epoch(train) [21][ 285/1544]  lr: 1.8952e-03  eta: 2 days, 21:36:09  time: 4.4050  data_time: 0.0023  memory: 19779  grad_norm: 27.4176  loss: 3.8774  loss_text: 0.8040  loss_center: 1.4650  loss_reg_x: 1.0215  loss_reg_y: 0.5869
12/28 12:11:31 - mmengine - INFO - Epoch(train) [21][ 290/1544]  lr: 1.8952e-03  eta: 2 days, 21:29:42  time: 3.8829  data_time: 0.0027  memory: 19779  grad_norm: 26.8746  loss: 3.7194  loss_text: 0.7689  loss_center: 1.3741  loss_reg_x: 1.0228  loss_reg_y: 0.5535
12/28 12:11:49 - mmengine - INFO - Epoch(train) [21][ 295/1544]  lr: 1.8952e-03  eta: 2 days, 21:20:04  time: 3.6326  data_time: 0.0027  memory: 19779  grad_norm: 25.7380  loss: 3.7460  loss_text: 0.7673  loss_center: 1.3871  loss_reg_x: 0.9238  loss_reg_y: 0.6678
12/28 12:12:08 - mmengine - INFO - Epoch(train) [21][ 300/1544]  lr: 1.8952e-03  eta: 2 days, 21:16:15  time: 3.6958  data_time: 0.0028  memory: 19779  grad_norm: 22.7823  loss: 3.7621  loss_text: 0.7232  loss_center: 1.4576  loss_reg_x: 0.9210  loss_reg_y: 0.6604
12/28 12:12:27 - mmengine - INFO - Epoch(train) [21][ 305/1544]  lr: 1.8952e-03  eta: 2 days, 21:11:37  time: 3.8293  data_time: 0.0029  memory: 19779  grad_norm: 20.9281  loss: 3.4799  loss_text: 0.6820  loss_center: 1.3639  loss_reg_x: 0.8474  loss_reg_y: 0.5867
12/28 12:12:48 - mmengine - INFO - Epoch(train) [21][ 310/1544]  lr: 1.8952e-03  eta: 2 days, 21:13:58  time: 4.0091  data_time: 0.0024  memory: 19779  grad_norm: 21.7375  loss: 3.5162  loss_text: 0.7356  loss_center: 1.3673  loss_reg_x: 0.8576  loss_reg_y: 0.5557
12/28 12:13:08 - mmengine - INFO - Epoch(train) [21][ 315/1544]  lr: 1.8952e-03  eta: 2 days, 21:14:32  time: 4.1637  data_time: 0.0024  memory: 19779  grad_norm: 24.9729  loss: 3.4196  loss_text: 0.7116  loss_center: 1.3359  loss_reg_x: 0.8250  loss_reg_y: 0.5472
12/28 12:13:29 - mmengine - INFO - Epoch(train) [21][ 320/1544]  lr: 1.8952e-03  eta: 2 days, 21:15:46  time: 4.1330  data_time: 0.0023  memory: 19779  grad_norm: 27.0324  loss: 3.4793  loss_text: 0.6844  loss_center: 1.3146  loss_reg_x: 0.8494  loss_reg_y: 0.6310
12/28 12:13:50 - mmengine - INFO - Epoch(train) [21][ 325/1544]  lr: 1.8952e-03  eta: 2 days, 21:17:33  time: 4.1740  data_time: 0.0023  memory: 19779  grad_norm: 32.0839  loss: 4.0325  loss_text: 0.7766  loss_center: 1.4562  loss_reg_x: 1.0409  loss_reg_y: 0.7588
12/28 12:14:08 - mmengine - INFO - Epoch(train) [21][ 330/1544]  lr: 1.8952e-03  eta: 2 days, 21:10:36  time: 3.9139  data_time: 0.0025  memory: 19779  grad_norm: 31.4854  loss: 4.1077  loss_text: 0.8064  loss_center: 1.4783  loss_reg_x: 1.0779  loss_reg_y: 0.7451
12/28 12:14:31 - mmengine - INFO - Epoch(train) [21][ 335/1544]  lr: 1.8952e-03  eta: 2 days, 21:16:04  time: 4.0344  data_time: 0.0026  memory: 19779  grad_norm: 25.0982  loss: 3.6765  loss_text: 0.7594  loss_center: 1.3660  loss_reg_x: 0.9343  loss_reg_y: 0.6167
12/28 12:14:50 - mmengine - INFO - Epoch(train) [21][ 340/1544]  lr: 1.8952e-03  eta: 2 days, 21:11:58  time: 4.1217  data_time: 0.0026  memory: 19779  grad_norm: 20.7782  loss: 3.4286  loss_text: 0.7293  loss_center: 1.3295  loss_reg_x: 0.7822  loss_reg_y: 0.5875
12/28 12:15:12 - mmengine - INFO - Epoch(train) [21][ 345/1544]  lr: 1.8952e-03  eta: 2 days, 21:17:01  time: 4.1140  data_time: 0.0026  memory: 19779  grad_norm: 18.7838  loss: 3.3087  loss_text: 0.7088  loss_center: 1.3404  loss_reg_x: 0.6604  loss_reg_y: 0.5990
12/28 12:15:31 - mmengine - INFO - Epoch(train) [21][ 350/1544]  lr: 1.8952e-03  eta: 2 days, 21:12:58  time: 4.1133  data_time: 0.0024  memory: 19779  grad_norm: 27.2545  loss: 3.5815  loss_text: 0.7492  loss_center: 1.3865  loss_reg_x: 0.7800  loss_reg_y: 0.6658
12/28 12:15:51 - mmengine - INFO - Epoch(train) [21][ 355/1544]  lr: 1.8952e-03  eta: 2 days, 21:12:31  time: 3.9290  data_time: 0.0023  memory: 19779  grad_norm: 38.5140  loss: 3.7950  loss_text: 0.8231  loss_center: 1.3570  loss_reg_x: 0.9492  loss_reg_y: 0.6658
12/28 12:16:14 - mmengine - INFO - Epoch(train) [21][ 360/1544]  lr: 1.8952e-03  eta: 2 days, 21:20:02  time: 4.3303  data_time: 0.0024  memory: 19779  grad_norm: 30.9357  loss: 3.2842  loss_text: 0.7324  loss_center: 1.2125  loss_reg_x: 0.8357  loss_reg_y: 0.5036
12/28 12:16:34 - mmengine - INFO - Epoch(train) [21][ 365/1544]  lr: 1.8952e-03  eta: 2 days, 21:17:33  time: 4.2613  data_time: 0.0025  memory: 19779  grad_norm: 25.0722  loss: 3.8314  loss_text: 0.8447  loss_center: 1.2856  loss_reg_x: 1.0565  loss_reg_y: 0.6447
12/28 12:16:53 - mmengine - INFO - Epoch(train) [21][ 370/1544]  lr: 1.8952e-03  eta: 2 days, 21:13:51  time: 3.8656  data_time: 0.0026  memory: 19779  grad_norm: 26.2178  loss: 4.2578  loss_text: 0.9078  loss_center: 1.4504  loss_reg_x: 1.1700  loss_reg_y: 0.7295
12/28 12:17:13 - mmengine - INFO - Epoch(train) [21][ 375/1544]  lr: 1.8952e-03  eta: 2 days, 21:13:11  time: 3.9273  data_time: 0.0024  memory: 19779  grad_norm: 24.2018  loss: 4.2647  loss_text: 0.8224  loss_center: 1.5419  loss_reg_x: 1.0801  loss_reg_y: 0.8203
12/28 12:17:34 - mmengine - INFO - Epoch(train) [21][ 380/1544]  lr: 1.8952e-03  eta: 2 days, 21:15:13  time: 4.1359  data_time: 0.0023  memory: 19779  grad_norm: 26.7577  loss: 4.4441  loss_text: 0.8605  loss_center: 1.5370  loss_reg_x: 1.1674  loss_reg_y: 0.8791
12/28 12:17:53 - mmengine - INFO - Epoch(train) [21][ 385/1544]  lr: 1.8952e-03  eta: 2 days, 21:12:20  time: 4.0532  data_time: 0.0023  memory: 19779  grad_norm: 34.9229  loss: 4.1797  loss_text: 0.8702  loss_center: 1.5231  loss_reg_x: 1.1008  loss_reg_y: 0.6856
12/28 12:18:14 - mmengine - INFO - Epoch(train) [21][ 390/1544]  lr: 1.8952e-03  eta: 2 days, 21:12:36  time: 3.9881  data_time: 0.0024  memory: 19779  grad_norm: 33.4719  loss: 3.9722  loss_text: 0.8281  loss_center: 1.4817  loss_reg_x: 1.0056  loss_reg_y: 0.6569
12/28 12:18:33 - mmengine - INFO - Epoch(train) [21][ 395/1544]  lr: 1.8952e-03  eta: 2 days, 21:09:49  time: 3.9882  data_time: 0.0023  memory: 19779  grad_norm: 25.3780  loss: 3.5018  loss_text: 0.7858  loss_center: 1.3136  loss_reg_x: 0.7937  loss_reg_y: 0.6088
12/28 12:18:54 - mmengine - INFO - Epoch(train) [21][ 400/1544]  lr: 1.8952e-03  eta: 2 days, 21:11:12  time: 4.0312  data_time: 0.0023  memory: 19779  grad_norm: 22.3828  loss: 3.4356  loss_text: 0.7648  loss_center: 1.3034  loss_reg_x: 0.7864  loss_reg_y: 0.5810
12/28 12:19:14 - mmengine - INFO - Epoch(train) [21][ 405/1544]  lr: 1.8952e-03  eta: 2 days, 21:08:35  time: 4.0356  data_time: 0.0024  memory: 19779  grad_norm: 23.4338  loss: 3.8408  loss_text: 0.7876  loss_center: 1.3320  loss_reg_x: 1.0230  loss_reg_y: 0.6982
12/28 12:19:36 - mmengine - INFO - Epoch(train) [21][ 410/1544]  lr: 1.8952e-03  eta: 2 days, 21:12:16  time: 4.1294  data_time: 0.0025  memory: 19779  grad_norm: 26.4182  loss: 4.1958  loss_text: 0.8826  loss_center: 1.3685  loss_reg_x: 1.1943  loss_reg_y: 0.7505
12/28 12:19:53 - mmengine - INFO - Epoch(train) [21][ 415/1544]  lr: 1.8952e-03  eta: 2 days, 21:06:03  time: 3.9817  data_time: 0.0026  memory: 19779  grad_norm: 24.4087  loss: 3.9058  loss_text: 0.8194  loss_center: 1.3494  loss_reg_x: 1.0826  loss_reg_y: 0.6545
12/28 12:20:14 - mmengine - INFO - Epoch(train) [21][ 420/1544]  lr: 1.8952e-03  eta: 2 days, 21:05:03  time: 3.7921  data_time: 0.0027  memory: 19779  grad_norm: 28.2221  loss: 3.7453  loss_text: 0.7285  loss_center: 1.3308  loss_reg_x: 1.0381  loss_reg_y: 0.6478
12/28 12:20:33 - mmengine - INFO - Epoch(train) [21][ 425/1544]  lr: 1.8952e-03  eta: 2 days, 21:02:16  time: 3.9255  data_time: 0.0028  memory: 19779  grad_norm: 28.1637  loss: 3.9283  loss_text: 0.7232  loss_center: 1.3945  loss_reg_x: 1.1013  loss_reg_y: 0.7093
12/28 12:20:54 - mmengine - INFO - Epoch(train) [21][ 430/1544]  lr: 1.8952e-03  eta: 2 days, 21:03:47  time: 4.0301  data_time: 0.0027  memory: 19779  grad_norm: 24.5999  loss: 3.8110  loss_text: 0.7881  loss_center: 1.3815  loss_reg_x: 0.9895  loss_reg_y: 0.6518
12/28 12:21:13 - mmengine - INFO - Epoch(train) [21][ 435/1544]  lr: 1.8952e-03  eta: 2 days, 21:01:41  time: 4.0562  data_time: 0.0028  memory: 19779  grad_norm: 27.5422  loss: 3.5377  loss_text: 0.7988  loss_center: 1.3057  loss_reg_x: 0.8664  loss_reg_y: 0.5668
12/28 12:21:34 - mmengine - INFO - Epoch(train) [21][ 440/1544]  lr: 1.8952e-03  eta: 2 days, 21:03:00  time: 4.0490  data_time: 0.0027  memory: 19779  grad_norm: 31.6210  loss: 3.5516  loss_text: 0.9046  loss_center: 1.2721  loss_reg_x: 0.8279  loss_reg_y: 0.5470
12/28 12:21:56 - mmengine - INFO - Epoch(train) [21][ 445/1544]  lr: 1.8952e-03  eta: 2 days, 21:06:48  time: 4.3046  data_time: 0.0027  memory: 19779  grad_norm: 32.7554  loss: 3.5548  loss_text: 0.8818  loss_center: 1.2626  loss_reg_x: 0.8368  loss_reg_y: 0.5737
12/28 12:22:18 - mmengine - INFO - Epoch(train) [21][ 450/1544]  lr: 1.8952e-03  eta: 2 days, 21:09:14  time: 4.3583  data_time: 0.0026  memory: 19779  grad_norm: 29.7050  loss: 3.5010  loss_text: 0.7262  loss_center: 1.3444  loss_reg_x: 0.8128  loss_reg_y: 0.6176
12/28 12:22:41 - mmengine - INFO - Epoch(train) [21][ 455/1544]  lr: 1.8952e-03  eta: 2 days, 21:14:12  time: 4.4172  data_time: 0.0025  memory: 19779  grad_norm: 22.1128  loss: 3.3558  loss_text: 0.6959  loss_center: 1.3013  loss_reg_x: 0.7552  loss_reg_y: 0.6035
12/28 12:23:01 - mmengine - INFO - Epoch(train) [21][ 460/1544]  lr: 1.8952e-03  eta: 2 days, 21:14:43  time: 4.3380  data_time: 0.0028  memory: 19779  grad_norm: 22.5552  loss: 3.2144  loss_text: 0.6617  loss_center: 1.2108  loss_reg_x: 0.7819  loss_reg_y: 0.5600
12/28 12:23:22 - mmengine - INFO - Epoch(train) [21][ 465/1544]  lr: 1.8952e-03  eta: 2 days, 21:15:03  time: 4.1355  data_time: 0.0027  memory: 19779  grad_norm: 28.4385  loss: 3.5536  loss_text: 0.8069  loss_center: 1.2161  loss_reg_x: 0.9187  loss_reg_y: 0.6119
12/28 12:23:44 - mmengine - INFO - Epoch(train) [21][ 470/1544]  lr: 1.8952e-03  eta: 2 days, 21:19:24  time: 4.3130  data_time: 0.0025  memory: 19779  grad_norm: 27.9479  loss: 3.8136  loss_text: 0.8868  loss_center: 1.2362  loss_reg_x: 0.9274  loss_reg_y: 0.7633
12/28 12:24:04 - mmengine - INFO - Epoch(train) [21][ 475/1544]  lr: 1.8952e-03  eta: 2 days, 21:16:44  time: 4.1771  data_time: 0.0026  memory: 19779  grad_norm: 36.7093  loss: 3.9180  loss_text: 0.8617  loss_center: 1.3197  loss_reg_x: 0.9606  loss_reg_y: 0.7760
12/28 12:24:22 - mmengine - INFO - Epoch(train) [21][ 480/1544]  lr: 1.8952e-03  eta: 2 days, 21:12:08  time: 3.7624  data_time: 0.0027  memory: 19779  grad_norm: 35.5251  loss: 3.8178  loss_text: 0.8019  loss_center: 1.3458  loss_reg_x: 0.9694  loss_reg_y: 0.7007
12/28 12:24:41 - mmengine - INFO - Epoch(train) [21][ 485/1544]  lr: 1.8952e-03  eta: 2 days, 21:08:37  time: 3.7162  data_time: 0.0025  memory: 19779  grad_norm: 27.2018  loss: 3.6066  loss_text: 0.7270  loss_center: 1.3340  loss_reg_x: 0.8869  loss_reg_y: 0.6587
12/28 12:25:00 - mmengine - INFO - Epoch(train) [21][ 490/1544]  lr: 1.8952e-03  eta: 2 days, 21:06:26  time: 3.8247  data_time: 0.0024  memory: 19779  grad_norm: 27.1310  loss: 3.6740  loss_text: 0.7619  loss_center: 1.3851  loss_reg_x: 0.9113  loss_reg_y: 0.6156
12/28 12:25:20 - mmengine - INFO - Epoch(train) [21][ 495/1544]  lr: 1.8952e-03  eta: 2 days, 21:04:29  time: 3.8952  data_time: 0.0023  memory: 19779  grad_norm: 27.4212  loss: 3.6920  loss_text: 0.7888  loss_center: 1.3259  loss_reg_x: 0.9869  loss_reg_y: 0.5904
12/28 12:25:40 - mmengine - INFO - Epoch(train) [21][ 500/1544]  lr: 1.8952e-03  eta: 2 days, 21:04:31  time: 3.9996  data_time: 0.0027  memory: 19779  grad_norm: 29.2683  loss: 3.7527  loss_text: 0.8072  loss_center: 1.2624  loss_reg_x: 1.0338  loss_reg_y: 0.6493
12/28 12:26:00 - mmengine - INFO - Epoch(train) [21][ 505/1544]  lr: 1.8952e-03  eta: 2 days, 21:03:37  time: 4.0491  data_time: 0.0028  memory: 19779  grad_norm: 26.8421  loss: 3.7905  loss_text: 0.7773  loss_center: 1.3894  loss_reg_x: 0.9786  loss_reg_y: 0.6452
12/28 12:26:22 - mmengine - INFO - Epoch(train) [21][ 510/1544]  lr: 1.8952e-03  eta: 2 days, 21:06:24  time: 4.1871  data_time: 0.0025  memory: 19779  grad_norm: 24.2445  loss: 3.4417  loss_text: 0.6966  loss_center: 1.3867  loss_reg_x: 0.8416  loss_reg_y: 0.5169
12/28 12:26:43 - mmengine - INFO - Epoch(train) [21][ 515/1544]  lr: 1.8952e-03  eta: 2 days, 21:06:48  time: 4.2538  data_time: 0.0026  memory: 19779  grad_norm: 27.1014  loss: 3.2860  loss_text: 0.6703  loss_center: 1.3295  loss_reg_x: 0.7479  loss_reg_y: 0.5384
12/28 12:27:04 - mmengine - INFO - Epoch(train) [21][ 520/1544]  lr: 1.8952e-03  eta: 2 days, 21:07:25  time: 4.1484  data_time: 0.0025  memory: 19779  grad_norm: 23.9682  loss: 3.2096  loss_text: 0.6524  loss_center: 1.2995  loss_reg_x: 0.6977  loss_reg_y: 0.5600
12/28 12:27:26 - mmengine - INFO - Epoch(train) [21][ 525/1544]  lr: 1.8952e-03  eta: 2 days, 21:11:36  time: 4.3444  data_time: 0.0024  memory: 19779  grad_norm: 25.6692  loss: 3.4159  loss_text: 0.7006  loss_center: 1.3225  loss_reg_x: 0.7881  loss_reg_y: 0.6047
12/28 12:27:46 - mmengine - INFO - Epoch(train) [21][ 530/1544]  lr: 1.8952e-03  eta: 2 days, 21:09:51  time: 4.2249  data_time: 0.0024  memory: 19779  grad_norm: 28.7904  loss: 3.7403  loss_text: 0.8086  loss_center: 1.4063  loss_reg_x: 0.8658  loss_reg_y: 0.6595
12/28 12:28:07 - mmengine - INFO - Epoch(train) [21][ 535/1544]  lr: 1.8952e-03  eta: 2 days, 21:10:21  time: 4.0380  data_time: 0.0028  memory: 19779  grad_norm: 34.4985  loss: 4.1747  loss_text: 0.8988  loss_center: 1.4153  loss_reg_x: 1.0593  loss_reg_y: 0.8012
12/28 12:28:27 - mmengine - INFO - Epoch(train) [21][ 540/1544]  lr: 1.8952e-03  eta: 2 days, 21:09:15  time: 4.0701  data_time: 0.0030  memory: 19779  grad_norm: 34.6228  loss: 4.0145  loss_text: 0.8455  loss_center: 1.3248  loss_reg_x: 1.0276  loss_reg_y: 0.8165
12/28 12:28:49 - mmengine - INFO - Epoch(train) [21][ 545/1544]  lr: 1.8952e-03  eta: 2 days, 21:12:40  time: 4.2268  data_time: 0.0026  memory: 19779  grad_norm: 24.3663  loss: 3.3913  loss_text: 0.7513  loss_center: 1.2994  loss_reg_x: 0.7505  loss_reg_y: 0.5899
12/28 12:29:09 - mmengine - INFO - Epoch(train) [21][ 550/1544]  lr: 1.8952e-03  eta: 2 days, 21:11:57  time: 4.2494  data_time: 0.0028  memory: 19779  grad_norm: 27.6189  loss: 3.6089  loss_text: 0.7409  loss_center: 1.3684  loss_reg_x: 0.9451  loss_reg_y: 0.5545
12/28 12:29:31 - mmengine - INFO - Epoch(train) [21][ 555/1544]  lr: 1.8952e-03  eta: 2 days, 21:14:01  time: 4.1808  data_time: 0.0030  memory: 19779  grad_norm: 28.4072  loss: 3.7144  loss_text: 0.7742  loss_center: 1.3041  loss_reg_x: 1.0141  loss_reg_y: 0.6221
12/28 12:29:53 - mmengine - INFO - Epoch(train) [21][ 560/1544]  lr: 1.8952e-03  eta: 2 days, 21:16:30  time: 4.3564  data_time: 0.0029  memory: 19779  grad_norm: 30.4670  loss: 4.1054  loss_text: 0.9094  loss_center: 1.3110  loss_reg_x: 1.1425  loss_reg_y: 0.7425
12/28 12:30:15 - mmengine - INFO - Epoch(train) [21][ 565/1544]  lr: 1.8952e-03  eta: 2 days, 21:19:08  time: 4.3930  data_time: 0.0028  memory: 19779  grad_norm: 31.9487  loss: 4.3086  loss_text: 0.9311  loss_center: 1.3371  loss_reg_x: 1.2424  loss_reg_y: 0.7980
12/28 12:30:33 - mmengine - INFO - Epoch(train) [21][ 570/1544]  lr: 1.8952e-03  eta: 2 days, 21:14:52  time: 4.0217  data_time: 0.0024  memory: 19779  grad_norm: 24.8885  loss: 3.8678  loss_text: 0.8176  loss_center: 1.3323  loss_reg_x: 0.9990  loss_reg_y: 0.7188
12/28 12:30:55 - mmengine - INFO - Epoch(train) [21][ 575/1544]  lr: 1.8952e-03  eta: 2 days, 21:17:44  time: 4.0377  data_time: 0.0025  memory: 19779  grad_norm: 23.6207  loss: 3.5764  loss_text: 0.7754  loss_center: 1.3210  loss_reg_x: 0.8396  loss_reg_y: 0.6404
12/28 12:31:15 - mmengine - INFO - Epoch(train) [21][ 580/1544]  lr: 1.8952e-03  eta: 2 days, 21:16:46  time: 4.2213  data_time: 0.0027  memory: 19779  grad_norm: 25.1592  loss: 3.5325  loss_text: 0.7794  loss_center: 1.3072  loss_reg_x: 0.8407  loss_reg_y: 0.6052
12/28 12:31:35 - mmengine - INFO - Epoch(train) [21][ 585/1544]  lr: 1.8952e-03  eta: 2 days, 21:15:55  time: 4.0114  data_time: 0.0024  memory: 19779  grad_norm: 28.7349  loss: 3.8636  loss_text: 0.8001  loss_center: 1.4310  loss_reg_x: 0.9429  loss_reg_y: 0.6897
12/28 12:31:56 - mmengine - INFO - Epoch(train) [21][ 590/1544]  lr: 1.8952e-03  eta: 2 days, 21:17:09  time: 4.1374  data_time: 0.0024  memory: 19779  grad_norm: 28.4383  loss: 3.8352  loss_text: 0.7861  loss_center: 1.4390  loss_reg_x: 0.9508  loss_reg_y: 0.6593
12/28 12:32:16 - mmengine - INFO - Epoch(train) [21][ 595/1544]  lr: 1.8952e-03  eta: 2 days, 21:15:13  time: 4.0752  data_time: 0.0026  memory: 19779  grad_norm: 27.9767  loss: 3.7103  loss_text: 0.8181  loss_center: 1.3753  loss_reg_x: 0.9456  loss_reg_y: 0.5713
12/28 12:32:35 - mmengine - INFO - Epoch(train) [21][ 600/1544]  lr: 1.8952e-03  eta: 2 days, 21:12:34  time: 3.8482  data_time: 0.0024  memory: 19779  grad_norm: 29.3708  loss: 3.7308  loss_text: 0.8737  loss_center: 1.3293  loss_reg_x: 0.9372  loss_reg_y: 0.5905
12/28 12:32:57 - mmengine - INFO - Epoch(train) [21][ 605/1544]  lr: 1.8952e-03  eta: 2 days, 21:14:56  time: 4.0993  data_time: 0.0024  memory: 19779  grad_norm: 26.4367  loss: 3.7797  loss_text: 0.8472  loss_center: 1.3853  loss_reg_x: 0.9372  loss_reg_y: 0.6100
12/28 12:33:18 - mmengine - INFO - Epoch(train) [21][ 610/1544]  lr: 1.8952e-03  eta: 2 days, 21:16:13  time: 4.3327  data_time: 0.0024  memory: 19779  grad_norm: 24.3168  loss: 3.5521  loss_text: 0.7866  loss_center: 1.3349  loss_reg_x: 0.8547  loss_reg_y: 0.5760
12/28 12:33:39 - mmengine - INFO - Epoch(train) [21][ 615/1544]  lr: 1.8952e-03  eta: 2 days, 21:16:13  time: 4.1952  data_time: 0.0023  memory: 19779  grad_norm: 25.1229  loss: 3.2852  loss_text: 0.7617  loss_center: 1.1879  loss_reg_x: 0.7891  loss_reg_y: 0.5465
12/28 12:33:58 - mmengine - INFO - Epoch(train) [21][ 620/1544]  lr: 1.8952e-03  eta: 2 days, 21:14:05  time: 3.9898  data_time: 0.0023  memory: 19779  grad_norm: 31.5532  loss: 3.3335  loss_text: 0.7590  loss_center: 1.2311  loss_reg_x: 0.8044  loss_reg_y: 0.5390
12/28 12:34:22 - mmengine - INFO - Epoch(train) [21][ 625/1544]  lr: 1.8952e-03  eta: 2 days, 21:20:10  time: 4.3625  data_time: 0.0024  memory: 19779  grad_norm: 29.8544  loss: 3.4855  loss_text: 0.7403  loss_center: 1.3065  loss_reg_x: 0.8480  loss_reg_y: 0.5906
12/28 12:34:44 - mmengine - INFO - Epoch(train) [21][ 630/1544]  lr: 1.8952e-03  eta: 2 days, 21:20:54  time: 4.5399  data_time: 0.0026  memory: 19779  grad_norm: 26.4506  loss: 3.7363  loss_text: 0.7653  loss_center: 1.3368  loss_reg_x: 0.9620  loss_reg_y: 0.6723
12/28 12:35:04 - mmengine - INFO - Epoch(train) [21][ 635/1544]  lr: 1.8952e-03  eta: 2 days, 21:20:47  time: 4.1639  data_time: 0.0029  memory: 19779  grad_norm: 29.1513  loss: 3.7490  loss_text: 0.7659  loss_center: 1.4766  loss_reg_x: 0.9280  loss_reg_y: 0.5785
12/28 12:35:24 - mmengine - INFO - Epoch(train) [21][ 640/1544]  lr: 1.8952e-03  eta: 2 days, 21:19:45  time: 4.0545  data_time: 0.0027  memory: 19779  grad_norm: 30.1318  loss: 3.4767  loss_text: 0.7106  loss_center: 1.4444  loss_reg_x: 0.8293  loss_reg_y: 0.4924
12/28 12:35:45 - mmengine - INFO - Epoch(train) [21][ 645/1544]  lr: 1.8952e-03  eta: 2 days, 21:20:26  time: 4.1055  data_time: 0.0025  memory: 19779  grad_norm: 29.3338  loss: 3.3271  loss_text: 0.6992  loss_center: 1.2940  loss_reg_x: 0.7919  loss_reg_y: 0.5420
12/28 12:36:05 - mmengine - INFO - Epoch(train) [21][ 650/1544]  lr: 1.8952e-03  eta: 2 days, 21:18:49  time: 4.0674  data_time: 0.0026  memory: 19779  grad_norm: 26.7902  loss: 3.3085  loss_text: 0.7113  loss_center: 1.2265  loss_reg_x: 0.7675  loss_reg_y: 0.6033
12/28 12:36:27 - mmengine - INFO - Epoch(train) [21][ 655/1544]  lr: 1.8952e-03  eta: 2 days, 21:20:34  time: 4.1366  data_time: 0.0025  memory: 19779  grad_norm: 24.1119  loss: 3.3294  loss_text: 0.6952  loss_center: 1.2133  loss_reg_x: 0.8282  loss_reg_y: 0.5928
12/28 12:36:47 - mmengine - INFO - Epoch(train) [21][ 660/1544]  lr: 1.8952e-03  eta: 2 days, 21:19:53  time: 4.1965  data_time: 0.0024  memory: 19779  grad_norm: 29.0674  loss: 3.5002  loss_text: 0.7337  loss_center: 1.2554  loss_reg_x: 0.8667  loss_reg_y: 0.6444
12/28 12:37:06 - mmengine - INFO - Epoch(train) [21][ 665/1544]  lr: 1.8952e-03  eta: 2 days, 21:18:27  time: 3.9909  data_time: 0.0028  memory: 19779  grad_norm: 29.2785  loss: 3.4486  loss_text: 0.7708  loss_center: 1.2754  loss_reg_x: 0.7628  loss_reg_y: 0.6396
12/28 12:37:26 - mmengine - INFO - Epoch(train) [21][ 670/1544]  lr: 1.8952e-03  eta: 2 days, 21:16:54  time: 3.9343  data_time: 0.0028  memory: 19779  grad_norm: 24.0891  loss: 3.5059  loss_text: 0.8128  loss_center: 1.3789  loss_reg_x: 0.7760  loss_reg_y: 0.5382
12/28 12:37:48 - mmengine - INFO - Epoch(train) [21][ 675/1544]  lr: 1.8952e-03  eta: 2 days, 21:18:28  time: 4.1310  data_time: 0.0025  memory: 19779  grad_norm: 22.7828  loss: 3.3961  loss_text: 0.7796  loss_center: 1.3294  loss_reg_x: 0.7493  loss_reg_y: 0.5378
12/28 12:38:07 - mmengine - INFO - Epoch(train) [21][ 680/1544]  lr: 1.8952e-03  eta: 2 days, 21:16:29  time: 4.0994  data_time: 0.0026  memory: 19779  grad_norm: 22.8226  loss: 3.1732  loss_text: 0.7192  loss_center: 1.1936  loss_reg_x: 0.6880  loss_reg_y: 0.5723
12/28 12:38:26 - mmengine - INFO - Epoch(train) [21][ 685/1544]  lr: 1.8952e-03  eta: 2 days, 21:14:31  time: 3.8638  data_time: 0.0025  memory: 19779  grad_norm: 22.5556  loss: 3.2520  loss_text: 0.7071  loss_center: 1.2336  loss_reg_x: 0.7335  loss_reg_y: 0.5778
12/28 12:38:46 - mmengine - INFO - Epoch(train) [21][ 690/1544]  lr: 1.8952e-03  eta: 2 days, 21:12:34  time: 3.8640  data_time: 0.0025  memory: 19779  grad_norm: 22.8265  loss: 3.5007  loss_text: 0.7173  loss_center: 1.3290  loss_reg_x: 0.8000  loss_reg_y: 0.6544
12/28 12:39:06 - mmengine - INFO - Epoch(train) [21][ 695/1544]  lr: 1.8952e-03  eta: 2 days, 21:11:44  time: 3.9382  data_time: 0.0024  memory: 19779  grad_norm: 22.6559  loss: 3.3940  loss_text: 0.7287  loss_center: 1.2817  loss_reg_x: 0.7762  loss_reg_y: 0.6074
12/28 12:39:28 - mmengine - INFO - Epoch(train) [21][ 700/1544]  lr: 1.8952e-03  eta: 2 days, 21:14:43  time: 4.2743  data_time: 0.0027  memory: 19779  grad_norm: 22.1480  loss: 3.2214  loss_text: 0.7379  loss_center: 1.2510  loss_reg_x: 0.7221  loss_reg_y: 0.5105
12/28 12:39:50 - mmengine - INFO - Epoch(train) [21][ 705/1544]  lr: 1.8952e-03  eta: 2 days, 21:15:44  time: 4.4039  data_time: 0.0028  memory: 19779  grad_norm: 29.7836  loss: 3.3878  loss_text: 0.7516  loss_center: 1.2607  loss_reg_x: 0.7162  loss_reg_y: 0.6594
12/28 12:40:10 - mmengine - INFO - Epoch(train) [21][ 710/1544]  lr: 1.8952e-03  eta: 2 days, 21:14:51  time: 4.1395  data_time: 0.0025  memory: 19779  grad_norm: 29.0102  loss: 3.4828  loss_text: 0.7369  loss_center: 1.2717  loss_reg_x: 0.7158  loss_reg_y: 0.7583
12/28 12:40:28 - mmengine - INFO - Epoch(train) [21][ 715/1544]  lr: 1.8952e-03  eta: 2 days, 21:11:48  time: 3.8553  data_time: 0.0024  memory: 19779  grad_norm: 22.4478  loss: 3.5693  loss_text: 0.7671  loss_center: 1.2705  loss_reg_x: 0.7995  loss_reg_y: 0.7322
12/28 12:40:47 - mmengine - INFO - Epoch(train) [21][ 720/1544]  lr: 1.8952e-03  eta: 2 days, 21:09:25  time: 3.7474  data_time: 0.0024  memory: 19779  grad_norm: 24.5096  loss: 3.5968  loss_text: 0.8203  loss_center: 1.2109  loss_reg_x: 0.9235  loss_reg_y: 0.6420
12/28 12:41:07 - mmengine - INFO - Epoch(train) [21][ 725/1544]  lr: 1.8952e-03  eta: 2 days, 21:08:23  time: 3.8857  data_time: 0.0024  memory: 19779  grad_norm: 23.3438  loss: 3.4257  loss_text: 0.8351  loss_center: 1.1605  loss_reg_x: 0.8426  loss_reg_y: 0.5875
12/28 12:41:27 - mmengine - INFO - Epoch(train) [21][ 730/1544]  lr: 1.8952e-03  eta: 2 days, 21:07:21  time: 3.9791  data_time: 0.0025  memory: 19779  grad_norm: 21.9825  loss: 3.3231  loss_text: 0.7598  loss_center: 1.1979  loss_reg_x: 0.7098  loss_reg_y: 0.6555
12/28 12:41:44 - mmengine - INFO - Epoch(train) [21][ 735/1544]  lr: 1.8952e-03  eta: 2 days, 21:02:38  time: 3.7118  data_time: 0.0024  memory: 19779  grad_norm: 24.3691  loss: 3.3333  loss_text: 0.7368  loss_center: 1.2557  loss_reg_x: 0.7326  loss_reg_y: 0.6081
12/28 12:42:11 - mmengine - INFO - Epoch(train) [21][ 740/1544]  lr: 1.8952e-03  eta: 2 days, 21:11:34  time: 4.4338  data_time: 0.0024  memory: 19779  grad_norm: 23.9354  loss: 3.4161  loss_text: 0.7619  loss_center: 1.2723  loss_reg_x: 0.7803  loss_reg_y: 0.6016
12/28 12:42:32 - mmengine - INFO - Epoch(train) [21][ 745/1544]  lr: 1.8952e-03  eta: 2 days, 21:11:02  time: 4.7376  data_time: 0.0028  memory: 19779  grad_norm: 20.9839  loss: 3.3713  loss_text: 0.6925  loss_center: 1.2512  loss_reg_x: 0.7498  loss_reg_y: 0.6779
12/28 12:42:52 - mmengine - INFO - Epoch(train) [21][ 750/1544]  lr: 1.8952e-03  eta: 2 days, 21:11:05  time: 4.0958  data_time: 0.0030  memory: 19779  grad_norm: 25.5511  loss: 3.5500  loss_text: 0.7263  loss_center: 1.2858  loss_reg_x: 0.8344  loss_reg_y: 0.7034
12/28 12:43:12 - mmengine - INFO - Epoch(train) [21][ 755/1544]  lr: 1.8952e-03  eta: 2 days, 21:10:04  time: 4.0609  data_time: 0.0030  memory: 19779  grad_norm: 28.2820  loss: 3.8433  loss_text: 0.8004  loss_center: 1.3217  loss_reg_x: 1.0048  loss_reg_y: 0.7163
12/28 12:43:36 - mmengine - INFO - Epoch(train) [21][ 760/1544]  lr: 1.8952e-03  eta: 2 days, 21:14:11  time: 4.3652  data_time: 0.0029  memory: 19779  grad_norm: 27.3534  loss: 3.5730  loss_text: 0.7858  loss_center: 1.2605  loss_reg_x: 0.8767  loss_reg_y: 0.6499
12/28 12:43:56 - mmengine - INFO - Epoch(train) [21][ 765/1544]  lr: 1.8952e-03  eta: 2 days, 21:13:46  time: 4.4116  data_time: 0.0026  memory: 19779  grad_norm: 23.8412  loss: 3.2563  loss_text: 0.7201  loss_center: 1.2751  loss_reg_x: 0.7126  loss_reg_y: 0.5485
12/28 12:44:16 - mmengine - INFO - Epoch(train) [21][ 770/1544]  lr: 1.8952e-03  eta: 2 days, 21:11:59  time: 3.9708  data_time: 0.0025  memory: 19779  grad_norm: 23.5764  loss: 3.5483  loss_text: 0.7570  loss_center: 1.3823  loss_reg_x: 0.8345  loss_reg_y: 0.5745
12/28 12:44:37 - mmengine - INFO - Epoch(train) [21][ 775/1544]  lr: 1.8952e-03  eta: 2 days, 21:12:48  time: 4.0643  data_time: 0.0025  memory: 19779  grad_norm: 27.0876  loss: 3.9348  loss_text: 0.8100  loss_center: 1.4331  loss_reg_x: 1.0620  loss_reg_y: 0.6297
12/28 12:44:57 - mmengine - INFO - Epoch(train) [21][ 780/1544]  lr: 1.8952e-03  eta: 2 days, 21:11:49  time: 4.1243  data_time: 0.0024  memory: 19779  grad_norm: 23.1831  loss: 3.6782  loss_text: 0.7198  loss_center: 1.3896  loss_reg_x: 0.9704  loss_reg_y: 0.5983
12/28 12:45:16 - mmengine - INFO - Epoch(train) [21][ 785/1544]  lr: 1.8952e-03  eta: 2 days, 21:10:03  time: 3.9254  data_time: 0.0025  memory: 19779  grad_norm: 24.8560  loss: 3.7252  loss_text: 0.8331  loss_center: 1.3841  loss_reg_x: 0.8423  loss_reg_y: 0.6657
12/28 12:45:34 - mmengine - INFO - Epoch(train) [21][ 790/1544]  lr: 1.8952e-03  eta: 2 days, 21:06:46  time: 3.7453  data_time: 0.0027  memory: 19779  grad_norm: 29.9055  loss: 4.0384  loss_text: 0.8799  loss_center: 1.3963  loss_reg_x: 0.9861  loss_reg_y: 0.7760
12/28 12:45:53 - mmengine - INFO - Epoch(train) [21][ 795/1544]  lr: 1.8952e-03  eta: 2 days, 21:04:33  time: 3.7065  data_time: 0.0027  memory: 19779  grad_norm: 34.7844  loss: 3.9923  loss_text: 0.9016  loss_center: 1.3975  loss_reg_x: 0.9768  loss_reg_y: 0.7163
12/28 12:46:13 - mmengine - INFO - Epoch(train) [21][ 800/1544]  lr: 1.8952e-03  eta: 2 days, 21:03:13  time: 3.8547  data_time: 0.0026  memory: 19779  grad_norm: 28.9871  loss: 3.6793  loss_text: 0.8880  loss_center: 1.3556  loss_reg_x: 0.7989  loss_reg_y: 0.6368
12/28 12:46:32 - mmengine - INFO - Epoch(train) [21][ 805/1544]  lr: 1.8952e-03  eta: 2 days, 21:01:15  time: 3.8714  data_time: 0.0024  memory: 19779  grad_norm: 23.0469  loss: 3.7305  loss_text: 0.7833  loss_center: 1.3570  loss_reg_x: 0.9482  loss_reg_y: 0.6420
12/28 12:46:51 - mmengine - INFO - Epoch(train) [21][ 810/1544]  lr: 1.8952e-03  eta: 2 days, 20:59:13  time: 3.8138  data_time: 0.0025  memory: 19779  grad_norm: 25.4160  loss: 3.8804  loss_text: 0.8072  loss_center: 1.3709  loss_reg_x: 1.0097  loss_reg_y: 0.6926
12/28 12:47:13 - mmengine - INFO - Epoch(train) [21][ 815/1544]  lr: 1.8952e-03  eta: 2 days, 21:00:57  time: 4.1065  data_time: 0.0027  memory: 19779  grad_norm: 21.8201  loss: 3.4061  loss_text: 0.7359  loss_center: 1.2364  loss_reg_x: 0.7628  loss_reg_y: 0.6710
12/28 12:47:33 - mmengine - INFO - Epoch(train) [21][ 820/1544]  lr: 1.8952e-03  eta: 2 days, 20:59:53  time: 4.1835  data_time: 0.0026  memory: 19779  grad_norm: 22.6153  loss: 3.4709  loss_text: 0.7005  loss_center: 1.2300  loss_reg_x: 0.8602  loss_reg_y: 0.6802
12/28 12:47:54 - mmengine - INFO - Epoch(train) [21][ 825/1544]  lr: 1.8952e-03  eta: 2 days, 21:00:33  time: 4.0995  data_time: 0.0029  memory: 19779  grad_norm: 26.1302  loss: 3.7017  loss_text: 0.7431  loss_center: 1.2989  loss_reg_x: 0.9624  loss_reg_y: 0.6972
12/28 12:48:16 - mmengine - INFO - Epoch(train) [21][ 830/1544]  lr: 1.8952e-03  eta: 2 days, 21:01:35  time: 4.2697  data_time: 0.0029  memory: 19779  grad_norm: 24.4883  loss: 3.6540  loss_text: 0.7630  loss_center: 1.3164  loss_reg_x: 0.8799  loss_reg_y: 0.6946
12/28 12:48:35 - mmengine - INFO - Epoch(train) [21][ 835/1544]  lr: 1.8952e-03  eta: 2 days, 20:59:54  time: 4.0794  data_time: 0.0025  memory: 19779  grad_norm: 24.4454  loss: 3.5189  loss_text: 0.7261  loss_center: 1.3389  loss_reg_x: 0.7921  loss_reg_y: 0.6618
12/28 12:48:52 - mmengine - INFO - Epoch(train) [21][ 840/1544]  lr: 1.8952e-03  eta: 2 days, 20:55:45  time: 3.6532  data_time: 0.0023  memory: 19779  grad_norm: 25.4500  loss: 3.2873  loss_text: 0.6877  loss_center: 1.2745  loss_reg_x: 0.7756  loss_reg_y: 0.5495
12/28 12:49:12 - mmengine - INFO - Epoch(train) [21][ 845/1544]  lr: 1.8952e-03  eta: 2 days, 20:54:19  time: 3.6691  data_time: 0.0022  memory: 19779  grad_norm: 25.9519  loss: 3.3679  loss_text: 0.6568  loss_center: 1.2955  loss_reg_x: 0.8582  loss_reg_y: 0.5573
12/28 12:49:31 - mmengine - INFO - Epoch(train) [21][ 850/1544]  lr: 1.8952e-03  eta: 2 days, 20:52:20  time: 3.8429  data_time: 0.0023  memory: 19779  grad_norm: 30.9627  loss: 3.6305  loss_text: 0.7751  loss_center: 1.3905  loss_reg_x: 0.9061  loss_reg_y: 0.5589
12/28 12:49:51 - mmengine - INFO - Epoch(train) [21][ 855/1544]  lr: 1.8952e-03  eta: 2 days, 20:52:29  time: 3.9756  data_time: 0.0025  memory: 19779  grad_norm: 34.8646  loss: 3.8129  loss_text: 0.8935  loss_center: 1.3452  loss_reg_x: 0.9873  loss_reg_y: 0.5869
12/28 12:50:12 - mmengine - INFO - Epoch(train) [21][ 860/1544]  lr: 1.8952e-03  eta: 2 days, 20:52:06  time: 4.1084  data_time: 0.0028  memory: 19779  grad_norm: 31.0715  loss: 3.7872  loss_text: 0.7894  loss_center: 1.3241  loss_reg_x: 1.0265  loss_reg_y: 0.6473
12/28 12:50:31 - mmengine - INFO - Epoch(train) [21][ 865/1544]  lr: 1.8952e-03  eta: 2 days, 20:50:58  time: 3.9995  data_time: 0.0030  memory: 19779  grad_norm: 25.6092  loss: 3.6568  loss_text: 0.7073  loss_center: 1.3500  loss_reg_x: 0.9740  loss_reg_y: 0.6256
12/28 12:50:50 - mmengine - INFO - Epoch(train) [21][ 870/1544]  lr: 1.8952e-03  eta: 2 days, 20:49:06  time: 3.8730  data_time: 0.0028  memory: 19779  grad_norm: 21.5475  loss: 3.4075  loss_text: 0.7170  loss_center: 1.3097  loss_reg_x: 0.8286  loss_reg_y: 0.5523
12/28 12:51:10 - mmengine - INFO - Epoch(train) [21][ 875/1544]  lr: 1.8952e-03  eta: 2 days, 20:47:33  time: 3.8342  data_time: 0.0024  memory: 19779  grad_norm: 23.3621  loss: 3.4240  loss_text: 0.7463  loss_center: 1.3099  loss_reg_x: 0.8035  loss_reg_y: 0.5643
12/28 12:51:30 - mmengine - INFO - Epoch(train) [21][ 880/1544]  lr: 1.8952e-03  eta: 2 days, 20:46:46  time: 3.9241  data_time: 0.0026  memory: 19779  grad_norm: 25.5623  loss: 3.4579  loss_text: 0.7467  loss_center: 1.3146  loss_reg_x: 0.8121  loss_reg_y: 0.5846
12/28 12:51:50 - mmengine - INFO - Epoch(train) [21][ 885/1544]  lr: 1.8952e-03  eta: 2 days, 20:45:49  time: 3.9761  data_time: 0.0027  memory: 19779  grad_norm: 24.4994  loss: 3.3125  loss_text: 0.7196  loss_center: 1.3160  loss_reg_x: 0.6969  loss_reg_y: 0.5800
12/28 12:52:12 - mmengine - INFO - Epoch(train) [21][ 890/1544]  lr: 1.8952e-03  eta: 2 days, 20:47:37  time: 4.2012  data_time: 0.0024  memory: 19779  grad_norm: 25.0939  loss: 3.4451  loss_text: 0.7490  loss_center: 1.3316  loss_reg_x: 0.7496  loss_reg_y: 0.6150
12/28 12:52:32 - mmengine - INFO - Epoch(train) [21][ 895/1544]  lr: 1.8952e-03  eta: 2 days, 20:47:18  time: 4.2571  data_time: 0.0024  memory: 19779  grad_norm: 25.0532  loss: 3.5692  loss_text: 0.7604  loss_center: 1.3408  loss_reg_x: 0.8576  loss_reg_y: 0.6105
12/28 12:52:53 - mmengine - INFO - Epoch(train) [21][ 900/1544]  lr: 1.8952e-03  eta: 2 days, 20:47:59  time: 4.1616  data_time: 0.0025  memory: 19779  grad_norm: 26.3110  loss: 3.5461  loss_text: 0.8160  loss_center: 1.3146  loss_reg_x: 0.7995  loss_reg_y: 0.6161
12/28 12:53:16 - mmengine - INFO - Epoch(train) [21][ 905/1544]  lr: 1.8952e-03  eta: 2 days, 20:49:43  time: 4.3447  data_time: 0.0024  memory: 19779  grad_norm: 23.9032  loss: 3.4519  loss_text: 0.7926  loss_center: 1.3065  loss_reg_x: 0.7985  loss_reg_y: 0.5542
12/28 12:53:35 - mmengine - INFO - Epoch(train) [21][ 910/1544]  lr: 1.8952e-03  eta: 2 days, 20:48:28  time: 4.1740  data_time: 0.0026  memory: 19779  grad_norm: 21.5423  loss: 3.3225  loss_text: 0.6893  loss_center: 1.2956  loss_reg_x: 0.8319  loss_reg_y: 0.5056
12/28 12:53:55 - mmengine - INFO - Epoch(train) [21][ 915/1544]  lr: 1.8952e-03  eta: 2 days, 20:47:14  time: 3.9086  data_time: 0.0025  memory: 19779  grad_norm: 21.2648  loss: 3.2360  loss_text: 0.6606  loss_center: 1.2219  loss_reg_x: 0.8011  loss_reg_y: 0.5524
12/28 12:54:15 - mmengine - INFO - Epoch(train) [21][ 920/1544]  lr: 1.8952e-03  eta: 2 days, 20:46:46  time: 3.9789  data_time: 0.0025  memory: 19779  grad_norm: 20.3604  loss: 3.3217  loss_text: 0.7038  loss_center: 1.1845  loss_reg_x: 0.8313  loss_reg_y: 0.6021
12/28 12:54:34 - mmengine - INFO - Epoch(train) [21][ 925/1544]  lr: 1.8952e-03  eta: 2 days, 20:44:32  time: 3.8854  data_time: 0.0026  memory: 19779  grad_norm: 20.5246  loss: 3.2442  loss_text: 0.7399  loss_center: 1.1671  loss_reg_x: 0.7768  loss_reg_y: 0.5604
12/28 12:54:54 - mmengine - INFO - Epoch(train) [21][ 930/1544]  lr: 1.8952e-03  eta: 2 days, 20:44:12  time: 3.8955  data_time: 0.0026  memory: 19779  grad_norm: 25.1415  loss: 3.4502  loss_text: 0.7364  loss_center: 1.2892  loss_reg_x: 0.8227  loss_reg_y: 0.6019
12/28 12:55:12 - mmengine - INFO - Epoch(train) [21][ 935/1544]  lr: 1.8952e-03  eta: 2 days, 20:41:54  time: 3.8878  data_time: 0.0025  memory: 19779  grad_norm: 28.0975  loss: 3.6222  loss_text: 0.7443  loss_center: 1.3522  loss_reg_x: 0.8787  loss_reg_y: 0.6471
12/28 12:55:32 - mmengine - INFO - Epoch(train) [21][ 940/1544]  lr: 1.8952e-03  eta: 2 days, 20:41:00  time: 3.8339  data_time: 0.0025  memory: 19779  grad_norm: 33.2326  loss: 3.5932  loss_text: 0.7803  loss_center: 1.3160  loss_reg_x: 0.8563  loss_reg_y: 0.6406
12/28 12:55:50 - mmengine - INFO - Epoch(train) [21][ 945/1544]  lr: 1.8952e-03  eta: 2 days, 20:38:13  time: 3.7851  data_time: 0.0025  memory: 19779  grad_norm: 33.8191  loss: 3.6368  loss_text: 0.8176  loss_center: 1.2826  loss_reg_x: 0.9031  loss_reg_y: 0.6334
12/28 12:56:09 - mmengine - INFO - Epoch(train) [21][ 950/1544]  lr: 1.8952e-03  eta: 2 days, 20:36:17  time: 3.6874  data_time: 0.0023  memory: 19779  grad_norm: 28.2827  loss: 3.6575  loss_text: 0.8060  loss_center: 1.2447  loss_reg_x: 0.9142  loss_reg_y: 0.6926
12/28 12:56:29 - mmengine - INFO - Epoch(train) [21][ 955/1544]  lr: 1.8952e-03  eta: 2 days, 20:35:41  time: 3.8882  data_time: 0.0023  memory: 19779  grad_norm: 26.0038  loss: 3.6774  loss_text: 0.7661  loss_center: 1.3241  loss_reg_x: 0.9116  loss_reg_y: 0.6756
12/28 12:56:50 - mmengine - INFO - Epoch(train) [21][ 960/1544]  lr: 1.8952e-03  eta: 2 days, 20:35:48  time: 4.0794  data_time: 0.0024  memory: 19779  grad_norm: 18.7597  loss: 3.3249  loss_text: 0.6944  loss_center: 1.3267  loss_reg_x: 0.8012  loss_reg_y: 0.5025
12/28 12:57:12 - mmengine - INFO - Epoch(train) [21][ 965/1544]  lr: 1.8952e-03  eta: 2 days, 20:37:09  time: 4.2659  data_time: 0.0024  memory: 19779  grad_norm: 19.1149  loss: 3.4296  loss_text: 0.7303  loss_center: 1.3236  loss_reg_x: 0.8768  loss_reg_y: 0.4989
12/28 12:57:31 - mmengine - INFO - Epoch(train) [21][ 970/1544]  lr: 1.8952e-03  eta: 2 days, 20:35:25  time: 4.0907  data_time: 0.0023  memory: 19779  grad_norm: 27.1817  loss: 3.6985  loss_text: 0.7862  loss_center: 1.3403  loss_reg_x: 0.9192  loss_reg_y: 0.6529
12/28 12:57:51 - mmengine - INFO - Epoch(train) [21][ 975/1544]  lr: 1.8952e-03  eta: 2 days, 20:34:54  time: 3.9121  data_time: 0.0025  memory: 19779  grad_norm: 30.7090  loss: 3.6649  loss_text: 0.7844  loss_center: 1.3071  loss_reg_x: 0.8258  loss_reg_y: 0.7476
12/28 12:58:12 - mmengine - INFO - Epoch(train) [21][ 980/1544]  lr: 1.8952e-03  eta: 2 days, 20:35:02  time: 4.0906  data_time: 0.0025  memory: 19779  grad_norm: 27.9812  loss: 3.4295  loss_text: 0.7282  loss_center: 1.2903  loss_reg_x: 0.8156  loss_reg_y: 0.5955
12/28 12:58:32 - mmengine - INFO - Epoch(train) [21][ 985/1544]  lr: 1.8952e-03  eta: 2 days, 20:34:28  time: 4.0842  data_time: 0.0025  memory: 19779  grad_norm: 24.3650  loss: 3.3251  loss_text: 0.7156  loss_center: 1.3702  loss_reg_x: 0.7157  loss_reg_y: 0.5236
12/28 12:58:51 - mmengine - INFO - Epoch(train) [21][ 990/1544]  lr: 1.8952e-03  eta: 2 days, 20:32:42  time: 3.8994  data_time: 0.0024  memory: 19779  grad_norm: 21.2856  loss: 3.4128  loss_text: 0.7360  loss_center: 1.2966  loss_reg_x: 0.7176  loss_reg_y: 0.6626
12/28 12:59:09 - mmengine - INFO - Epoch(train) [21][ 995/1544]  lr: 1.8952e-03  eta: 2 days, 20:30:19  time: 3.7209  data_time: 0.0024  memory: 19779  grad_norm: 25.0539  loss: 3.5353  loss_text: 0.7337  loss_center: 1.2286  loss_reg_x: 0.8876  loss_reg_y: 0.6855
12/28 12:59:29 - mmengine - INFO - Epoch(train) [21][1000/1544]  lr: 1.8952e-03  eta: 2 days, 20:29:53  time: 3.8496  data_time: 0.0026  memory: 19779  grad_norm: 27.3094  loss: 3.5287  loss_text: 0.7426  loss_center: 1.3388  loss_reg_x: 0.8914  loss_reg_y: 0.5560
12/28 12:59:50 - mmengine - INFO - Epoch(train) [21][1005/1544]  lr: 1.8952e-03  eta: 2 days, 20:30:34  time: 4.1518  data_time: 0.0025  memory: 19779  grad_norm: 23.1378  loss: 3.5361  loss_text: 0.7548  loss_center: 1.3234  loss_reg_x: 0.9031  loss_reg_y: 0.5548
12/28 13:00:11 - mmengine - INFO - Epoch(train) [21][1010/1544]  lr: 1.8952e-03  eta: 2 days, 20:30:19  time: 4.1694  data_time: 0.0023  memory: 19779  grad_norm: 24.8635  loss: 3.7443  loss_text: 0.8021  loss_center: 1.3611  loss_reg_x: 0.9217  loss_reg_y: 0.6593
12/28 13:00:31 - mmengine - INFO - Epoch(train) [21][1015/1544]  lr: 1.8952e-03  eta: 2 days, 20:29:35  time: 4.0289  data_time: 0.0023  memory: 19779  grad_norm: 29.8463  loss: 3.7830  loss_text: 0.8618  loss_center: 1.3560  loss_reg_x: 0.9071  loss_reg_y: 0.6581
12/28 13:00:50 - mmengine - INFO - Epoch(train) [21][1020/1544]  lr: 1.8952e-03  eta: 2 days, 20:28:04  time: 3.9003  data_time: 0.0024  memory: 19779  grad_norm: 28.9692  loss: 3.7132  loss_text: 0.8153  loss_center: 1.3097  loss_reg_x: 0.9526  loss_reg_y: 0.6356
12/28 13:01:12 - mmengine - INFO - Epoch(train) [21][1025/1544]  lr: 1.8952e-03  eta: 2 days, 20:29:15  time: 4.0931  data_time: 0.0025  memory: 19779  grad_norm: 28.2950  loss: 3.7923  loss_text: 0.8377  loss_center: 1.4518  loss_reg_x: 0.8859  loss_reg_y: 0.6170
12/28 13:01:32 - mmengine - INFO - Epoch(train) [21][1030/1544]  lr: 1.8952e-03  eta: 2 days, 20:28:48  time: 4.2013  data_time: 0.0024  memory: 19779  grad_norm: 26.3402  loss: 3.5733  loss_text: 0.8260  loss_center: 1.3667  loss_reg_x: 0.8189  loss_reg_y: 0.5617
12/28 13:01:50 - mmengine - INFO - Epoch(train) [21][1035/1544]  lr: 1.8952e-03  eta: 2 days, 20:26:42  time: 3.8685  data_time: 0.0024  memory: 19779  grad_norm: 23.1801  loss: 3.3805  loss_text: 0.7581  loss_center: 1.2157  loss_reg_x: 0.8428  loss_reg_y: 0.5639
12/28 13:02:09 - mmengine - INFO - Epoch(train) [21][1040/1544]  lr: 1.8952e-03  eta: 2 days, 20:24:21  time: 3.6724  data_time: 0.0024  memory: 19779  grad_norm: 23.3383  loss: 3.4951  loss_text: 0.7774  loss_center: 1.2475  loss_reg_x: 0.8921  loss_reg_y: 0.5781
12/28 13:02:29 - mmengine - INFO - Epoch(train) [21][1045/1544]  lr: 1.8952e-03  eta: 2 days, 20:24:14  time: 3.8729  data_time: 0.0026  memory: 19779  grad_norm: 24.4222  loss: 3.4359  loss_text: 0.7764  loss_center: 1.2047  loss_reg_x: 0.8216  loss_reg_y: 0.6332
12/28 13:02:49 - mmengine - INFO - Epoch(train) [21][1050/1544]  lr: 1.8952e-03  eta: 2 days, 20:23:14  time: 4.0105  data_time: 0.0026  memory: 19779  grad_norm: 25.4356  loss: 3.6436  loss_text: 0.7798  loss_center: 1.2997  loss_reg_x: 0.9268  loss_reg_y: 0.6372
12/28 13:03:07 - mmengine - INFO - Epoch(train) [21][1055/1544]  lr: 1.8952e-03  eta: 2 days, 20:20:46  time: 3.7636  data_time: 0.0026  memory: 19779  grad_norm: 22.2472  loss: 3.6887  loss_text: 0.7448  loss_center: 1.4028  loss_reg_x: 0.9493  loss_reg_y: 0.5918
12/28 13:03:27 - mmengine - INFO - Epoch(train) [21][1060/1544]  lr: 1.8952e-03  eta: 2 days, 20:19:58  time: 3.7834  data_time: 0.0027  memory: 19779  grad_norm: 23.4107  loss: 3.6372  loss_text: 0.7478  loss_center: 1.3344  loss_reg_x: 0.9147  loss_reg_y: 0.6403
12/28 13:03:45 - mmengine - INFO - Epoch(train) [21][1065/1544]  lr: 1.8952e-03  eta: 2 days, 20:18:08  time: 3.8474  data_time: 0.0026  memory: 19779  grad_norm: 25.4283  loss: 3.9396  loss_text: 0.7693  loss_center: 1.3314  loss_reg_x: 1.0941  loss_reg_y: 0.7449
12/28 13:04:03 - mmengine - INFO - Epoch(train) [21][1070/1544]  lr: 1.8952e-03  eta: 2 days, 20:15:34  time: 3.6580  data_time: 0.0024  memory: 19779  grad_norm: 26.0246  loss: 4.0275  loss_text: 0.8568  loss_center: 1.3598  loss_reg_x: 1.0430  loss_reg_y: 0.7678
12/28 13:04:22 - mmengine - INFO - Epoch(train) [21][1075/1544]  lr: 1.8952e-03  eta: 2 days, 20:13:44  time: 3.6562  data_time: 0.0022  memory: 19779  grad_norm: 28.1591  loss: 3.6970  loss_text: 0.8847  loss_center: 1.3105  loss_reg_x: 0.8361  loss_reg_y: 0.6658
12/28 13:04:42 - mmengine - INFO - Epoch(train) [21][1080/1544]  lr: 1.8952e-03  eta: 2 days, 20:13:23  time: 3.8893  data_time: 0.0022  memory: 19779  grad_norm: 25.5307  loss: 3.3729  loss_text: 0.8184  loss_center: 1.2559  loss_reg_x: 0.7324  loss_reg_y: 0.5662
12/28 13:05:02 - mmengine - INFO - Epoch(train) [21][1085/1544]  lr: 1.8952e-03  eta: 2 days, 20:12:36  time: 3.9986  data_time: 0.0023  memory: 19779  grad_norm: 24.6512  loss: 3.3547  loss_text: 0.7922  loss_center: 1.2240  loss_reg_x: 0.7070  loss_reg_y: 0.6313
12/28 13:05:20 - mmengine - INFO - Epoch(train) [21][1090/1544]  lr: 1.8952e-03  eta: 2 days, 20:10:41  time: 3.8291  data_time: 0.0023  memory: 19779  grad_norm: 22.5888  loss: 3.3105  loss_text: 0.7054  loss_center: 1.2881  loss_reg_x: 0.7083  loss_reg_y: 0.6087
12/28 13:05:45 - mmengine - INFO - Epoch(train) [21][1095/1544]  lr: 1.8952e-03  eta: 2 days, 20:14:21  time: 4.3091  data_time: 0.0023  memory: 19779  grad_norm: 22.5461  loss: 3.2488  loss_text: 0.7225  loss_center: 1.3364  loss_reg_x: 0.7316  loss_reg_y: 0.4582
12/28 13:06:06 - mmengine - INFO - Epoch(train) [21][1100/1544]  lr: 1.8952e-03  eta: 2 days, 20:14:51  time: 4.5713  data_time: 0.0026  memory: 19779  grad_norm: 25.1340  loss: 3.2346  loss_text: 0.7638  loss_center: 1.3091  loss_reg_x: 0.7137  loss_reg_y: 0.4480
12/28 13:06:26 - mmengine - INFO - Epoch(train) [21][1105/1544]  lr: 1.8952e-03  eta: 2 days, 20:14:22  time: 4.1250  data_time: 0.0026  memory: 19779  grad_norm: 22.3352  loss: 3.1806  loss_text: 0.7035  loss_center: 1.2590  loss_reg_x: 0.7546  loss_reg_y: 0.4636
12/28 13:06:48 - mmengine - INFO - Epoch(train) [21][1110/1544]  lr: 1.8952e-03  eta: 2 days, 20:15:04  time: 4.1480  data_time: 0.0024  memory: 19779  grad_norm: 21.7046  loss: 3.5303  loss_text: 0.7928  loss_center: 1.3127  loss_reg_x: 0.8738  loss_reg_y: 0.5511
12/28 13:07:06 - mmengine - INFO - Epoch(train) [21][1115/1544]  lr: 1.8952e-03  eta: 2 days, 20:12:47  time: 3.9498  data_time: 0.0024  memory: 19779  grad_norm: 22.1324  loss: 3.5284  loss_text: 0.8118  loss_center: 1.3044  loss_reg_x: 0.8150  loss_reg_y: 0.5972
12/28 13:07:25 - mmengine - INFO - Exp name: fcenet_r50dcnv2_fpn_1500e_lsvt_ctw_pretrain_20251228_115121
12/28 13:07:25 - mmengine - INFO - Epoch(train) [21][1120/1544]  lr: 1.8952e-03  eta: 2 days, 20:11:56  time: 3.7800  data_time: 0.0024  memory: 19779  grad_norm: 31.4461  loss: 3.5564  loss_text: 0.7646  loss_center: 1.3037  loss_reg_x: 0.8982  loss_reg_y: 0.5899
12/28 13:07:44 - mmengine - INFO - Epoch(train) [21][1125/1544]  lr: 1.8952e-03  eta: 2 days, 20:09:53  time: 3.8015  data_time: 0.0024  memory: 19779  grad_norm: 29.6842  loss: 3.6785  loss_text: 0.7545  loss_center: 1.4155  loss_reg_x: 0.9111  loss_reg_y: 0.5974
12/28 13:08:06 - mmengine - INFO - Epoch(train) [21][1130/1544]  lr: 1.8952e-03  eta: 2 days, 20:11:51  time: 4.1140  data_time: 0.0025  memory: 19779  grad_norm: 22.4993  loss: 3.3240  loss_text: 0.6985  loss_center: 1.4155  loss_reg_x: 0.6911  loss_reg_y: 0.5189
12/28 13:08:25 - mmengine - INFO - Epoch(train) [21][1135/1544]  lr: 1.8952e-03  eta: 2 days, 20:10:15  time: 4.1646  data_time: 0.0025  memory: 19779  grad_norm: 30.2685  loss: 3.4809  loss_text: 0.7370  loss_center: 1.3527  loss_reg_x: 0.7731  loss_reg_y: 0.6180
12/28 13:08:47 - mmengine - INFO - Epoch(train) [21][1140/1544]  lr: 1.8952e-03  eta: 2 days, 20:10:55  time: 4.0203  data_time: 0.0024  memory: 19779  grad_norm: 27.5244  loss: 3.5654  loss_text: 0.7467  loss_center: 1.2987  loss_reg_x: 0.8526  loss_reg_y: 0.6675
12/28 13:09:06 - mmengine - INFO - Epoch(train) [21][1145/1544]  lr: 1.8952e-03  eta: 2 days, 20:10:06  time: 4.1067  data_time: 0.0024  memory: 19779  grad_norm: 22.3386  loss: 3.5241  loss_text: 0.7820  loss_center: 1.2733  loss_reg_x: 0.9155  loss_reg_y: 0.5533
12/28 13:09:25 - mmengine - INFO - Epoch(train) [21][1150/1544]  lr: 1.8952e-03  eta: 2 days, 20:08:24  time: 3.8397  data_time: 0.0026  memory: 19779  grad_norm: 23.6247  loss: 3.4623  loss_text: 0.7738  loss_center: 1.2514  loss_reg_x: 0.8487  loss_reg_y: 0.5884
12/28 13:09:45 - mmengine - INFO - Epoch(train) [21][1155/1544]  lr: 1.8952e-03  eta: 2 days, 20:08:01  time: 3.8881  data_time: 0.0024  memory: 19779  grad_norm: 23.2947  loss: 3.3085  loss_text: 0.7173  loss_center: 1.2590  loss_reg_x: 0.7580  loss_reg_y: 0.5741
12/28 13:10:04 - mmengine - INFO - Epoch(train) [21][1160/1544]  lr: 1.8952e-03  eta: 2 days, 20:06:45  time: 3.9356  data_time: 0.0026  memory: 19779  grad_norm: 25.2569  loss: 3.6157  loss_text: 0.7402  loss_center: 1.3495  loss_reg_x: 0.9257  loss_reg_y: 0.6003
12/28 13:10:23 - mmengine - INFO - Epoch(train) [21][1165/1544]  lr: 1.8952e-03  eta: 2 days, 20:04:39  time: 3.7364  data_time: 0.0026  memory: 19779  grad_norm: 25.1911  loss: 3.7107  loss_text: 0.7489  loss_center: 1.3935  loss_reg_x: 0.8698  loss_reg_y: 0.6986
12/28 13:10:43 - mmengine - INFO - Epoch(train) [21][1170/1544]  lr: 1.8952e-03  eta: 2 days, 20:04:28  time: 3.8589  data_time: 0.0023  memory: 19779  grad_norm: 22.7567  loss: 3.5941  loss_text: 0.7614  loss_center: 1.3699  loss_reg_x: 0.7951  loss_reg_y: 0.6678
12/28 13:11:01 - mmengine - INFO - Epoch(train) [21][1175/1544]  lr: 1.8952e-03  eta: 2 days, 20:02:33  time: 3.8775  data_time: 0.0024  memory: 19779  grad_norm: 25.6710  loss: 3.4181  loss_text: 0.7100  loss_center: 1.3282  loss_reg_x: 0.7974  loss_reg_y: 0.5825
12/28 13:11:21 - mmengine - INFO - Epoch(train) [21][1180/1544]  lr: 1.8952e-03  eta: 2 days, 20:01:47  time: 3.8109  data_time: 0.0027  memory: 19779  grad_norm: 27.2750  loss: 3.4788  loss_text: 0.7461  loss_center: 1.2931  loss_reg_x: 0.8217  loss_reg_y: 0.6178
12/28 13:11:42 - mmengine - INFO - Epoch(train) [21][1185/1544]  lr: 1.8952e-03  eta: 2 days, 20:02:26  time: 4.1095  data_time: 0.0027  memory: 19779  grad_norm: 25.2001  loss: 3.6295  loss_text: 0.7827  loss_center: 1.3518  loss_reg_x: 0.8294  loss_reg_y: 0.6656
12/28 13:12:00 - mmengine - INFO - Epoch(train) [21][1190/1544]  lr: 1.8952e-03  eta: 2 days, 20:00:05  time: 3.9206  data_time: 0.0026  memory: 19779  grad_norm: 25.4545  loss: 3.4830  loss_text: 0.7418  loss_center: 1.3395  loss_reg_x: 0.7953  loss_reg_y: 0.6065
12/28 13:12:20 - mmengine - INFO - Epoch(train) [21][1195/1544]  lr: 1.8952e-03  eta: 2 days, 19:59:12  time: 3.7397  data_time: 0.0026  memory: 19779  grad_norm: 25.8535  loss: 3.4829  loss_text: 0.8413  loss_center: 1.3060  loss_reg_x: 0.7461  loss_reg_y: 0.5895
12/28 13:12:40 - mmengine - INFO - Epoch(train) [21][1200/1544]  lr: 1.8952e-03  eta: 2 days, 19:58:31  time: 3.9363  data_time: 0.0024  memory: 19779  grad_norm: 20.1752  loss: 3.1597  loss_text: 0.7558  loss_center: 1.2866  loss_reg_x: 0.5926  loss_reg_y: 0.5247
12/28 13:12:59 - mmengine - INFO - Epoch(train) [21][1205/1544]  lr: 1.8952e-03  eta: 2 days, 19:57:03  time: 3.8663  data_time: 0.0024  memory: 19779  grad_norm: 21.6672  loss: 2.9289  loss_text: 0.6411  loss_center: 1.1988  loss_reg_x: 0.5864  loss_reg_y: 0.5026
12/28 13:13:19 - mmengine - INFO - Epoch(train) [21][1210/1544]  lr: 1.8952e-03  eta: 2 days, 19:56:43  time: 3.9060  data_time: 0.0025  memory: 19779  grad_norm: 26.3790  loss: 3.4381  loss_text: 0.7363  loss_center: 1.2668  loss_reg_x: 0.8531  loss_reg_y: 0.5819
12/28 13:13:38 - mmengine - INFO - Epoch(train) [21][1215/1544]  lr: 1.8952e-03  eta: 2 days, 19:55:33  time: 3.9388  data_time: 0.0028  memory: 19779  grad_norm: 28.4968  loss: 3.7800  loss_text: 0.8278  loss_center: 1.3342  loss_reg_x: 1.0275  loss_reg_y: 0.5905
12/28 13:13:59 - mmengine - INFO - Epoch(train) [21][1220/1544]  lr: 1.8952e-03  eta: 2 days, 19:55:54  time: 4.0217  data_time: 0.0028  memory: 19779  grad_norm: 34.6921  loss: 3.6714  loss_text: 0.8321  loss_center: 1.2827  loss_reg_x: 0.9795  loss_reg_y: 0.5771
12/28 13:14:21 - mmengine - INFO - Epoch(train) [21][1225/1544]  lr: 1.8952e-03  eta: 2 days, 19:56:52  time: 4.2822  data_time: 0.0029  memory: 19779  grad_norm: 27.7160  loss: 3.4985  loss_text: 0.7292  loss_center: 1.3099  loss_reg_x: 0.8732  loss_reg_y: 0.5863
12/28 13:14:40 - mmengine - INFO - Epoch(train) [21][1230/1544]  lr: 1.8952e-03  eta: 2 days, 19:55:23  time: 4.0585  data_time: 0.0028  memory: 19779  grad_norm: 20.3089  loss: 3.3488  loss_text: 0.6998  loss_center: 1.2850  loss_reg_x: 0.7655  loss_reg_y: 0.5986
12/28 13:15:01 - mmengine - INFO - Epoch(train) [21][1235/1544]  lr: 1.8952e-03  eta: 2 days, 19:56:17  time: 4.0500  data_time: 0.0025  memory: 19779  grad_norm: 26.1195  loss: 3.5122  loss_text: 0.7476  loss_center: 1.3043  loss_reg_x: 0.7933  loss_reg_y: 0.6670
12/28 13:15:20 - mmengine - INFO - Epoch(train) [21][1240/1544]  lr: 1.8952e-03  eta: 2 days, 19:54:50  time: 4.0556  data_time: 0.0025  memory: 19779  grad_norm: 31.0573  loss: 3.9384  loss_text: 0.7930  loss_center: 1.3520  loss_reg_x: 1.0065  loss_reg_y: 0.7868
12/28 13:15:42 - mmengine - INFO - Epoch(train) [21][1245/1544]  lr: 1.8952e-03  eta: 2 days, 19:55:40  time: 4.0489  data_time: 0.0023  memory: 19779  grad_norm: 25.6865  loss: 3.8035  loss_text: 0.7697  loss_center: 1.3045  loss_reg_x: 1.0101  loss_reg_y: 0.7193
12/28 13:16:04 - mmengine - INFO - Epoch(train) [21][1250/1544]  lr: 1.8952e-03  eta: 2 days, 19:56:40  time: 4.3494  data_time: 0.0023  memory: 19779  grad_norm: 21.1368  loss: 3.4373  loss_text: 0.7213  loss_center: 1.3139  loss_reg_x: 0.8392  loss_reg_y: 0.5629
12/28 13:16:23 - mmengine - INFO - Epoch(train) [21][1255/1544]  lr: 1.8952e-03  eta: 2 days, 19:56:00  time: 4.1667  data_time: 0.0026  memory: 19779  grad_norm: 23.8574  loss: 3.5178  loss_text: 0.7161  loss_center: 1.2886  loss_reg_x: 0.9151  loss_reg_y: 0.5981
12/28 13:16:45 - mmengine - INFO - Epoch(train) [21][1260/1544]  lr: 1.8952e-03  eta: 2 days, 19:56:46  time: 4.1386  data_time: 0.0026  memory: 19779  grad_norm: 25.5290  loss: 3.7260  loss_text: 0.7200  loss_center: 1.2496  loss_reg_x: 1.0300  loss_reg_y: 0.7264
12/28 13:17:04 - mmengine - INFO - Epoch(train) [21][1265/1544]  lr: 1.8952e-03  eta: 2 days, 19:55:49  time: 4.1036  data_time: 0.0025  memory: 19779  grad_norm: 26.9579  loss: 3.5373  loss_text: 0.7318  loss_center: 1.2266  loss_reg_x: 0.8965  loss_reg_y: 0.6824
12/28 13:17:26 - mmengine - INFO - Epoch(train) [21][1270/1544]  lr: 1.8952e-03  eta: 2 days, 19:56:42  time: 4.1194  data_time: 0.0027  memory: 19779  grad_norm: 25.2677  loss: 3.3264  loss_text: 0.7547  loss_center: 1.2264  loss_reg_x: 0.7521  loss_reg_y: 0.5932
12/28 13:17:46 - mmengine - INFO - Epoch(train) [21][1275/1544]  lr: 1.8952e-03  eta: 2 days, 19:55:56  time: 4.1430  data_time: 0.0024  memory: 19779  grad_norm: 25.4335  loss: 3.5427  loss_text: 0.8083  loss_center: 1.3095  loss_reg_x: 0.8374  loss_reg_y: 0.5874
12/28 13:18:05 - mmengine - INFO - Epoch(train) [21][1280/1544]  lr: 1.8952e-03  eta: 2 days, 19:54:45  time: 3.8816  data_time: 0.0026  memory: 19779  grad_norm: 27.0822  loss: 3.6786  loss_text: 0.8366  loss_center: 1.3066  loss_reg_x: 0.9547  loss_reg_y: 0.5807
12/28 13:18:26 - mmengine - INFO - Epoch(train) [21][1285/1544]  lr: 1.8952e-03  eta: 2 days, 19:54:38  time: 3.9624  data_time: 0.0028  memory: 19779  grad_norm: 27.0311  loss: 3.6502  loss_text: 0.7810  loss_center: 1.3358  loss_reg_x: 0.9273  loss_reg_y: 0.6061
12/28 13:18:44 - mmengine - INFO - Epoch(train) [21][1290/1544]  lr: 1.8952e-03  eta: 2 days, 19:53:01  time: 3.9073  data_time: 0.0026  memory: 19779  grad_norm: 25.5952  loss: 3.8490  loss_text: 0.8331  loss_center: 1.4544  loss_reg_x: 0.9560  loss_reg_y: 0.6056
12/28 13:19:03 - mmengine - INFO - Epoch(train) [21][1295/1544]  lr: 1.8952e-03  eta: 2 days, 19:51:49  time: 3.7666  data_time: 0.0026  memory: 19779  grad_norm: 21.7781  loss: 3.7374  loss_text: 0.8759  loss_center: 1.3683  loss_reg_x: 0.9141  loss_reg_y: 0.5791
12/28 13:19:26 - mmengine - INFO - Epoch(train) [21][1300/1544]  lr: 1.8952e-03  eta: 2 days, 19:53:33  time: 4.1981  data_time: 0.0026  memory: 19779  grad_norm: 22.6713  loss: 3.4389  loss_text: 0.8030  loss_center: 1.2370  loss_reg_x: 0.7738  loss_reg_y: 0.6251
12/28 13:19:47 - mmengine - INFO - Epoch(train) [21][1305/1544]  lr: 1.8952e-03  eta: 2 days, 19:53:30  time: 4.3463  data_time: 0.0029  memory: 19779  grad_norm: 24.7264  loss: 3.4458  loss_text: 0.7571  loss_center: 1.2681  loss_reg_x: 0.7925  loss_reg_y: 0.6281
12/28 13:20:07 - mmengine - INFO - Epoch(train) [21][1310/1544]  lr: 1.8952e-03  eta: 2 days, 19:53:00  time: 4.0580  data_time: 0.0029  memory: 19779  grad_norm: 25.7695  loss: 3.5684  loss_text: 0.7720  loss_center: 1.2742  loss_reg_x: 0.8485  loss_reg_y: 0.6737
12/28 13:20:28 - mmengine - INFO - Epoch(train) [21][1315/1544]  lr: 1.8952e-03  eta: 2 days, 19:53:39  time: 4.1502  data_time: 0.0028  memory: 19779  grad_norm: 26.6751  loss: 3.7009  loss_text: 0.8065  loss_center: 1.2271  loss_reg_x: 0.9080  loss_reg_y: 0.7594
12/28 13:20:48 - mmengine - INFO - Epoch(train) [21][1320/1544]  lr: 1.8952e-03  eta: 2 days, 19:53:05  time: 4.1410  data_time: 0.0027  memory: 19779  grad_norm: 21.6902  loss: 3.4356  loss_text: 0.7554  loss_center: 1.2100  loss_reg_x: 0.8260  loss_reg_y: 0.6442
12/28 13:21:08 - mmengine - INFO - Epoch(train) [21][1325/1544]  lr: 1.8952e-03  eta: 2 days, 19:52:37  time: 3.9958  data_time: 0.0027  memory: 19779  grad_norm: 19.7407  loss: 3.2081  loss_text: 0.7222  loss_center: 1.2078  loss_reg_x: 0.7282  loss_reg_y: 0.5498
12/28 13:21:25 - mmengine - INFO - Epoch(train) [21][1330/1544]  lr: 1.8952e-03  eta: 2 days, 19:49:32  time: 3.6641  data_time: 0.0026  memory: 19779  grad_norm: 24.6313  loss: 3.4516  loss_text: 0.7619  loss_center: 1.3139  loss_reg_x: 0.8234  loss_reg_y: 0.5524
12/28 13:21:48 - mmengine - INFO - Epoch(train) [21][1335/1544]  lr: 1.8952e-03  eta: 2 days, 19:51:19  time: 3.9608  data_time: 0.0025  memory: 19779  grad_norm: 24.6044  loss: 3.5146  loss_text: 0.7781  loss_center: 1.3391  loss_reg_x: 0.8672  loss_reg_y: 0.5301
12/28 13:22:06 - mmengine - INFO - Epoch(train) [21][1340/1544]  lr: 1.8952e-03  eta: 2 days, 19:49:40  time: 4.1487  data_time: 0.0025  memory: 19779  grad_norm: 23.2867  loss: 3.4627  loss_text: 0.7536  loss_center: 1.2898  loss_reg_x: 0.9109  loss_reg_y: 0.5084
12/28 13:22:25 - mmengine - INFO - Epoch(train) [21][1345/1544]  lr: 1.8952e-03  eta: 2 days, 19:48:09  time: 3.7092  data_time: 0.0024  memory: 19779  grad_norm: 22.8276  loss: 3.4409  loss_text: 0.7430  loss_center: 1.3069  loss_reg_x: 0.8824  loss_reg_y: 0.5085
12/28 13:22:44 - mmengine - INFO - Epoch(train) [21][1350/1544]  lr: 1.8952e-03  eta: 2 days, 19:47:10  time: 3.7960  data_time: 0.0025  memory: 19779  grad_norm: 25.1292  loss: 3.3319  loss_text: 0.7369  loss_center: 1.2839  loss_reg_x: 0.7480  loss_reg_y: 0.5631
12/28 13:23:04 - mmengine - INFO - Epoch(train) [21][1355/1544]  lr: 1.8952e-03  eta: 2 days, 19:46:29  time: 3.9077  data_time: 0.0024  memory: 19779  grad_norm: 26.5324  loss: 3.3254  loss_text: 0.7117  loss_center: 1.2271  loss_reg_x: 0.7655  loss_reg_y: 0.6211
12/28 13:23:22 - mmengine - INFO - Epoch(train) [21][1360/1544]  lr: 1.8952e-03  eta: 2 days, 19:44:44  time: 3.8011  data_time: 0.0023  memory: 19779  grad_norm: 21.2585  loss: 3.2199  loss_text: 0.6865  loss_center: 1.1647  loss_reg_x: 0.7650  loss_reg_y: 0.6037
12/28 13:23:43 - mmengine - INFO - Epoch(train) [21][1365/1544]  lr: 1.8952e-03  eta: 2 days, 19:44:38  time: 3.8787  data_time: 0.0023  memory: 19779  grad_norm: 19.2232  loss: 3.3759  loss_text: 0.7281  loss_center: 1.2515  loss_reg_x: 0.8083  loss_reg_y: 0.5879
12/28 13:24:03 - mmengine - INFO - Epoch(train) [21][1370/1544]  lr: 1.8952e-03  eta: 2 days, 19:44:37  time: 4.1156  data_time: 0.0026  memory: 19779  grad_norm: 20.3488  loss: 3.4968  loss_text: 0.7491  loss_center: 1.2540  loss_reg_x: 0.8478  loss_reg_y: 0.6459
12/28 13:24:23 - mmengine - INFO - Epoch(train) [21][1375/1544]  lr: 1.8952e-03  eta: 2 days, 19:43:53  time: 4.0281  data_time: 0.0026  memory: 19779  grad_norm: 22.2920  loss: 3.4864  loss_text: 0.7065  loss_center: 1.1814  loss_reg_x: 0.8762  loss_reg_y: 0.7223
12/28 13:24:46 - mmengine - INFO - Epoch(train) [21][1380/1544]  lr: 1.8952e-03  eta: 2 days, 19:45:48  time: 4.2923  data_time: 0.0024  memory: 19779  grad_norm: 29.3921  loss: 3.3059  loss_text: 0.7084  loss_center: 1.1796  loss_reg_x: 0.8204  loss_reg_y: 0.5975
12/28 13:25:05 - mmengine - INFO - Epoch(train) [21][1385/1544]  lr: 1.8952e-03  eta: 2 days, 19:44:23  time: 4.2005  data_time: 0.0025  memory: 19779  grad_norm: 27.0970  loss: 3.0961  loss_text: 0.7039  loss_center: 1.1814  loss_reg_x: 0.7210  loss_reg_y: 0.4898
12/28 13:25:26 - mmengine - INFO - Epoch(train) [21][1390/1544]  lr: 1.8952e-03  eta: 2 days, 19:44:39  time: 3.9738  data_time: 0.0026  memory: 19779  grad_norm: 31.6826  loss: 3.4510  loss_text: 0.7775  loss_center: 1.2434  loss_reg_x: 0.8089  loss_reg_y: 0.6212
12/28 13:25:44 - mmengine - INFO - Epoch(train) [21][1395/1544]  lr: 1.8952e-03  eta: 2 days, 19:43:03  time: 3.9471  data_time: 0.0025  memory: 19779  grad_norm: 36.9867  loss: 3.7628  loss_text: 0.8208  loss_center: 1.3470  loss_reg_x: 0.8849  loss_reg_y: 0.7100
12/28 13:26:05 - mmengine - INFO - Epoch(train) [21][1400/1544]  lr: 1.8952e-03  eta: 2 days, 19:43:18  time: 3.9468  data_time: 0.0024  memory: 19779  grad_norm: 28.2004  loss: 3.6913  loss_text: 0.8001  loss_center: 1.3765  loss_reg_x: 0.8729  loss_reg_y: 0.6418
12/28 13:26:24 - mmengine - INFO - Epoch(train) [21][1405/1544]  lr: 1.8952e-03  eta: 2 days, 19:41:30  time: 3.9147  data_time: 0.0024  memory: 19779  grad_norm: 27.0848  loss: 3.5661  loss_text: 0.8086  loss_center: 1.2520  loss_reg_x: 0.9139  loss_reg_y: 0.5916
12/28 13:26:44 - mmengine - INFO - Epoch(train) [21][1410/1544]  lr: 1.8952e-03  eta: 2 days, 19:41:04  time: 3.8183  data_time: 0.0024  memory: 19779  grad_norm: 25.4260  loss: 3.4766  loss_text: 0.7374  loss_center: 1.2049  loss_reg_x: 0.9344  loss_reg_y: 0.6000
12/28 13:27:04 - mmengine - INFO - Epoch(train) [21][1415/1544]  lr: 1.8952e-03  eta: 2 days, 19:40:39  time: 4.0139  data_time: 0.0025  memory: 19779  grad_norm: 22.1657  loss: 3.4938  loss_text: 0.6936  loss_center: 1.2892  loss_reg_x: 0.8483  loss_reg_y: 0.6626
12/28 13:27:23 - mmengine - INFO - Epoch(train) [21][1420/1544]  lr: 1.8952e-03  eta: 2 days, 19:39:54  time: 3.9688  data_time: 0.0025  memory: 19779  grad_norm: 21.9296  loss: 3.3870  loss_text: 0.6664  loss_center: 1.3153  loss_reg_x: 0.7700  loss_reg_y: 0.6353
12/28 13:27:43 - mmengine - INFO - Epoch(train) [21][1425/1544]  lr: 1.8952e-03  eta: 2 days, 19:39:08  time: 3.9179  data_time: 0.0025  memory: 19779  grad_norm: 21.8729  loss: 3.2863  loss_text: 0.6744  loss_center: 1.2641  loss_reg_x: 0.7967  loss_reg_y: 0.5510
12/28 13:28:01 - mmengine - INFO - Epoch(train) [21][1430/1544]  lr: 1.8952e-03  eta: 2 days, 19:37:14  time: 3.7543  data_time: 0.0027  memory: 19779  grad_norm: 20.5175  loss: 3.3896  loss_text: 0.7082  loss_center: 1.2474  loss_reg_x: 0.8490  loss_reg_y: 0.5850
12/28 13:28:19 - mmengine - INFO - Epoch(train) [21][1435/1544]  lr: 1.8952e-03  eta: 2 days, 19:35:39  time: 3.6353  data_time: 0.0027  memory: 19779  grad_norm: 22.5714  loss: 3.8263  loss_text: 0.7681  loss_center: 1.3812  loss_reg_x: 1.0038  loss_reg_y: 0.6733
12/28 13:28:38 - mmengine - INFO - Epoch(train) [21][1440/1544]  lr: 1.8952e-03  eta: 2 days, 19:34:14  time: 3.7019  data_time: 0.0027  memory: 19779  grad_norm: 21.1168  loss: 3.6328  loss_text: 0.7348  loss_center: 1.3441  loss_reg_x: 0.9315  loss_reg_y: 0.6225
12/28 13:28:58 - mmengine - INFO - Epoch(train) [21][1445/1544]  lr: 1.8952e-03  eta: 2 days, 19:33:53  time: 3.8752  data_time: 0.0026  memory: 19779  grad_norm: 20.7420  loss: 3.4463  loss_text: 0.7306  loss_center: 1.2311  loss_reg_x: 0.8323  loss_reg_y: 0.6522
12/28 13:29:20 - mmengine - INFO - Epoch(train) [21][1450/1544]  lr: 1.8952e-03  eta: 2 days, 19:34:42  time: 4.1967  data_time: 0.0026  memory: 19779  grad_norm: 25.9462  loss: 3.6515  loss_text: 0.7847  loss_center: 1.2591  loss_reg_x: 0.9108  loss_reg_y: 0.6969
12/28 13:29:41 - mmengine - INFO - Epoch(train) [21][1455/1544]  lr: 1.8952e-03  eta: 2 days, 19:34:57  time: 4.2851  data_time: 0.0027  memory: 19779  grad_norm: 34.1654  loss: 3.4019  loss_text: 0.7221  loss_center: 1.2831  loss_reg_x: 0.8065  loss_reg_y: 0.5902
12/28 13:30:02 - mmengine - INFO - Epoch(train) [21][1460/1544]  lr: 1.8952e-03  eta: 2 days, 19:35:16  time: 4.2123  data_time: 0.0026  memory: 19779  grad_norm: 36.0246  loss: 3.4939  loss_text: 0.8887  loss_center: 1.2749  loss_reg_x: 0.7840  loss_reg_y: 0.5463
12/28 13:30:22 - mmengine - INFO - Epoch(train) [21][1465/1544]  lr: 1.8952e-03  eta: 2 days, 19:34:43  time: 4.0991  data_time: 0.0025  memory: 19779  grad_norm: 26.2355  loss: 3.4942  loss_text: 0.8513  loss_center: 1.2972  loss_reg_x: 0.7935  loss_reg_y: 0.5522
12/28 13:30:42 - mmengine - INFO - Epoch(train) [21][1470/1544]  lr: 1.8952e-03  eta: 2 days, 19:34:29  time: 4.0199  data_time: 0.0025  memory: 19779  grad_norm: 24.7042  loss: 3.7442  loss_text: 0.7606  loss_center: 1.4412  loss_reg_x: 0.8952  loss_reg_y: 0.6473
12/28 13:31:00 - mmengine - INFO - Epoch(train) [21][1475/1544]  lr: 1.8952e-03  eta: 2 days, 19:32:42  time: 3.8384  data_time: 0.0025  memory: 19779  grad_norm: 24.2347  loss: 3.6203  loss_text: 0.7872  loss_center: 1.3802  loss_reg_x: 0.8532  loss_reg_y: 0.5997
12/28 13:31:19 - mmengine - INFO - Epoch(train) [21][1480/1544]  lr: 1.8952e-03  eta: 2 days, 19:31:26  time: 3.6843  data_time: 0.0025  memory: 19779  grad_norm: 20.2489  loss: 3.3682  loss_text: 0.7143  loss_center: 1.3448  loss_reg_x: 0.7830  loss_reg_y: 0.5260
12/28 13:31:38 - mmengine - INFO - Epoch(train) [21][1485/1544]  lr: 1.8952e-03  eta: 2 days, 19:30:15  time: 3.7703  data_time: 0.0025  memory: 19779  grad_norm: 23.4918  loss: 3.7898  loss_text: 0.8421  loss_center: 1.3945  loss_reg_x: 0.9650  loss_reg_y: 0.5882
12/28 13:32:00 - mmengine - INFO - Epoch(train) [21][1490/1544]  lr: 1.8952e-03  eta: 2 days, 19:31:04  time: 4.0782  data_time: 0.0024  memory: 19779  grad_norm: 30.3997  loss: 3.6783  loss_text: 0.8307  loss_center: 1.2901  loss_reg_x: 0.9519  loss_reg_y: 0.6057
12/28 13:32:17 - mmengine - INFO - Epoch(train) [21][1495/1544]  lr: 1.8952e-03  eta: 2 days, 19:29:04  time: 3.9550  data_time: 0.0024  memory: 19779  grad_norm: 32.2037  loss: 3.7553  loss_text: 0.7571  loss_center: 1.3379  loss_reg_x: 0.9555  loss_reg_y: 0.7048
12/28 13:32:38 - mmengine - INFO - Epoch(train) [21][1500/1544]  lr: 1.8952e-03  eta: 2 days, 19:28:39  time: 3.7710  data_time: 0.0024  memory: 19779  grad_norm: 30.3702  loss: 3.9065  loss_text: 0.8030  loss_center: 1.3786  loss_reg_x: 1.0220  loss_reg_y: 0.7029
12/28 13:32:57 - mmengine - INFO - Epoch(train) [21][1505/1544]  lr: 1.8952e-03  eta: 2 days, 19:28:08  time: 3.9929  data_time: 0.0026  memory: 19779  grad_norm: 31.5809  loss: 3.6584  loss_text: 0.7628  loss_center: 1.2539  loss_reg_x: 0.9974  loss_reg_y: 0.6444
12/28 13:33:17 - mmengine - INFO - Epoch(train) [21][1510/1544]  lr: 1.8952e-03  eta: 2 days, 19:27:29  time: 3.9575  data_time: 0.0027  memory: 19779  grad_norm: 28.8626  loss: 3.6933  loss_text: 0.7794  loss_center: 1.2378  loss_reg_x: 0.9557  loss_reg_y: 0.7204
12/28 13:33:39 - mmengine - INFO - Epoch(train) [21][1515/1544]  lr: 1.8952e-03  eta: 2 days, 19:28:05  time: 4.1244  data_time: 0.0025  memory: 19779  grad_norm: 21.4125  loss: 3.5886  loss_text: 0.7962  loss_center: 1.3313  loss_reg_x: 0.8043  loss_reg_y: 0.6568
12/28 13:33:59 - mmengine - INFO - Epoch(train) [21][1520/1544]  lr: 1.8952e-03  eta: 2 days, 19:28:03  time: 4.2192  data_time: 0.0026  memory: 19779  grad_norm: 19.5973  loss: 3.4791  loss_text: 0.7010  loss_center: 1.3784  loss_reg_x: 0.8036  loss_reg_y: 0.5960
12/28 13:34:19 - mmengine - INFO - Epoch(train) [21][1525/1544]  lr: 1.8952e-03  eta: 2 days, 19:27:39  time: 4.0686  data_time: 0.0027  memory: 19779  grad_norm: 23.3731  loss: 3.7414  loss_text: 0.7667  loss_center: 1.3782  loss_reg_x: 0.9245  loss_reg_y: 0.6721
12/28 13:34:39 - mmengine - INFO - Epoch(train) [21][1530/1544]  lr: 1.8952e-03  eta: 2 days, 19:26:57  time: 3.9663  data_time: 0.0025  memory: 19779  grad_norm: 26.5552  loss: 3.7541  loss_text: 0.8413  loss_center: 1.3679  loss_reg_x: 0.8960  loss_reg_y: 0.6489
12/28 13:34:58 - mmengine - INFO - Epoch(train) [21][1535/1544]  lr: 1.8952e-03  eta: 2 days, 19:26:03  time: 3.8898  data_time: 0.0025  memory: 19779  grad_norm: 29.1042  loss: 3.7729  loss_text: 0.8454  loss_center: 1.3441  loss_reg_x: 0.8798  loss_reg_y: 0.7036
12/28 13:35:20 - mmengine - INFO - Epoch(train) [21][1540/1544]  lr: 1.8952e-03  eta: 2 days, 19:26:35  time: 4.0791  data_time: 0.0026  memory: 19779  grad_norm: 29.1626  loss: 3.5361  loss_text: 0.7909  loss_center: 1.2427  loss_reg_x: 0.7932  loss_reg_y: 0.7092
12/28 13:35:39 - mmengine - INFO - Exp name: fcenet_r50dcnv2_fpn_1500e_lsvt_ctw_pretrain_20251228_115121
12/28 13:36:05 - mmengine - INFO - Epoch(train) [22][   5/1544]  lr: 1.8514e-03  eta: 2 days, 19:31:58  time: 4.9372  data_time: 0.4165  memory: 19780  grad_norm: 27.1666  loss: 3.7890  loss_text: 0.8422  loss_center: 1.3178  loss_reg_x: 0.9116  loss_reg_y: 0.7173
12/28 13:36:24 - mmengine - INFO - Epoch(train) [22][  10/1544]  lr: 1.8514e-03  eta: 2 days, 19:30:30  time: 4.4584  data_time: 0.4164  memory: 19776  grad_norm: 23.6127  loss: 3.5052  loss_text: 0.7322  loss_center: 1.2802  loss_reg_x: 0.8207  loss_reg_y: 0.6721
12/28 13:36:43 - mmengine - INFO - Epoch(train) [22][  15/1544]  lr: 1.8514e-03  eta: 2 days, 19:29:23  time: 3.7398  data_time: 0.0024  memory: 19776  grad_norm: 25.8092  loss: 3.3301  loss_text: 0.6946  loss_center: 1.2832  loss_reg_x: 0.7531  loss_reg_y: 0.5991
12/28 13:37:02 - mmengine - INFO - Epoch(train) [22][  20/1544]  lr: 1.8514e-03  eta: 2 days, 19:28:43  time: 3.8633  data_time: 0.0024  memory: 19776  grad_norm: 27.6504  loss: 3.6486  loss_text: 0.7559  loss_center: 1.2733  loss_reg_x: 0.9138  loss_reg_y: 0.7056
12/28 13:37:21 - mmengine - INFO - Epoch(train) [22][  25/1544]  lr: 1.8514e-03  eta: 2 days, 19:27:35  time: 3.8605  data_time: 0.0024  memory: 19776  grad_norm: 24.8734  loss: 3.7609  loss_text: 0.8079  loss_center: 1.3174  loss_reg_x: 0.9332  loss_reg_y: 0.7024
12/28 13:37:39 - mmengine - INFO - Epoch(train) [22][  30/1544]  lr: 1.8514e-03  eta: 2 days, 19:25:46  time: 3.6777  data_time: 0.0022  memory: 19776  grad_norm: 24.0243  loss: 3.6703  loss_text: 0.8218  loss_center: 1.3307  loss_reg_x: 0.8611  loss_reg_y: 0.6568
12/28 13:38:00 - mmengine - INFO - Epoch(train) [22][  35/1544]  lr: 1.8514e-03  eta: 2 days, 19:25:43  time: 3.8447  data_time: 0.0022  memory: 19776  grad_norm: 18.8534  loss: 3.4098  loss_text: 0.7028  loss_center: 1.3251  loss_reg_x: 0.8021  loss_reg_y: 0.5798
12/28 13:38:20 - mmengine - INFO - Epoch(train) [22][  40/1544]  lr: 1.8514e-03  eta: 2 days, 19:25:13  time: 4.0527  data_time: 0.0023  memory: 19776  grad_norm: 20.2616  loss: 3.5135  loss_text: 0.7590  loss_center: 1.3742  loss_reg_x: 0.8670  loss_reg_y: 0.5133
12/28 13:38:41 - mmengine - INFO - Epoch(train) [22][  45/1544]  lr: 1.8514e-03  eta: 2 days, 19:25:46  time: 4.1484  data_time: 0.0023  memory: 19776  grad_norm: 25.5991  loss: 3.5707  loss_text: 0.8046  loss_center: 1.3069  loss_reg_x: 0.9030  loss_reg_y: 0.5563
12/28 13:39:01 - mmengine - INFO - Epoch(train) [22][  50/1544]  lr: 1.8514e-03  eta: 2 days, 19:24:57  time: 4.0975  data_time: 0.0024  memory: 19776  grad_norm: 27.2063  loss: 3.5129  loss_text: 0.7853  loss_center: 1.2423  loss_reg_x: 0.9068  loss_reg_y: 0.5784
12/28 13:39:22 - mmengine - INFO - Epoch(train) [22][  55/1544]  lr: 1.8514e-03  eta: 2 days, 19:25:25  time: 4.0871  data_time: 0.0024  memory: 19776  grad_norm: 26.2054  loss: 3.4457  loss_text: 0.7420  loss_center: 1.3490  loss_reg_x: 0.8084  loss_reg_y: 0.5463
12/28 13:39:41 - mmengine - INFO - Epoch(train) [22][  60/1544]  lr: 1.8514e-03  eta: 2 days, 19:24:02  time: 3.9960  data_time: 0.0025  memory: 19776  grad_norm: 22.4095  loss: 3.2091  loss_text: 0.6300  loss_center: 1.3876  loss_reg_x: 0.6579  loss_reg_y: 0.5336
12/28 13:40:00 - mmengine - INFO - Epoch(train) [22][  65/1544]  lr: 1.8514e-03  eta: 2 days, 19:23:25  time: 3.8196  data_time: 0.0051  memory: 19776  grad_norm: 19.3737  loss: 3.2258  loss_text: 0.6336  loss_center: 1.3299  loss_reg_x: 0.7010  loss_reg_y: 0.5612
12/28 13:40:20 - mmengine - INFO - Epoch(train) [22][  70/1544]  lr: 1.8514e-03  eta: 2 days, 19:22:40  time: 3.9214  data_time: 0.0050  memory: 19776  grad_norm: 21.7898  loss: 3.5367  loss_text: 0.7502  loss_center: 1.3194  loss_reg_x: 0.8251  loss_reg_y: 0.6420
12/28 13:40:40 - mmengine - INFO - Epoch(train) [22][  75/1544]  lr: 1.8514e-03  eta: 2 days, 19:22:36  time: 4.0121  data_time: 0.0024  memory: 19776  grad_norm: 26.7904  loss: 3.6851  loss_text: 0.7987  loss_center: 1.3122  loss_reg_x: 0.8720  loss_reg_y: 0.7022
12/28 13:41:00 - mmengine - INFO - Epoch(train) [22][  80/1544]  lr: 1.8514e-03  eta: 2 days, 19:21:41  time: 3.9836  data_time: 0.0023  memory: 19776  grad_norm: 25.7075  loss: 3.5715  loss_text: 0.7711  loss_center: 1.3076  loss_reg_x: 0.8740  loss_reg_y: 0.6187
12/28 13:41:21 - mmengine - INFO - Epoch(train) [22][  85/1544]  lr: 1.8514e-03  eta: 2 days, 19:21:57  time: 4.0351  data_time: 0.0023  memory: 19776  grad_norm: 27.0833  loss: 3.5620  loss_text: 0.7905  loss_center: 1.3192  loss_reg_x: 0.8716  loss_reg_y: 0.5807
12/28 13:41:46 - mmengine - INFO - Epoch(train) [22][  90/1544]  lr: 1.8514e-03  eta: 2 days, 19:24:35  time: 4.6141  data_time: 0.0023  memory: 19776  grad_norm: 28.1332  loss: 3.5764  loss_text: 0.8204  loss_center: 1.3043  loss_reg_x: 0.8505  loss_reg_y: 0.6011
12/28 13:42:05 - mmengine - INFO - Epoch(train) [22][  95/1544]  lr: 1.8514e-03  eta: 2 days, 19:23:29  time: 4.3957  data_time: 0.0025  memory: 19776  grad_norm: 24.9472  loss: 3.5388  loss_text: 0.7898  loss_center: 1.2949  loss_reg_x: 0.8872  loss_reg_y: 0.5669
12/28 13:42:25 - mmengine - INFO - Epoch(train) [22][ 100/1544]  lr: 1.8514e-03  eta: 2 days, 19:23:13  time: 3.9221  data_time: 0.0024  memory: 19776  grad_norm: 26.2096  loss: 3.4454  loss_text: 0.7238  loss_center: 1.3068  loss_reg_x: 0.8479  loss_reg_y: 0.5669
12/28 13:42:45 - mmengine - INFO - Epoch(train) [22][ 105/1544]  lr: 1.8514e-03  eta: 2 days, 19:22:52  time: 4.0447  data_time: 0.0023  memory: 19776  grad_norm: 27.7397  loss: 3.6022  loss_text: 0.7915  loss_center: 1.3490  loss_reg_x: 0.8857  loss_reg_y: 0.5761
12/28 13:43:06 - mmengine - INFO - Epoch(train) [22][ 110/1544]  lr: 1.8514e-03  eta: 2 days, 19:22:55  time: 4.0962  data_time: 0.0024  memory: 19776  grad_norm: 30.1661  loss: 3.6124  loss_text: 0.9229  loss_center: 1.2761  loss_reg_x: 0.8593  loss_reg_y: 0.5540
12/28 13:43:25 - mmengine - INFO - Epoch(train) [22][ 115/1544]  lr: 1.8514e-03  eta: 2 days, 19:21:56  time: 3.9901  data_time: 0.0025  memory: 19776  grad_norm: 28.4087  loss: 3.5996  loss_text: 0.8965  loss_center: 1.2740  loss_reg_x: 0.7917  loss_reg_y: 0.6375
12/28 13:43:44 - mmengine - INFO - Epoch(train) [22][ 120/1544]  lr: 1.8514e-03  eta: 2 days, 19:21:02  time: 3.8353  data_time: 0.0025  memory: 19776  grad_norm: 28.2076  loss: 3.7109  loss_text: 0.7653  loss_center: 1.3867  loss_reg_x: 0.8489  loss_reg_y: 0.7100
12/28 13:44:04 - mmengine - INFO - Epoch(train) [22][ 125/1544]  lr: 1.8514e-03  eta: 2 days, 19:20:25  time: 3.8961  data_time: 0.0024  memory: 19776  grad_norm: 28.9113  loss: 3.6230  loss_text: 0.7317  loss_center: 1.3649  loss_reg_x: 0.8800  loss_reg_y: 0.6464
12/28 13:44:24 - mmengine - INFO - Epoch(train) [22][ 130/1544]  lr: 1.8514e-03  eta: 2 days, 19:20:06  time: 3.9921  data_time: 0.0023  memory: 19776  grad_norm: 21.5949  loss: 3.5373  loss_text: 0.7699  loss_center: 1.2845  loss_reg_x: 0.8793  loss_reg_y: 0.6035
12/28 13:44:42 - mmengine - INFO - Epoch(train) [22][ 135/1544]  lr: 1.8514e-03  eta: 2 days, 19:18:30  time: 3.8253  data_time: 0.0023  memory: 19776  grad_norm: 18.2756  loss: 3.3648  loss_text: 0.7681  loss_center: 1.2034  loss_reg_x: 0.8155  loss_reg_y: 0.5778
12/28 13:45:00 - mmengine - INFO - Epoch(train) [22][ 140/1544]  lr: 1.8514e-03  eta: 2 days, 19:16:30  time: 3.5421  data_time: 0.0023  memory: 19776  grad_norm: 18.8119  loss: 3.2013  loss_text: 0.7183  loss_center: 1.1345  loss_reg_x: 0.7126  loss_reg_y: 0.6358
12/28 13:45:20 - mmengine - INFO - Epoch(train) [22][ 145/1544]  lr: 1.8514e-03  eta: 2 days, 19:16:09  time: 3.7489  data_time: 0.0023  memory: 19776  grad_norm: 18.6123  loss: 3.1410  loss_text: 0.7309  loss_center: 1.1277  loss_reg_x: 0.7007  loss_reg_y: 0.5816
12/28 13:45:40 - mmengine - INFO - Epoch(train) [22][ 150/1544]  lr: 1.8514e-03  eta: 2 days, 19:15:56  time: 4.0476  data_time: 0.0025  memory: 19776  grad_norm: 24.0050  loss: 3.4313  loss_text: 0.7400  loss_center: 1.2387  loss_reg_x: 0.8504  loss_reg_y: 0.6023
12/28 13:46:01 - mmengine - INFO - Epoch(train) [22][ 155/1544]  lr: 1.8514e-03  eta: 2 days, 19:15:59  time: 4.1166  data_time: 0.0024  memory: 19776  grad_norm: 28.7515  loss: 3.6656  loss_text: 0.7734  loss_center: 1.2907  loss_reg_x: 0.9066  loss_reg_y: 0.6950
12/28 13:46:19 - mmengine - INFO - Epoch(train) [22][ 160/1544]  lr: 1.8514e-03  eta: 2 days, 19:14:38  time: 3.9254  data_time: 0.0023  memory: 19776  grad_norm: 25.1265  loss: 3.4688  loss_text: 0.8147  loss_center: 1.2727  loss_reg_x: 0.7515  loss_reg_y: 0.6299
12/28 13:46:40 - mmengine - INFO - Epoch(train) [22][ 165/1544]  lr: 1.8514e-03  eta: 2 days, 19:14:44  time: 3.9347  data_time: 0.0023  memory: 19776  grad_norm: 25.4568  loss: 3.6139  loss_text: 0.8300  loss_center: 1.3151  loss_reg_x: 0.7957  loss_reg_y: 0.6731
12/28 13:46:59 - mmengine - INFO - Epoch(train) [22][ 170/1544]  lr: 1.8514e-03  eta: 2 days, 19:13:35  time: 3.9652  data_time: 0.0025  memory: 19776  grad_norm: 29.1658  loss: 3.8874  loss_text: 0.8631  loss_center: 1.3455  loss_reg_x: 0.9142  loss_reg_y: 0.7645
12/28 13:47:21 - mmengine - INFO - Epoch(train) [22][ 175/1544]  lr: 1.8514e-03  eta: 2 days, 19:14:14  time: 4.0616  data_time: 0.0027  memory: 19776  grad_norm: 24.5438  loss: 3.5573  loss_text: 0.7934  loss_center: 1.2568  loss_reg_x: 0.8102  loss_reg_y: 0.6969
12/28 13:47:40 - mmengine - INFO - Epoch(train) [22][ 180/1544]  lr: 1.8514e-03  eta: 2 days, 19:13:34  time: 4.1436  data_time: 0.0026  memory: 19776  grad_norm: 23.5463  loss: 3.4591  loss_text: 0.7354  loss_center: 1.2845  loss_reg_x: 0.8327  loss_reg_y: 0.6065
12/28 13:47:59 - mmengine - INFO - Epoch(train) [22][ 185/1544]  lr: 1.8514e-03  eta: 2 days, 19:12:26  time: 3.8367  data_time: 0.0024  memory: 19776  grad_norm: 29.5818  loss: 3.6285  loss_text: 0.7727  loss_center: 1.3664  loss_reg_x: 0.8771  loss_reg_y: 0.6123
12/28 13:48:20 - mmengine - INFO - Epoch(train) [22][ 190/1544]  lr: 1.8514e-03  eta: 2 days, 19:12:12  time: 3.9107  data_time: 0.0023  memory: 19776  grad_norm: 25.7212  loss: 3.4606  loss_text: 0.7758  loss_center: 1.2952  loss_reg_x: 0.8015  loss_reg_y: 0.5881
12/28 13:48:40 - mmengine - INFO - Epoch(train) [22][ 195/1544]  lr: 1.8514e-03  eta: 2 days, 19:11:45  time: 4.0265  data_time: 0.0025  memory: 19776  grad_norm: 20.4548  loss: 3.3354  loss_text: 0.6981  loss_center: 1.2889  loss_reg_x: 0.8036  loss_reg_y: 0.5448
12/28 13:48:59 - mmengine - INFO - Epoch(train) [22][ 200/1544]  lr: 1.8514e-03  eta: 2 days, 19:11:16  time: 3.9853  data_time: 0.0026  memory: 19776  grad_norm: 29.0502  loss: 3.3083  loss_text: 0.6393  loss_center: 1.3072  loss_reg_x: 0.8287  loss_reg_y: 0.5332
12/28 13:49:20 - mmengine - INFO - Epoch(train) [22][ 205/1544]  lr: 1.8514e-03  eta: 2 days, 19:10:58  time: 4.0115  data_time: 0.0025  memory: 19776  grad_norm: 34.7701  loss: 3.6448  loss_text: 0.7586  loss_center: 1.3343  loss_reg_x: 0.9277  loss_reg_y: 0.6242
12/28 13:49:39 - mmengine - INFO - Epoch(train) [22][ 210/1544]  lr: 1.8514e-03  eta: 2 days, 19:10:15  time: 3.9710  data_time: 0.0024  memory: 19776  grad_norm: 31.2315  loss: 3.9871  loss_text: 0.8877  loss_center: 1.3662  loss_reg_x: 1.0879  loss_reg_y: 0.6454
12/28 13:50:01 - mmengine - INFO - Epoch(train) [22][ 215/1544]  lr: 1.8514e-03  eta: 2 days, 19:10:44  time: 4.1069  data_time: 0.0023  memory: 19776  grad_norm: 26.8510  loss: 3.7082  loss_text: 0.8429  loss_center: 1.3402  loss_reg_x: 0.9539  loss_reg_y: 0.5711
12/28 13:50:20 - mmengine - INFO - Epoch(train) [22][ 220/1544]  lr: 1.8514e-03  eta: 2 days, 19:10:08  time: 4.1258  data_time: 0.0024  memory: 19776  grad_norm: 24.1064  loss: 3.4592  loss_text: 0.7741  loss_center: 1.2353  loss_reg_x: 0.7674  loss_reg_y: 0.6823
12/28 13:50:39 - mmengine - INFO - Epoch(train) [22][ 225/1544]  lr: 1.8514e-03  eta: 2 days, 19:08:38  time: 3.7786  data_time: 0.0023  memory: 19776  grad_norm: 25.0217  loss: 3.6795  loss_text: 0.7578  loss_center: 1.2337  loss_reg_x: 0.8764  loss_reg_y: 0.8116
12/28 13:50:57 - mmengine - INFO - Epoch(train) [22][ 230/1544]  lr: 1.8514e-03  eta: 2 days, 19:07:08  time: 3.6191  data_time: 0.0023  memory: 19776  grad_norm: 27.0573  loss: 3.5951  loss_text: 0.7080  loss_center: 1.3400  loss_reg_x: 0.8645  loss_reg_y: 0.6827
12/28 13:51:17 - mmengine - INFO - Epoch(train) [22][ 235/1544]  lr: 1.8514e-03  eta: 2 days, 19:07:02  time: 3.8628  data_time: 0.0024  memory: 19776  grad_norm: 25.1230  loss: 3.2644  loss_text: 0.6737  loss_center: 1.2827  loss_reg_x: 0.7748  loss_reg_y: 0.5332
12/28 13:51:39 - mmengine - INFO - Epoch(train) [22][ 240/1544]  lr: 1.8514e-03  eta: 2 days, 19:07:51  time: 4.2742  data_time: 0.0023  memory: 19776  grad_norm: 24.1244  loss: 3.2843  loss_text: 0.7063  loss_center: 1.2267  loss_reg_x: 0.8202  loss_reg_y: 0.5312
12/28 13:51:59 - mmengine - INFO - Epoch(train) [22][ 245/1544]  lr: 1.8514e-03  eta: 2 days, 19:07:19  time: 4.2016  data_time: 0.0023  memory: 19776  grad_norm: 29.4574  loss: 3.6563  loss_text: 0.7586  loss_center: 1.2719  loss_reg_x: 0.9317  loss_reg_y: 0.6942
12/28 13:52:19 - mmengine - INFO - Epoch(train) [22][ 250/1544]  lr: 1.8514e-03  eta: 2 days, 19:06:59  time: 3.9935  data_time: 0.0023  memory: 19776  grad_norm: 26.6691  loss: 3.5372  loss_text: 0.7289  loss_center: 1.2678  loss_reg_x: 0.8211  loss_reg_y: 0.7194
12/28 13:52:40 - mmengine - INFO - Epoch(train) [22][ 255/1544]  lr: 1.8514e-03  eta: 2 days, 19:06:52  time: 4.0670  data_time: 0.0023  memory: 19776  grad_norm: 24.1438  loss: 3.2533  loss_text: 0.6879  loss_center: 1.2750  loss_reg_x: 0.7151  loss_reg_y: 0.5754
12/28 13:53:00 - mmengine - INFO - Epoch(train) [22][ 260/1544]  lr: 1.8514e-03  eta: 2 days, 19:06:22  time: 4.0396  data_time: 0.0024  memory: 19776  grad_norm: 34.3311  loss: 3.6315  loss_text: 0.8542  loss_center: 1.3680  loss_reg_x: 0.8153  loss_reg_y: 0.5939
12/28 13:53:21 - mmengine - INFO - Epoch(train) [22][ 265/1544]  lr: 1.8514e-03  eta: 2 days, 19:06:44  time: 4.1279  data_time: 0.0023  memory: 19776  grad_norm: 31.6251  loss: 3.7613  loss_text: 0.8995  loss_center: 1.3853  loss_reg_x: 0.8444  loss_reg_y: 0.6321
12/28 13:53:42 - mmengine - INFO - Epoch(train) [22][ 270/1544]  lr: 1.8514e-03  eta: 2 days, 19:06:59  time: 4.2646  data_time: 0.0023  memory: 19776  grad_norm: 24.3958  loss: 3.5196  loss_text: 0.7818  loss_center: 1.3044  loss_reg_x: 0.8278  loss_reg_y: 0.6055
12/28 13:54:03 - mmengine - INFO - Epoch(train) [22][ 275/1544]  lr: 1.8514e-03  eta: 2 days, 19:06:44  time: 4.1524  data_time: 0.0023  memory: 19776  grad_norm: 31.9688  loss: 3.5911  loss_text: 0.8699  loss_center: 1.2660  loss_reg_x: 0.8137  loss_reg_y: 0.6415
12/28 13:54:23 - mmengine - INFO - Epoch(train) [22][ 280/1544]  lr: 1.8514e-03  eta: 2 days, 19:06:43  time: 4.1042  data_time: 0.0025  memory: 19776  grad_norm: 29.6394  loss: 3.6070  loss_text: 0.8768  loss_center: 1.2308  loss_reg_x: 0.8496  loss_reg_y: 0.6497
12/28 13:54:42 - mmengine - INFO - Epoch(train) [22][ 285/1544]  lr: 1.8514e-03  eta: 2 days, 19:05:23  time: 3.9062  data_time: 0.0026  memory: 19776  grad_norm: 26.0549  loss: 3.5533  loss_text: 0.7497  loss_center: 1.2543  loss_reg_x: 0.9254  loss_reg_y: 0.6239
12/28 13:55:02 - mmengine - INFO - Epoch(train) [22][ 290/1544]  lr: 1.8514e-03  eta: 2 days, 19:05:13  time: 3.8777  data_time: 0.0024  memory: 19776  grad_norm: 24.8060  loss: 3.4694  loss_text: 0.7010  loss_center: 1.3135  loss_reg_x: 0.8705  loss_reg_y: 0.5845
12/28 13:55:21 - mmengine - INFO - Epoch(train) [22][ 295/1544]  lr: 1.8514e-03  eta: 2 days, 19:04:21  time: 3.9638  data_time: 0.0024  memory: 19776  grad_norm: 21.9568  loss: 3.3245  loss_text: 0.6969  loss_center: 1.3014  loss_reg_x: 0.8022  loss_reg_y: 0.5240
12/28 13:55:42 - mmengine - INFO - Epoch(train) [22][ 300/1544]  lr: 1.8514e-03  eta: 2 days, 19:04:15  time: 3.9757  data_time: 0.0024  memory: 19776  grad_norm: 25.0457  loss: 3.1696  loss_text: 0.6668  loss_center: 1.2572  loss_reg_x: 0.7565  loss_reg_y: 0.4890
12/28 13:56:02 - mmengine - INFO - Epoch(train) [22][ 305/1544]  lr: 1.8514e-03  eta: 2 days, 19:03:39  time: 4.0238  data_time: 0.0022  memory: 19776  grad_norm: 23.5428  loss: 3.2397  loss_text: 0.6630  loss_center: 1.3204  loss_reg_x: 0.7369  loss_reg_y: 0.5194
12/28 13:56:21 - mmengine - INFO - Epoch(train) [22][ 310/1544]  lr: 1.8514e-03  eta: 2 days, 19:02:50  time: 3.8928  data_time: 0.0023  memory: 19776  grad_norm: 20.5257  loss: 3.5193  loss_text: 0.7511  loss_center: 1.3501  loss_reg_x: 0.8224  loss_reg_y: 0.5958
12/28 13:56:38 - mmengine - INFO - Epoch(train) [22][ 315/1544]  lr: 1.8514e-03  eta: 2 days, 19:00:55  time: 3.6475  data_time: 0.0024  memory: 19776  grad_norm: 19.2419  loss: 3.3745  loss_text: 0.7459  loss_center: 1.2399  loss_reg_x: 0.7841  loss_reg_y: 0.6047
12/28 13:56:58 - mmengine - INFO - Epoch(train) [22][ 320/1544]  lr: 1.8514e-03  eta: 2 days, 19:00:28  time: 3.7136  data_time: 0.0024  memory: 19776  grad_norm: 17.5779  loss: 3.1017  loss_text: 0.6858  loss_center: 1.1869  loss_reg_x: 0.6816  loss_reg_y: 0.5474
12/28 13:57:18 - mmengine - INFO - Epoch(train) [22][ 325/1544]  lr: 1.8514e-03  eta: 2 days, 19:00:13  time: 4.0206  data_time: 0.0024  memory: 19776  grad_norm: 19.9471  loss: 3.2184  loss_text: 0.7145  loss_center: 1.1924  loss_reg_x: 0.7469  loss_reg_y: 0.5645
12/28 13:57:38 - mmengine - INFO - Epoch(train) [22][ 330/1544]  lr: 1.8514e-03  eta: 2 days, 18:59:35  time: 3.9866  data_time: 0.0024  memory: 19776  grad_norm: 26.9344  loss: 3.6552  loss_text: 0.7939  loss_center: 1.2258  loss_reg_x: 0.9416  loss_reg_y: 0.6939
12/28 13:58:01 - mmengine - INFO - Epoch(train) [22][ 335/1544]  lr: 1.8514e-03  eta: 2 days, 19:00:53  time: 4.2783  data_time: 0.0025  memory: 19776  grad_norm: 26.7762  loss: 3.6810  loss_text: 0.7743  loss_center: 1.3886  loss_reg_x: 0.8884  loss_reg_y: 0.6297
12/28 13:58:24 - mmengine - INFO - Epoch(train) [22][ 340/1544]  lr: 1.8514e-03  eta: 2 days, 19:02:04  time: 4.6219  data_time: 0.0026  memory: 19776  grad_norm: 28.8445  loss: 3.6221  loss_text: 0.8039  loss_center: 1.4227  loss_reg_x: 0.8427  loss_reg_y: 0.5528
12/28 13:58:46 - mmengine - INFO - Epoch(train) [22][ 345/1544]  lr: 1.8514e-03  eta: 2 days, 19:02:26  time: 4.4524  data_time: 0.0025  memory: 19776  grad_norm: 30.9790  loss: 3.6265  loss_text: 0.7998  loss_center: 1.2866  loss_reg_x: 0.9388  loss_reg_y: 0.6012
12/28 13:59:07 - mmengine - INFO - Epoch(train) [22][ 350/1544]  lr: 1.8514e-03  eta: 2 days, 19:02:53  time: 4.3138  data_time: 0.0024  memory: 19776  grad_norm: 27.5934  loss: 3.6177  loss_text: 0.7330  loss_center: 1.3397  loss_reg_x: 0.9302  loss_reg_y: 0.6148
12/28 13:59:31 - mmengine - INFO - Epoch(train) [22][ 355/1544]  lr: 1.8514e-03  eta: 2 days, 19:04:14  time: 4.5016  data_time: 0.0024  memory: 19776  grad_norm: 26.9387  loss: 3.8136  loss_text: 0.8042  loss_center: 1.4135  loss_reg_x: 0.9583  loss_reg_y: 0.6376
12/28 13:59:51 - mmengine - INFO - Epoch(train) [22][ 360/1544]  lr: 1.8514e-03  eta: 2 days, 19:03:58  time: 4.3665  data_time: 0.0024  memory: 19776  grad_norm: 26.3258  loss: 3.8019  loss_text: 0.7863  loss_center: 1.4451  loss_reg_x: 0.8708  loss_reg_y: 0.6997
12/28 14:00:11 - mmengine - INFO - Epoch(train) [22][ 365/1544]  lr: 1.8514e-03  eta: 2 days, 19:03:31  time: 4.0228  data_time: 0.0024  memory: 19776  grad_norm: 27.5802  loss: 3.6200  loss_text: 0.7019  loss_center: 1.3935  loss_reg_x: 0.8223  loss_reg_y: 0.7023
12/28 14:00:31 - mmengine - INFO - Epoch(train) [22][ 370/1544]  lr: 1.8514e-03  eta: 2 days, 19:03:24  time: 4.0533  data_time: 0.0025  memory: 19776  grad_norm: 28.9532  loss: 3.4273  loss_text: 0.7182  loss_center: 1.2971  loss_reg_x: 0.8149  loss_reg_y: 0.5972
12/28 14:00:49 - mmengine - INFO - Epoch(train) [22][ 375/1544]  lr: 1.8514e-03  eta: 2 days, 19:01:47  time: 3.8310  data_time: 0.0025  memory: 19776  grad_norm: 25.3091  loss: 3.4052  loss_text: 0.7543  loss_center: 1.3269  loss_reg_x: 0.7523  loss_reg_y: 0.5717
12/28 14:01:10 - mmengine - INFO - Epoch(train) [22][ 380/1544]  lr: 1.8514e-03  eta: 2 days, 19:01:51  time: 3.8640  data_time: 0.0024  memory: 19776  grad_norm: 21.9307  loss: 3.4907  loss_text: 0.7544  loss_center: 1.3135  loss_reg_x: 0.8160  loss_reg_y: 0.6068
12/28 14:01:30 - mmengine - INFO - Epoch(train) [22][ 385/1544]  lr: 1.8514e-03  eta: 2 days, 19:01:21  time: 4.0771  data_time: 0.0023  memory: 19776  grad_norm: 20.7752  loss: 3.4937  loss_text: 0.7654  loss_center: 1.2618  loss_reg_x: 0.8109  loss_reg_y: 0.6555
12/28 14:01:48 - mmengine - INFO - Epoch(train) [22][ 390/1544]  lr: 1.8514e-03  eta: 2 days, 18:59:42  time: 3.7486  data_time: 0.0025  memory: 19776  grad_norm: 24.6801  loss: 3.4991  loss_text: 0.7776  loss_center: 1.2704  loss_reg_x: 0.8002  loss_reg_y: 0.6509
12/28 14:02:08 - mmengine - INFO - Epoch(train) [22][ 395/1544]  lr: 1.8514e-03  eta: 2 days, 18:59:46  time: 3.8553  data_time: 0.0025  memory: 19776  grad_norm: 31.3011  loss: 3.6923  loss_text: 0.7970  loss_center: 1.3040  loss_reg_x: 0.9486  loss_reg_y: 0.6427
12/28 14:02:30 - mmengine - INFO - Epoch(train) [22][ 400/1544]  lr: 1.8514e-03  eta: 2 days, 18:59:53  time: 4.1991  data_time: 0.0023  memory: 19776  grad_norm: 29.9116  loss: 3.8663  loss_text: 0.8474  loss_center: 1.3812  loss_reg_x: 0.9689  loss_reg_y: 0.6688
12/28 14:02:48 - mmengine - INFO - Epoch(train) [22][ 405/1544]  lr: 1.8514e-03  eta: 2 days, 18:58:51  time: 3.9854  data_time: 0.0027  memory: 19776  grad_norm: 24.4933  loss: 3.7212  loss_text: 0.8540  loss_center: 1.3527  loss_reg_x: 0.8843  loss_reg_y: 0.6302
12/28 14:03:08 - mmengine - INFO - Epoch(train) [22][ 410/1544]  lr: 1.8514e-03  eta: 2 days, 18:58:29  time: 3.8875  data_time: 0.0032  memory: 19776  grad_norm: 26.0733  loss: 3.6585  loss_text: 0.8033  loss_center: 1.2741  loss_reg_x: 0.9558  loss_reg_y: 0.6252
12/28 14:03:26 - mmengine - INFO - Epoch(train) [22][ 415/1544]  lr: 1.8514e-03  eta: 2 days, 18:56:51  time: 3.7714  data_time: 0.0027  memory: 19776  grad_norm: 28.0159  loss: 3.9775  loss_text: 0.8382  loss_center: 1.2936  loss_reg_x: 1.1522  loss_reg_y: 0.6936
12/28 14:03:48 - mmengine - INFO - Epoch(train) [22][ 420/1544]  lr: 1.8514e-03  eta: 2 days, 18:57:34  time: 3.9847  data_time: 0.0025  memory: 19776  grad_norm: 24.7457  loss: 3.9220  loss_text: 0.7982  loss_center: 1.3504  loss_reg_x: 1.1324  loss_reg_y: 0.6410
12/28 14:04:08 - mmengine - INFO - Epoch(train) [22][ 425/1544]  lr: 1.8514e-03  eta: 2 days, 18:57:17  time: 4.2456  data_time: 0.0028  memory: 19776  grad_norm: 25.8201  loss: 3.7384  loss_text: 0.7916  loss_center: 1.3850  loss_reg_x: 1.0243  loss_reg_y: 0.5376
12/28 14:04:30 - mmengine - INFO - Epoch(train) [22][ 430/1544]  lr: 1.8514e-03  eta: 2 days, 18:57:40  time: 4.1832  data_time: 0.0028  memory: 19776  grad_norm: 33.7689  loss: 3.7970  loss_text: 0.9028  loss_center: 1.2839  loss_reg_x: 1.0046  loss_reg_y: 0.6057
12/28 14:04:50 - mmengine - INFO - Epoch(train) [22][ 435/1544]  lr: 1.8514e-03  eta: 2 days, 18:57:18  time: 4.1702  data_time: 0.0026  memory: 19776  grad_norm: 36.9785  loss: 3.7753  loss_text: 0.8334  loss_center: 1.3218  loss_reg_x: 0.9182  loss_reg_y: 0.7019
12/28 14:05:12 - mmengine - INFO - Epoch(train) [22][ 440/1544]  lr: 1.8514e-03  eta: 2 days, 18:58:01  time: 4.2355  data_time: 0.0025  memory: 19776  grad_norm: 29.0548  loss: 3.9324  loss_text: 0.7735  loss_center: 1.3920  loss_reg_x: 1.0362  loss_reg_y: 0.7307
12/28 14:05:34 - mmengine - INFO - Epoch(train) [22][ 445/1544]  lr: 1.8514e-03  eta: 2 days, 18:58:18  time: 4.3651  data_time: 0.0026  memory: 19776  grad_norm: 28.9677  loss: 3.7473  loss_text: 0.8377  loss_center: 1.2980  loss_reg_x: 0.9925  loss_reg_y: 0.6190
12/28 14:05:55 - mmengine - INFO - Epoch(train) [22][ 450/1544]  lr: 1.8514e-03  eta: 2 days, 18:58:14  time: 4.2127  data_time: 0.0026  memory: 19776  grad_norm: 30.1283  loss: 3.6365  loss_text: 0.8135  loss_center: 1.3092  loss_reg_x: 0.9690  loss_reg_y: 0.5448
12/28 14:06:15 - mmengine - INFO - Epoch(train) [22][ 455/1544]  lr: 1.8514e-03  eta: 2 days, 18:58:07  time: 4.1320  data_time: 0.0026  memory: 19776  grad_norm: 24.8321  loss: 3.6937  loss_text: 0.7448  loss_center: 1.3409  loss_reg_x: 1.0628  loss_reg_y: 0.5451
12/28 14:06:36 - mmengine - INFO - Epoch(train) [22][ 460/1544]  lr: 1.8514e-03  eta: 2 days, 18:58:01  time: 4.1258  data_time: 0.0026  memory: 19776  grad_norm: 21.7003  loss: 3.6324  loss_text: 0.7271  loss_center: 1.3320  loss_reg_x: 0.8715  loss_reg_y: 0.7017
12/28 14:06:55 - mmengine - INFO - Epoch(train) [22][ 465/1544]  lr: 1.8514e-03  eta: 2 days, 18:57:06  time: 3.9636  data_time: 0.0024  memory: 19776  grad_norm: 22.1650  loss: 3.7085  loss_text: 0.7644  loss_center: 1.3143  loss_reg_x: 0.8725  loss_reg_y: 0.7573
12/28 14:07:13 - mmengine - INFO - Epoch(train) [22][ 470/1544]  lr: 1.8514e-03  eta: 2 days, 18:55:53  time: 3.7366  data_time: 0.0024  memory: 19776  grad_norm: 22.9351  loss: 3.4570  loss_text: 0.7903  loss_center: 1.2053  loss_reg_x: 0.8689  loss_reg_y: 0.5925
12/28 14:07:33 - mmengine - INFO - Epoch(train) [22][ 475/1544]  lr: 1.8514e-03  eta: 2 days, 18:55:16  time: 3.8001  data_time: 0.0024  memory: 19776  grad_norm: 23.4599  loss: 3.2490  loss_text: 0.7513  loss_center: 1.2053  loss_reg_x: 0.7399  loss_reg_y: 0.5524
12/28 14:07:54 - mmengine - INFO - Epoch(train) [22][ 480/1544]  lr: 1.8514e-03  eta: 2 days, 18:55:14  time: 4.0397  data_time: 0.0024  memory: 19776  grad_norm: 25.9312  loss: 3.3052  loss_text: 0.7407  loss_center: 1.2204  loss_reg_x: 0.7684  loss_reg_y: 0.5758
12/28 14:08:15 - mmengine - INFO - Epoch(train) [22][ 485/1544]  lr: 1.8514e-03  eta: 2 days, 18:55:37  time: 4.2399  data_time: 0.0023  memory: 19776  grad_norm: 30.7621  loss: 3.4599  loss_text: 0.7813  loss_center: 1.2159  loss_reg_x: 0.8398  loss_reg_y: 0.6229
12/28 14:08:36 - mmengine - INFO - Epoch(train) [22][ 490/1544]  lr: 1.8514e-03  eta: 2 days, 18:55:48  time: 4.2855  data_time: 0.0023  memory: 19776  grad_norm: 28.2132  loss: 3.4383  loss_text: 0.8038  loss_center: 1.2601  loss_reg_x: 0.8031  loss_reg_y: 0.5713
12/28 14:08:56 - mmengine - INFO - Epoch(train) [22][ 495/1544]  lr: 1.8514e-03  eta: 2 days, 18:55:23  time: 4.1260  data_time: 0.0026  memory: 19776  grad_norm: 26.4270  loss: 3.5112  loss_text: 0.8078  loss_center: 1.3323  loss_reg_x: 0.7790  loss_reg_y: 0.5921
12/28 14:09:15 - mmengine - INFO - Epoch(train) [22][ 500/1544]  lr: 1.8514e-03  eta: 2 days, 18:54:17  time: 3.8597  data_time: 0.0026  memory: 19776  grad_norm: 29.3914  loss: 3.5549  loss_text: 0.7872  loss_center: 1.3643  loss_reg_x: 0.7819  loss_reg_y: 0.6214
12/28 14:09:35 - mmengine - INFO - Epoch(train) [22][ 505/1544]  lr: 1.8514e-03  eta: 2 days, 18:53:43  time: 3.8276  data_time: 0.0025  memory: 19776  grad_norm: 25.6159  loss: 3.4804  loss_text: 0.7692  loss_center: 1.2421  loss_reg_x: 0.8798  loss_reg_y: 0.5894
12/28 14:09:54 - mmengine - INFO - Epoch(train) [22][ 510/1544]  lr: 1.8514e-03  eta: 2 days, 18:52:50  time: 3.8736  data_time: 0.0024  memory: 19776  grad_norm: 21.5048  loss: 3.5796  loss_text: 0.7938  loss_center: 1.2196  loss_reg_x: 0.9220  loss_reg_y: 0.6442
12/28 14:10:13 - mmengine - INFO - Epoch(train) [22][ 515/1544]  lr: 1.8514e-03  eta: 2 days, 18:52:05  time: 3.8335  data_time: 0.0023  memory: 19776  grad_norm: 23.1191  loss: 3.6839  loss_text: 0.8404  loss_center: 1.2244  loss_reg_x: 0.8982  loss_reg_y: 0.7209
12/28 14:10:35 - mmengine - INFO - Epoch(train) [22][ 520/1544]  lr: 1.8514e-03  eta: 2 days, 18:52:46  time: 4.1559  data_time: 0.0024  memory: 19776  grad_norm: 23.6020  loss: 3.4689  loss_text: 0.8187  loss_center: 1.1951  loss_reg_x: 0.8630  loss_reg_y: 0.5921
12/28 14:10:55 - mmengine - INFO - Epoch(train) [22][ 525/1544]  lr: 1.8514e-03  eta: 2 days, 18:52:03  time: 4.1659  data_time: 0.0023  memory: 19776  grad_norm: 23.1905  loss: 3.0238  loss_text: 0.7270  loss_center: 1.1259  loss_reg_x: 0.7314  loss_reg_y: 0.4396
12/28 14:11:13 - mmengine - INFO - Epoch(train) [22][ 530/1544]  lr: 1.8514e-03  eta: 2 days, 18:50:44  time: 3.7496  data_time: 0.0023  memory: 19776  grad_norm: 24.8104  loss: 3.2765  loss_text: 0.7488  loss_center: 1.1334  loss_reg_x: 0.8059  loss_reg_y: 0.5884
12/28 14:11:31 - mmengine - INFO - Epoch(train) [22][ 535/1544]  lr: 1.8514e-03  eta: 2 days, 18:49:35  time: 3.6572  data_time: 0.0024  memory: 19776  grad_norm: 23.6838  loss: 3.4689  loss_text: 0.7488  loss_center: 1.2587  loss_reg_x: 0.8164  loss_reg_y: 0.6451
12/28 14:11:53 - mmengine - INFO - Epoch(train) [22][ 540/1544]  lr: 1.8514e-03  eta: 2 days, 18:49:53  time: 3.9955  data_time: 0.0023  memory: 19776  grad_norm: 23.9926  loss: 3.3352  loss_text: 0.6994  loss_center: 1.3103  loss_reg_x: 0.7461  loss_reg_y: 0.5794
12/28 14:12:13 - mmengine - INFO - Epoch(train) [22][ 545/1544]  lr: 1.8514e-03  eta: 2 days, 18:49:22  time: 4.1267  data_time: 0.0023  memory: 19776  grad_norm: 23.2168  loss: 3.3016  loss_text: 0.6798  loss_center: 1.2962  loss_reg_x: 0.7671  loss_reg_y: 0.5584
12/28 14:12:34 - mmengine - INFO - Epoch(train) [22][ 550/1544]  lr: 1.8514e-03  eta: 2 days, 18:49:24  time: 4.0717  data_time: 0.0023  memory: 19776  grad_norm: 23.5571  loss: 3.4454  loss_text: 0.7120  loss_center: 1.3021  loss_reg_x: 0.8650  loss_reg_y: 0.5663
12/28 14:12:55 - mmengine - INFO - Epoch(train) [22][ 555/1544]  lr: 1.8514e-03  eta: 2 days, 18:49:36  time: 4.2227  data_time: 0.0024  memory: 19776  grad_norm: 30.9289  loss: 3.9200  loss_text: 0.8571  loss_center: 1.3467  loss_reg_x: 1.0230  loss_reg_y: 0.6933
12/28 14:13:16 - mmengine - INFO - Epoch(train) [22][ 560/1544]  lr: 1.8514e-03  eta: 2 days, 18:49:50  time: 4.2671  data_time: 0.0028  memory: 19776  grad_norm: 29.6712  loss: 3.6920  loss_text: 0.8164  loss_center: 1.2727  loss_reg_x: 0.9546  loss_reg_y: 0.6483
12/28 14:13:37 - mmengine - INFO - Epoch(train) [22][ 565/1544]  lr: 1.8514e-03  eta: 2 days, 18:49:41  time: 4.1940  data_time: 0.0027  memory: 19776  grad_norm: 23.7287  loss: 3.2288  loss_text: 0.7172  loss_center: 1.2038  loss_reg_x: 0.7999  loss_reg_y: 0.5080
12/28 14:13:55 - mmengine - INFO - Epoch(train) [22][ 570/1544]  lr: 1.8514e-03  eta: 2 days, 18:48:17  time: 3.8456  data_time: 0.0023  memory: 19776  grad_norm: 25.7708  loss: 3.7111  loss_text: 0.8523  loss_center: 1.2639  loss_reg_x: 0.8690  loss_reg_y: 0.7259
12/28 14:14:17 - mmengine - INFO - Epoch(train) [22][ 575/1544]  lr: 1.8514e-03  eta: 2 days, 18:48:46  time: 3.9811  data_time: 0.0026  memory: 19776  grad_norm: 26.2651  loss: 3.9302  loss_text: 0.8651  loss_center: 1.3223  loss_reg_x: 0.9353  loss_reg_y: 0.8074
12/28 14:14:20 - mmengine - INFO - Exp name: fcenet_r50dcnv2_fpn_1500e_lsvt_ctw_pretrain_20251228_115121
12/28 14:14:36 - mmengine - INFO - Epoch(train) [22][ 580/1544]  lr: 1.8514e-03  eta: 2 days, 18:48:04  time: 4.1285  data_time: 0.0026  memory: 19776  grad_norm: 25.4669  loss: 3.5852  loss_text: 0.7922  loss_center: 1.3061  loss_reg_x: 0.8657  loss_reg_y: 0.6212
12/28 14:14:56 - mmengine - INFO - Epoch(train) [22][ 585/1544]  lr: 1.8514e-03  eta: 2 days, 18:47:48  time: 3.9682  data_time: 0.0025  memory: 19776  grad_norm: 27.8000  loss: 3.4167  loss_text: 0.7647  loss_center: 1.2505  loss_reg_x: 0.7928  loss_reg_y: 0.6087
12/28 14:15:18 - mmengine - INFO - Epoch(train) [22][ 590/1544]  lr: 1.8514e-03  eta: 2 days, 18:48:22  time: 4.2423  data_time: 0.0029  memory: 19776  grad_norm: 26.7510  loss: 3.4518  loss_text: 0.7395  loss_center: 1.2722  loss_reg_x: 0.8460  loss_reg_y: 0.5941
12/28 14:15:39 - mmengine - INFO - Epoch(train) [22][ 595/1544]  lr: 1.8514e-03  eta: 2 days, 18:48:22  time: 4.2997  data_time: 0.0028  memory: 19776  grad_norm: 26.2187  loss: 3.5680  loss_text: 0.7253  loss_center: 1.3480  loss_reg_x: 0.9230  loss_reg_y: 0.5717
12/28 14:15:59 - mmengine - INFO - Epoch(train) [22][ 600/1544]  lr: 1.8514e-03  eta: 2 days, 18:47:36  time: 4.0142  data_time: 0.0027  memory: 19776  grad_norm: 25.6167  loss: 3.4840  loss_text: 0.6648  loss_center: 1.3293  loss_reg_x: 0.8791  loss_reg_y: 0.6108
12/28 14:16:17 - mmengine - INFO - Epoch(train) [22][ 605/1544]  lr: 1.8514e-03  eta: 2 days, 18:46:38  time: 3.8044  data_time: 0.0026  memory: 19776  grad_norm: 18.7774  loss: 3.2291  loss_text: 0.6355  loss_center: 1.2224  loss_reg_x: 0.7799  loss_reg_y: 0.5913
12/28 14:16:38 - mmengine - INFO - Epoch(train) [22][ 610/1544]  lr: 1.8514e-03  eta: 2 days, 18:46:23  time: 3.9152  data_time: 0.0025  memory: 19776  grad_norm: 22.1445  loss: 3.0150  loss_text: 0.6329  loss_center: 1.1245  loss_reg_x: 0.7417  loss_reg_y: 0.5159
12/28 14:16:56 - mmengine - INFO - Epoch(train) [22][ 615/1544]  lr: 1.8514e-03  eta: 2 days, 18:45:18  time: 3.8896  data_time: 0.0026  memory: 19776  grad_norm: 25.4257  loss: 3.2121  loss_text: 0.6829  loss_center: 1.1937  loss_reg_x: 0.7652  loss_reg_y: 0.5703
12/28 14:17:18 - mmengine - INFO - Epoch(train) [22][ 620/1544]  lr: 1.8514e-03  eta: 2 days, 18:45:42  time: 4.0295  data_time: 0.0026  memory: 19776  grad_norm: 20.9051  loss: 3.4806  loss_text: 0.7372  loss_center: 1.4087  loss_reg_x: 0.7430  loss_reg_y: 0.5917
12/28 14:17:40 - mmengine - INFO - Epoch(train) [22][ 625/1544]  lr: 1.8514e-03  eta: 2 days, 18:46:05  time: 4.3505  data_time: 0.0025  memory: 19776  grad_norm: 23.0632  loss: 3.6456  loss_text: 0.7617  loss_center: 1.5089  loss_reg_x: 0.8125  loss_reg_y: 0.5626
12/28 14:18:03 - mmengine - INFO - Epoch(train) [22][ 630/1544]  lr: 1.8514e-03  eta: 2 days, 18:47:18  time: 4.5296  data_time: 0.0024  memory: 19776  grad_norm: 25.9446  loss: 3.7834  loss_text: 0.8574  loss_center: 1.4330  loss_reg_x: 0.9314  loss_reg_y: 0.5615
12/28 14:18:23 - mmengine - INFO - Epoch(train) [22][ 635/1544]  lr: 1.8514e-03  eta: 2 days, 18:46:39  time: 4.3033  data_time: 0.0024  memory: 19776  grad_norm: 28.4918  loss: 3.7898  loss_text: 0.8604  loss_center: 1.3580  loss_reg_x: 1.0003  loss_reg_y: 0.5711
12/28 14:18:41 - mmengine - INFO - Epoch(train) [22][ 640/1544]  lr: 1.8514e-03  eta: 2 days, 18:45:20  time: 3.7515  data_time: 0.0024  memory: 19776  grad_norm: 35.3029  loss: 4.2472  loss_text: 0.8987  loss_center: 1.3530  loss_reg_x: 1.2408  loss_reg_y: 0.7547
12/28 14:19:00 - mmengine - INFO - Epoch(train) [22][ 645/1544]  lr: 1.8514e-03  eta: 2 days, 18:44:35  time: 3.7288  data_time: 0.0025  memory: 19776  grad_norm: 27.8085  loss: 3.9678  loss_text: 0.8539  loss_center: 1.3063  loss_reg_x: 1.0938  loss_reg_y: 0.7138
12/28 14:19:19 - mmengine - INFO - Epoch(train) [22][ 650/1544]  lr: 1.8514e-03  eta: 2 days, 18:43:49  time: 3.8476  data_time: 0.0024  memory: 19776  grad_norm: 19.8432  loss: 3.4701  loss_text: 0.7247  loss_center: 1.2607  loss_reg_x: 0.8852  loss_reg_y: 0.5995
12/28 14:19:39 - mmengine - INFO - Epoch(train) [22][ 655/1544]  lr: 1.8514e-03  eta: 2 days, 18:43:12  time: 3.8748  data_time: 0.0024  memory: 19776  grad_norm: 33.0298  loss: 3.9212  loss_text: 0.7831  loss_center: 1.3035  loss_reg_x: 1.0895  loss_reg_y: 0.7451
12/28 14:19:58 - mmengine - INFO - Epoch(train) [22][ 660/1544]  lr: 1.8514e-03  eta: 2 days, 18:42:26  time: 3.8751  data_time: 0.0023  memory: 19776  grad_norm: 31.9972  loss: 3.8019  loss_text: 0.7790  loss_center: 1.2909  loss_reg_x: 1.0013  loss_reg_y: 0.7307
12/28 14:20:17 - mmengine - INFO - Epoch(train) [22][ 665/1544]  lr: 1.8514e-03  eta: 2 days, 18:41:25  time: 3.7861  data_time: 0.0023  memory: 19776  grad_norm: 28.1417  loss: 3.7025  loss_text: 0.7569  loss_center: 1.2926  loss_reg_x: 1.0240  loss_reg_y: 0.6290
12/28 14:20:39 - mmengine - INFO - Epoch(train) [22][ 670/1544]  lr: 1.8514e-03  eta: 2 days, 18:41:59  time: 4.0795  data_time: 0.0023  memory: 19776  grad_norm: 29.8487  loss: 3.7526  loss_text: 0.7394  loss_center: 1.2947  loss_reg_x: 1.0413  loss_reg_y: 0.6773
12/28 14:20:59 - mmengine - INFO - Epoch(train) [22][ 675/1544]  lr: 1.8514e-03  eta: 2 days, 18:41:37  time: 4.2287  data_time: 0.0023  memory: 19776  grad_norm: 20.7637  loss: 3.3943  loss_text: 0.7226  loss_center: 1.2343  loss_reg_x: 0.8047  loss_reg_y: 0.6327
12/28 14:21:19 - mmengine - INFO - Epoch(train) [22][ 680/1544]  lr: 1.8514e-03  eta: 2 days, 18:41:26  time: 4.0594  data_time: 0.0023  memory: 19776  grad_norm: 20.8498  loss: 3.3561  loss_text: 0.7283  loss_center: 1.2658  loss_reg_x: 0.7938  loss_reg_y: 0.5682
12/28 14:21:37 - mmengine - INFO - Epoch(train) [22][ 685/1544]  lr: 1.8514e-03  eta: 2 days, 18:40:10  time: 3.8573  data_time: 0.0023  memory: 19776  grad_norm: 24.4966  loss: 3.3434  loss_text: 0.7319  loss_center: 1.3082  loss_reg_x: 0.7631  loss_reg_y: 0.5402
12/28 14:21:56 - mmengine - INFO - Epoch(train) [22][ 690/1544]  lr: 1.8514e-03  eta: 2 days, 18:39:09  time: 3.6720  data_time: 0.0023  memory: 19776  grad_norm: 22.7999  loss: 3.4786  loss_text: 0.7382  loss_center: 1.2813  loss_reg_x: 0.8525  loss_reg_y: 0.6066
12/28 14:22:16 - mmengine - INFO - Epoch(train) [22][ 695/1544]  lr: 1.8514e-03  eta: 2 days, 18:38:44  time: 3.8577  data_time: 0.0024  memory: 19776  grad_norm: 21.3893  loss: 3.3759  loss_text: 0.8012  loss_center: 1.1538  loss_reg_x: 0.8080  loss_reg_y: 0.6128
12/28 14:22:37 - mmengine - INFO - Epoch(train) [22][ 700/1544]  lr: 1.8514e-03  eta: 2 days, 18:38:32  time: 4.0416  data_time: 0.0024  memory: 19776  grad_norm: 22.6800  loss: 3.2675  loss_text: 0.8468  loss_center: 1.1723  loss_reg_x: 0.7239  loss_reg_y: 0.5246
12/28 14:22:54 - mmengine - INFO - Epoch(train) [22][ 705/1544]  lr: 1.8514e-03  eta: 2 days, 18:37:08  time: 3.8204  data_time: 0.0024  memory: 19776  grad_norm: 22.5289  loss: 3.5103  loss_text: 0.7940  loss_center: 1.2746  loss_reg_x: 0.9095  loss_reg_y: 0.5322
12/28 14:23:14 - mmengine - INFO - Epoch(train) [22][ 710/1544]  lr: 1.8514e-03  eta: 2 days, 18:36:31  time: 3.7266  data_time: 0.0025  memory: 19776  grad_norm: 28.2754  loss: 3.5643  loss_text: 0.7411  loss_center: 1.3647  loss_reg_x: 0.9195  loss_reg_y: 0.5390
12/28 14:23:36 - mmengine - INFO - Epoch(train) [22][ 715/1544]  lr: 1.8514e-03  eta: 2 days, 18:37:00  time: 4.1543  data_time: 0.0026  memory: 19776  grad_norm: 27.6155  loss: 3.4826  loss_text: 0.7188  loss_center: 1.2946  loss_reg_x: 0.9008  loss_reg_y: 0.5684
12/28 14:23:58 - mmengine - INFO - Epoch(train) [22][ 720/1544]  lr: 1.8514e-03  eta: 2 days, 18:37:41  time: 4.4488  data_time: 0.0025  memory: 19776  grad_norm: 28.3263  loss: 3.5123  loss_text: 0.7195  loss_center: 1.2194  loss_reg_x: 0.9249  loss_reg_y: 0.6485
12/28 14:24:17 - mmengine - INFO - Epoch(train) [22][ 725/1544]  lr: 1.8514e-03  eta: 2 days, 18:36:34  time: 4.0837  data_time: 0.0023  memory: 19776  grad_norm: 30.0625  loss: 3.5459  loss_text: 0.7469  loss_center: 1.3347  loss_reg_x: 0.8492  loss_reg_y: 0.6151
12/28 14:24:37 - mmengine - INFO - Epoch(train) [22][ 730/1544]  lr: 1.8514e-03  eta: 2 days, 18:36:23  time: 3.8874  data_time: 0.0023  memory: 19776  grad_norm: 26.4598  loss: 3.3935  loss_text: 0.7785  loss_center: 1.2707  loss_reg_x: 0.7673  loss_reg_y: 0.5770
12/28 14:24:57 - mmengine - INFO - Epoch(train) [22][ 735/1544]  lr: 1.8514e-03  eta: 2 days, 18:35:52  time: 4.0240  data_time: 0.0025  memory: 19776  grad_norm: 29.6380  loss: 3.5257  loss_text: 0.8060  loss_center: 1.2293  loss_reg_x: 0.8386  loss_reg_y: 0.6518
12/28 14:25:15 - mmengine - INFO - Epoch(train) [22][ 740/1544]  lr: 1.8514e-03  eta: 2 days, 18:34:47  time: 3.8197  data_time: 0.0026  memory: 19776  grad_norm: 30.1913  loss: 3.6453  loss_text: 0.7931  loss_center: 1.3463  loss_reg_x: 0.9128  loss_reg_y: 0.5931
12/28 14:25:38 - mmengine - INFO - Epoch(train) [22][ 745/1544]  lr: 1.8514e-03  eta: 2 days, 18:35:22  time: 4.0715  data_time: 0.0027  memory: 19776  grad_norm: 24.3140  loss: 3.6004  loss_text: 0.7409  loss_center: 1.3987  loss_reg_x: 0.8691  loss_reg_y: 0.5917
12/28 14:25:58 - mmengine - INFO - Epoch(train) [22][ 750/1544]  lr: 1.8514e-03  eta: 2 days, 18:34:57  time: 4.2217  data_time: 0.0026  memory: 19776  grad_norm: 22.4115  loss: 3.4863  loss_text: 0.7232  loss_center: 1.3227  loss_reg_x: 0.8017  loss_reg_y: 0.6388
12/28 14:26:18 - mmengine - INFO - Epoch(train) [22][ 755/1544]  lr: 1.8514e-03  eta: 2 days, 18:34:34  time: 4.0004  data_time: 0.0026  memory: 19776  grad_norm: 28.9548  loss: 3.5387  loss_text: 0.7789  loss_center: 1.3060  loss_reg_x: 0.8325  loss_reg_y: 0.6212
12/28 14:26:40 - mmengine - INFO - Epoch(train) [22][ 760/1544]  lr: 1.8514e-03  eta: 2 days, 18:35:03  time: 4.2092  data_time: 0.0026  memory: 19776  grad_norm: 27.7628  loss: 3.6100  loss_text: 0.8261  loss_center: 1.3643  loss_reg_x: 0.8265  loss_reg_y: 0.5931
12/28 14:26:58 - mmengine - INFO - Epoch(train) [22][ 765/1544]  lr: 1.8514e-03  eta: 2 days, 18:34:02  time: 4.0622  data_time: 0.0024  memory: 19776  grad_norm: 23.1215  loss: 3.5850  loss_text: 0.7872  loss_center: 1.3412  loss_reg_x: 0.8918  loss_reg_y: 0.5648
12/28 14:27:19 - mmengine - INFO - Epoch(train) [22][ 770/1544]  lr: 1.8514e-03  eta: 2 days, 18:33:49  time: 3.9006  data_time: 0.0024  memory: 19776  grad_norm: 23.5026  loss: 3.7020  loss_text: 0.7693  loss_center: 1.3446  loss_reg_x: 0.9828  loss_reg_y: 0.6053
12/28 14:27:40 - mmengine - INFO - Epoch(train) [22][ 775/1544]  lr: 1.8514e-03  eta: 2 days, 18:33:57  time: 4.1693  data_time: 0.0025  memory: 19776  grad_norm: 27.7843  loss: 3.6189  loss_text: 0.7410  loss_center: 1.3213  loss_reg_x: 0.9022  loss_reg_y: 0.6543
12/28 14:28:00 - mmengine - INFO - Epoch(train) [22][ 780/1544]  lr: 1.8514e-03  eta: 2 days, 18:33:22  time: 4.0829  data_time: 0.0025  memory: 19776  grad_norm: 41.7224  loss: 3.9943  loss_text: 0.8357  loss_center: 1.2850  loss_reg_x: 1.0331  loss_reg_y: 0.8406
12/28 14:28:21 - mmengine - INFO - Epoch(train) [22][ 785/1544]  lr: 1.8514e-03  eta: 2 days, 18:33:31  time: 4.0870  data_time: 0.0024  memory: 19776  grad_norm: 37.2811  loss: 3.9857  loss_text: 0.9400  loss_center: 1.3002  loss_reg_x: 0.9763  loss_reg_y: 0.7693
12/28 14:28:40 - mmengine - INFO - Epoch(train) [22][ 790/1544]  lr: 1.8514e-03  eta: 2 days, 18:32:47  time: 4.0536  data_time: 0.0024  memory: 19776  grad_norm: 26.8574  loss: 3.7554  loss_text: 0.8825  loss_center: 1.2670  loss_reg_x: 0.8912  loss_reg_y: 0.7147
12/28 14:29:00 - mmengine - INFO - Epoch(train) [22][ 795/1544]  lr: 1.8514e-03  eta: 2 days, 18:32:19  time: 3.9075  data_time: 0.0024  memory: 19776  grad_norm: 28.6199  loss: 3.8369  loss_text: 0.8117  loss_center: 1.2532  loss_reg_x: 0.9689  loss_reg_y: 0.8031
12/28 14:29:18 - mmengine - INFO - Epoch(train) [22][ 800/1544]  lr: 1.8514e-03  eta: 2 days, 18:31:06  time: 3.7915  data_time: 0.0024  memory: 19776  grad_norm: 30.2170  loss: 3.5657  loss_text: 0.7403  loss_center: 1.3060  loss_reg_x: 0.8729  loss_reg_y: 0.6464
12/28 14:29:37 - mmengine - INFO - Epoch(train) [22][ 805/1544]  lr: 1.8514e-03  eta: 2 days, 18:30:19  time: 3.7171  data_time: 0.0024  memory: 19776  grad_norm: 27.5111  loss: 3.3605  loss_text: 0.7117  loss_center: 1.2811  loss_reg_x: 0.8014  loss_reg_y: 0.5663
12/28 14:29:57 - mmengine - INFO - Epoch(train) [22][ 810/1544]  lr: 1.8514e-03  eta: 2 days, 18:30:03  time: 3.9407  data_time: 0.0024  memory: 19776  grad_norm: 24.8595  loss: 3.5232  loss_text: 0.7339  loss_center: 1.2511  loss_reg_x: 0.9234  loss_reg_y: 0.6148
12/28 14:30:18 - mmengine - INFO - Epoch(train) [22][ 815/1544]  lr: 1.8514e-03  eta: 2 days, 18:29:46  time: 4.0610  data_time: 0.0036  memory: 19776  grad_norm: 28.3838  loss: 3.7074  loss_text: 0.7610  loss_center: 1.2826  loss_reg_x: 0.9656  loss_reg_y: 0.6983
12/28 14:30:36 - mmengine - INFO - Epoch(train) [22][ 820/1544]  lr: 1.8514e-03  eta: 2 days, 18:28:29  time: 3.8160  data_time: 0.0035  memory: 19776  grad_norm: 31.5093  loss: 3.7480  loss_text: 0.7861  loss_center: 1.3701  loss_reg_x: 0.9329  loss_reg_y: 0.6590
12/28 14:30:55 - mmengine - INFO - Epoch(train) [22][ 825/1544]  lr: 1.8514e-03  eta: 2 days, 18:27:45  time: 3.7049  data_time: 0.0025  memory: 19776  grad_norm: 29.2764  loss: 3.4647  loss_text: 0.7671  loss_center: 1.3574  loss_reg_x: 0.8251  loss_reg_y: 0.5152
12/28 14:31:16 - mmengine - INFO - Epoch(train) [22][ 830/1544]  lr: 1.8514e-03  eta: 2 days, 18:27:49  time: 4.0300  data_time: 0.0026  memory: 19776  grad_norm: 25.7855  loss: 3.4019  loss_text: 0.7372  loss_center: 1.3369  loss_reg_x: 0.8399  loss_reg_y: 0.4879
12/28 14:31:39 - mmengine - INFO - Epoch(train) [22][ 835/1544]  lr: 1.8514e-03  eta: 2 days, 18:28:32  time: 4.3776  data_time: 0.0026  memory: 19776  grad_norm: 26.1474  loss: 3.6485  loss_text: 0.7617  loss_center: 1.3304  loss_reg_x: 0.9836  loss_reg_y: 0.5729
12/28 14:31:57 - mmengine - INFO - Epoch(train) [22][ 840/1544]  lr: 1.8514e-03  eta: 2 days, 18:27:19  time: 4.0702  data_time: 0.0026  memory: 19776  grad_norm: 32.8140  loss: 3.6985  loss_text: 0.8330  loss_center: 1.2718  loss_reg_x: 0.9673  loss_reg_y: 0.6264
12/28 14:32:18 - mmengine - INFO - Epoch(train) [22][ 845/1544]  lr: 1.8514e-03  eta: 2 days, 18:27:41  time: 3.9896  data_time: 0.0027  memory: 19776  grad_norm: 34.1144  loss: 3.4867  loss_text: 0.7877  loss_center: 1.2581  loss_reg_x: 0.8948  loss_reg_y: 0.5461
12/28 14:32:36 - mmengine - INFO - Epoch(train) [22][ 850/1544]  lr: 1.8514e-03  eta: 2 days, 18:26:28  time: 3.9859  data_time: 0.0028  memory: 19776  grad_norm: 25.5938  loss: 3.2193  loss_text: 0.6740  loss_center: 1.2921  loss_reg_x: 0.7561  loss_reg_y: 0.4972
12/28 14:32:56 - mmengine - INFO - Epoch(train) [22][ 855/1544]  lr: 1.8514e-03  eta: 2 days, 18:26:01  time: 3.7900  data_time: 0.0026  memory: 19776  grad_norm: 22.3709  loss: 3.2512  loss_text: 0.6609  loss_center: 1.2757  loss_reg_x: 0.7267  loss_reg_y: 0.5879
12/28 14:33:16 - mmengine - INFO - Epoch(train) [22][ 860/1544]  lr: 1.8514e-03  eta: 2 days, 18:25:43  time: 4.0093  data_time: 0.0026  memory: 19776  grad_norm: 20.9071  loss: 3.2554  loss_text: 0.6841  loss_center: 1.1774  loss_reg_x: 0.8340  loss_reg_y: 0.5600
12/28 14:33:37 - mmengine - INFO - Epoch(train) [22][ 865/1544]  lr: 1.8514e-03  eta: 2 days, 18:25:33  time: 4.0754  data_time: 0.0028  memory: 19776  grad_norm: 24.2271  loss: 3.4305  loss_text: 0.7257  loss_center: 1.2217  loss_reg_x: 0.9579  loss_reg_y: 0.5251
12/28 14:34:00 - mmengine - INFO - Epoch(train) [22][ 870/1544]  lr: 1.8514e-03  eta: 2 days, 18:26:10  time: 4.3056  data_time: 0.0032  memory: 19776  grad_norm: 27.6097  loss: 3.4210  loss_text: 0.7431  loss_center: 1.2389  loss_reg_x: 0.9008  loss_reg_y: 0.5381
12/28 14:34:20 - mmengine - INFO - Epoch(train) [22][ 875/1544]  lr: 1.8514e-03  eta: 2 days, 18:26:07  time: 4.3352  data_time: 0.0032  memory: 19776  grad_norm: 28.6717  loss: 3.4334  loss_text: 0.7370  loss_center: 1.3016  loss_reg_x: 0.8352  loss_reg_y: 0.5596
12/28 14:34:42 - mmengine - INFO - Epoch(train) [22][ 880/1544]  lr: 1.8514e-03  eta: 2 days, 18:26:34  time: 4.2922  data_time: 0.0029  memory: 19776  grad_norm: 27.5528  loss: 3.5398  loss_text: 0.7857  loss_center: 1.3419  loss_reg_x: 0.8129  loss_reg_y: 0.5993
12/28 14:35:00 - mmengine - INFO - Epoch(train) [22][ 885/1544]  lr: 1.8514e-03  eta: 2 days, 18:25:20  time: 4.0028  data_time: 0.0027  memory: 19776  grad_norm: 26.7372  loss: 3.5328  loss_text: 0.8052  loss_center: 1.3965  loss_reg_x: 0.7383  loss_reg_y: 0.5928
12/28 14:35:23 - mmengine - INFO - Epoch(train) [22][ 890/1544]  lr: 1.8514e-03  eta: 2 days, 18:25:52  time: 4.0223  data_time: 0.0026  memory: 19776  grad_norm: 23.6047  loss: 3.2866  loss_text: 0.7169  loss_center: 1.3536  loss_reg_x: 0.6580  loss_reg_y: 0.5581
12/28 14:35:42 - mmengine - INFO - Epoch(train) [22][ 895/1544]  lr: 1.8514e-03  eta: 2 days, 18:25:17  time: 4.1822  data_time: 0.0027  memory: 19776  grad_norm: 24.9158  loss: 3.4233  loss_text: 0.7032  loss_center: 1.2868  loss_reg_x: 0.7804  loss_reg_y: 0.6529
12/28 14:36:02 - mmengine - INFO - Epoch(train) [22][ 900/1544]  lr: 1.8514e-03  eta: 2 days, 18:24:36  time: 3.8839  data_time: 0.0026  memory: 19776  grad_norm: 32.0759  loss: 3.6410  loss_text: 0.7109  loss_center: 1.3342  loss_reg_x: 0.9154  loss_reg_y: 0.6805
12/28 14:36:22 - mmengine - INFO - Epoch(train) [22][ 905/1544]  lr: 1.8514e-03  eta: 2 days, 18:24:19  time: 3.9567  data_time: 0.0025  memory: 19776  grad_norm: 37.0870  loss: 3.6365  loss_text: 0.7482  loss_center: 1.2812  loss_reg_x: 0.9549  loss_reg_y: 0.6522
12/28 14:36:42 - mmengine - INFO - Epoch(train) [22][ 910/1544]  lr: 1.8514e-03  eta: 2 days, 18:24:02  time: 4.0574  data_time: 0.0026  memory: 19776  grad_norm: 30.7505  loss: 3.5687  loss_text: 0.7795  loss_center: 1.3162  loss_reg_x: 0.8695  loss_reg_y: 0.6034
12/28 14:37:02 - mmengine - INFO - Epoch(train) [22][ 915/1544]  lr: 1.8514e-03  eta: 2 days, 18:23:29  time: 3.9901  data_time: 0.0025  memory: 19776  grad_norm: 27.9853  loss: 3.7154  loss_text: 0.7891  loss_center: 1.3230  loss_reg_x: 0.9395  loss_reg_y: 0.6637
12/28 14:37:21 - mmengine - INFO - Epoch(train) [22][ 920/1544]  lr: 1.8514e-03  eta: 2 days, 18:22:50  time: 3.8990  data_time: 0.0024  memory: 19776  grad_norm: 36.2848  loss: 3.7432  loss_text: 0.7846  loss_center: 1.2439  loss_reg_x: 0.9917  loss_reg_y: 0.7230
12/28 14:37:42 - mmengine - INFO - Epoch(train) [22][ 925/1544]  lr: 1.8514e-03  eta: 2 days, 18:22:44  time: 4.0121  data_time: 0.0032  memory: 19776  grad_norm: 30.5363  loss: 3.3786  loss_text: 0.7192  loss_center: 1.2421  loss_reg_x: 0.8268  loss_reg_y: 0.5904
12/28 14:38:01 - mmengine - INFO - Epoch(train) [22][ 930/1544]  lr: 1.8514e-03  eta: 2 days, 18:21:49  time: 3.9447  data_time: 0.0032  memory: 19776  grad_norm: 21.5767  loss: 3.4702  loss_text: 0.7147  loss_center: 1.2960  loss_reg_x: 0.8719  loss_reg_y: 0.5876
12/28 14:38:20 - mmengine - INFO - Epoch(train) [22][ 935/1544]  lr: 1.8514e-03  eta: 2 days, 18:21:22  time: 3.8552  data_time: 0.0025  memory: 19776  grad_norm: 20.9829  loss: 3.4707  loss_text: 0.6988  loss_center: 1.2778  loss_reg_x: 0.8516  loss_reg_y: 0.6426
12/28 14:38:41 - mmengine - INFO - Epoch(train) [22][ 940/1544]  lr: 1.8514e-03  eta: 2 days, 18:21:06  time: 4.0178  data_time: 0.0025  memory: 19776  grad_norm: 20.0217  loss: 3.3600  loss_text: 0.6703  loss_center: 1.2717  loss_reg_x: 0.7315  loss_reg_y: 0.6865
12/28 14:39:02 - mmengine - INFO - Epoch(train) [22][ 945/1544]  lr: 1.8514e-03  eta: 2 days, 18:21:05  time: 4.1286  data_time: 0.0025  memory: 19776  grad_norm: 20.6071  loss: 3.4520  loss_text: 0.6919  loss_center: 1.2936  loss_reg_x: 0.8148  loss_reg_y: 0.6516
12/28 14:39:21 - mmengine - INFO - Epoch(train) [22][ 950/1544]  lr: 1.8514e-03  eta: 2 days, 18:20:26  time: 4.0313  data_time: 0.0026  memory: 19776  grad_norm: 23.5846  loss: 3.5623  loss_text: 0.7848  loss_center: 1.2442  loss_reg_x: 0.8962  loss_reg_y: 0.6372
12/28 14:39:40 - mmengine - INFO - Epoch(train) [22][ 955/1544]  lr: 1.8514e-03  eta: 2 days, 18:19:38  time: 3.8326  data_time: 0.0025  memory: 19776  grad_norm: 25.6118  loss: 3.6926  loss_text: 0.8368  loss_center: 1.2775  loss_reg_x: 0.8813  loss_reg_y: 0.6970
12/28 14:40:00 - mmengine - INFO - Epoch(train) [22][ 960/1544]  lr: 1.8514e-03  eta: 2 days, 18:19:08  time: 3.8710  data_time: 0.0024  memory: 19776  grad_norm: 22.7662  loss: 3.5568  loss_text: 0.7603  loss_center: 1.2917  loss_reg_x: 0.8532  loss_reg_y: 0.6516
12/28 14:40:20 - mmengine - INFO - Epoch(train) [22][ 965/1544]  lr: 1.8514e-03  eta: 2 days, 18:18:47  time: 3.9854  data_time: 0.0026  memory: 19776  grad_norm: 24.0092  loss: 3.5431  loss_text: 0.7655  loss_center: 1.2731  loss_reg_x: 0.8634  loss_reg_y: 0.6412
12/28 14:40:39 - mmengine - INFO - Epoch(train) [22][ 970/1544]  lr: 1.8514e-03  eta: 2 days, 18:18:01  time: 3.9135  data_time: 0.0026  memory: 19776  grad_norm: 24.3107  loss: 3.5008  loss_text: 0.7867  loss_center: 1.2934  loss_reg_x: 0.8268  loss_reg_y: 0.5939
12/28 14:41:00 - mmengine - INFO - Epoch(train) [22][ 975/1544]  lr: 1.8514e-03  eta: 2 days, 18:18:08  time: 4.0317  data_time: 0.0024  memory: 19776  grad_norm: 20.1807  loss: 3.3160  loss_text: 0.8056  loss_center: 1.2391  loss_reg_x: 0.7742  loss_reg_y: 0.4971
12/28 14:41:24 - mmengine - INFO - Epoch(train) [22][ 980/1544]  lr: 1.8514e-03  eta: 2 days, 18:19:16  time: 4.5232  data_time: 0.0026  memory: 19776  grad_norm: 20.8698  loss: 3.3514  loss_text: 0.8374  loss_center: 1.1781  loss_reg_x: 0.8172  loss_reg_y: 0.5187
12/28 14:41:43 - mmengine - INFO - Epoch(train) [22][ 985/1544]  lr: 1.8514e-03  eta: 2 days, 18:18:23  time: 4.2655  data_time: 0.0028  memory: 19776  grad_norm: 24.7697  loss: 3.6554  loss_text: 0.8635  loss_center: 1.2336  loss_reg_x: 0.9732  loss_reg_y: 0.5850
12/28 14:42:03 - mmengine - INFO - Epoch(train) [22][ 990/1544]  lr: 1.8514e-03  eta: 2 days, 18:18:12  time: 3.9280  data_time: 0.0028  memory: 19776  grad_norm: 24.0396  loss: 3.7329  loss_text: 0.7850  loss_center: 1.3182  loss_reg_x: 1.0298  loss_reg_y: 0.5999
12/28 14:42:23 - mmengine - INFO - Epoch(train) [22][ 995/1544]  lr: 1.8514e-03  eta: 2 days, 18:17:30  time: 3.9780  data_time: 0.0029  memory: 19776  grad_norm: 21.9669  loss: 3.5369  loss_text: 0.7382  loss_center: 1.3477  loss_reg_x: 0.8726  loss_reg_y: 0.5783
12/28 14:42:43 - mmengine - INFO - Epoch(train) [22][1000/1544]  lr: 1.8514e-03  eta: 2 days, 18:17:05  time: 3.9148  data_time: 0.0029  memory: 19776  grad_norm: 32.1766  loss: 3.6181  loss_text: 0.8433  loss_center: 1.3365  loss_reg_x: 0.8507  loss_reg_y: 0.5875
12/28 14:43:04 - mmengine - INFO - Epoch(train) [22][1005/1544]  lr: 1.8514e-03  eta: 2 days, 18:17:04  time: 4.0896  data_time: 0.0028  memory: 19776  grad_norm: 35.9791  loss: 3.5192  loss_text: 0.8064  loss_center: 1.2827  loss_reg_x: 0.8630  loss_reg_y: 0.5671
12/28 14:43:24 - mmengine - INFO - Epoch(train) [22][1010/1544]  lr: 1.8514e-03  eta: 2 days, 18:16:53  time: 4.1534  data_time: 0.0028  memory: 19776  grad_norm: 29.7887  loss: 3.5315  loss_text: 0.7883  loss_center: 1.2757  loss_reg_x: 0.8599  loss_reg_y: 0.6075
12/28 14:43:45 - mmengine - INFO - Epoch(train) [22][1015/1544]  lr: 1.8514e-03  eta: 2 days, 18:16:43  time: 4.1146  data_time: 0.0028  memory: 19776  grad_norm: 29.5070  loss: 3.6801  loss_text: 0.8357  loss_center: 1.2549  loss_reg_x: 0.9249  loss_reg_y: 0.6647
12/28 14:44:04 - mmengine - INFO - Epoch(train) [22][1020/1544]  lr: 1.8514e-03  eta: 2 days, 18:15:54  time: 3.9471  data_time: 0.0028  memory: 19776  grad_norm: 29.6646  loss: 3.8662  loss_text: 0.8561  loss_center: 1.3091  loss_reg_x: 0.9473  loss_reg_y: 0.7538
12/28 14:44:25 - mmengine - INFO - Epoch(train) [22][1025/1544]  lr: 1.8514e-03  eta: 2 days, 18:15:58  time: 4.0119  data_time: 0.0027  memory: 19776  grad_norm: 27.2079  loss: 3.8638  loss_text: 0.8316  loss_center: 1.3240  loss_reg_x: 0.9692  loss_reg_y: 0.7389
12/28 14:44:44 - mmengine - INFO - Epoch(train) [22][1030/1544]  lr: 1.8514e-03  eta: 2 days, 18:15:25  time: 4.0816  data_time: 0.0027  memory: 19776  grad_norm: 30.3381  loss: 3.7985  loss_text: 0.8120  loss_center: 1.2968  loss_reg_x: 1.0386  loss_reg_y: 0.6512
12/28 14:45:04 - mmengine - INFO - Epoch(train) [22][1035/1544]  lr: 1.8514e-03  eta: 2 days, 18:14:56  time: 3.9325  data_time: 0.0026  memory: 19776  grad_norm: 34.4602  loss: 4.0071  loss_text: 0.9090  loss_center: 1.4133  loss_reg_x: 1.0790  loss_reg_y: 0.6059
12/28 14:45:23 - mmengine - INFO - Epoch(train) [22][1040/1544]  lr: 1.8514e-03  eta: 2 days, 18:14:11  time: 3.8828  data_time: 0.0026  memory: 19776  grad_norm: 26.7453  loss: 3.9600  loss_text: 0.8955  loss_center: 1.4509  loss_reg_x: 1.0544  loss_reg_y: 0.5591
12/28 14:45:44 - mmengine - INFO - Epoch(train) [22][1045/1544]  lr: 1.8514e-03  eta: 2 days, 18:14:05  time: 3.9845  data_time: 0.0027  memory: 19776  grad_norm: 21.2757  loss: 3.6484  loss_text: 0.7913  loss_center: 1.3580  loss_reg_x: 0.9410  loss_reg_y: 0.5580
