ratio,icdar/hmean,icdar/art/hmean,icdar/rctw/hmean,icdar/rects/hmean,ms_per_img,stage2_ms_per_patch,dry_run
0.0,0.03543830289905006,0.13387876534027518,0.0,0.0,20.14367176219821,0.0,True
0.1,0.03543830289905006,0.13387876534027518,0.0,0.0,37.973811496049166,0.0,True
