2026/01/11 11:20:59 - mmengine - INFO - 
------------------------------------------------------------
System environment:
    sys.platform: linux
    Python: 3.8.20 (default, Oct  3 2024, 15:24:27) [GCC 11.2.0]
    CUDA available: False
    MUSA available: False
    numpy_random_seed: 1398651003
    GCC: gcc (Ubuntu 9.4.0-1ubuntu1~20.04.2) 9.4.0
    PyTorch: 1.10.2+cu111
    PyTorch compiling details: PyTorch built with:
  - GCC 7.3
  - C++ Version: 201402
  - Intel(R) Math Kernel Library Version 2020.0.0 Product Build 20191122 for Intel(R) 64 architecture applications
  - Intel(R) MKL-DNN v2.2.3 (Git Hash 7336ca9f055cf1bfa13efb658fe15dc9b41f0740)
  - OpenMP 201511 (a.k.a. OpenMP 4.5)
  - LAPACK is enabled (usually provided by MKL)
  - NNPACK is enabled
  - CPU capability usage: AVX2
  - Build settings: BLAS_INFO=mkl, BUILD_TYPE=Release, CUDA_VERSION=11.1, CUDNN_VERSION=8.0.5, CXX_COMPILER=/opt/rh/devtoolset-7/root/usr/bin/c++, CXX_FLAGS= -Wno-deprecated -fvisibility-inlines-hidden -DUSE_PTHREADPOOL -fopenmp -DNDEBUG -DUSE_KINETO -DUSE_FBGEMM -DUSE_QNNPACK -DUSE_PYTORCH_QNNPACK -DUSE_XNNPACK -DSYMBOLICATE_MOBILE_DEBUG_HANDLE -DEDGE_PROFILER_USE_KINETO -O2 -fPIC -Wno-narrowing -Wall -Wextra -Werror=return-type -Wno-missing-field-initializers -Wno-type-limits -Wno-array-bounds -Wno-unknown-pragmas -Wno-sign-compare -Wno-unused-parameter -Wno-unused-variable -Wno-unused-function -Wno-unused-result -Wno-unused-local-typedefs -Wno-strict-overflow -Wno-strict-aliasing -Wno-error=deprecated-declarations -Wno-stringop-overflow -Wno-psabi -Wno-error=pedantic -Wno-error=redundant-decls -Wno-error=old-style-cast -fdiagnostics-color=always -faligned-new -Wno-unused-but-set-variable -Wno-maybe-uninitialized -fno-math-errno -fno-trapping-math -Werror=format -Wno-stringop-overflow, LAPACK_INFO=mkl, PERF_WITH_AVX=1, PERF_WITH_AVX2=1, PERF_WITH_AVX512=1, TORCH_VERSION=1.10.2, USE_CUDA=ON, USE_CUDNN=ON, USE_EXCEPTION_PTR=1, USE_GFLAGS=OFF, USE_GLOG=OFF, USE_MKL=ON, USE_MKLDNN=ON, USE_MPI=OFF, USE_NCCL=ON, USE_NNPACK=ON, USE_OPENMP=ON, 

    TorchVision: 0.11.3+cu111
    OpenCV: 4.12.0
    MMEngine: 0.10.7

Runtime environment:
    cudnn_benchmark: True
    mp_cfg: {'mp_start_method': 'fork', 'opencv_num_threads': 0}
    dist_cfg: {'backend': 'nccl'}
    seed: 1398651003
    deterministic: False
    Distributed launcher: none
    Distributed training: False
    GPU number: 1
------------------------------------------------------------

2026/01/11 11:21:10 - mmengine - INFO - Config:
_ds = dict(
    ann_file='pretrain_cn_scene',
    data_root='data',
    indices=[
        1195000,
        1195001,
        1195002,
        1195003,
        1195004,
        1195005,
        1195006,
        1195007,
        1195008,
        1195009,
        1195010,
        1195011,
        1195012,
        1195013,
        1195014,
        1195015,
        1195016,
        1195017,
        1195018,
        1195019,
        1195020,
        1195021,
        1195022,
        1195023,
        1195024,
        1195025,
        1195026,
        1195027,
        1195028,
        1195029,
        1195030,
        1195031,
        1195032,
        1195033,
        1195034,
        1195035,
        1195036,
        1195037,
        1195038,
        1195039,
        1195040,
        1195041,
        1195042,
        1195043,
        1195044,
        1195045,
        1195046,
        1195047,
        1195048,
        1195049,
        1195050,
        1195051,
        1195052,
        1195053,
        1195054,
        1195055,
        1195056,
        1195057,
        1195058,
        1195059,
        1195060,
        1195061,
        1195062,
        1195063,
        1195064,
        1195065,
        1195066,
        1195067,
        1195068,
        1195069,
        1195070,
        1195071,
        1195072,
        1195073,
        1195074,
        1195075,
        1195076,
        1195077,
        1195078,
        1195079,
        1195080,
        1195081,
        1195082,
        1195083,
        1195084,
        1195085,
        1195086,
        1195087,
        1195088,
        1195089,
        1195090,
        1195091,
        1195092,
        1195093,
        1195094,
        1195095,
        1195096,
        1195097,
        1195098,
        1195099,
        1195100,
        1195101,
        1195102,
        1195103,
        1195104,
        1195105,
        1195106,
        1195107,
        1195108,
        1195109,
        1195110,
        1195111,
        1195112,
        1195113,
        1195114,
        1195115,
        1195116,
        1195117,
        1195118,
        1195119,
        1195120,
        1195121,
        1195122,
        1195123,
        1195124,
        1195125,
        1195126,
        1195127,
        1195128,
        1195129,
        1195130,
        1195131,
        1195132,
        1195133,
        1195134,
        1195135,
        1195136,
        1195137,
        1195138,
        1195139,
        1195140,
        1195141,
        1195142,
        1195143,
        1195144,
        1195145,
        1195146,
        1195147,
        1195148,
        1195149,
        1195150,
        1195151,
        1195152,
        1195153,
        1195154,
        1195155,
        1195156,
        1195157,
        1195158,
        1195159,
        1195160,
        1195161,
        1195162,
        1195163,
        1195164,
        1195165,
        1195166,
        1195167,
        1195168,
        1195169,
        1195170,
        1195171,
        1195172,
        1195173,
        1195174,
        1195175,
        1195176,
        1195177,
        1195178,
        1195179,
        1195180,
        1195181,
        1195182,
        1195183,
        1195184,
        1195185,
        1195186,
        1195187,
        1195188,
        1195189,
        1195190,
        1195191,
        1195192,
        1195193,
        1195194,
        1195195,
        1195196,
        1195197,
        1195198,
        1195199,
        1195200,
        1195201,
        1195202,
        1195203,
        1195204,
        1195205,
        1195206,
        1195207,
        1195208,
        1195209,
        1195210,
        1195211,
        1195212,
        1195213,
        1195214,
        1195215,
        1195216,
        1195217,
        1195218,
        1195219,
        1195220,
        1195221,
        1195222,
        1195223,
        1195224,
        1195225,
        1195226,
        1195227,
        1195228,
        1195229,
        1195230,
        1195231,
        1195232,
        1195233,
        1195234,
        1195235,
        1195236,
        1195237,
        1195238,
        1195239,
        1195240,
        1195241,
        1195242,
        1195243,
        1195244,
        1195245,
        1195246,
        1195247,
        1195248,
        1195249,
        1195250,
        1195251,
        1195252,
        1195253,
        1195254,
        1195255,
        1195256,
        1195257,
        1195258,
        1195259,
        1195260,
        1195261,
        1195262,
        1195263,
        1195264,
        1195265,
        1195266,
        1195267,
        1195268,
        1195269,
        1195270,
        1195271,
        1195272,
        1195273,
        1195274,
        1195275,
        1195276,
        1195277,
        1195278,
        1195279,
        1195280,
        1195281,
        1195282,
        1195283,
        1195284,
        1195285,
        1195286,
        1195287,
        1195288,
        1195289,
        1195290,
        1195291,
        1195292,
        1195293,
        1195294,
        1195295,
        1195296,
        1195297,
        1195298,
        1195299,
        1195300,
        1195301,
        1195302,
        1195303,
        1195304,
        1195305,
        1195306,
        1195307,
        1195308,
        1195309,
        1195310,
        1195311,
        1195312,
        1195313,
        1195314,
        1195315,
        1195316,
        1195317,
        1195318,
        1195319,
        1195320,
        1195321,
        1195322,
        1195323,
        1195324,
        1195325,
        1195326,
        1195327,
        1195328,
        1195329,
        1195330,
        1195331,
        1195332,
        1195333,
        1195334,
        1195335,
        1195336,
        1195337,
        1195338,
        1195339,
        1195340,
        1195341,
        1195342,
        1195343,
        1195344,
        1195345,
        1195346,
        1195347,
        1195348,
        1195349,
        1195350,
        1195351,
        1195352,
        1195353,
        1195354,
        1195355,
        1195356,
        1195357,
        1195358,
        1195359,
        1195360,
        1195361,
        1195362,
        1195363,
        1195364,
        1195365,
        1195366,
        1195367,
        1195368,
        1195369,
        1195370,
        1195371,
        1195372,
        1195373,
        1195374,
        1195375,
        1195376,
        1195377,
        1195378,
        1195379,
        1195380,
        1195381,
        1195382,
        1195383,
        1195384,
        1195385,
        1195386,
        1195387,
        1195388,
        1195389,
        1195390,
        1195391,
        1195392,
        1195393,
        1195394,
        1195395,
        1195396,
        1195397,
        1195398,
        1195399,
        1195400,
        1195401,
        1195402,
        1195403,
        1195404,
        1195405,
        1195406,
        1195407,
        1195408,
        1195409,
        1195410,
        1195411,
        1195412,
        1195413,
        1195414,
        1195415,
        1195416,
        1195417,
        1195418,
        1195419,
        1195420,
        1195421,
        1195422,
        1195423,
        1195424,
        1195425,
        1195426,
        1195427,
        1195428,
        1195429,
        1195430,
        1195431,
        1195432,
        1195433,
        1195434,
        1195435,
        1195436,
        1195437,
        1195438,
        1195439,
        1195440,
        1195441,
        1195442,
        1195443,
        1195444,
        1195445,
        1195446,
        1195447,
        1195448,
        1195449,
        1195450,
        1195451,
        1195452,
        1195453,
        1195454,
        1195455,
        1195456,
        1195457,
        1195458,
        1195459,
        1195460,
        1195461,
        1195462,
        1195463,
        1195464,
        1195465,
        1195466,
        1195467,
        1195468,
        1195469,
        1195470,
        1195471,
        1195472,
        1195473,
        1195474,
        1195475,
        1195476,
        1195477,
        1195478,
        1195479,
        1195480,
        1195481,
        1195482,
        1195483,
        1195484,
        1195485,
        1195486,
        1195487,
        1195488,
        1195489,
        1195490,
        1195491,
        1195492,
        1195493,
        1195494,
        1195495,
        1195496,
        1195497,
        1195498,
        1195499,
        1195500,
        1195501,
        1195502,
        1195503,
        1195504,
        1195505,
        1195506,
        1195507,
        1195508,
        1195509,
        1195510,
        1195511,
        1195512,
        1195513,
        1195514,
        1195515,
        1195516,
        1195517,
        1195518,
        1195519,
        1195520,
        1195521,
        1195522,
        1195523,
        1195524,
        1195525,
        1195526,
        1195527,
        1195528,
        1195529,
        1195530,
        1195531,
        1195532,
        1195533,
        1195534,
        1195535,
        1195536,
        1195537,
        1195538,
        1195539,
        1195540,
        1195541,
        1195542,
        1195543,
        1195544,
        1195545,
        1195546,
        1195547,
        1195548,
        1195549,
        1195550,
        1195551,
        1195552,
        1195553,
        1195554,
        1195555,
        1195556,
        1195557,
        1195558,
        1195559,
        1195560,
        1195561,
        1195562,
        1195563,
        1195564,
        1195565,
        1195566,
        1195567,
        1195568,
        1195569,
        1195570,
        1195571,
        1195572,
        1195573,
        1195574,
        1195575,
        1195576,
        1195577,
        1195578,
        1195579,
        1195580,
        1195581,
        1195582,
        1195583,
        1195584,
        1195585,
        1195586,
        1195587,
        1195588,
        1195589,
        1195590,
        1195591,
        1195592,
        1195593,
        1195594,
        1195595,
        1195596,
        1195597,
        1195598,
        1195599,
        1195600,
        1195601,
        1195602,
        1195603,
        1195604,
        1195605,
        1195606,
        1195607,
        1195608,
        1195609,
        1195610,
        1195611,
        1195612,
        1195613,
        1195614,
        1195615,
        1195616,
        1195617,
        1195618,
        1195619,
        1195620,
        1195621,
        1195622,
        1195623,
        1195624,
        1195625,
        1195626,
        1195627,
        1195628,
        1195629,
        1195630,
        1195631,
        1195632,
        1195633,
        1195634,
        1195635,
        1195636,
        1195637,
        1195638,
        1195639,
        1195640,
        1195641,
        1195642,
        1195643,
        1195644,
        1195645,
        1195646,
        1195647,
        1195648,
        1195649,
        1195650,
        1195651,
        1195652,
        1195653,
        1195654,
        1195655,
        1195656,
        1195657,
        1195658,
        1195659,
        1195660,
        1195661,
        1195662,
        1195663,
        1195664,
        1195665,
        1195666,
        1195667,
        1195668,
        1195669,
        1195670,
        1195671,
        1195672,
        1195673,
        1195674,
        1195675,
        1195676,
        1195677,
        1195678,
        1195679,
        1195680,
        1195681,
        1195682,
        1195683,
        1195684,
        1195685,
        1195686,
        1195687,
        1195688,
        1195689,
        1195690,
        1195691,
        1195692,
        1195693,
        1195694,
        1195695,
        1195696,
        1195697,
        1195698,
        1195699,
        1195700,
        1195701,
        1195702,
        1195703,
        1195704,
        1195705,
        1195706,
        1195707,
        1195708,
        1195709,
        1195710,
        1195711,
        1195712,
        1195713,
        1195714,
        1195715,
        1195716,
        1195717,
        1195718,
        1195719,
        1195720,
        1195721,
        1195722,
        1195723,
        1195724,
        1195725,
        1195726,
        1195727,
        1195728,
        1195729,
        1195730,
        1195731,
        1195732,
        1195733,
        1195734,
        1195735,
        1195736,
        1195737,
        1195738,
        1195739,
        1195740,
        1195741,
        1195742,
        1195743,
        1195744,
        1195745,
        1195746,
        1195747,
        1195748,
        1195749,
        1195750,
        1195751,
        1195752,
        1195753,
        1195754,
        1195755,
        1195756,
        1195757,
        1195758,
        1195759,
        1195760,
        1195761,
        1195762,
        1195763,
        1195764,
        1195765,
        1195766,
        1195767,
        1195768,
        1195769,
        1195770,
        1195771,
        1195772,
        1195773,
        1195774,
        1195775,
        1195776,
        1195777,
        1195778,
        1195779,
        1195780,
        1195781,
        1195782,
        1195783,
        1195784,
        1195785,
        1195786,
        1195787,
        1195788,
        1195789,
        1195790,
        1195791,
        1195792,
        1195793,
        1195794,
        1195795,
        1195796,
        1195797,
        1195798,
        1195799,
        1195800,
        1195801,
        1195802,
        1195803,
        1195804,
        1195805,
        1195806,
        1195807,
        1195808,
        1195809,
        1195810,
        1195811,
        1195812,
        1195813,
        1195814,
        1195815,
        1195816,
        1195817,
        1195818,
        1195819,
        1195820,
        1195821,
        1195822,
        1195823,
        1195824,
        1195825,
        1195826,
        1195827,
        1195828,
        1195829,
        1195830,
        1195831,
        1195832,
        1195833,
        1195834,
        1195835,
        1195836,
        1195837,
        1195838,
        1195839,
        1195840,
        1195841,
        1195842,
        1195843,
        1195844,
        1195845,
        1195846,
        1195847,
        1195848,
        1195849,
        1195850,
        1195851,
        1195852,
        1195853,
        1195854,
        1195855,
        1195856,
        1195857,
        1195858,
        1195859,
        1195860,
        1195861,
        1195862,
        1195863,
        1195864,
        1195865,
        1195866,
        1195867,
        1195868,
        1195869,
        1195870,
        1195871,
        1195872,
        1195873,
        1195874,
        1195875,
        1195876,
        1195877,
        1195878,
        1195879,
        1195880,
        1195881,
        1195882,
        1195883,
        1195884,
        1195885,
        1195886,
        1195887,
        1195888,
        1195889,
        1195890,
        1195891,
        1195892,
        1195893,
        1195894,
        1195895,
        1195896,
        1195897,
        1195898,
        1195899,
        1195900,
        1195901,
        1195902,
        1195903,
        1195904,
        1195905,
        1195906,
        1195907,
        1195908,
        1195909,
        1195910,
        1195911,
        1195912,
        1195913,
        1195914,
        1195915,
        1195916,
        1195917,
        1195918,
        1195919,
        1195920,
        1195921,
        1195922,
        1195923,
        1195924,
        1195925,
        1195926,
        1195927,
        1195928,
        1195929,
        1195930,
        1195931,
        1195932,
        1195933,
        1195934,
        1195935,
        1195936,
        1195937,
        1195938,
        1195939,
        1195940,
        1195941,
        1195942,
        1195943,
        1195944,
        1195945,
        1195946,
        1195947,
        1195948,
        1195949,
        1195950,
        1195951,
        1195952,
        1195953,
        1195954,
        1195955,
        1195956,
        1195957,
        1195958,
        1195959,
        1195960,
        1195961,
        1195962,
        1195963,
        1195964,
        1195965,
        1195966,
        1195967,
        1195968,
        1195969,
        1195970,
        1195971,
        1195972,
        1195973,
        1195974,
        1195975,
        1195976,
        1195977,
        1195978,
        1195979,
        1195980,
        1195981,
        1195982,
        1195983,
        1195984,
        1195985,
        1195986,
        1195987,
        1195988,
        1195989,
        1195990,
        1195991,
        1195992,
        1195993,
        1195994,
        1195995,
        1195996,
        1195997,
        1195998,
        1195999,
        1196000,
        1196001,
        1196002,
        1196003,
        1196004,
        1196005,
        1196006,
        1196007,
        1196008,
        1196009,
        1196010,
        1196011,
        1196012,
        1196013,
        1196014,
        1196015,
        1196016,
        1196017,
        1196018,
        1196019,
        1196020,
        1196021,
        1196022,
        1196023,
        1196024,
        1196025,
        1196026,
        1196027,
        1196028,
        1196029,
        1196030,
        1196031,
        1196032,
        1196033,
        1196034,
        1196035,
        1196036,
        1196037,
        1196038,
        1196039,
        1196040,
        1196041,
        1196042,
        1196043,
        1196044,
        1196045,
        1196046,
        1196047,
        1196048,
        1196049,
        1196050,
        1196051,
        1196052,
        1196053,
        1196054,
        1196055,
        1196056,
        1196057,
        1196058,
        1196059,
        1196060,
        1196061,
        1196062,
        1196063,
        1196064,
        1196065,
        1196066,
        1196067,
        1196068,
        1196069,
        1196070,
        1196071,
        1196072,
        1196073,
        1196074,
        1196075,
        1196076,
        1196077,
        1196078,
        1196079,
        1196080,
        1196081,
        1196082,
        1196083,
        1196084,
        1196085,
        1196086,
        1196087,
        1196088,
        1196089,
        1196090,
        1196091,
        1196092,
        1196093,
        1196094,
        1196095,
        1196096,
        1196097,
        1196098,
        1196099,
        1196100,
        1196101,
        1196102,
        1196103,
        1196104,
        1196105,
        1196106,
        1196107,
        1196108,
        1196109,
        1196110,
        1196111,
        1196112,
        1196113,
        1196114,
        1196115,
        1196116,
        1196117,
        1196118,
        1196119,
        1196120,
        1196121,
        1196122,
        1196123,
        1196124,
        1196125,
        1196126,
        1196127,
        1196128,
        1196129,
        1196130,
        1196131,
        1196132,
        1196133,
        1196134,
        1196135,
        1196136,
        1196137,
        1196138,
        1196139,
        1196140,
        1196141,
        1196142,
        1196143,
        1196144,
        1196145,
        1196146,
        1196147,
        1196148,
        1196149,
        1196150,
        1196151,
        1196152,
        1196153,
        1196154,
        1196155,
        1196156,
        1196157,
        1196158,
        1196159,
        1196160,
        1196161,
        1196162,
        1196163,
        1196164,
        1196165,
        1196166,
        1196167,
        1196168,
        1196169,
        1196170,
        1196171,
        1196172,
        1196173,
        1196174,
        1196175,
        1196176,
        1196177,
        1196178,
        1196179,
        1196180,
        1196181,
        1196182,
        1196183,
        1196184,
        1196185,
        1196186,
        1196187,
        1196188,
        1196189,
        1196190,
        1196191,
        1196192,
        1196193,
        1196194,
        1196195,
        1196196,
        1196197,
        1196198,
        1196199,
        1196200,
        1196201,
        1196202,
        1196203,
        1196204,
        1196205,
        1196206,
        1196207,
        1196208,
        1196209,
        1196210,
        1196211,
        1196212,
        1196213,
        1196214,
        1196215,
        1196216,
        1196217,
        1196218,
        1196219,
        1196220,
        1196221,
        1196222,
        1196223,
        1196224,
        1196225,
        1196226,
        1196227,
        1196228,
        1196229,
        1196230,
        1196231,
        1196232,
        1196233,
        1196234,
        1196235,
        1196236,
        1196237,
        1196238,
        1196239,
        1196240,
        1196241,
        1196242,
        1196243,
        1196244,
        1196245,
        1196246,
        1196247,
        1196248,
        1196249,
        1196250,
        1196251,
        1196252,
        1196253,
        1196254,
        1196255,
        1196256,
        1196257,
        1196258,
        1196259,
        1196260,
        1196261,
        1196262,
        1196263,
        1196264,
        1196265,
        1196266,
        1196267,
        1196268,
        1196269,
        1196270,
        1196271,
        1196272,
        1196273,
        1196274,
        1196275,
        1196276,
        1196277,
        1196278,
        1196279,
        1196280,
        1196281,
        1196282,
        1196283,
        1196284,
        1196285,
        1196286,
        1196287,
        1196288,
        1196289,
        1196290,
        1196291,
        1196292,
        1196293,
        1196294,
        1196295,
        1196296,
        1196297,
        1196298,
        1196299,
        1196300,
        1196301,
        1196302,
        1196303,
        1196304,
        1196305,
        1196306,
        1196307,
        1196308,
        1196309,
        1196310,
        1196311,
        1196312,
        1196313,
        1196314,
        1196315,
        1196316,
        1196317,
        1196318,
        1196319,
        1196320,
        1196321,
        1196322,
        1196323,
        1196324,
        1196325,
        1196326,
        1196327,
        1196328,
        1196329,
        1196330,
        1196331,
        1196332,
        1196333,
        1196334,
        1196335,
        1196336,
        1196337,
        1196338,
        1196339,
        1196340,
        1196341,
        1196342,
        1196343,
        1196344,
        1196345,
        1196346,
        1196347,
        1196348,
        1196349,
        1196350,
        1196351,
        1196352,
        1196353,
        1196354,
        1196355,
        1196356,
        1196357,
        1196358,
        1196359,
        1196360,
        1196361,
        1196362,
        1196363,
        1196364,
        1196365,
        1196366,
        1196367,
        1196368,
        1196369,
        1196370,
        1196371,
        1196372,
        1196373,
        1196374,
        1196375,
        1196376,
        1196377,
        1196378,
        1196379,
        1196380,
        1196381,
        1196382,
        1196383,
        1196384,
        1196385,
        1196386,
        1196387,
        1196388,
        1196389,
        1196390,
        1196391,
        1196392,
        1196393,
        1196394,
        1196395,
        1196396,
        1196397,
        1196398,
        1196399,
        1196400,
        1196401,
        1196402,
        1196403,
        1196404,
        1196405,
        1196406,
        1196407,
        1196408,
        1196409,
        1196410,
        1196411,
        1196412,
        1196413,
        1196414,
        1196415,
        1196416,
        1196417,
        1196418,
        1196419,
        1196420,
        1196421,
        1196422,
        1196423,
        1196424,
        1196425,
        1196426,
        1196427,
        1196428,
        1196429,
        1196430,
        1196431,
        1196432,
        1196433,
        1196434,
        1196435,
        1196436,
        1196437,
        1196438,
        1196439,
        1196440,
        1196441,
        1196442,
        1196443,
        1196444,
        1196445,
        1196446,
        1196447,
        1196448,
        1196449,
        1196450,
        1196451,
        1196452,
        1196453,
        1196454,
        1196455,
        1196456,
        1196457,
        1196458,
        1196459,
        1196460,
        1196461,
        1196462,
        1196463,
        1196464,
        1196465,
        1196466,
        1196467,
        1196468,
        1196469,
        1196470,
        1196471,
        1196472,
        1196473,
        1196474,
        1196475,
        1196476,
        1196477,
        1196478,
        1196479,
        1196480,
        1196481,
        1196482,
        1196483,
        1196484,
        1196485,
        1196486,
        1196487,
        1196488,
        1196489,
        1196490,
        1196491,
        1196492,
        1196493,
        1196494,
        1196495,
        1196496,
        1196497,
        1196498,
        1196499,
        1196500,
        1196501,
        1196502,
        1196503,
        1196504,
        1196505,
        1196506,
        1196507,
        1196508,
        1196509,
        1196510,
        1196511,
        1196512,
        1196513,
        1196514,
        1196515,
        1196516,
        1196517,
        1196518,
        1196519,
        1196520,
        1196521,
        1196522,
        1196523,
        1196524,
        1196525,
        1196526,
        1196527,
        1196528,
        1196529,
        1196530,
        1196531,
        1196532,
        1196533,
        1196534,
        1196535,
        1196536,
        1196537,
        1196538,
        1196539,
        1196540,
        1196541,
        1196542,
        1196543,
        1196544,
        1196545,
        1196546,
        1196547,
        1196548,
        1196549,
        1196550,
        1196551,
        1196552,
        1196553,
        1196554,
        1196555,
        1196556,
        1196557,
        1196558,
        1196559,
        1196560,
        1196561,
        1196562,
        1196563,
        1196564,
        1196565,
        1196566,
        1196567,
        1196568,
        1196569,
        1196570,
        1196571,
        1196572,
        1196573,
        1196574,
        1196575,
        1196576,
        1196577,
        1196578,
        1196579,
        1196580,
        1196581,
        1196582,
        1196583,
        1196584,
        1196585,
        1196586,
        1196587,
        1196588,
        1196589,
        1196590,
        1196591,
        1196592,
        1196593,
        1196594,
        1196595,
        1196596,
        1196597,
        1196598,
        1196599,
        1196600,
        1196601,
        1196602,
        1196603,
        1196604,
        1196605,
        1196606,
        1196607,
        1196608,
        1196609,
        1196610,
        1196611,
        1196612,
        1196613,
        1196614,
        1196615,
        1196616,
        1196617,
        1196618,
        1196619,
        1196620,
        1196621,
        1196622,
        1196623,
        1196624,
        1196625,
        1196626,
        1196627,
        1196628,
        1196629,
        1196630,
        1196631,
        1196632,
        1196633,
        1196634,
        1196635,
        1196636,
        1196637,
        1196638,
        1196639,
        1196640,
        1196641,
        1196642,
        1196643,
        1196644,
        1196645,
        1196646,
        1196647,
        1196648,
        1196649,
        1196650,
        1196651,
        1196652,
        1196653,
        1196654,
        1196655,
        1196656,
        1196657,
        1196658,
        1196659,
        1196660,
        1196661,
        1196662,
        1196663,
        1196664,
        1196665,
        1196666,
        1196667,
        1196668,
        1196669,
        1196670,
        1196671,
        1196672,
        1196673,
        1196674,
        1196675,
        1196676,
        1196677,
        1196678,
        1196679,
        1196680,
        1196681,
        1196682,
        1196683,
        1196684,
        1196685,
        1196686,
        1196687,
        1196688,
        1196689,
        1196690,
        1196691,
        1196692,
        1196693,
        1196694,
        1196695,
        1196696,
        1196697,
        1196698,
        1196699,
        1196700,
        1196701,
        1196702,
        1196703,
        1196704,
        1196705,
        1196706,
        1196707,
        1196708,
        1196709,
        1196710,
        1196711,
        1196712,
        1196713,
        1196714,
        1196715,
        1196716,
        1196717,
        1196718,
        1196719,
        1196720,
        1196721,
        1196722,
        1196723,
        1196724,
        1196725,
        1196726,
        1196727,
        1196728,
        1196729,
        1196730,
        1196731,
        1196732,
        1196733,
        1196734,
        1196735,
        1196736,
        1196737,
        1196738,
        1196739,
        1196740,
        1196741,
        1196742,
        1196743,
        1196744,
        1196745,
        1196746,
        1196747,
        1196748,
        1196749,
        1196750,
        1196751,
        1196752,
        1196753,
        1196754,
        1196755,
        1196756,
        1196757,
        1196758,
        1196759,
        1196760,
        1196761,
        1196762,
        1196763,
        1196764,
        1196765,
        1196766,
        1196767,
        1196768,
        1196769,
        1196770,
        1196771,
        1196772,
        1196773,
        1196774,
        1196775,
        1196776,
        1196777,
        1196778,
        1196779,
        1196780,
        1196781,
        1196782,
        1196783,
        1196784,
        1196785,
        1196786,
        1196787,
        1196788,
        1196789,
        1196790,
        1196791,
        1196792,
        1196793,
        1196794,
        1196795,
        1196796,
        1196797,
        1196798,
        1196799,
        1196800,
        1196801,
        1196802,
        1196803,
        1196804,
        1196805,
        1196806,
        1196807,
        1196808,
        1196809,
        1196810,
        1196811,
        1196812,
        1196813,
        1196814,
        1196815,
        1196816,
        1196817,
        1196818,
        1196819,
        1196820,
        1196821,
        1196822,
        1196823,
        1196824,
        1196825,
        1196826,
        1196827,
        1196828,
        1196829,
        1196830,
        1196831,
        1196832,
        1196833,
        1196834,
        1196835,
        1196836,
        1196837,
        1196838,
        1196839,
        1196840,
        1196841,
        1196842,
        1196843,
        1196844,
        1196845,
        1196846,
        1196847,
        1196848,
        1196849,
        1196850,
        1196851,
        1196852,
        1196853,
        1196854,
        1196855,
        1196856,
        1196857,
        1196858,
        1196859,
        1196860,
        1196861,
        1196862,
        1196863,
        1196864,
        1196865,
        1196866,
        1196867,
        1196868,
        1196869,
        1196870,
        1196871,
        1196872,
        1196873,
        1196874,
        1196875,
        1196876,
        1196877,
        1196878,
        1196879,
        1196880,
        1196881,
        1196882,
        1196883,
        1196884,
        1196885,
        1196886,
        1196887,
        1196888,
        1196889,
        1196890,
        1196891,
        1196892,
        1196893,
        1196894,
        1196895,
        1196896,
        1196897,
        1196898,
        1196899,
        1196900,
        1196901,
        1196902,
        1196903,
        1196904,
        1196905,
        1196906,
        1196907,
        1196908,
        1196909,
        1196910,
        1196911,
        1196912,
        1196913,
        1196914,
        1196915,
        1196916,
        1196917,
        1196918,
        1196919,
        1196920,
        1196921,
        1196922,
        1196923,
        1196924,
        1196925,
        1196926,
        1196927,
        1196928,
        1196929,
        1196930,
        1196931,
        1196932,
        1196933,
        1196934,
        1196935,
        1196936,
        1196937,
        1196938,
        1196939,
        1196940,
        1196941,
        1196942,
        1196943,
        1196944,
        1196945,
        1196946,
        1196947,
        1196948,
        1196949,
        1196950,
        1196951,
        1196952,
        1196953,
        1196954,
        1196955,
        1196956,
        1196957,
        1196958,
        1196959,
        1196960,
        1196961,
        1196962,
        1196963,
        1196964,
        1196965,
        1196966,
        1196967,
        1196968,
        1196969,
        1196970,
        1196971,
        1196972,
        1196973,
        1196974,
        1196975,
        1196976,
        1196977,
        1196978,
        1196979,
        1196980,
        1196981,
        1196982,
        1196983,
        1196984,
        1196985,
        1196986,
        1196987,
        1196988,
        1196989,
        1196990,
        1196991,
        1196992,
        1196993,
        1196994,
        1196995,
        1196996,
        1196997,
        1196998,
        1196999,
        1197000,
        1197001,
        1197002,
        1197003,
        1197004,
        1197005,
        1197006,
        1197007,
        1197008,
        1197009,
        1197010,
        1197011,
        1197012,
        1197013,
        1197014,
        1197015,
        1197016,
        1197017,
        1197018,
        1197019,
        1197020,
        1197021,
        1197022,
        1197023,
        1197024,
        1197025,
        1197026,
        1197027,
        1197028,
        1197029,
        1197030,
        1197031,
        1197032,
        1197033,
        1197034,
        1197035,
        1197036,
        1197037,
        1197038,
        1197039,
        1197040,
        1197041,
        1197042,
        1197043,
        1197044,
        1197045,
        1197046,
        1197047,
        1197048,
        1197049,
        1197050,
        1197051,
        1197052,
        1197053,
        1197054,
        1197055,
        1197056,
        1197057,
        1197058,
        1197059,
        1197060,
        1197061,
        1197062,
        1197063,
        1197064,
        1197065,
        1197066,
        1197067,
        1197068,
        1197069,
        1197070,
        1197071,
        1197072,
        1197073,
        1197074,
        1197075,
        1197076,
        1197077,
        1197078,
        1197079,
        1197080,
        1197081,
        1197082,
        1197083,
        1197084,
        1197085,
        1197086,
        1197087,
        1197088,
        1197089,
        1197090,
        1197091,
        1197092,
        1197093,
        1197094,
        1197095,
        1197096,
        1197097,
        1197098,
        1197099,
        1197100,
        1197101,
        1197102,
        1197103,
        1197104,
        1197105,
        1197106,
        1197107,
        1197108,
        1197109,
        1197110,
        1197111,
        1197112,
        1197113,
        1197114,
        1197115,
        1197116,
        1197117,
        1197118,
        1197119,
        1197120,
        1197121,
        1197122,
        1197123,
        1197124,
        1197125,
        1197126,
        1197127,
        1197128,
        1197129,
        1197130,
        1197131,
        1197132,
        1197133,
        1197134,
        1197135,
        1197136,
        1197137,
        1197138,
        1197139,
        1197140,
        1197141,
        1197142,
        1197143,
        1197144,
        1197145,
        1197146,
        1197147,
        1197148,
        1197149,
        1197150,
        1197151,
        1197152,
        1197153,
        1197154,
        1197155,
        1197156,
        1197157,
        1197158,
        1197159,
        1197160,
        1197161,
        1197162,
        1197163,
        1197164,
        1197165,
        1197166,
        1197167,
        1197168,
        1197169,
        1197170,
        1197171,
        1197172,
        1197173,
        1197174,
        1197175,
        1197176,
        1197177,
        1197178,
        1197179,
        1197180,
        1197181,
        1197182,
        1197183,
        1197184,
        1197185,
        1197186,
        1197187,
        1197188,
        1197189,
        1197190,
        1197191,
        1197192,
        1197193,
        1197194,
        1197195,
        1197196,
        1197197,
        1197198,
        1197199,
        1197200,
        1197201,
        1197202,
        1197203,
        1197204,
        1197205,
        1197206,
        1197207,
        1197208,
        1197209,
        1197210,
        1197211,
        1197212,
        1197213,
        1197214,
        1197215,
        1197216,
        1197217,
        1197218,
        1197219,
        1197220,
        1197221,
        1197222,
        1197223,
        1197224,
        1197225,
        1197226,
        1197227,
        1197228,
        1197229,
        1197230,
        1197231,
        1197232,
        1197233,
        1197234,
        1197235,
        1197236,
        1197237,
        1197238,
        1197239,
        1197240,
        1197241,
        1197242,
        1197243,
        1197244,
        1197245,
        1197246,
        1197247,
        1197248,
        1197249,
        1197250,
        1197251,
        1197252,
        1197253,
        1197254,
        1197255,
        1197256,
        1197257,
        1197258,
        1197259,
        1197260,
        1197261,
        1197262,
        1197263,
        1197264,
        1197265,
        1197266,
        1197267,
        1197268,
        1197269,
        1197270,
        1197271,
        1197272,
        1197273,
        1197274,
        1197275,
        1197276,
        1197277,
        1197278,
        1197279,
        1197280,
        1197281,
        1197282,
        1197283,
        1197284,
        1197285,
        1197286,
        1197287,
        1197288,
        1197289,
        1197290,
        1197291,
        1197292,
        1197293,
        1197294,
        1197295,
        1197296,
        1197297,
        1197298,
        1197299,
        1197300,
        1197301,
        1197302,
        1197303,
        1197304,
        1197305,
        1197306,
        1197307,
        1197308,
        1197309,
        1197310,
        1197311,
        1197312,
        1197313,
        1197314,
        1197315,
        1197316,
        1197317,
        1197318,
        1197319,
        1197320,
        1197321,
        1197322,
        1197323,
        1197324,
        1197325,
        1197326,
        1197327,
        1197328,
        1197329,
        1197330,
        1197331,
        1197332,
        1197333,
        1197334,
        1197335,
        1197336,
        1197337,
        1197338,
        1197339,
        1197340,
        1197341,
        1197342,
        1197343,
        1197344,
        1197345,
        1197346,
        1197347,
        1197348,
        1197349,
        1197350,
        1197351,
        1197352,
        1197353,
        1197354,
        1197355,
        1197356,
        1197357,
        1197358,
        1197359,
        1197360,
        1197361,
        1197362,
        1197363,
        1197364,
        1197365,
        1197366,
        1197367,
        1197368,
        1197369,
        1197370,
        1197371,
        1197372,
        1197373,
        1197374,
        1197375,
        1197376,
        1197377,
        1197378,
        1197379,
        1197380,
        1197381,
        1197382,
        1197383,
        1197384,
        1197385,
        1197386,
        1197387,
        1197388,
        1197389,
        1197390,
        1197391,
        1197392,
        1197393,
        1197394,
        1197395,
        1197396,
        1197397,
        1197398,
        1197399,
        1197400,
        1197401,
        1197402,
        1197403,
        1197404,
        1197405,
        1197406,
        1197407,
        1197408,
        1197409,
        1197410,
        1197411,
        1197412,
        1197413,
        1197414,
        1197415,
        1197416,
        1197417,
        1197418,
        1197419,
        1197420,
        1197421,
        1197422,
        1197423,
        1197424,
        1197425,
        1197426,
        1197427,
        1197428,
        1197429,
        1197430,
        1197431,
        1197432,
        1197433,
        1197434,
        1197435,
        1197436,
        1197437,
        1197438,
        1197439,
        1197440,
        1197441,
        1197442,
        1197443,
        1197444,
        1197445,
        1197446,
        1197447,
        1197448,
        1197449,
        1197450,
        1197451,
        1197452,
        1197453,
        1197454,
        1197455,
        1197456,
        1197457,
        1197458,
        1197459,
        1197460,
        1197461,
        1197462,
        1197463,
        1197464,
        1197465,
        1197466,
        1197467,
        1197468,
        1197469,
        1197470,
        1197471,
        1197472,
        1197473,
        1197474,
        1197475,
        1197476,
        1197477,
        1197478,
        1197479,
        1197480,
        1197481,
        1197482,
        1197483,
        1197484,
        1197485,
        1197486,
        1197487,
        1197488,
        1197489,
        1197490,
        1197491,
        1197492,
        1197493,
        1197494,
        1197495,
        1197496,
        1197497,
        1197498,
        1197499,
        1197500,
        1197501,
        1197502,
        1197503,
        1197504,
        1197505,
        1197506,
        1197507,
        1197508,
        1197509,
        1197510,
        1197511,
        1197512,
        1197513,
        1197514,
        1197515,
        1197516,
        1197517,
        1197518,
        1197519,
        1197520,
        1197521,
        1197522,
        1197523,
        1197524,
        1197525,
        1197526,
        1197527,
        1197528,
        1197529,
        1197530,
        1197531,
        1197532,
        1197533,
        1197534,
        1197535,
        1197536,
        1197537,
        1197538,
        1197539,
        1197540,
        1197541,
        1197542,
        1197543,
        1197544,
        1197545,
        1197546,
        1197547,
        1197548,
        1197549,
        1197550,
        1197551,
        1197552,
        1197553,
        1197554,
        1197555,
        1197556,
        1197557,
        1197558,
        1197559,
        1197560,
        1197561,
        1197562,
        1197563,
        1197564,
        1197565,
        1197566,
        1197567,
        1197568,
        1197569,
        1197570,
        1197571,
        1197572,
        1197573,
        1197574,
        1197575,
        1197576,
        1197577,
        1197578,
        1197579,
        1197580,
        1197581,
        1197582,
        1197583,
        1197584,
        1197585,
        1197586,
        1197587,
        1197588,
        1197589,
        1197590,
        1197591,
        1197592,
        1197593,
        1197594,
        1197595,
        1197596,
        1197597,
        1197598,
        1197599,
        1197600,
        1197601,
        1197602,
        1197603,
        1197604,
        1197605,
        1197606,
        1197607,
        1197608,
        1197609,
        1197610,
        1197611,
        1197612,
        1197613,
        1197614,
        1197615,
        1197616,
        1197617,
        1197618,
        1197619,
        1197620,
        1197621,
        1197622,
        1197623,
        1197624,
        1197625,
        1197626,
        1197627,
        1197628,
        1197629,
        1197630,
        1197631,
        1197632,
        1197633,
        1197634,
        1197635,
        1197636,
        1197637,
        1197638,
        1197639,
        1197640,
        1197641,
        1197642,
        1197643,
        1197644,
        1197645,
        1197646,
        1197647,
        1197648,
        1197649,
        1197650,
        1197651,
        1197652,
        1197653,
        1197654,
        1197655,
        1197656,
        1197657,
        1197658,
        1197659,
        1197660,
        1197661,
        1197662,
        1197663,
        1197664,
        1197665,
        1197666,
        1197667,
        1197668,
        1197669,
        1197670,
        1197671,
        1197672,
        1197673,
        1197674,
        1197675,
        1197676,
        1197677,
        1197678,
        1197679,
        1197680,
        1197681,
        1197682,
        1197683,
        1197684,
        1197685,
        1197686,
        1197687,
        1197688,
        1197689,
        1197690,
        1197691,
        1197692,
        1197693,
        1197694,
        1197695,
        1197696,
        1197697,
        1197698,
        1197699,
        1197700,
        1197701,
        1197702,
        1197703,
        1197704,
        1197705,
        1197706,
        1197707,
        1197708,
        1197709,
        1197710,
        1197711,
        1197712,
        1197713,
        1197714,
        1197715,
        1197716,
        1197717,
        1197718,
        1197719,
        1197720,
        1197721,
        1197722,
        1197723,
        1197724,
        1197725,
        1197726,
        1197727,
        1197728,
        1197729,
        1197730,
        1197731,
        1197732,
        1197733,
        1197734,
        1197735,
        1197736,
        1197737,
        1197738,
        1197739,
        1197740,
        1197741,
        1197742,
        1197743,
        1197744,
        1197745,
        1197746,
        1197747,
        1197748,
        1197749,
        1197750,
        1197751,
        1197752,
        1197753,
        1197754,
        1197755,
        1197756,
        1197757,
        1197758,
        1197759,
        1197760,
        1197761,
        1197762,
        1197763,
        1197764,
        1197765,
        1197766,
        1197767,
        1197768,
        1197769,
        1197770,
        1197771,
        1197772,
        1197773,
        1197774,
        1197775,
        1197776,
        1197777,
        1197778,
        1197779,
        1197780,
        1197781,
        1197782,
        1197783,
        1197784,
        1197785,
        1197786,
        1197787,
        1197788,
        1197789,
        1197790,
        1197791,
        1197792,
        1197793,
        1197794,
        1197795,
        1197796,
        1197797,
        1197798,
        1197799,
        1197800,
        1197801,
        1197802,
        1197803,
        1197804,
        1197805,
        1197806,
        1197807,
        1197808,
        1197809,
        1197810,
        1197811,
        1197812,
        1197813,
        1197814,
        1197815,
        1197816,
        1197817,
        1197818,
        1197819,
        1197820,
        1197821,
        1197822,
        1197823,
        1197824,
        1197825,
        1197826,
        1197827,
        1197828,
        1197829,
        1197830,
        1197831,
        1197832,
        1197833,
        1197834,
        1197835,
        1197836,
        1197837,
        1197838,
        1197839,
        1197840,
        1197841,
        1197842,
        1197843,
        1197844,
        1197845,
        1197846,
        1197847,
        1197848,
        1197849,
        1197850,
        1197851,
        1197852,
        1197853,
        1197854,
        1197855,
        1197856,
        1197857,
        1197858,
        1197859,
        1197860,
        1197861,
        1197862,
        1197863,
        1197864,
        1197865,
        1197866,
        1197867,
        1197868,
        1197869,
        1197870,
        1197871,
        1197872,
        1197873,
        1197874,
        1197875,
        1197876,
        1197877,
        1197878,
        1197879,
        1197880,
        1197881,
        1197882,
        1197883,
        1197884,
        1197885,
        1197886,
        1197887,
        1197888,
        1197889,
        1197890,
        1197891,
        1197892,
        1197893,
        1197894,
        1197895,
        1197896,
        1197897,
        1197898,
        1197899,
        1197900,
        1197901,
        1197902,
        1197903,
        1197904,
        1197905,
        1197906,
        1197907,
        1197908,
        1197909,
        1197910,
        1197911,
        1197912,
        1197913,
        1197914,
        1197915,
        1197916,
        1197917,
        1197918,
        1197919,
        1197920,
        1197921,
        1197922,
        1197923,
        1197924,
        1197925,
        1197926,
        1197927,
        1197928,
        1197929,
        1197930,
        1197931,
        1197932,
        1197933,
        1197934,
        1197935,
        1197936,
        1197937,
        1197938,
        1197939,
        1197940,
        1197941,
        1197942,
        1197943,
        1197944,
        1197945,
        1197946,
        1197947,
        1197948,
        1197949,
        1197950,
        1197951,
        1197952,
        1197953,
        1197954,
        1197955,
        1197956,
        1197957,
        1197958,
        1197959,
        1197960,
        1197961,
        1197962,
        1197963,
        1197964,
        1197965,
        1197966,
        1197967,
        1197968,
        1197969,
        1197970,
        1197971,
        1197972,
        1197973,
        1197974,
        1197975,
        1197976,
        1197977,
        1197978,
        1197979,
        1197980,
        1197981,
        1197982,
        1197983,
        1197984,
        1197985,
        1197986,
        1197987,
        1197988,
        1197989,
        1197990,
        1197991,
        1197992,
        1197993,
        1197994,
        1197995,
        1197996,
        1197997,
        1197998,
        1197999,
        1198000,
        1198001,
        1198002,
        1198003,
        1198004,
        1198005,
        1198006,
        1198007,
        1198008,
        1198009,
        1198010,
        1198011,
        1198012,
        1198013,
        1198014,
        1198015,
        1198016,
        1198017,
        1198018,
        1198019,
        1198020,
        1198021,
        1198022,
        1198023,
        1198024,
        1198025,
        1198026,
        1198027,
        1198028,
        1198029,
        1198030,
        1198031,
        1198032,
        1198033,
        1198034,
        1198035,
        1198036,
        1198037,
        1198038,
        1198039,
        1198040,
        1198041,
        1198042,
        1198043,
        1198044,
        1198045,
        1198046,
        1198047,
        1198048,
        1198049,
        1198050,
        1198051,
        1198052,
        1198053,
        1198054,
        1198055,
        1198056,
        1198057,
        1198058,
        1198059,
        1198060,
        1198061,
        1198062,
        1198063,
        1198064,
        1198065,
        1198066,
        1198067,
        1198068,
        1198069,
        1198070,
        1198071,
        1198072,
        1198073,
        1198074,
        1198075,
        1198076,
        1198077,
        1198078,
        1198079,
        1198080,
        1198081,
        1198082,
        1198083,
        1198084,
        1198085,
        1198086,
        1198087,
        1198088,
        1198089,
        1198090,
        1198091,
        1198092,
        1198093,
        1198094,
        1198095,
        1198096,
        1198097,
        1198098,
        1198099,
        1198100,
        1198101,
        1198102,
        1198103,
        1198104,
        1198105,
        1198106,
        1198107,
        1198108,
        1198109,
        1198110,
        1198111,
        1198112,
        1198113,
        1198114,
        1198115,
        1198116,
        1198117,
        1198118,
        1198119,
        1198120,
        1198121,
        1198122,
        1198123,
        1198124,
        1198125,
        1198126,
        1198127,
        1198128,
        1198129,
        1198130,
        1198131,
        1198132,
        1198133,
        1198134,
        1198135,
        1198136,
        1198137,
        1198138,
        1198139,
        1198140,
        1198141,
        1198142,
        1198143,
        1198144,
        1198145,
        1198146,
        1198147,
        1198148,
        1198149,
        1198150,
        1198151,
        1198152,
        1198153,
        1198154,
        1198155,
        1198156,
        1198157,
        1198158,
        1198159,
        1198160,
        1198161,
        1198162,
        1198163,
        1198164,
        1198165,
        1198166,
        1198167,
        1198168,
        1198169,
        1198170,
        1198171,
        1198172,
        1198173,
        1198174,
        1198175,
        1198176,
        1198177,
        1198178,
        1198179,
        1198180,
        1198181,
        1198182,
        1198183,
        1198184,
        1198185,
        1198186,
        1198187,
        1198188,
        1198189,
        1198190,
        1198191,
        1198192,
        1198193,
        1198194,
        1198195,
        1198196,
        1198197,
        1198198,
        1198199,
        1198200,
        1198201,
        1198202,
        1198203,
        1198204,
        1198205,
        1198206,
        1198207,
        1198208,
        1198209,
        1198210,
        1198211,
        1198212,
        1198213,
        1198214,
        1198215,
        1198216,
        1198217,
        1198218,
        1198219,
        1198220,
        1198221,
        1198222,
        1198223,
        1198224,
        1198225,
        1198226,
        1198227,
        1198228,
        1198229,
        1198230,
        1198231,
        1198232,
        1198233,
        1198234,
        1198235,
        1198236,
        1198237,
        1198238,
        1198239,
        1198240,
        1198241,
        1198242,
        1198243,
        1198244,
        1198245,
        1198246,
        1198247,
        1198248,
        1198249,
        1198250,
        1198251,
        1198252,
        1198253,
        1198254,
        1198255,
        1198256,
        1198257,
        1198258,
        1198259,
        1198260,
        1198261,
        1198262,
        1198263,
        1198264,
        1198265,
        1198266,
        1198267,
        1198268,
        1198269,
        1198270,
        1198271,
        1198272,
        1198273,
        1198274,
        1198275,
        1198276,
        1198277,
        1198278,
        1198279,
        1198280,
        1198281,
        1198282,
        1198283,
        1198284,
        1198285,
        1198286,
        1198287,
        1198288,
        1198289,
        1198290,
        1198291,
        1198292,
        1198293,
        1198294,
        1198295,
        1198296,
        1198297,
        1198298,
        1198299,
        1198300,
        1198301,
        1198302,
        1198303,
        1198304,
        1198305,
        1198306,
        1198307,
        1198308,
        1198309,
        1198310,
        1198311,
        1198312,
        1198313,
        1198314,
        1198315,
        1198316,
        1198317,
        1198318,
        1198319,
        1198320,
        1198321,
        1198322,
        1198323,
        1198324,
        1198325,
        1198326,
        1198327,
        1198328,
        1198329,
        1198330,
        1198331,
        1198332,
        1198333,
        1198334,
        1198335,
        1198336,
        1198337,
        1198338,
        1198339,
        1198340,
        1198341,
        1198342,
        1198343,
        1198344,
        1198345,
        1198346,
        1198347,
        1198348,
        1198349,
        1198350,
        1198351,
        1198352,
        1198353,
        1198354,
        1198355,
        1198356,
        1198357,
        1198358,
        1198359,
        1198360,
        1198361,
        1198362,
        1198363,
        1198364,
        1198365,
        1198366,
        1198367,
        1198368,
        1198369,
        1198370,
        1198371,
        1198372,
        1198373,
        1198374,
        1198375,
        1198376,
        1198377,
        1198378,
        1198379,
        1198380,
        1198381,
        1198382,
        1198383,
        1198384,
        1198385,
        1198386,
        1198387,
        1198388,
        1198389,
        1198390,
        1198391,
        1198392,
        1198393,
        1198394,
        1198395,
        1198396,
        1198397,
        1198398,
        1198399,
        1198400,
        1198401,
        1198402,
        1198403,
        1198404,
        1198405,
        1198406,
        1198407,
        1198408,
        1198409,
        1198410,
        1198411,
        1198412,
        1198413,
        1198414,
        1198415,
        1198416,
        1198417,
        1198418,
        1198419,
        1198420,
        1198421,
        1198422,
        1198423,
        1198424,
        1198425,
        1198426,
        1198427,
        1198428,
        1198429,
        1198430,
        1198431,
        1198432,
        1198433,
        1198434,
        1198435,
        1198436,
        1198437,
        1198438,
        1198439,
        1198440,
        1198441,
        1198442,
        1198443,
        1198444,
        1198445,
        1198446,
        1198447,
        1198448,
        1198449,
        1198450,
        1198451,
        1198452,
        1198453,
        1198454,
        1198455,
        1198456,
        1198457,
        1198458,
        1198459,
        1198460,
        1198461,
        1198462,
        1198463,
        1198464,
        1198465,
        1198466,
        1198467,
        1198468,
        1198469,
        1198470,
        1198471,
        1198472,
        1198473,
        1198474,
        1198475,
        1198476,
        1198477,
        1198478,
        1198479,
        1198480,
        1198481,
        1198482,
        1198483,
        1198484,
        1198485,
        1198486,
        1198487,
        1198488,
        1198489,
        1198490,
        1198491,
        1198492,
        1198493,
        1198494,
        1198495,
        1198496,
        1198497,
        1198498,
        1198499,
        1198500,
        1198501,
        1198502,
        1198503,
        1198504,
        1198505,
        1198506,
        1198507,
        1198508,
        1198509,
        1198510,
        1198511,
        1198512,
        1198513,
        1198514,
        1198515,
        1198516,
        1198517,
        1198518,
        1198519,
        1198520,
        1198521,
        1198522,
        1198523,
        1198524,
        1198525,
        1198526,
        1198527,
        1198528,
        1198529,
        1198530,
        1198531,
        1198532,
        1198533,
        1198534,
        1198535,
        1198536,
        1198537,
        1198538,
        1198539,
        1198540,
        1198541,
        1198542,
        1198543,
        1198544,
        1198545,
        1198546,
        1198547,
        1198548,
        1198549,
        1198550,
        1198551,
        1198552,
        1198553,
        1198554,
        1198555,
        1198556,
        1198557,
        1198558,
        1198559,
        1198560,
        1198561,
        1198562,
        1198563,
        1198564,
        1198565,
        1198566,
        1198567,
        1198568,
        1198569,
        1198570,
        1198571,
        1198572,
        1198573,
        1198574,
        1198575,
        1198576,
        1198577,
        1198578,
        1198579,
        1198580,
        1198581,
        1198582,
        1198583,
        1198584,
        1198585,
        1198586,
        1198587,
        1198588,
        1198589,
        1198590,
        1198591,
        1198592,
        1198593,
        1198594,
        1198595,
        1198596,
        1198597,
        1198598,
        1198599,
        1198600,
        1198601,
        1198602,
        1198603,
        1198604,
        1198605,
        1198606,
        1198607,
        1198608,
        1198609,
        1198610,
        1198611,
        1198612,
        1198613,
        1198614,
        1198615,
        1198616,
        1198617,
        1198618,
        1198619,
        1198620,
        1198621,
        1198622,
        1198623,
        1198624,
        1198625,
        1198626,
        1198627,
        1198628,
        1198629,
        1198630,
        1198631,
        1198632,
        1198633,
        1198634,
        1198635,
        1198636,
        1198637,
        1198638,
        1198639,
        1198640,
        1198641,
        1198642,
        1198643,
        1198644,
        1198645,
        1198646,
        1198647,
        1198648,
        1198649,
        1198650,
        1198651,
        1198652,
        1198653,
        1198654,
        1198655,
        1198656,
        1198657,
        1198658,
        1198659,
        1198660,
        1198661,
        1198662,
        1198663,
        1198664,
        1198665,
        1198666,
        1198667,
        1198668,
        1198669,
        1198670,
        1198671,
        1198672,
        1198673,
        1198674,
        1198675,
        1198676,
        1198677,
        1198678,
        1198679,
        1198680,
        1198681,
        1198682,
        1198683,
        1198684,
        1198685,
        1198686,
        1198687,
        1198688,
        1198689,
        1198690,
        1198691,
        1198692,
        1198693,
        1198694,
        1198695,
        1198696,
        1198697,
        1198698,
        1198699,
        1198700,
        1198701,
        1198702,
        1198703,
        1198704,
        1198705,
        1198706,
        1198707,
        1198708,
        1198709,
        1198710,
        1198711,
        1198712,
        1198713,
        1198714,
        1198715,
        1198716,
        1198717,
        1198718,
        1198719,
        1198720,
        1198721,
        1198722,
        1198723,
        1198724,
        1198725,
        1198726,
        1198727,
        1198728,
        1198729,
        1198730,
        1198731,
        1198732,
        1198733,
        1198734,
        1198735,
        1198736,
        1198737,
        1198738,
        1198739,
        1198740,
        1198741,
        1198742,
        1198743,
        1198744,
        1198745,
        1198746,
        1198747,
        1198748,
        1198749,
        1198750,
        1198751,
        1198752,
        1198753,
        1198754,
        1198755,
        1198756,
        1198757,
        1198758,
        1198759,
        1198760,
        1198761,
        1198762,
        1198763,
        1198764,
        1198765,
        1198766,
        1198767,
        1198768,
        1198769,
        1198770,
        1198771,
        1198772,
        1198773,
        1198774,
        1198775,
        1198776,
        1198777,
        1198778,
        1198779,
        1198780,
        1198781,
        1198782,
        1198783,
        1198784,
        1198785,
        1198786,
        1198787,
        1198788,
        1198789,
        1198790,
        1198791,
        1198792,
        1198793,
        1198794,
        1198795,
        1198796,
        1198797,
        1198798,
        1198799,
        1198800,
        1198801,
        1198802,
        1198803,
        1198804,
        1198805,
        1198806,
        1198807,
        1198808,
        1198809,
        1198810,
        1198811,
        1198812,
        1198813,
        1198814,
        1198815,
        1198816,
        1198817,
        1198818,
        1198819,
        1198820,
        1198821,
        1198822,
        1198823,
        1198824,
        1198825,
        1198826,
        1198827,
        1198828,
        1198829,
        1198830,
        1198831,
        1198832,
        1198833,
        1198834,
        1198835,
        1198836,
        1198837,
        1198838,
        1198839,
        1198840,
        1198841,
        1198842,
        1198843,
        1198844,
        1198845,
        1198846,
        1198847,
        1198848,
        1198849,
        1198850,
        1198851,
        1198852,
        1198853,
        1198854,
        1198855,
        1198856,
        1198857,
        1198858,
        1198859,
        1198860,
        1198861,
        1198862,
        1198863,
        1198864,
        1198865,
        1198866,
        1198867,
        1198868,
        1198869,
        1198870,
        1198871,
        1198872,
        1198873,
        1198874,
        1198875,
        1198876,
        1198877,
        1198878,
        1198879,
        1198880,
        1198881,
        1198882,
        1198883,
        1198884,
        1198885,
        1198886,
        1198887,
        1198888,
        1198889,
        1198890,
        1198891,
        1198892,
        1198893,
        1198894,
        1198895,
        1198896,
        1198897,
        1198898,
        1198899,
        1198900,
        1198901,
        1198902,
        1198903,
        1198904,
        1198905,
        1198906,
        1198907,
        1198908,
        1198909,
        1198910,
        1198911,
        1198912,
        1198913,
        1198914,
        1198915,
        1198916,
        1198917,
        1198918,
        1198919,
        1198920,
        1198921,
        1198922,
        1198923,
        1198924,
        1198925,
        1198926,
        1198927,
        1198928,
        1198929,
        1198930,
        1198931,
        1198932,
        1198933,
        1198934,
        1198935,
        1198936,
        1198937,
        1198938,
        1198939,
        1198940,
        1198941,
        1198942,
        1198943,
        1198944,
        1198945,
        1198946,
        1198947,
        1198948,
        1198949,
        1198950,
        1198951,
        1198952,
        1198953,
        1198954,
        1198955,
        1198956,
        1198957,
        1198958,
        1198959,
        1198960,
        1198961,
        1198962,
        1198963,
        1198964,
        1198965,
        1198966,
        1198967,
        1198968,
        1198969,
        1198970,
        1198971,
        1198972,
        1198973,
        1198974,
        1198975,
        1198976,
        1198977,
        1198978,
        1198979,
        1198980,
        1198981,
        1198982,
        1198983,
        1198984,
        1198985,
        1198986,
        1198987,
        1198988,
        1198989,
        1198990,
        1198991,
        1198992,
        1198993,
        1198994,
        1198995,
        1198996,
        1198997,
        1198998,
        1198999,
        1199000,
        1199001,
        1199002,
        1199003,
        1199004,
        1199005,
        1199006,
        1199007,
        1199008,
        1199009,
        1199010,
        1199011,
        1199012,
        1199013,
        1199014,
        1199015,
        1199016,
        1199017,
        1199018,
        1199019,
        1199020,
        1199021,
        1199022,
        1199023,
        1199024,
        1199025,
        1199026,
        1199027,
        1199028,
        1199029,
        1199030,
        1199031,
        1199032,
        1199033,
        1199034,
        1199035,
        1199036,
        1199037,
        1199038,
        1199039,
        1199040,
        1199041,
        1199042,
        1199043,
        1199044,
        1199045,
        1199046,
        1199047,
        1199048,
        1199049,
        1199050,
        1199051,
        1199052,
        1199053,
        1199054,
        1199055,
        1199056,
        1199057,
        1199058,
        1199059,
        1199060,
        1199061,
        1199062,
        1199063,
        1199064,
        1199065,
        1199066,
        1199067,
        1199068,
        1199069,
        1199070,
        1199071,
        1199072,
        1199073,
        1199074,
        1199075,
        1199076,
        1199077,
        1199078,
        1199079,
        1199080,
        1199081,
        1199082,
        1199083,
        1199084,
        1199085,
        1199086,
        1199087,
        1199088,
        1199089,
        1199090,
        1199091,
        1199092,
        1199093,
        1199094,
        1199095,
        1199096,
        1199097,
        1199098,
        1199099,
        1199100,
        1199101,
        1199102,
        1199103,
        1199104,
        1199105,
        1199106,
        1199107,
        1199108,
        1199109,
        1199110,
        1199111,
        1199112,
        1199113,
        1199114,
        1199115,
        1199116,
        1199117,
        1199118,
        1199119,
        1199120,
        1199121,
        1199122,
        1199123,
        1199124,
        1199125,
        1199126,
        1199127,
        1199128,
        1199129,
        1199130,
        1199131,
        1199132,
        1199133,
        1199134,
        1199135,
        1199136,
        1199137,
        1199138,
        1199139,
        1199140,
        1199141,
        1199142,
        1199143,
        1199144,
        1199145,
        1199146,
        1199147,
        1199148,
        1199149,
        1199150,
        1199151,
        1199152,
        1199153,
        1199154,
        1199155,
        1199156,
        1199157,
        1199158,
        1199159,
        1199160,
        1199161,
        1199162,
        1199163,
        1199164,
        1199165,
        1199166,
        1199167,
        1199168,
        1199169,
        1199170,
        1199171,
        1199172,
        1199173,
        1199174,
        1199175,
        1199176,
        1199177,
        1199178,
        1199179,
        1199180,
        1199181,
        1199182,
        1199183,
        1199184,
        1199185,
        1199186,
        1199187,
        1199188,
        1199189,
        1199190,
        1199191,
        1199192,
        1199193,
        1199194,
        1199195,
        1199196,
        1199197,
        1199198,
        1199199,
        1199200,
        1199201,
        1199202,
        1199203,
        1199204,
        1199205,
        1199206,
        1199207,
        1199208,
        1199209,
        1199210,
        1199211,
        1199212,
        1199213,
        1199214,
        1199215,
        1199216,
        1199217,
        1199218,
        1199219,
        1199220,
        1199221,
        1199222,
        1199223,
        1199224,
        1199225,
        1199226,
        1199227,
        1199228,
        1199229,
        1199230,
        1199231,
        1199232,
        1199233,
        1199234,
        1199235,
        1199236,
        1199237,
        1199238,
        1199239,
        1199240,
        1199241,
        1199242,
        1199243,
        1199244,
        1199245,
        1199246,
        1199247,
        1199248,
        1199249,
        1199250,
        1199251,
        1199252,
        1199253,
        1199254,
        1199255,
        1199256,
        1199257,
        1199258,
        1199259,
        1199260,
        1199261,
        1199262,
        1199263,
        1199264,
        1199265,
        1199266,
        1199267,
        1199268,
        1199269,
        1199270,
        1199271,
        1199272,
        1199273,
        1199274,
        1199275,
        1199276,
        1199277,
        1199278,
        1199279,
        1199280,
        1199281,
        1199282,
        1199283,
        1199284,
        1199285,
        1199286,
        1199287,
        1199288,
        1199289,
        1199290,
        1199291,
        1199292,
        1199293,
        1199294,
        1199295,
        1199296,
        1199297,
        1199298,
        1199299,
        1199300,
        1199301,
        1199302,
        1199303,
        1199304,
        1199305,
        1199306,
        1199307,
        1199308,
        1199309,
        1199310,
        1199311,
        1199312,
        1199313,
        1199314,
        1199315,
        1199316,
        1199317,
        1199318,
        1199319,
        1199320,
        1199321,
        1199322,
        1199323,
        1199324,
        1199325,
        1199326,
        1199327,
        1199328,
        1199329,
        1199330,
        1199331,
        1199332,
        1199333,
        1199334,
        1199335,
        1199336,
        1199337,
        1199338,
        1199339,
        1199340,
        1199341,
        1199342,
        1199343,
        1199344,
        1199345,
        1199346,
        1199347,
        1199348,
        1199349,
        1199350,
        1199351,
        1199352,
        1199353,
        1199354,
        1199355,
        1199356,
        1199357,
        1199358,
        1199359,
        1199360,
        1199361,
        1199362,
        1199363,
        1199364,
        1199365,
        1199366,
        1199367,
        1199368,
        1199369,
        1199370,
        1199371,
        1199372,
        1199373,
        1199374,
        1199375,
        1199376,
        1199377,
        1199378,
        1199379,
        1199380,
        1199381,
        1199382,
        1199383,
        1199384,
        1199385,
        1199386,
        1199387,
        1199388,
        1199389,
        1199390,
        1199391,
        1199392,
        1199393,
        1199394,
        1199395,
        1199396,
        1199397,
        1199398,
        1199399,
        1199400,
        1199401,
        1199402,
        1199403,
        1199404,
        1199405,
        1199406,
        1199407,
        1199408,
        1199409,
        1199410,
        1199411,
        1199412,
        1199413,
        1199414,
        1199415,
        1199416,
        1199417,
        1199418,
        1199419,
        1199420,
        1199421,
        1199422,
        1199423,
        1199424,
        1199425,
        1199426,
        1199427,
        1199428,
        1199429,
        1199430,
        1199431,
        1199432,
        1199433,
        1199434,
        1199435,
        1199436,
        1199437,
        1199438,
        1199439,
        1199440,
        1199441,
        1199442,
        1199443,
        1199444,
        1199445,
        1199446,
        1199447,
        1199448,
        1199449,
        1199450,
        1199451,
        1199452,
        1199453,
        1199454,
        1199455,
        1199456,
        1199457,
        1199458,
        1199459,
        1199460,
        1199461,
        1199462,
        1199463,
        1199464,
        1199465,
        1199466,
        1199467,
        1199468,
        1199469,
        1199470,
        1199471,
        1199472,
        1199473,
        1199474,
        1199475,
        1199476,
        1199477,
        1199478,
        1199479,
        1199480,
        1199481,
        1199482,
        1199483,
        1199484,
        1199485,
        1199486,
        1199487,
        1199488,
        1199489,
        1199490,
        1199491,
        1199492,
        1199493,
        1199494,
        1199495,
        1199496,
        1199497,
        1199498,
        1199499,
        1199500,
        1199501,
        1199502,
        1199503,
        1199504,
        1199505,
        1199506,
        1199507,
        1199508,
        1199509,
        1199510,
        1199511,
        1199512,
        1199513,
        1199514,
        1199515,
        1199516,
        1199517,
        1199518,
        1199519,
        1199520,
        1199521,
        1199522,
        1199523,
        1199524,
        1199525,
        1199526,
        1199527,
        1199528,
        1199529,
        1199530,
        1199531,
        1199532,
        1199533,
        1199534,
        1199535,
        1199536,
        1199537,
        1199538,
        1199539,
        1199540,
        1199541,
        1199542,
        1199543,
        1199544,
        1199545,
        1199546,
        1199547,
        1199548,
        1199549,
        1199550,
        1199551,
        1199552,
        1199553,
        1199554,
        1199555,
        1199556,
        1199557,
        1199558,
        1199559,
        1199560,
        1199561,
        1199562,
        1199563,
        1199564,
        1199565,
        1199566,
        1199567,
        1199568,
        1199569,
        1199570,
        1199571,
        1199572,
        1199573,
        1199574,
        1199575,
        1199576,
        1199577,
        1199578,
        1199579,
        1199580,
        1199581,
        1199582,
        1199583,
        1199584,
        1199585,
        1199586,
        1199587,
        1199588,
        1199589,
        1199590,
        1199591,
        1199592,
        1199593,
        1199594,
        1199595,
        1199596,
        1199597,
        1199598,
        1199599,
        1199600,
        1199601,
        1199602,
        1199603,
        1199604,
        1199605,
        1199606,
        1199607,
        1199608,
        1199609,
        1199610,
        1199611,
        1199612,
        1199613,
        1199614,
        1199615,
        1199616,
        1199617,
        1199618,
        1199619,
        1199620,
        1199621,
        1199622,
        1199623,
        1199624,
        1199625,
        1199626,
        1199627,
        1199628,
        1199629,
        1199630,
        1199631,
        1199632,
        1199633,
        1199634,
        1199635,
        1199636,
        1199637,
        1199638,
        1199639,
        1199640,
        1199641,
        1199642,
        1199643,
        1199644,
        1199645,
        1199646,
        1199647,
        1199648,
        1199649,
        1199650,
        1199651,
        1199652,
        1199653,
        1199654,
        1199655,
        1199656,
        1199657,
        1199658,
        1199659,
        1199660,
        1199661,
        1199662,
        1199663,
        1199664,
        1199665,
        1199666,
        1199667,
        1199668,
        1199669,
        1199670,
        1199671,
        1199672,
        1199673,
        1199674,
        1199675,
        1199676,
        1199677,
        1199678,
        1199679,
        1199680,
        1199681,
        1199682,
        1199683,
        1199684,
        1199685,
        1199686,
        1199687,
        1199688,
        1199689,
        1199690,
        1199691,
        1199692,
        1199693,
        1199694,
        1199695,
        1199696,
        1199697,
        1199698,
        1199699,
        1199700,
        1199701,
        1199702,
        1199703,
        1199704,
        1199705,
        1199706,
        1199707,
        1199708,
        1199709,
        1199710,
        1199711,
        1199712,
        1199713,
        1199714,
        1199715,
        1199716,
        1199717,
        1199718,
        1199719,
        1199720,
        1199721,
        1199722,
        1199723,
        1199724,
        1199725,
        1199726,
        1199727,
        1199728,
        1199729,
        1199730,
        1199731,
        1199732,
        1199733,
        1199734,
        1199735,
        1199736,
        1199737,
        1199738,
        1199739,
        1199740,
        1199741,
        1199742,
        1199743,
        1199744,
        1199745,
        1199746,
        1199747,
        1199748,
        1199749,
        1199750,
        1199751,
        1199752,
        1199753,
        1199754,
        1199755,
        1199756,
        1199757,
        1199758,
        1199759,
        1199760,
        1199761,
        1199762,
        1199763,
        1199764,
        1199765,
        1199766,
        1199767,
        1199768,
        1199769,
        1199770,
        1199771,
        1199772,
        1199773,
        1199774,
        1199775,
        1199776,
        1199777,
        1199778,
        1199779,
        1199780,
        1199781,
        1199782,
        1199783,
        1199784,
        1199785,
        1199786,
        1199787,
        1199788,
        1199789,
        1199790,
        1199791,
        1199792,
        1199793,
        1199794,
        1199795,
        1199796,
        1199797,
        1199798,
        1199799,
        1199800,
        1199801,
        1199802,
        1199803,
        1199804,
        1199805,
        1199806,
        1199807,
        1199808,
        1199809,
        1199810,
        1199811,
        1199812,
        1199813,
        1199814,
        1199815,
        1199816,
        1199817,
        1199818,
        1199819,
        1199820,
        1199821,
        1199822,
        1199823,
        1199824,
        1199825,
        1199826,
        1199827,
        1199828,
        1199829,
        1199830,
        1199831,
        1199832,
        1199833,
        1199834,
        1199835,
        1199836,
        1199837,
        1199838,
        1199839,
        1199840,
        1199841,
        1199842,
        1199843,
        1199844,
        1199845,
        1199846,
        1199847,
        1199848,
        1199849,
        1199850,
        1199851,
        1199852,
        1199853,
        1199854,
        1199855,
        1199856,
        1199857,
        1199858,
        1199859,
        1199860,
        1199861,
        1199862,
        1199863,
        1199864,
        1199865,
        1199866,
        1199867,
        1199868,
        1199869,
        1199870,
        1199871,
        1199872,
        1199873,
        1199874,
        1199875,
        1199876,
        1199877,
        1199878,
        1199879,
        1199880,
        1199881,
        1199882,
        1199883,
        1199884,
        1199885,
        1199886,
        1199887,
        1199888,
        1199889,
        1199890,
        1199891,
        1199892,
        1199893,
        1199894,
        1199895,
        1199896,
        1199897,
        1199898,
        1199899,
        1199900,
        1199901,
        1199902,
        1199903,
        1199904,
        1199905,
        1199906,
        1199907,
        1199908,
        1199909,
        1199910,
        1199911,
        1199912,
        1199913,
        1199914,
        1199915,
        1199916,
        1199917,
        1199918,
        1199919,
        1199920,
        1199921,
        1199922,
        1199923,
        1199924,
        1199925,
        1199926,
        1199927,
        1199928,
        1199929,
        1199930,
        1199931,
        1199932,
        1199933,
        1199934,
        1199935,
        1199936,
        1199937,
        1199938,
        1199939,
        1199940,
        1199941,
        1199942,
        1199943,
        1199944,
        1199945,
        1199946,
        1199947,
        1199948,
        1199949,
        1199950,
        1199951,
        1199952,
        1199953,
        1199954,
        1199955,
        1199956,
        1199957,
        1199958,
        1199959,
        1199960,
        1199961,
        1199962,
        1199963,
        1199964,
        1199965,
        1199966,
        1199967,
        1199968,
        1199969,
        1199970,
        1199971,
        1199972,
        1199973,
        1199974,
        1199975,
        1199976,
        1199977,
        1199978,
        1199979,
        1199980,
        1199981,
        1199982,
        1199983,
        1199984,
        1199985,
        1199986,
        1199987,
        1199988,
        1199989,
        1199990,
        1199991,
        1199992,
        1199993,
        1199994,
        1199995,
        1199996,
        1199997,
        1199998,
        1199999,
    ],
    pipeline=[
        dict(type='LoadImageFromNDArray'),
        dict(
            base_h=32,
            base_shape=[
                [
                    64,
                    64,
                ],
                [
                    96,
                    48,
                ],
                [
                    112,
                    40,
                ],
                [
                    128,
                    32,
                ],
            ],
            interpolation='bicubic',
            max_ratio=12,
            max_size=None,
            pad_to_max=True,
            padding=False,
            random_resize_factor=False,
            scale=(
                256,
                64,
            ),
            type='SVTRv2AdaptiveResize',
            use_msr=True),
        dict(type='LoadOCRAnnotations', with_text=True),
        dict(
            meta_keys=(
                'img_path',
                'ori_shape',
                'img_shape',
                'valid_ratio',
            ),
            type='PackTextRecogInputs'),
    ],
    test_mode=True,
    type='RecogLMDBDataset')
_t = dict(
    transforms=[
        [
            dict(
                condition="results['img_shape'][1]<results['img_shape'][0]",
                true_transforms=[
                    dict(
                        args=[
                            dict(cls='Rot90', k=0, keep_size=False),
                        ],
                        type='ImgAugWrapper'),
                ],
                type='ConditionApply'),
            dict(
                condition="results['img_shape'][1]<results['img_shape'][0]",
                true_transforms=[
                    dict(
                        args=[
                            dict(cls='Rot90', k=1, keep_size=False),
                        ],
                        type='ImgAugWrapper'),
                ],
                type='ConditionApply'),
            dict(
                condition="results['img_shape'][1]<results['img_shape'][0]",
                true_transforms=[
                    dict(
                        args=[
                            dict(cls='Rot90', k=3, keep_size=False),
                        ],
                        type='ImgAugWrapper'),
                ],
                type='ConditionApply'),
        ],
        [
            dict(scale=(
                256,
                64,
            ), type='Resize'),
        ],
        [
            dict(type='LoadOCRAnnotations', with_text=True),
        ],
        [
            dict(
                meta_keys=(
                    'img_path',
                    'ori_shape',
                    'img_shape',
                    'valid_ratio',
                ),
                type='PackTextRecogInputs'),
        ],
    ],
    type='TestTimeAug')
auto_scale_lr = dict(base_batch_size=256)
custom_hooks = [
    dict(
        ema_type='ExponentialMovingAverage',
        momentum=0.0002,
        type='EMAHook',
        update_buffers=False),
]
default_hooks = dict(
    checkpoint=dict(
        interval=1,
        max_keep_ckpts=5,
        rule='greater',
        save_best=[
            'Fudan/recog/word_acc',
            'PretrainCN_holdout/recog/word_acc',
        ],
        type='CheckpointHook'),
    logger=dict(interval=1, type='LoggerHook'),
    param_scheduler=dict(type='ParamSchedulerHook'),
    sampler_seed=dict(type='DistSamplerSeedHook'),
    sync_buffer=dict(type='SyncBuffersHook'),
    timer=dict(type='IterTimerHook'),
    visualization=dict(
        draw_gt=False,
        draw_pred=False,
        enable=False,
        interval=1,
        show=False,
        type='VisualizationHook'))
default_scope = 'mmocr'
dictionary = dict(
    dict_file='data/charset/charset_rec_cn_en.txt',
    type='Dictionary',
    with_padding=True,
    with_unknown=True)
env_cfg = dict(
    cudnn_benchmark=True,
    dist_cfg=dict(backend='nccl'),
    mp_cfg=dict(mp_start_method='fork', opencv_num_threads=0))
fudan_val = dict(
    ann_file='scene_val',
    data_root='data/fudan/scene',
    pipeline=[
        dict(type='LoadImageFromNDArray'),
        dict(scale=(
            256,
            64,
        ), type='Resize'),
        dict(type='LoadOCRAnnotations', with_text=True),
        dict(
            meta_keys=(
                'img_path',
                'ori_shape',
                'img_shape',
                'valid_ratio',
            ),
            type='PackTextRecogInputs'),
    ],
    test_mode=True,
    type='RecogLMDBDataset')
launcher = 'none'
load_from = None
log_level = 'INFO'
log_processor = dict(by_epoch=True, type='LogProcessor', window_size=10)
max_epochs = 20
model = dict(
    data_preprocessor=dict(
        mean=[
            127.5,
        ], std=[
            127.5,
        ], type='TextRecogDataPreprocessor'),
    decoder=dict(
        dictionary=dict(
            dict_file='data/charset/charset_rec_cn_en.txt',
            type='Dictionary',
            with_padding=True,
            with_unknown=True),
        frm=dict(enabled=True, type='FeatureRearrangementModule'),
        in_channels=384,
        max_seq_len=40,
        module_loss=dict(
            letter_case='lower', type='CTCModuleLoss', zero_infinity=True),
        postprocessor=dict(type='CTCPostProcessor'),
        sgm=dict(
            detach_visual=False,
            drop_path_rate=0.1,
            enabled=False,
            loss_weight=0.1,
            num_layer=1,
            sub_str_len=5,
            type='SemanticGuidanceModule'),
        type='SVTRv2CTCDecoder'),
    encoder=dict(
        svtr_encoder=dict(
            depth=[
                3,
                9,
                9,
            ],
            embed_dims=[
                192,
                256,
                512,
            ],
            img_size=[
                48,
                160,
            ],
            in_channels=3,
            max_seq_len=40,
            merging_types='Conv',
            mixer_types=[
                'Local',
                'Local',
                'Local',
                'Local',
                'Local',
                'Local',
                'Local',
                'Local',
                'Local',
                'Local',
                'Global',
                'Global',
                'Global',
                'Global',
                'Global',
                'Global',
                'Global',
                'Global',
                'Global',
                'Global',
                'Global',
            ],
            num_heads=[
                6,
                8,
                16,
            ],
            out_channels=384,
            prenorm=False,
            type='SVTREncoder',
            window_size=[
                [
                    7,
                    11,
                ],
                [
                    7,
                    11,
                ],
                [
                    7,
                    11,
                ],
            ]),
        svtrv2_encoder=dict(
            depths=[
                6,
                6,
                6,
            ],
            dims=[
                128,
                256,
                384,
            ],
            feat2d=True,
            in_channels=3,
            kernel_sizes=[
                [
                    3,
                    3,
                    3,
                    3,
                    3,
                    3,
                ],
                [
                    3,
                    3,
                    3,
                    3,
                    3,
                    3,
                ],
                [
                    3,
                    3,
                    3,
                    3,
                    3,
                    3,
                ],
            ],
            last_stage=False,
            max_sz=[
                64,
                384,
            ],
            mixer=[
                [
                    'Conv',
                    'Conv',
                    'Conv',
                    'Conv',
                    'Conv',
                    'Conv',
                ],
                [
                    'Conv',
                    'Conv',
                    'FGlobal',
                    'Global',
                    'Global',
                    'Global',
                ],
                [
                    'Global',
                    'Global',
                    'Global',
                    'Global',
                    'Global',
                    'Global',
                ],
            ],
            num_convs=[
                [
                    2,
                    2,
                    2,
                    2,
                    2,
                    2,
                ],
                [
                    2,
                    2,
                    3,
                    3,
                    3,
                    3,
                ],
                [
                    3,
                    3,
                    3,
                    3,
                    3,
                    3,
                ],
            ],
            num_heads=[
                4,
                8,
                12,
            ],
            sub_k=[
                [
                    1,
                    1,
                ],
                [
                    2,
                    1,
                ],
                [
                    1,
                    1,
                ],
            ],
            type='SVTRv2Backbone',
            use_pos_embed=False),
        type='SVTRFlexibleEncoder',
        use_svtrv2_backbone=True),
    preprocessor=None,
    type='SVTR')
msr_base_h = 32
msr_base_shape = [
    [
        64,
        64,
    ],
    [
        96,
        48,
    ],
    [
        112,
        40,
    ],
    [
        128,
        32,
    ],
]
msr_max_ratio = 12
msr_max_size = None
msr_pad_to_max = True
optim_wrapper = dict(
    optimizer=dict(
        betas=(
            0.9,
            0.99,
        ),
        eps=8e-08,
        lr=0.00025,
        type='AdamW',
        weight_decay=0.05),
    type='OptimWrapper')
param_scheduler = [
    dict(
        convert_to_iter_based=True,
        end=2,
        end_factor=1.0,
        start_factor=0.5,
        type='LinearLR',
        verbose=False),
    dict(
        T_max=19,
        begin=2,
        convert_to_iter_based=True,
        end=20,
        type='CosineAnnealingLR',
        verbose=False),
]
pretrain_cn_scene_lmdb = 'data/pretrain_cn_scene'
pretrain_cn_scene_root = 'data'
pretrain_holdout = dict(
    ann_file='pretrain_cn_scene',
    data_root='data',
    indices=[
        1195000,
        1195001,
        1195002,
        1195003,
        1195004,
        1195005,
        1195006,
        1195007,
        1195008,
        1195009,
        1195010,
        1195011,
        1195012,
        1195013,
        1195014,
        1195015,
        1195016,
        1195017,
        1195018,
        1195019,
        1195020,
        1195021,
        1195022,
        1195023,
        1195024,
        1195025,
        1195026,
        1195027,
        1195028,
        1195029,
        1195030,
        1195031,
        1195032,
        1195033,
        1195034,
        1195035,
        1195036,
        1195037,
        1195038,
        1195039,
        1195040,
        1195041,
        1195042,
        1195043,
        1195044,
        1195045,
        1195046,
        1195047,
        1195048,
        1195049,
        1195050,
        1195051,
        1195052,
        1195053,
        1195054,
        1195055,
        1195056,
        1195057,
        1195058,
        1195059,
        1195060,
        1195061,
        1195062,
        1195063,
        1195064,
        1195065,
        1195066,
        1195067,
        1195068,
        1195069,
        1195070,
        1195071,
        1195072,
        1195073,
        1195074,
        1195075,
        1195076,
        1195077,
        1195078,
        1195079,
        1195080,
        1195081,
        1195082,
        1195083,
        1195084,
        1195085,
        1195086,
        1195087,
        1195088,
        1195089,
        1195090,
        1195091,
        1195092,
        1195093,
        1195094,
        1195095,
        1195096,
        1195097,
        1195098,
        1195099,
        1195100,
        1195101,
        1195102,
        1195103,
        1195104,
        1195105,
        1195106,
        1195107,
        1195108,
        1195109,
        1195110,
        1195111,
        1195112,
        1195113,
        1195114,
        1195115,
        1195116,
        1195117,
        1195118,
        1195119,
        1195120,
        1195121,
        1195122,
        1195123,
        1195124,
        1195125,
        1195126,
        1195127,
        1195128,
        1195129,
        1195130,
        1195131,
        1195132,
        1195133,
        1195134,
        1195135,
        1195136,
        1195137,
        1195138,
        1195139,
        1195140,
        1195141,
        1195142,
        1195143,
        1195144,
        1195145,
        1195146,
        1195147,
        1195148,
        1195149,
        1195150,
        1195151,
        1195152,
        1195153,
        1195154,
        1195155,
        1195156,
        1195157,
        1195158,
        1195159,
        1195160,
        1195161,
        1195162,
        1195163,
        1195164,
        1195165,
        1195166,
        1195167,
        1195168,
        1195169,
        1195170,
        1195171,
        1195172,
        1195173,
        1195174,
        1195175,
        1195176,
        1195177,
        1195178,
        1195179,
        1195180,
        1195181,
        1195182,
        1195183,
        1195184,
        1195185,
        1195186,
        1195187,
        1195188,
        1195189,
        1195190,
        1195191,
        1195192,
        1195193,
        1195194,
        1195195,
        1195196,
        1195197,
        1195198,
        1195199,
        1195200,
        1195201,
        1195202,
        1195203,
        1195204,
        1195205,
        1195206,
        1195207,
        1195208,
        1195209,
        1195210,
        1195211,
        1195212,
        1195213,
        1195214,
        1195215,
        1195216,
        1195217,
        1195218,
        1195219,
        1195220,
        1195221,
        1195222,
        1195223,
        1195224,
        1195225,
        1195226,
        1195227,
        1195228,
        1195229,
        1195230,
        1195231,
        1195232,
        1195233,
        1195234,
        1195235,
        1195236,
        1195237,
        1195238,
        1195239,
        1195240,
        1195241,
        1195242,
        1195243,
        1195244,
        1195245,
        1195246,
        1195247,
        1195248,
        1195249,
        1195250,
        1195251,
        1195252,
        1195253,
        1195254,
        1195255,
        1195256,
        1195257,
        1195258,
        1195259,
        1195260,
        1195261,
        1195262,
        1195263,
        1195264,
        1195265,
        1195266,
        1195267,
        1195268,
        1195269,
        1195270,
        1195271,
        1195272,
        1195273,
        1195274,
        1195275,
        1195276,
        1195277,
        1195278,
        1195279,
        1195280,
        1195281,
        1195282,
        1195283,
        1195284,
        1195285,
        1195286,
        1195287,
        1195288,
        1195289,
        1195290,
        1195291,
        1195292,
        1195293,
        1195294,
        1195295,
        1195296,
        1195297,
        1195298,
        1195299,
        1195300,
        1195301,
        1195302,
        1195303,
        1195304,
        1195305,
        1195306,
        1195307,
        1195308,
        1195309,
        1195310,
        1195311,
        1195312,
        1195313,
        1195314,
        1195315,
        1195316,
        1195317,
        1195318,
        1195319,
        1195320,
        1195321,
        1195322,
        1195323,
        1195324,
        1195325,
        1195326,
        1195327,
        1195328,
        1195329,
        1195330,
        1195331,
        1195332,
        1195333,
        1195334,
        1195335,
        1195336,
        1195337,
        1195338,
        1195339,
        1195340,
        1195341,
        1195342,
        1195343,
        1195344,
        1195345,
        1195346,
        1195347,
        1195348,
        1195349,
        1195350,
        1195351,
        1195352,
        1195353,
        1195354,
        1195355,
        1195356,
        1195357,
        1195358,
        1195359,
        1195360,
        1195361,
        1195362,
        1195363,
        1195364,
        1195365,
        1195366,
        1195367,
        1195368,
        1195369,
        1195370,
        1195371,
        1195372,
        1195373,
        1195374,
        1195375,
        1195376,
        1195377,
        1195378,
        1195379,
        1195380,
        1195381,
        1195382,
        1195383,
        1195384,
        1195385,
        1195386,
        1195387,
        1195388,
        1195389,
        1195390,
        1195391,
        1195392,
        1195393,
        1195394,
        1195395,
        1195396,
        1195397,
        1195398,
        1195399,
        1195400,
        1195401,
        1195402,
        1195403,
        1195404,
        1195405,
        1195406,
        1195407,
        1195408,
        1195409,
        1195410,
        1195411,
        1195412,
        1195413,
        1195414,
        1195415,
        1195416,
        1195417,
        1195418,
        1195419,
        1195420,
        1195421,
        1195422,
        1195423,
        1195424,
        1195425,
        1195426,
        1195427,
        1195428,
        1195429,
        1195430,
        1195431,
        1195432,
        1195433,
        1195434,
        1195435,
        1195436,
        1195437,
        1195438,
        1195439,
        1195440,
        1195441,
        1195442,
        1195443,
        1195444,
        1195445,
        1195446,
        1195447,
        1195448,
        1195449,
        1195450,
        1195451,
        1195452,
        1195453,
        1195454,
        1195455,
        1195456,
        1195457,
        1195458,
        1195459,
        1195460,
        1195461,
        1195462,
        1195463,
        1195464,
        1195465,
        1195466,
        1195467,
        1195468,
        1195469,
        1195470,
        1195471,
        1195472,
        1195473,
        1195474,
        1195475,
        1195476,
        1195477,
        1195478,
        1195479,
        1195480,
        1195481,
        1195482,
        1195483,
        1195484,
        1195485,
        1195486,
        1195487,
        1195488,
        1195489,
        1195490,
        1195491,
        1195492,
        1195493,
        1195494,
        1195495,
        1195496,
        1195497,
        1195498,
        1195499,
        1195500,
        1195501,
        1195502,
        1195503,
        1195504,
        1195505,
        1195506,
        1195507,
        1195508,
        1195509,
        1195510,
        1195511,
        1195512,
        1195513,
        1195514,
        1195515,
        1195516,
        1195517,
        1195518,
        1195519,
        1195520,
        1195521,
        1195522,
        1195523,
        1195524,
        1195525,
        1195526,
        1195527,
        1195528,
        1195529,
        1195530,
        1195531,
        1195532,
        1195533,
        1195534,
        1195535,
        1195536,
        1195537,
        1195538,
        1195539,
        1195540,
        1195541,
        1195542,
        1195543,
        1195544,
        1195545,
        1195546,
        1195547,
        1195548,
        1195549,
        1195550,
        1195551,
        1195552,
        1195553,
        1195554,
        1195555,
        1195556,
        1195557,
        1195558,
        1195559,
        1195560,
        1195561,
        1195562,
        1195563,
        1195564,
        1195565,
        1195566,
        1195567,
        1195568,
        1195569,
        1195570,
        1195571,
        1195572,
        1195573,
        1195574,
        1195575,
        1195576,
        1195577,
        1195578,
        1195579,
        1195580,
        1195581,
        1195582,
        1195583,
        1195584,
        1195585,
        1195586,
        1195587,
        1195588,
        1195589,
        1195590,
        1195591,
        1195592,
        1195593,
        1195594,
        1195595,
        1195596,
        1195597,
        1195598,
        1195599,
        1195600,
        1195601,
        1195602,
        1195603,
        1195604,
        1195605,
        1195606,
        1195607,
        1195608,
        1195609,
        1195610,
        1195611,
        1195612,
        1195613,
        1195614,
        1195615,
        1195616,
        1195617,
        1195618,
        1195619,
        1195620,
        1195621,
        1195622,
        1195623,
        1195624,
        1195625,
        1195626,
        1195627,
        1195628,
        1195629,
        1195630,
        1195631,
        1195632,
        1195633,
        1195634,
        1195635,
        1195636,
        1195637,
        1195638,
        1195639,
        1195640,
        1195641,
        1195642,
        1195643,
        1195644,
        1195645,
        1195646,
        1195647,
        1195648,
        1195649,
        1195650,
        1195651,
        1195652,
        1195653,
        1195654,
        1195655,
        1195656,
        1195657,
        1195658,
        1195659,
        1195660,
        1195661,
        1195662,
        1195663,
        1195664,
        1195665,
        1195666,
        1195667,
        1195668,
        1195669,
        1195670,
        1195671,
        1195672,
        1195673,
        1195674,
        1195675,
        1195676,
        1195677,
        1195678,
        1195679,
        1195680,
        1195681,
        1195682,
        1195683,
        1195684,
        1195685,
        1195686,
        1195687,
        1195688,
        1195689,
        1195690,
        1195691,
        1195692,
        1195693,
        1195694,
        1195695,
        1195696,
        1195697,
        1195698,
        1195699,
        1195700,
        1195701,
        1195702,
        1195703,
        1195704,
        1195705,
        1195706,
        1195707,
        1195708,
        1195709,
        1195710,
        1195711,
        1195712,
        1195713,
        1195714,
        1195715,
        1195716,
        1195717,
        1195718,
        1195719,
        1195720,
        1195721,
        1195722,
        1195723,
        1195724,
        1195725,
        1195726,
        1195727,
        1195728,
        1195729,
        1195730,
        1195731,
        1195732,
        1195733,
        1195734,
        1195735,
        1195736,
        1195737,
        1195738,
        1195739,
        1195740,
        1195741,
        1195742,
        1195743,
        1195744,
        1195745,
        1195746,
        1195747,
        1195748,
        1195749,
        1195750,
        1195751,
        1195752,
        1195753,
        1195754,
        1195755,
        1195756,
        1195757,
        1195758,
        1195759,
        1195760,
        1195761,
        1195762,
        1195763,
        1195764,
        1195765,
        1195766,
        1195767,
        1195768,
        1195769,
        1195770,
        1195771,
        1195772,
        1195773,
        1195774,
        1195775,
        1195776,
        1195777,
        1195778,
        1195779,
        1195780,
        1195781,
        1195782,
        1195783,
        1195784,
        1195785,
        1195786,
        1195787,
        1195788,
        1195789,
        1195790,
        1195791,
        1195792,
        1195793,
        1195794,
        1195795,
        1195796,
        1195797,
        1195798,
        1195799,
        1195800,
        1195801,
        1195802,
        1195803,
        1195804,
        1195805,
        1195806,
        1195807,
        1195808,
        1195809,
        1195810,
        1195811,
        1195812,
        1195813,
        1195814,
        1195815,
        1195816,
        1195817,
        1195818,
        1195819,
        1195820,
        1195821,
        1195822,
        1195823,
        1195824,
        1195825,
        1195826,
        1195827,
        1195828,
        1195829,
        1195830,
        1195831,
        1195832,
        1195833,
        1195834,
        1195835,
        1195836,
        1195837,
        1195838,
        1195839,
        1195840,
        1195841,
        1195842,
        1195843,
        1195844,
        1195845,
        1195846,
        1195847,
        1195848,
        1195849,
        1195850,
        1195851,
        1195852,
        1195853,
        1195854,
        1195855,
        1195856,
        1195857,
        1195858,
        1195859,
        1195860,
        1195861,
        1195862,
        1195863,
        1195864,
        1195865,
        1195866,
        1195867,
        1195868,
        1195869,
        1195870,
        1195871,
        1195872,
        1195873,
        1195874,
        1195875,
        1195876,
        1195877,
        1195878,
        1195879,
        1195880,
        1195881,
        1195882,
        1195883,
        1195884,
        1195885,
        1195886,
        1195887,
        1195888,
        1195889,
        1195890,
        1195891,
        1195892,
        1195893,
        1195894,
        1195895,
        1195896,
        1195897,
        1195898,
        1195899,
        1195900,
        1195901,
        1195902,
        1195903,
        1195904,
        1195905,
        1195906,
        1195907,
        1195908,
        1195909,
        1195910,
        1195911,
        1195912,
        1195913,
        1195914,
        1195915,
        1195916,
        1195917,
        1195918,
        1195919,
        1195920,
        1195921,
        1195922,
        1195923,
        1195924,
        1195925,
        1195926,
        1195927,
        1195928,
        1195929,
        1195930,
        1195931,
        1195932,
        1195933,
        1195934,
        1195935,
        1195936,
        1195937,
        1195938,
        1195939,
        1195940,
        1195941,
        1195942,
        1195943,
        1195944,
        1195945,
        1195946,
        1195947,
        1195948,
        1195949,
        1195950,
        1195951,
        1195952,
        1195953,
        1195954,
        1195955,
        1195956,
        1195957,
        1195958,
        1195959,
        1195960,
        1195961,
        1195962,
        1195963,
        1195964,
        1195965,
        1195966,
        1195967,
        1195968,
        1195969,
        1195970,
        1195971,
        1195972,
        1195973,
        1195974,
        1195975,
        1195976,
        1195977,
        1195978,
        1195979,
        1195980,
        1195981,
        1195982,
        1195983,
        1195984,
        1195985,
        1195986,
        1195987,
        1195988,
        1195989,
        1195990,
        1195991,
        1195992,
        1195993,
        1195994,
        1195995,
        1195996,
        1195997,
        1195998,
        1195999,
        1196000,
        1196001,
        1196002,
        1196003,
        1196004,
        1196005,
        1196006,
        1196007,
        1196008,
        1196009,
        1196010,
        1196011,
        1196012,
        1196013,
        1196014,
        1196015,
        1196016,
        1196017,
        1196018,
        1196019,
        1196020,
        1196021,
        1196022,
        1196023,
        1196024,
        1196025,
        1196026,
        1196027,
        1196028,
        1196029,
        1196030,
        1196031,
        1196032,
        1196033,
        1196034,
        1196035,
        1196036,
        1196037,
        1196038,
        1196039,
        1196040,
        1196041,
        1196042,
        1196043,
        1196044,
        1196045,
        1196046,
        1196047,
        1196048,
        1196049,
        1196050,
        1196051,
        1196052,
        1196053,
        1196054,
        1196055,
        1196056,
        1196057,
        1196058,
        1196059,
        1196060,
        1196061,
        1196062,
        1196063,
        1196064,
        1196065,
        1196066,
        1196067,
        1196068,
        1196069,
        1196070,
        1196071,
        1196072,
        1196073,
        1196074,
        1196075,
        1196076,
        1196077,
        1196078,
        1196079,
        1196080,
        1196081,
        1196082,
        1196083,
        1196084,
        1196085,
        1196086,
        1196087,
        1196088,
        1196089,
        1196090,
        1196091,
        1196092,
        1196093,
        1196094,
        1196095,
        1196096,
        1196097,
        1196098,
        1196099,
        1196100,
        1196101,
        1196102,
        1196103,
        1196104,
        1196105,
        1196106,
        1196107,
        1196108,
        1196109,
        1196110,
        1196111,
        1196112,
        1196113,
        1196114,
        1196115,
        1196116,
        1196117,
        1196118,
        1196119,
        1196120,
        1196121,
        1196122,
        1196123,
        1196124,
        1196125,
        1196126,
        1196127,
        1196128,
        1196129,
        1196130,
        1196131,
        1196132,
        1196133,
        1196134,
        1196135,
        1196136,
        1196137,
        1196138,
        1196139,
        1196140,
        1196141,
        1196142,
        1196143,
        1196144,
        1196145,
        1196146,
        1196147,
        1196148,
        1196149,
        1196150,
        1196151,
        1196152,
        1196153,
        1196154,
        1196155,
        1196156,
        1196157,
        1196158,
        1196159,
        1196160,
        1196161,
        1196162,
        1196163,
        1196164,
        1196165,
        1196166,
        1196167,
        1196168,
        1196169,
        1196170,
        1196171,
        1196172,
        1196173,
        1196174,
        1196175,
        1196176,
        1196177,
        1196178,
        1196179,
        1196180,
        1196181,
        1196182,
        1196183,
        1196184,
        1196185,
        1196186,
        1196187,
        1196188,
        1196189,
        1196190,
        1196191,
        1196192,
        1196193,
        1196194,
        1196195,
        1196196,
        1196197,
        1196198,
        1196199,
        1196200,
        1196201,
        1196202,
        1196203,
        1196204,
        1196205,
        1196206,
        1196207,
        1196208,
        1196209,
        1196210,
        1196211,
        1196212,
        1196213,
        1196214,
        1196215,
        1196216,
        1196217,
        1196218,
        1196219,
        1196220,
        1196221,
        1196222,
        1196223,
        1196224,
        1196225,
        1196226,
        1196227,
        1196228,
        1196229,
        1196230,
        1196231,
        1196232,
        1196233,
        1196234,
        1196235,
        1196236,
        1196237,
        1196238,
        1196239,
        1196240,
        1196241,
        1196242,
        1196243,
        1196244,
        1196245,
        1196246,
        1196247,
        1196248,
        1196249,
        1196250,
        1196251,
        1196252,
        1196253,
        1196254,
        1196255,
        1196256,
        1196257,
        1196258,
        1196259,
        1196260,
        1196261,
        1196262,
        1196263,
        1196264,
        1196265,
        1196266,
        1196267,
        1196268,
        1196269,
        1196270,
        1196271,
        1196272,
        1196273,
        1196274,
        1196275,
        1196276,
        1196277,
        1196278,
        1196279,
        1196280,
        1196281,
        1196282,
        1196283,
        1196284,
        1196285,
        1196286,
        1196287,
        1196288,
        1196289,
        1196290,
        1196291,
        1196292,
        1196293,
        1196294,
        1196295,
        1196296,
        1196297,
        1196298,
        1196299,
        1196300,
        1196301,
        1196302,
        1196303,
        1196304,
        1196305,
        1196306,
        1196307,
        1196308,
        1196309,
        1196310,
        1196311,
        1196312,
        1196313,
        1196314,
        1196315,
        1196316,
        1196317,
        1196318,
        1196319,
        1196320,
        1196321,
        1196322,
        1196323,
        1196324,
        1196325,
        1196326,
        1196327,
        1196328,
        1196329,
        1196330,
        1196331,
        1196332,
        1196333,
        1196334,
        1196335,
        1196336,
        1196337,
        1196338,
        1196339,
        1196340,
        1196341,
        1196342,
        1196343,
        1196344,
        1196345,
        1196346,
        1196347,
        1196348,
        1196349,
        1196350,
        1196351,
        1196352,
        1196353,
        1196354,
        1196355,
        1196356,
        1196357,
        1196358,
        1196359,
        1196360,
        1196361,
        1196362,
        1196363,
        1196364,
        1196365,
        1196366,
        1196367,
        1196368,
        1196369,
        1196370,
        1196371,
        1196372,
        1196373,
        1196374,
        1196375,
        1196376,
        1196377,
        1196378,
        1196379,
        1196380,
        1196381,
        1196382,
        1196383,
        1196384,
        1196385,
        1196386,
        1196387,
        1196388,
        1196389,
        1196390,
        1196391,
        1196392,
        1196393,
        1196394,
        1196395,
        1196396,
        1196397,
        1196398,
        1196399,
        1196400,
        1196401,
        1196402,
        1196403,
        1196404,
        1196405,
        1196406,
        1196407,
        1196408,
        1196409,
        1196410,
        1196411,
        1196412,
        1196413,
        1196414,
        1196415,
        1196416,
        1196417,
        1196418,
        1196419,
        1196420,
        1196421,
        1196422,
        1196423,
        1196424,
        1196425,
        1196426,
        1196427,
        1196428,
        1196429,
        1196430,
        1196431,
        1196432,
        1196433,
        1196434,
        1196435,
        1196436,
        1196437,
        1196438,
        1196439,
        1196440,
        1196441,
        1196442,
        1196443,
        1196444,
        1196445,
        1196446,
        1196447,
        1196448,
        1196449,
        1196450,
        1196451,
        1196452,
        1196453,
        1196454,
        1196455,
        1196456,
        1196457,
        1196458,
        1196459,
        1196460,
        1196461,
        1196462,
        1196463,
        1196464,
        1196465,
        1196466,
        1196467,
        1196468,
        1196469,
        1196470,
        1196471,
        1196472,
        1196473,
        1196474,
        1196475,
        1196476,
        1196477,
        1196478,
        1196479,
        1196480,
        1196481,
        1196482,
        1196483,
        1196484,
        1196485,
        1196486,
        1196487,
        1196488,
        1196489,
        1196490,
        1196491,
        1196492,
        1196493,
        1196494,
        1196495,
        1196496,
        1196497,
        1196498,
        1196499,
        1196500,
        1196501,
        1196502,
        1196503,
        1196504,
        1196505,
        1196506,
        1196507,
        1196508,
        1196509,
        1196510,
        1196511,
        1196512,
        1196513,
        1196514,
        1196515,
        1196516,
        1196517,
        1196518,
        1196519,
        1196520,
        1196521,
        1196522,
        1196523,
        1196524,
        1196525,
        1196526,
        1196527,
        1196528,
        1196529,
        1196530,
        1196531,
        1196532,
        1196533,
        1196534,
        1196535,
        1196536,
        1196537,
        1196538,
        1196539,
        1196540,
        1196541,
        1196542,
        1196543,
        1196544,
        1196545,
        1196546,
        1196547,
        1196548,
        1196549,
        1196550,
        1196551,
        1196552,
        1196553,
        1196554,
        1196555,
        1196556,
        1196557,
        1196558,
        1196559,
        1196560,
        1196561,
        1196562,
        1196563,
        1196564,
        1196565,
        1196566,
        1196567,
        1196568,
        1196569,
        1196570,
        1196571,
        1196572,
        1196573,
        1196574,
        1196575,
        1196576,
        1196577,
        1196578,
        1196579,
        1196580,
        1196581,
        1196582,
        1196583,
        1196584,
        1196585,
        1196586,
        1196587,
        1196588,
        1196589,
        1196590,
        1196591,
        1196592,
        1196593,
        1196594,
        1196595,
        1196596,
        1196597,
        1196598,
        1196599,
        1196600,
        1196601,
        1196602,
        1196603,
        1196604,
        1196605,
        1196606,
        1196607,
        1196608,
        1196609,
        1196610,
        1196611,
        1196612,
        1196613,
        1196614,
        1196615,
        1196616,
        1196617,
        1196618,
        1196619,
        1196620,
        1196621,
        1196622,
        1196623,
        1196624,
        1196625,
        1196626,
        1196627,
        1196628,
        1196629,
        1196630,
        1196631,
        1196632,
        1196633,
        1196634,
        1196635,
        1196636,
        1196637,
        1196638,
        1196639,
        1196640,
        1196641,
        1196642,
        1196643,
        1196644,
        1196645,
        1196646,
        1196647,
        1196648,
        1196649,
        1196650,
        1196651,
        1196652,
        1196653,
        1196654,
        1196655,
        1196656,
        1196657,
        1196658,
        1196659,
        1196660,
        1196661,
        1196662,
        1196663,
        1196664,
        1196665,
        1196666,
        1196667,
        1196668,
        1196669,
        1196670,
        1196671,
        1196672,
        1196673,
        1196674,
        1196675,
        1196676,
        1196677,
        1196678,
        1196679,
        1196680,
        1196681,
        1196682,
        1196683,
        1196684,
        1196685,
        1196686,
        1196687,
        1196688,
        1196689,
        1196690,
        1196691,
        1196692,
        1196693,
        1196694,
        1196695,
        1196696,
        1196697,
        1196698,
        1196699,
        1196700,
        1196701,
        1196702,
        1196703,
        1196704,
        1196705,
        1196706,
        1196707,
        1196708,
        1196709,
        1196710,
        1196711,
        1196712,
        1196713,
        1196714,
        1196715,
        1196716,
        1196717,
        1196718,
        1196719,
        1196720,
        1196721,
        1196722,
        1196723,
        1196724,
        1196725,
        1196726,
        1196727,
        1196728,
        1196729,
        1196730,
        1196731,
        1196732,
        1196733,
        1196734,
        1196735,
        1196736,
        1196737,
        1196738,
        1196739,
        1196740,
        1196741,
        1196742,
        1196743,
        1196744,
        1196745,
        1196746,
        1196747,
        1196748,
        1196749,
        1196750,
        1196751,
        1196752,
        1196753,
        1196754,
        1196755,
        1196756,
        1196757,
        1196758,
        1196759,
        1196760,
        1196761,
        1196762,
        1196763,
        1196764,
        1196765,
        1196766,
        1196767,
        1196768,
        1196769,
        1196770,
        1196771,
        1196772,
        1196773,
        1196774,
        1196775,
        1196776,
        1196777,
        1196778,
        1196779,
        1196780,
        1196781,
        1196782,
        1196783,
        1196784,
        1196785,
        1196786,
        1196787,
        1196788,
        1196789,
        1196790,
        1196791,
        1196792,
        1196793,
        1196794,
        1196795,
        1196796,
        1196797,
        1196798,
        1196799,
        1196800,
        1196801,
        1196802,
        1196803,
        1196804,
        1196805,
        1196806,
        1196807,
        1196808,
        1196809,
        1196810,
        1196811,
        1196812,
        1196813,
        1196814,
        1196815,
        1196816,
        1196817,
        1196818,
        1196819,
        1196820,
        1196821,
        1196822,
        1196823,
        1196824,
        1196825,
        1196826,
        1196827,
        1196828,
        1196829,
        1196830,
        1196831,
        1196832,
        1196833,
        1196834,
        1196835,
        1196836,
        1196837,
        1196838,
        1196839,
        1196840,
        1196841,
        1196842,
        1196843,
        1196844,
        1196845,
        1196846,
        1196847,
        1196848,
        1196849,
        1196850,
        1196851,
        1196852,
        1196853,
        1196854,
        1196855,
        1196856,
        1196857,
        1196858,
        1196859,
        1196860,
        1196861,
        1196862,
        1196863,
        1196864,
        1196865,
        1196866,
        1196867,
        1196868,
        1196869,
        1196870,
        1196871,
        1196872,
        1196873,
        1196874,
        1196875,
        1196876,
        1196877,
        1196878,
        1196879,
        1196880,
        1196881,
        1196882,
        1196883,
        1196884,
        1196885,
        1196886,
        1196887,
        1196888,
        1196889,
        1196890,
        1196891,
        1196892,
        1196893,
        1196894,
        1196895,
        1196896,
        1196897,
        1196898,
        1196899,
        1196900,
        1196901,
        1196902,
        1196903,
        1196904,
        1196905,
        1196906,
        1196907,
        1196908,
        1196909,
        1196910,
        1196911,
        1196912,
        1196913,
        1196914,
        1196915,
        1196916,
        1196917,
        1196918,
        1196919,
        1196920,
        1196921,
        1196922,
        1196923,
        1196924,
        1196925,
        1196926,
        1196927,
        1196928,
        1196929,
        1196930,
        1196931,
        1196932,
        1196933,
        1196934,
        1196935,
        1196936,
        1196937,
        1196938,
        1196939,
        1196940,
        1196941,
        1196942,
        1196943,
        1196944,
        1196945,
        1196946,
        1196947,
        1196948,
        1196949,
        1196950,
        1196951,
        1196952,
        1196953,
        1196954,
        1196955,
        1196956,
        1196957,
        1196958,
        1196959,
        1196960,
        1196961,
        1196962,
        1196963,
        1196964,
        1196965,
        1196966,
        1196967,
        1196968,
        1196969,
        1196970,
        1196971,
        1196972,
        1196973,
        1196974,
        1196975,
        1196976,
        1196977,
        1196978,
        1196979,
        1196980,
        1196981,
        1196982,
        1196983,
        1196984,
        1196985,
        1196986,
        1196987,
        1196988,
        1196989,
        1196990,
        1196991,
        1196992,
        1196993,
        1196994,
        1196995,
        1196996,
        1196997,
        1196998,
        1196999,
        1197000,
        1197001,
        1197002,
        1197003,
        1197004,
        1197005,
        1197006,
        1197007,
        1197008,
        1197009,
        1197010,
        1197011,
        1197012,
        1197013,
        1197014,
        1197015,
        1197016,
        1197017,
        1197018,
        1197019,
        1197020,
        1197021,
        1197022,
        1197023,
        1197024,
        1197025,
        1197026,
        1197027,
        1197028,
        1197029,
        1197030,
        1197031,
        1197032,
        1197033,
        1197034,
        1197035,
        1197036,
        1197037,
        1197038,
        1197039,
        1197040,
        1197041,
        1197042,
        1197043,
        1197044,
        1197045,
        1197046,
        1197047,
        1197048,
        1197049,
        1197050,
        1197051,
        1197052,
        1197053,
        1197054,
        1197055,
        1197056,
        1197057,
        1197058,
        1197059,
        1197060,
        1197061,
        1197062,
        1197063,
        1197064,
        1197065,
        1197066,
        1197067,
        1197068,
        1197069,
        1197070,
        1197071,
        1197072,
        1197073,
        1197074,
        1197075,
        1197076,
        1197077,
        1197078,
        1197079,
        1197080,
        1197081,
        1197082,
        1197083,
        1197084,
        1197085,
        1197086,
        1197087,
        1197088,
        1197089,
        1197090,
        1197091,
        1197092,
        1197093,
        1197094,
        1197095,
        1197096,
        1197097,
        1197098,
        1197099,
        1197100,
        1197101,
        1197102,
        1197103,
        1197104,
        1197105,
        1197106,
        1197107,
        1197108,
        1197109,
        1197110,
        1197111,
        1197112,
        1197113,
        1197114,
        1197115,
        1197116,
        1197117,
        1197118,
        1197119,
        1197120,
        1197121,
        1197122,
        1197123,
        1197124,
        1197125,
        1197126,
        1197127,
        1197128,
        1197129,
        1197130,
        1197131,
        1197132,
        1197133,
        1197134,
        1197135,
        1197136,
        1197137,
        1197138,
        1197139,
        1197140,
        1197141,
        1197142,
        1197143,
        1197144,
        1197145,
        1197146,
        1197147,
        1197148,
        1197149,
        1197150,
        1197151,
        1197152,
        1197153,
        1197154,
        1197155,
        1197156,
        1197157,
        1197158,
        1197159,
        1197160,
        1197161,
        1197162,
        1197163,
        1197164,
        1197165,
        1197166,
        1197167,
        1197168,
        1197169,
        1197170,
        1197171,
        1197172,
        1197173,
        1197174,
        1197175,
        1197176,
        1197177,
        1197178,
        1197179,
        1197180,
        1197181,
        1197182,
        1197183,
        1197184,
        1197185,
        1197186,
        1197187,
        1197188,
        1197189,
        1197190,
        1197191,
        1197192,
        1197193,
        1197194,
        1197195,
        1197196,
        1197197,
        1197198,
        1197199,
        1197200,
        1197201,
        1197202,
        1197203,
        1197204,
        1197205,
        1197206,
        1197207,
        1197208,
        1197209,
        1197210,
        1197211,
        1197212,
        1197213,
        1197214,
        1197215,
        1197216,
        1197217,
        1197218,
        1197219,
        1197220,
        1197221,
        1197222,
        1197223,
        1197224,
        1197225,
        1197226,
        1197227,
        1197228,
        1197229,
        1197230,
        1197231,
        1197232,
        1197233,
        1197234,
        1197235,
        1197236,
        1197237,
        1197238,
        1197239,
        1197240,
        1197241,
        1197242,
        1197243,
        1197244,
        1197245,
        1197246,
        1197247,
        1197248,
        1197249,
        1197250,
        1197251,
        1197252,
        1197253,
        1197254,
        1197255,
        1197256,
        1197257,
        1197258,
        1197259,
        1197260,
        1197261,
        1197262,
        1197263,
        1197264,
        1197265,
        1197266,
        1197267,
        1197268,
        1197269,
        1197270,
        1197271,
        1197272,
        1197273,
        1197274,
        1197275,
        1197276,
        1197277,
        1197278,
        1197279,
        1197280,
        1197281,
        1197282,
        1197283,
        1197284,
        1197285,
        1197286,
        1197287,
        1197288,
        1197289,
        1197290,
        1197291,
        1197292,
        1197293,
        1197294,
        1197295,
        1197296,
        1197297,
        1197298,
        1197299,
        1197300,
        1197301,
        1197302,
        1197303,
        1197304,
        1197305,
        1197306,
        1197307,
        1197308,
        1197309,
        1197310,
        1197311,
        1197312,
        1197313,
        1197314,
        1197315,
        1197316,
        1197317,
        1197318,
        1197319,
        1197320,
        1197321,
        1197322,
        1197323,
        1197324,
        1197325,
        1197326,
        1197327,
        1197328,
        1197329,
        1197330,
        1197331,
        1197332,
        1197333,
        1197334,
        1197335,
        1197336,
        1197337,
        1197338,
        1197339,
        1197340,
        1197341,
        1197342,
        1197343,
        1197344,
        1197345,
        1197346,
        1197347,
        1197348,
        1197349,
        1197350,
        1197351,
        1197352,
        1197353,
        1197354,
        1197355,
        1197356,
        1197357,
        1197358,
        1197359,
        1197360,
        1197361,
        1197362,
        1197363,
        1197364,
        1197365,
        1197366,
        1197367,
        1197368,
        1197369,
        1197370,
        1197371,
        1197372,
        1197373,
        1197374,
        1197375,
        1197376,
        1197377,
        1197378,
        1197379,
        1197380,
        1197381,
        1197382,
        1197383,
        1197384,
        1197385,
        1197386,
        1197387,
        1197388,
        1197389,
        1197390,
        1197391,
        1197392,
        1197393,
        1197394,
        1197395,
        1197396,
        1197397,
        1197398,
        1197399,
        1197400,
        1197401,
        1197402,
        1197403,
        1197404,
        1197405,
        1197406,
        1197407,
        1197408,
        1197409,
        1197410,
        1197411,
        1197412,
        1197413,
        1197414,
        1197415,
        1197416,
        1197417,
        1197418,
        1197419,
        1197420,
        1197421,
        1197422,
        1197423,
        1197424,
        1197425,
        1197426,
        1197427,
        1197428,
        1197429,
        1197430,
        1197431,
        1197432,
        1197433,
        1197434,
        1197435,
        1197436,
        1197437,
        1197438,
        1197439,
        1197440,
        1197441,
        1197442,
        1197443,
        1197444,
        1197445,
        1197446,
        1197447,
        1197448,
        1197449,
        1197450,
        1197451,
        1197452,
        1197453,
        1197454,
        1197455,
        1197456,
        1197457,
        1197458,
        1197459,
        1197460,
        1197461,
        1197462,
        1197463,
        1197464,
        1197465,
        1197466,
        1197467,
        1197468,
        1197469,
        1197470,
        1197471,
        1197472,
        1197473,
        1197474,
        1197475,
        1197476,
        1197477,
        1197478,
        1197479,
        1197480,
        1197481,
        1197482,
        1197483,
        1197484,
        1197485,
        1197486,
        1197487,
        1197488,
        1197489,
        1197490,
        1197491,
        1197492,
        1197493,
        1197494,
        1197495,
        1197496,
        1197497,
        1197498,
        1197499,
        1197500,
        1197501,
        1197502,
        1197503,
        1197504,
        1197505,
        1197506,
        1197507,
        1197508,
        1197509,
        1197510,
        1197511,
        1197512,
        1197513,
        1197514,
        1197515,
        1197516,
        1197517,
        1197518,
        1197519,
        1197520,
        1197521,
        1197522,
        1197523,
        1197524,
        1197525,
        1197526,
        1197527,
        1197528,
        1197529,
        1197530,
        1197531,
        1197532,
        1197533,
        1197534,
        1197535,
        1197536,
        1197537,
        1197538,
        1197539,
        1197540,
        1197541,
        1197542,
        1197543,
        1197544,
        1197545,
        1197546,
        1197547,
        1197548,
        1197549,
        1197550,
        1197551,
        1197552,
        1197553,
        1197554,
        1197555,
        1197556,
        1197557,
        1197558,
        1197559,
        1197560,
        1197561,
        1197562,
        1197563,
        1197564,
        1197565,
        1197566,
        1197567,
        1197568,
        1197569,
        1197570,
        1197571,
        1197572,
        1197573,
        1197574,
        1197575,
        1197576,
        1197577,
        1197578,
        1197579,
        1197580,
        1197581,
        1197582,
        1197583,
        1197584,
        1197585,
        1197586,
        1197587,
        1197588,
        1197589,
        1197590,
        1197591,
        1197592,
        1197593,
        1197594,
        1197595,
        1197596,
        1197597,
        1197598,
        1197599,
        1197600,
        1197601,
        1197602,
        1197603,
        1197604,
        1197605,
        1197606,
        1197607,
        1197608,
        1197609,
        1197610,
        1197611,
        1197612,
        1197613,
        1197614,
        1197615,
        1197616,
        1197617,
        1197618,
        1197619,
        1197620,
        1197621,
        1197622,
        1197623,
        1197624,
        1197625,
        1197626,
        1197627,
        1197628,
        1197629,
        1197630,
        1197631,
        1197632,
        1197633,
        1197634,
        1197635,
        1197636,
        1197637,
        1197638,
        1197639,
        1197640,
        1197641,
        1197642,
        1197643,
        1197644,
        1197645,
        1197646,
        1197647,
        1197648,
        1197649,
        1197650,
        1197651,
        1197652,
        1197653,
        1197654,
        1197655,
        1197656,
        1197657,
        1197658,
        1197659,
        1197660,
        1197661,
        1197662,
        1197663,
        1197664,
        1197665,
        1197666,
        1197667,
        1197668,
        1197669,
        1197670,
        1197671,
        1197672,
        1197673,
        1197674,
        1197675,
        1197676,
        1197677,
        1197678,
        1197679,
        1197680,
        1197681,
        1197682,
        1197683,
        1197684,
        1197685,
        1197686,
        1197687,
        1197688,
        1197689,
        1197690,
        1197691,
        1197692,
        1197693,
        1197694,
        1197695,
        1197696,
        1197697,
        1197698,
        1197699,
        1197700,
        1197701,
        1197702,
        1197703,
        1197704,
        1197705,
        1197706,
        1197707,
        1197708,
        1197709,
        1197710,
        1197711,
        1197712,
        1197713,
        1197714,
        1197715,
        1197716,
        1197717,
        1197718,
        1197719,
        1197720,
        1197721,
        1197722,
        1197723,
        1197724,
        1197725,
        1197726,
        1197727,
        1197728,
        1197729,
        1197730,
        1197731,
        1197732,
        1197733,
        1197734,
        1197735,
        1197736,
        1197737,
        1197738,
        1197739,
        1197740,
        1197741,
        1197742,
        1197743,
        1197744,
        1197745,
        1197746,
        1197747,
        1197748,
        1197749,
        1197750,
        1197751,
        1197752,
        1197753,
        1197754,
        1197755,
        1197756,
        1197757,
        1197758,
        1197759,
        1197760,
        1197761,
        1197762,
        1197763,
        1197764,
        1197765,
        1197766,
        1197767,
        1197768,
        1197769,
        1197770,
        1197771,
        1197772,
        1197773,
        1197774,
        1197775,
        1197776,
        1197777,
        1197778,
        1197779,
        1197780,
        1197781,
        1197782,
        1197783,
        1197784,
        1197785,
        1197786,
        1197787,
        1197788,
        1197789,
        1197790,
        1197791,
        1197792,
        1197793,
        1197794,
        1197795,
        1197796,
        1197797,
        1197798,
        1197799,
        1197800,
        1197801,
        1197802,
        1197803,
        1197804,
        1197805,
        1197806,
        1197807,
        1197808,
        1197809,
        1197810,
        1197811,
        1197812,
        1197813,
        1197814,
        1197815,
        1197816,
        1197817,
        1197818,
        1197819,
        1197820,
        1197821,
        1197822,
        1197823,
        1197824,
        1197825,
        1197826,
        1197827,
        1197828,
        1197829,
        1197830,
        1197831,
        1197832,
        1197833,
        1197834,
        1197835,
        1197836,
        1197837,
        1197838,
        1197839,
        1197840,
        1197841,
        1197842,
        1197843,
        1197844,
        1197845,
        1197846,
        1197847,
        1197848,
        1197849,
        1197850,
        1197851,
        1197852,
        1197853,
        1197854,
        1197855,
        1197856,
        1197857,
        1197858,
        1197859,
        1197860,
        1197861,
        1197862,
        1197863,
        1197864,
        1197865,
        1197866,
        1197867,
        1197868,
        1197869,
        1197870,
        1197871,
        1197872,
        1197873,
        1197874,
        1197875,
        1197876,
        1197877,
        1197878,
        1197879,
        1197880,
        1197881,
        1197882,
        1197883,
        1197884,
        1197885,
        1197886,
        1197887,
        1197888,
        1197889,
        1197890,
        1197891,
        1197892,
        1197893,
        1197894,
        1197895,
        1197896,
        1197897,
        1197898,
        1197899,
        1197900,
        1197901,
        1197902,
        1197903,
        1197904,
        1197905,
        1197906,
        1197907,
        1197908,
        1197909,
        1197910,
        1197911,
        1197912,
        1197913,
        1197914,
        1197915,
        1197916,
        1197917,
        1197918,
        1197919,
        1197920,
        1197921,
        1197922,
        1197923,
        1197924,
        1197925,
        1197926,
        1197927,
        1197928,
        1197929,
        1197930,
        1197931,
        1197932,
        1197933,
        1197934,
        1197935,
        1197936,
        1197937,
        1197938,
        1197939,
        1197940,
        1197941,
        1197942,
        1197943,
        1197944,
        1197945,
        1197946,
        1197947,
        1197948,
        1197949,
        1197950,
        1197951,
        1197952,
        1197953,
        1197954,
        1197955,
        1197956,
        1197957,
        1197958,
        1197959,
        1197960,
        1197961,
        1197962,
        1197963,
        1197964,
        1197965,
        1197966,
        1197967,
        1197968,
        1197969,
        1197970,
        1197971,
        1197972,
        1197973,
        1197974,
        1197975,
        1197976,
        1197977,
        1197978,
        1197979,
        1197980,
        1197981,
        1197982,
        1197983,
        1197984,
        1197985,
        1197986,
        1197987,
        1197988,
        1197989,
        1197990,
        1197991,
        1197992,
        1197993,
        1197994,
        1197995,
        1197996,
        1197997,
        1197998,
        1197999,
        1198000,
        1198001,
        1198002,
        1198003,
        1198004,
        1198005,
        1198006,
        1198007,
        1198008,
        1198009,
        1198010,
        1198011,
        1198012,
        1198013,
        1198014,
        1198015,
        1198016,
        1198017,
        1198018,
        1198019,
        1198020,
        1198021,
        1198022,
        1198023,
        1198024,
        1198025,
        1198026,
        1198027,
        1198028,
        1198029,
        1198030,
        1198031,
        1198032,
        1198033,
        1198034,
        1198035,
        1198036,
        1198037,
        1198038,
        1198039,
        1198040,
        1198041,
        1198042,
        1198043,
        1198044,
        1198045,
        1198046,
        1198047,
        1198048,
        1198049,
        1198050,
        1198051,
        1198052,
        1198053,
        1198054,
        1198055,
        1198056,
        1198057,
        1198058,
        1198059,
        1198060,
        1198061,
        1198062,
        1198063,
        1198064,
        1198065,
        1198066,
        1198067,
        1198068,
        1198069,
        1198070,
        1198071,
        1198072,
        1198073,
        1198074,
        1198075,
        1198076,
        1198077,
        1198078,
        1198079,
        1198080,
        1198081,
        1198082,
        1198083,
        1198084,
        1198085,
        1198086,
        1198087,
        1198088,
        1198089,
        1198090,
        1198091,
        1198092,
        1198093,
        1198094,
        1198095,
        1198096,
        1198097,
        1198098,
        1198099,
        1198100,
        1198101,
        1198102,
        1198103,
        1198104,
        1198105,
        1198106,
        1198107,
        1198108,
        1198109,
        1198110,
        1198111,
        1198112,
        1198113,
        1198114,
        1198115,
        1198116,
        1198117,
        1198118,
        1198119,
        1198120,
        1198121,
        1198122,
        1198123,
        1198124,
        1198125,
        1198126,
        1198127,
        1198128,
        1198129,
        1198130,
        1198131,
        1198132,
        1198133,
        1198134,
        1198135,
        1198136,
        1198137,
        1198138,
        1198139,
        1198140,
        1198141,
        1198142,
        1198143,
        1198144,
        1198145,
        1198146,
        1198147,
        1198148,
        1198149,
        1198150,
        1198151,
        1198152,
        1198153,
        1198154,
        1198155,
        1198156,
        1198157,
        1198158,
        1198159,
        1198160,
        1198161,
        1198162,
        1198163,
        1198164,
        1198165,
        1198166,
        1198167,
        1198168,
        1198169,
        1198170,
        1198171,
        1198172,
        1198173,
        1198174,
        1198175,
        1198176,
        1198177,
        1198178,
        1198179,
        1198180,
        1198181,
        1198182,
        1198183,
        1198184,
        1198185,
        1198186,
        1198187,
        1198188,
        1198189,
        1198190,
        1198191,
        1198192,
        1198193,
        1198194,
        1198195,
        1198196,
        1198197,
        1198198,
        1198199,
        1198200,
        1198201,
        1198202,
        1198203,
        1198204,
        1198205,
        1198206,
        1198207,
        1198208,
        1198209,
        1198210,
        1198211,
        1198212,
        1198213,
        1198214,
        1198215,
        1198216,
        1198217,
        1198218,
        1198219,
        1198220,
        1198221,
        1198222,
        1198223,
        1198224,
        1198225,
        1198226,
        1198227,
        1198228,
        1198229,
        1198230,
        1198231,
        1198232,
        1198233,
        1198234,
        1198235,
        1198236,
        1198237,
        1198238,
        1198239,
        1198240,
        1198241,
        1198242,
        1198243,
        1198244,
        1198245,
        1198246,
        1198247,
        1198248,
        1198249,
        1198250,
        1198251,
        1198252,
        1198253,
        1198254,
        1198255,
        1198256,
        1198257,
        1198258,
        1198259,
        1198260,
        1198261,
        1198262,
        1198263,
        1198264,
        1198265,
        1198266,
        1198267,
        1198268,
        1198269,
        1198270,
        1198271,
        1198272,
        1198273,
        1198274,
        1198275,
        1198276,
        1198277,
        1198278,
        1198279,
        1198280,
        1198281,
        1198282,
        1198283,
        1198284,
        1198285,
        1198286,
        1198287,
        1198288,
        1198289,
        1198290,
        1198291,
        1198292,
        1198293,
        1198294,
        1198295,
        1198296,
        1198297,
        1198298,
        1198299,
        1198300,
        1198301,
        1198302,
        1198303,
        1198304,
        1198305,
        1198306,
        1198307,
        1198308,
        1198309,
        1198310,
        1198311,
        1198312,
        1198313,
        1198314,
        1198315,
        1198316,
        1198317,
        1198318,
        1198319,
        1198320,
        1198321,
        1198322,
        1198323,
        1198324,
        1198325,
        1198326,
        1198327,
        1198328,
        1198329,
        1198330,
        1198331,
        1198332,
        1198333,
        1198334,
        1198335,
        1198336,
        1198337,
        1198338,
        1198339,
        1198340,
        1198341,
        1198342,
        1198343,
        1198344,
        1198345,
        1198346,
        1198347,
        1198348,
        1198349,
        1198350,
        1198351,
        1198352,
        1198353,
        1198354,
        1198355,
        1198356,
        1198357,
        1198358,
        1198359,
        1198360,
        1198361,
        1198362,
        1198363,
        1198364,
        1198365,
        1198366,
        1198367,
        1198368,
        1198369,
        1198370,
        1198371,
        1198372,
        1198373,
        1198374,
        1198375,
        1198376,
        1198377,
        1198378,
        1198379,
        1198380,
        1198381,
        1198382,
        1198383,
        1198384,
        1198385,
        1198386,
        1198387,
        1198388,
        1198389,
        1198390,
        1198391,
        1198392,
        1198393,
        1198394,
        1198395,
        1198396,
        1198397,
        1198398,
        1198399,
        1198400,
        1198401,
        1198402,
        1198403,
        1198404,
        1198405,
        1198406,
        1198407,
        1198408,
        1198409,
        1198410,
        1198411,
        1198412,
        1198413,
        1198414,
        1198415,
        1198416,
        1198417,
        1198418,
        1198419,
        1198420,
        1198421,
        1198422,
        1198423,
        1198424,
        1198425,
        1198426,
        1198427,
        1198428,
        1198429,
        1198430,
        1198431,
        1198432,
        1198433,
        1198434,
        1198435,
        1198436,
        1198437,
        1198438,
        1198439,
        1198440,
        1198441,
        1198442,
        1198443,
        1198444,
        1198445,
        1198446,
        1198447,
        1198448,
        1198449,
        1198450,
        1198451,
        1198452,
        1198453,
        1198454,
        1198455,
        1198456,
        1198457,
        1198458,
        1198459,
        1198460,
        1198461,
        1198462,
        1198463,
        1198464,
        1198465,
        1198466,
        1198467,
        1198468,
        1198469,
        1198470,
        1198471,
        1198472,
        1198473,
        1198474,
        1198475,
        1198476,
        1198477,
        1198478,
        1198479,
        1198480,
        1198481,
        1198482,
        1198483,
        1198484,
        1198485,
        1198486,
        1198487,
        1198488,
        1198489,
        1198490,
        1198491,
        1198492,
        1198493,
        1198494,
        1198495,
        1198496,
        1198497,
        1198498,
        1198499,
        1198500,
        1198501,
        1198502,
        1198503,
        1198504,
        1198505,
        1198506,
        1198507,
        1198508,
        1198509,
        1198510,
        1198511,
        1198512,
        1198513,
        1198514,
        1198515,
        1198516,
        1198517,
        1198518,
        1198519,
        1198520,
        1198521,
        1198522,
        1198523,
        1198524,
        1198525,
        1198526,
        1198527,
        1198528,
        1198529,
        1198530,
        1198531,
        1198532,
        1198533,
        1198534,
        1198535,
        1198536,
        1198537,
        1198538,
        1198539,
        1198540,
        1198541,
        1198542,
        1198543,
        1198544,
        1198545,
        1198546,
        1198547,
        1198548,
        1198549,
        1198550,
        1198551,
        1198552,
        1198553,
        1198554,
        1198555,
        1198556,
        1198557,
        1198558,
        1198559,
        1198560,
        1198561,
        1198562,
        1198563,
        1198564,
        1198565,
        1198566,
        1198567,
        1198568,
        1198569,
        1198570,
        1198571,
        1198572,
        1198573,
        1198574,
        1198575,
        1198576,
        1198577,
        1198578,
        1198579,
        1198580,
        1198581,
        1198582,
        1198583,
        1198584,
        1198585,
        1198586,
        1198587,
        1198588,
        1198589,
        1198590,
        1198591,
        1198592,
        1198593,
        1198594,
        1198595,
        1198596,
        1198597,
        1198598,
        1198599,
        1198600,
        1198601,
        1198602,
        1198603,
        1198604,
        1198605,
        1198606,
        1198607,
        1198608,
        1198609,
        1198610,
        1198611,
        1198612,
        1198613,
        1198614,
        1198615,
        1198616,
        1198617,
        1198618,
        1198619,
        1198620,
        1198621,
        1198622,
        1198623,
        1198624,
        1198625,
        1198626,
        1198627,
        1198628,
        1198629,
        1198630,
        1198631,
        1198632,
        1198633,
        1198634,
        1198635,
        1198636,
        1198637,
        1198638,
        1198639,
        1198640,
        1198641,
        1198642,
        1198643,
        1198644,
        1198645,
        1198646,
        1198647,
        1198648,
        1198649,
        1198650,
        1198651,
        1198652,
        1198653,
        1198654,
        1198655,
        1198656,
        1198657,
        1198658,
        1198659,
        1198660,
        1198661,
        1198662,
        1198663,
        1198664,
        1198665,
        1198666,
        1198667,
        1198668,
        1198669,
        1198670,
        1198671,
        1198672,
        1198673,
        1198674,
        1198675,
        1198676,
        1198677,
        1198678,
        1198679,
        1198680,
        1198681,
        1198682,
        1198683,
        1198684,
        1198685,
        1198686,
        1198687,
        1198688,
        1198689,
        1198690,
        1198691,
        1198692,
        1198693,
        1198694,
        1198695,
        1198696,
        1198697,
        1198698,
        1198699,
        1198700,
        1198701,
        1198702,
        1198703,
        1198704,
        1198705,
        1198706,
        1198707,
        1198708,
        1198709,
        1198710,
        1198711,
        1198712,
        1198713,
        1198714,
        1198715,
        1198716,
        1198717,
        1198718,
        1198719,
        1198720,
        1198721,
        1198722,
        1198723,
        1198724,
        1198725,
        1198726,
        1198727,
        1198728,
        1198729,
        1198730,
        1198731,
        1198732,
        1198733,
        1198734,
        1198735,
        1198736,
        1198737,
        1198738,
        1198739,
        1198740,
        1198741,
        1198742,
        1198743,
        1198744,
        1198745,
        1198746,
        1198747,
        1198748,
        1198749,
        1198750,
        1198751,
        1198752,
        1198753,
        1198754,
        1198755,
        1198756,
        1198757,
        1198758,
        1198759,
        1198760,
        1198761,
        1198762,
        1198763,
        1198764,
        1198765,
        1198766,
        1198767,
        1198768,
        1198769,
        1198770,
        1198771,
        1198772,
        1198773,
        1198774,
        1198775,
        1198776,
        1198777,
        1198778,
        1198779,
        1198780,
        1198781,
        1198782,
        1198783,
        1198784,
        1198785,
        1198786,
        1198787,
        1198788,
        1198789,
        1198790,
        1198791,
        1198792,
        1198793,
        1198794,
        1198795,
        1198796,
        1198797,
        1198798,
        1198799,
        1198800,
        1198801,
        1198802,
        1198803,
        1198804,
        1198805,
        1198806,
        1198807,
        1198808,
        1198809,
        1198810,
        1198811,
        1198812,
        1198813,
        1198814,
        1198815,
        1198816,
        1198817,
        1198818,
        1198819,
        1198820,
        1198821,
        1198822,
        1198823,
        1198824,
        1198825,
        1198826,
        1198827,
        1198828,
        1198829,
        1198830,
        1198831,
        1198832,
        1198833,
        1198834,
        1198835,
        1198836,
        1198837,
        1198838,
        1198839,
        1198840,
        1198841,
        1198842,
        1198843,
        1198844,
        1198845,
        1198846,
        1198847,
        1198848,
        1198849,
        1198850,
        1198851,
        1198852,
        1198853,
        1198854,
        1198855,
        1198856,
        1198857,
        1198858,
        1198859,
        1198860,
        1198861,
        1198862,
        1198863,
        1198864,
        1198865,
        1198866,
        1198867,
        1198868,
        1198869,
        1198870,
        1198871,
        1198872,
        1198873,
        1198874,
        1198875,
        1198876,
        1198877,
        1198878,
        1198879,
        1198880,
        1198881,
        1198882,
        1198883,
        1198884,
        1198885,
        1198886,
        1198887,
        1198888,
        1198889,
        1198890,
        1198891,
        1198892,
        1198893,
        1198894,
        1198895,
        1198896,
        1198897,
        1198898,
        1198899,
        1198900,
        1198901,
        1198902,
        1198903,
        1198904,
        1198905,
        1198906,
        1198907,
        1198908,
        1198909,
        1198910,
        1198911,
        1198912,
        1198913,
        1198914,
        1198915,
        1198916,
        1198917,
        1198918,
        1198919,
        1198920,
        1198921,
        1198922,
        1198923,
        1198924,
        1198925,
        1198926,
        1198927,
        1198928,
        1198929,
        1198930,
        1198931,
        1198932,
        1198933,
        1198934,
        1198935,
        1198936,
        1198937,
        1198938,
        1198939,
        1198940,
        1198941,
        1198942,
        1198943,
        1198944,
        1198945,
        1198946,
        1198947,
        1198948,
        1198949,
        1198950,
        1198951,
        1198952,
        1198953,
        1198954,
        1198955,
        1198956,
        1198957,
        1198958,
        1198959,
        1198960,
        1198961,
        1198962,
        1198963,
        1198964,
        1198965,
        1198966,
        1198967,
        1198968,
        1198969,
        1198970,
        1198971,
        1198972,
        1198973,
        1198974,
        1198975,
        1198976,
        1198977,
        1198978,
        1198979,
        1198980,
        1198981,
        1198982,
        1198983,
        1198984,
        1198985,
        1198986,
        1198987,
        1198988,
        1198989,
        1198990,
        1198991,
        1198992,
        1198993,
        1198994,
        1198995,
        1198996,
        1198997,
        1198998,
        1198999,
        1199000,
        1199001,
        1199002,
        1199003,
        1199004,
        1199005,
        1199006,
        1199007,
        1199008,
        1199009,
        1199010,
        1199011,
        1199012,
        1199013,
        1199014,
        1199015,
        1199016,
        1199017,
        1199018,
        1199019,
        1199020,
        1199021,
        1199022,
        1199023,
        1199024,
        1199025,
        1199026,
        1199027,
        1199028,
        1199029,
        1199030,
        1199031,
        1199032,
        1199033,
        1199034,
        1199035,
        1199036,
        1199037,
        1199038,
        1199039,
        1199040,
        1199041,
        1199042,
        1199043,
        1199044,
        1199045,
        1199046,
        1199047,
        1199048,
        1199049,
        1199050,
        1199051,
        1199052,
        1199053,
        1199054,
        1199055,
        1199056,
        1199057,
        1199058,
        1199059,
        1199060,
        1199061,
        1199062,
        1199063,
        1199064,
        1199065,
        1199066,
        1199067,
        1199068,
        1199069,
        1199070,
        1199071,
        1199072,
        1199073,
        1199074,
        1199075,
        1199076,
        1199077,
        1199078,
        1199079,
        1199080,
        1199081,
        1199082,
        1199083,
        1199084,
        1199085,
        1199086,
        1199087,
        1199088,
        1199089,
        1199090,
        1199091,
        1199092,
        1199093,
        1199094,
        1199095,
        1199096,
        1199097,
        1199098,
        1199099,
        1199100,
        1199101,
        1199102,
        1199103,
        1199104,
        1199105,
        1199106,
        1199107,
        1199108,
        1199109,
        1199110,
        1199111,
        1199112,
        1199113,
        1199114,
        1199115,
        1199116,
        1199117,
        1199118,
        1199119,
        1199120,
        1199121,
        1199122,
        1199123,
        1199124,
        1199125,
        1199126,
        1199127,
        1199128,
        1199129,
        1199130,
        1199131,
        1199132,
        1199133,
        1199134,
        1199135,
        1199136,
        1199137,
        1199138,
        1199139,
        1199140,
        1199141,
        1199142,
        1199143,
        1199144,
        1199145,
        1199146,
        1199147,
        1199148,
        1199149,
        1199150,
        1199151,
        1199152,
        1199153,
        1199154,
        1199155,
        1199156,
        1199157,
        1199158,
        1199159,
        1199160,
        1199161,
        1199162,
        1199163,
        1199164,
        1199165,
        1199166,
        1199167,
        1199168,
        1199169,
        1199170,
        1199171,
        1199172,
        1199173,
        1199174,
        1199175,
        1199176,
        1199177,
        1199178,
        1199179,
        1199180,
        1199181,
        1199182,
        1199183,
        1199184,
        1199185,
        1199186,
        1199187,
        1199188,
        1199189,
        1199190,
        1199191,
        1199192,
        1199193,
        1199194,
        1199195,
        1199196,
        1199197,
        1199198,
        1199199,
        1199200,
        1199201,
        1199202,
        1199203,
        1199204,
        1199205,
        1199206,
        1199207,
        1199208,
        1199209,
        1199210,
        1199211,
        1199212,
        1199213,
        1199214,
        1199215,
        1199216,
        1199217,
        1199218,
        1199219,
        1199220,
        1199221,
        1199222,
        1199223,
        1199224,
        1199225,
        1199226,
        1199227,
        1199228,
        1199229,
        1199230,
        1199231,
        1199232,
        1199233,
        1199234,
        1199235,
        1199236,
        1199237,
        1199238,
        1199239,
        1199240,
        1199241,
        1199242,
        1199243,
        1199244,
        1199245,
        1199246,
        1199247,
        1199248,
        1199249,
        1199250,
        1199251,
        1199252,
        1199253,
        1199254,
        1199255,
        1199256,
        1199257,
        1199258,
        1199259,
        1199260,
        1199261,
        1199262,
        1199263,
        1199264,
        1199265,
        1199266,
        1199267,
        1199268,
        1199269,
        1199270,
        1199271,
        1199272,
        1199273,
        1199274,
        1199275,
        1199276,
        1199277,
        1199278,
        1199279,
        1199280,
        1199281,
        1199282,
        1199283,
        1199284,
        1199285,
        1199286,
        1199287,
        1199288,
        1199289,
        1199290,
        1199291,
        1199292,
        1199293,
        1199294,
        1199295,
        1199296,
        1199297,
        1199298,
        1199299,
        1199300,
        1199301,
        1199302,
        1199303,
        1199304,
        1199305,
        1199306,
        1199307,
        1199308,
        1199309,
        1199310,
        1199311,
        1199312,
        1199313,
        1199314,
        1199315,
        1199316,
        1199317,
        1199318,
        1199319,
        1199320,
        1199321,
        1199322,
        1199323,
        1199324,
        1199325,
        1199326,
        1199327,
        1199328,
        1199329,
        1199330,
        1199331,
        1199332,
        1199333,
        1199334,
        1199335,
        1199336,
        1199337,
        1199338,
        1199339,
        1199340,
        1199341,
        1199342,
        1199343,
        1199344,
        1199345,
        1199346,
        1199347,
        1199348,
        1199349,
        1199350,
        1199351,
        1199352,
        1199353,
        1199354,
        1199355,
        1199356,
        1199357,
        1199358,
        1199359,
        1199360,
        1199361,
        1199362,
        1199363,
        1199364,
        1199365,
        1199366,
        1199367,
        1199368,
        1199369,
        1199370,
        1199371,
        1199372,
        1199373,
        1199374,
        1199375,
        1199376,
        1199377,
        1199378,
        1199379,
        1199380,
        1199381,
        1199382,
        1199383,
        1199384,
        1199385,
        1199386,
        1199387,
        1199388,
        1199389,
        1199390,
        1199391,
        1199392,
        1199393,
        1199394,
        1199395,
        1199396,
        1199397,
        1199398,
        1199399,
        1199400,
        1199401,
        1199402,
        1199403,
        1199404,
        1199405,
        1199406,
        1199407,
        1199408,
        1199409,
        1199410,
        1199411,
        1199412,
        1199413,
        1199414,
        1199415,
        1199416,
        1199417,
        1199418,
        1199419,
        1199420,
        1199421,
        1199422,
        1199423,
        1199424,
        1199425,
        1199426,
        1199427,
        1199428,
        1199429,
        1199430,
        1199431,
        1199432,
        1199433,
        1199434,
        1199435,
        1199436,
        1199437,
        1199438,
        1199439,
        1199440,
        1199441,
        1199442,
        1199443,
        1199444,
        1199445,
        1199446,
        1199447,
        1199448,
        1199449,
        1199450,
        1199451,
        1199452,
        1199453,
        1199454,
        1199455,
        1199456,
        1199457,
        1199458,
        1199459,
        1199460,
        1199461,
        1199462,
        1199463,
        1199464,
        1199465,
        1199466,
        1199467,
        1199468,
        1199469,
        1199470,
        1199471,
        1199472,
        1199473,
        1199474,
        1199475,
        1199476,
        1199477,
        1199478,
        1199479,
        1199480,
        1199481,
        1199482,
        1199483,
        1199484,
        1199485,
        1199486,
        1199487,
        1199488,
        1199489,
        1199490,
        1199491,
        1199492,
        1199493,
        1199494,
        1199495,
        1199496,
        1199497,
        1199498,
        1199499,
        1199500,
        1199501,
        1199502,
        1199503,
        1199504,
        1199505,
        1199506,
        1199507,
        1199508,
        1199509,
        1199510,
        1199511,
        1199512,
        1199513,
        1199514,
        1199515,
        1199516,
        1199517,
        1199518,
        1199519,
        1199520,
        1199521,
        1199522,
        1199523,
        1199524,
        1199525,
        1199526,
        1199527,
        1199528,
        1199529,
        1199530,
        1199531,
        1199532,
        1199533,
        1199534,
        1199535,
        1199536,
        1199537,
        1199538,
        1199539,
        1199540,
        1199541,
        1199542,
        1199543,
        1199544,
        1199545,
        1199546,
        1199547,
        1199548,
        1199549,
        1199550,
        1199551,
        1199552,
        1199553,
        1199554,
        1199555,
        1199556,
        1199557,
        1199558,
        1199559,
        1199560,
        1199561,
        1199562,
        1199563,
        1199564,
        1199565,
        1199566,
        1199567,
        1199568,
        1199569,
        1199570,
        1199571,
        1199572,
        1199573,
        1199574,
        1199575,
        1199576,
        1199577,
        1199578,
        1199579,
        1199580,
        1199581,
        1199582,
        1199583,
        1199584,
        1199585,
        1199586,
        1199587,
        1199588,
        1199589,
        1199590,
        1199591,
        1199592,
        1199593,
        1199594,
        1199595,
        1199596,
        1199597,
        1199598,
        1199599,
        1199600,
        1199601,
        1199602,
        1199603,
        1199604,
        1199605,
        1199606,
        1199607,
        1199608,
        1199609,
        1199610,
        1199611,
        1199612,
        1199613,
        1199614,
        1199615,
        1199616,
        1199617,
        1199618,
        1199619,
        1199620,
        1199621,
        1199622,
        1199623,
        1199624,
        1199625,
        1199626,
        1199627,
        1199628,
        1199629,
        1199630,
        1199631,
        1199632,
        1199633,
        1199634,
        1199635,
        1199636,
        1199637,
        1199638,
        1199639,
        1199640,
        1199641,
        1199642,
        1199643,
        1199644,
        1199645,
        1199646,
        1199647,
        1199648,
        1199649,
        1199650,
        1199651,
        1199652,
        1199653,
        1199654,
        1199655,
        1199656,
        1199657,
        1199658,
        1199659,
        1199660,
        1199661,
        1199662,
        1199663,
        1199664,
        1199665,
        1199666,
        1199667,
        1199668,
        1199669,
        1199670,
        1199671,
        1199672,
        1199673,
        1199674,
        1199675,
        1199676,
        1199677,
        1199678,
        1199679,
        1199680,
        1199681,
        1199682,
        1199683,
        1199684,
        1199685,
        1199686,
        1199687,
        1199688,
        1199689,
        1199690,
        1199691,
        1199692,
        1199693,
        1199694,
        1199695,
        1199696,
        1199697,
        1199698,
        1199699,
        1199700,
        1199701,
        1199702,
        1199703,
        1199704,
        1199705,
        1199706,
        1199707,
        1199708,
        1199709,
        1199710,
        1199711,
        1199712,
        1199713,
        1199714,
        1199715,
        1199716,
        1199717,
        1199718,
        1199719,
        1199720,
        1199721,
        1199722,
        1199723,
        1199724,
        1199725,
        1199726,
        1199727,
        1199728,
        1199729,
        1199730,
        1199731,
        1199732,
        1199733,
        1199734,
        1199735,
        1199736,
        1199737,
        1199738,
        1199739,
        1199740,
        1199741,
        1199742,
        1199743,
        1199744,
        1199745,
        1199746,
        1199747,
        1199748,
        1199749,
        1199750,
        1199751,
        1199752,
        1199753,
        1199754,
        1199755,
        1199756,
        1199757,
        1199758,
        1199759,
        1199760,
        1199761,
        1199762,
        1199763,
        1199764,
        1199765,
        1199766,
        1199767,
        1199768,
        1199769,
        1199770,
        1199771,
        1199772,
        1199773,
        1199774,
        1199775,
        1199776,
        1199777,
        1199778,
        1199779,
        1199780,
        1199781,
        1199782,
        1199783,
        1199784,
        1199785,
        1199786,
        1199787,
        1199788,
        1199789,
        1199790,
        1199791,
        1199792,
        1199793,
        1199794,
        1199795,
        1199796,
        1199797,
        1199798,
        1199799,
        1199800,
        1199801,
        1199802,
        1199803,
        1199804,
        1199805,
        1199806,
        1199807,
        1199808,
        1199809,
        1199810,
        1199811,
        1199812,
        1199813,
        1199814,
        1199815,
        1199816,
        1199817,
        1199818,
        1199819,
        1199820,
        1199821,
        1199822,
        1199823,
        1199824,
        1199825,
        1199826,
        1199827,
        1199828,
        1199829,
        1199830,
        1199831,
        1199832,
        1199833,
        1199834,
        1199835,
        1199836,
        1199837,
        1199838,
        1199839,
        1199840,
        1199841,
        1199842,
        1199843,
        1199844,
        1199845,
        1199846,
        1199847,
        1199848,
        1199849,
        1199850,
        1199851,
        1199852,
        1199853,
        1199854,
        1199855,
        1199856,
        1199857,
        1199858,
        1199859,
        1199860,
        1199861,
        1199862,
        1199863,
        1199864,
        1199865,
        1199866,
        1199867,
        1199868,
        1199869,
        1199870,
        1199871,
        1199872,
        1199873,
        1199874,
        1199875,
        1199876,
        1199877,
        1199878,
        1199879,
        1199880,
        1199881,
        1199882,
        1199883,
        1199884,
        1199885,
        1199886,
        1199887,
        1199888,
        1199889,
        1199890,
        1199891,
        1199892,
        1199893,
        1199894,
        1199895,
        1199896,
        1199897,
        1199898,
        1199899,
        1199900,
        1199901,
        1199902,
        1199903,
        1199904,
        1199905,
        1199906,
        1199907,
        1199908,
        1199909,
        1199910,
        1199911,
        1199912,
        1199913,
        1199914,
        1199915,
        1199916,
        1199917,
        1199918,
        1199919,
        1199920,
        1199921,
        1199922,
        1199923,
        1199924,
        1199925,
        1199926,
        1199927,
        1199928,
        1199929,
        1199930,
        1199931,
        1199932,
        1199933,
        1199934,
        1199935,
        1199936,
        1199937,
        1199938,
        1199939,
        1199940,
        1199941,
        1199942,
        1199943,
        1199944,
        1199945,
        1199946,
        1199947,
        1199948,
        1199949,
        1199950,
        1199951,
        1199952,
        1199953,
        1199954,
        1199955,
        1199956,
        1199957,
        1199958,
        1199959,
        1199960,
        1199961,
        1199962,
        1199963,
        1199964,
        1199965,
        1199966,
        1199967,
        1199968,
        1199969,
        1199970,
        1199971,
        1199972,
        1199973,
        1199974,
        1199975,
        1199976,
        1199977,
        1199978,
        1199979,
        1199980,
        1199981,
        1199982,
        1199983,
        1199984,
        1199985,
        1199986,
        1199987,
        1199988,
        1199989,
        1199990,
        1199991,
        1199992,
        1199993,
        1199994,
        1199995,
        1199996,
        1199997,
        1199998,
        1199999,
    ],
    pipeline=[
        dict(type='LoadImageFromNDArray'),
        dict(scale=(
            256,
            64,
        ), type='Resize'),
        dict(type='LoadOCRAnnotations', with_text=True),
        dict(
            meta_keys=(
                'img_path',
                'ori_shape',
                'img_shape',
                'valid_ratio',
            ),
            type='PackTextRecogInputs'),
    ],
    test_mode=True,
    type='RecogLMDBDataset')
pretrain_total = 1200000
pretrain_train = dict(
    ann_file='pretrain_cn_scene',
    data_root='data',
    indices=1195000,
    pipeline=[
        dict(ignore_empty=True, min_size=5, type='LoadImageFromNDArray'),
        dict(type='LoadOCRAnnotations', with_text=True),
        dict(
            prob=0.4,
            transforms=[
                dict(type='TextRecogGeneralAug'),
            ],
            type='RandomApply'),
        dict(
            prob=0.4,
            transforms=[
                dict(type='CropHeight'),
            ],
            type='RandomApply'),
        dict(
            condition='min(results["img_shape"])>10',
            true_transforms=dict(
                prob=0.4,
                transforms=[
                    dict(
                        kernel_size=5,
                        op='GaussianBlur',
                        sigma=1,
                        type='TorchVisionWrapper'),
                ],
                type='RandomApply'),
            type='ConditionApply'),
        dict(
            prob=0.4,
            transforms=[
                dict(
                    brightness=0.5,
                    contrast=0.5,
                    hue=0.1,
                    op='ColorJitter',
                    saturation=0.5,
                    type='TorchVisionWrapper'),
            ],
            type='RandomApply'),
        dict(
            prob=0.4,
            transforms=[
                dict(type='ImageContentJitter'),
            ],
            type='RandomApply'),
        dict(
            prob=0.4,
            transforms=[
                dict(
                    args=[
                        dict(
                            cls='AdditiveGaussianNoise',
                            scale=0.31622776601683794),
                    ],
                    type='ImgAugWrapper'),
            ],
            type='RandomApply'),
        dict(
            prob=0.4,
            transforms=[
                dict(type='ReversePixels'),
            ],
            type='RandomApply'),
        dict(scale=(
            256,
            64,
        ), type='Resize'),
        dict(
            meta_keys=(
                'img_path',
                'ori_shape',
                'img_shape',
                'valid_ratio',
            ),
            type='PackTextRecogInputs'),
    ],
    test_mode=False,
    type='RecogLMDBDataset')
pretrain_train_size = 1195000
pretrain_val = dict(
    ann_file='pretrain_cn_scene',
    data_root='data',
    indices=[
        1195000,
        1195001,
        1195002,
        1195003,
        1195004,
        1195005,
        1195006,
        1195007,
        1195008,
        1195009,
        1195010,
        1195011,
        1195012,
        1195013,
        1195014,
        1195015,
        1195016,
        1195017,
        1195018,
        1195019,
        1195020,
        1195021,
        1195022,
        1195023,
        1195024,
        1195025,
        1195026,
        1195027,
        1195028,
        1195029,
        1195030,
        1195031,
        1195032,
        1195033,
        1195034,
        1195035,
        1195036,
        1195037,
        1195038,
        1195039,
        1195040,
        1195041,
        1195042,
        1195043,
        1195044,
        1195045,
        1195046,
        1195047,
        1195048,
        1195049,
        1195050,
        1195051,
        1195052,
        1195053,
        1195054,
        1195055,
        1195056,
        1195057,
        1195058,
        1195059,
        1195060,
        1195061,
        1195062,
        1195063,
        1195064,
        1195065,
        1195066,
        1195067,
        1195068,
        1195069,
        1195070,
        1195071,
        1195072,
        1195073,
        1195074,
        1195075,
        1195076,
        1195077,
        1195078,
        1195079,
        1195080,
        1195081,
        1195082,
        1195083,
        1195084,
        1195085,
        1195086,
        1195087,
        1195088,
        1195089,
        1195090,
        1195091,
        1195092,
        1195093,
        1195094,
        1195095,
        1195096,
        1195097,
        1195098,
        1195099,
        1195100,
        1195101,
        1195102,
        1195103,
        1195104,
        1195105,
        1195106,
        1195107,
        1195108,
        1195109,
        1195110,
        1195111,
        1195112,
        1195113,
        1195114,
        1195115,
        1195116,
        1195117,
        1195118,
        1195119,
        1195120,
        1195121,
        1195122,
        1195123,
        1195124,
        1195125,
        1195126,
        1195127,
        1195128,
        1195129,
        1195130,
        1195131,
        1195132,
        1195133,
        1195134,
        1195135,
        1195136,
        1195137,
        1195138,
        1195139,
        1195140,
        1195141,
        1195142,
        1195143,
        1195144,
        1195145,
        1195146,
        1195147,
        1195148,
        1195149,
        1195150,
        1195151,
        1195152,
        1195153,
        1195154,
        1195155,
        1195156,
        1195157,
        1195158,
        1195159,
        1195160,
        1195161,
        1195162,
        1195163,
        1195164,
        1195165,
        1195166,
        1195167,
        1195168,
        1195169,
        1195170,
        1195171,
        1195172,
        1195173,
        1195174,
        1195175,
        1195176,
        1195177,
        1195178,
        1195179,
        1195180,
        1195181,
        1195182,
        1195183,
        1195184,
        1195185,
        1195186,
        1195187,
        1195188,
        1195189,
        1195190,
        1195191,
        1195192,
        1195193,
        1195194,
        1195195,
        1195196,
        1195197,
        1195198,
        1195199,
        1195200,
        1195201,
        1195202,
        1195203,
        1195204,
        1195205,
        1195206,
        1195207,
        1195208,
        1195209,
        1195210,
        1195211,
        1195212,
        1195213,
        1195214,
        1195215,
        1195216,
        1195217,
        1195218,
        1195219,
        1195220,
        1195221,
        1195222,
        1195223,
        1195224,
        1195225,
        1195226,
        1195227,
        1195228,
        1195229,
        1195230,
        1195231,
        1195232,
        1195233,
        1195234,
        1195235,
        1195236,
        1195237,
        1195238,
        1195239,
        1195240,
        1195241,
        1195242,
        1195243,
        1195244,
        1195245,
        1195246,
        1195247,
        1195248,
        1195249,
        1195250,
        1195251,
        1195252,
        1195253,
        1195254,
        1195255,
        1195256,
        1195257,
        1195258,
        1195259,
        1195260,
        1195261,
        1195262,
        1195263,
        1195264,
        1195265,
        1195266,
        1195267,
        1195268,
        1195269,
        1195270,
        1195271,
        1195272,
        1195273,
        1195274,
        1195275,
        1195276,
        1195277,
        1195278,
        1195279,
        1195280,
        1195281,
        1195282,
        1195283,
        1195284,
        1195285,
        1195286,
        1195287,
        1195288,
        1195289,
        1195290,
        1195291,
        1195292,
        1195293,
        1195294,
        1195295,
        1195296,
        1195297,
        1195298,
        1195299,
        1195300,
        1195301,
        1195302,
        1195303,
        1195304,
        1195305,
        1195306,
        1195307,
        1195308,
        1195309,
        1195310,
        1195311,
        1195312,
        1195313,
        1195314,
        1195315,
        1195316,
        1195317,
        1195318,
        1195319,
        1195320,
        1195321,
        1195322,
        1195323,
        1195324,
        1195325,
        1195326,
        1195327,
        1195328,
        1195329,
        1195330,
        1195331,
        1195332,
        1195333,
        1195334,
        1195335,
        1195336,
        1195337,
        1195338,
        1195339,
        1195340,
        1195341,
        1195342,
        1195343,
        1195344,
        1195345,
        1195346,
        1195347,
        1195348,
        1195349,
        1195350,
        1195351,
        1195352,
        1195353,
        1195354,
        1195355,
        1195356,
        1195357,
        1195358,
        1195359,
        1195360,
        1195361,
        1195362,
        1195363,
        1195364,
        1195365,
        1195366,
        1195367,
        1195368,
        1195369,
        1195370,
        1195371,
        1195372,
        1195373,
        1195374,
        1195375,
        1195376,
        1195377,
        1195378,
        1195379,
        1195380,
        1195381,
        1195382,
        1195383,
        1195384,
        1195385,
        1195386,
        1195387,
        1195388,
        1195389,
        1195390,
        1195391,
        1195392,
        1195393,
        1195394,
        1195395,
        1195396,
        1195397,
        1195398,
        1195399,
        1195400,
        1195401,
        1195402,
        1195403,
        1195404,
        1195405,
        1195406,
        1195407,
        1195408,
        1195409,
        1195410,
        1195411,
        1195412,
        1195413,
        1195414,
        1195415,
        1195416,
        1195417,
        1195418,
        1195419,
        1195420,
        1195421,
        1195422,
        1195423,
        1195424,
        1195425,
        1195426,
        1195427,
        1195428,
        1195429,
        1195430,
        1195431,
        1195432,
        1195433,
        1195434,
        1195435,
        1195436,
        1195437,
        1195438,
        1195439,
        1195440,
        1195441,
        1195442,
        1195443,
        1195444,
        1195445,
        1195446,
        1195447,
        1195448,
        1195449,
        1195450,
        1195451,
        1195452,
        1195453,
        1195454,
        1195455,
        1195456,
        1195457,
        1195458,
        1195459,
        1195460,
        1195461,
        1195462,
        1195463,
        1195464,
        1195465,
        1195466,
        1195467,
        1195468,
        1195469,
        1195470,
        1195471,
        1195472,
        1195473,
        1195474,
        1195475,
        1195476,
        1195477,
        1195478,
        1195479,
        1195480,
        1195481,
        1195482,
        1195483,
        1195484,
        1195485,
        1195486,
        1195487,
        1195488,
        1195489,
        1195490,
        1195491,
        1195492,
        1195493,
        1195494,
        1195495,
        1195496,
        1195497,
        1195498,
        1195499,
        1195500,
        1195501,
        1195502,
        1195503,
        1195504,
        1195505,
        1195506,
        1195507,
        1195508,
        1195509,
        1195510,
        1195511,
        1195512,
        1195513,
        1195514,
        1195515,
        1195516,
        1195517,
        1195518,
        1195519,
        1195520,
        1195521,
        1195522,
        1195523,
        1195524,
        1195525,
        1195526,
        1195527,
        1195528,
        1195529,
        1195530,
        1195531,
        1195532,
        1195533,
        1195534,
        1195535,
        1195536,
        1195537,
        1195538,
        1195539,
        1195540,
        1195541,
        1195542,
        1195543,
        1195544,
        1195545,
        1195546,
        1195547,
        1195548,
        1195549,
        1195550,
        1195551,
        1195552,
        1195553,
        1195554,
        1195555,
        1195556,
        1195557,
        1195558,
        1195559,
        1195560,
        1195561,
        1195562,
        1195563,
        1195564,
        1195565,
        1195566,
        1195567,
        1195568,
        1195569,
        1195570,
        1195571,
        1195572,
        1195573,
        1195574,
        1195575,
        1195576,
        1195577,
        1195578,
        1195579,
        1195580,
        1195581,
        1195582,
        1195583,
        1195584,
        1195585,
        1195586,
        1195587,
        1195588,
        1195589,
        1195590,
        1195591,
        1195592,
        1195593,
        1195594,
        1195595,
        1195596,
        1195597,
        1195598,
        1195599,
        1195600,
        1195601,
        1195602,
        1195603,
        1195604,
        1195605,
        1195606,
        1195607,
        1195608,
        1195609,
        1195610,
        1195611,
        1195612,
        1195613,
        1195614,
        1195615,
        1195616,
        1195617,
        1195618,
        1195619,
        1195620,
        1195621,
        1195622,
        1195623,
        1195624,
        1195625,
        1195626,
        1195627,
        1195628,
        1195629,
        1195630,
        1195631,
        1195632,
        1195633,
        1195634,
        1195635,
        1195636,
        1195637,
        1195638,
        1195639,
        1195640,
        1195641,
        1195642,
        1195643,
        1195644,
        1195645,
        1195646,
        1195647,
        1195648,
        1195649,
        1195650,
        1195651,
        1195652,
        1195653,
        1195654,
        1195655,
        1195656,
        1195657,
        1195658,
        1195659,
        1195660,
        1195661,
        1195662,
        1195663,
        1195664,
        1195665,
        1195666,
        1195667,
        1195668,
        1195669,
        1195670,
        1195671,
        1195672,
        1195673,
        1195674,
        1195675,
        1195676,
        1195677,
        1195678,
        1195679,
        1195680,
        1195681,
        1195682,
        1195683,
        1195684,
        1195685,
        1195686,
        1195687,
        1195688,
        1195689,
        1195690,
        1195691,
        1195692,
        1195693,
        1195694,
        1195695,
        1195696,
        1195697,
        1195698,
        1195699,
        1195700,
        1195701,
        1195702,
        1195703,
        1195704,
        1195705,
        1195706,
        1195707,
        1195708,
        1195709,
        1195710,
        1195711,
        1195712,
        1195713,
        1195714,
        1195715,
        1195716,
        1195717,
        1195718,
        1195719,
        1195720,
        1195721,
        1195722,
        1195723,
        1195724,
        1195725,
        1195726,
        1195727,
        1195728,
        1195729,
        1195730,
        1195731,
        1195732,
        1195733,
        1195734,
        1195735,
        1195736,
        1195737,
        1195738,
        1195739,
        1195740,
        1195741,
        1195742,
        1195743,
        1195744,
        1195745,
        1195746,
        1195747,
        1195748,
        1195749,
        1195750,
        1195751,
        1195752,
        1195753,
        1195754,
        1195755,
        1195756,
        1195757,
        1195758,
        1195759,
        1195760,
        1195761,
        1195762,
        1195763,
        1195764,
        1195765,
        1195766,
        1195767,
        1195768,
        1195769,
        1195770,
        1195771,
        1195772,
        1195773,
        1195774,
        1195775,
        1195776,
        1195777,
        1195778,
        1195779,
        1195780,
        1195781,
        1195782,
        1195783,
        1195784,
        1195785,
        1195786,
        1195787,
        1195788,
        1195789,
        1195790,
        1195791,
        1195792,
        1195793,
        1195794,
        1195795,
        1195796,
        1195797,
        1195798,
        1195799,
        1195800,
        1195801,
        1195802,
        1195803,
        1195804,
        1195805,
        1195806,
        1195807,
        1195808,
        1195809,
        1195810,
        1195811,
        1195812,
        1195813,
        1195814,
        1195815,
        1195816,
        1195817,
        1195818,
        1195819,
        1195820,
        1195821,
        1195822,
        1195823,
        1195824,
        1195825,
        1195826,
        1195827,
        1195828,
        1195829,
        1195830,
        1195831,
        1195832,
        1195833,
        1195834,
        1195835,
        1195836,
        1195837,
        1195838,
        1195839,
        1195840,
        1195841,
        1195842,
        1195843,
        1195844,
        1195845,
        1195846,
        1195847,
        1195848,
        1195849,
        1195850,
        1195851,
        1195852,
        1195853,
        1195854,
        1195855,
        1195856,
        1195857,
        1195858,
        1195859,
        1195860,
        1195861,
        1195862,
        1195863,
        1195864,
        1195865,
        1195866,
        1195867,
        1195868,
        1195869,
        1195870,
        1195871,
        1195872,
        1195873,
        1195874,
        1195875,
        1195876,
        1195877,
        1195878,
        1195879,
        1195880,
        1195881,
        1195882,
        1195883,
        1195884,
        1195885,
        1195886,
        1195887,
        1195888,
        1195889,
        1195890,
        1195891,
        1195892,
        1195893,
        1195894,
        1195895,
        1195896,
        1195897,
        1195898,
        1195899,
        1195900,
        1195901,
        1195902,
        1195903,
        1195904,
        1195905,
        1195906,
        1195907,
        1195908,
        1195909,
        1195910,
        1195911,
        1195912,
        1195913,
        1195914,
        1195915,
        1195916,
        1195917,
        1195918,
        1195919,
        1195920,
        1195921,
        1195922,
        1195923,
        1195924,
        1195925,
        1195926,
        1195927,
        1195928,
        1195929,
        1195930,
        1195931,
        1195932,
        1195933,
        1195934,
        1195935,
        1195936,
        1195937,
        1195938,
        1195939,
        1195940,
        1195941,
        1195942,
        1195943,
        1195944,
        1195945,
        1195946,
        1195947,
        1195948,
        1195949,
        1195950,
        1195951,
        1195952,
        1195953,
        1195954,
        1195955,
        1195956,
        1195957,
        1195958,
        1195959,
        1195960,
        1195961,
        1195962,
        1195963,
        1195964,
        1195965,
        1195966,
        1195967,
        1195968,
        1195969,
        1195970,
        1195971,
        1195972,
        1195973,
        1195974,
        1195975,
        1195976,
        1195977,
        1195978,
        1195979,
        1195980,
        1195981,
        1195982,
        1195983,
        1195984,
        1195985,
        1195986,
        1195987,
        1195988,
        1195989,
        1195990,
        1195991,
        1195992,
        1195993,
        1195994,
        1195995,
        1195996,
        1195997,
        1195998,
        1195999,
        1196000,
        1196001,
        1196002,
        1196003,
        1196004,
        1196005,
        1196006,
        1196007,
        1196008,
        1196009,
        1196010,
        1196011,
        1196012,
        1196013,
        1196014,
        1196015,
        1196016,
        1196017,
        1196018,
        1196019,
        1196020,
        1196021,
        1196022,
        1196023,
        1196024,
        1196025,
        1196026,
        1196027,
        1196028,
        1196029,
        1196030,
        1196031,
        1196032,
        1196033,
        1196034,
        1196035,
        1196036,
        1196037,
        1196038,
        1196039,
        1196040,
        1196041,
        1196042,
        1196043,
        1196044,
        1196045,
        1196046,
        1196047,
        1196048,
        1196049,
        1196050,
        1196051,
        1196052,
        1196053,
        1196054,
        1196055,
        1196056,
        1196057,
        1196058,
        1196059,
        1196060,
        1196061,
        1196062,
        1196063,
        1196064,
        1196065,
        1196066,
        1196067,
        1196068,
        1196069,
        1196070,
        1196071,
        1196072,
        1196073,
        1196074,
        1196075,
        1196076,
        1196077,
        1196078,
        1196079,
        1196080,
        1196081,
        1196082,
        1196083,
        1196084,
        1196085,
        1196086,
        1196087,
        1196088,
        1196089,
        1196090,
        1196091,
        1196092,
        1196093,
        1196094,
        1196095,
        1196096,
        1196097,
        1196098,
        1196099,
        1196100,
        1196101,
        1196102,
        1196103,
        1196104,
        1196105,
        1196106,
        1196107,
        1196108,
        1196109,
        1196110,
        1196111,
        1196112,
        1196113,
        1196114,
        1196115,
        1196116,
        1196117,
        1196118,
        1196119,
        1196120,
        1196121,
        1196122,
        1196123,
        1196124,
        1196125,
        1196126,
        1196127,
        1196128,
        1196129,
        1196130,
        1196131,
        1196132,
        1196133,
        1196134,
        1196135,
        1196136,
        1196137,
        1196138,
        1196139,
        1196140,
        1196141,
        1196142,
        1196143,
        1196144,
        1196145,
        1196146,
        1196147,
        1196148,
        1196149,
        1196150,
        1196151,
        1196152,
        1196153,
        1196154,
        1196155,
        1196156,
        1196157,
        1196158,
        1196159,
        1196160,
        1196161,
        1196162,
        1196163,
        1196164,
        1196165,
        1196166,
        1196167,
        1196168,
        1196169,
        1196170,
        1196171,
        1196172,
        1196173,
        1196174,
        1196175,
        1196176,
        1196177,
        1196178,
        1196179,
        1196180,
        1196181,
        1196182,
        1196183,
        1196184,
        1196185,
        1196186,
        1196187,
        1196188,
        1196189,
        1196190,
        1196191,
        1196192,
        1196193,
        1196194,
        1196195,
        1196196,
        1196197,
        1196198,
        1196199,
        1196200,
        1196201,
        1196202,
        1196203,
        1196204,
        1196205,
        1196206,
        1196207,
        1196208,
        1196209,
        1196210,
        1196211,
        1196212,
        1196213,
        1196214,
        1196215,
        1196216,
        1196217,
        1196218,
        1196219,
        1196220,
        1196221,
        1196222,
        1196223,
        1196224,
        1196225,
        1196226,
        1196227,
        1196228,
        1196229,
        1196230,
        1196231,
        1196232,
        1196233,
        1196234,
        1196235,
        1196236,
        1196237,
        1196238,
        1196239,
        1196240,
        1196241,
        1196242,
        1196243,
        1196244,
        1196245,
        1196246,
        1196247,
        1196248,
        1196249,
        1196250,
        1196251,
        1196252,
        1196253,
        1196254,
        1196255,
        1196256,
        1196257,
        1196258,
        1196259,
        1196260,
        1196261,
        1196262,
        1196263,
        1196264,
        1196265,
        1196266,
        1196267,
        1196268,
        1196269,
        1196270,
        1196271,
        1196272,
        1196273,
        1196274,
        1196275,
        1196276,
        1196277,
        1196278,
        1196279,
        1196280,
        1196281,
        1196282,
        1196283,
        1196284,
        1196285,
        1196286,
        1196287,
        1196288,
        1196289,
        1196290,
        1196291,
        1196292,
        1196293,
        1196294,
        1196295,
        1196296,
        1196297,
        1196298,
        1196299,
        1196300,
        1196301,
        1196302,
        1196303,
        1196304,
        1196305,
        1196306,
        1196307,
        1196308,
        1196309,
        1196310,
        1196311,
        1196312,
        1196313,
        1196314,
        1196315,
        1196316,
        1196317,
        1196318,
        1196319,
        1196320,
        1196321,
        1196322,
        1196323,
        1196324,
        1196325,
        1196326,
        1196327,
        1196328,
        1196329,
        1196330,
        1196331,
        1196332,
        1196333,
        1196334,
        1196335,
        1196336,
        1196337,
        1196338,
        1196339,
        1196340,
        1196341,
        1196342,
        1196343,
        1196344,
        1196345,
        1196346,
        1196347,
        1196348,
        1196349,
        1196350,
        1196351,
        1196352,
        1196353,
        1196354,
        1196355,
        1196356,
        1196357,
        1196358,
        1196359,
        1196360,
        1196361,
        1196362,
        1196363,
        1196364,
        1196365,
        1196366,
        1196367,
        1196368,
        1196369,
        1196370,
        1196371,
        1196372,
        1196373,
        1196374,
        1196375,
        1196376,
        1196377,
        1196378,
        1196379,
        1196380,
        1196381,
        1196382,
        1196383,
        1196384,
        1196385,
        1196386,
        1196387,
        1196388,
        1196389,
        1196390,
        1196391,
        1196392,
        1196393,
        1196394,
        1196395,
        1196396,
        1196397,
        1196398,
        1196399,
        1196400,
        1196401,
        1196402,
        1196403,
        1196404,
        1196405,
        1196406,
        1196407,
        1196408,
        1196409,
        1196410,
        1196411,
        1196412,
        1196413,
        1196414,
        1196415,
        1196416,
        1196417,
        1196418,
        1196419,
        1196420,
        1196421,
        1196422,
        1196423,
        1196424,
        1196425,
        1196426,
        1196427,
        1196428,
        1196429,
        1196430,
        1196431,
        1196432,
        1196433,
        1196434,
        1196435,
        1196436,
        1196437,
        1196438,
        1196439,
        1196440,
        1196441,
        1196442,
        1196443,
        1196444,
        1196445,
        1196446,
        1196447,
        1196448,
        1196449,
        1196450,
        1196451,
        1196452,
        1196453,
        1196454,
        1196455,
        1196456,
        1196457,
        1196458,
        1196459,
        1196460,
        1196461,
        1196462,
        1196463,
        1196464,
        1196465,
        1196466,
        1196467,
        1196468,
        1196469,
        1196470,
        1196471,
        1196472,
        1196473,
        1196474,
        1196475,
        1196476,
        1196477,
        1196478,
        1196479,
        1196480,
        1196481,
        1196482,
        1196483,
        1196484,
        1196485,
        1196486,
        1196487,
        1196488,
        1196489,
        1196490,
        1196491,
        1196492,
        1196493,
        1196494,
        1196495,
        1196496,
        1196497,
        1196498,
        1196499,
        1196500,
        1196501,
        1196502,
        1196503,
        1196504,
        1196505,
        1196506,
        1196507,
        1196508,
        1196509,
        1196510,
        1196511,
        1196512,
        1196513,
        1196514,
        1196515,
        1196516,
        1196517,
        1196518,
        1196519,
        1196520,
        1196521,
        1196522,
        1196523,
        1196524,
        1196525,
        1196526,
        1196527,
        1196528,
        1196529,
        1196530,
        1196531,
        1196532,
        1196533,
        1196534,
        1196535,
        1196536,
        1196537,
        1196538,
        1196539,
        1196540,
        1196541,
        1196542,
        1196543,
        1196544,
        1196545,
        1196546,
        1196547,
        1196548,
        1196549,
        1196550,
        1196551,
        1196552,
        1196553,
        1196554,
        1196555,
        1196556,
        1196557,
        1196558,
        1196559,
        1196560,
        1196561,
        1196562,
        1196563,
        1196564,
        1196565,
        1196566,
        1196567,
        1196568,
        1196569,
        1196570,
        1196571,
        1196572,
        1196573,
        1196574,
        1196575,
        1196576,
        1196577,
        1196578,
        1196579,
        1196580,
        1196581,
        1196582,
        1196583,
        1196584,
        1196585,
        1196586,
        1196587,
        1196588,
        1196589,
        1196590,
        1196591,
        1196592,
        1196593,
        1196594,
        1196595,
        1196596,
        1196597,
        1196598,
        1196599,
        1196600,
        1196601,
        1196602,
        1196603,
        1196604,
        1196605,
        1196606,
        1196607,
        1196608,
        1196609,
        1196610,
        1196611,
        1196612,
        1196613,
        1196614,
        1196615,
        1196616,
        1196617,
        1196618,
        1196619,
        1196620,
        1196621,
        1196622,
        1196623,
        1196624,
        1196625,
        1196626,
        1196627,
        1196628,
        1196629,
        1196630,
        1196631,
        1196632,
        1196633,
        1196634,
        1196635,
        1196636,
        1196637,
        1196638,
        1196639,
        1196640,
        1196641,
        1196642,
        1196643,
        1196644,
        1196645,
        1196646,
        1196647,
        1196648,
        1196649,
        1196650,
        1196651,
        1196652,
        1196653,
        1196654,
        1196655,
        1196656,
        1196657,
        1196658,
        1196659,
        1196660,
        1196661,
        1196662,
        1196663,
        1196664,
        1196665,
        1196666,
        1196667,
        1196668,
        1196669,
        1196670,
        1196671,
        1196672,
        1196673,
        1196674,
        1196675,
        1196676,
        1196677,
        1196678,
        1196679,
        1196680,
        1196681,
        1196682,
        1196683,
        1196684,
        1196685,
        1196686,
        1196687,
        1196688,
        1196689,
        1196690,
        1196691,
        1196692,
        1196693,
        1196694,
        1196695,
        1196696,
        1196697,
        1196698,
        1196699,
        1196700,
        1196701,
        1196702,
        1196703,
        1196704,
        1196705,
        1196706,
        1196707,
        1196708,
        1196709,
        1196710,
        1196711,
        1196712,
        1196713,
        1196714,
        1196715,
        1196716,
        1196717,
        1196718,
        1196719,
        1196720,
        1196721,
        1196722,
        1196723,
        1196724,
        1196725,
        1196726,
        1196727,
        1196728,
        1196729,
        1196730,
        1196731,
        1196732,
        1196733,
        1196734,
        1196735,
        1196736,
        1196737,
        1196738,
        1196739,
        1196740,
        1196741,
        1196742,
        1196743,
        1196744,
        1196745,
        1196746,
        1196747,
        1196748,
        1196749,
        1196750,
        1196751,
        1196752,
        1196753,
        1196754,
        1196755,
        1196756,
        1196757,
        1196758,
        1196759,
        1196760,
        1196761,
        1196762,
        1196763,
        1196764,
        1196765,
        1196766,
        1196767,
        1196768,
        1196769,
        1196770,
        1196771,
        1196772,
        1196773,
        1196774,
        1196775,
        1196776,
        1196777,
        1196778,
        1196779,
        1196780,
        1196781,
        1196782,
        1196783,
        1196784,
        1196785,
        1196786,
        1196787,
        1196788,
        1196789,
        1196790,
        1196791,
        1196792,
        1196793,
        1196794,
        1196795,
        1196796,
        1196797,
        1196798,
        1196799,
        1196800,
        1196801,
        1196802,
        1196803,
        1196804,
        1196805,
        1196806,
        1196807,
        1196808,
        1196809,
        1196810,
        1196811,
        1196812,
        1196813,
        1196814,
        1196815,
        1196816,
        1196817,
        1196818,
        1196819,
        1196820,
        1196821,
        1196822,
        1196823,
        1196824,
        1196825,
        1196826,
        1196827,
        1196828,
        1196829,
        1196830,
        1196831,
        1196832,
        1196833,
        1196834,
        1196835,
        1196836,
        1196837,
        1196838,
        1196839,
        1196840,
        1196841,
        1196842,
        1196843,
        1196844,
        1196845,
        1196846,
        1196847,
        1196848,
        1196849,
        1196850,
        1196851,
        1196852,
        1196853,
        1196854,
        1196855,
        1196856,
        1196857,
        1196858,
        1196859,
        1196860,
        1196861,
        1196862,
        1196863,
        1196864,
        1196865,
        1196866,
        1196867,
        1196868,
        1196869,
        1196870,
        1196871,
        1196872,
        1196873,
        1196874,
        1196875,
        1196876,
        1196877,
        1196878,
        1196879,
        1196880,
        1196881,
        1196882,
        1196883,
        1196884,
        1196885,
        1196886,
        1196887,
        1196888,
        1196889,
        1196890,
        1196891,
        1196892,
        1196893,
        1196894,
        1196895,
        1196896,
        1196897,
        1196898,
        1196899,
        1196900,
        1196901,
        1196902,
        1196903,
        1196904,
        1196905,
        1196906,
        1196907,
        1196908,
        1196909,
        1196910,
        1196911,
        1196912,
        1196913,
        1196914,
        1196915,
        1196916,
        1196917,
        1196918,
        1196919,
        1196920,
        1196921,
        1196922,
        1196923,
        1196924,
        1196925,
        1196926,
        1196927,
        1196928,
        1196929,
        1196930,
        1196931,
        1196932,
        1196933,
        1196934,
        1196935,
        1196936,
        1196937,
        1196938,
        1196939,
        1196940,
        1196941,
        1196942,
        1196943,
        1196944,
        1196945,
        1196946,
        1196947,
        1196948,
        1196949,
        1196950,
        1196951,
        1196952,
        1196953,
        1196954,
        1196955,
        1196956,
        1196957,
        1196958,
        1196959,
        1196960,
        1196961,
        1196962,
        1196963,
        1196964,
        1196965,
        1196966,
        1196967,
        1196968,
        1196969,
        1196970,
        1196971,
        1196972,
        1196973,
        1196974,
        1196975,
        1196976,
        1196977,
        1196978,
        1196979,
        1196980,
        1196981,
        1196982,
        1196983,
        1196984,
        1196985,
        1196986,
        1196987,
        1196988,
        1196989,
        1196990,
        1196991,
        1196992,
        1196993,
        1196994,
        1196995,
        1196996,
        1196997,
        1196998,
        1196999,
        1197000,
        1197001,
        1197002,
        1197003,
        1197004,
        1197005,
        1197006,
        1197007,
        1197008,
        1197009,
        1197010,
        1197011,
        1197012,
        1197013,
        1197014,
        1197015,
        1197016,
        1197017,
        1197018,
        1197019,
        1197020,
        1197021,
        1197022,
        1197023,
        1197024,
        1197025,
        1197026,
        1197027,
        1197028,
        1197029,
        1197030,
        1197031,
        1197032,
        1197033,
        1197034,
        1197035,
        1197036,
        1197037,
        1197038,
        1197039,
        1197040,
        1197041,
        1197042,
        1197043,
        1197044,
        1197045,
        1197046,
        1197047,
        1197048,
        1197049,
        1197050,
        1197051,
        1197052,
        1197053,
        1197054,
        1197055,
        1197056,
        1197057,
        1197058,
        1197059,
        1197060,
        1197061,
        1197062,
        1197063,
        1197064,
        1197065,
        1197066,
        1197067,
        1197068,
        1197069,
        1197070,
        1197071,
        1197072,
        1197073,
        1197074,
        1197075,
        1197076,
        1197077,
        1197078,
        1197079,
        1197080,
        1197081,
        1197082,
        1197083,
        1197084,
        1197085,
        1197086,
        1197087,
        1197088,
        1197089,
        1197090,
        1197091,
        1197092,
        1197093,
        1197094,
        1197095,
        1197096,
        1197097,
        1197098,
        1197099,
        1197100,
        1197101,
        1197102,
        1197103,
        1197104,
        1197105,
        1197106,
        1197107,
        1197108,
        1197109,
        1197110,
        1197111,
        1197112,
        1197113,
        1197114,
        1197115,
        1197116,
        1197117,
        1197118,
        1197119,
        1197120,
        1197121,
        1197122,
        1197123,
        1197124,
        1197125,
        1197126,
        1197127,
        1197128,
        1197129,
        1197130,
        1197131,
        1197132,
        1197133,
        1197134,
        1197135,
        1197136,
        1197137,
        1197138,
        1197139,
        1197140,
        1197141,
        1197142,
        1197143,
        1197144,
        1197145,
        1197146,
        1197147,
        1197148,
        1197149,
        1197150,
        1197151,
        1197152,
        1197153,
        1197154,
        1197155,
        1197156,
        1197157,
        1197158,
        1197159,
        1197160,
        1197161,
        1197162,
        1197163,
        1197164,
        1197165,
        1197166,
        1197167,
        1197168,
        1197169,
        1197170,
        1197171,
        1197172,
        1197173,
        1197174,
        1197175,
        1197176,
        1197177,
        1197178,
        1197179,
        1197180,
        1197181,
        1197182,
        1197183,
        1197184,
        1197185,
        1197186,
        1197187,
        1197188,
        1197189,
        1197190,
        1197191,
        1197192,
        1197193,
        1197194,
        1197195,
        1197196,
        1197197,
        1197198,
        1197199,
        1197200,
        1197201,
        1197202,
        1197203,
        1197204,
        1197205,
        1197206,
        1197207,
        1197208,
        1197209,
        1197210,
        1197211,
        1197212,
        1197213,
        1197214,
        1197215,
        1197216,
        1197217,
        1197218,
        1197219,
        1197220,
        1197221,
        1197222,
        1197223,
        1197224,
        1197225,
        1197226,
        1197227,
        1197228,
        1197229,
        1197230,
        1197231,
        1197232,
        1197233,
        1197234,
        1197235,
        1197236,
        1197237,
        1197238,
        1197239,
        1197240,
        1197241,
        1197242,
        1197243,
        1197244,
        1197245,
        1197246,
        1197247,
        1197248,
        1197249,
        1197250,
        1197251,
        1197252,
        1197253,
        1197254,
        1197255,
        1197256,
        1197257,
        1197258,
        1197259,
        1197260,
        1197261,
        1197262,
        1197263,
        1197264,
        1197265,
        1197266,
        1197267,
        1197268,
        1197269,
        1197270,
        1197271,
        1197272,
        1197273,
        1197274,
        1197275,
        1197276,
        1197277,
        1197278,
        1197279,
        1197280,
        1197281,
        1197282,
        1197283,
        1197284,
        1197285,
        1197286,
        1197287,
        1197288,
        1197289,
        1197290,
        1197291,
        1197292,
        1197293,
        1197294,
        1197295,
        1197296,
        1197297,
        1197298,
        1197299,
        1197300,
        1197301,
        1197302,
        1197303,
        1197304,
        1197305,
        1197306,
        1197307,
        1197308,
        1197309,
        1197310,
        1197311,
        1197312,
        1197313,
        1197314,
        1197315,
        1197316,
        1197317,
        1197318,
        1197319,
        1197320,
        1197321,
        1197322,
        1197323,
        1197324,
        1197325,
        1197326,
        1197327,
        1197328,
        1197329,
        1197330,
        1197331,
        1197332,
        1197333,
        1197334,
        1197335,
        1197336,
        1197337,
        1197338,
        1197339,
        1197340,
        1197341,
        1197342,
        1197343,
        1197344,
        1197345,
        1197346,
        1197347,
        1197348,
        1197349,
        1197350,
        1197351,
        1197352,
        1197353,
        1197354,
        1197355,
        1197356,
        1197357,
        1197358,
        1197359,
        1197360,
        1197361,
        1197362,
        1197363,
        1197364,
        1197365,
        1197366,
        1197367,
        1197368,
        1197369,
        1197370,
        1197371,
        1197372,
        1197373,
        1197374,
        1197375,
        1197376,
        1197377,
        1197378,
        1197379,
        1197380,
        1197381,
        1197382,
        1197383,
        1197384,
        1197385,
        1197386,
        1197387,
        1197388,
        1197389,
        1197390,
        1197391,
        1197392,
        1197393,
        1197394,
        1197395,
        1197396,
        1197397,
        1197398,
        1197399,
        1197400,
        1197401,
        1197402,
        1197403,
        1197404,
        1197405,
        1197406,
        1197407,
        1197408,
        1197409,
        1197410,
        1197411,
        1197412,
        1197413,
        1197414,
        1197415,
        1197416,
        1197417,
        1197418,
        1197419,
        1197420,
        1197421,
        1197422,
        1197423,
        1197424,
        1197425,
        1197426,
        1197427,
        1197428,
        1197429,
        1197430,
        1197431,
        1197432,
        1197433,
        1197434,
        1197435,
        1197436,
        1197437,
        1197438,
        1197439,
        1197440,
        1197441,
        1197442,
        1197443,
        1197444,
        1197445,
        1197446,
        1197447,
        1197448,
        1197449,
        1197450,
        1197451,
        1197452,
        1197453,
        1197454,
        1197455,
        1197456,
        1197457,
        1197458,
        1197459,
        1197460,
        1197461,
        1197462,
        1197463,
        1197464,
        1197465,
        1197466,
        1197467,
        1197468,
        1197469,
        1197470,
        1197471,
        1197472,
        1197473,
        1197474,
        1197475,
        1197476,
        1197477,
        1197478,
        1197479,
        1197480,
        1197481,
        1197482,
        1197483,
        1197484,
        1197485,
        1197486,
        1197487,
        1197488,
        1197489,
        1197490,
        1197491,
        1197492,
        1197493,
        1197494,
        1197495,
        1197496,
        1197497,
        1197498,
        1197499,
        1197500,
        1197501,
        1197502,
        1197503,
        1197504,
        1197505,
        1197506,
        1197507,
        1197508,
        1197509,
        1197510,
        1197511,
        1197512,
        1197513,
        1197514,
        1197515,
        1197516,
        1197517,
        1197518,
        1197519,
        1197520,
        1197521,
        1197522,
        1197523,
        1197524,
        1197525,
        1197526,
        1197527,
        1197528,
        1197529,
        1197530,
        1197531,
        1197532,
        1197533,
        1197534,
        1197535,
        1197536,
        1197537,
        1197538,
        1197539,
        1197540,
        1197541,
        1197542,
        1197543,
        1197544,
        1197545,
        1197546,
        1197547,
        1197548,
        1197549,
        1197550,
        1197551,
        1197552,
        1197553,
        1197554,
        1197555,
        1197556,
        1197557,
        1197558,
        1197559,
        1197560,
        1197561,
        1197562,
        1197563,
        1197564,
        1197565,
        1197566,
        1197567,
        1197568,
        1197569,
        1197570,
        1197571,
        1197572,
        1197573,
        1197574,
        1197575,
        1197576,
        1197577,
        1197578,
        1197579,
        1197580,
        1197581,
        1197582,
        1197583,
        1197584,
        1197585,
        1197586,
        1197587,
        1197588,
        1197589,
        1197590,
        1197591,
        1197592,
        1197593,
        1197594,
        1197595,
        1197596,
        1197597,
        1197598,
        1197599,
        1197600,
        1197601,
        1197602,
        1197603,
        1197604,
        1197605,
        1197606,
        1197607,
        1197608,
        1197609,
        1197610,
        1197611,
        1197612,
        1197613,
        1197614,
        1197615,
        1197616,
        1197617,
        1197618,
        1197619,
        1197620,
        1197621,
        1197622,
        1197623,
        1197624,
        1197625,
        1197626,
        1197627,
        1197628,
        1197629,
        1197630,
        1197631,
        1197632,
        1197633,
        1197634,
        1197635,
        1197636,
        1197637,
        1197638,
        1197639,
        1197640,
        1197641,
        1197642,
        1197643,
        1197644,
        1197645,
        1197646,
        1197647,
        1197648,
        1197649,
        1197650,
        1197651,
        1197652,
        1197653,
        1197654,
        1197655,
        1197656,
        1197657,
        1197658,
        1197659,
        1197660,
        1197661,
        1197662,
        1197663,
        1197664,
        1197665,
        1197666,
        1197667,
        1197668,
        1197669,
        1197670,
        1197671,
        1197672,
        1197673,
        1197674,
        1197675,
        1197676,
        1197677,
        1197678,
        1197679,
        1197680,
        1197681,
        1197682,
        1197683,
        1197684,
        1197685,
        1197686,
        1197687,
        1197688,
        1197689,
        1197690,
        1197691,
        1197692,
        1197693,
        1197694,
        1197695,
        1197696,
        1197697,
        1197698,
        1197699,
        1197700,
        1197701,
        1197702,
        1197703,
        1197704,
        1197705,
        1197706,
        1197707,
        1197708,
        1197709,
        1197710,
        1197711,
        1197712,
        1197713,
        1197714,
        1197715,
        1197716,
        1197717,
        1197718,
        1197719,
        1197720,
        1197721,
        1197722,
        1197723,
        1197724,
        1197725,
        1197726,
        1197727,
        1197728,
        1197729,
        1197730,
        1197731,
        1197732,
        1197733,
        1197734,
        1197735,
        1197736,
        1197737,
        1197738,
        1197739,
        1197740,
        1197741,
        1197742,
        1197743,
        1197744,
        1197745,
        1197746,
        1197747,
        1197748,
        1197749,
        1197750,
        1197751,
        1197752,
        1197753,
        1197754,
        1197755,
        1197756,
        1197757,
        1197758,
        1197759,
        1197760,
        1197761,
        1197762,
        1197763,
        1197764,
        1197765,
        1197766,
        1197767,
        1197768,
        1197769,
        1197770,
        1197771,
        1197772,
        1197773,
        1197774,
        1197775,
        1197776,
        1197777,
        1197778,
        1197779,
        1197780,
        1197781,
        1197782,
        1197783,
        1197784,
        1197785,
        1197786,
        1197787,
        1197788,
        1197789,
        1197790,
        1197791,
        1197792,
        1197793,
        1197794,
        1197795,
        1197796,
        1197797,
        1197798,
        1197799,
        1197800,
        1197801,
        1197802,
        1197803,
        1197804,
        1197805,
        1197806,
        1197807,
        1197808,
        1197809,
        1197810,
        1197811,
        1197812,
        1197813,
        1197814,
        1197815,
        1197816,
        1197817,
        1197818,
        1197819,
        1197820,
        1197821,
        1197822,
        1197823,
        1197824,
        1197825,
        1197826,
        1197827,
        1197828,
        1197829,
        1197830,
        1197831,
        1197832,
        1197833,
        1197834,
        1197835,
        1197836,
        1197837,
        1197838,
        1197839,
        1197840,
        1197841,
        1197842,
        1197843,
        1197844,
        1197845,
        1197846,
        1197847,
        1197848,
        1197849,
        1197850,
        1197851,
        1197852,
        1197853,
        1197854,
        1197855,
        1197856,
        1197857,
        1197858,
        1197859,
        1197860,
        1197861,
        1197862,
        1197863,
        1197864,
        1197865,
        1197866,
        1197867,
        1197868,
        1197869,
        1197870,
        1197871,
        1197872,
        1197873,
        1197874,
        1197875,
        1197876,
        1197877,
        1197878,
        1197879,
        1197880,
        1197881,
        1197882,
        1197883,
        1197884,
        1197885,
        1197886,
        1197887,
        1197888,
        1197889,
        1197890,
        1197891,
        1197892,
        1197893,
        1197894,
        1197895,
        1197896,
        1197897,
        1197898,
        1197899,
        1197900,
        1197901,
        1197902,
        1197903,
        1197904,
        1197905,
        1197906,
        1197907,
        1197908,
        1197909,
        1197910,
        1197911,
        1197912,
        1197913,
        1197914,
        1197915,
        1197916,
        1197917,
        1197918,
        1197919,
        1197920,
        1197921,
        1197922,
        1197923,
        1197924,
        1197925,
        1197926,
        1197927,
        1197928,
        1197929,
        1197930,
        1197931,
        1197932,
        1197933,
        1197934,
        1197935,
        1197936,
        1197937,
        1197938,
        1197939,
        1197940,
        1197941,
        1197942,
        1197943,
        1197944,
        1197945,
        1197946,
        1197947,
        1197948,
        1197949,
        1197950,
        1197951,
        1197952,
        1197953,
        1197954,
        1197955,
        1197956,
        1197957,
        1197958,
        1197959,
        1197960,
        1197961,
        1197962,
        1197963,
        1197964,
        1197965,
        1197966,
        1197967,
        1197968,
        1197969,
        1197970,
        1197971,
        1197972,
        1197973,
        1197974,
        1197975,
        1197976,
        1197977,
        1197978,
        1197979,
        1197980,
        1197981,
        1197982,
        1197983,
        1197984,
        1197985,
        1197986,
        1197987,
        1197988,
        1197989,
        1197990,
        1197991,
        1197992,
        1197993,
        1197994,
        1197995,
        1197996,
        1197997,
        1197998,
        1197999,
        1198000,
        1198001,
        1198002,
        1198003,
        1198004,
        1198005,
        1198006,
        1198007,
        1198008,
        1198009,
        1198010,
        1198011,
        1198012,
        1198013,
        1198014,
        1198015,
        1198016,
        1198017,
        1198018,
        1198019,
        1198020,
        1198021,
        1198022,
        1198023,
        1198024,
        1198025,
        1198026,
        1198027,
        1198028,
        1198029,
        1198030,
        1198031,
        1198032,
        1198033,
        1198034,
        1198035,
        1198036,
        1198037,
        1198038,
        1198039,
        1198040,
        1198041,
        1198042,
        1198043,
        1198044,
        1198045,
        1198046,
        1198047,
        1198048,
        1198049,
        1198050,
        1198051,
        1198052,
        1198053,
        1198054,
        1198055,
        1198056,
        1198057,
        1198058,
        1198059,
        1198060,
        1198061,
        1198062,
        1198063,
        1198064,
        1198065,
        1198066,
        1198067,
        1198068,
        1198069,
        1198070,
        1198071,
        1198072,
        1198073,
        1198074,
        1198075,
        1198076,
        1198077,
        1198078,
        1198079,
        1198080,
        1198081,
        1198082,
        1198083,
        1198084,
        1198085,
        1198086,
        1198087,
        1198088,
        1198089,
        1198090,
        1198091,
        1198092,
        1198093,
        1198094,
        1198095,
        1198096,
        1198097,
        1198098,
        1198099,
        1198100,
        1198101,
        1198102,
        1198103,
        1198104,
        1198105,
        1198106,
        1198107,
        1198108,
        1198109,
        1198110,
        1198111,
        1198112,
        1198113,
        1198114,
        1198115,
        1198116,
        1198117,
        1198118,
        1198119,
        1198120,
        1198121,
        1198122,
        1198123,
        1198124,
        1198125,
        1198126,
        1198127,
        1198128,
        1198129,
        1198130,
        1198131,
        1198132,
        1198133,
        1198134,
        1198135,
        1198136,
        1198137,
        1198138,
        1198139,
        1198140,
        1198141,
        1198142,
        1198143,
        1198144,
        1198145,
        1198146,
        1198147,
        1198148,
        1198149,
        1198150,
        1198151,
        1198152,
        1198153,
        1198154,
        1198155,
        1198156,
        1198157,
        1198158,
        1198159,
        1198160,
        1198161,
        1198162,
        1198163,
        1198164,
        1198165,
        1198166,
        1198167,
        1198168,
        1198169,
        1198170,
        1198171,
        1198172,
        1198173,
        1198174,
        1198175,
        1198176,
        1198177,
        1198178,
        1198179,
        1198180,
        1198181,
        1198182,
        1198183,
        1198184,
        1198185,
        1198186,
        1198187,
        1198188,
        1198189,
        1198190,
        1198191,
        1198192,
        1198193,
        1198194,
        1198195,
        1198196,
        1198197,
        1198198,
        1198199,
        1198200,
        1198201,
        1198202,
        1198203,
        1198204,
        1198205,
        1198206,
        1198207,
        1198208,
        1198209,
        1198210,
        1198211,
        1198212,
        1198213,
        1198214,
        1198215,
        1198216,
        1198217,
        1198218,
        1198219,
        1198220,
        1198221,
        1198222,
        1198223,
        1198224,
        1198225,
        1198226,
        1198227,
        1198228,
        1198229,
        1198230,
        1198231,
        1198232,
        1198233,
        1198234,
        1198235,
        1198236,
        1198237,
        1198238,
        1198239,
        1198240,
        1198241,
        1198242,
        1198243,
        1198244,
        1198245,
        1198246,
        1198247,
        1198248,
        1198249,
        1198250,
        1198251,
        1198252,
        1198253,
        1198254,
        1198255,
        1198256,
        1198257,
        1198258,
        1198259,
        1198260,
        1198261,
        1198262,
        1198263,
        1198264,
        1198265,
        1198266,
        1198267,
        1198268,
        1198269,
        1198270,
        1198271,
        1198272,
        1198273,
        1198274,
        1198275,
        1198276,
        1198277,
        1198278,
        1198279,
        1198280,
        1198281,
        1198282,
        1198283,
        1198284,
        1198285,
        1198286,
        1198287,
        1198288,
        1198289,
        1198290,
        1198291,
        1198292,
        1198293,
        1198294,
        1198295,
        1198296,
        1198297,
        1198298,
        1198299,
        1198300,
        1198301,
        1198302,
        1198303,
        1198304,
        1198305,
        1198306,
        1198307,
        1198308,
        1198309,
        1198310,
        1198311,
        1198312,
        1198313,
        1198314,
        1198315,
        1198316,
        1198317,
        1198318,
        1198319,
        1198320,
        1198321,
        1198322,
        1198323,
        1198324,
        1198325,
        1198326,
        1198327,
        1198328,
        1198329,
        1198330,
        1198331,
        1198332,
        1198333,
        1198334,
        1198335,
        1198336,
        1198337,
        1198338,
        1198339,
        1198340,
        1198341,
        1198342,
        1198343,
        1198344,
        1198345,
        1198346,
        1198347,
        1198348,
        1198349,
        1198350,
        1198351,
        1198352,
        1198353,
        1198354,
        1198355,
        1198356,
        1198357,
        1198358,
        1198359,
        1198360,
        1198361,
        1198362,
        1198363,
        1198364,
        1198365,
        1198366,
        1198367,
        1198368,
        1198369,
        1198370,
        1198371,
        1198372,
        1198373,
        1198374,
        1198375,
        1198376,
        1198377,
        1198378,
        1198379,
        1198380,
        1198381,
        1198382,
        1198383,
        1198384,
        1198385,
        1198386,
        1198387,
        1198388,
        1198389,
        1198390,
        1198391,
        1198392,
        1198393,
        1198394,
        1198395,
        1198396,
        1198397,
        1198398,
        1198399,
        1198400,
        1198401,
        1198402,
        1198403,
        1198404,
        1198405,
        1198406,
        1198407,
        1198408,
        1198409,
        1198410,
        1198411,
        1198412,
        1198413,
        1198414,
        1198415,
        1198416,
        1198417,
        1198418,
        1198419,
        1198420,
        1198421,
        1198422,
        1198423,
        1198424,
        1198425,
        1198426,
        1198427,
        1198428,
        1198429,
        1198430,
        1198431,
        1198432,
        1198433,
        1198434,
        1198435,
        1198436,
        1198437,
        1198438,
        1198439,
        1198440,
        1198441,
        1198442,
        1198443,
        1198444,
        1198445,
        1198446,
        1198447,
        1198448,
        1198449,
        1198450,
        1198451,
        1198452,
        1198453,
        1198454,
        1198455,
        1198456,
        1198457,
        1198458,
        1198459,
        1198460,
        1198461,
        1198462,
        1198463,
        1198464,
        1198465,
        1198466,
        1198467,
        1198468,
        1198469,
        1198470,
        1198471,
        1198472,
        1198473,
        1198474,
        1198475,
        1198476,
        1198477,
        1198478,
        1198479,
        1198480,
        1198481,
        1198482,
        1198483,
        1198484,
        1198485,
        1198486,
        1198487,
        1198488,
        1198489,
        1198490,
        1198491,
        1198492,
        1198493,
        1198494,
        1198495,
        1198496,
        1198497,
        1198498,
        1198499,
        1198500,
        1198501,
        1198502,
        1198503,
        1198504,
        1198505,
        1198506,
        1198507,
        1198508,
        1198509,
        1198510,
        1198511,
        1198512,
        1198513,
        1198514,
        1198515,
        1198516,
        1198517,
        1198518,
        1198519,
        1198520,
        1198521,
        1198522,
        1198523,
        1198524,
        1198525,
        1198526,
        1198527,
        1198528,
        1198529,
        1198530,
        1198531,
        1198532,
        1198533,
        1198534,
        1198535,
        1198536,
        1198537,
        1198538,
        1198539,
        1198540,
        1198541,
        1198542,
        1198543,
        1198544,
        1198545,
        1198546,
        1198547,
        1198548,
        1198549,
        1198550,
        1198551,
        1198552,
        1198553,
        1198554,
        1198555,
        1198556,
        1198557,
        1198558,
        1198559,
        1198560,
        1198561,
        1198562,
        1198563,
        1198564,
        1198565,
        1198566,
        1198567,
        1198568,
        1198569,
        1198570,
        1198571,
        1198572,
        1198573,
        1198574,
        1198575,
        1198576,
        1198577,
        1198578,
        1198579,
        1198580,
        1198581,
        1198582,
        1198583,
        1198584,
        1198585,
        1198586,
        1198587,
        1198588,
        1198589,
        1198590,
        1198591,
        1198592,
        1198593,
        1198594,
        1198595,
        1198596,
        1198597,
        1198598,
        1198599,
        1198600,
        1198601,
        1198602,
        1198603,
        1198604,
        1198605,
        1198606,
        1198607,
        1198608,
        1198609,
        1198610,
        1198611,
        1198612,
        1198613,
        1198614,
        1198615,
        1198616,
        1198617,
        1198618,
        1198619,
        1198620,
        1198621,
        1198622,
        1198623,
        1198624,
        1198625,
        1198626,
        1198627,
        1198628,
        1198629,
        1198630,
        1198631,
        1198632,
        1198633,
        1198634,
        1198635,
        1198636,
        1198637,
        1198638,
        1198639,
        1198640,
        1198641,
        1198642,
        1198643,
        1198644,
        1198645,
        1198646,
        1198647,
        1198648,
        1198649,
        1198650,
        1198651,
        1198652,
        1198653,
        1198654,
        1198655,
        1198656,
        1198657,
        1198658,
        1198659,
        1198660,
        1198661,
        1198662,
        1198663,
        1198664,
        1198665,
        1198666,
        1198667,
        1198668,
        1198669,
        1198670,
        1198671,
        1198672,
        1198673,
        1198674,
        1198675,
        1198676,
        1198677,
        1198678,
        1198679,
        1198680,
        1198681,
        1198682,
        1198683,
        1198684,
        1198685,
        1198686,
        1198687,
        1198688,
        1198689,
        1198690,
        1198691,
        1198692,
        1198693,
        1198694,
        1198695,
        1198696,
        1198697,
        1198698,
        1198699,
        1198700,
        1198701,
        1198702,
        1198703,
        1198704,
        1198705,
        1198706,
        1198707,
        1198708,
        1198709,
        1198710,
        1198711,
        1198712,
        1198713,
        1198714,
        1198715,
        1198716,
        1198717,
        1198718,
        1198719,
        1198720,
        1198721,
        1198722,
        1198723,
        1198724,
        1198725,
        1198726,
        1198727,
        1198728,
        1198729,
        1198730,
        1198731,
        1198732,
        1198733,
        1198734,
        1198735,
        1198736,
        1198737,
        1198738,
        1198739,
        1198740,
        1198741,
        1198742,
        1198743,
        1198744,
        1198745,
        1198746,
        1198747,
        1198748,
        1198749,
        1198750,
        1198751,
        1198752,
        1198753,
        1198754,
        1198755,
        1198756,
        1198757,
        1198758,
        1198759,
        1198760,
        1198761,
        1198762,
        1198763,
        1198764,
        1198765,
        1198766,
        1198767,
        1198768,
        1198769,
        1198770,
        1198771,
        1198772,
        1198773,
        1198774,
        1198775,
        1198776,
        1198777,
        1198778,
        1198779,
        1198780,
        1198781,
        1198782,
        1198783,
        1198784,
        1198785,
        1198786,
        1198787,
        1198788,
        1198789,
        1198790,
        1198791,
        1198792,
        1198793,
        1198794,
        1198795,
        1198796,
        1198797,
        1198798,
        1198799,
        1198800,
        1198801,
        1198802,
        1198803,
        1198804,
        1198805,
        1198806,
        1198807,
        1198808,
        1198809,
        1198810,
        1198811,
        1198812,
        1198813,
        1198814,
        1198815,
        1198816,
        1198817,
        1198818,
        1198819,
        1198820,
        1198821,
        1198822,
        1198823,
        1198824,
        1198825,
        1198826,
        1198827,
        1198828,
        1198829,
        1198830,
        1198831,
        1198832,
        1198833,
        1198834,
        1198835,
        1198836,
        1198837,
        1198838,
        1198839,
        1198840,
        1198841,
        1198842,
        1198843,
        1198844,
        1198845,
        1198846,
        1198847,
        1198848,
        1198849,
        1198850,
        1198851,
        1198852,
        1198853,
        1198854,
        1198855,
        1198856,
        1198857,
        1198858,
        1198859,
        1198860,
        1198861,
        1198862,
        1198863,
        1198864,
        1198865,
        1198866,
        1198867,
        1198868,
        1198869,
        1198870,
        1198871,
        1198872,
        1198873,
        1198874,
        1198875,
        1198876,
        1198877,
        1198878,
        1198879,
        1198880,
        1198881,
        1198882,
        1198883,
        1198884,
        1198885,
        1198886,
        1198887,
        1198888,
        1198889,
        1198890,
        1198891,
        1198892,
        1198893,
        1198894,
        1198895,
        1198896,
        1198897,
        1198898,
        1198899,
        1198900,
        1198901,
        1198902,
        1198903,
        1198904,
        1198905,
        1198906,
        1198907,
        1198908,
        1198909,
        1198910,
        1198911,
        1198912,
        1198913,
        1198914,
        1198915,
        1198916,
        1198917,
        1198918,
        1198919,
        1198920,
        1198921,
        1198922,
        1198923,
        1198924,
        1198925,
        1198926,
        1198927,
        1198928,
        1198929,
        1198930,
        1198931,
        1198932,
        1198933,
        1198934,
        1198935,
        1198936,
        1198937,
        1198938,
        1198939,
        1198940,
        1198941,
        1198942,
        1198943,
        1198944,
        1198945,
        1198946,
        1198947,
        1198948,
        1198949,
        1198950,
        1198951,
        1198952,
        1198953,
        1198954,
        1198955,
        1198956,
        1198957,
        1198958,
        1198959,
        1198960,
        1198961,
        1198962,
        1198963,
        1198964,
        1198965,
        1198966,
        1198967,
        1198968,
        1198969,
        1198970,
        1198971,
        1198972,
        1198973,
        1198974,
        1198975,
        1198976,
        1198977,
        1198978,
        1198979,
        1198980,
        1198981,
        1198982,
        1198983,
        1198984,
        1198985,
        1198986,
        1198987,
        1198988,
        1198989,
        1198990,
        1198991,
        1198992,
        1198993,
        1198994,
        1198995,
        1198996,
        1198997,
        1198998,
        1198999,
        1199000,
        1199001,
        1199002,
        1199003,
        1199004,
        1199005,
        1199006,
        1199007,
        1199008,
        1199009,
        1199010,
        1199011,
        1199012,
        1199013,
        1199014,
        1199015,
        1199016,
        1199017,
        1199018,
        1199019,
        1199020,
        1199021,
        1199022,
        1199023,
        1199024,
        1199025,
        1199026,
        1199027,
        1199028,
        1199029,
        1199030,
        1199031,
        1199032,
        1199033,
        1199034,
        1199035,
        1199036,
        1199037,
        1199038,
        1199039,
        1199040,
        1199041,
        1199042,
        1199043,
        1199044,
        1199045,
        1199046,
        1199047,
        1199048,
        1199049,
        1199050,
        1199051,
        1199052,
        1199053,
        1199054,
        1199055,
        1199056,
        1199057,
        1199058,
        1199059,
        1199060,
        1199061,
        1199062,
        1199063,
        1199064,
        1199065,
        1199066,
        1199067,
        1199068,
        1199069,
        1199070,
        1199071,
        1199072,
        1199073,
        1199074,
        1199075,
        1199076,
        1199077,
        1199078,
        1199079,
        1199080,
        1199081,
        1199082,
        1199083,
        1199084,
        1199085,
        1199086,
        1199087,
        1199088,
        1199089,
        1199090,
        1199091,
        1199092,
        1199093,
        1199094,
        1199095,
        1199096,
        1199097,
        1199098,
        1199099,
        1199100,
        1199101,
        1199102,
        1199103,
        1199104,
        1199105,
        1199106,
        1199107,
        1199108,
        1199109,
        1199110,
        1199111,
        1199112,
        1199113,
        1199114,
        1199115,
        1199116,
        1199117,
        1199118,
        1199119,
        1199120,
        1199121,
        1199122,
        1199123,
        1199124,
        1199125,
        1199126,
        1199127,
        1199128,
        1199129,
        1199130,
        1199131,
        1199132,
        1199133,
        1199134,
        1199135,
        1199136,
        1199137,
        1199138,
        1199139,
        1199140,
        1199141,
        1199142,
        1199143,
        1199144,
        1199145,
        1199146,
        1199147,
        1199148,
        1199149,
        1199150,
        1199151,
        1199152,
        1199153,
        1199154,
        1199155,
        1199156,
        1199157,
        1199158,
        1199159,
        1199160,
        1199161,
        1199162,
        1199163,
        1199164,
        1199165,
        1199166,
        1199167,
        1199168,
        1199169,
        1199170,
        1199171,
        1199172,
        1199173,
        1199174,
        1199175,
        1199176,
        1199177,
        1199178,
        1199179,
        1199180,
        1199181,
        1199182,
        1199183,
        1199184,
        1199185,
        1199186,
        1199187,
        1199188,
        1199189,
        1199190,
        1199191,
        1199192,
        1199193,
        1199194,
        1199195,
        1199196,
        1199197,
        1199198,
        1199199,
        1199200,
        1199201,
        1199202,
        1199203,
        1199204,
        1199205,
        1199206,
        1199207,
        1199208,
        1199209,
        1199210,
        1199211,
        1199212,
        1199213,
        1199214,
        1199215,
        1199216,
        1199217,
        1199218,
        1199219,
        1199220,
        1199221,
        1199222,
        1199223,
        1199224,
        1199225,
        1199226,
        1199227,
        1199228,
        1199229,
        1199230,
        1199231,
        1199232,
        1199233,
        1199234,
        1199235,
        1199236,
        1199237,
        1199238,
        1199239,
        1199240,
        1199241,
        1199242,
        1199243,
        1199244,
        1199245,
        1199246,
        1199247,
        1199248,
        1199249,
        1199250,
        1199251,
        1199252,
        1199253,
        1199254,
        1199255,
        1199256,
        1199257,
        1199258,
        1199259,
        1199260,
        1199261,
        1199262,
        1199263,
        1199264,
        1199265,
        1199266,
        1199267,
        1199268,
        1199269,
        1199270,
        1199271,
        1199272,
        1199273,
        1199274,
        1199275,
        1199276,
        1199277,
        1199278,
        1199279,
        1199280,
        1199281,
        1199282,
        1199283,
        1199284,
        1199285,
        1199286,
        1199287,
        1199288,
        1199289,
        1199290,
        1199291,
        1199292,
        1199293,
        1199294,
        1199295,
        1199296,
        1199297,
        1199298,
        1199299,
        1199300,
        1199301,
        1199302,
        1199303,
        1199304,
        1199305,
        1199306,
        1199307,
        1199308,
        1199309,
        1199310,
        1199311,
        1199312,
        1199313,
        1199314,
        1199315,
        1199316,
        1199317,
        1199318,
        1199319,
        1199320,
        1199321,
        1199322,
        1199323,
        1199324,
        1199325,
        1199326,
        1199327,
        1199328,
        1199329,
        1199330,
        1199331,
        1199332,
        1199333,
        1199334,
        1199335,
        1199336,
        1199337,
        1199338,
        1199339,
        1199340,
        1199341,
        1199342,
        1199343,
        1199344,
        1199345,
        1199346,
        1199347,
        1199348,
        1199349,
        1199350,
        1199351,
        1199352,
        1199353,
        1199354,
        1199355,
        1199356,
        1199357,
        1199358,
        1199359,
        1199360,
        1199361,
        1199362,
        1199363,
        1199364,
        1199365,
        1199366,
        1199367,
        1199368,
        1199369,
        1199370,
        1199371,
        1199372,
        1199373,
        1199374,
        1199375,
        1199376,
        1199377,
        1199378,
        1199379,
        1199380,
        1199381,
        1199382,
        1199383,
        1199384,
        1199385,
        1199386,
        1199387,
        1199388,
        1199389,
        1199390,
        1199391,
        1199392,
        1199393,
        1199394,
        1199395,
        1199396,
        1199397,
        1199398,
        1199399,
        1199400,
        1199401,
        1199402,
        1199403,
        1199404,
        1199405,
        1199406,
        1199407,
        1199408,
        1199409,
        1199410,
        1199411,
        1199412,
        1199413,
        1199414,
        1199415,
        1199416,
        1199417,
        1199418,
        1199419,
        1199420,
        1199421,
        1199422,
        1199423,
        1199424,
        1199425,
        1199426,
        1199427,
        1199428,
        1199429,
        1199430,
        1199431,
        1199432,
        1199433,
        1199434,
        1199435,
        1199436,
        1199437,
        1199438,
        1199439,
        1199440,
        1199441,
        1199442,
        1199443,
        1199444,
        1199445,
        1199446,
        1199447,
        1199448,
        1199449,
        1199450,
        1199451,
        1199452,
        1199453,
        1199454,
        1199455,
        1199456,
        1199457,
        1199458,
        1199459,
        1199460,
        1199461,
        1199462,
        1199463,
        1199464,
        1199465,
        1199466,
        1199467,
        1199468,
        1199469,
        1199470,
        1199471,
        1199472,
        1199473,
        1199474,
        1199475,
        1199476,
        1199477,
        1199478,
        1199479,
        1199480,
        1199481,
        1199482,
        1199483,
        1199484,
        1199485,
        1199486,
        1199487,
        1199488,
        1199489,
        1199490,
        1199491,
        1199492,
        1199493,
        1199494,
        1199495,
        1199496,
        1199497,
        1199498,
        1199499,
        1199500,
        1199501,
        1199502,
        1199503,
        1199504,
        1199505,
        1199506,
        1199507,
        1199508,
        1199509,
        1199510,
        1199511,
        1199512,
        1199513,
        1199514,
        1199515,
        1199516,
        1199517,
        1199518,
        1199519,
        1199520,
        1199521,
        1199522,
        1199523,
        1199524,
        1199525,
        1199526,
        1199527,
        1199528,
        1199529,
        1199530,
        1199531,
        1199532,
        1199533,
        1199534,
        1199535,
        1199536,
        1199537,
        1199538,
        1199539,
        1199540,
        1199541,
        1199542,
        1199543,
        1199544,
        1199545,
        1199546,
        1199547,
        1199548,
        1199549,
        1199550,
        1199551,
        1199552,
        1199553,
        1199554,
        1199555,
        1199556,
        1199557,
        1199558,
        1199559,
        1199560,
        1199561,
        1199562,
        1199563,
        1199564,
        1199565,
        1199566,
        1199567,
        1199568,
        1199569,
        1199570,
        1199571,
        1199572,
        1199573,
        1199574,
        1199575,
        1199576,
        1199577,
        1199578,
        1199579,
        1199580,
        1199581,
        1199582,
        1199583,
        1199584,
        1199585,
        1199586,
        1199587,
        1199588,
        1199589,
        1199590,
        1199591,
        1199592,
        1199593,
        1199594,
        1199595,
        1199596,
        1199597,
        1199598,
        1199599,
        1199600,
        1199601,
        1199602,
        1199603,
        1199604,
        1199605,
        1199606,
        1199607,
        1199608,
        1199609,
        1199610,
        1199611,
        1199612,
        1199613,
        1199614,
        1199615,
        1199616,
        1199617,
        1199618,
        1199619,
        1199620,
        1199621,
        1199622,
        1199623,
        1199624,
        1199625,
        1199626,
        1199627,
        1199628,
        1199629,
        1199630,
        1199631,
        1199632,
        1199633,
        1199634,
        1199635,
        1199636,
        1199637,
        1199638,
        1199639,
        1199640,
        1199641,
        1199642,
        1199643,
        1199644,
        1199645,
        1199646,
        1199647,
        1199648,
        1199649,
        1199650,
        1199651,
        1199652,
        1199653,
        1199654,
        1199655,
        1199656,
        1199657,
        1199658,
        1199659,
        1199660,
        1199661,
        1199662,
        1199663,
        1199664,
        1199665,
        1199666,
        1199667,
        1199668,
        1199669,
        1199670,
        1199671,
        1199672,
        1199673,
        1199674,
        1199675,
        1199676,
        1199677,
        1199678,
        1199679,
        1199680,
        1199681,
        1199682,
        1199683,
        1199684,
        1199685,
        1199686,
        1199687,
        1199688,
        1199689,
        1199690,
        1199691,
        1199692,
        1199693,
        1199694,
        1199695,
        1199696,
        1199697,
        1199698,
        1199699,
        1199700,
        1199701,
        1199702,
        1199703,
        1199704,
        1199705,
        1199706,
        1199707,
        1199708,
        1199709,
        1199710,
        1199711,
        1199712,
        1199713,
        1199714,
        1199715,
        1199716,
        1199717,
        1199718,
        1199719,
        1199720,
        1199721,
        1199722,
        1199723,
        1199724,
        1199725,
        1199726,
        1199727,
        1199728,
        1199729,
        1199730,
        1199731,
        1199732,
        1199733,
        1199734,
        1199735,
        1199736,
        1199737,
        1199738,
        1199739,
        1199740,
        1199741,
        1199742,
        1199743,
        1199744,
        1199745,
        1199746,
        1199747,
        1199748,
        1199749,
        1199750,
        1199751,
        1199752,
        1199753,
        1199754,
        1199755,
        1199756,
        1199757,
        1199758,
        1199759,
        1199760,
        1199761,
        1199762,
        1199763,
        1199764,
        1199765,
        1199766,
        1199767,
        1199768,
        1199769,
        1199770,
        1199771,
        1199772,
        1199773,
        1199774,
        1199775,
        1199776,
        1199777,
        1199778,
        1199779,
        1199780,
        1199781,
        1199782,
        1199783,
        1199784,
        1199785,
        1199786,
        1199787,
        1199788,
        1199789,
        1199790,
        1199791,
        1199792,
        1199793,
        1199794,
        1199795,
        1199796,
        1199797,
        1199798,
        1199799,
        1199800,
        1199801,
        1199802,
        1199803,
        1199804,
        1199805,
        1199806,
        1199807,
        1199808,
        1199809,
        1199810,
        1199811,
        1199812,
        1199813,
        1199814,
        1199815,
        1199816,
        1199817,
        1199818,
        1199819,
        1199820,
        1199821,
        1199822,
        1199823,
        1199824,
        1199825,
        1199826,
        1199827,
        1199828,
        1199829,
        1199830,
        1199831,
        1199832,
        1199833,
        1199834,
        1199835,
        1199836,
        1199837,
        1199838,
        1199839,
        1199840,
        1199841,
        1199842,
        1199843,
        1199844,
        1199845,
        1199846,
        1199847,
        1199848,
        1199849,
        1199850,
        1199851,
        1199852,
        1199853,
        1199854,
        1199855,
        1199856,
        1199857,
        1199858,
        1199859,
        1199860,
        1199861,
        1199862,
        1199863,
        1199864,
        1199865,
        1199866,
        1199867,
        1199868,
        1199869,
        1199870,
        1199871,
        1199872,
        1199873,
        1199874,
        1199875,
        1199876,
        1199877,
        1199878,
        1199879,
        1199880,
        1199881,
        1199882,
        1199883,
        1199884,
        1199885,
        1199886,
        1199887,
        1199888,
        1199889,
        1199890,
        1199891,
        1199892,
        1199893,
        1199894,
        1199895,
        1199896,
        1199897,
        1199898,
        1199899,
        1199900,
        1199901,
        1199902,
        1199903,
        1199904,
        1199905,
        1199906,
        1199907,
        1199908,
        1199909,
        1199910,
        1199911,
        1199912,
        1199913,
        1199914,
        1199915,
        1199916,
        1199917,
        1199918,
        1199919,
        1199920,
        1199921,
        1199922,
        1199923,
        1199924,
        1199925,
        1199926,
        1199927,
        1199928,
        1199929,
        1199930,
        1199931,
        1199932,
        1199933,
        1199934,
        1199935,
        1199936,
        1199937,
        1199938,
        1199939,
        1199940,
        1199941,
        1199942,
        1199943,
        1199944,
        1199945,
        1199946,
        1199947,
        1199948,
        1199949,
        1199950,
        1199951,
        1199952,
        1199953,
        1199954,
        1199955,
        1199956,
        1199957,
        1199958,
        1199959,
        1199960,
        1199961,
        1199962,
        1199963,
        1199964,
        1199965,
        1199966,
        1199967,
        1199968,
        1199969,
        1199970,
        1199971,
        1199972,
        1199973,
        1199974,
        1199975,
        1199976,
        1199977,
        1199978,
        1199979,
        1199980,
        1199981,
        1199982,
        1199983,
        1199984,
        1199985,
        1199986,
        1199987,
        1199988,
        1199989,
        1199990,
        1199991,
        1199992,
        1199993,
        1199994,
        1199995,
        1199996,
        1199997,
        1199998,
        1199999,
    ],
    pipeline=[
        dict(type='LoadImageFromNDArray'),
        dict(scale=(
            256,
            64,
        ), type='Resize'),
        dict(type='LoadOCRAnnotations', with_text=True),
        dict(
            meta_keys=(
                'img_path',
                'ori_shape',
                'img_shape',
                'valid_ratio',
            ),
            type='PackTextRecogInputs'),
    ],
    test_mode=True,
    type='RecogLMDBDataset')
pretrain_val_size = 5000
randomness = dict(deterministic=False, seed=None)
rectifier = None
resume = False
svtr_encoder = dict(
    depth=[
        3,
        9,
        9,
    ],
    embed_dims=[
        192,
        256,
        512,
    ],
    img_size=[
        48,
        160,
    ],
    in_channels=3,
    max_seq_len=40,
    merging_types='Conv',
    mixer_types=[
        'Local',
        'Local',
        'Local',
        'Local',
        'Local',
        'Local',
        'Local',
        'Local',
        'Local',
        'Local',
        'Global',
        'Global',
        'Global',
        'Global',
        'Global',
        'Global',
        'Global',
        'Global',
        'Global',
        'Global',
        'Global',
    ],
    num_heads=[
        6,
        8,
        16,
    ],
    out_channels=384,
    prenorm=False,
    type='SVTREncoder',
    window_size=[
        [
            7,
            11,
        ],
        [
            7,
            11,
        ],
        [
            7,
            11,
        ],
    ])
svtrv2_encoder = dict(
    depths=[
        6,
        6,
        6,
    ],
    dims=[
        128,
        256,
        384,
    ],
    feat2d=True,
    in_channels=3,
    kernel_sizes=[
        [
            3,
            3,
            3,
            3,
            3,
            3,
        ],
        [
            3,
            3,
            3,
            3,
            3,
            3,
        ],
        [
            3,
            3,
            3,
            3,
            3,
            3,
        ],
    ],
    last_stage=False,
    max_sz=[
        64,
        384,
    ],
    mixer=[
        [
            'Conv',
            'Conv',
            'Conv',
            'Conv',
            'Conv',
            'Conv',
        ],
        [
            'Conv',
            'Conv',
            'FGlobal',
            'Global',
            'Global',
            'Global',
        ],
        [
            'Global',
            'Global',
            'Global',
            'Global',
            'Global',
            'Global',
        ],
    ],
    num_convs=[
        [
            2,
            2,
            2,
            2,
            2,
            2,
        ],
        [
            2,
            2,
            3,
            3,
            3,
            3,
        ],
        [
            3,
            3,
            3,
            3,
            3,
            3,
        ],
    ],
    num_heads=[
        4,
        8,
        12,
    ],
    sub_k=[
        [
            1,
            1,
        ],
        [
            2,
            1,
        ],
        [
            1,
            1,
        ],
    ],
    type='SVTRv2Backbone',
    use_pos_embed=False)
test_cfg = dict(type='TestLoop')
test_dataloader = dict(
    batch_size=128,
    dataset=dict(
        datasets=[
            dict(
                ann_file='scene_val',
                data_root='data/fudan/scene',
                pipeline=[
                    dict(type='LoadImageFromNDArray'),
                    dict(
                        base_h=32,
                        base_shape=[
                            [
                                64,
                                64,
                            ],
                            [
                                96,
                                48,
                            ],
                            [
                                112,
                                40,
                            ],
                            [
                                128,
                                32,
                            ],
                        ],
                        interpolation='bicubic',
                        max_ratio=12,
                        max_size=None,
                        pad_to_max=True,
                        padding=False,
                        random_resize_factor=False,
                        scale=(
                            256,
                            64,
                        ),
                        type='SVTRv2AdaptiveResize',
                        use_msr=True),
                    dict(type='LoadOCRAnnotations', with_text=True),
                    dict(
                        meta_keys=(
                            'img_path',
                            'ori_shape',
                            'img_shape',
                            'valid_ratio',
                        ),
                        type='PackTextRecogInputs'),
                ],
                test_mode=True,
                type='RecogLMDBDataset'),
            dict(
                ann_file='pretrain_cn_scene',
                data_root='data',
                indices=[
                    1195000,
                    1195001,
                    1195002,
                    1195003,
                    1195004,
                    1195005,
                    1195006,
                    1195007,
                    1195008,
                    1195009,
                    1195010,
                    1195011,
                    1195012,
                    1195013,
                    1195014,
                    1195015,
                    1195016,
                    1195017,
                    1195018,
                    1195019,
                    1195020,
                    1195021,
                    1195022,
                    1195023,
                    1195024,
                    1195025,
                    1195026,
                    1195027,
                    1195028,
                    1195029,
                    1195030,
                    1195031,
                    1195032,
                    1195033,
                    1195034,
                    1195035,
                    1195036,
                    1195037,
                    1195038,
                    1195039,
                    1195040,
                    1195041,
                    1195042,
                    1195043,
                    1195044,
                    1195045,
                    1195046,
                    1195047,
                    1195048,
                    1195049,
                    1195050,
                    1195051,
                    1195052,
                    1195053,
                    1195054,
                    1195055,
                    1195056,
                    1195057,
                    1195058,
                    1195059,
                    1195060,
                    1195061,
                    1195062,
                    1195063,
                    1195064,
                    1195065,
                    1195066,
                    1195067,
                    1195068,
                    1195069,
                    1195070,
                    1195071,
                    1195072,
                    1195073,
                    1195074,
                    1195075,
                    1195076,
                    1195077,
                    1195078,
                    1195079,
                    1195080,
                    1195081,
                    1195082,
                    1195083,
                    1195084,
                    1195085,
                    1195086,
                    1195087,
                    1195088,
                    1195089,
                    1195090,
                    1195091,
                    1195092,
                    1195093,
                    1195094,
                    1195095,
                    1195096,
                    1195097,
                    1195098,
                    1195099,
                    1195100,
                    1195101,
                    1195102,
                    1195103,
                    1195104,
                    1195105,
                    1195106,
                    1195107,
                    1195108,
                    1195109,
                    1195110,
                    1195111,
                    1195112,
                    1195113,
                    1195114,
                    1195115,
                    1195116,
                    1195117,
                    1195118,
                    1195119,
                    1195120,
                    1195121,
                    1195122,
                    1195123,
                    1195124,
                    1195125,
                    1195126,
                    1195127,
                    1195128,
                    1195129,
                    1195130,
                    1195131,
                    1195132,
                    1195133,
                    1195134,
                    1195135,
                    1195136,
                    1195137,
                    1195138,
                    1195139,
                    1195140,
                    1195141,
                    1195142,
                    1195143,
                    1195144,
                    1195145,
                    1195146,
                    1195147,
                    1195148,
                    1195149,
                    1195150,
                    1195151,
                    1195152,
                    1195153,
                    1195154,
                    1195155,
                    1195156,
                    1195157,
                    1195158,
                    1195159,
                    1195160,
                    1195161,
                    1195162,
                    1195163,
                    1195164,
                    1195165,
                    1195166,
                    1195167,
                    1195168,
                    1195169,
                    1195170,
                    1195171,
                    1195172,
                    1195173,
                    1195174,
                    1195175,
                    1195176,
                    1195177,
                    1195178,
                    1195179,
                    1195180,
                    1195181,
                    1195182,
                    1195183,
                    1195184,
                    1195185,
                    1195186,
                    1195187,
                    1195188,
                    1195189,
                    1195190,
                    1195191,
                    1195192,
                    1195193,
                    1195194,
                    1195195,
                    1195196,
                    1195197,
                    1195198,
                    1195199,
                    1195200,
                    1195201,
                    1195202,
                    1195203,
                    1195204,
                    1195205,
                    1195206,
                    1195207,
                    1195208,
                    1195209,
                    1195210,
                    1195211,
                    1195212,
                    1195213,
                    1195214,
                    1195215,
                    1195216,
                    1195217,
                    1195218,
                    1195219,
                    1195220,
                    1195221,
                    1195222,
                    1195223,
                    1195224,
                    1195225,
                    1195226,
                    1195227,
                    1195228,
                    1195229,
                    1195230,
                    1195231,
                    1195232,
                    1195233,
                    1195234,
                    1195235,
                    1195236,
                    1195237,
                    1195238,
                    1195239,
                    1195240,
                    1195241,
                    1195242,
                    1195243,
                    1195244,
                    1195245,
                    1195246,
                    1195247,
                    1195248,
                    1195249,
                    1195250,
                    1195251,
                    1195252,
                    1195253,
                    1195254,
                    1195255,
                    1195256,
                    1195257,
                    1195258,
                    1195259,
                    1195260,
                    1195261,
                    1195262,
                    1195263,
                    1195264,
                    1195265,
                    1195266,
                    1195267,
                    1195268,
                    1195269,
                    1195270,
                    1195271,
                    1195272,
                    1195273,
                    1195274,
                    1195275,
                    1195276,
                    1195277,
                    1195278,
                    1195279,
                    1195280,
                    1195281,
                    1195282,
                    1195283,
                    1195284,
                    1195285,
                    1195286,
                    1195287,
                    1195288,
                    1195289,
                    1195290,
                    1195291,
                    1195292,
                    1195293,
                    1195294,
                    1195295,
                    1195296,
                    1195297,
                    1195298,
                    1195299,
                    1195300,
                    1195301,
                    1195302,
                    1195303,
                    1195304,
                    1195305,
                    1195306,
                    1195307,
                    1195308,
                    1195309,
                    1195310,
                    1195311,
                    1195312,
                    1195313,
                    1195314,
                    1195315,
                    1195316,
                    1195317,
                    1195318,
                    1195319,
                    1195320,
                    1195321,
                    1195322,
                    1195323,
                    1195324,
                    1195325,
                    1195326,
                    1195327,
                    1195328,
                    1195329,
                    1195330,
                    1195331,
                    1195332,
                    1195333,
                    1195334,
                    1195335,
                    1195336,
                    1195337,
                    1195338,
                    1195339,
                    1195340,
                    1195341,
                    1195342,
                    1195343,
                    1195344,
                    1195345,
                    1195346,
                    1195347,
                    1195348,
                    1195349,
                    1195350,
                    1195351,
                    1195352,
                    1195353,
                    1195354,
                    1195355,
                    1195356,
                    1195357,
                    1195358,
                    1195359,
                    1195360,
                    1195361,
                    1195362,
                    1195363,
                    1195364,
                    1195365,
                    1195366,
                    1195367,
                    1195368,
                    1195369,
                    1195370,
                    1195371,
                    1195372,
                    1195373,
                    1195374,
                    1195375,
                    1195376,
                    1195377,
                    1195378,
                    1195379,
                    1195380,
                    1195381,
                    1195382,
                    1195383,
                    1195384,
                    1195385,
                    1195386,
                    1195387,
                    1195388,
                    1195389,
                    1195390,
                    1195391,
                    1195392,
                    1195393,
                    1195394,
                    1195395,
                    1195396,
                    1195397,
                    1195398,
                    1195399,
                    1195400,
                    1195401,
                    1195402,
                    1195403,
                    1195404,
                    1195405,
                    1195406,
                    1195407,
                    1195408,
                    1195409,
                    1195410,
                    1195411,
                    1195412,
                    1195413,
                    1195414,
                    1195415,
                    1195416,
                    1195417,
                    1195418,
                    1195419,
                    1195420,
                    1195421,
                    1195422,
                    1195423,
                    1195424,
                    1195425,
                    1195426,
                    1195427,
                    1195428,
                    1195429,
                    1195430,
                    1195431,
                    1195432,
                    1195433,
                    1195434,
                    1195435,
                    1195436,
                    1195437,
                    1195438,
                    1195439,
                    1195440,
                    1195441,
                    1195442,
                    1195443,
                    1195444,
                    1195445,
                    1195446,
                    1195447,
                    1195448,
                    1195449,
                    1195450,
                    1195451,
                    1195452,
                    1195453,
                    1195454,
                    1195455,
                    1195456,
                    1195457,
                    1195458,
                    1195459,
                    1195460,
                    1195461,
                    1195462,
                    1195463,
                    1195464,
                    1195465,
                    1195466,
                    1195467,
                    1195468,
                    1195469,
                    1195470,
                    1195471,
                    1195472,
                    1195473,
                    1195474,
                    1195475,
                    1195476,
                    1195477,
                    1195478,
                    1195479,
                    1195480,
                    1195481,
                    1195482,
                    1195483,
                    1195484,
                    1195485,
                    1195486,
                    1195487,
                    1195488,
                    1195489,
                    1195490,
                    1195491,
                    1195492,
                    1195493,
                    1195494,
                    1195495,
                    1195496,
                    1195497,
                    1195498,
                    1195499,
                    1195500,
                    1195501,
                    1195502,
                    1195503,
                    1195504,
                    1195505,
                    1195506,
                    1195507,
                    1195508,
                    1195509,
                    1195510,
                    1195511,
                    1195512,
                    1195513,
                    1195514,
                    1195515,
                    1195516,
                    1195517,
                    1195518,
                    1195519,
                    1195520,
                    1195521,
                    1195522,
                    1195523,
                    1195524,
                    1195525,
                    1195526,
                    1195527,
                    1195528,
                    1195529,
                    1195530,
                    1195531,
                    1195532,
                    1195533,
                    1195534,
                    1195535,
                    1195536,
                    1195537,
                    1195538,
                    1195539,
                    1195540,
                    1195541,
                    1195542,
                    1195543,
                    1195544,
                    1195545,
                    1195546,
                    1195547,
                    1195548,
                    1195549,
                    1195550,
                    1195551,
                    1195552,
                    1195553,
                    1195554,
                    1195555,
                    1195556,
                    1195557,
                    1195558,
                    1195559,
                    1195560,
                    1195561,
                    1195562,
                    1195563,
                    1195564,
                    1195565,
                    1195566,
                    1195567,
                    1195568,
                    1195569,
                    1195570,
                    1195571,
                    1195572,
                    1195573,
                    1195574,
                    1195575,
                    1195576,
                    1195577,
                    1195578,
                    1195579,
                    1195580,
                    1195581,
                    1195582,
                    1195583,
                    1195584,
                    1195585,
                    1195586,
                    1195587,
                    1195588,
                    1195589,
                    1195590,
                    1195591,
                    1195592,
                    1195593,
                    1195594,
                    1195595,
                    1195596,
                    1195597,
                    1195598,
                    1195599,
                    1195600,
                    1195601,
                    1195602,
                    1195603,
                    1195604,
                    1195605,
                    1195606,
                    1195607,
                    1195608,
                    1195609,
                    1195610,
                    1195611,
                    1195612,
                    1195613,
                    1195614,
                    1195615,
                    1195616,
                    1195617,
                    1195618,
                    1195619,
                    1195620,
                    1195621,
                    1195622,
                    1195623,
                    1195624,
                    1195625,
                    1195626,
                    1195627,
                    1195628,
                    1195629,
                    1195630,
                    1195631,
                    1195632,
                    1195633,
                    1195634,
                    1195635,
                    1195636,
                    1195637,
                    1195638,
                    1195639,
                    1195640,
                    1195641,
                    1195642,
                    1195643,
                    1195644,
                    1195645,
                    1195646,
                    1195647,
                    1195648,
                    1195649,
                    1195650,
                    1195651,
                    1195652,
                    1195653,
                    1195654,
                    1195655,
                    1195656,
                    1195657,
                    1195658,
                    1195659,
                    1195660,
                    1195661,
                    1195662,
                    1195663,
                    1195664,
                    1195665,
                    1195666,
                    1195667,
                    1195668,
                    1195669,
                    1195670,
                    1195671,
                    1195672,
                    1195673,
                    1195674,
                    1195675,
                    1195676,
                    1195677,
                    1195678,
                    1195679,
                    1195680,
                    1195681,
                    1195682,
                    1195683,
                    1195684,
                    1195685,
                    1195686,
                    1195687,
                    1195688,
                    1195689,
                    1195690,
                    1195691,
                    1195692,
                    1195693,
                    1195694,
                    1195695,
                    1195696,
                    1195697,
                    1195698,
                    1195699,
                    1195700,
                    1195701,
                    1195702,
                    1195703,
                    1195704,
                    1195705,
                    1195706,
                    1195707,
                    1195708,
                    1195709,
                    1195710,
                    1195711,
                    1195712,
                    1195713,
                    1195714,
                    1195715,
                    1195716,
                    1195717,
                    1195718,
                    1195719,
                    1195720,
                    1195721,
                    1195722,
                    1195723,
                    1195724,
                    1195725,
                    1195726,
                    1195727,
                    1195728,
                    1195729,
                    1195730,
                    1195731,
                    1195732,
                    1195733,
                    1195734,
                    1195735,
                    1195736,
                    1195737,
                    1195738,
                    1195739,
                    1195740,
                    1195741,
                    1195742,
                    1195743,
                    1195744,
                    1195745,
                    1195746,
                    1195747,
                    1195748,
                    1195749,
                    1195750,
                    1195751,
                    1195752,
                    1195753,
                    1195754,
                    1195755,
                    1195756,
                    1195757,
                    1195758,
                    1195759,
                    1195760,
                    1195761,
                    1195762,
                    1195763,
                    1195764,
                    1195765,
                    1195766,
                    1195767,
                    1195768,
                    1195769,
                    1195770,
                    1195771,
                    1195772,
                    1195773,
                    1195774,
                    1195775,
                    1195776,
                    1195777,
                    1195778,
                    1195779,
                    1195780,
                    1195781,
                    1195782,
                    1195783,
                    1195784,
                    1195785,
                    1195786,
                    1195787,
                    1195788,
                    1195789,
                    1195790,
                    1195791,
                    1195792,
                    1195793,
                    1195794,
                    1195795,
                    1195796,
                    1195797,
                    1195798,
                    1195799,
                    1195800,
                    1195801,
                    1195802,
                    1195803,
                    1195804,
                    1195805,
                    1195806,
                    1195807,
                    1195808,
                    1195809,
                    1195810,
                    1195811,
                    1195812,
                    1195813,
                    1195814,
                    1195815,
                    1195816,
                    1195817,
                    1195818,
                    1195819,
                    1195820,
                    1195821,
                    1195822,
                    1195823,
                    1195824,
                    1195825,
                    1195826,
                    1195827,
                    1195828,
                    1195829,
                    1195830,
                    1195831,
                    1195832,
                    1195833,
                    1195834,
                    1195835,
                    1195836,
                    1195837,
                    1195838,
                    1195839,
                    1195840,
                    1195841,
                    1195842,
                    1195843,
                    1195844,
                    1195845,
                    1195846,
                    1195847,
                    1195848,
                    1195849,
                    1195850,
                    1195851,
                    1195852,
                    1195853,
                    1195854,
                    1195855,
                    1195856,
                    1195857,
                    1195858,
                    1195859,
                    1195860,
                    1195861,
                    1195862,
                    1195863,
                    1195864,
                    1195865,
                    1195866,
                    1195867,
                    1195868,
                    1195869,
                    1195870,
                    1195871,
                    1195872,
                    1195873,
                    1195874,
                    1195875,
                    1195876,
                    1195877,
                    1195878,
                    1195879,
                    1195880,
                    1195881,
                    1195882,
                    1195883,
                    1195884,
                    1195885,
                    1195886,
                    1195887,
                    1195888,
                    1195889,
                    1195890,
                    1195891,
                    1195892,
                    1195893,
                    1195894,
                    1195895,
                    1195896,
                    1195897,
                    1195898,
                    1195899,
                    1195900,
                    1195901,
                    1195902,
                    1195903,
                    1195904,
                    1195905,
                    1195906,
                    1195907,
                    1195908,
                    1195909,
                    1195910,
                    1195911,
                    1195912,
                    1195913,
                    1195914,
                    1195915,
                    1195916,
                    1195917,
                    1195918,
                    1195919,
                    1195920,
                    1195921,
                    1195922,
                    1195923,
                    1195924,
                    1195925,
                    1195926,
                    1195927,
                    1195928,
                    1195929,
                    1195930,
                    1195931,
                    1195932,
                    1195933,
                    1195934,
                    1195935,
                    1195936,
                    1195937,
                    1195938,
                    1195939,
                    1195940,
                    1195941,
                    1195942,
                    1195943,
                    1195944,
                    1195945,
                    1195946,
                    1195947,
                    1195948,
                    1195949,
                    1195950,
                    1195951,
                    1195952,
                    1195953,
                    1195954,
                    1195955,
                    1195956,
                    1195957,
                    1195958,
                    1195959,
                    1195960,
                    1195961,
                    1195962,
                    1195963,
                    1195964,
                    1195965,
                    1195966,
                    1195967,
                    1195968,
                    1195969,
                    1195970,
                    1195971,
                    1195972,
                    1195973,
                    1195974,
                    1195975,
                    1195976,
                    1195977,
                    1195978,
                    1195979,
                    1195980,
                    1195981,
                    1195982,
                    1195983,
                    1195984,
                    1195985,
                    1195986,
                    1195987,
                    1195988,
                    1195989,
                    1195990,
                    1195991,
                    1195992,
                    1195993,
                    1195994,
                    1195995,
                    1195996,
                    1195997,
                    1195998,
                    1195999,
                    1196000,
                    1196001,
                    1196002,
                    1196003,
                    1196004,
                    1196005,
                    1196006,
                    1196007,
                    1196008,
                    1196009,
                    1196010,
                    1196011,
                    1196012,
                    1196013,
                    1196014,
                    1196015,
                    1196016,
                    1196017,
                    1196018,
                    1196019,
                    1196020,
                    1196021,
                    1196022,
                    1196023,
                    1196024,
                    1196025,
                    1196026,
                    1196027,
                    1196028,
                    1196029,
                    1196030,
                    1196031,
                    1196032,
                    1196033,
                    1196034,
                    1196035,
                    1196036,
                    1196037,
                    1196038,
                    1196039,
                    1196040,
                    1196041,
                    1196042,
                    1196043,
                    1196044,
                    1196045,
                    1196046,
                    1196047,
                    1196048,
                    1196049,
                    1196050,
                    1196051,
                    1196052,
                    1196053,
                    1196054,
                    1196055,
                    1196056,
                    1196057,
                    1196058,
                    1196059,
                    1196060,
                    1196061,
                    1196062,
                    1196063,
                    1196064,
                    1196065,
                    1196066,
                    1196067,
                    1196068,
                    1196069,
                    1196070,
                    1196071,
                    1196072,
                    1196073,
                    1196074,
                    1196075,
                    1196076,
                    1196077,
                    1196078,
                    1196079,
                    1196080,
                    1196081,
                    1196082,
                    1196083,
                    1196084,
                    1196085,
                    1196086,
                    1196087,
                    1196088,
                    1196089,
                    1196090,
                    1196091,
                    1196092,
                    1196093,
                    1196094,
                    1196095,
                    1196096,
                    1196097,
                    1196098,
                    1196099,
                    1196100,
                    1196101,
                    1196102,
                    1196103,
                    1196104,
                    1196105,
                    1196106,
                    1196107,
                    1196108,
                    1196109,
                    1196110,
                    1196111,
                    1196112,
                    1196113,
                    1196114,
                    1196115,
                    1196116,
                    1196117,
                    1196118,
                    1196119,
                    1196120,
                    1196121,
                    1196122,
                    1196123,
                    1196124,
                    1196125,
                    1196126,
                    1196127,
                    1196128,
                    1196129,
                    1196130,
                    1196131,
                    1196132,
                    1196133,
                    1196134,
                    1196135,
                    1196136,
                    1196137,
                    1196138,
                    1196139,
                    1196140,
                    1196141,
                    1196142,
                    1196143,
                    1196144,
                    1196145,
                    1196146,
                    1196147,
                    1196148,
                    1196149,
                    1196150,
                    1196151,
                    1196152,
                    1196153,
                    1196154,
                    1196155,
                    1196156,
                    1196157,
                    1196158,
                    1196159,
                    1196160,
                    1196161,
                    1196162,
                    1196163,
                    1196164,
                    1196165,
                    1196166,
                    1196167,
                    1196168,
                    1196169,
                    1196170,
                    1196171,
                    1196172,
                    1196173,
                    1196174,
                    1196175,
                    1196176,
                    1196177,
                    1196178,
                    1196179,
                    1196180,
                    1196181,
                    1196182,
                    1196183,
                    1196184,
                    1196185,
                    1196186,
                    1196187,
                    1196188,
                    1196189,
                    1196190,
                    1196191,
                    1196192,
                    1196193,
                    1196194,
                    1196195,
                    1196196,
                    1196197,
                    1196198,
                    1196199,
                    1196200,
                    1196201,
                    1196202,
                    1196203,
                    1196204,
                    1196205,
                    1196206,
                    1196207,
                    1196208,
                    1196209,
                    1196210,
                    1196211,
                    1196212,
                    1196213,
                    1196214,
                    1196215,
                    1196216,
                    1196217,
                    1196218,
                    1196219,
                    1196220,
                    1196221,
                    1196222,
                    1196223,
                    1196224,
                    1196225,
                    1196226,
                    1196227,
                    1196228,
                    1196229,
                    1196230,
                    1196231,
                    1196232,
                    1196233,
                    1196234,
                    1196235,
                    1196236,
                    1196237,
                    1196238,
                    1196239,
                    1196240,
                    1196241,
                    1196242,
                    1196243,
                    1196244,
                    1196245,
                    1196246,
                    1196247,
                    1196248,
                    1196249,
                    1196250,
                    1196251,
                    1196252,
                    1196253,
                    1196254,
                    1196255,
                    1196256,
                    1196257,
                    1196258,
                    1196259,
                    1196260,
                    1196261,
                    1196262,
                    1196263,
                    1196264,
                    1196265,
                    1196266,
                    1196267,
                    1196268,
                    1196269,
                    1196270,
                    1196271,
                    1196272,
                    1196273,
                    1196274,
                    1196275,
                    1196276,
                    1196277,
                    1196278,
                    1196279,
                    1196280,
                    1196281,
                    1196282,
                    1196283,
                    1196284,
                    1196285,
                    1196286,
                    1196287,
                    1196288,
                    1196289,
                    1196290,
                    1196291,
                    1196292,
                    1196293,
                    1196294,
                    1196295,
                    1196296,
                    1196297,
                    1196298,
                    1196299,
                    1196300,
                    1196301,
                    1196302,
                    1196303,
                    1196304,
                    1196305,
                    1196306,
                    1196307,
                    1196308,
                    1196309,
                    1196310,
                    1196311,
                    1196312,
                    1196313,
                    1196314,
                    1196315,
                    1196316,
                    1196317,
                    1196318,
                    1196319,
                    1196320,
                    1196321,
                    1196322,
                    1196323,
                    1196324,
                    1196325,
                    1196326,
                    1196327,
                    1196328,
                    1196329,
                    1196330,
                    1196331,
                    1196332,
                    1196333,
                    1196334,
                    1196335,
                    1196336,
                    1196337,
                    1196338,
                    1196339,
                    1196340,
                    1196341,
                    1196342,
                    1196343,
                    1196344,
                    1196345,
                    1196346,
                    1196347,
                    1196348,
                    1196349,
                    1196350,
                    1196351,
                    1196352,
                    1196353,
                    1196354,
                    1196355,
                    1196356,
                    1196357,
                    1196358,
                    1196359,
                    1196360,
                    1196361,
                    1196362,
                    1196363,
                    1196364,
                    1196365,
                    1196366,
                    1196367,
                    1196368,
                    1196369,
                    1196370,
                    1196371,
                    1196372,
                    1196373,
                    1196374,
                    1196375,
                    1196376,
                    1196377,
                    1196378,
                    1196379,
                    1196380,
                    1196381,
                    1196382,
                    1196383,
                    1196384,
                    1196385,
                    1196386,
                    1196387,
                    1196388,
                    1196389,
                    1196390,
                    1196391,
                    1196392,
                    1196393,
                    1196394,
                    1196395,
                    1196396,
                    1196397,
                    1196398,
                    1196399,
                    1196400,
                    1196401,
                    1196402,
                    1196403,
                    1196404,
                    1196405,
                    1196406,
                    1196407,
                    1196408,
                    1196409,
                    1196410,
                    1196411,
                    1196412,
                    1196413,
                    1196414,
                    1196415,
                    1196416,
                    1196417,
                    1196418,
                    1196419,
                    1196420,
                    1196421,
                    1196422,
                    1196423,
                    1196424,
                    1196425,
                    1196426,
                    1196427,
                    1196428,
                    1196429,
                    1196430,
                    1196431,
                    1196432,
                    1196433,
                    1196434,
                    1196435,
                    1196436,
                    1196437,
                    1196438,
                    1196439,
                    1196440,
                    1196441,
                    1196442,
                    1196443,
                    1196444,
                    1196445,
                    1196446,
                    1196447,
                    1196448,
                    1196449,
                    1196450,
                    1196451,
                    1196452,
                    1196453,
                    1196454,
                    1196455,
                    1196456,
                    1196457,
                    1196458,
                    1196459,
                    1196460,
                    1196461,
                    1196462,
                    1196463,
                    1196464,
                    1196465,
                    1196466,
                    1196467,
                    1196468,
                    1196469,
                    1196470,
                    1196471,
                    1196472,
                    1196473,
                    1196474,
                    1196475,
                    1196476,
                    1196477,
                    1196478,
                    1196479,
                    1196480,
                    1196481,
                    1196482,
                    1196483,
                    1196484,
                    1196485,
                    1196486,
                    1196487,
                    1196488,
                    1196489,
                    1196490,
                    1196491,
                    1196492,
                    1196493,
                    1196494,
                    1196495,
                    1196496,
                    1196497,
                    1196498,
                    1196499,
                    1196500,
                    1196501,
                    1196502,
                    1196503,
                    1196504,
                    1196505,
                    1196506,
                    1196507,
                    1196508,
                    1196509,
                    1196510,
                    1196511,
                    1196512,
                    1196513,
                    1196514,
                    1196515,
                    1196516,
                    1196517,
                    1196518,
                    1196519,
                    1196520,
                    1196521,
                    1196522,
                    1196523,
                    1196524,
                    1196525,
                    1196526,
                    1196527,
                    1196528,
                    1196529,
                    1196530,
                    1196531,
                    1196532,
                    1196533,
                    1196534,
                    1196535,
                    1196536,
                    1196537,
                    1196538,
                    1196539,
                    1196540,
                    1196541,
                    1196542,
                    1196543,
                    1196544,
                    1196545,
                    1196546,
                    1196547,
                    1196548,
                    1196549,
                    1196550,
                    1196551,
                    1196552,
                    1196553,
                    1196554,
                    1196555,
                    1196556,
                    1196557,
                    1196558,
                    1196559,
                    1196560,
                    1196561,
                    1196562,
                    1196563,
                    1196564,
                    1196565,
                    1196566,
                    1196567,
                    1196568,
                    1196569,
                    1196570,
                    1196571,
                    1196572,
                    1196573,
                    1196574,
                    1196575,
                    1196576,
                    1196577,
                    1196578,
                    1196579,
                    1196580,
                    1196581,
                    1196582,
                    1196583,
                    1196584,
                    1196585,
                    1196586,
                    1196587,
                    1196588,
                    1196589,
                    1196590,
                    1196591,
                    1196592,
                    1196593,
                    1196594,
                    1196595,
                    1196596,
                    1196597,
                    1196598,
                    1196599,
                    1196600,
                    1196601,
                    1196602,
                    1196603,
                    1196604,
                    1196605,
                    1196606,
                    1196607,
                    1196608,
                    1196609,
                    1196610,
                    1196611,
                    1196612,
                    1196613,
                    1196614,
                    1196615,
                    1196616,
                    1196617,
                    1196618,
                    1196619,
                    1196620,
                    1196621,
                    1196622,
                    1196623,
                    1196624,
                    1196625,
                    1196626,
                    1196627,
                    1196628,
                    1196629,
                    1196630,
                    1196631,
                    1196632,
                    1196633,
                    1196634,
                    1196635,
                    1196636,
                    1196637,
                    1196638,
                    1196639,
                    1196640,
                    1196641,
                    1196642,
                    1196643,
                    1196644,
                    1196645,
                    1196646,
                    1196647,
                    1196648,
                    1196649,
                    1196650,
                    1196651,
                    1196652,
                    1196653,
                    1196654,
                    1196655,
                    1196656,
                    1196657,
                    1196658,
                    1196659,
                    1196660,
                    1196661,
                    1196662,
                    1196663,
                    1196664,
                    1196665,
                    1196666,
                    1196667,
                    1196668,
                    1196669,
                    1196670,
                    1196671,
                    1196672,
                    1196673,
                    1196674,
                    1196675,
                    1196676,
                    1196677,
                    1196678,
                    1196679,
                    1196680,
                    1196681,
                    1196682,
                    1196683,
                    1196684,
                    1196685,
                    1196686,
                    1196687,
                    1196688,
                    1196689,
                    1196690,
                    1196691,
                    1196692,
                    1196693,
                    1196694,
                    1196695,
                    1196696,
                    1196697,
                    1196698,
                    1196699,
                    1196700,
                    1196701,
                    1196702,
                    1196703,
                    1196704,
                    1196705,
                    1196706,
                    1196707,
                    1196708,
                    1196709,
                    1196710,
                    1196711,
                    1196712,
                    1196713,
                    1196714,
                    1196715,
                    1196716,
                    1196717,
                    1196718,
                    1196719,
                    1196720,
                    1196721,
                    1196722,
                    1196723,
                    1196724,
                    1196725,
                    1196726,
                    1196727,
                    1196728,
                    1196729,
                    1196730,
                    1196731,
                    1196732,
                    1196733,
                    1196734,
                    1196735,
                    1196736,
                    1196737,
                    1196738,
                    1196739,
                    1196740,
                    1196741,
                    1196742,
                    1196743,
                    1196744,
                    1196745,
                    1196746,
                    1196747,
                    1196748,
                    1196749,
                    1196750,
                    1196751,
                    1196752,
                    1196753,
                    1196754,
                    1196755,
                    1196756,
                    1196757,
                    1196758,
                    1196759,
                    1196760,
                    1196761,
                    1196762,
                    1196763,
                    1196764,
                    1196765,
                    1196766,
                    1196767,
                    1196768,
                    1196769,
                    1196770,
                    1196771,
                    1196772,
                    1196773,
                    1196774,
                    1196775,
                    1196776,
                    1196777,
                    1196778,
                    1196779,
                    1196780,
                    1196781,
                    1196782,
                    1196783,
                    1196784,
                    1196785,
                    1196786,
                    1196787,
                    1196788,
                    1196789,
                    1196790,
                    1196791,
                    1196792,
                    1196793,
                    1196794,
                    1196795,
                    1196796,
                    1196797,
                    1196798,
                    1196799,
                    1196800,
                    1196801,
                    1196802,
                    1196803,
                    1196804,
                    1196805,
                    1196806,
                    1196807,
                    1196808,
                    1196809,
                    1196810,
                    1196811,
                    1196812,
                    1196813,
                    1196814,
                    1196815,
                    1196816,
                    1196817,
                    1196818,
                    1196819,
                    1196820,
                    1196821,
                    1196822,
                    1196823,
                    1196824,
                    1196825,
                    1196826,
                    1196827,
                    1196828,
                    1196829,
                    1196830,
                    1196831,
                    1196832,
                    1196833,
                    1196834,
                    1196835,
                    1196836,
                    1196837,
                    1196838,
                    1196839,
                    1196840,
                    1196841,
                    1196842,
                    1196843,
                    1196844,
                    1196845,
                    1196846,
                    1196847,
                    1196848,
                    1196849,
                    1196850,
                    1196851,
                    1196852,
                    1196853,
                    1196854,
                    1196855,
                    1196856,
                    1196857,
                    1196858,
                    1196859,
                    1196860,
                    1196861,
                    1196862,
                    1196863,
                    1196864,
                    1196865,
                    1196866,
                    1196867,
                    1196868,
                    1196869,
                    1196870,
                    1196871,
                    1196872,
                    1196873,
                    1196874,
                    1196875,
                    1196876,
                    1196877,
                    1196878,
                    1196879,
                    1196880,
                    1196881,
                    1196882,
                    1196883,
                    1196884,
                    1196885,
                    1196886,
                    1196887,
                    1196888,
                    1196889,
                    1196890,
                    1196891,
                    1196892,
                    1196893,
                    1196894,
                    1196895,
                    1196896,
                    1196897,
                    1196898,
                    1196899,
                    1196900,
                    1196901,
                    1196902,
                    1196903,
                    1196904,
                    1196905,
                    1196906,
                    1196907,
                    1196908,
                    1196909,
                    1196910,
                    1196911,
                    1196912,
                    1196913,
                    1196914,
                    1196915,
                    1196916,
                    1196917,
                    1196918,
                    1196919,
                    1196920,
                    1196921,
                    1196922,
                    1196923,
                    1196924,
                    1196925,
                    1196926,
                    1196927,
                    1196928,
                    1196929,
                    1196930,
                    1196931,
                    1196932,
                    1196933,
                    1196934,
                    1196935,
                    1196936,
                    1196937,
                    1196938,
                    1196939,
                    1196940,
                    1196941,
                    1196942,
                    1196943,
                    1196944,
                    1196945,
                    1196946,
                    1196947,
                    1196948,
                    1196949,
                    1196950,
                    1196951,
                    1196952,
                    1196953,
                    1196954,
                    1196955,
                    1196956,
                    1196957,
                    1196958,
                    1196959,
                    1196960,
                    1196961,
                    1196962,
                    1196963,
                    1196964,
                    1196965,
                    1196966,
                    1196967,
                    1196968,
                    1196969,
                    1196970,
                    1196971,
                    1196972,
                    1196973,
                    1196974,
                    1196975,
                    1196976,
                    1196977,
                    1196978,
                    1196979,
                    1196980,
                    1196981,
                    1196982,
                    1196983,
                    1196984,
                    1196985,
                    1196986,
                    1196987,
                    1196988,
                    1196989,
                    1196990,
                    1196991,
                    1196992,
                    1196993,
                    1196994,
                    1196995,
                    1196996,
                    1196997,
                    1196998,
                    1196999,
                    1197000,
                    1197001,
                    1197002,
                    1197003,
                    1197004,
                    1197005,
                    1197006,
                    1197007,
                    1197008,
                    1197009,
                    1197010,
                    1197011,
                    1197012,
                    1197013,
                    1197014,
                    1197015,
                    1197016,
                    1197017,
                    1197018,
                    1197019,
                    1197020,
                    1197021,
                    1197022,
                    1197023,
                    1197024,
                    1197025,
                    1197026,
                    1197027,
                    1197028,
                    1197029,
                    1197030,
                    1197031,
                    1197032,
                    1197033,
                    1197034,
                    1197035,
                    1197036,
                    1197037,
                    1197038,
                    1197039,
                    1197040,
                    1197041,
                    1197042,
                    1197043,
                    1197044,
                    1197045,
                    1197046,
                    1197047,
                    1197048,
                    1197049,
                    1197050,
                    1197051,
                    1197052,
                    1197053,
                    1197054,
                    1197055,
                    1197056,
                    1197057,
                    1197058,
                    1197059,
                    1197060,
                    1197061,
                    1197062,
                    1197063,
                    1197064,
                    1197065,
                    1197066,
                    1197067,
                    1197068,
                    1197069,
                    1197070,
                    1197071,
                    1197072,
                    1197073,
                    1197074,
                    1197075,
                    1197076,
                    1197077,
                    1197078,
                    1197079,
                    1197080,
                    1197081,
                    1197082,
                    1197083,
                    1197084,
                    1197085,
                    1197086,
                    1197087,
                    1197088,
                    1197089,
                    1197090,
                    1197091,
                    1197092,
                    1197093,
                    1197094,
                    1197095,
                    1197096,
                    1197097,
                    1197098,
                    1197099,
                    1197100,
                    1197101,
                    1197102,
                    1197103,
                    1197104,
                    1197105,
                    1197106,
                    1197107,
                    1197108,
                    1197109,
                    1197110,
                    1197111,
                    1197112,
                    1197113,
                    1197114,
                    1197115,
                    1197116,
                    1197117,
                    1197118,
                    1197119,
                    1197120,
                    1197121,
                    1197122,
                    1197123,
                    1197124,
                    1197125,
                    1197126,
                    1197127,
                    1197128,
                    1197129,
                    1197130,
                    1197131,
                    1197132,
                    1197133,
                    1197134,
                    1197135,
                    1197136,
                    1197137,
                    1197138,
                    1197139,
                    1197140,
                    1197141,
                    1197142,
                    1197143,
                    1197144,
                    1197145,
                    1197146,
                    1197147,
                    1197148,
                    1197149,
                    1197150,
                    1197151,
                    1197152,
                    1197153,
                    1197154,
                    1197155,
                    1197156,
                    1197157,
                    1197158,
                    1197159,
                    1197160,
                    1197161,
                    1197162,
                    1197163,
                    1197164,
                    1197165,
                    1197166,
                    1197167,
                    1197168,
                    1197169,
                    1197170,
                    1197171,
                    1197172,
                    1197173,
                    1197174,
                    1197175,
                    1197176,
                    1197177,
                    1197178,
                    1197179,
                    1197180,
                    1197181,
                    1197182,
                    1197183,
                    1197184,
                    1197185,
                    1197186,
                    1197187,
                    1197188,
                    1197189,
                    1197190,
                    1197191,
                    1197192,
                    1197193,
                    1197194,
                    1197195,
                    1197196,
                    1197197,
                    1197198,
                    1197199,
                    1197200,
                    1197201,
                    1197202,
                    1197203,
                    1197204,
                    1197205,
                    1197206,
                    1197207,
                    1197208,
                    1197209,
                    1197210,
                    1197211,
                    1197212,
                    1197213,
                    1197214,
                    1197215,
                    1197216,
                    1197217,
                    1197218,
                    1197219,
                    1197220,
                    1197221,
                    1197222,
                    1197223,
                    1197224,
                    1197225,
                    1197226,
                    1197227,
                    1197228,
                    1197229,
                    1197230,
                    1197231,
                    1197232,
                    1197233,
                    1197234,
                    1197235,
                    1197236,
                    1197237,
                    1197238,
                    1197239,
                    1197240,
                    1197241,
                    1197242,
                    1197243,
                    1197244,
                    1197245,
                    1197246,
                    1197247,
                    1197248,
                    1197249,
                    1197250,
                    1197251,
                    1197252,
                    1197253,
                    1197254,
                    1197255,
                    1197256,
                    1197257,
                    1197258,
                    1197259,
                    1197260,
                    1197261,
                    1197262,
                    1197263,
                    1197264,
                    1197265,
                    1197266,
                    1197267,
                    1197268,
                    1197269,
                    1197270,
                    1197271,
                    1197272,
                    1197273,
                    1197274,
                    1197275,
                    1197276,
                    1197277,
                    1197278,
                    1197279,
                    1197280,
                    1197281,
                    1197282,
                    1197283,
                    1197284,
                    1197285,
                    1197286,
                    1197287,
                    1197288,
                    1197289,
                    1197290,
                    1197291,
                    1197292,
                    1197293,
                    1197294,
                    1197295,
                    1197296,
                    1197297,
                    1197298,
                    1197299,
                    1197300,
                    1197301,
                    1197302,
                    1197303,
                    1197304,
                    1197305,
                    1197306,
                    1197307,
                    1197308,
                    1197309,
                    1197310,
                    1197311,
                    1197312,
                    1197313,
                    1197314,
                    1197315,
                    1197316,
                    1197317,
                    1197318,
                    1197319,
                    1197320,
                    1197321,
                    1197322,
                    1197323,
                    1197324,
                    1197325,
                    1197326,
                    1197327,
                    1197328,
                    1197329,
                    1197330,
                    1197331,
                    1197332,
                    1197333,
                    1197334,
                    1197335,
                    1197336,
                    1197337,
                    1197338,
                    1197339,
                    1197340,
                    1197341,
                    1197342,
                    1197343,
                    1197344,
                    1197345,
                    1197346,
                    1197347,
                    1197348,
                    1197349,
                    1197350,
                    1197351,
                    1197352,
                    1197353,
                    1197354,
                    1197355,
                    1197356,
                    1197357,
                    1197358,
                    1197359,
                    1197360,
                    1197361,
                    1197362,
                    1197363,
                    1197364,
                    1197365,
                    1197366,
                    1197367,
                    1197368,
                    1197369,
                    1197370,
                    1197371,
                    1197372,
                    1197373,
                    1197374,
                    1197375,
                    1197376,
                    1197377,
                    1197378,
                    1197379,
                    1197380,
                    1197381,
                    1197382,
                    1197383,
                    1197384,
                    1197385,
                    1197386,
                    1197387,
                    1197388,
                    1197389,
                    1197390,
                    1197391,
                    1197392,
                    1197393,
                    1197394,
                    1197395,
                    1197396,
                    1197397,
                    1197398,
                    1197399,
                    1197400,
                    1197401,
                    1197402,
                    1197403,
                    1197404,
                    1197405,
                    1197406,
                    1197407,
                    1197408,
                    1197409,
                    1197410,
                    1197411,
                    1197412,
                    1197413,
                    1197414,
                    1197415,
                    1197416,
                    1197417,
                    1197418,
                    1197419,
                    1197420,
                    1197421,
                    1197422,
                    1197423,
                    1197424,
                    1197425,
                    1197426,
                    1197427,
                    1197428,
                    1197429,
                    1197430,
                    1197431,
                    1197432,
                    1197433,
                    1197434,
                    1197435,
                    1197436,
                    1197437,
                    1197438,
                    1197439,
                    1197440,
                    1197441,
                    1197442,
                    1197443,
                    1197444,
                    1197445,
                    1197446,
                    1197447,
                    1197448,
                    1197449,
                    1197450,
                    1197451,
                    1197452,
                    1197453,
                    1197454,
                    1197455,
                    1197456,
                    1197457,
                    1197458,
                    1197459,
                    1197460,
                    1197461,
                    1197462,
                    1197463,
                    1197464,
                    1197465,
                    1197466,
                    1197467,
                    1197468,
                    1197469,
                    1197470,
                    1197471,
                    1197472,
                    1197473,
                    1197474,
                    1197475,
                    1197476,
                    1197477,
                    1197478,
                    1197479,
                    1197480,
                    1197481,
                    1197482,
                    1197483,
                    1197484,
                    1197485,
                    1197486,
                    1197487,
                    1197488,
                    1197489,
                    1197490,
                    1197491,
                    1197492,
                    1197493,
                    1197494,
                    1197495,
                    1197496,
                    1197497,
                    1197498,
                    1197499,
                    1197500,
                    1197501,
                    1197502,
                    1197503,
                    1197504,
                    1197505,
                    1197506,
                    1197507,
                    1197508,
                    1197509,
                    1197510,
                    1197511,
                    1197512,
                    1197513,
                    1197514,
                    1197515,
                    1197516,
                    1197517,
                    1197518,
                    1197519,
                    1197520,
                    1197521,
                    1197522,
                    1197523,
                    1197524,
                    1197525,
                    1197526,
                    1197527,
                    1197528,
                    1197529,
                    1197530,
                    1197531,
                    1197532,
                    1197533,
                    1197534,
                    1197535,
                    1197536,
                    1197537,
                    1197538,
                    1197539,
                    1197540,
                    1197541,
                    1197542,
                    1197543,
                    1197544,
                    1197545,
                    1197546,
                    1197547,
                    1197548,
                    1197549,
                    1197550,
                    1197551,
                    1197552,
                    1197553,
                    1197554,
                    1197555,
                    1197556,
                    1197557,
                    1197558,
                    1197559,
                    1197560,
                    1197561,
                    1197562,
                    1197563,
                    1197564,
                    1197565,
                    1197566,
                    1197567,
                    1197568,
                    1197569,
                    1197570,
                    1197571,
                    1197572,
                    1197573,
                    1197574,
                    1197575,
                    1197576,
                    1197577,
                    1197578,
                    1197579,
                    1197580,
                    1197581,
                    1197582,
                    1197583,
                    1197584,
                    1197585,
                    1197586,
                    1197587,
                    1197588,
                    1197589,
                    1197590,
                    1197591,
                    1197592,
                    1197593,
                    1197594,
                    1197595,
                    1197596,
                    1197597,
                    1197598,
                    1197599,
                    1197600,
                    1197601,
                    1197602,
                    1197603,
                    1197604,
                    1197605,
                    1197606,
                    1197607,
                    1197608,
                    1197609,
                    1197610,
                    1197611,
                    1197612,
                    1197613,
                    1197614,
                    1197615,
                    1197616,
                    1197617,
                    1197618,
                    1197619,
                    1197620,
                    1197621,
                    1197622,
                    1197623,
                    1197624,
                    1197625,
                    1197626,
                    1197627,
                    1197628,
                    1197629,
                    1197630,
                    1197631,
                    1197632,
                    1197633,
                    1197634,
                    1197635,
                    1197636,
                    1197637,
                    1197638,
                    1197639,
                    1197640,
                    1197641,
                    1197642,
                    1197643,
                    1197644,
                    1197645,
                    1197646,
                    1197647,
                    1197648,
                    1197649,
                    1197650,
                    1197651,
                    1197652,
                    1197653,
                    1197654,
                    1197655,
                    1197656,
                    1197657,
                    1197658,
                    1197659,
                    1197660,
                    1197661,
                    1197662,
                    1197663,
                    1197664,
                    1197665,
                    1197666,
                    1197667,
                    1197668,
                    1197669,
                    1197670,
                    1197671,
                    1197672,
                    1197673,
                    1197674,
                    1197675,
                    1197676,
                    1197677,
                    1197678,
                    1197679,
                    1197680,
                    1197681,
                    1197682,
                    1197683,
                    1197684,
                    1197685,
                    1197686,
                    1197687,
                    1197688,
                    1197689,
                    1197690,
                    1197691,
                    1197692,
                    1197693,
                    1197694,
                    1197695,
                    1197696,
                    1197697,
                    1197698,
                    1197699,
                    1197700,
                    1197701,
                    1197702,
                    1197703,
                    1197704,
                    1197705,
                    1197706,
                    1197707,
                    1197708,
                    1197709,
                    1197710,
                    1197711,
                    1197712,
                    1197713,
                    1197714,
                    1197715,
                    1197716,
                    1197717,
                    1197718,
                    1197719,
                    1197720,
                    1197721,
                    1197722,
                    1197723,
                    1197724,
                    1197725,
                    1197726,
                    1197727,
                    1197728,
                    1197729,
                    1197730,
                    1197731,
                    1197732,
                    1197733,
                    1197734,
                    1197735,
                    1197736,
                    1197737,
                    1197738,
                    1197739,
                    1197740,
                    1197741,
                    1197742,
                    1197743,
                    1197744,
                    1197745,
                    1197746,
                    1197747,
                    1197748,
                    1197749,
                    1197750,
                    1197751,
                    1197752,
                    1197753,
                    1197754,
                    1197755,
                    1197756,
                    1197757,
                    1197758,
                    1197759,
                    1197760,
                    1197761,
                    1197762,
                    1197763,
                    1197764,
                    1197765,
                    1197766,
                    1197767,
                    1197768,
                    1197769,
                    1197770,
                    1197771,
                    1197772,
                    1197773,
                    1197774,
                    1197775,
                    1197776,
                    1197777,
                    1197778,
                    1197779,
                    1197780,
                    1197781,
                    1197782,
                    1197783,
                    1197784,
                    1197785,
                    1197786,
                    1197787,
                    1197788,
                    1197789,
                    1197790,
                    1197791,
                    1197792,
                    1197793,
                    1197794,
                    1197795,
                    1197796,
                    1197797,
                    1197798,
                    1197799,
                    1197800,
                    1197801,
                    1197802,
                    1197803,
                    1197804,
                    1197805,
                    1197806,
                    1197807,
                    1197808,
                    1197809,
                    1197810,
                    1197811,
                    1197812,
                    1197813,
                    1197814,
                    1197815,
                    1197816,
                    1197817,
                    1197818,
                    1197819,
                    1197820,
                    1197821,
                    1197822,
                    1197823,
                    1197824,
                    1197825,
                    1197826,
                    1197827,
                    1197828,
                    1197829,
                    1197830,
                    1197831,
                    1197832,
                    1197833,
                    1197834,
                    1197835,
                    1197836,
                    1197837,
                    1197838,
                    1197839,
                    1197840,
                    1197841,
                    1197842,
                    1197843,
                    1197844,
                    1197845,
                    1197846,
                    1197847,
                    1197848,
                    1197849,
                    1197850,
                    1197851,
                    1197852,
                    1197853,
                    1197854,
                    1197855,
                    1197856,
                    1197857,
                    1197858,
                    1197859,
                    1197860,
                    1197861,
                    1197862,
                    1197863,
                    1197864,
                    1197865,
                    1197866,
                    1197867,
                    1197868,
                    1197869,
                    1197870,
                    1197871,
                    1197872,
                    1197873,
                    1197874,
                    1197875,
                    1197876,
                    1197877,
                    1197878,
                    1197879,
                    1197880,
                    1197881,
                    1197882,
                    1197883,
                    1197884,
                    1197885,
                    1197886,
                    1197887,
                    1197888,
                    1197889,
                    1197890,
                    1197891,
                    1197892,
                    1197893,
                    1197894,
                    1197895,
                    1197896,
                    1197897,
                    1197898,
                    1197899,
                    1197900,
                    1197901,
                    1197902,
                    1197903,
                    1197904,
                    1197905,
                    1197906,
                    1197907,
                    1197908,
                    1197909,
                    1197910,
                    1197911,
                    1197912,
                    1197913,
                    1197914,
                    1197915,
                    1197916,
                    1197917,
                    1197918,
                    1197919,
                    1197920,
                    1197921,
                    1197922,
                    1197923,
                    1197924,
                    1197925,
                    1197926,
                    1197927,
                    1197928,
                    1197929,
                    1197930,
                    1197931,
                    1197932,
                    1197933,
                    1197934,
                    1197935,
                    1197936,
                    1197937,
                    1197938,
                    1197939,
                    1197940,
                    1197941,
                    1197942,
                    1197943,
                    1197944,
                    1197945,
                    1197946,
                    1197947,
                    1197948,
                    1197949,
                    1197950,
                    1197951,
                    1197952,
                    1197953,
                    1197954,
                    1197955,
                    1197956,
                    1197957,
                    1197958,
                    1197959,
                    1197960,
                    1197961,
                    1197962,
                    1197963,
                    1197964,
                    1197965,
                    1197966,
                    1197967,
                    1197968,
                    1197969,
                    1197970,
                    1197971,
                    1197972,
                    1197973,
                    1197974,
                    1197975,
                    1197976,
                    1197977,
                    1197978,
                    1197979,
                    1197980,
                    1197981,
                    1197982,
                    1197983,
                    1197984,
                    1197985,
                    1197986,
                    1197987,
                    1197988,
                    1197989,
                    1197990,
                    1197991,
                    1197992,
                    1197993,
                    1197994,
                    1197995,
                    1197996,
                    1197997,
                    1197998,
                    1197999,
                    1198000,
                    1198001,
                    1198002,
                    1198003,
                    1198004,
                    1198005,
                    1198006,
                    1198007,
                    1198008,
                    1198009,
                    1198010,
                    1198011,
                    1198012,
                    1198013,
                    1198014,
                    1198015,
                    1198016,
                    1198017,
                    1198018,
                    1198019,
                    1198020,
                    1198021,
                    1198022,
                    1198023,
                    1198024,
                    1198025,
                    1198026,
                    1198027,
                    1198028,
                    1198029,
                    1198030,
                    1198031,
                    1198032,
                    1198033,
                    1198034,
                    1198035,
                    1198036,
                    1198037,
                    1198038,
                    1198039,
                    1198040,
                    1198041,
                    1198042,
                    1198043,
                    1198044,
                    1198045,
                    1198046,
                    1198047,
                    1198048,
                    1198049,
                    1198050,
                    1198051,
                    1198052,
                    1198053,
                    1198054,
                    1198055,
                    1198056,
                    1198057,
                    1198058,
                    1198059,
                    1198060,
                    1198061,
                    1198062,
                    1198063,
                    1198064,
                    1198065,
                    1198066,
                    1198067,
                    1198068,
                    1198069,
                    1198070,
                    1198071,
                    1198072,
                    1198073,
                    1198074,
                    1198075,
                    1198076,
                    1198077,
                    1198078,
                    1198079,
                    1198080,
                    1198081,
                    1198082,
                    1198083,
                    1198084,
                    1198085,
                    1198086,
                    1198087,
                    1198088,
                    1198089,
                    1198090,
                    1198091,
                    1198092,
                    1198093,
                    1198094,
                    1198095,
                    1198096,
                    1198097,
                    1198098,
                    1198099,
                    1198100,
                    1198101,
                    1198102,
                    1198103,
                    1198104,
                    1198105,
                    1198106,
                    1198107,
                    1198108,
                    1198109,
                    1198110,
                    1198111,
                    1198112,
                    1198113,
                    1198114,
                    1198115,
                    1198116,
                    1198117,
                    1198118,
                    1198119,
                    1198120,
                    1198121,
                    1198122,
                    1198123,
                    1198124,
                    1198125,
                    1198126,
                    1198127,
                    1198128,
                    1198129,
                    1198130,
                    1198131,
                    1198132,
                    1198133,
                    1198134,
                    1198135,
                    1198136,
                    1198137,
                    1198138,
                    1198139,
                    1198140,
                    1198141,
                    1198142,
                    1198143,
                    1198144,
                    1198145,
                    1198146,
                    1198147,
                    1198148,
                    1198149,
                    1198150,
                    1198151,
                    1198152,
                    1198153,
                    1198154,
                    1198155,
                    1198156,
                    1198157,
                    1198158,
                    1198159,
                    1198160,
                    1198161,
                    1198162,
                    1198163,
                    1198164,
                    1198165,
                    1198166,
                    1198167,
                    1198168,
                    1198169,
                    1198170,
                    1198171,
                    1198172,
                    1198173,
                    1198174,
                    1198175,
                    1198176,
                    1198177,
                    1198178,
                    1198179,
                    1198180,
                    1198181,
                    1198182,
                    1198183,
                    1198184,
                    1198185,
                    1198186,
                    1198187,
                    1198188,
                    1198189,
                    1198190,
                    1198191,
                    1198192,
                    1198193,
                    1198194,
                    1198195,
                    1198196,
                    1198197,
                    1198198,
                    1198199,
                    1198200,
                    1198201,
                    1198202,
                    1198203,
                    1198204,
                    1198205,
                    1198206,
                    1198207,
                    1198208,
                    1198209,
                    1198210,
                    1198211,
                    1198212,
                    1198213,
                    1198214,
                    1198215,
                    1198216,
                    1198217,
                    1198218,
                    1198219,
                    1198220,
                    1198221,
                    1198222,
                    1198223,
                    1198224,
                    1198225,
                    1198226,
                    1198227,
                    1198228,
                    1198229,
                    1198230,
                    1198231,
                    1198232,
                    1198233,
                    1198234,
                    1198235,
                    1198236,
                    1198237,
                    1198238,
                    1198239,
                    1198240,
                    1198241,
                    1198242,
                    1198243,
                    1198244,
                    1198245,
                    1198246,
                    1198247,
                    1198248,
                    1198249,
                    1198250,
                    1198251,
                    1198252,
                    1198253,
                    1198254,
                    1198255,
                    1198256,
                    1198257,
                    1198258,
                    1198259,
                    1198260,
                    1198261,
                    1198262,
                    1198263,
                    1198264,
                    1198265,
                    1198266,
                    1198267,
                    1198268,
                    1198269,
                    1198270,
                    1198271,
                    1198272,
                    1198273,
                    1198274,
                    1198275,
                    1198276,
                    1198277,
                    1198278,
                    1198279,
                    1198280,
                    1198281,
                    1198282,
                    1198283,
                    1198284,
                    1198285,
                    1198286,
                    1198287,
                    1198288,
                    1198289,
                    1198290,
                    1198291,
                    1198292,
                    1198293,
                    1198294,
                    1198295,
                    1198296,
                    1198297,
                    1198298,
                    1198299,
                    1198300,
                    1198301,
                    1198302,
                    1198303,
                    1198304,
                    1198305,
                    1198306,
                    1198307,
                    1198308,
                    1198309,
                    1198310,
                    1198311,
                    1198312,
                    1198313,
                    1198314,
                    1198315,
                    1198316,
                    1198317,
                    1198318,
                    1198319,
                    1198320,
                    1198321,
                    1198322,
                    1198323,
                    1198324,
                    1198325,
                    1198326,
                    1198327,
                    1198328,
                    1198329,
                    1198330,
                    1198331,
                    1198332,
                    1198333,
                    1198334,
                    1198335,
                    1198336,
                    1198337,
                    1198338,
                    1198339,
                    1198340,
                    1198341,
                    1198342,
                    1198343,
                    1198344,
                    1198345,
                    1198346,
                    1198347,
                    1198348,
                    1198349,
                    1198350,
                    1198351,
                    1198352,
                    1198353,
                    1198354,
                    1198355,
                    1198356,
                    1198357,
                    1198358,
                    1198359,
                    1198360,
                    1198361,
                    1198362,
                    1198363,
                    1198364,
                    1198365,
                    1198366,
                    1198367,
                    1198368,
                    1198369,
                    1198370,
                    1198371,
                    1198372,
                    1198373,
                    1198374,
                    1198375,
                    1198376,
                    1198377,
                    1198378,
                    1198379,
                    1198380,
                    1198381,
                    1198382,
                    1198383,
                    1198384,
                    1198385,
                    1198386,
                    1198387,
                    1198388,
                    1198389,
                    1198390,
                    1198391,
                    1198392,
                    1198393,
                    1198394,
                    1198395,
                    1198396,
                    1198397,
                    1198398,
                    1198399,
                    1198400,
                    1198401,
                    1198402,
                    1198403,
                    1198404,
                    1198405,
                    1198406,
                    1198407,
                    1198408,
                    1198409,
                    1198410,
                    1198411,
                    1198412,
                    1198413,
                    1198414,
                    1198415,
                    1198416,
                    1198417,
                    1198418,
                    1198419,
                    1198420,
                    1198421,
                    1198422,
                    1198423,
                    1198424,
                    1198425,
                    1198426,
                    1198427,
                    1198428,
                    1198429,
                    1198430,
                    1198431,
                    1198432,
                    1198433,
                    1198434,
                    1198435,
                    1198436,
                    1198437,
                    1198438,
                    1198439,
                    1198440,
                    1198441,
                    1198442,
                    1198443,
                    1198444,
                    1198445,
                    1198446,
                    1198447,
                    1198448,
                    1198449,
                    1198450,
                    1198451,
                    1198452,
                    1198453,
                    1198454,
                    1198455,
                    1198456,
                    1198457,
                    1198458,
                    1198459,
                    1198460,
                    1198461,
                    1198462,
                    1198463,
                    1198464,
                    1198465,
                    1198466,
                    1198467,
                    1198468,
                    1198469,
                    1198470,
                    1198471,
                    1198472,
                    1198473,
                    1198474,
                    1198475,
                    1198476,
                    1198477,
                    1198478,
                    1198479,
                    1198480,
                    1198481,
                    1198482,
                    1198483,
                    1198484,
                    1198485,
                    1198486,
                    1198487,
                    1198488,
                    1198489,
                    1198490,
                    1198491,
                    1198492,
                    1198493,
                    1198494,
                    1198495,
                    1198496,
                    1198497,
                    1198498,
                    1198499,
                    1198500,
                    1198501,
                    1198502,
                    1198503,
                    1198504,
                    1198505,
                    1198506,
                    1198507,
                    1198508,
                    1198509,
                    1198510,
                    1198511,
                    1198512,
                    1198513,
                    1198514,
                    1198515,
                    1198516,
                    1198517,
                    1198518,
                    1198519,
                    1198520,
                    1198521,
                    1198522,
                    1198523,
                    1198524,
                    1198525,
                    1198526,
                    1198527,
                    1198528,
                    1198529,
                    1198530,
                    1198531,
                    1198532,
                    1198533,
                    1198534,
                    1198535,
                    1198536,
                    1198537,
                    1198538,
                    1198539,
                    1198540,
                    1198541,
                    1198542,
                    1198543,
                    1198544,
                    1198545,
                    1198546,
                    1198547,
                    1198548,
                    1198549,
                    1198550,
                    1198551,
                    1198552,
                    1198553,
                    1198554,
                    1198555,
                    1198556,
                    1198557,
                    1198558,
                    1198559,
                    1198560,
                    1198561,
                    1198562,
                    1198563,
                    1198564,
                    1198565,
                    1198566,
                    1198567,
                    1198568,
                    1198569,
                    1198570,
                    1198571,
                    1198572,
                    1198573,
                    1198574,
                    1198575,
                    1198576,
                    1198577,
                    1198578,
                    1198579,
                    1198580,
                    1198581,
                    1198582,
                    1198583,
                    1198584,
                    1198585,
                    1198586,
                    1198587,
                    1198588,
                    1198589,
                    1198590,
                    1198591,
                    1198592,
                    1198593,
                    1198594,
                    1198595,
                    1198596,
                    1198597,
                    1198598,
                    1198599,
                    1198600,
                    1198601,
                    1198602,
                    1198603,
                    1198604,
                    1198605,
                    1198606,
                    1198607,
                    1198608,
                    1198609,
                    1198610,
                    1198611,
                    1198612,
                    1198613,
                    1198614,
                    1198615,
                    1198616,
                    1198617,
                    1198618,
                    1198619,
                    1198620,
                    1198621,
                    1198622,
                    1198623,
                    1198624,
                    1198625,
                    1198626,
                    1198627,
                    1198628,
                    1198629,
                    1198630,
                    1198631,
                    1198632,
                    1198633,
                    1198634,
                    1198635,
                    1198636,
                    1198637,
                    1198638,
                    1198639,
                    1198640,
                    1198641,
                    1198642,
                    1198643,
                    1198644,
                    1198645,
                    1198646,
                    1198647,
                    1198648,
                    1198649,
                    1198650,
                    1198651,
                    1198652,
                    1198653,
                    1198654,
                    1198655,
                    1198656,
                    1198657,
                    1198658,
                    1198659,
                    1198660,
                    1198661,
                    1198662,
                    1198663,
                    1198664,
                    1198665,
                    1198666,
                    1198667,
                    1198668,
                    1198669,
                    1198670,
                    1198671,
                    1198672,
                    1198673,
                    1198674,
                    1198675,
                    1198676,
                    1198677,
                    1198678,
                    1198679,
                    1198680,
                    1198681,
                    1198682,
                    1198683,
                    1198684,
                    1198685,
                    1198686,
                    1198687,
                    1198688,
                    1198689,
                    1198690,
                    1198691,
                    1198692,
                    1198693,
                    1198694,
                    1198695,
                    1198696,
                    1198697,
                    1198698,
                    1198699,
                    1198700,
                    1198701,
                    1198702,
                    1198703,
                    1198704,
                    1198705,
                    1198706,
                    1198707,
                    1198708,
                    1198709,
                    1198710,
                    1198711,
                    1198712,
                    1198713,
                    1198714,
                    1198715,
                    1198716,
                    1198717,
                    1198718,
                    1198719,
                    1198720,
                    1198721,
                    1198722,
                    1198723,
                    1198724,
                    1198725,
                    1198726,
                    1198727,
                    1198728,
                    1198729,
                    1198730,
                    1198731,
                    1198732,
                    1198733,
                    1198734,
                    1198735,
                    1198736,
                    1198737,
                    1198738,
                    1198739,
                    1198740,
                    1198741,
                    1198742,
                    1198743,
                    1198744,
                    1198745,
                    1198746,
                    1198747,
                    1198748,
                    1198749,
                    1198750,
                    1198751,
                    1198752,
                    1198753,
                    1198754,
                    1198755,
                    1198756,
                    1198757,
                    1198758,
                    1198759,
                    1198760,
                    1198761,
                    1198762,
                    1198763,
                    1198764,
                    1198765,
                    1198766,
                    1198767,
                    1198768,
                    1198769,
                    1198770,
                    1198771,
                    1198772,
                    1198773,
                    1198774,
                    1198775,
                    1198776,
                    1198777,
                    1198778,
                    1198779,
                    1198780,
                    1198781,
                    1198782,
                    1198783,
                    1198784,
                    1198785,
                    1198786,
                    1198787,
                    1198788,
                    1198789,
                    1198790,
                    1198791,
                    1198792,
                    1198793,
                    1198794,
                    1198795,
                    1198796,
                    1198797,
                    1198798,
                    1198799,
                    1198800,
                    1198801,
                    1198802,
                    1198803,
                    1198804,
                    1198805,
                    1198806,
                    1198807,
                    1198808,
                    1198809,
                    1198810,
                    1198811,
                    1198812,
                    1198813,
                    1198814,
                    1198815,
                    1198816,
                    1198817,
                    1198818,
                    1198819,
                    1198820,
                    1198821,
                    1198822,
                    1198823,
                    1198824,
                    1198825,
                    1198826,
                    1198827,
                    1198828,
                    1198829,
                    1198830,
                    1198831,
                    1198832,
                    1198833,
                    1198834,
                    1198835,
                    1198836,
                    1198837,
                    1198838,
                    1198839,
                    1198840,
                    1198841,
                    1198842,
                    1198843,
                    1198844,
                    1198845,
                    1198846,
                    1198847,
                    1198848,
                    1198849,
                    1198850,
                    1198851,
                    1198852,
                    1198853,
                    1198854,
                    1198855,
                    1198856,
                    1198857,
                    1198858,
                    1198859,
                    1198860,
                    1198861,
                    1198862,
                    1198863,
                    1198864,
                    1198865,
                    1198866,
                    1198867,
                    1198868,
                    1198869,
                    1198870,
                    1198871,
                    1198872,
                    1198873,
                    1198874,
                    1198875,
                    1198876,
                    1198877,
                    1198878,
                    1198879,
                    1198880,
                    1198881,
                    1198882,
                    1198883,
                    1198884,
                    1198885,
                    1198886,
                    1198887,
                    1198888,
                    1198889,
                    1198890,
                    1198891,
                    1198892,
                    1198893,
                    1198894,
                    1198895,
                    1198896,
                    1198897,
                    1198898,
                    1198899,
                    1198900,
                    1198901,
                    1198902,
                    1198903,
                    1198904,
                    1198905,
                    1198906,
                    1198907,
                    1198908,
                    1198909,
                    1198910,
                    1198911,
                    1198912,
                    1198913,
                    1198914,
                    1198915,
                    1198916,
                    1198917,
                    1198918,
                    1198919,
                    1198920,
                    1198921,
                    1198922,
                    1198923,
                    1198924,
                    1198925,
                    1198926,
                    1198927,
                    1198928,
                    1198929,
                    1198930,
                    1198931,
                    1198932,
                    1198933,
                    1198934,
                    1198935,
                    1198936,
                    1198937,
                    1198938,
                    1198939,
                    1198940,
                    1198941,
                    1198942,
                    1198943,
                    1198944,
                    1198945,
                    1198946,
                    1198947,
                    1198948,
                    1198949,
                    1198950,
                    1198951,
                    1198952,
                    1198953,
                    1198954,
                    1198955,
                    1198956,
                    1198957,
                    1198958,
                    1198959,
                    1198960,
                    1198961,
                    1198962,
                    1198963,
                    1198964,
                    1198965,
                    1198966,
                    1198967,
                    1198968,
                    1198969,
                    1198970,
                    1198971,
                    1198972,
                    1198973,
                    1198974,
                    1198975,
                    1198976,
                    1198977,
                    1198978,
                    1198979,
                    1198980,
                    1198981,
                    1198982,
                    1198983,
                    1198984,
                    1198985,
                    1198986,
                    1198987,
                    1198988,
                    1198989,
                    1198990,
                    1198991,
                    1198992,
                    1198993,
                    1198994,
                    1198995,
                    1198996,
                    1198997,
                    1198998,
                    1198999,
                    1199000,
                    1199001,
                    1199002,
                    1199003,
                    1199004,
                    1199005,
                    1199006,
                    1199007,
                    1199008,
                    1199009,
                    1199010,
                    1199011,
                    1199012,
                    1199013,
                    1199014,
                    1199015,
                    1199016,
                    1199017,
                    1199018,
                    1199019,
                    1199020,
                    1199021,
                    1199022,
                    1199023,
                    1199024,
                    1199025,
                    1199026,
                    1199027,
                    1199028,
                    1199029,
                    1199030,
                    1199031,
                    1199032,
                    1199033,
                    1199034,
                    1199035,
                    1199036,
                    1199037,
                    1199038,
                    1199039,
                    1199040,
                    1199041,
                    1199042,
                    1199043,
                    1199044,
                    1199045,
                    1199046,
                    1199047,
                    1199048,
                    1199049,
                    1199050,
                    1199051,
                    1199052,
                    1199053,
                    1199054,
                    1199055,
                    1199056,
                    1199057,
                    1199058,
                    1199059,
                    1199060,
                    1199061,
                    1199062,
                    1199063,
                    1199064,
                    1199065,
                    1199066,
                    1199067,
                    1199068,
                    1199069,
                    1199070,
                    1199071,
                    1199072,
                    1199073,
                    1199074,
                    1199075,
                    1199076,
                    1199077,
                    1199078,
                    1199079,
                    1199080,
                    1199081,
                    1199082,
                    1199083,
                    1199084,
                    1199085,
                    1199086,
                    1199087,
                    1199088,
                    1199089,
                    1199090,
                    1199091,
                    1199092,
                    1199093,
                    1199094,
                    1199095,
                    1199096,
                    1199097,
                    1199098,
                    1199099,
                    1199100,
                    1199101,
                    1199102,
                    1199103,
                    1199104,
                    1199105,
                    1199106,
                    1199107,
                    1199108,
                    1199109,
                    1199110,
                    1199111,
                    1199112,
                    1199113,
                    1199114,
                    1199115,
                    1199116,
                    1199117,
                    1199118,
                    1199119,
                    1199120,
                    1199121,
                    1199122,
                    1199123,
                    1199124,
                    1199125,
                    1199126,
                    1199127,
                    1199128,
                    1199129,
                    1199130,
                    1199131,
                    1199132,
                    1199133,
                    1199134,
                    1199135,
                    1199136,
                    1199137,
                    1199138,
                    1199139,
                    1199140,
                    1199141,
                    1199142,
                    1199143,
                    1199144,
                    1199145,
                    1199146,
                    1199147,
                    1199148,
                    1199149,
                    1199150,
                    1199151,
                    1199152,
                    1199153,
                    1199154,
                    1199155,
                    1199156,
                    1199157,
                    1199158,
                    1199159,
                    1199160,
                    1199161,
                    1199162,
                    1199163,
                    1199164,
                    1199165,
                    1199166,
                    1199167,
                    1199168,
                    1199169,
                    1199170,
                    1199171,
                    1199172,
                    1199173,
                    1199174,
                    1199175,
                    1199176,
                    1199177,
                    1199178,
                    1199179,
                    1199180,
                    1199181,
                    1199182,
                    1199183,
                    1199184,
                    1199185,
                    1199186,
                    1199187,
                    1199188,
                    1199189,
                    1199190,
                    1199191,
                    1199192,
                    1199193,
                    1199194,
                    1199195,
                    1199196,
                    1199197,
                    1199198,
                    1199199,
                    1199200,
                    1199201,
                    1199202,
                    1199203,
                    1199204,
                    1199205,
                    1199206,
                    1199207,
                    1199208,
                    1199209,
                    1199210,
                    1199211,
                    1199212,
                    1199213,
                    1199214,
                    1199215,
                    1199216,
                    1199217,
                    1199218,
                    1199219,
                    1199220,
                    1199221,
                    1199222,
                    1199223,
                    1199224,
                    1199225,
                    1199226,
                    1199227,
                    1199228,
                    1199229,
                    1199230,
                    1199231,
                    1199232,
                    1199233,
                    1199234,
                    1199235,
                    1199236,
                    1199237,
                    1199238,
                    1199239,
                    1199240,
                    1199241,
                    1199242,
                    1199243,
                    1199244,
                    1199245,
                    1199246,
                    1199247,
                    1199248,
                    1199249,
                    1199250,
                    1199251,
                    1199252,
                    1199253,
                    1199254,
                    1199255,
                    1199256,
                    1199257,
                    1199258,
                    1199259,
                    1199260,
                    1199261,
                    1199262,
                    1199263,
                    1199264,
                    1199265,
                    1199266,
                    1199267,
                    1199268,
                    1199269,
                    1199270,
                    1199271,
                    1199272,
                    1199273,
                    1199274,
                    1199275,
                    1199276,
                    1199277,
                    1199278,
                    1199279,
                    1199280,
                    1199281,
                    1199282,
                    1199283,
                    1199284,
                    1199285,
                    1199286,
                    1199287,
                    1199288,
                    1199289,
                    1199290,
                    1199291,
                    1199292,
                    1199293,
                    1199294,
                    1199295,
                    1199296,
                    1199297,
                    1199298,
                    1199299,
                    1199300,
                    1199301,
                    1199302,
                    1199303,
                    1199304,
                    1199305,
                    1199306,
                    1199307,
                    1199308,
                    1199309,
                    1199310,
                    1199311,
                    1199312,
                    1199313,
                    1199314,
                    1199315,
                    1199316,
                    1199317,
                    1199318,
                    1199319,
                    1199320,
                    1199321,
                    1199322,
                    1199323,
                    1199324,
                    1199325,
                    1199326,
                    1199327,
                    1199328,
                    1199329,
                    1199330,
                    1199331,
                    1199332,
                    1199333,
                    1199334,
                    1199335,
                    1199336,
                    1199337,
                    1199338,
                    1199339,
                    1199340,
                    1199341,
                    1199342,
                    1199343,
                    1199344,
                    1199345,
                    1199346,
                    1199347,
                    1199348,
                    1199349,
                    1199350,
                    1199351,
                    1199352,
                    1199353,
                    1199354,
                    1199355,
                    1199356,
                    1199357,
                    1199358,
                    1199359,
                    1199360,
                    1199361,
                    1199362,
                    1199363,
                    1199364,
                    1199365,
                    1199366,
                    1199367,
                    1199368,
                    1199369,
                    1199370,
                    1199371,
                    1199372,
                    1199373,
                    1199374,
                    1199375,
                    1199376,
                    1199377,
                    1199378,
                    1199379,
                    1199380,
                    1199381,
                    1199382,
                    1199383,
                    1199384,
                    1199385,
                    1199386,
                    1199387,
                    1199388,
                    1199389,
                    1199390,
                    1199391,
                    1199392,
                    1199393,
                    1199394,
                    1199395,
                    1199396,
                    1199397,
                    1199398,
                    1199399,
                    1199400,
                    1199401,
                    1199402,
                    1199403,
                    1199404,
                    1199405,
                    1199406,
                    1199407,
                    1199408,
                    1199409,
                    1199410,
                    1199411,
                    1199412,
                    1199413,
                    1199414,
                    1199415,
                    1199416,
                    1199417,
                    1199418,
                    1199419,
                    1199420,
                    1199421,
                    1199422,
                    1199423,
                    1199424,
                    1199425,
                    1199426,
                    1199427,
                    1199428,
                    1199429,
                    1199430,
                    1199431,
                    1199432,
                    1199433,
                    1199434,
                    1199435,
                    1199436,
                    1199437,
                    1199438,
                    1199439,
                    1199440,
                    1199441,
                    1199442,
                    1199443,
                    1199444,
                    1199445,
                    1199446,
                    1199447,
                    1199448,
                    1199449,
                    1199450,
                    1199451,
                    1199452,
                    1199453,
                    1199454,
                    1199455,
                    1199456,
                    1199457,
                    1199458,
                    1199459,
                    1199460,
                    1199461,
                    1199462,
                    1199463,
                    1199464,
                    1199465,
                    1199466,
                    1199467,
                    1199468,
                    1199469,
                    1199470,
                    1199471,
                    1199472,
                    1199473,
                    1199474,
                    1199475,
                    1199476,
                    1199477,
                    1199478,
                    1199479,
                    1199480,
                    1199481,
                    1199482,
                    1199483,
                    1199484,
                    1199485,
                    1199486,
                    1199487,
                    1199488,
                    1199489,
                    1199490,
                    1199491,
                    1199492,
                    1199493,
                    1199494,
                    1199495,
                    1199496,
                    1199497,
                    1199498,
                    1199499,
                    1199500,
                    1199501,
                    1199502,
                    1199503,
                    1199504,
                    1199505,
                    1199506,
                    1199507,
                    1199508,
                    1199509,
                    1199510,
                    1199511,
                    1199512,
                    1199513,
                    1199514,
                    1199515,
                    1199516,
                    1199517,
                    1199518,
                    1199519,
                    1199520,
                    1199521,
                    1199522,
                    1199523,
                    1199524,
                    1199525,
                    1199526,
                    1199527,
                    1199528,
                    1199529,
                    1199530,
                    1199531,
                    1199532,
                    1199533,
                    1199534,
                    1199535,
                    1199536,
                    1199537,
                    1199538,
                    1199539,
                    1199540,
                    1199541,
                    1199542,
                    1199543,
                    1199544,
                    1199545,
                    1199546,
                    1199547,
                    1199548,
                    1199549,
                    1199550,
                    1199551,
                    1199552,
                    1199553,
                    1199554,
                    1199555,
                    1199556,
                    1199557,
                    1199558,
                    1199559,
                    1199560,
                    1199561,
                    1199562,
                    1199563,
                    1199564,
                    1199565,
                    1199566,
                    1199567,
                    1199568,
                    1199569,
                    1199570,
                    1199571,
                    1199572,
                    1199573,
                    1199574,
                    1199575,
                    1199576,
                    1199577,
                    1199578,
                    1199579,
                    1199580,
                    1199581,
                    1199582,
                    1199583,
                    1199584,
                    1199585,
                    1199586,
                    1199587,
                    1199588,
                    1199589,
                    1199590,
                    1199591,
                    1199592,
                    1199593,
                    1199594,
                    1199595,
                    1199596,
                    1199597,
                    1199598,
                    1199599,
                    1199600,
                    1199601,
                    1199602,
                    1199603,
                    1199604,
                    1199605,
                    1199606,
                    1199607,
                    1199608,
                    1199609,
                    1199610,
                    1199611,
                    1199612,
                    1199613,
                    1199614,
                    1199615,
                    1199616,
                    1199617,
                    1199618,
                    1199619,
                    1199620,
                    1199621,
                    1199622,
                    1199623,
                    1199624,
                    1199625,
                    1199626,
                    1199627,
                    1199628,
                    1199629,
                    1199630,
                    1199631,
                    1199632,
                    1199633,
                    1199634,
                    1199635,
                    1199636,
                    1199637,
                    1199638,
                    1199639,
                    1199640,
                    1199641,
                    1199642,
                    1199643,
                    1199644,
                    1199645,
                    1199646,
                    1199647,
                    1199648,
                    1199649,
                    1199650,
                    1199651,
                    1199652,
                    1199653,
                    1199654,
                    1199655,
                    1199656,
                    1199657,
                    1199658,
                    1199659,
                    1199660,
                    1199661,
                    1199662,
                    1199663,
                    1199664,
                    1199665,
                    1199666,
                    1199667,
                    1199668,
                    1199669,
                    1199670,
                    1199671,
                    1199672,
                    1199673,
                    1199674,
                    1199675,
                    1199676,
                    1199677,
                    1199678,
                    1199679,
                    1199680,
                    1199681,
                    1199682,
                    1199683,
                    1199684,
                    1199685,
                    1199686,
                    1199687,
                    1199688,
                    1199689,
                    1199690,
                    1199691,
                    1199692,
                    1199693,
                    1199694,
                    1199695,
                    1199696,
                    1199697,
                    1199698,
                    1199699,
                    1199700,
                    1199701,
                    1199702,
                    1199703,
                    1199704,
                    1199705,
                    1199706,
                    1199707,
                    1199708,
                    1199709,
                    1199710,
                    1199711,
                    1199712,
                    1199713,
                    1199714,
                    1199715,
                    1199716,
                    1199717,
                    1199718,
                    1199719,
                    1199720,
                    1199721,
                    1199722,
                    1199723,
                    1199724,
                    1199725,
                    1199726,
                    1199727,
                    1199728,
                    1199729,
                    1199730,
                    1199731,
                    1199732,
                    1199733,
                    1199734,
                    1199735,
                    1199736,
                    1199737,
                    1199738,
                    1199739,
                    1199740,
                    1199741,
                    1199742,
                    1199743,
                    1199744,
                    1199745,
                    1199746,
                    1199747,
                    1199748,
                    1199749,
                    1199750,
                    1199751,
                    1199752,
                    1199753,
                    1199754,
                    1199755,
                    1199756,
                    1199757,
                    1199758,
                    1199759,
                    1199760,
                    1199761,
                    1199762,
                    1199763,
                    1199764,
                    1199765,
                    1199766,
                    1199767,
                    1199768,
                    1199769,
                    1199770,
                    1199771,
                    1199772,
                    1199773,
                    1199774,
                    1199775,
                    1199776,
                    1199777,
                    1199778,
                    1199779,
                    1199780,
                    1199781,
                    1199782,
                    1199783,
                    1199784,
                    1199785,
                    1199786,
                    1199787,
                    1199788,
                    1199789,
                    1199790,
                    1199791,
                    1199792,
                    1199793,
                    1199794,
                    1199795,
                    1199796,
                    1199797,
                    1199798,
                    1199799,
                    1199800,
                    1199801,
                    1199802,
                    1199803,
                    1199804,
                    1199805,
                    1199806,
                    1199807,
                    1199808,
                    1199809,
                    1199810,
                    1199811,
                    1199812,
                    1199813,
                    1199814,
                    1199815,
                    1199816,
                    1199817,
                    1199818,
                    1199819,
                    1199820,
                    1199821,
                    1199822,
                    1199823,
                    1199824,
                    1199825,
                    1199826,
                    1199827,
                    1199828,
                    1199829,
                    1199830,
                    1199831,
                    1199832,
                    1199833,
                    1199834,
                    1199835,
                    1199836,
                    1199837,
                    1199838,
                    1199839,
                    1199840,
                    1199841,
                    1199842,
                    1199843,
                    1199844,
                    1199845,
                    1199846,
                    1199847,
                    1199848,
                    1199849,
                    1199850,
                    1199851,
                    1199852,
                    1199853,
                    1199854,
                    1199855,
                    1199856,
                    1199857,
                    1199858,
                    1199859,
                    1199860,
                    1199861,
                    1199862,
                    1199863,
                    1199864,
                    1199865,
                    1199866,
                    1199867,
                    1199868,
                    1199869,
                    1199870,
                    1199871,
                    1199872,
                    1199873,
                    1199874,
                    1199875,
                    1199876,
                    1199877,
                    1199878,
                    1199879,
                    1199880,
                    1199881,
                    1199882,
                    1199883,
                    1199884,
                    1199885,
                    1199886,
                    1199887,
                    1199888,
                    1199889,
                    1199890,
                    1199891,
                    1199892,
                    1199893,
                    1199894,
                    1199895,
                    1199896,
                    1199897,
                    1199898,
                    1199899,
                    1199900,
                    1199901,
                    1199902,
                    1199903,
                    1199904,
                    1199905,
                    1199906,
                    1199907,
                    1199908,
                    1199909,
                    1199910,
                    1199911,
                    1199912,
                    1199913,
                    1199914,
                    1199915,
                    1199916,
                    1199917,
                    1199918,
                    1199919,
                    1199920,
                    1199921,
                    1199922,
                    1199923,
                    1199924,
                    1199925,
                    1199926,
                    1199927,
                    1199928,
                    1199929,
                    1199930,
                    1199931,
                    1199932,
                    1199933,
                    1199934,
                    1199935,
                    1199936,
                    1199937,
                    1199938,
                    1199939,
                    1199940,
                    1199941,
                    1199942,
                    1199943,
                    1199944,
                    1199945,
                    1199946,
                    1199947,
                    1199948,
                    1199949,
                    1199950,
                    1199951,
                    1199952,
                    1199953,
                    1199954,
                    1199955,
                    1199956,
                    1199957,
                    1199958,
                    1199959,
                    1199960,
                    1199961,
                    1199962,
                    1199963,
                    1199964,
                    1199965,
                    1199966,
                    1199967,
                    1199968,
                    1199969,
                    1199970,
                    1199971,
                    1199972,
                    1199973,
                    1199974,
                    1199975,
                    1199976,
                    1199977,
                    1199978,
                    1199979,
                    1199980,
                    1199981,
                    1199982,
                    1199983,
                    1199984,
                    1199985,
                    1199986,
                    1199987,
                    1199988,
                    1199989,
                    1199990,
                    1199991,
                    1199992,
                    1199993,
                    1199994,
                    1199995,
                    1199996,
                    1199997,
                    1199998,
                    1199999,
                ],
                pipeline=[
                    dict(type='LoadImageFromNDArray'),
                    dict(
                        base_h=32,
                        base_shape=[
                            [
                                64,
                                64,
                            ],
                            [
                                96,
                                48,
                            ],
                            [
                                112,
                                40,
                            ],
                            [
                                128,
                                32,
                            ],
                        ],
                        interpolation='bicubic',
                        max_ratio=12,
                        max_size=None,
                        pad_to_max=True,
                        padding=False,
                        random_resize_factor=False,
                        scale=(
                            256,
                            64,
                        ),
                        type='SVTRv2AdaptiveResize',
                        use_msr=True),
                    dict(type='LoadOCRAnnotations', with_text=True),
                    dict(
                        meta_keys=(
                            'img_path',
                            'ori_shape',
                            'img_shape',
                            'valid_ratio',
                        ),
                        type='PackTextRecogInputs'),
                ],
                test_mode=True,
                type='RecogLMDBDataset'),
        ],
        type='ConcatDataset',
        verify_meta=False),
    drop_last=False,
    num_workers=4,
    persistent_workers=True,
    pin_memory=True,
    sampler=dict(shuffle=False, type='DefaultSampler'))
test_evaluator = dict(
    dataset_prefixes=[
        'Fudan',
        'PretrainCN_holdout',
    ],
    metrics=[
        dict(mode=[
            'exact',
        ], type='WordMetric'),
        dict(type='OneMinusNEDMetric'),
    ],
    type='MultiDatasetsEvaluator')
test_pipeline = [
    dict(type='LoadImageFromNDArray'),
    dict(
        base_h=32,
        base_shape=[
            [
                64,
                64,
            ],
            [
                96,
                48,
            ],
            [
                112,
                40,
            ],
            [
                128,
                32,
            ],
        ],
        interpolation='bicubic',
        max_ratio=12,
        max_size=None,
        pad_to_max=True,
        padding=False,
        random_resize_factor=False,
        scale=(
            256,
            64,
        ),
        type='SVTRv2AdaptiveResize',
        use_msr=True),
    dict(type='LoadOCRAnnotations', with_text=True),
    dict(
        meta_keys=(
            'img_path',
            'ori_shape',
            'img_shape',
            'valid_ratio',
        ),
        type='PackTextRecogInputs'),
]
train_cfg = dict(max_epochs=1, type='EpochBasedTrainLoop', val_interval=999)
train_dataloader = dict(
    batch_size=1,
    dataset=dict(
        datasets=[
            dict(
                ann_file='pretrain_cn_scene',
                data_root='data',
                indices=2,
                pipeline=[
                    dict(
                        ignore_empty=True,
                        min_size=5,
                        type='LoadImageFromNDArray'),
                    dict(type='LoadOCRAnnotations', with_text=True),
                    dict(
                        prob=0.4,
                        transforms=[
                            dict(type='TextRecogGeneralAug'),
                        ],
                        type='RandomApply'),
                    dict(
                        prob=0.4,
                        transforms=[
                            dict(type='CropHeight'),
                        ],
                        type='RandomApply'),
                    dict(
                        condition='min(results["img_shape"])>10',
                        true_transforms=dict(
                            prob=0.4,
                            transforms=[
                                dict(
                                    kernel_size=5,
                                    op='GaussianBlur',
                                    sigma=1,
                                    type='TorchVisionWrapper'),
                            ],
                            type='RandomApply'),
                        type='ConditionApply'),
                    dict(
                        prob=0.4,
                        transforms=[
                            dict(
                                brightness=0.5,
                                contrast=0.5,
                                hue=0.1,
                                op='ColorJitter',
                                saturation=0.5,
                                type='TorchVisionWrapper'),
                        ],
                        type='RandomApply'),
                    dict(
                        prob=0.4,
                        transforms=[
                            dict(type='ImageContentJitter'),
                        ],
                        type='RandomApply'),
                    dict(
                        prob=0.4,
                        transforms=[
                            dict(
                                args=[
                                    dict(
                                        cls='AdditiveGaussianNoise',
                                        scale=0.31622776601683794),
                                ],
                                type='ImgAugWrapper'),
                        ],
                        type='RandomApply'),
                    dict(
                        prob=0.4,
                        transforms=[
                            dict(type='ReversePixels'),
                        ],
                        type='RandomApply'),
                    dict(
                        base_h=32,
                        base_shape=[
                            [
                                64,
                                64,
                            ],
                            [
                                96,
                                48,
                            ],
                            [
                                112,
                                40,
                            ],
                            [
                                128,
                                32,
                            ],
                        ],
                        interpolation='bicubic',
                        max_ratio=12,
                        max_size=None,
                        pad_to_max=True,
                        padding=False,
                        padding_doub=True,
                        random_resize_factor=True,
                        scale=(
                            256,
                            64,
                        ),
                        type='SVTRv2AdaptiveResize',
                        use_msr=True),
                    dict(
                        meta_keys=(
                            'img_path',
                            'ori_shape',
                            'img_shape',
                            'valid_ratio',
                        ),
                        type='PackTextRecogInputs'),
                ],
                test_mode=False,
                type='RecogLMDBDataset'),
            dict(
                ann_file='pretrain_cn_scene_gapfix_h24',
                data_root='data',
                indices=2,
                pipeline=[
                    dict(
                        ignore_empty=True,
                        min_size=5,
                        type='LoadImageFromNDArray'),
                    dict(type='LoadOCRAnnotations', with_text=True),
                    dict(
                        prob=0.4,
                        transforms=[
                            dict(type='TextRecogGeneralAug'),
                        ],
                        type='RandomApply'),
                    dict(
                        prob=0.4,
                        transforms=[
                            dict(type='CropHeight'),
                        ],
                        type='RandomApply'),
                    dict(
                        condition='min(results["img_shape"])>10',
                        true_transforms=dict(
                            prob=0.4,
                            transforms=[
                                dict(
                                    kernel_size=5,
                                    op='GaussianBlur',
                                    sigma=1,
                                    type='TorchVisionWrapper'),
                            ],
                            type='RandomApply'),
                        type='ConditionApply'),
                    dict(
                        prob=0.4,
                        transforms=[
                            dict(
                                brightness=0.5,
                                contrast=0.5,
                                hue=0.1,
                                op='ColorJitter',
                                saturation=0.5,
                                type='TorchVisionWrapper'),
                        ],
                        type='RandomApply'),
                    dict(
                        prob=0.4,
                        transforms=[
                            dict(type='ImageContentJitter'),
                        ],
                        type='RandomApply'),
                    dict(
                        prob=0.4,
                        transforms=[
                            dict(
                                args=[
                                    dict(
                                        cls='AdditiveGaussianNoise',
                                        scale=0.31622776601683794),
                                ],
                                type='ImgAugWrapper'),
                        ],
                        type='RandomApply'),
                    dict(
                        prob=0.4,
                        transforms=[
                            dict(type='ReversePixels'),
                        ],
                        type='RandomApply'),
                    dict(
                        base_h=32,
                        base_shape=[
                            [
                                64,
                                64,
                            ],
                            [
                                96,
                                48,
                            ],
                            [
                                112,
                                40,
                            ],
                            [
                                128,
                                32,
                            ],
                        ],
                        interpolation='bicubic',
                        max_ratio=12,
                        max_size=None,
                        pad_to_max=True,
                        padding=False,
                        padding_doub=True,
                        random_resize_factor=True,
                        scale=(
                            256,
                            64,
                        ),
                        type='SVTRv2AdaptiveResize',
                        use_msr=True),
                    dict(
                        meta_keys=(
                            'img_path',
                            'ori_shape',
                            'img_shape',
                            'valid_ratio',
                        ),
                        type='PackTextRecogInputs'),
                ],
                test_mode=False,
                type='RecogLMDBDataset'),
        ],
        type='ConcatDataset'),
    num_workers=0,
    persistent_workers=False,
    pin_memory=False,
    sampler=dict(shuffle=True, type='DefaultSampler'))
train_pipeline = [
    dict(ignore_empty=True, min_size=5, type='LoadImageFromNDArray'),
    dict(type='LoadOCRAnnotations', with_text=True),
    dict(
        prob=0.4,
        transforms=[
            dict(type='TextRecogGeneralAug'),
        ],
        type='RandomApply'),
    dict(prob=0.4, transforms=[
        dict(type='CropHeight'),
    ], type='RandomApply'),
    dict(
        condition='min(results["img_shape"])>10',
        true_transforms=dict(
            prob=0.4,
            transforms=[
                dict(
                    kernel_size=5,
                    op='GaussianBlur',
                    sigma=1,
                    type='TorchVisionWrapper'),
            ],
            type='RandomApply'),
        type='ConditionApply'),
    dict(
        prob=0.4,
        transforms=[
            dict(
                brightness=0.5,
                contrast=0.5,
                hue=0.1,
                op='ColorJitter',
                saturation=0.5,
                type='TorchVisionWrapper'),
        ],
        type='RandomApply'),
    dict(
        prob=0.4,
        transforms=[
            dict(type='ImageContentJitter'),
        ],
        type='RandomApply'),
    dict(
        prob=0.4,
        transforms=[
            dict(
                args=[
                    dict(
                        cls='AdditiveGaussianNoise',
                        scale=0.31622776601683794),
                ],
                type='ImgAugWrapper'),
        ],
        type='RandomApply'),
    dict(
        prob=0.4,
        transforms=[
            dict(type='ReversePixels'),
        ],
        type='RandomApply'),
    dict(
        base_h=32,
        base_shape=[
            [
                64,
                64,
            ],
            [
                96,
                48,
            ],
            [
                112,
                40,
            ],
            [
                128,
                32,
            ],
        ],
        interpolation='bicubic',
        max_ratio=12,
        max_size=None,
        pad_to_max=True,
        padding=False,
        padding_doub=True,
        random_resize_factor=True,
        scale=(
            256,
            64,
        ),
        type='SVTRv2AdaptiveResize',
        use_msr=True),
    dict(
        meta_keys=(
            'img_path',
            'ori_shape',
            'img_shape',
            'valid_ratio',
        ),
        type='PackTextRecogInputs'),
]
tta_model = dict(type='EncoderDecoderRecognizerTTAModel')
tta_pipeline = [
    dict(type='LoadImageFromNDArray'),
    dict(
        transforms=[
            [
                dict(
                    condition="results['img_shape'][1]<results['img_shape'][0]",
                    true_transforms=[
                        dict(
                            args=[
                                dict(cls='Rot90', k=0, keep_size=False),
                            ],
                            type='ImgAugWrapper'),
                    ],
                    type='ConditionApply'),
                dict(
                    condition="results['img_shape'][1]<results['img_shape'][0]",
                    true_transforms=[
                        dict(
                            args=[
                                dict(cls='Rot90', k=1, keep_size=False),
                            ],
                            type='ImgAugWrapper'),
                    ],
                    type='ConditionApply'),
                dict(
                    condition="results['img_shape'][1]<results['img_shape'][0]",
                    true_transforms=[
                        dict(
                            args=[
                                dict(cls='Rot90', k=3, keep_size=False),
                            ],
                            type='ImgAugWrapper'),
                    ],
                    type='ConditionApply'),
            ],
            [
                dict(scale=(
                    256,
                    64,
                ), type='Resize'),
            ],
            [
                dict(type='LoadOCRAnnotations', with_text=True),
            ],
            [
                dict(
                    meta_keys=(
                        'img_path',
                        'ori_shape',
                        'img_shape',
                        'valid_ratio',
                    ),
                    type='PackTextRecogInputs'),
            ],
        ],
        type='TestTimeAug'),
]
use_frm = True
use_msr = True
use_sgm = True
use_svtrv2_backbone = True
val_cfg = dict(type='ValLoop')
val_dataloader = dict(
    batch_size=1,
    dataset=dict(
        datasets=[
            dict(
                ann_file='scene_val',
                data_root='data/fudan/scene',
                pipeline=[
                    dict(type='LoadImageFromNDArray'),
                    dict(
                        base_h=32,
                        base_shape=[
                            [
                                64,
                                64,
                            ],
                            [
                                96,
                                48,
                            ],
                            [
                                112,
                                40,
                            ],
                            [
                                128,
                                32,
                            ],
                        ],
                        interpolation='bicubic',
                        max_ratio=12,
                        max_size=None,
                        pad_to_max=True,
                        padding=False,
                        random_resize_factor=False,
                        scale=(
                            256,
                            64,
                        ),
                        type='SVTRv2AdaptiveResize',
                        use_msr=True),
                    dict(type='LoadOCRAnnotations', with_text=True),
                    dict(
                        meta_keys=(
                            'img_path',
                            'ori_shape',
                            'img_shape',
                            'valid_ratio',
                        ),
                        type='PackTextRecogInputs'),
                ],
                test_mode=True,
                type='RecogLMDBDataset'),
            dict(
                ann_file='pretrain_cn_scene',
                data_root='data',
                indices=[
                    1195000,
                    1195001,
                    1195002,
                    1195003,
                    1195004,
                    1195005,
                    1195006,
                    1195007,
                    1195008,
                    1195009,
                    1195010,
                    1195011,
                    1195012,
                    1195013,
                    1195014,
                    1195015,
                    1195016,
                    1195017,
                    1195018,
                    1195019,
                    1195020,
                    1195021,
                    1195022,
                    1195023,
                    1195024,
                    1195025,
                    1195026,
                    1195027,
                    1195028,
                    1195029,
                    1195030,
                    1195031,
                    1195032,
                    1195033,
                    1195034,
                    1195035,
                    1195036,
                    1195037,
                    1195038,
                    1195039,
                    1195040,
                    1195041,
                    1195042,
                    1195043,
                    1195044,
                    1195045,
                    1195046,
                    1195047,
                    1195048,
                    1195049,
                    1195050,
                    1195051,
                    1195052,
                    1195053,
                    1195054,
                    1195055,
                    1195056,
                    1195057,
                    1195058,
                    1195059,
                    1195060,
                    1195061,
                    1195062,
                    1195063,
                    1195064,
                    1195065,
                    1195066,
                    1195067,
                    1195068,
                    1195069,
                    1195070,
                    1195071,
                    1195072,
                    1195073,
                    1195074,
                    1195075,
                    1195076,
                    1195077,
                    1195078,
                    1195079,
                    1195080,
                    1195081,
                    1195082,
                    1195083,
                    1195084,
                    1195085,
                    1195086,
                    1195087,
                    1195088,
                    1195089,
                    1195090,
                    1195091,
                    1195092,
                    1195093,
                    1195094,
                    1195095,
                    1195096,
                    1195097,
                    1195098,
                    1195099,
                    1195100,
                    1195101,
                    1195102,
                    1195103,
                    1195104,
                    1195105,
                    1195106,
                    1195107,
                    1195108,
                    1195109,
                    1195110,
                    1195111,
                    1195112,
                    1195113,
                    1195114,
                    1195115,
                    1195116,
                    1195117,
                    1195118,
                    1195119,
                    1195120,
                    1195121,
                    1195122,
                    1195123,
                    1195124,
                    1195125,
                    1195126,
                    1195127,
                    1195128,
                    1195129,
                    1195130,
                    1195131,
                    1195132,
                    1195133,
                    1195134,
                    1195135,
                    1195136,
                    1195137,
                    1195138,
                    1195139,
                    1195140,
                    1195141,
                    1195142,
                    1195143,
                    1195144,
                    1195145,
                    1195146,
                    1195147,
                    1195148,
                    1195149,
                    1195150,
                    1195151,
                    1195152,
                    1195153,
                    1195154,
                    1195155,
                    1195156,
                    1195157,
                    1195158,
                    1195159,
                    1195160,
                    1195161,
                    1195162,
                    1195163,
                    1195164,
                    1195165,
                    1195166,
                    1195167,
                    1195168,
                    1195169,
                    1195170,
                    1195171,
                    1195172,
                    1195173,
                    1195174,
                    1195175,
                    1195176,
                    1195177,
                    1195178,
                    1195179,
                    1195180,
                    1195181,
                    1195182,
                    1195183,
                    1195184,
                    1195185,
                    1195186,
                    1195187,
                    1195188,
                    1195189,
                    1195190,
                    1195191,
                    1195192,
                    1195193,
                    1195194,
                    1195195,
                    1195196,
                    1195197,
                    1195198,
                    1195199,
                    1195200,
                    1195201,
                    1195202,
                    1195203,
                    1195204,
                    1195205,
                    1195206,
                    1195207,
                    1195208,
                    1195209,
                    1195210,
                    1195211,
                    1195212,
                    1195213,
                    1195214,
                    1195215,
                    1195216,
                    1195217,
                    1195218,
                    1195219,
                    1195220,
                    1195221,
                    1195222,
                    1195223,
                    1195224,
                    1195225,
                    1195226,
                    1195227,
                    1195228,
                    1195229,
                    1195230,
                    1195231,
                    1195232,
                    1195233,
                    1195234,
                    1195235,
                    1195236,
                    1195237,
                    1195238,
                    1195239,
                    1195240,
                    1195241,
                    1195242,
                    1195243,
                    1195244,
                    1195245,
                    1195246,
                    1195247,
                    1195248,
                    1195249,
                    1195250,
                    1195251,
                    1195252,
                    1195253,
                    1195254,
                    1195255,
                    1195256,
                    1195257,
                    1195258,
                    1195259,
                    1195260,
                    1195261,
                    1195262,
                    1195263,
                    1195264,
                    1195265,
                    1195266,
                    1195267,
                    1195268,
                    1195269,
                    1195270,
                    1195271,
                    1195272,
                    1195273,
                    1195274,
                    1195275,
                    1195276,
                    1195277,
                    1195278,
                    1195279,
                    1195280,
                    1195281,
                    1195282,
                    1195283,
                    1195284,
                    1195285,
                    1195286,
                    1195287,
                    1195288,
                    1195289,
                    1195290,
                    1195291,
                    1195292,
                    1195293,
                    1195294,
                    1195295,
                    1195296,
                    1195297,
                    1195298,
                    1195299,
                    1195300,
                    1195301,
                    1195302,
                    1195303,
                    1195304,
                    1195305,
                    1195306,
                    1195307,
                    1195308,
                    1195309,
                    1195310,
                    1195311,
                    1195312,
                    1195313,
                    1195314,
                    1195315,
                    1195316,
                    1195317,
                    1195318,
                    1195319,
                    1195320,
                    1195321,
                    1195322,
                    1195323,
                    1195324,
                    1195325,
                    1195326,
                    1195327,
                    1195328,
                    1195329,
                    1195330,
                    1195331,
                    1195332,
                    1195333,
                    1195334,
                    1195335,
                    1195336,
                    1195337,
                    1195338,
                    1195339,
                    1195340,
                    1195341,
                    1195342,
                    1195343,
                    1195344,
                    1195345,
                    1195346,
                    1195347,
                    1195348,
                    1195349,
                    1195350,
                    1195351,
                    1195352,
                    1195353,
                    1195354,
                    1195355,
                    1195356,
                    1195357,
                    1195358,
                    1195359,
                    1195360,
                    1195361,
                    1195362,
                    1195363,
                    1195364,
                    1195365,
                    1195366,
                    1195367,
                    1195368,
                    1195369,
                    1195370,
                    1195371,
                    1195372,
                    1195373,
                    1195374,
                    1195375,
                    1195376,
                    1195377,
                    1195378,
                    1195379,
                    1195380,
                    1195381,
                    1195382,
                    1195383,
                    1195384,
                    1195385,
                    1195386,
                    1195387,
                    1195388,
                    1195389,
                    1195390,
                    1195391,
                    1195392,
                    1195393,
                    1195394,
                    1195395,
                    1195396,
                    1195397,
                    1195398,
                    1195399,
                    1195400,
                    1195401,
                    1195402,
                    1195403,
                    1195404,
                    1195405,
                    1195406,
                    1195407,
                    1195408,
                    1195409,
                    1195410,
                    1195411,
                    1195412,
                    1195413,
                    1195414,
                    1195415,
                    1195416,
                    1195417,
                    1195418,
                    1195419,
                    1195420,
                    1195421,
                    1195422,
                    1195423,
                    1195424,
                    1195425,
                    1195426,
                    1195427,
                    1195428,
                    1195429,
                    1195430,
                    1195431,
                    1195432,
                    1195433,
                    1195434,
                    1195435,
                    1195436,
                    1195437,
                    1195438,
                    1195439,
                    1195440,
                    1195441,
                    1195442,
                    1195443,
                    1195444,
                    1195445,
                    1195446,
                    1195447,
                    1195448,
                    1195449,
                    1195450,
                    1195451,
                    1195452,
                    1195453,
                    1195454,
                    1195455,
                    1195456,
                    1195457,
                    1195458,
                    1195459,
                    1195460,
                    1195461,
                    1195462,
                    1195463,
                    1195464,
                    1195465,
                    1195466,
                    1195467,
                    1195468,
                    1195469,
                    1195470,
                    1195471,
                    1195472,
                    1195473,
                    1195474,
                    1195475,
                    1195476,
                    1195477,
                    1195478,
                    1195479,
                    1195480,
                    1195481,
                    1195482,
                    1195483,
                    1195484,
                    1195485,
                    1195486,
                    1195487,
                    1195488,
                    1195489,
                    1195490,
                    1195491,
                    1195492,
                    1195493,
                    1195494,
                    1195495,
                    1195496,
                    1195497,
                    1195498,
                    1195499,
                    1195500,
                    1195501,
                    1195502,
                    1195503,
                    1195504,
                    1195505,
                    1195506,
                    1195507,
                    1195508,
                    1195509,
                    1195510,
                    1195511,
                    1195512,
                    1195513,
                    1195514,
                    1195515,
                    1195516,
                    1195517,
                    1195518,
                    1195519,
                    1195520,
                    1195521,
                    1195522,
                    1195523,
                    1195524,
                    1195525,
                    1195526,
                    1195527,
                    1195528,
                    1195529,
                    1195530,
                    1195531,
                    1195532,
                    1195533,
                    1195534,
                    1195535,
                    1195536,
                    1195537,
                    1195538,
                    1195539,
                    1195540,
                    1195541,
                    1195542,
                    1195543,
                    1195544,
                    1195545,
                    1195546,
                    1195547,
                    1195548,
                    1195549,
                    1195550,
                    1195551,
                    1195552,
                    1195553,
                    1195554,
                    1195555,
                    1195556,
                    1195557,
                    1195558,
                    1195559,
                    1195560,
                    1195561,
                    1195562,
                    1195563,
                    1195564,
                    1195565,
                    1195566,
                    1195567,
                    1195568,
                    1195569,
                    1195570,
                    1195571,
                    1195572,
                    1195573,
                    1195574,
                    1195575,
                    1195576,
                    1195577,
                    1195578,
                    1195579,
                    1195580,
                    1195581,
                    1195582,
                    1195583,
                    1195584,
                    1195585,
                    1195586,
                    1195587,
                    1195588,
                    1195589,
                    1195590,
                    1195591,
                    1195592,
                    1195593,
                    1195594,
                    1195595,
                    1195596,
                    1195597,
                    1195598,
                    1195599,
                    1195600,
                    1195601,
                    1195602,
                    1195603,
                    1195604,
                    1195605,
                    1195606,
                    1195607,
                    1195608,
                    1195609,
                    1195610,
                    1195611,
                    1195612,
                    1195613,
                    1195614,
                    1195615,
                    1195616,
                    1195617,
                    1195618,
                    1195619,
                    1195620,
                    1195621,
                    1195622,
                    1195623,
                    1195624,
                    1195625,
                    1195626,
                    1195627,
                    1195628,
                    1195629,
                    1195630,
                    1195631,
                    1195632,
                    1195633,
                    1195634,
                    1195635,
                    1195636,
                    1195637,
                    1195638,
                    1195639,
                    1195640,
                    1195641,
                    1195642,
                    1195643,
                    1195644,
                    1195645,
                    1195646,
                    1195647,
                    1195648,
                    1195649,
                    1195650,
                    1195651,
                    1195652,
                    1195653,
                    1195654,
                    1195655,
                    1195656,
                    1195657,
                    1195658,
                    1195659,
                    1195660,
                    1195661,
                    1195662,
                    1195663,
                    1195664,
                    1195665,
                    1195666,
                    1195667,
                    1195668,
                    1195669,
                    1195670,
                    1195671,
                    1195672,
                    1195673,
                    1195674,
                    1195675,
                    1195676,
                    1195677,
                    1195678,
                    1195679,
                    1195680,
                    1195681,
                    1195682,
                    1195683,
                    1195684,
                    1195685,
                    1195686,
                    1195687,
                    1195688,
                    1195689,
                    1195690,
                    1195691,
                    1195692,
                    1195693,
                    1195694,
                    1195695,
                    1195696,
                    1195697,
                    1195698,
                    1195699,
                    1195700,
                    1195701,
                    1195702,
                    1195703,
                    1195704,
                    1195705,
                    1195706,
                    1195707,
                    1195708,
                    1195709,
                    1195710,
                    1195711,
                    1195712,
                    1195713,
                    1195714,
                    1195715,
                    1195716,
                    1195717,
                    1195718,
                    1195719,
                    1195720,
                    1195721,
                    1195722,
                    1195723,
                    1195724,
                    1195725,
                    1195726,
                    1195727,
                    1195728,
                    1195729,
                    1195730,
                    1195731,
                    1195732,
                    1195733,
                    1195734,
                    1195735,
                    1195736,
                    1195737,
                    1195738,
                    1195739,
                    1195740,
                    1195741,
                    1195742,
                    1195743,
                    1195744,
                    1195745,
                    1195746,
                    1195747,
                    1195748,
                    1195749,
                    1195750,
                    1195751,
                    1195752,
                    1195753,
                    1195754,
                    1195755,
                    1195756,
                    1195757,
                    1195758,
                    1195759,
                    1195760,
                    1195761,
                    1195762,
                    1195763,
                    1195764,
                    1195765,
                    1195766,
                    1195767,
                    1195768,
                    1195769,
                    1195770,
                    1195771,
                    1195772,
                    1195773,
                    1195774,
                    1195775,
                    1195776,
                    1195777,
                    1195778,
                    1195779,
                    1195780,
                    1195781,
                    1195782,
                    1195783,
                    1195784,
                    1195785,
                    1195786,
                    1195787,
                    1195788,
                    1195789,
                    1195790,
                    1195791,
                    1195792,
                    1195793,
                    1195794,
                    1195795,
                    1195796,
                    1195797,
                    1195798,
                    1195799,
                    1195800,
                    1195801,
                    1195802,
                    1195803,
                    1195804,
                    1195805,
                    1195806,
                    1195807,
                    1195808,
                    1195809,
                    1195810,
                    1195811,
                    1195812,
                    1195813,
                    1195814,
                    1195815,
                    1195816,
                    1195817,
                    1195818,
                    1195819,
                    1195820,
                    1195821,
                    1195822,
                    1195823,
                    1195824,
                    1195825,
                    1195826,
                    1195827,
                    1195828,
                    1195829,
                    1195830,
                    1195831,
                    1195832,
                    1195833,
                    1195834,
                    1195835,
                    1195836,
                    1195837,
                    1195838,
                    1195839,
                    1195840,
                    1195841,
                    1195842,
                    1195843,
                    1195844,
                    1195845,
                    1195846,
                    1195847,
                    1195848,
                    1195849,
                    1195850,
                    1195851,
                    1195852,
                    1195853,
                    1195854,
                    1195855,
                    1195856,
                    1195857,
                    1195858,
                    1195859,
                    1195860,
                    1195861,
                    1195862,
                    1195863,
                    1195864,
                    1195865,
                    1195866,
                    1195867,
                    1195868,
                    1195869,
                    1195870,
                    1195871,
                    1195872,
                    1195873,
                    1195874,
                    1195875,
                    1195876,
                    1195877,
                    1195878,
                    1195879,
                    1195880,
                    1195881,
                    1195882,
                    1195883,
                    1195884,
                    1195885,
                    1195886,
                    1195887,
                    1195888,
                    1195889,
                    1195890,
                    1195891,
                    1195892,
                    1195893,
                    1195894,
                    1195895,
                    1195896,
                    1195897,
                    1195898,
                    1195899,
                    1195900,
                    1195901,
                    1195902,
                    1195903,
                    1195904,
                    1195905,
                    1195906,
                    1195907,
                    1195908,
                    1195909,
                    1195910,
                    1195911,
                    1195912,
                    1195913,
                    1195914,
                    1195915,
                    1195916,
                    1195917,
                    1195918,
                    1195919,
                    1195920,
                    1195921,
                    1195922,
                    1195923,
                    1195924,
                    1195925,
                    1195926,
                    1195927,
                    1195928,
                    1195929,
                    1195930,
                    1195931,
                    1195932,
                    1195933,
                    1195934,
                    1195935,
                    1195936,
                    1195937,
                    1195938,
                    1195939,
                    1195940,
                    1195941,
                    1195942,
                    1195943,
                    1195944,
                    1195945,
                    1195946,
                    1195947,
                    1195948,
                    1195949,
                    1195950,
                    1195951,
                    1195952,
                    1195953,
                    1195954,
                    1195955,
                    1195956,
                    1195957,
                    1195958,
                    1195959,
                    1195960,
                    1195961,
                    1195962,
                    1195963,
                    1195964,
                    1195965,
                    1195966,
                    1195967,
                    1195968,
                    1195969,
                    1195970,
                    1195971,
                    1195972,
                    1195973,
                    1195974,
                    1195975,
                    1195976,
                    1195977,
                    1195978,
                    1195979,
                    1195980,
                    1195981,
                    1195982,
                    1195983,
                    1195984,
                    1195985,
                    1195986,
                    1195987,
                    1195988,
                    1195989,
                    1195990,
                    1195991,
                    1195992,
                    1195993,
                    1195994,
                    1195995,
                    1195996,
                    1195997,
                    1195998,
                    1195999,
                    1196000,
                    1196001,
                    1196002,
                    1196003,
                    1196004,
                    1196005,
                    1196006,
                    1196007,
                    1196008,
                    1196009,
                    1196010,
                    1196011,
                    1196012,
                    1196013,
                    1196014,
                    1196015,
                    1196016,
                    1196017,
                    1196018,
                    1196019,
                    1196020,
                    1196021,
                    1196022,
                    1196023,
                    1196024,
                    1196025,
                    1196026,
                    1196027,
                    1196028,
                    1196029,
                    1196030,
                    1196031,
                    1196032,
                    1196033,
                    1196034,
                    1196035,
                    1196036,
                    1196037,
                    1196038,
                    1196039,
                    1196040,
                    1196041,
                    1196042,
                    1196043,
                    1196044,
                    1196045,
                    1196046,
                    1196047,
                    1196048,
                    1196049,
                    1196050,
                    1196051,
                    1196052,
                    1196053,
                    1196054,
                    1196055,
                    1196056,
                    1196057,
                    1196058,
                    1196059,
                    1196060,
                    1196061,
                    1196062,
                    1196063,
                    1196064,
                    1196065,
                    1196066,
                    1196067,
                    1196068,
                    1196069,
                    1196070,
                    1196071,
                    1196072,
                    1196073,
                    1196074,
                    1196075,
                    1196076,
                    1196077,
                    1196078,
                    1196079,
                    1196080,
                    1196081,
                    1196082,
                    1196083,
                    1196084,
                    1196085,
                    1196086,
                    1196087,
                    1196088,
                    1196089,
                    1196090,
                    1196091,
                    1196092,
                    1196093,
                    1196094,
                    1196095,
                    1196096,
                    1196097,
                    1196098,
                    1196099,
                    1196100,
                    1196101,
                    1196102,
                    1196103,
                    1196104,
                    1196105,
                    1196106,
                    1196107,
                    1196108,
                    1196109,
                    1196110,
                    1196111,
                    1196112,
                    1196113,
                    1196114,
                    1196115,
                    1196116,
                    1196117,
                    1196118,
                    1196119,
                    1196120,
                    1196121,
                    1196122,
                    1196123,
                    1196124,
                    1196125,
                    1196126,
                    1196127,
                    1196128,
                    1196129,
                    1196130,
                    1196131,
                    1196132,
                    1196133,
                    1196134,
                    1196135,
                    1196136,
                    1196137,
                    1196138,
                    1196139,
                    1196140,
                    1196141,
                    1196142,
                    1196143,
                    1196144,
                    1196145,
                    1196146,
                    1196147,
                    1196148,
                    1196149,
                    1196150,
                    1196151,
                    1196152,
                    1196153,
                    1196154,
                    1196155,
                    1196156,
                    1196157,
                    1196158,
                    1196159,
                    1196160,
                    1196161,
                    1196162,
                    1196163,
                    1196164,
                    1196165,
                    1196166,
                    1196167,
                    1196168,
                    1196169,
                    1196170,
                    1196171,
                    1196172,
                    1196173,
                    1196174,
                    1196175,
                    1196176,
                    1196177,
                    1196178,
                    1196179,
                    1196180,
                    1196181,
                    1196182,
                    1196183,
                    1196184,
                    1196185,
                    1196186,
                    1196187,
                    1196188,
                    1196189,
                    1196190,
                    1196191,
                    1196192,
                    1196193,
                    1196194,
                    1196195,
                    1196196,
                    1196197,
                    1196198,
                    1196199,
                    1196200,
                    1196201,
                    1196202,
                    1196203,
                    1196204,
                    1196205,
                    1196206,
                    1196207,
                    1196208,
                    1196209,
                    1196210,
                    1196211,
                    1196212,
                    1196213,
                    1196214,
                    1196215,
                    1196216,
                    1196217,
                    1196218,
                    1196219,
                    1196220,
                    1196221,
                    1196222,
                    1196223,
                    1196224,
                    1196225,
                    1196226,
                    1196227,
                    1196228,
                    1196229,
                    1196230,
                    1196231,
                    1196232,
                    1196233,
                    1196234,
                    1196235,
                    1196236,
                    1196237,
                    1196238,
                    1196239,
                    1196240,
                    1196241,
                    1196242,
                    1196243,
                    1196244,
                    1196245,
                    1196246,
                    1196247,
                    1196248,
                    1196249,
                    1196250,
                    1196251,
                    1196252,
                    1196253,
                    1196254,
                    1196255,
                    1196256,
                    1196257,
                    1196258,
                    1196259,
                    1196260,
                    1196261,
                    1196262,
                    1196263,
                    1196264,
                    1196265,
                    1196266,
                    1196267,
                    1196268,
                    1196269,
                    1196270,
                    1196271,
                    1196272,
                    1196273,
                    1196274,
                    1196275,
                    1196276,
                    1196277,
                    1196278,
                    1196279,
                    1196280,
                    1196281,
                    1196282,
                    1196283,
                    1196284,
                    1196285,
                    1196286,
                    1196287,
                    1196288,
                    1196289,
                    1196290,
                    1196291,
                    1196292,
                    1196293,
                    1196294,
                    1196295,
                    1196296,
                    1196297,
                    1196298,
                    1196299,
                    1196300,
                    1196301,
                    1196302,
                    1196303,
                    1196304,
                    1196305,
                    1196306,
                    1196307,
                    1196308,
                    1196309,
                    1196310,
                    1196311,
                    1196312,
                    1196313,
                    1196314,
                    1196315,
                    1196316,
                    1196317,
                    1196318,
                    1196319,
                    1196320,
                    1196321,
                    1196322,
                    1196323,
                    1196324,
                    1196325,
                    1196326,
                    1196327,
                    1196328,
                    1196329,
                    1196330,
                    1196331,
                    1196332,
                    1196333,
                    1196334,
                    1196335,
                    1196336,
                    1196337,
                    1196338,
                    1196339,
                    1196340,
                    1196341,
                    1196342,
                    1196343,
                    1196344,
                    1196345,
                    1196346,
                    1196347,
                    1196348,
                    1196349,
                    1196350,
                    1196351,
                    1196352,
                    1196353,
                    1196354,
                    1196355,
                    1196356,
                    1196357,
                    1196358,
                    1196359,
                    1196360,
                    1196361,
                    1196362,
                    1196363,
                    1196364,
                    1196365,
                    1196366,
                    1196367,
                    1196368,
                    1196369,
                    1196370,
                    1196371,
                    1196372,
                    1196373,
                    1196374,
                    1196375,
                    1196376,
                    1196377,
                    1196378,
                    1196379,
                    1196380,
                    1196381,
                    1196382,
                    1196383,
                    1196384,
                    1196385,
                    1196386,
                    1196387,
                    1196388,
                    1196389,
                    1196390,
                    1196391,
                    1196392,
                    1196393,
                    1196394,
                    1196395,
                    1196396,
                    1196397,
                    1196398,
                    1196399,
                    1196400,
                    1196401,
                    1196402,
                    1196403,
                    1196404,
                    1196405,
                    1196406,
                    1196407,
                    1196408,
                    1196409,
                    1196410,
                    1196411,
                    1196412,
                    1196413,
                    1196414,
                    1196415,
                    1196416,
                    1196417,
                    1196418,
                    1196419,
                    1196420,
                    1196421,
                    1196422,
                    1196423,
                    1196424,
                    1196425,
                    1196426,
                    1196427,
                    1196428,
                    1196429,
                    1196430,
                    1196431,
                    1196432,
                    1196433,
                    1196434,
                    1196435,
                    1196436,
                    1196437,
                    1196438,
                    1196439,
                    1196440,
                    1196441,
                    1196442,
                    1196443,
                    1196444,
                    1196445,
                    1196446,
                    1196447,
                    1196448,
                    1196449,
                    1196450,
                    1196451,
                    1196452,
                    1196453,
                    1196454,
                    1196455,
                    1196456,
                    1196457,
                    1196458,
                    1196459,
                    1196460,
                    1196461,
                    1196462,
                    1196463,
                    1196464,
                    1196465,
                    1196466,
                    1196467,
                    1196468,
                    1196469,
                    1196470,
                    1196471,
                    1196472,
                    1196473,
                    1196474,
                    1196475,
                    1196476,
                    1196477,
                    1196478,
                    1196479,
                    1196480,
                    1196481,
                    1196482,
                    1196483,
                    1196484,
                    1196485,
                    1196486,
                    1196487,
                    1196488,
                    1196489,
                    1196490,
                    1196491,
                    1196492,
                    1196493,
                    1196494,
                    1196495,
                    1196496,
                    1196497,
                    1196498,
                    1196499,
                    1196500,
                    1196501,
                    1196502,
                    1196503,
                    1196504,
                    1196505,
                    1196506,
                    1196507,
                    1196508,
                    1196509,
                    1196510,
                    1196511,
                    1196512,
                    1196513,
                    1196514,
                    1196515,
                    1196516,
                    1196517,
                    1196518,
                    1196519,
                    1196520,
                    1196521,
                    1196522,
                    1196523,
                    1196524,
                    1196525,
                    1196526,
                    1196527,
                    1196528,
                    1196529,
                    1196530,
                    1196531,
                    1196532,
                    1196533,
                    1196534,
                    1196535,
                    1196536,
                    1196537,
                    1196538,
                    1196539,
                    1196540,
                    1196541,
                    1196542,
                    1196543,
                    1196544,
                    1196545,
                    1196546,
                    1196547,
                    1196548,
                    1196549,
                    1196550,
                    1196551,
                    1196552,
                    1196553,
                    1196554,
                    1196555,
                    1196556,
                    1196557,
                    1196558,
                    1196559,
                    1196560,
                    1196561,
                    1196562,
                    1196563,
                    1196564,
                    1196565,
                    1196566,
                    1196567,
                    1196568,
                    1196569,
                    1196570,
                    1196571,
                    1196572,
                    1196573,
                    1196574,
                    1196575,
                    1196576,
                    1196577,
                    1196578,
                    1196579,
                    1196580,
                    1196581,
                    1196582,
                    1196583,
                    1196584,
                    1196585,
                    1196586,
                    1196587,
                    1196588,
                    1196589,
                    1196590,
                    1196591,
                    1196592,
                    1196593,
                    1196594,
                    1196595,
                    1196596,
                    1196597,
                    1196598,
                    1196599,
                    1196600,
                    1196601,
                    1196602,
                    1196603,
                    1196604,
                    1196605,
                    1196606,
                    1196607,
                    1196608,
                    1196609,
                    1196610,
                    1196611,
                    1196612,
                    1196613,
                    1196614,
                    1196615,
                    1196616,
                    1196617,
                    1196618,
                    1196619,
                    1196620,
                    1196621,
                    1196622,
                    1196623,
                    1196624,
                    1196625,
                    1196626,
                    1196627,
                    1196628,
                    1196629,
                    1196630,
                    1196631,
                    1196632,
                    1196633,
                    1196634,
                    1196635,
                    1196636,
                    1196637,
                    1196638,
                    1196639,
                    1196640,
                    1196641,
                    1196642,
                    1196643,
                    1196644,
                    1196645,
                    1196646,
                    1196647,
                    1196648,
                    1196649,
                    1196650,
                    1196651,
                    1196652,
                    1196653,
                    1196654,
                    1196655,
                    1196656,
                    1196657,
                    1196658,
                    1196659,
                    1196660,
                    1196661,
                    1196662,
                    1196663,
                    1196664,
                    1196665,
                    1196666,
                    1196667,
                    1196668,
                    1196669,
                    1196670,
                    1196671,
                    1196672,
                    1196673,
                    1196674,
                    1196675,
                    1196676,
                    1196677,
                    1196678,
                    1196679,
                    1196680,
                    1196681,
                    1196682,
                    1196683,
                    1196684,
                    1196685,
                    1196686,
                    1196687,
                    1196688,
                    1196689,
                    1196690,
                    1196691,
                    1196692,
                    1196693,
                    1196694,
                    1196695,
                    1196696,
                    1196697,
                    1196698,
                    1196699,
                    1196700,
                    1196701,
                    1196702,
                    1196703,
                    1196704,
                    1196705,
                    1196706,
                    1196707,
                    1196708,
                    1196709,
                    1196710,
                    1196711,
                    1196712,
                    1196713,
                    1196714,
                    1196715,
                    1196716,
                    1196717,
                    1196718,
                    1196719,
                    1196720,
                    1196721,
                    1196722,
                    1196723,
                    1196724,
                    1196725,
                    1196726,
                    1196727,
                    1196728,
                    1196729,
                    1196730,
                    1196731,
                    1196732,
                    1196733,
                    1196734,
                    1196735,
                    1196736,
                    1196737,
                    1196738,
                    1196739,
                    1196740,
                    1196741,
                    1196742,
                    1196743,
                    1196744,
                    1196745,
                    1196746,
                    1196747,
                    1196748,
                    1196749,
                    1196750,
                    1196751,
                    1196752,
                    1196753,
                    1196754,
                    1196755,
                    1196756,
                    1196757,
                    1196758,
                    1196759,
                    1196760,
                    1196761,
                    1196762,
                    1196763,
                    1196764,
                    1196765,
                    1196766,
                    1196767,
                    1196768,
                    1196769,
                    1196770,
                    1196771,
                    1196772,
                    1196773,
                    1196774,
                    1196775,
                    1196776,
                    1196777,
                    1196778,
                    1196779,
                    1196780,
                    1196781,
                    1196782,
                    1196783,
                    1196784,
                    1196785,
                    1196786,
                    1196787,
                    1196788,
                    1196789,
                    1196790,
                    1196791,
                    1196792,
                    1196793,
                    1196794,
                    1196795,
                    1196796,
                    1196797,
                    1196798,
                    1196799,
                    1196800,
                    1196801,
                    1196802,
                    1196803,
                    1196804,
                    1196805,
                    1196806,
                    1196807,
                    1196808,
                    1196809,
                    1196810,
                    1196811,
                    1196812,
                    1196813,
                    1196814,
                    1196815,
                    1196816,
                    1196817,
                    1196818,
                    1196819,
                    1196820,
                    1196821,
                    1196822,
                    1196823,
                    1196824,
                    1196825,
                    1196826,
                    1196827,
                    1196828,
                    1196829,
                    1196830,
                    1196831,
                    1196832,
                    1196833,
                    1196834,
                    1196835,
                    1196836,
                    1196837,
                    1196838,
                    1196839,
                    1196840,
                    1196841,
                    1196842,
                    1196843,
                    1196844,
                    1196845,
                    1196846,
                    1196847,
                    1196848,
                    1196849,
                    1196850,
                    1196851,
                    1196852,
                    1196853,
                    1196854,
                    1196855,
                    1196856,
                    1196857,
                    1196858,
                    1196859,
                    1196860,
                    1196861,
                    1196862,
                    1196863,
                    1196864,
                    1196865,
                    1196866,
                    1196867,
                    1196868,
                    1196869,
                    1196870,
                    1196871,
                    1196872,
                    1196873,
                    1196874,
                    1196875,
                    1196876,
                    1196877,
                    1196878,
                    1196879,
                    1196880,
                    1196881,
                    1196882,
                    1196883,
                    1196884,
                    1196885,
                    1196886,
                    1196887,
                    1196888,
                    1196889,
                    1196890,
                    1196891,
                    1196892,
                    1196893,
                    1196894,
                    1196895,
                    1196896,
                    1196897,
                    1196898,
                    1196899,
                    1196900,
                    1196901,
                    1196902,
                    1196903,
                    1196904,
                    1196905,
                    1196906,
                    1196907,
                    1196908,
                    1196909,
                    1196910,
                    1196911,
                    1196912,
                    1196913,
                    1196914,
                    1196915,
                    1196916,
                    1196917,
                    1196918,
                    1196919,
                    1196920,
                    1196921,
                    1196922,
                    1196923,
                    1196924,
                    1196925,
                    1196926,
                    1196927,
                    1196928,
                    1196929,
                    1196930,
                    1196931,
                    1196932,
                    1196933,
                    1196934,
                    1196935,
                    1196936,
                    1196937,
                    1196938,
                    1196939,
                    1196940,
                    1196941,
                    1196942,
                    1196943,
                    1196944,
                    1196945,
                    1196946,
                    1196947,
                    1196948,
                    1196949,
                    1196950,
                    1196951,
                    1196952,
                    1196953,
                    1196954,
                    1196955,
                    1196956,
                    1196957,
                    1196958,
                    1196959,
                    1196960,
                    1196961,
                    1196962,
                    1196963,
                    1196964,
                    1196965,
                    1196966,
                    1196967,
                    1196968,
                    1196969,
                    1196970,
                    1196971,
                    1196972,
                    1196973,
                    1196974,
                    1196975,
                    1196976,
                    1196977,
                    1196978,
                    1196979,
                    1196980,
                    1196981,
                    1196982,
                    1196983,
                    1196984,
                    1196985,
                    1196986,
                    1196987,
                    1196988,
                    1196989,
                    1196990,
                    1196991,
                    1196992,
                    1196993,
                    1196994,
                    1196995,
                    1196996,
                    1196997,
                    1196998,
                    1196999,
                    1197000,
                    1197001,
                    1197002,
                    1197003,
                    1197004,
                    1197005,
                    1197006,
                    1197007,
                    1197008,
                    1197009,
                    1197010,
                    1197011,
                    1197012,
                    1197013,
                    1197014,
                    1197015,
                    1197016,
                    1197017,
                    1197018,
                    1197019,
                    1197020,
                    1197021,
                    1197022,
                    1197023,
                    1197024,
                    1197025,
                    1197026,
                    1197027,
                    1197028,
                    1197029,
                    1197030,
                    1197031,
                    1197032,
                    1197033,
                    1197034,
                    1197035,
                    1197036,
                    1197037,
                    1197038,
                    1197039,
                    1197040,
                    1197041,
                    1197042,
                    1197043,
                    1197044,
                    1197045,
                    1197046,
                    1197047,
                    1197048,
                    1197049,
                    1197050,
                    1197051,
                    1197052,
                    1197053,
                    1197054,
                    1197055,
                    1197056,
                    1197057,
                    1197058,
                    1197059,
                    1197060,
                    1197061,
                    1197062,
                    1197063,
                    1197064,
                    1197065,
                    1197066,
                    1197067,
                    1197068,
                    1197069,
                    1197070,
                    1197071,
                    1197072,
                    1197073,
                    1197074,
                    1197075,
                    1197076,
                    1197077,
                    1197078,
                    1197079,
                    1197080,
                    1197081,
                    1197082,
                    1197083,
                    1197084,
                    1197085,
                    1197086,
                    1197087,
                    1197088,
                    1197089,
                    1197090,
                    1197091,
                    1197092,
                    1197093,
                    1197094,
                    1197095,
                    1197096,
                    1197097,
                    1197098,
                    1197099,
                    1197100,
                    1197101,
                    1197102,
                    1197103,
                    1197104,
                    1197105,
                    1197106,
                    1197107,
                    1197108,
                    1197109,
                    1197110,
                    1197111,
                    1197112,
                    1197113,
                    1197114,
                    1197115,
                    1197116,
                    1197117,
                    1197118,
                    1197119,
                    1197120,
                    1197121,
                    1197122,
                    1197123,
                    1197124,
                    1197125,
                    1197126,
                    1197127,
                    1197128,
                    1197129,
                    1197130,
                    1197131,
                    1197132,
                    1197133,
                    1197134,
                    1197135,
                    1197136,
                    1197137,
                    1197138,
                    1197139,
                    1197140,
                    1197141,
                    1197142,
                    1197143,
                    1197144,
                    1197145,
                    1197146,
                    1197147,
                    1197148,
                    1197149,
                    1197150,
                    1197151,
                    1197152,
                    1197153,
                    1197154,
                    1197155,
                    1197156,
                    1197157,
                    1197158,
                    1197159,
                    1197160,
                    1197161,
                    1197162,
                    1197163,
                    1197164,
                    1197165,
                    1197166,
                    1197167,
                    1197168,
                    1197169,
                    1197170,
                    1197171,
                    1197172,
                    1197173,
                    1197174,
                    1197175,
                    1197176,
                    1197177,
                    1197178,
                    1197179,
                    1197180,
                    1197181,
                    1197182,
                    1197183,
                    1197184,
                    1197185,
                    1197186,
                    1197187,
                    1197188,
                    1197189,
                    1197190,
                    1197191,
                    1197192,
                    1197193,
                    1197194,
                    1197195,
                    1197196,
                    1197197,
                    1197198,
                    1197199,
                    1197200,
                    1197201,
                    1197202,
                    1197203,
                    1197204,
                    1197205,
                    1197206,
                    1197207,
                    1197208,
                    1197209,
                    1197210,
                    1197211,
                    1197212,
                    1197213,
                    1197214,
                    1197215,
                    1197216,
                    1197217,
                    1197218,
                    1197219,
                    1197220,
                    1197221,
                    1197222,
                    1197223,
                    1197224,
                    1197225,
                    1197226,
                    1197227,
                    1197228,
                    1197229,
                    1197230,
                    1197231,
                    1197232,
                    1197233,
                    1197234,
                    1197235,
                    1197236,
                    1197237,
                    1197238,
                    1197239,
                    1197240,
                    1197241,
                    1197242,
                    1197243,
                    1197244,
                    1197245,
                    1197246,
                    1197247,
                    1197248,
                    1197249,
                    1197250,
                    1197251,
                    1197252,
                    1197253,
                    1197254,
                    1197255,
                    1197256,
                    1197257,
                    1197258,
                    1197259,
                    1197260,
                    1197261,
                    1197262,
                    1197263,
                    1197264,
                    1197265,
                    1197266,
                    1197267,
                    1197268,
                    1197269,
                    1197270,
                    1197271,
                    1197272,
                    1197273,
                    1197274,
                    1197275,
                    1197276,
                    1197277,
                    1197278,
                    1197279,
                    1197280,
                    1197281,
                    1197282,
                    1197283,
                    1197284,
                    1197285,
                    1197286,
                    1197287,
                    1197288,
                    1197289,
                    1197290,
                    1197291,
                    1197292,
                    1197293,
                    1197294,
                    1197295,
                    1197296,
                    1197297,
                    1197298,
                    1197299,
                    1197300,
                    1197301,
                    1197302,
                    1197303,
                    1197304,
                    1197305,
                    1197306,
                    1197307,
                    1197308,
                    1197309,
                    1197310,
                    1197311,
                    1197312,
                    1197313,
                    1197314,
                    1197315,
                    1197316,
                    1197317,
                    1197318,
                    1197319,
                    1197320,
                    1197321,
                    1197322,
                    1197323,
                    1197324,
                    1197325,
                    1197326,
                    1197327,
                    1197328,
                    1197329,
                    1197330,
                    1197331,
                    1197332,
                    1197333,
                    1197334,
                    1197335,
                    1197336,
                    1197337,
                    1197338,
                    1197339,
                    1197340,
                    1197341,
                    1197342,
                    1197343,
                    1197344,
                    1197345,
                    1197346,
                    1197347,
                    1197348,
                    1197349,
                    1197350,
                    1197351,
                    1197352,
                    1197353,
                    1197354,
                    1197355,
                    1197356,
                    1197357,
                    1197358,
                    1197359,
                    1197360,
                    1197361,
                    1197362,
                    1197363,
                    1197364,
                    1197365,
                    1197366,
                    1197367,
                    1197368,
                    1197369,
                    1197370,
                    1197371,
                    1197372,
                    1197373,
                    1197374,
                    1197375,
                    1197376,
                    1197377,
                    1197378,
                    1197379,
                    1197380,
                    1197381,
                    1197382,
                    1197383,
                    1197384,
                    1197385,
                    1197386,
                    1197387,
                    1197388,
                    1197389,
                    1197390,
                    1197391,
                    1197392,
                    1197393,
                    1197394,
                    1197395,
                    1197396,
                    1197397,
                    1197398,
                    1197399,
                    1197400,
                    1197401,
                    1197402,
                    1197403,
                    1197404,
                    1197405,
                    1197406,
                    1197407,
                    1197408,
                    1197409,
                    1197410,
                    1197411,
                    1197412,
                    1197413,
                    1197414,
                    1197415,
                    1197416,
                    1197417,
                    1197418,
                    1197419,
                    1197420,
                    1197421,
                    1197422,
                    1197423,
                    1197424,
                    1197425,
                    1197426,
                    1197427,
                    1197428,
                    1197429,
                    1197430,
                    1197431,
                    1197432,
                    1197433,
                    1197434,
                    1197435,
                    1197436,
                    1197437,
                    1197438,
                    1197439,
                    1197440,
                    1197441,
                    1197442,
                    1197443,
                    1197444,
                    1197445,
                    1197446,
                    1197447,
                    1197448,
                    1197449,
                    1197450,
                    1197451,
                    1197452,
                    1197453,
                    1197454,
                    1197455,
                    1197456,
                    1197457,
                    1197458,
                    1197459,
                    1197460,
                    1197461,
                    1197462,
                    1197463,
                    1197464,
                    1197465,
                    1197466,
                    1197467,
                    1197468,
                    1197469,
                    1197470,
                    1197471,
                    1197472,
                    1197473,
                    1197474,
                    1197475,
                    1197476,
                    1197477,
                    1197478,
                    1197479,
                    1197480,
                    1197481,
                    1197482,
                    1197483,
                    1197484,
                    1197485,
                    1197486,
                    1197487,
                    1197488,
                    1197489,
                    1197490,
                    1197491,
                    1197492,
                    1197493,
                    1197494,
                    1197495,
                    1197496,
                    1197497,
                    1197498,
                    1197499,
                    1197500,
                    1197501,
                    1197502,
                    1197503,
                    1197504,
                    1197505,
                    1197506,
                    1197507,
                    1197508,
                    1197509,
                    1197510,
                    1197511,
                    1197512,
                    1197513,
                    1197514,
                    1197515,
                    1197516,
                    1197517,
                    1197518,
                    1197519,
                    1197520,
                    1197521,
                    1197522,
                    1197523,
                    1197524,
                    1197525,
                    1197526,
                    1197527,
                    1197528,
                    1197529,
                    1197530,
                    1197531,
                    1197532,
                    1197533,
                    1197534,
                    1197535,
                    1197536,
                    1197537,
                    1197538,
                    1197539,
                    1197540,
                    1197541,
                    1197542,
                    1197543,
                    1197544,
                    1197545,
                    1197546,
                    1197547,
                    1197548,
                    1197549,
                    1197550,
                    1197551,
                    1197552,
                    1197553,
                    1197554,
                    1197555,
                    1197556,
                    1197557,
                    1197558,
                    1197559,
                    1197560,
                    1197561,
                    1197562,
                    1197563,
                    1197564,
                    1197565,
                    1197566,
                    1197567,
                    1197568,
                    1197569,
                    1197570,
                    1197571,
                    1197572,
                    1197573,
                    1197574,
                    1197575,
                    1197576,
                    1197577,
                    1197578,
                    1197579,
                    1197580,
                    1197581,
                    1197582,
                    1197583,
                    1197584,
                    1197585,
                    1197586,
                    1197587,
                    1197588,
                    1197589,
                    1197590,
                    1197591,
                    1197592,
                    1197593,
                    1197594,
                    1197595,
                    1197596,
                    1197597,
                    1197598,
                    1197599,
                    1197600,
                    1197601,
                    1197602,
                    1197603,
                    1197604,
                    1197605,
                    1197606,
                    1197607,
                    1197608,
                    1197609,
                    1197610,
                    1197611,
                    1197612,
                    1197613,
                    1197614,
                    1197615,
                    1197616,
                    1197617,
                    1197618,
                    1197619,
                    1197620,
                    1197621,
                    1197622,
                    1197623,
                    1197624,
                    1197625,
                    1197626,
                    1197627,
                    1197628,
                    1197629,
                    1197630,
                    1197631,
                    1197632,
                    1197633,
                    1197634,
                    1197635,
                    1197636,
                    1197637,
                    1197638,
                    1197639,
                    1197640,
                    1197641,
                    1197642,
                    1197643,
                    1197644,
                    1197645,
                    1197646,
                    1197647,
                    1197648,
                    1197649,
                    1197650,
                    1197651,
                    1197652,
                    1197653,
                    1197654,
                    1197655,
                    1197656,
                    1197657,
                    1197658,
                    1197659,
                    1197660,
                    1197661,
                    1197662,
                    1197663,
                    1197664,
                    1197665,
                    1197666,
                    1197667,
                    1197668,
                    1197669,
                    1197670,
                    1197671,
                    1197672,
                    1197673,
                    1197674,
                    1197675,
                    1197676,
                    1197677,
                    1197678,
                    1197679,
                    1197680,
                    1197681,
                    1197682,
                    1197683,
                    1197684,
                    1197685,
                    1197686,
                    1197687,
                    1197688,
                    1197689,
                    1197690,
                    1197691,
                    1197692,
                    1197693,
                    1197694,
                    1197695,
                    1197696,
                    1197697,
                    1197698,
                    1197699,
                    1197700,
                    1197701,
                    1197702,
                    1197703,
                    1197704,
                    1197705,
                    1197706,
                    1197707,
                    1197708,
                    1197709,
                    1197710,
                    1197711,
                    1197712,
                    1197713,
                    1197714,
                    1197715,
                    1197716,
                    1197717,
                    1197718,
                    1197719,
                    1197720,
                    1197721,
                    1197722,
                    1197723,
                    1197724,
                    1197725,
                    1197726,
                    1197727,
                    1197728,
                    1197729,
                    1197730,
                    1197731,
                    1197732,
                    1197733,
                    1197734,
                    1197735,
                    1197736,
                    1197737,
                    1197738,
                    1197739,
                    1197740,
                    1197741,
                    1197742,
                    1197743,
                    1197744,
                    1197745,
                    1197746,
                    1197747,
                    1197748,
                    1197749,
                    1197750,
                    1197751,
                    1197752,
                    1197753,
                    1197754,
                    1197755,
                    1197756,
                    1197757,
                    1197758,
                    1197759,
                    1197760,
                    1197761,
                    1197762,
                    1197763,
                    1197764,
                    1197765,
                    1197766,
                    1197767,
                    1197768,
                    1197769,
                    1197770,
                    1197771,
                    1197772,
                    1197773,
                    1197774,
                    1197775,
                    1197776,
                    1197777,
                    1197778,
                    1197779,
                    1197780,
                    1197781,
                    1197782,
                    1197783,
                    1197784,
                    1197785,
                    1197786,
                    1197787,
                    1197788,
                    1197789,
                    1197790,
                    1197791,
                    1197792,
                    1197793,
                    1197794,
                    1197795,
                    1197796,
                    1197797,
                    1197798,
                    1197799,
                    1197800,
                    1197801,
                    1197802,
                    1197803,
                    1197804,
                    1197805,
                    1197806,
                    1197807,
                    1197808,
                    1197809,
                    1197810,
                    1197811,
                    1197812,
                    1197813,
                    1197814,
                    1197815,
                    1197816,
                    1197817,
                    1197818,
                    1197819,
                    1197820,
                    1197821,
                    1197822,
                    1197823,
                    1197824,
                    1197825,
                    1197826,
                    1197827,
                    1197828,
                    1197829,
                    1197830,
                    1197831,
                    1197832,
                    1197833,
                    1197834,
                    1197835,
                    1197836,
                    1197837,
                    1197838,
                    1197839,
                    1197840,
                    1197841,
                    1197842,
                    1197843,
                    1197844,
                    1197845,
                    1197846,
                    1197847,
                    1197848,
                    1197849,
                    1197850,
                    1197851,
                    1197852,
                    1197853,
                    1197854,
                    1197855,
                    1197856,
                    1197857,
                    1197858,
                    1197859,
                    1197860,
                    1197861,
                    1197862,
                    1197863,
                    1197864,
                    1197865,
                    1197866,
                    1197867,
                    1197868,
                    1197869,
                    1197870,
                    1197871,
                    1197872,
                    1197873,
                    1197874,
                    1197875,
                    1197876,
                    1197877,
                    1197878,
                    1197879,
                    1197880,
                    1197881,
                    1197882,
                    1197883,
                    1197884,
                    1197885,
                    1197886,
                    1197887,
                    1197888,
                    1197889,
                    1197890,
                    1197891,
                    1197892,
                    1197893,
                    1197894,
                    1197895,
                    1197896,
                    1197897,
                    1197898,
                    1197899,
                    1197900,
                    1197901,
                    1197902,
                    1197903,
                    1197904,
                    1197905,
                    1197906,
                    1197907,
                    1197908,
                    1197909,
                    1197910,
                    1197911,
                    1197912,
                    1197913,
                    1197914,
                    1197915,
                    1197916,
                    1197917,
                    1197918,
                    1197919,
                    1197920,
                    1197921,
                    1197922,
                    1197923,
                    1197924,
                    1197925,
                    1197926,
                    1197927,
                    1197928,
                    1197929,
                    1197930,
                    1197931,
                    1197932,
                    1197933,
                    1197934,
                    1197935,
                    1197936,
                    1197937,
                    1197938,
                    1197939,
                    1197940,
                    1197941,
                    1197942,
                    1197943,
                    1197944,
                    1197945,
                    1197946,
                    1197947,
                    1197948,
                    1197949,
                    1197950,
                    1197951,
                    1197952,
                    1197953,
                    1197954,
                    1197955,
                    1197956,
                    1197957,
                    1197958,
                    1197959,
                    1197960,
                    1197961,
                    1197962,
                    1197963,
                    1197964,
                    1197965,
                    1197966,
                    1197967,
                    1197968,
                    1197969,
                    1197970,
                    1197971,
                    1197972,
                    1197973,
                    1197974,
                    1197975,
                    1197976,
                    1197977,
                    1197978,
                    1197979,
                    1197980,
                    1197981,
                    1197982,
                    1197983,
                    1197984,
                    1197985,
                    1197986,
                    1197987,
                    1197988,
                    1197989,
                    1197990,
                    1197991,
                    1197992,
                    1197993,
                    1197994,
                    1197995,
                    1197996,
                    1197997,
                    1197998,
                    1197999,
                    1198000,
                    1198001,
                    1198002,
                    1198003,
                    1198004,
                    1198005,
                    1198006,
                    1198007,
                    1198008,
                    1198009,
                    1198010,
                    1198011,
                    1198012,
                    1198013,
                    1198014,
                    1198015,
                    1198016,
                    1198017,
                    1198018,
                    1198019,
                    1198020,
                    1198021,
                    1198022,
                    1198023,
                    1198024,
                    1198025,
                    1198026,
                    1198027,
                    1198028,
                    1198029,
                    1198030,
                    1198031,
                    1198032,
                    1198033,
                    1198034,
                    1198035,
                    1198036,
                    1198037,
                    1198038,
                    1198039,
                    1198040,
                    1198041,
                    1198042,
                    1198043,
                    1198044,
                    1198045,
                    1198046,
                    1198047,
                    1198048,
                    1198049,
                    1198050,
                    1198051,
                    1198052,
                    1198053,
                    1198054,
                    1198055,
                    1198056,
                    1198057,
                    1198058,
                    1198059,
                    1198060,
                    1198061,
                    1198062,
                    1198063,
                    1198064,
                    1198065,
                    1198066,
                    1198067,
                    1198068,
                    1198069,
                    1198070,
                    1198071,
                    1198072,
                    1198073,
                    1198074,
                    1198075,
                    1198076,
                    1198077,
                    1198078,
                    1198079,
                    1198080,
                    1198081,
                    1198082,
                    1198083,
                    1198084,
                    1198085,
                    1198086,
                    1198087,
                    1198088,
                    1198089,
                    1198090,
                    1198091,
                    1198092,
                    1198093,
                    1198094,
                    1198095,
                    1198096,
                    1198097,
                    1198098,
                    1198099,
                    1198100,
                    1198101,
                    1198102,
                    1198103,
                    1198104,
                    1198105,
                    1198106,
                    1198107,
                    1198108,
                    1198109,
                    1198110,
                    1198111,
                    1198112,
                    1198113,
                    1198114,
                    1198115,
                    1198116,
                    1198117,
                    1198118,
                    1198119,
                    1198120,
                    1198121,
                    1198122,
                    1198123,
                    1198124,
                    1198125,
                    1198126,
                    1198127,
                    1198128,
                    1198129,
                    1198130,
                    1198131,
                    1198132,
                    1198133,
                    1198134,
                    1198135,
                    1198136,
                    1198137,
                    1198138,
                    1198139,
                    1198140,
                    1198141,
                    1198142,
                    1198143,
                    1198144,
                    1198145,
                    1198146,
                    1198147,
                    1198148,
                    1198149,
                    1198150,
                    1198151,
                    1198152,
                    1198153,
                    1198154,
                    1198155,
                    1198156,
                    1198157,
                    1198158,
                    1198159,
                    1198160,
                    1198161,
                    1198162,
                    1198163,
                    1198164,
                    1198165,
                    1198166,
                    1198167,
                    1198168,
                    1198169,
                    1198170,
                    1198171,
                    1198172,
                    1198173,
                    1198174,
                    1198175,
                    1198176,
                    1198177,
                    1198178,
                    1198179,
                    1198180,
                    1198181,
                    1198182,
                    1198183,
                    1198184,
                    1198185,
                    1198186,
                    1198187,
                    1198188,
                    1198189,
                    1198190,
                    1198191,
                    1198192,
                    1198193,
                    1198194,
                    1198195,
                    1198196,
                    1198197,
                    1198198,
                    1198199,
                    1198200,
                    1198201,
                    1198202,
                    1198203,
                    1198204,
                    1198205,
                    1198206,
                    1198207,
                    1198208,
                    1198209,
                    1198210,
                    1198211,
                    1198212,
                    1198213,
                    1198214,
                    1198215,
                    1198216,
                    1198217,
                    1198218,
                    1198219,
                    1198220,
                    1198221,
                    1198222,
                    1198223,
                    1198224,
                    1198225,
                    1198226,
                    1198227,
                    1198228,
                    1198229,
                    1198230,
                    1198231,
                    1198232,
                    1198233,
                    1198234,
                    1198235,
                    1198236,
                    1198237,
                    1198238,
                    1198239,
                    1198240,
                    1198241,
                    1198242,
                    1198243,
                    1198244,
                    1198245,
                    1198246,
                    1198247,
                    1198248,
                    1198249,
                    1198250,
                    1198251,
                    1198252,
                    1198253,
                    1198254,
                    1198255,
                    1198256,
                    1198257,
                    1198258,
                    1198259,
                    1198260,
                    1198261,
                    1198262,
                    1198263,
                    1198264,
                    1198265,
                    1198266,
                    1198267,
                    1198268,
                    1198269,
                    1198270,
                    1198271,
                    1198272,
                    1198273,
                    1198274,
                    1198275,
                    1198276,
                    1198277,
                    1198278,
                    1198279,
                    1198280,
                    1198281,
                    1198282,
                    1198283,
                    1198284,
                    1198285,
                    1198286,
                    1198287,
                    1198288,
                    1198289,
                    1198290,
                    1198291,
                    1198292,
                    1198293,
                    1198294,
                    1198295,
                    1198296,
                    1198297,
                    1198298,
                    1198299,
                    1198300,
                    1198301,
                    1198302,
                    1198303,
                    1198304,
                    1198305,
                    1198306,
                    1198307,
                    1198308,
                    1198309,
                    1198310,
                    1198311,
                    1198312,
                    1198313,
                    1198314,
                    1198315,
                    1198316,
                    1198317,
                    1198318,
                    1198319,
                    1198320,
                    1198321,
                    1198322,
                    1198323,
                    1198324,
                    1198325,
                    1198326,
                    1198327,
                    1198328,
                    1198329,
                    1198330,
                    1198331,
                    1198332,
                    1198333,
                    1198334,
                    1198335,
                    1198336,
                    1198337,
                    1198338,
                    1198339,
                    1198340,
                    1198341,
                    1198342,
                    1198343,
                    1198344,
                    1198345,
                    1198346,
                    1198347,
                    1198348,
                    1198349,
                    1198350,
                    1198351,
                    1198352,
                    1198353,
                    1198354,
                    1198355,
                    1198356,
                    1198357,
                    1198358,
                    1198359,
                    1198360,
                    1198361,
                    1198362,
                    1198363,
                    1198364,
                    1198365,
                    1198366,
                    1198367,
                    1198368,
                    1198369,
                    1198370,
                    1198371,
                    1198372,
                    1198373,
                    1198374,
                    1198375,
                    1198376,
                    1198377,
                    1198378,
                    1198379,
                    1198380,
                    1198381,
                    1198382,
                    1198383,
                    1198384,
                    1198385,
                    1198386,
                    1198387,
                    1198388,
                    1198389,
                    1198390,
                    1198391,
                    1198392,
                    1198393,
                    1198394,
                    1198395,
                    1198396,
                    1198397,
                    1198398,
                    1198399,
                    1198400,
                    1198401,
                    1198402,
                    1198403,
                    1198404,
                    1198405,
                    1198406,
                    1198407,
                    1198408,
                    1198409,
                    1198410,
                    1198411,
                    1198412,
                    1198413,
                    1198414,
                    1198415,
                    1198416,
                    1198417,
                    1198418,
                    1198419,
                    1198420,
                    1198421,
                    1198422,
                    1198423,
                    1198424,
                    1198425,
                    1198426,
                    1198427,
                    1198428,
                    1198429,
                    1198430,
                    1198431,
                    1198432,
                    1198433,
                    1198434,
                    1198435,
                    1198436,
                    1198437,
                    1198438,
                    1198439,
                    1198440,
                    1198441,
                    1198442,
                    1198443,
                    1198444,
                    1198445,
                    1198446,
                    1198447,
                    1198448,
                    1198449,
                    1198450,
                    1198451,
                    1198452,
                    1198453,
                    1198454,
                    1198455,
                    1198456,
                    1198457,
                    1198458,
                    1198459,
                    1198460,
                    1198461,
                    1198462,
                    1198463,
                    1198464,
                    1198465,
                    1198466,
                    1198467,
                    1198468,
                    1198469,
                    1198470,
                    1198471,
                    1198472,
                    1198473,
                    1198474,
                    1198475,
                    1198476,
                    1198477,
                    1198478,
                    1198479,
                    1198480,
                    1198481,
                    1198482,
                    1198483,
                    1198484,
                    1198485,
                    1198486,
                    1198487,
                    1198488,
                    1198489,
                    1198490,
                    1198491,
                    1198492,
                    1198493,
                    1198494,
                    1198495,
                    1198496,
                    1198497,
                    1198498,
                    1198499,
                    1198500,
                    1198501,
                    1198502,
                    1198503,
                    1198504,
                    1198505,
                    1198506,
                    1198507,
                    1198508,
                    1198509,
                    1198510,
                    1198511,
                    1198512,
                    1198513,
                    1198514,
                    1198515,
                    1198516,
                    1198517,
                    1198518,
                    1198519,
                    1198520,
                    1198521,
                    1198522,
                    1198523,
                    1198524,
                    1198525,
                    1198526,
                    1198527,
                    1198528,
                    1198529,
                    1198530,
                    1198531,
                    1198532,
                    1198533,
                    1198534,
                    1198535,
                    1198536,
                    1198537,
                    1198538,
                    1198539,
                    1198540,
                    1198541,
                    1198542,
                    1198543,
                    1198544,
                    1198545,
                    1198546,
                    1198547,
                    1198548,
                    1198549,
                    1198550,
                    1198551,
                    1198552,
                    1198553,
                    1198554,
                    1198555,
                    1198556,
                    1198557,
                    1198558,
                    1198559,
                    1198560,
                    1198561,
                    1198562,
                    1198563,
                    1198564,
                    1198565,
                    1198566,
                    1198567,
                    1198568,
                    1198569,
                    1198570,
                    1198571,
                    1198572,
                    1198573,
                    1198574,
                    1198575,
                    1198576,
                    1198577,
                    1198578,
                    1198579,
                    1198580,
                    1198581,
                    1198582,
                    1198583,
                    1198584,
                    1198585,
                    1198586,
                    1198587,
                    1198588,
                    1198589,
                    1198590,
                    1198591,
                    1198592,
                    1198593,
                    1198594,
                    1198595,
                    1198596,
                    1198597,
                    1198598,
                    1198599,
                    1198600,
                    1198601,
                    1198602,
                    1198603,
                    1198604,
                    1198605,
                    1198606,
                    1198607,
                    1198608,
                    1198609,
                    1198610,
                    1198611,
                    1198612,
                    1198613,
                    1198614,
                    1198615,
                    1198616,
                    1198617,
                    1198618,
                    1198619,
                    1198620,
                    1198621,
                    1198622,
                    1198623,
                    1198624,
                    1198625,
                    1198626,
                    1198627,
                    1198628,
                    1198629,
                    1198630,
                    1198631,
                    1198632,
                    1198633,
                    1198634,
                    1198635,
                    1198636,
                    1198637,
                    1198638,
                    1198639,
                    1198640,
                    1198641,
                    1198642,
                    1198643,
                    1198644,
                    1198645,
                    1198646,
                    1198647,
                    1198648,
                    1198649,
                    1198650,
                    1198651,
                    1198652,
                    1198653,
                    1198654,
                    1198655,
                    1198656,
                    1198657,
                    1198658,
                    1198659,
                    1198660,
                    1198661,
                    1198662,
                    1198663,
                    1198664,
                    1198665,
                    1198666,
                    1198667,
                    1198668,
                    1198669,
                    1198670,
                    1198671,
                    1198672,
                    1198673,
                    1198674,
                    1198675,
                    1198676,
                    1198677,
                    1198678,
                    1198679,
                    1198680,
                    1198681,
                    1198682,
                    1198683,
                    1198684,
                    1198685,
                    1198686,
                    1198687,
                    1198688,
                    1198689,
                    1198690,
                    1198691,
                    1198692,
                    1198693,
                    1198694,
                    1198695,
                    1198696,
                    1198697,
                    1198698,
                    1198699,
                    1198700,
                    1198701,
                    1198702,
                    1198703,
                    1198704,
                    1198705,
                    1198706,
                    1198707,
                    1198708,
                    1198709,
                    1198710,
                    1198711,
                    1198712,
                    1198713,
                    1198714,
                    1198715,
                    1198716,
                    1198717,
                    1198718,
                    1198719,
                    1198720,
                    1198721,
                    1198722,
                    1198723,
                    1198724,
                    1198725,
                    1198726,
                    1198727,
                    1198728,
                    1198729,
                    1198730,
                    1198731,
                    1198732,
                    1198733,
                    1198734,
                    1198735,
                    1198736,
                    1198737,
                    1198738,
                    1198739,
                    1198740,
                    1198741,
                    1198742,
                    1198743,
                    1198744,
                    1198745,
                    1198746,
                    1198747,
                    1198748,
                    1198749,
                    1198750,
                    1198751,
                    1198752,
                    1198753,
                    1198754,
                    1198755,
                    1198756,
                    1198757,
                    1198758,
                    1198759,
                    1198760,
                    1198761,
                    1198762,
                    1198763,
                    1198764,
                    1198765,
                    1198766,
                    1198767,
                    1198768,
                    1198769,
                    1198770,
                    1198771,
                    1198772,
                    1198773,
                    1198774,
                    1198775,
                    1198776,
                    1198777,
                    1198778,
                    1198779,
                    1198780,
                    1198781,
                    1198782,
                    1198783,
                    1198784,
                    1198785,
                    1198786,
                    1198787,
                    1198788,
                    1198789,
                    1198790,
                    1198791,
                    1198792,
                    1198793,
                    1198794,
                    1198795,
                    1198796,
                    1198797,
                    1198798,
                    1198799,
                    1198800,
                    1198801,
                    1198802,
                    1198803,
                    1198804,
                    1198805,
                    1198806,
                    1198807,
                    1198808,
                    1198809,
                    1198810,
                    1198811,
                    1198812,
                    1198813,
                    1198814,
                    1198815,
                    1198816,
                    1198817,
                    1198818,
                    1198819,
                    1198820,
                    1198821,
                    1198822,
                    1198823,
                    1198824,
                    1198825,
                    1198826,
                    1198827,
                    1198828,
                    1198829,
                    1198830,
                    1198831,
                    1198832,
                    1198833,
                    1198834,
                    1198835,
                    1198836,
                    1198837,
                    1198838,
                    1198839,
                    1198840,
                    1198841,
                    1198842,
                    1198843,
                    1198844,
                    1198845,
                    1198846,
                    1198847,
                    1198848,
                    1198849,
                    1198850,
                    1198851,
                    1198852,
                    1198853,
                    1198854,
                    1198855,
                    1198856,
                    1198857,
                    1198858,
                    1198859,
                    1198860,
                    1198861,
                    1198862,
                    1198863,
                    1198864,
                    1198865,
                    1198866,
                    1198867,
                    1198868,
                    1198869,
                    1198870,
                    1198871,
                    1198872,
                    1198873,
                    1198874,
                    1198875,
                    1198876,
                    1198877,
                    1198878,
                    1198879,
                    1198880,
                    1198881,
                    1198882,
                    1198883,
                    1198884,
                    1198885,
                    1198886,
                    1198887,
                    1198888,
                    1198889,
                    1198890,
                    1198891,
                    1198892,
                    1198893,
                    1198894,
                    1198895,
                    1198896,
                    1198897,
                    1198898,
                    1198899,
                    1198900,
                    1198901,
                    1198902,
                    1198903,
                    1198904,
                    1198905,
                    1198906,
                    1198907,
                    1198908,
                    1198909,
                    1198910,
                    1198911,
                    1198912,
                    1198913,
                    1198914,
                    1198915,
                    1198916,
                    1198917,
                    1198918,
                    1198919,
                    1198920,
                    1198921,
                    1198922,
                    1198923,
                    1198924,
                    1198925,
                    1198926,
                    1198927,
                    1198928,
                    1198929,
                    1198930,
                    1198931,
                    1198932,
                    1198933,
                    1198934,
                    1198935,
                    1198936,
                    1198937,
                    1198938,
                    1198939,
                    1198940,
                    1198941,
                    1198942,
                    1198943,
                    1198944,
                    1198945,
                    1198946,
                    1198947,
                    1198948,
                    1198949,
                    1198950,
                    1198951,
                    1198952,
                    1198953,
                    1198954,
                    1198955,
                    1198956,
                    1198957,
                    1198958,
                    1198959,
                    1198960,
                    1198961,
                    1198962,
                    1198963,
                    1198964,
                    1198965,
                    1198966,
                    1198967,
                    1198968,
                    1198969,
                    1198970,
                    1198971,
                    1198972,
                    1198973,
                    1198974,
                    1198975,
                    1198976,
                    1198977,
                    1198978,
                    1198979,
                    1198980,
                    1198981,
                    1198982,
                    1198983,
                    1198984,
                    1198985,
                    1198986,
                    1198987,
                    1198988,
                    1198989,
                    1198990,
                    1198991,
                    1198992,
                    1198993,
                    1198994,
                    1198995,
                    1198996,
                    1198997,
                    1198998,
                    1198999,
                    1199000,
                    1199001,
                    1199002,
                    1199003,
                    1199004,
                    1199005,
                    1199006,
                    1199007,
                    1199008,
                    1199009,
                    1199010,
                    1199011,
                    1199012,
                    1199013,
                    1199014,
                    1199015,
                    1199016,
                    1199017,
                    1199018,
                    1199019,
                    1199020,
                    1199021,
                    1199022,
                    1199023,
                    1199024,
                    1199025,
                    1199026,
                    1199027,
                    1199028,
                    1199029,
                    1199030,
                    1199031,
                    1199032,
                    1199033,
                    1199034,
                    1199035,
                    1199036,
                    1199037,
                    1199038,
                    1199039,
                    1199040,
                    1199041,
                    1199042,
                    1199043,
                    1199044,
                    1199045,
                    1199046,
                    1199047,
                    1199048,
                    1199049,
                    1199050,
                    1199051,
                    1199052,
                    1199053,
                    1199054,
                    1199055,
                    1199056,
                    1199057,
                    1199058,
                    1199059,
                    1199060,
                    1199061,
                    1199062,
                    1199063,
                    1199064,
                    1199065,
                    1199066,
                    1199067,
                    1199068,
                    1199069,
                    1199070,
                    1199071,
                    1199072,
                    1199073,
                    1199074,
                    1199075,
                    1199076,
                    1199077,
                    1199078,
                    1199079,
                    1199080,
                    1199081,
                    1199082,
                    1199083,
                    1199084,
                    1199085,
                    1199086,
                    1199087,
                    1199088,
                    1199089,
                    1199090,
                    1199091,
                    1199092,
                    1199093,
                    1199094,
                    1199095,
                    1199096,
                    1199097,
                    1199098,
                    1199099,
                    1199100,
                    1199101,
                    1199102,
                    1199103,
                    1199104,
                    1199105,
                    1199106,
                    1199107,
                    1199108,
                    1199109,
                    1199110,
                    1199111,
                    1199112,
                    1199113,
                    1199114,
                    1199115,
                    1199116,
                    1199117,
                    1199118,
                    1199119,
                    1199120,
                    1199121,
                    1199122,
                    1199123,
                    1199124,
                    1199125,
                    1199126,
                    1199127,
                    1199128,
                    1199129,
                    1199130,
                    1199131,
                    1199132,
                    1199133,
                    1199134,
                    1199135,
                    1199136,
                    1199137,
                    1199138,
                    1199139,
                    1199140,
                    1199141,
                    1199142,
                    1199143,
                    1199144,
                    1199145,
                    1199146,
                    1199147,
                    1199148,
                    1199149,
                    1199150,
                    1199151,
                    1199152,
                    1199153,
                    1199154,
                    1199155,
                    1199156,
                    1199157,
                    1199158,
                    1199159,
                    1199160,
                    1199161,
                    1199162,
                    1199163,
                    1199164,
                    1199165,
                    1199166,
                    1199167,
                    1199168,
                    1199169,
                    1199170,
                    1199171,
                    1199172,
                    1199173,
                    1199174,
                    1199175,
                    1199176,
                    1199177,
                    1199178,
                    1199179,
                    1199180,
                    1199181,
                    1199182,
                    1199183,
                    1199184,
                    1199185,
                    1199186,
                    1199187,
                    1199188,
                    1199189,
                    1199190,
                    1199191,
                    1199192,
                    1199193,
                    1199194,
                    1199195,
                    1199196,
                    1199197,
                    1199198,
                    1199199,
                    1199200,
                    1199201,
                    1199202,
                    1199203,
                    1199204,
                    1199205,
                    1199206,
                    1199207,
                    1199208,
                    1199209,
                    1199210,
                    1199211,
                    1199212,
                    1199213,
                    1199214,
                    1199215,
                    1199216,
                    1199217,
                    1199218,
                    1199219,
                    1199220,
                    1199221,
                    1199222,
                    1199223,
                    1199224,
                    1199225,
                    1199226,
                    1199227,
                    1199228,
                    1199229,
                    1199230,
                    1199231,
                    1199232,
                    1199233,
                    1199234,
                    1199235,
                    1199236,
                    1199237,
                    1199238,
                    1199239,
                    1199240,
                    1199241,
                    1199242,
                    1199243,
                    1199244,
                    1199245,
                    1199246,
                    1199247,
                    1199248,
                    1199249,
                    1199250,
                    1199251,
                    1199252,
                    1199253,
                    1199254,
                    1199255,
                    1199256,
                    1199257,
                    1199258,
                    1199259,
                    1199260,
                    1199261,
                    1199262,
                    1199263,
                    1199264,
                    1199265,
                    1199266,
                    1199267,
                    1199268,
                    1199269,
                    1199270,
                    1199271,
                    1199272,
                    1199273,
                    1199274,
                    1199275,
                    1199276,
                    1199277,
                    1199278,
                    1199279,
                    1199280,
                    1199281,
                    1199282,
                    1199283,
                    1199284,
                    1199285,
                    1199286,
                    1199287,
                    1199288,
                    1199289,
                    1199290,
                    1199291,
                    1199292,
                    1199293,
                    1199294,
                    1199295,
                    1199296,
                    1199297,
                    1199298,
                    1199299,
                    1199300,
                    1199301,
                    1199302,
                    1199303,
                    1199304,
                    1199305,
                    1199306,
                    1199307,
                    1199308,
                    1199309,
                    1199310,
                    1199311,
                    1199312,
                    1199313,
                    1199314,
                    1199315,
                    1199316,
                    1199317,
                    1199318,
                    1199319,
                    1199320,
                    1199321,
                    1199322,
                    1199323,
                    1199324,
                    1199325,
                    1199326,
                    1199327,
                    1199328,
                    1199329,
                    1199330,
                    1199331,
                    1199332,
                    1199333,
                    1199334,
                    1199335,
                    1199336,
                    1199337,
                    1199338,
                    1199339,
                    1199340,
                    1199341,
                    1199342,
                    1199343,
                    1199344,
                    1199345,
                    1199346,
                    1199347,
                    1199348,
                    1199349,
                    1199350,
                    1199351,
                    1199352,
                    1199353,
                    1199354,
                    1199355,
                    1199356,
                    1199357,
                    1199358,
                    1199359,
                    1199360,
                    1199361,
                    1199362,
                    1199363,
                    1199364,
                    1199365,
                    1199366,
                    1199367,
                    1199368,
                    1199369,
                    1199370,
                    1199371,
                    1199372,
                    1199373,
                    1199374,
                    1199375,
                    1199376,
                    1199377,
                    1199378,
                    1199379,
                    1199380,
                    1199381,
                    1199382,
                    1199383,
                    1199384,
                    1199385,
                    1199386,
                    1199387,
                    1199388,
                    1199389,
                    1199390,
                    1199391,
                    1199392,
                    1199393,
                    1199394,
                    1199395,
                    1199396,
                    1199397,
                    1199398,
                    1199399,
                    1199400,
                    1199401,
                    1199402,
                    1199403,
                    1199404,
                    1199405,
                    1199406,
                    1199407,
                    1199408,
                    1199409,
                    1199410,
                    1199411,
                    1199412,
                    1199413,
                    1199414,
                    1199415,
                    1199416,
                    1199417,
                    1199418,
                    1199419,
                    1199420,
                    1199421,
                    1199422,
                    1199423,
                    1199424,
                    1199425,
                    1199426,
                    1199427,
                    1199428,
                    1199429,
                    1199430,
                    1199431,
                    1199432,
                    1199433,
                    1199434,
                    1199435,
                    1199436,
                    1199437,
                    1199438,
                    1199439,
                    1199440,
                    1199441,
                    1199442,
                    1199443,
                    1199444,
                    1199445,
                    1199446,
                    1199447,
                    1199448,
                    1199449,
                    1199450,
                    1199451,
                    1199452,
                    1199453,
                    1199454,
                    1199455,
                    1199456,
                    1199457,
                    1199458,
                    1199459,
                    1199460,
                    1199461,
                    1199462,
                    1199463,
                    1199464,
                    1199465,
                    1199466,
                    1199467,
                    1199468,
                    1199469,
                    1199470,
                    1199471,
                    1199472,
                    1199473,
                    1199474,
                    1199475,
                    1199476,
                    1199477,
                    1199478,
                    1199479,
                    1199480,
                    1199481,
                    1199482,
                    1199483,
                    1199484,
                    1199485,
                    1199486,
                    1199487,
                    1199488,
                    1199489,
                    1199490,
                    1199491,
                    1199492,
                    1199493,
                    1199494,
                    1199495,
                    1199496,
                    1199497,
                    1199498,
                    1199499,
                    1199500,
                    1199501,
                    1199502,
                    1199503,
                    1199504,
                    1199505,
                    1199506,
                    1199507,
                    1199508,
                    1199509,
                    1199510,
                    1199511,
                    1199512,
                    1199513,
                    1199514,
                    1199515,
                    1199516,
                    1199517,
                    1199518,
                    1199519,
                    1199520,
                    1199521,
                    1199522,
                    1199523,
                    1199524,
                    1199525,
                    1199526,
                    1199527,
                    1199528,
                    1199529,
                    1199530,
                    1199531,
                    1199532,
                    1199533,
                    1199534,
                    1199535,
                    1199536,
                    1199537,
                    1199538,
                    1199539,
                    1199540,
                    1199541,
                    1199542,
                    1199543,
                    1199544,
                    1199545,
                    1199546,
                    1199547,
                    1199548,
                    1199549,
                    1199550,
                    1199551,
                    1199552,
                    1199553,
                    1199554,
                    1199555,
                    1199556,
                    1199557,
                    1199558,
                    1199559,
                    1199560,
                    1199561,
                    1199562,
                    1199563,
                    1199564,
                    1199565,
                    1199566,
                    1199567,
                    1199568,
                    1199569,
                    1199570,
                    1199571,
                    1199572,
                    1199573,
                    1199574,
                    1199575,
                    1199576,
                    1199577,
                    1199578,
                    1199579,
                    1199580,
                    1199581,
                    1199582,
                    1199583,
                    1199584,
                    1199585,
                    1199586,
                    1199587,
                    1199588,
                    1199589,
                    1199590,
                    1199591,
                    1199592,
                    1199593,
                    1199594,
                    1199595,
                    1199596,
                    1199597,
                    1199598,
                    1199599,
                    1199600,
                    1199601,
                    1199602,
                    1199603,
                    1199604,
                    1199605,
                    1199606,
                    1199607,
                    1199608,
                    1199609,
                    1199610,
                    1199611,
                    1199612,
                    1199613,
                    1199614,
                    1199615,
                    1199616,
                    1199617,
                    1199618,
                    1199619,
                    1199620,
                    1199621,
                    1199622,
                    1199623,
                    1199624,
                    1199625,
                    1199626,
                    1199627,
                    1199628,
                    1199629,
                    1199630,
                    1199631,
                    1199632,
                    1199633,
                    1199634,
                    1199635,
                    1199636,
                    1199637,
                    1199638,
                    1199639,
                    1199640,
                    1199641,
                    1199642,
                    1199643,
                    1199644,
                    1199645,
                    1199646,
                    1199647,
                    1199648,
                    1199649,
                    1199650,
                    1199651,
                    1199652,
                    1199653,
                    1199654,
                    1199655,
                    1199656,
                    1199657,
                    1199658,
                    1199659,
                    1199660,
                    1199661,
                    1199662,
                    1199663,
                    1199664,
                    1199665,
                    1199666,
                    1199667,
                    1199668,
                    1199669,
                    1199670,
                    1199671,
                    1199672,
                    1199673,
                    1199674,
                    1199675,
                    1199676,
                    1199677,
                    1199678,
                    1199679,
                    1199680,
                    1199681,
                    1199682,
                    1199683,
                    1199684,
                    1199685,
                    1199686,
                    1199687,
                    1199688,
                    1199689,
                    1199690,
                    1199691,
                    1199692,
                    1199693,
                    1199694,
                    1199695,
                    1199696,
                    1199697,
                    1199698,
                    1199699,
                    1199700,
                    1199701,
                    1199702,
                    1199703,
                    1199704,
                    1199705,
                    1199706,
                    1199707,
                    1199708,
                    1199709,
                    1199710,
                    1199711,
                    1199712,
                    1199713,
                    1199714,
                    1199715,
                    1199716,
                    1199717,
                    1199718,
                    1199719,
                    1199720,
                    1199721,
                    1199722,
                    1199723,
                    1199724,
                    1199725,
                    1199726,
                    1199727,
                    1199728,
                    1199729,
                    1199730,
                    1199731,
                    1199732,
                    1199733,
                    1199734,
                    1199735,
                    1199736,
                    1199737,
                    1199738,
                    1199739,
                    1199740,
                    1199741,
                    1199742,
                    1199743,
                    1199744,
                    1199745,
                    1199746,
                    1199747,
                    1199748,
                    1199749,
                    1199750,
                    1199751,
                    1199752,
                    1199753,
                    1199754,
                    1199755,
                    1199756,
                    1199757,
                    1199758,
                    1199759,
                    1199760,
                    1199761,
                    1199762,
                    1199763,
                    1199764,
                    1199765,
                    1199766,
                    1199767,
                    1199768,
                    1199769,
                    1199770,
                    1199771,
                    1199772,
                    1199773,
                    1199774,
                    1199775,
                    1199776,
                    1199777,
                    1199778,
                    1199779,
                    1199780,
                    1199781,
                    1199782,
                    1199783,
                    1199784,
                    1199785,
                    1199786,
                    1199787,
                    1199788,
                    1199789,
                    1199790,
                    1199791,
                    1199792,
                    1199793,
                    1199794,
                    1199795,
                    1199796,
                    1199797,
                    1199798,
                    1199799,
                    1199800,
                    1199801,
                    1199802,
                    1199803,
                    1199804,
                    1199805,
                    1199806,
                    1199807,
                    1199808,
                    1199809,
                    1199810,
                    1199811,
                    1199812,
                    1199813,
                    1199814,
                    1199815,
                    1199816,
                    1199817,
                    1199818,
                    1199819,
                    1199820,
                    1199821,
                    1199822,
                    1199823,
                    1199824,
                    1199825,
                    1199826,
                    1199827,
                    1199828,
                    1199829,
                    1199830,
                    1199831,
                    1199832,
                    1199833,
                    1199834,
                    1199835,
                    1199836,
                    1199837,
                    1199838,
                    1199839,
                    1199840,
                    1199841,
                    1199842,
                    1199843,
                    1199844,
                    1199845,
                    1199846,
                    1199847,
                    1199848,
                    1199849,
                    1199850,
                    1199851,
                    1199852,
                    1199853,
                    1199854,
                    1199855,
                    1199856,
                    1199857,
                    1199858,
                    1199859,
                    1199860,
                    1199861,
                    1199862,
                    1199863,
                    1199864,
                    1199865,
                    1199866,
                    1199867,
                    1199868,
                    1199869,
                    1199870,
                    1199871,
                    1199872,
                    1199873,
                    1199874,
                    1199875,
                    1199876,
                    1199877,
                    1199878,
                    1199879,
                    1199880,
                    1199881,
                    1199882,
                    1199883,
                    1199884,
                    1199885,
                    1199886,
                    1199887,
                    1199888,
                    1199889,
                    1199890,
                    1199891,
                    1199892,
                    1199893,
                    1199894,
                    1199895,
                    1199896,
                    1199897,
                    1199898,
                    1199899,
                    1199900,
                    1199901,
                    1199902,
                    1199903,
                    1199904,
                    1199905,
                    1199906,
                    1199907,
                    1199908,
                    1199909,
                    1199910,
                    1199911,
                    1199912,
                    1199913,
                    1199914,
                    1199915,
                    1199916,
                    1199917,
                    1199918,
                    1199919,
                    1199920,
                    1199921,
                    1199922,
                    1199923,
                    1199924,
                    1199925,
                    1199926,
                    1199927,
                    1199928,
                    1199929,
                    1199930,
                    1199931,
                    1199932,
                    1199933,
                    1199934,
                    1199935,
                    1199936,
                    1199937,
                    1199938,
                    1199939,
                    1199940,
                    1199941,
                    1199942,
                    1199943,
                    1199944,
                    1199945,
                    1199946,
                    1199947,
                    1199948,
                    1199949,
                    1199950,
                    1199951,
                    1199952,
                    1199953,
                    1199954,
                    1199955,
                    1199956,
                    1199957,
                    1199958,
                    1199959,
                    1199960,
                    1199961,
                    1199962,
                    1199963,
                    1199964,
                    1199965,
                    1199966,
                    1199967,
                    1199968,
                    1199969,
                    1199970,
                    1199971,
                    1199972,
                    1199973,
                    1199974,
                    1199975,
                    1199976,
                    1199977,
                    1199978,
                    1199979,
                    1199980,
                    1199981,
                    1199982,
                    1199983,
                    1199984,
                    1199985,
                    1199986,
                    1199987,
                    1199988,
                    1199989,
                    1199990,
                    1199991,
                    1199992,
                    1199993,
                    1199994,
                    1199995,
                    1199996,
                    1199997,
                    1199998,
                    1199999,
                ],
                pipeline=[
                    dict(type='LoadImageFromNDArray'),
                    dict(
                        base_h=32,
                        base_shape=[
                            [
                                64,
                                64,
                            ],
                            [
                                96,
                                48,
                            ],
                            [
                                112,
                                40,
                            ],
                            [
                                128,
                                32,
                            ],
                        ],
                        interpolation='bicubic',
                        max_ratio=12,
                        max_size=None,
                        pad_to_max=True,
                        padding=False,
                        random_resize_factor=False,
                        scale=(
                            256,
                            64,
                        ),
                        type='SVTRv2AdaptiveResize',
                        use_msr=True),
                    dict(type='LoadOCRAnnotations', with_text=True),
                    dict(
                        meta_keys=(
                            'img_path',
                            'ori_shape',
                            'img_shape',
                            'valid_ratio',
                        ),
                        type='PackTextRecogInputs'),
                ],
                test_mode=True,
                type='RecogLMDBDataset'),
        ],
        type='ConcatDataset',
        verify_meta=False),
    drop_last=False,
    num_workers=0,
    persistent_workers=False,
    pin_memory=False,
    sampler=dict(shuffle=False, type='DefaultSampler'))
val_evaluator = dict(
    dataset_prefixes=[
        'Fudan',
        'PretrainCN_holdout',
    ],
    metrics=[
        dict(mode=[
            'exact',
        ], type='WordMetric'),
        dict(type='OneMinusNEDMetric'),
    ],
    type='MultiDatasetsEvaluator')
vis_backends = [
    dict(type='LocalVisBackend'),
]
visualizer = dict(
    name='visualizer',
    type='TextRecogLocalVisualizer',
    vis_backends=[
        dict(type='LocalVisBackend'),
    ])
work_dir = '/root/lanyun-tmp/mmocr/work_dirs/_smoke/svtrv2_pretrain_200w_stage1_rctc_cpu'

2026/01/11 11:21:21 - mmengine - INFO - Distributed training is not used, all SyncBatchNorm (SyncBN) layers in the model will be automatically reverted to BatchNormXd layers if they are used.
2026/01/11 11:21:21 - mmengine - INFO - Hooks will be executed in the following order:
before_run:
(VERY_HIGH   ) RuntimeInfoHook                    
(NORMAL      ) EMAHook                            
(BELOW_NORMAL) LoggerHook                         
 -------------------- 
after_load_checkpoint:
(NORMAL      ) EMAHook                            
 -------------------- 
before_train:
(VERY_HIGH   ) RuntimeInfoHook                    
(NORMAL      ) IterTimerHook                      
(NORMAL      ) EMAHook                            
(VERY_LOW    ) CheckpointHook                     
 -------------------- 
before_train_epoch:
(VERY_HIGH   ) RuntimeInfoHook                    
(NORMAL      ) IterTimerHook                      
(NORMAL      ) DistSamplerSeedHook                
 -------------------- 
before_train_iter:
(VERY_HIGH   ) RuntimeInfoHook                    
(NORMAL      ) IterTimerHook                      
 -------------------- 
after_train_iter:
(VERY_HIGH   ) RuntimeInfoHook                    
(NORMAL      ) IterTimerHook                      
(NORMAL      ) EMAHook                            
(BELOW_NORMAL) LoggerHook                         
(LOW         ) ParamSchedulerHook                 
(VERY_LOW    ) CheckpointHook                     
 -------------------- 
after_train_epoch:
(NORMAL      ) IterTimerHook                      
(NORMAL      ) SyncBuffersHook                    
(LOW         ) ParamSchedulerHook                 
(VERY_LOW    ) CheckpointHook                     
 -------------------- 
before_val:
(VERY_HIGH   ) RuntimeInfoHook                    
 -------------------- 
before_val_epoch:
(NORMAL      ) IterTimerHook                      
(NORMAL      ) SyncBuffersHook                    
(NORMAL      ) EMAHook                            
 -------------------- 
before_val_iter:
(NORMAL      ) IterTimerHook                      
 -------------------- 
after_val_iter:
(NORMAL      ) IterTimerHook                      
(NORMAL      ) VisualizationHook                  
(BELOW_NORMAL) LoggerHook                         
 -------------------- 
after_val_epoch:
(VERY_HIGH   ) RuntimeInfoHook                    
(NORMAL      ) IterTimerHook                      
(NORMAL      ) EMAHook                            
(BELOW_NORMAL) LoggerHook                         
(LOW         ) ParamSchedulerHook                 
(VERY_LOW    ) CheckpointHook                     
 -------------------- 
after_val:
(VERY_HIGH   ) RuntimeInfoHook                    
 -------------------- 
before_save_checkpoint:
(NORMAL      ) EMAHook                            
 -------------------- 
after_train:
(VERY_HIGH   ) RuntimeInfoHook                    
(VERY_LOW    ) CheckpointHook                     
 -------------------- 
before_test:
(VERY_HIGH   ) RuntimeInfoHook                    
 -------------------- 
before_test_epoch:
(NORMAL      ) IterTimerHook                      
(NORMAL      ) EMAHook                            
 -------------------- 
before_test_iter:
(NORMAL      ) IterTimerHook                      
 -------------------- 
after_test_iter:
(NORMAL      ) IterTimerHook                      
(NORMAL      ) VisualizationHook                  
(BELOW_NORMAL) LoggerHook                         
 -------------------- 
after_test_epoch:
(VERY_HIGH   ) RuntimeInfoHook                    
(NORMAL      ) IterTimerHook                      
(NORMAL      ) EMAHook                            
(BELOW_NORMAL) LoggerHook                         
 -------------------- 
after_test:
(VERY_HIGH   ) RuntimeInfoHook                    
 -------------------- 
after_run:
(BELOW_NORMAL) LoggerHook                         
 -------------------- 
Name of parameter - Initialization information

encoder.encoder.pope.patch_embed.0.conv.weight - torch.Size([64, 3, 3, 3]): 
The value is the same before and after calling `init_weights` of SVTR  

encoder.encoder.pope.patch_embed.0.norm.weight - torch.Size([64]): 
The value is the same before and after calling `init_weights` of SVTR  

encoder.encoder.pope.patch_embed.0.norm.bias - torch.Size([64]): 
The value is the same before and after calling `init_weights` of SVTR  

encoder.encoder.pope.patch_embed.1.conv.weight - torch.Size([128, 64, 3, 3]): 
The value is the same before and after calling `init_weights` of SVTR  

encoder.encoder.pope.patch_embed.1.norm.weight - torch.Size([128]): 
The value is the same before and after calling `init_weights` of SVTR  

encoder.encoder.pope.patch_embed.1.norm.bias - torch.Size([128]): 
The value is the same before and after calling `init_weights` of SVTR  

encoder.encoder.stages.0.blocks.0.norm1.weight - torch.Size([128]): 
The value is the same before and after calling `init_weights` of SVTR  

encoder.encoder.stages.0.blocks.0.norm1.bias - torch.Size([128]): 
The value is the same before and after calling `init_weights` of SVTR  

encoder.encoder.stages.0.blocks.0.mixer.0.weight - torch.Size([128, 32, 3, 3]): 
The value is the same before and after calling `init_weights` of SVTR  

encoder.encoder.stages.0.blocks.0.mixer.0.bias - torch.Size([128]): 
The value is the same before and after calling `init_weights` of SVTR  

encoder.encoder.stages.0.blocks.0.mixer.1.weight - torch.Size([128, 32, 3, 3]): 
The value is the same before and after calling `init_weights` of SVTR  

encoder.encoder.stages.0.blocks.0.mixer.1.bias - torch.Size([128]): 
The value is the same before and after calling `init_weights` of SVTR  

encoder.encoder.stages.0.blocks.0.norm2.weight - torch.Size([128]): 
The value is the same before and after calling `init_weights` of SVTR  

encoder.encoder.stages.0.blocks.0.norm2.bias - torch.Size([128]): 
The value is the same before and after calling `init_weights` of SVTR  

encoder.encoder.stages.0.blocks.0.mlp.fc1.weight - torch.Size([512, 128]): 
The value is the same before and after calling `init_weights` of SVTR  

encoder.encoder.stages.0.blocks.0.mlp.fc1.bias - torch.Size([512]): 
The value is the same before and after calling `init_weights` of SVTR  

encoder.encoder.stages.0.blocks.0.mlp.fc2.weight - torch.Size([128, 512]): 
The value is the same before and after calling `init_weights` of SVTR  

encoder.encoder.stages.0.blocks.0.mlp.fc2.bias - torch.Size([128]): 
The value is the same before and after calling `init_weights` of SVTR  

encoder.encoder.stages.0.blocks.1.norm1.weight - torch.Size([128]): 
The value is the same before and after calling `init_weights` of SVTR  

encoder.encoder.stages.0.blocks.1.norm1.bias - torch.Size([128]): 
The value is the same before and after calling `init_weights` of SVTR  

encoder.encoder.stages.0.blocks.1.mixer.0.weight - torch.Size([128, 32, 3, 3]): 
The value is the same before and after calling `init_weights` of SVTR  

encoder.encoder.stages.0.blocks.1.mixer.0.bias - torch.Size([128]): 
The value is the same before and after calling `init_weights` of SVTR  

encoder.encoder.stages.0.blocks.1.mixer.1.weight - torch.Size([128, 32, 3, 3]): 
The value is the same before and after calling `init_weights` of SVTR  

encoder.encoder.stages.0.blocks.1.mixer.1.bias - torch.Size([128]): 
The value is the same before and after calling `init_weights` of SVTR  

encoder.encoder.stages.0.blocks.1.norm2.weight - torch.Size([128]): 
The value is the same before and after calling `init_weights` of SVTR  

encoder.encoder.stages.0.blocks.1.norm2.bias - torch.Size([128]): 
The value is the same before and after calling `init_weights` of SVTR  

encoder.encoder.stages.0.blocks.1.mlp.fc1.weight - torch.Size([512, 128]): 
The value is the same before and after calling `init_weights` of SVTR  

encoder.encoder.stages.0.blocks.1.mlp.fc1.bias - torch.Size([512]): 
The value is the same before and after calling `init_weights` of SVTR  

encoder.encoder.stages.0.blocks.1.mlp.fc2.weight - torch.Size([128, 512]): 
The value is the same before and after calling `init_weights` of SVTR  

encoder.encoder.stages.0.blocks.1.mlp.fc2.bias - torch.Size([128]): 
The value is the same before and after calling `init_weights` of SVTR  

encoder.encoder.stages.0.blocks.2.norm1.weight - torch.Size([128]): 
The value is the same before and after calling `init_weights` of SVTR  

encoder.encoder.stages.0.blocks.2.norm1.bias - torch.Size([128]): 
The value is the same before and after calling `init_weights` of SVTR  

encoder.encoder.stages.0.blocks.2.mixer.0.weight - torch.Size([128, 32, 3, 3]): 
The value is the same before and after calling `init_weights` of SVTR  

encoder.encoder.stages.0.blocks.2.mixer.0.bias - torch.Size([128]): 
The value is the same before and after calling `init_weights` of SVTR  

encoder.encoder.stages.0.blocks.2.mixer.1.weight - torch.Size([128, 32, 3, 3]): 
The value is the same before and after calling `init_weights` of SVTR  

encoder.encoder.stages.0.blocks.2.mixer.1.bias - torch.Size([128]): 
The value is the same before and after calling `init_weights` of SVTR  

encoder.encoder.stages.0.blocks.2.norm2.weight - torch.Size([128]): 
The value is the same before and after calling `init_weights` of SVTR  

encoder.encoder.stages.0.blocks.2.norm2.bias - torch.Size([128]): 
The value is the same before and after calling `init_weights` of SVTR  

encoder.encoder.stages.0.blocks.2.mlp.fc1.weight - torch.Size([512, 128]): 
The value is the same before and after calling `init_weights` of SVTR  

encoder.encoder.stages.0.blocks.2.mlp.fc1.bias - torch.Size([512]): 
The value is the same before and after calling `init_weights` of SVTR  

encoder.encoder.stages.0.blocks.2.mlp.fc2.weight - torch.Size([128, 512]): 
The value is the same before and after calling `init_weights` of SVTR  

encoder.encoder.stages.0.blocks.2.mlp.fc2.bias - torch.Size([128]): 
The value is the same before and after calling `init_weights` of SVTR  

encoder.encoder.stages.0.blocks.3.norm1.weight - torch.Size([128]): 
The value is the same before and after calling `init_weights` of SVTR  

encoder.encoder.stages.0.blocks.3.norm1.bias - torch.Size([128]): 
The value is the same before and after calling `init_weights` of SVTR  

encoder.encoder.stages.0.blocks.3.mixer.0.weight - torch.Size([128, 32, 3, 3]): 
The value is the same before and after calling `init_weights` of SVTR  

encoder.encoder.stages.0.blocks.3.mixer.0.bias - torch.Size([128]): 
The value is the same before and after calling `init_weights` of SVTR  

encoder.encoder.stages.0.blocks.3.mixer.1.weight - torch.Size([128, 32, 3, 3]): 
The value is the same before and after calling `init_weights` of SVTR  

encoder.encoder.stages.0.blocks.3.mixer.1.bias - torch.Size([128]): 
The value is the same before and after calling `init_weights` of SVTR  

encoder.encoder.stages.0.blocks.3.norm2.weight - torch.Size([128]): 
The value is the same before and after calling `init_weights` of SVTR  

encoder.encoder.stages.0.blocks.3.norm2.bias - torch.Size([128]): 
The value is the same before and after calling `init_weights` of SVTR  

encoder.encoder.stages.0.blocks.3.mlp.fc1.weight - torch.Size([512, 128]): 
The value is the same before and after calling `init_weights` of SVTR  

encoder.encoder.stages.0.blocks.3.mlp.fc1.bias - torch.Size([512]): 
The value is the same before and after calling `init_weights` of SVTR  

encoder.encoder.stages.0.blocks.3.mlp.fc2.weight - torch.Size([128, 512]): 
The value is the same before and after calling `init_weights` of SVTR  

encoder.encoder.stages.0.blocks.3.mlp.fc2.bias - torch.Size([128]): 
The value is the same before and after calling `init_weights` of SVTR  

encoder.encoder.stages.0.blocks.4.norm1.weight - torch.Size([128]): 
The value is the same before and after calling `init_weights` of SVTR  

encoder.encoder.stages.0.blocks.4.norm1.bias - torch.Size([128]): 
The value is the same before and after calling `init_weights` of SVTR  

encoder.encoder.stages.0.blocks.4.mixer.0.weight - torch.Size([128, 32, 3, 3]): 
The value is the same before and after calling `init_weights` of SVTR  

encoder.encoder.stages.0.blocks.4.mixer.0.bias - torch.Size([128]): 
The value is the same before and after calling `init_weights` of SVTR  

encoder.encoder.stages.0.blocks.4.mixer.1.weight - torch.Size([128, 32, 3, 3]): 
The value is the same before and after calling `init_weights` of SVTR  

encoder.encoder.stages.0.blocks.4.mixer.1.bias - torch.Size([128]): 
The value is the same before and after calling `init_weights` of SVTR  

encoder.encoder.stages.0.blocks.4.norm2.weight - torch.Size([128]): 
The value is the same before and after calling `init_weights` of SVTR  

encoder.encoder.stages.0.blocks.4.norm2.bias - torch.Size([128]): 
The value is the same before and after calling `init_weights` of SVTR  

encoder.encoder.stages.0.blocks.4.mlp.fc1.weight - torch.Size([512, 128]): 
The value is the same before and after calling `init_weights` of SVTR  

encoder.encoder.stages.0.blocks.4.mlp.fc1.bias - torch.Size([512]): 
The value is the same before and after calling `init_weights` of SVTR  

encoder.encoder.stages.0.blocks.4.mlp.fc2.weight - torch.Size([128, 512]): 
The value is the same before and after calling `init_weights` of SVTR  

encoder.encoder.stages.0.blocks.4.mlp.fc2.bias - torch.Size([128]): 
The value is the same before and after calling `init_weights` of SVTR  

encoder.encoder.stages.0.blocks.5.norm1.weight - torch.Size([128]): 
The value is the same before and after calling `init_weights` of SVTR  

encoder.encoder.stages.0.blocks.5.norm1.bias - torch.Size([128]): 
The value is the same before and after calling `init_weights` of SVTR  

encoder.encoder.stages.0.blocks.5.mixer.0.weight - torch.Size([128, 32, 3, 3]): 
The value is the same before and after calling `init_weights` of SVTR  

encoder.encoder.stages.0.blocks.5.mixer.0.bias - torch.Size([128]): 
The value is the same before and after calling `init_weights` of SVTR  

encoder.encoder.stages.0.blocks.5.mixer.1.weight - torch.Size([128, 32, 3, 3]): 
The value is the same before and after calling `init_weights` of SVTR  

encoder.encoder.stages.0.blocks.5.mixer.1.bias - torch.Size([128]): 
The value is the same before and after calling `init_weights` of SVTR  

encoder.encoder.stages.0.blocks.5.norm2.weight - torch.Size([128]): 
The value is the same before and after calling `init_weights` of SVTR  

encoder.encoder.stages.0.blocks.5.norm2.bias - torch.Size([128]): 
The value is the same before and after calling `init_weights` of SVTR  

encoder.encoder.stages.0.blocks.5.mlp.fc1.weight - torch.Size([512, 128]): 
The value is the same before and after calling `init_weights` of SVTR  

encoder.encoder.stages.0.blocks.5.mlp.fc1.bias - torch.Size([512]): 
The value is the same before and after calling `init_weights` of SVTR  

encoder.encoder.stages.0.blocks.5.mlp.fc2.weight - torch.Size([128, 512]): 
The value is the same before and after calling `init_weights` of SVTR  

encoder.encoder.stages.0.blocks.5.mlp.fc2.bias - torch.Size([128]): 
The value is the same before and after calling `init_weights` of SVTR  

encoder.encoder.stages.0.downsample.conv.weight - torch.Size([256, 128, 3, 3]): 
The value is the same before and after calling `init_weights` of SVTR  

encoder.encoder.stages.0.downsample.conv.bias - torch.Size([256]): 
The value is the same before and after calling `init_weights` of SVTR  

encoder.encoder.stages.0.downsample.norm.weight - torch.Size([256]): 
The value is the same before and after calling `init_weights` of SVTR  

encoder.encoder.stages.0.downsample.norm.bias - torch.Size([256]): 
The value is the same before and after calling `init_weights` of SVTR  

encoder.encoder.stages.1.blocks.0.norm1.weight - torch.Size([256]): 
The value is the same before and after calling `init_weights` of SVTR  

encoder.encoder.stages.1.blocks.0.norm1.bias - torch.Size([256]): 
The value is the same before and after calling `init_weights` of SVTR  

encoder.encoder.stages.1.blocks.0.mixer.0.weight - torch.Size([256, 32, 3, 3]): 
The value is the same before and after calling `init_weights` of SVTR  

encoder.encoder.stages.1.blocks.0.mixer.0.bias - torch.Size([256]): 
The value is the same before and after calling `init_weights` of SVTR  

encoder.encoder.stages.1.blocks.0.mixer.1.weight - torch.Size([256, 32, 3, 3]): 
The value is the same before and after calling `init_weights` of SVTR  

encoder.encoder.stages.1.blocks.0.mixer.1.bias - torch.Size([256]): 
The value is the same before and after calling `init_weights` of SVTR  

encoder.encoder.stages.1.blocks.0.norm2.weight - torch.Size([256]): 
The value is the same before and after calling `init_weights` of SVTR  

encoder.encoder.stages.1.blocks.0.norm2.bias - torch.Size([256]): 
The value is the same before and after calling `init_weights` of SVTR  

encoder.encoder.stages.1.blocks.0.mlp.fc1.weight - torch.Size([1024, 256]): 
The value is the same before and after calling `init_weights` of SVTR  

encoder.encoder.stages.1.blocks.0.mlp.fc1.bias - torch.Size([1024]): 
The value is the same before and after calling `init_weights` of SVTR  

encoder.encoder.stages.1.blocks.0.mlp.fc2.weight - torch.Size([256, 1024]): 
The value is the same before and after calling `init_weights` of SVTR  

encoder.encoder.stages.1.blocks.0.mlp.fc2.bias - torch.Size([256]): 
The value is the same before and after calling `init_weights` of SVTR  

encoder.encoder.stages.1.blocks.1.norm1.weight - torch.Size([256]): 
The value is the same before and after calling `init_weights` of SVTR  

encoder.encoder.stages.1.blocks.1.norm1.bias - torch.Size([256]): 
The value is the same before and after calling `init_weights` of SVTR  

encoder.encoder.stages.1.blocks.1.mixer.0.weight - torch.Size([256, 32, 3, 3]): 
The value is the same before and after calling `init_weights` of SVTR  

encoder.encoder.stages.1.blocks.1.mixer.0.bias - torch.Size([256]): 
The value is the same before and after calling `init_weights` of SVTR  

encoder.encoder.stages.1.blocks.1.mixer.1.weight - torch.Size([256, 32, 3, 3]): 
The value is the same before and after calling `init_weights` of SVTR  

encoder.encoder.stages.1.blocks.1.mixer.1.bias - torch.Size([256]): 
The value is the same before and after calling `init_weights` of SVTR  

encoder.encoder.stages.1.blocks.1.norm2.weight - torch.Size([256]): 
The value is the same before and after calling `init_weights` of SVTR  

encoder.encoder.stages.1.blocks.1.norm2.bias - torch.Size([256]): 
The value is the same before and after calling `init_weights` of SVTR  

encoder.encoder.stages.1.blocks.1.mlp.fc1.weight - torch.Size([1024, 256]): 
The value is the same before and after calling `init_weights` of SVTR  

encoder.encoder.stages.1.blocks.1.mlp.fc1.bias - torch.Size([1024]): 
The value is the same before and after calling `init_weights` of SVTR  

encoder.encoder.stages.1.blocks.1.mlp.fc2.weight - torch.Size([256, 1024]): 
The value is the same before and after calling `init_weights` of SVTR  

encoder.encoder.stages.1.blocks.1.mlp.fc2.bias - torch.Size([256]): 
The value is the same before and after calling `init_weights` of SVTR  

encoder.encoder.stages.1.blocks.3.norm1.weight - torch.Size([256]): 
The value is the same before and after calling `init_weights` of SVTR  

encoder.encoder.stages.1.blocks.3.norm1.bias - torch.Size([256]): 
The value is the same before and after calling `init_weights` of SVTR  

encoder.encoder.stages.1.blocks.3.mixer.qkv.weight - torch.Size([768, 256]): 
The value is the same before and after calling `init_weights` of SVTR  

encoder.encoder.stages.1.blocks.3.mixer.qkv.bias - torch.Size([768]): 
The value is the same before and after calling `init_weights` of SVTR  

encoder.encoder.stages.1.blocks.3.mixer.proj.weight - torch.Size([256, 256]): 
The value is the same before and after calling `init_weights` of SVTR  

encoder.encoder.stages.1.blocks.3.mixer.proj.bias - torch.Size([256]): 
The value is the same before and after calling `init_weights` of SVTR  

encoder.encoder.stages.1.blocks.3.norm2.weight - torch.Size([256]): 
The value is the same before and after calling `init_weights` of SVTR  

encoder.encoder.stages.1.blocks.3.norm2.bias - torch.Size([256]): 
The value is the same before and after calling `init_weights` of SVTR  

encoder.encoder.stages.1.blocks.3.mlp.fc1.weight - torch.Size([1024, 256]): 
The value is the same before and after calling `init_weights` of SVTR  

encoder.encoder.stages.1.blocks.3.mlp.fc1.bias - torch.Size([1024]): 
The value is the same before and after calling `init_weights` of SVTR  

encoder.encoder.stages.1.blocks.3.mlp.fc2.weight - torch.Size([256, 1024]): 
The value is the same before and after calling `init_weights` of SVTR  

encoder.encoder.stages.1.blocks.3.mlp.fc2.bias - torch.Size([256]): 
The value is the same before and after calling `init_weights` of SVTR  

encoder.encoder.stages.1.blocks.4.norm1.weight - torch.Size([256]): 
The value is the same before and after calling `init_weights` of SVTR  

encoder.encoder.stages.1.blocks.4.norm1.bias - torch.Size([256]): 
The value is the same before and after calling `init_weights` of SVTR  

encoder.encoder.stages.1.blocks.4.mixer.qkv.weight - torch.Size([768, 256]): 
The value is the same before and after calling `init_weights` of SVTR  

encoder.encoder.stages.1.blocks.4.mixer.qkv.bias - torch.Size([768]): 
The value is the same before and after calling `init_weights` of SVTR  

encoder.encoder.stages.1.blocks.4.mixer.proj.weight - torch.Size([256, 256]): 
The value is the same before and after calling `init_weights` of SVTR  

encoder.encoder.stages.1.blocks.4.mixer.proj.bias - torch.Size([256]): 
The value is the same before and after calling `init_weights` of SVTR  

encoder.encoder.stages.1.blocks.4.norm2.weight - torch.Size([256]): 
The value is the same before and after calling `init_weights` of SVTR  

encoder.encoder.stages.1.blocks.4.norm2.bias - torch.Size([256]): 
The value is the same before and after calling `init_weights` of SVTR  

encoder.encoder.stages.1.blocks.4.mlp.fc1.weight - torch.Size([1024, 256]): 
The value is the same before and after calling `init_weights` of SVTR  

encoder.encoder.stages.1.blocks.4.mlp.fc1.bias - torch.Size([1024]): 
The value is the same before and after calling `init_weights` of SVTR  

encoder.encoder.stages.1.blocks.4.mlp.fc2.weight - torch.Size([256, 1024]): 
The value is the same before and after calling `init_weights` of SVTR  

encoder.encoder.stages.1.blocks.4.mlp.fc2.bias - torch.Size([256]): 
The value is the same before and after calling `init_weights` of SVTR  

encoder.encoder.stages.1.blocks.5.norm1.weight - torch.Size([256]): 
The value is the same before and after calling `init_weights` of SVTR  

encoder.encoder.stages.1.blocks.5.norm1.bias - torch.Size([256]): 
The value is the same before and after calling `init_weights` of SVTR  

encoder.encoder.stages.1.blocks.5.mixer.qkv.weight - torch.Size([768, 256]): 
The value is the same before and after calling `init_weights` of SVTR  

encoder.encoder.stages.1.blocks.5.mixer.qkv.bias - torch.Size([768]): 
The value is the same before and after calling `init_weights` of SVTR  

encoder.encoder.stages.1.blocks.5.mixer.proj.weight - torch.Size([256, 256]): 
The value is the same before and after calling `init_weights` of SVTR  

encoder.encoder.stages.1.blocks.5.mixer.proj.bias - torch.Size([256]): 
The value is the same before and after calling `init_weights` of SVTR  

encoder.encoder.stages.1.blocks.5.norm2.weight - torch.Size([256]): 
The value is the same before and after calling `init_weights` of SVTR  

encoder.encoder.stages.1.blocks.5.norm2.bias - torch.Size([256]): 
The value is the same before and after calling `init_weights` of SVTR  

encoder.encoder.stages.1.blocks.5.mlp.fc1.weight - torch.Size([1024, 256]): 
The value is the same before and after calling `init_weights` of SVTR  

encoder.encoder.stages.1.blocks.5.mlp.fc1.bias - torch.Size([1024]): 
The value is the same before and after calling `init_weights` of SVTR  

encoder.encoder.stages.1.blocks.5.mlp.fc2.weight - torch.Size([256, 1024]): 
The value is the same before and after calling `init_weights` of SVTR  

encoder.encoder.stages.1.blocks.5.mlp.fc2.bias - torch.Size([256]): 
The value is the same before and after calling `init_weights` of SVTR  

encoder.encoder.stages.1.blocks.6.norm1.weight - torch.Size([256]): 
The value is the same before and after calling `init_weights` of SVTR  

encoder.encoder.stages.1.blocks.6.norm1.bias - torch.Size([256]): 
The value is the same before and after calling `init_weights` of SVTR  

encoder.encoder.stages.1.blocks.6.mixer.qkv.weight - torch.Size([768, 256]): 
The value is the same before and after calling `init_weights` of SVTR  

encoder.encoder.stages.1.blocks.6.mixer.qkv.bias - torch.Size([768]): 
The value is the same before and after calling `init_weights` of SVTR  

encoder.encoder.stages.1.blocks.6.mixer.proj.weight - torch.Size([256, 256]): 
The value is the same before and after calling `init_weights` of SVTR  

encoder.encoder.stages.1.blocks.6.mixer.proj.bias - torch.Size([256]): 
The value is the same before and after calling `init_weights` of SVTR  

encoder.encoder.stages.1.blocks.6.norm2.weight - torch.Size([256]): 
The value is the same before and after calling `init_weights` of SVTR  

encoder.encoder.stages.1.blocks.6.norm2.bias - torch.Size([256]): 
The value is the same before and after calling `init_weights` of SVTR  

encoder.encoder.stages.1.blocks.6.mlp.fc1.weight - torch.Size([1024, 256]): 
The value is the same before and after calling `init_weights` of SVTR  

encoder.encoder.stages.1.blocks.6.mlp.fc1.bias - torch.Size([1024]): 
The value is the same before and after calling `init_weights` of SVTR  

encoder.encoder.stages.1.blocks.6.mlp.fc2.weight - torch.Size([256, 1024]): 
The value is the same before and after calling `init_weights` of SVTR  

encoder.encoder.stages.1.blocks.6.mlp.fc2.bias - torch.Size([256]): 
The value is the same before and after calling `init_weights` of SVTR  

encoder.encoder.stages.1.downsample.conv.weight - torch.Size([384, 256, 3, 3]): 
The value is the same before and after calling `init_weights` of SVTR  

encoder.encoder.stages.1.downsample.conv.bias - torch.Size([384]): 
The value is the same before and after calling `init_weights` of SVTR  

encoder.encoder.stages.1.downsample.norm.weight - torch.Size([384]): 
The value is the same before and after calling `init_weights` of SVTR  

encoder.encoder.stages.1.downsample.norm.bias - torch.Size([384]): 
The value is the same before and after calling `init_weights` of SVTR  

encoder.encoder.stages.2.blocks.0.norm1.weight - torch.Size([384]): 
The value is the same before and after calling `init_weights` of SVTR  

encoder.encoder.stages.2.blocks.0.norm1.bias - torch.Size([384]): 
The value is the same before and after calling `init_weights` of SVTR  

encoder.encoder.stages.2.blocks.0.mixer.qkv.weight - torch.Size([1152, 384]): 
The value is the same before and after calling `init_weights` of SVTR  

encoder.encoder.stages.2.blocks.0.mixer.qkv.bias - torch.Size([1152]): 
The value is the same before and after calling `init_weights` of SVTR  

encoder.encoder.stages.2.blocks.0.mixer.proj.weight - torch.Size([384, 384]): 
The value is the same before and after calling `init_weights` of SVTR  

encoder.encoder.stages.2.blocks.0.mixer.proj.bias - torch.Size([384]): 
The value is the same before and after calling `init_weights` of SVTR  

encoder.encoder.stages.2.blocks.0.norm2.weight - torch.Size([384]): 
The value is the same before and after calling `init_weights` of SVTR  

encoder.encoder.stages.2.blocks.0.norm2.bias - torch.Size([384]): 
The value is the same before and after calling `init_weights` of SVTR  

encoder.encoder.stages.2.blocks.0.mlp.fc1.weight - torch.Size([1536, 384]): 
The value is the same before and after calling `init_weights` of SVTR  

encoder.encoder.stages.2.blocks.0.mlp.fc1.bias - torch.Size([1536]): 
The value is the same before and after calling `init_weights` of SVTR  

encoder.encoder.stages.2.blocks.0.mlp.fc2.weight - torch.Size([384, 1536]): 
The value is the same before and after calling `init_weights` of SVTR  

encoder.encoder.stages.2.blocks.0.mlp.fc2.bias - torch.Size([384]): 
The value is the same before and after calling `init_weights` of SVTR  

encoder.encoder.stages.2.blocks.1.norm1.weight - torch.Size([384]): 
The value is the same before and after calling `init_weights` of SVTR  

encoder.encoder.stages.2.blocks.1.norm1.bias - torch.Size([384]): 
The value is the same before and after calling `init_weights` of SVTR  

encoder.encoder.stages.2.blocks.1.mixer.qkv.weight - torch.Size([1152, 384]): 
The value is the same before and after calling `init_weights` of SVTR  

encoder.encoder.stages.2.blocks.1.mixer.qkv.bias - torch.Size([1152]): 
The value is the same before and after calling `init_weights` of SVTR  

encoder.encoder.stages.2.blocks.1.mixer.proj.weight - torch.Size([384, 384]): 
The value is the same before and after calling `init_weights` of SVTR  

encoder.encoder.stages.2.blocks.1.mixer.proj.bias - torch.Size([384]): 
The value is the same before and after calling `init_weights` of SVTR  

encoder.encoder.stages.2.blocks.1.norm2.weight - torch.Size([384]): 
The value is the same before and after calling `init_weights` of SVTR  

encoder.encoder.stages.2.blocks.1.norm2.bias - torch.Size([384]): 
The value is the same before and after calling `init_weights` of SVTR  

encoder.encoder.stages.2.blocks.1.mlp.fc1.weight - torch.Size([1536, 384]): 
The value is the same before and after calling `init_weights` of SVTR  

encoder.encoder.stages.2.blocks.1.mlp.fc1.bias - torch.Size([1536]): 
The value is the same before and after calling `init_weights` of SVTR  

encoder.encoder.stages.2.blocks.1.mlp.fc2.weight - torch.Size([384, 1536]): 
The value is the same before and after calling `init_weights` of SVTR  

encoder.encoder.stages.2.blocks.1.mlp.fc2.bias - torch.Size([384]): 
The value is the same before and after calling `init_weights` of SVTR  

encoder.encoder.stages.2.blocks.2.norm1.weight - torch.Size([384]): 
The value is the same before and after calling `init_weights` of SVTR  

encoder.encoder.stages.2.blocks.2.norm1.bias - torch.Size([384]): 
The value is the same before and after calling `init_weights` of SVTR  

encoder.encoder.stages.2.blocks.2.mixer.qkv.weight - torch.Size([1152, 384]): 
The value is the same before and after calling `init_weights` of SVTR  

encoder.encoder.stages.2.blocks.2.mixer.qkv.bias - torch.Size([1152]): 
The value is the same before and after calling `init_weights` of SVTR  

encoder.encoder.stages.2.blocks.2.mixer.proj.weight - torch.Size([384, 384]): 
The value is the same before and after calling `init_weights` of SVTR  

encoder.encoder.stages.2.blocks.2.mixer.proj.bias - torch.Size([384]): 
The value is the same before and after calling `init_weights` of SVTR  

encoder.encoder.stages.2.blocks.2.norm2.weight - torch.Size([384]): 
The value is the same before and after calling `init_weights` of SVTR  

encoder.encoder.stages.2.blocks.2.norm2.bias - torch.Size([384]): 
The value is the same before and after calling `init_weights` of SVTR  

encoder.encoder.stages.2.blocks.2.mlp.fc1.weight - torch.Size([1536, 384]): 
The value is the same before and after calling `init_weights` of SVTR  

encoder.encoder.stages.2.blocks.2.mlp.fc1.bias - torch.Size([1536]): 
The value is the same before and after calling `init_weights` of SVTR  

encoder.encoder.stages.2.blocks.2.mlp.fc2.weight - torch.Size([384, 1536]): 
The value is the same before and after calling `init_weights` of SVTR  

encoder.encoder.stages.2.blocks.2.mlp.fc2.bias - torch.Size([384]): 
The value is the same before and after calling `init_weights` of SVTR  

encoder.encoder.stages.2.blocks.3.norm1.weight - torch.Size([384]): 
The value is the same before and after calling `init_weights` of SVTR  

encoder.encoder.stages.2.blocks.3.norm1.bias - torch.Size([384]): 
The value is the same before and after calling `init_weights` of SVTR  

encoder.encoder.stages.2.blocks.3.mixer.qkv.weight - torch.Size([1152, 384]): 
The value is the same before and after calling `init_weights` of SVTR  

encoder.encoder.stages.2.blocks.3.mixer.qkv.bias - torch.Size([1152]): 
The value is the same before and after calling `init_weights` of SVTR  

encoder.encoder.stages.2.blocks.3.mixer.proj.weight - torch.Size([384, 384]): 
The value is the same before and after calling `init_weights` of SVTR  

encoder.encoder.stages.2.blocks.3.mixer.proj.bias - torch.Size([384]): 
The value is the same before and after calling `init_weights` of SVTR  

encoder.encoder.stages.2.blocks.3.norm2.weight - torch.Size([384]): 
The value is the same before and after calling `init_weights` of SVTR  

encoder.encoder.stages.2.blocks.3.norm2.bias - torch.Size([384]): 
The value is the same before and after calling `init_weights` of SVTR  

encoder.encoder.stages.2.blocks.3.mlp.fc1.weight - torch.Size([1536, 384]): 
The value is the same before and after calling `init_weights` of SVTR  

encoder.encoder.stages.2.blocks.3.mlp.fc1.bias - torch.Size([1536]): 
The value is the same before and after calling `init_weights` of SVTR  

encoder.encoder.stages.2.blocks.3.mlp.fc2.weight - torch.Size([384, 1536]): 
The value is the same before and after calling `init_weights` of SVTR  

encoder.encoder.stages.2.blocks.3.mlp.fc2.bias - torch.Size([384]): 
The value is the same before and after calling `init_weights` of SVTR  

encoder.encoder.stages.2.blocks.4.norm1.weight - torch.Size([384]): 
The value is the same before and after calling `init_weights` of SVTR  

encoder.encoder.stages.2.blocks.4.norm1.bias - torch.Size([384]): 
The value is the same before and after calling `init_weights` of SVTR  

encoder.encoder.stages.2.blocks.4.mixer.qkv.weight - torch.Size([1152, 384]): 
The value is the same before and after calling `init_weights` of SVTR  

encoder.encoder.stages.2.blocks.4.mixer.qkv.bias - torch.Size([1152]): 
The value is the same before and after calling `init_weights` of SVTR  

encoder.encoder.stages.2.blocks.4.mixer.proj.weight - torch.Size([384, 384]): 
The value is the same before and after calling `init_weights` of SVTR  

encoder.encoder.stages.2.blocks.4.mixer.proj.bias - torch.Size([384]): 
The value is the same before and after calling `init_weights` of SVTR  

encoder.encoder.stages.2.blocks.4.norm2.weight - torch.Size([384]): 
The value is the same before and after calling `init_weights` of SVTR  

encoder.encoder.stages.2.blocks.4.norm2.bias - torch.Size([384]): 
The value is the same before and after calling `init_weights` of SVTR  

encoder.encoder.stages.2.blocks.4.mlp.fc1.weight - torch.Size([1536, 384]): 
The value is the same before and after calling `init_weights` of SVTR  

encoder.encoder.stages.2.blocks.4.mlp.fc1.bias - torch.Size([1536]): 
The value is the same before and after calling `init_weights` of SVTR  

encoder.encoder.stages.2.blocks.4.mlp.fc2.weight - torch.Size([384, 1536]): 
The value is the same before and after calling `init_weights` of SVTR  

encoder.encoder.stages.2.blocks.4.mlp.fc2.bias - torch.Size([384]): 
The value is the same before and after calling `init_weights` of SVTR  

encoder.encoder.stages.2.blocks.5.norm1.weight - torch.Size([384]): 
The value is the same before and after calling `init_weights` of SVTR  

encoder.encoder.stages.2.blocks.5.norm1.bias - torch.Size([384]): 
The value is the same before and after calling `init_weights` of SVTR  

encoder.encoder.stages.2.blocks.5.mixer.qkv.weight - torch.Size([1152, 384]): 
The value is the same before and after calling `init_weights` of SVTR  

encoder.encoder.stages.2.blocks.5.mixer.qkv.bias - torch.Size([1152]): 
The value is the same before and after calling `init_weights` of SVTR  

encoder.encoder.stages.2.blocks.5.mixer.proj.weight - torch.Size([384, 384]): 
The value is the same before and after calling `init_weights` of SVTR  

encoder.encoder.stages.2.blocks.5.mixer.proj.bias - torch.Size([384]): 
The value is the same before and after calling `init_weights` of SVTR  

encoder.encoder.stages.2.blocks.5.norm2.weight - torch.Size([384]): 
The value is the same before and after calling `init_weights` of SVTR  

encoder.encoder.stages.2.blocks.5.norm2.bias - torch.Size([384]): 
The value is the same before and after calling `init_weights` of SVTR  

encoder.encoder.stages.2.blocks.5.mlp.fc1.weight - torch.Size([1536, 384]): 
The value is the same before and after calling `init_weights` of SVTR  

encoder.encoder.stages.2.blocks.5.mlp.fc1.bias - torch.Size([1536]): 
The value is the same before and after calling `init_weights` of SVTR  

encoder.encoder.stages.2.blocks.5.mlp.fc2.weight - torch.Size([384, 1536]): 
The value is the same before and after calling `init_weights` of SVTR  

encoder.encoder.stages.2.blocks.5.mlp.fc2.bias - torch.Size([384]): 
The value is the same before and after calling `init_weights` of SVTR  

decoder.ctc_head.weight - torch.Size([5885, 384]): 
The value is the same before and after calling `init_weights` of SVTR  

decoder.ctc_head.bias - torch.Size([5885]): 
The value is the same before and after calling `init_weights` of SVTR  

decoder.frm.char_token - torch.Size([1, 1, 384]): 
The value is the same before and after calling `init_weights` of SVTR  

decoder.frm.fc_kv.weight - torch.Size([768, 384]): 
The value is the same before and after calling `init_weights` of SVTR  

decoder.frm.fc_kv.bias - torch.Size([768]): 
The value is the same before and after calling `init_weights` of SVTR  

decoder.frm.w_atten_block.norm1.weight - torch.Size([384]): 
The value is the same before and after calling `init_weights` of SVTR  

decoder.frm.w_atten_block.norm1.bias - torch.Size([384]): 
The value is the same before and after calling `init_weights` of SVTR  

decoder.frm.w_atten_block.attn.qkv.weight - torch.Size([1152, 384]): 
The value is the same before and after calling `init_weights` of SVTR  

decoder.frm.w_atten_block.attn.proj.weight - torch.Size([384, 384]): 
The value is the same before and after calling `init_weights` of SVTR  

decoder.frm.w_atten_block.attn.proj.bias - torch.Size([384]): 
The value is the same before and after calling `init_weights` of SVTR  

decoder.frm.w_atten_block.norm2.weight - torch.Size([384]): 
The value is the same before and after calling `init_weights` of SVTR  

decoder.frm.w_atten_block.norm2.bias - torch.Size([384]): 
The value is the same before and after calling `init_weights` of SVTR  

decoder.frm.w_atten_block.mlp.fc1.weight - torch.Size([1536, 384]): 
The value is the same before and after calling `init_weights` of SVTR  

decoder.frm.w_atten_block.mlp.fc1.bias - torch.Size([1536]): 
The value is the same before and after calling `init_weights` of SVTR  

decoder.frm.w_atten_block.mlp.fc2.weight - torch.Size([384, 1536]): 
The value is the same before and after calling `init_weights` of SVTR  

decoder.frm.w_atten_block.mlp.fc2.bias - torch.Size([384]): 
The value is the same before and after calling `init_weights` of SVTR  

decoder.sgm.next_token - torch.Size([1, 1, 384]): 
The value is the same before and after calling `init_weights` of SVTR  

decoder.sgm.pre_token - torch.Size([1, 1, 384]): 
The value is the same before and after calling `init_weights` of SVTR  

decoder.sgm.prompt_next_embed - torch.Size([1, 1, 6, 384]): 
The value is the same before and after calling `init_weights` of SVTR  

decoder.sgm.prompt_pre_embed - torch.Size([1, 1, 6, 384]): 
The value is the same before and after calling `init_weights` of SVTR  

decoder.sgm.char_embed.embedding.weight - torch.Size([5885, 384]): 
The value is the same before and after calling `init_weights` of SVTR  

decoder.sgm.cmff_decoder.0.normq1.weight - torch.Size([384]): 
The value is the same before and after calling `init_weights` of SVTR  

decoder.sgm.cmff_decoder.0.normq1.bias - torch.Size([384]): 
The value is the same before and after calling `init_weights` of SVTR  

decoder.sgm.cmff_decoder.0.normkv1.weight - torch.Size([384]): 
The value is the same before and after calling `init_weights` of SVTR  

decoder.sgm.cmff_decoder.0.normkv1.bias - torch.Size([384]): 
The value is the same before and after calling `init_weights` of SVTR  

decoder.sgm.cmff_decoder.0.images_to_question_cross_attn.q.weight - torch.Size([384, 384]): 
The value is the same before and after calling `init_weights` of SVTR  

decoder.sgm.cmff_decoder.0.images_to_question_cross_attn.kv.weight - torch.Size([768, 384]): 
The value is the same before and after calling `init_weights` of SVTR  

decoder.sgm.cmff_decoder.0.images_to_question_cross_attn.proj.weight - torch.Size([384, 384]): 
The value is the same before and after calling `init_weights` of SVTR  

decoder.sgm.cmff_decoder.0.images_to_question_cross_attn.proj.bias - torch.Size([384]): 
The value is the same before and after calling `init_weights` of SVTR  

decoder.sgm.cmff_decoder.0.normq2.weight - torch.Size([384]): 
The value is the same before and after calling `init_weights` of SVTR  

decoder.sgm.cmff_decoder.0.normq2.bias - torch.Size([384]): 
The value is the same before and after calling `init_weights` of SVTR  

decoder.sgm.cmff_decoder.0.normkv2.weight - torch.Size([384]): 
The value is the same before and after calling `init_weights` of SVTR  

decoder.sgm.cmff_decoder.0.normkv2.bias - torch.Size([384]): 
The value is the same before and after calling `init_weights` of SVTR  

decoder.sgm.cmff_decoder.0.question_to_images_cross_attn.q.weight - torch.Size([384, 384]): 
The value is the same before and after calling `init_weights` of SVTR  

decoder.sgm.cmff_decoder.0.question_to_images_cross_attn.kv.weight - torch.Size([768, 384]): 
The value is the same before and after calling `init_weights` of SVTR  

decoder.sgm.cmff_decoder.0.question_to_images_cross_attn.proj.weight - torch.Size([384, 384]): 
The value is the same before and after calling `init_weights` of SVTR  

decoder.sgm.cmff_decoder.0.question_to_images_cross_attn.proj.bias - torch.Size([384]): 
The value is the same before and after calling `init_weights` of SVTR  

decoder.sgm.norm_pred.weight - torch.Size([384]): 
The value is the same before and after calling `init_weights` of SVTR  

decoder.sgm.norm_pred.bias - torch.Size([384]): 
The value is the same before and after calling `init_weights` of SVTR  

decoder.sgm.ques_head.weight - torch.Size([5885, 384]): 
The value is the same before and after calling `init_weights` of SVTR  

decoder.sgm.ques_head.bias - torch.Size([5885]): 
The value is the same before and after calling `init_weights` of SVTR  
2026/01/11 11:22:07 - mmengine - WARNING - "FileClient" will be deprecated in future. Please use io functions in https://mmengine.readthedocs.io/en/latest/api/fileio.html#file-io
2026/01/11 11:22:07 - mmengine - WARNING - "HardDiskBackend" is the alias of "LocalBackend" and the former will be deprecated in future.
2026/01/11 11:22:07 - mmengine - INFO - Checkpoints will be saved to /root/lanyun-tmp/mmocr/work_dirs/_smoke/svtrv2_pretrain_200w_stage1_rctc_cpu.
2026/01/11 11:22:12 - mmengine - INFO - Epoch(train) [1][1/4]  lr: 1.2500e-04  eta: 0:00:13  time: 4.5871  data_time: 0.0402  loss: 133.3688  loss_ctc: 133.3688
2026/01/11 11:22:15 - mmengine - INFO - Epoch(train) [1][2/4]  lr: 1.4286e-04  eta: 0:00:07  time: 3.9437  data_time: 0.1022  loss: 87.1648  loss_ctc: 87.1648
2026/01/11 11:22:19 - mmengine - INFO - Epoch(train) [1][3/4]  lr: 1.6071e-04  eta: 0:00:04  time: 4.0588  data_time: 0.1340  loss: 66.3345  loss_ctc: 66.3345
2026/01/11 11:22:23 - mmengine - INFO - Exp name: svtrv2-large_pretrain_cn_scene_plus_gapfix_val_fudan_rctc_20260111_112059
2026/01/11 11:22:23 - mmengine - INFO - Epoch(train) [1][4/4]  lr: 1.7857e-04  eta: 0:00:00  time: 3.9470  data_time: 0.1335  loss: 52.4309  loss_ctc: 52.4309
2026/01/11 11:22:23 - mmengine - INFO - Saving checkpoint at 1 epochs
2026/01/11 11:22:36 - mmengine - INFO - Epoch(val) [1][    1/68645]    eta: 16:15:42  time: 0.8528  data_time: 0.2422  
2026/01/11 11:22:37 - mmengine - INFO - Epoch(val) [1][    2/68645]    eta: 13:52:38  time: 0.7278  data_time: 0.1227  
2026/01/11 11:22:37 - mmengine - INFO - Epoch(val) [1][    3/68645]    eta: 13:03:25  time: 0.6848  data_time: 0.0825  
2026/01/11 11:22:38 - mmengine - INFO - Epoch(val) [1][    4/68645]    eta: 13:04:20  time: 0.6856  data_time: 0.0624  
2026/01/11 11:22:38 - mmengine - INFO - Epoch(val) [1][    5/68645]    eta: 12:45:08  time: 0.6688  data_time: 0.0503  
2026/01/11 11:22:39 - mmengine - INFO - Epoch(val) [1][    6/68645]    eta: 12:53:16  time: 0.6759  data_time: 0.0423  
2026/01/11 11:22:40 - mmengine - INFO - Epoch(val) [1][    7/68645]    eta: 13:47:44  time: 0.7236  data_time: 0.0366  
2026/01/11 11:22:41 - mmengine - INFO - Epoch(val) [1][    8/68645]    eta: 13:28:58  time: 0.7072  data_time: 0.0403  
2026/01/11 11:22:41 - mmengine - INFO - Epoch(val) [1][    9/68645]    eta: 13:03:43  time: 0.6851  data_time: 0.0361  
2026/01/11 11:22:42 - mmengine - INFO - Epoch(val) [1][   10/68645]    eta: 12:42:20  time: 0.6664  data_time: 0.0391  
2026/01/11 11:22:43 - mmengine - INFO - Epoch(val) [1][   11/68645]    eta: 13:14:27  time: 0.6787  data_time: 0.0216  
2026/01/11 11:22:43 - mmengine - INFO - Epoch(val) [1][   12/68645]    eta: 13:04:55  time: 0.6779  data_time: 0.0216  
2026/01/11 11:22:44 - mmengine - INFO - Epoch(val) [1][   13/68645]    eta: 12:48:55  time: 0.6684  data_time: 0.0216  
2026/01/11 11:22:44 - mmengine - INFO - Epoch(val) [1][   14/68645]    eta: 12:34:39  time: 0.6494  data_time: 0.0216  
2026/01/11 11:22:45 - mmengine - INFO - Epoch(val) [1][   15/68645]    eta: 12:16:58  time: 0.6320  data_time: 0.0216  
2026/01/11 11:22:45 - mmengine - INFO - Epoch(val) [1][   16/68645]    eta: 12:06:15  time: 0.6103  data_time: 0.0279  
2026/01/11 11:22:46 - mmengine - INFO - Epoch(val) [1][   17/68645]    eta: 11:56:40  time: 0.5587  data_time: 0.0278  
2026/01/11 11:22:46 - mmengine - INFO - Epoch(val) [1][   18/68645]    eta: 11:48:08  time: 0.5487  data_time: 0.0214  
2026/01/11 11:22:47 - mmengine - INFO - Epoch(val) [1][   19/68645]    eta: 12:04:35  time: 0.5871  data_time: 0.0213  
2026/01/11 11:22:48 - mmengine - INFO - Epoch(val) [1][   20/68645]    eta: 12:02:44  time: 0.5974  data_time: 0.0148  
2026/01/11 11:22:48 - mmengine - INFO - Epoch(val) [1][   21/68645]    eta: 11:56:07  time: 0.5509  data_time: 0.0082  
2026/01/11 11:22:49 - mmengine - INFO - Epoch(val) [1][   22/68645]    eta: 11:49:28  time: 0.5413  data_time: 0.0081  
2026/01/11 11:22:49 - mmengine - INFO - Epoch(val) [1][   23/68645]    eta: 11:44:20  time: 0.5425  data_time: 0.0080  
2026/01/11 11:22:50 - mmengine - INFO - Epoch(val) [1][   24/68645]    eta: 11:43:33  time: 0.5527  data_time: 0.0143  
2026/01/11 11:22:50 - mmengine - INFO - Epoch(val) [1][   25/68645]    eta: 11:38:16  time: 0.5600  data_time: 0.0207  
2026/01/11 11:22:51 - mmengine - INFO - Epoch(val) [1][   26/68645]    eta: 11:36:15  time: 0.5670  data_time: 0.0207  
2026/01/11 11:22:51 - mmengine - INFO - Epoch(val) [1][   27/68645]    eta: 11:32:41  time: 0.5702  data_time: 0.0210  
2026/01/11 11:22:52 - mmengine - INFO - Epoch(val) [1][   28/68645]    eta: 11:32:20  time: 0.5807  data_time: 0.0210  
2026/01/11 11:22:53 - mmengine - INFO - Epoch(val) [1][   29/68645]    eta: 11:31:34  time: 0.5501  data_time: 0.0211  
2026/01/11 11:22:53 - mmengine - INFO - Epoch(val) [1][   30/68645]    eta: 11:31:27  time: 0.5501  data_time: 0.0211  
2026/01/11 11:22:54 - mmengine - INFO - Epoch(val) [1][   31/68645]    eta: 11:27:31  time: 0.5489  data_time: 0.0211  
2026/01/11 11:22:54 - mmengine - INFO - Epoch(val) [1][   32/68645]    eta: 11:24:03  time: 0.5495  data_time: 0.0212  
2026/01/11 11:22:55 - mmengine - INFO - Epoch(val) [1][   33/68645]    eta: 11:20:40  time: 0.5478  data_time: 0.0212  
2026/01/11 11:22:55 - mmengine - INFO - Epoch(val) [1][   34/68645]    eta: 11:17:21  time: 0.5376  data_time: 0.0148  
2026/01/11 11:22:56 - mmengine - INFO - Epoch(val) [1][   35/68645]    eta: 11:14:35  time: 0.5384  data_time: 0.0085  
2026/01/11 11:22:56 - mmengine - INFO - Epoch(val) [1][   36/68645]    eta: 11:18:22  time: 0.5528  data_time: 0.0021  
2026/01/11 11:22:57 - mmengine - INFO - Epoch(val) [1][   37/68645]    eta: 11:15:30  time: 0.5504  data_time: 0.0019  
2026/01/11 11:22:57 - mmengine - INFO - Epoch(val) [1][   38/68645]    eta: 11:12:20  time: 0.5393  data_time: 0.0018  
2026/01/11 11:22:58 - mmengine - INFO - Epoch(val) [1][   39/68645]    eta: 11:09:53  time: 0.5311  data_time: 0.0017  
2026/01/11 11:22:58 - mmengine - INFO - Epoch(val) [1][   40/68645]    eta: 11:10:04  time: 0.5302  data_time: 0.0017  
2026/01/11 11:22:59 - mmengine - INFO - Epoch(val) [1][   41/68645]    eta: 11:10:23  time: 0.5401  data_time: 0.0017  
2026/01/11 11:23:00 - mmengine - INFO - Epoch(val) [1][   42/68645]    eta: 11:08:31  time: 0.5415  data_time: 0.0017  
2026/01/11 11:23:00 - mmengine - INFO - Epoch(val) [1][   43/68645]    eta: 11:08:21  time: 0.5493  data_time: 0.0017  
2026/01/11 11:23:01 - mmengine - INFO - Epoch(val) [1][   44/68645]    eta: 11:06:28  time: 0.5508  data_time: 0.0016  
2026/01/11 11:23:01 - mmengine - INFO - Epoch(val) [1][   45/68645]    eta: 11:06:25  time: 0.5582  data_time: 0.0016  
2026/01/11 11:23:02 - mmengine - INFO - Epoch(val) [1][   46/68645]    eta: 11:04:21  time: 0.5373  data_time: 0.0017  
2026/01/11 11:23:02 - mmengine - INFO - Epoch(val) [1][   47/68645]    eta: 11:02:37  time: 0.5382  data_time: 0.0017  
2026/01/11 11:23:03 - mmengine - INFO - Epoch(val) [1][   48/68645]    eta: 11:00:59  time: 0.5408  data_time: 0.0017  
2026/01/11 11:23:03 - mmengine - INFO - Epoch(val) [1][   49/68645]    eta: 10:59:18  time: 0.5409  data_time: 0.0018  
2026/01/11 11:23:04 - mmengine - INFO - Epoch(val) [1][   50/68645]    eta: 10:57:31  time: 0.5316  data_time: 0.0085  
2026/01/11 11:23:04 - mmengine - INFO - Epoch(val) [1][   51/68645]    eta: 10:55:47  time: 0.5216  data_time: 0.0086  
2026/01/11 11:23:05 - mmengine - INFO - Epoch(val) [1][   52/68645]    eta: 10:54:12  time: 0.5200  data_time: 0.0086  
2026/01/11 11:23:05 - mmengine - INFO - Epoch(val) [1][   53/68645]    eta: 10:54:23  time: 0.5203  data_time: 0.0086  
2026/01/11 11:23:06 - mmengine - INFO - Epoch(val) [1][   54/68645]    eta: 10:53:13  time: 0.5208  data_time: 0.0087  
2026/01/11 11:23:06 - mmengine - INFO - Epoch(val) [1][   55/68645]    eta: 10:53:13  time: 0.5198  data_time: 0.0086  
2026/01/11 11:23:07 - mmengine - INFO - Epoch(val) [1][   56/68645]    eta: 10:56:14  time: 0.5418  data_time: 0.0086  
2026/01/11 11:23:08 - mmengine - INFO - Epoch(val) [1][   57/68645]    eta: 10:56:31  time: 0.5497  data_time: 0.0086  
2026/01/11 11:23:08 - mmengine - INFO - Epoch(val) [1][   58/68645]    eta: 10:56:56  time: 0.5581  data_time: 0.0086  
2026/01/11 11:23:09 - mmengine - INFO - Epoch(val) [1][   59/68645]    eta: 10:55:39  time: 0.5584  data_time: 0.0085  
2026/01/11 11:23:09 - mmengine - INFO - Epoch(val) [1][   60/68645]    eta: 10:55:55  time: 0.5673  data_time: 0.0019  
2026/01/11 11:23:10 - mmengine - INFO - Epoch(val) [1][   61/68645]    eta: 10:54:50  time: 0.5691  data_time: 0.0020  
2026/01/11 11:23:11 - mmengine - INFO - Epoch(val) [1][   62/68645]    eta: 10:55:05  time: 0.5776  data_time: 0.0020  
2026/01/11 11:23:11 - mmengine - INFO - Epoch(val) [1][   63/68645]    eta: 10:55:44  time: 0.5804  data_time: 0.0019  
2026/01/11 11:23:12 - mmengine - INFO - Epoch(val) [1][   64/68645]    eta: 10:56:12  time: 0.5886  data_time: 0.0019  
2026/01/11 11:23:12 - mmengine - INFO - Epoch(val) [1][   65/68645]    eta: 10:56:43  time: 0.5919  data_time: 0.0019  
2026/01/11 11:23:13 - mmengine - INFO - Epoch(val) [1][   66/68645]    eta: 10:57:22  time: 0.5812  data_time: 0.0019  
2026/01/11 11:23:14 - mmengine - INFO - Epoch(val) [1][   67/68645]    eta: 10:59:02  time: 0.5896  data_time: 0.0083  
2026/01/11 11:23:14 - mmengine - INFO - Epoch(val) [1][   68/68645]    eta: 10:57:51  time: 0.5807  data_time: 0.0083  
2026/01/11 11:23:15 - mmengine - INFO - Epoch(val) [1][   69/68645]    eta: 10:58:15  time: 0.5898  data_time: 0.0083  
2026/01/11 11:23:15 - mmengine - INFO - Epoch(val) [1][   70/68645]    eta: 10:58:35  time: 0.5908  data_time: 0.0083  
2026/01/11 11:23:16 - mmengine - INFO - Epoch(val) [1][   71/68645]    eta: 10:57:29  time: 0.5900  data_time: 0.0082  
2026/01/11 11:23:16 - mmengine - INFO - Epoch(val) [1][   72/68645]    eta: 10:57:45  time: 0.5905  data_time: 0.0081  
2026/01/11 11:23:17 - mmengine - INFO - Epoch(val) [1][   73/68645]    eta: 10:57:55  time: 0.5882  data_time: 0.0081  
2026/01/11 11:23:18 - mmengine - INFO - Epoch(val) [1][   74/68645]    eta: 10:56:58  time: 0.5797  data_time: 0.0082  
2026/01/11 11:23:18 - mmengine - INFO - Epoch(val) [1][   75/68645]    eta: 10:55:48  time: 0.5692  data_time: 0.0082  
2026/01/11 11:23:19 - mmengine - INFO - Epoch(val) [1][   76/68645]    eta: 10:54:47  time: 0.5586  data_time: 0.0081  
2026/01/11 11:23:20 - mmengine - INFO - Epoch(val) [1][   77/68645]    eta: 11:00:49  time: 0.5893  data_time: 0.0017  
2026/01/11 11:23:20 - mmengine - INFO - Epoch(val) [1][   78/68645]    eta: 11:01:33  time: 0.6015  data_time: 0.0017  
2026/01/11 11:23:21 - mmengine - INFO - Epoch(val) [1][   79/68645]    eta: 11:01:27  time: 0.5988  data_time: 0.0017  
2026/01/11 11:23:21 - mmengine - INFO - Epoch(val) [1][   80/68645]    eta: 11:01:56  time: 0.6003  data_time: 0.0017  
2026/01/11 11:23:22 - mmengine - INFO - Epoch(val) [1][   81/68645]    eta: 11:02:22  time: 0.6105  data_time: 0.0017  
2026/01/11 11:23:23 - mmengine - INFO - Epoch(val) [1][   82/68645]    eta: 11:02:35  time: 0.6109  data_time: 0.0017  
2026/01/11 11:23:23 - mmengine - INFO - Epoch(val) [1][   83/68645]    eta: 11:03:58  time: 0.6204  data_time: 0.0020  
2026/01/11 11:23:24 - mmengine - INFO - Epoch(val) [1][   84/68645]    eta: 11:03:06  time: 0.6206  data_time: 0.0020  
2026/01/11 11:23:24 - mmengine - INFO - Epoch(val) [1][   85/68645]    eta: 11:03:11  time: 0.6295  data_time: 0.0021  
2026/01/11 11:23:25 - mmengine - INFO - Epoch(val) [1][   86/68645]    eta: 11:02:15  time: 0.6298  data_time: 0.0021  
2026/01/11 11:23:26 - mmengine - INFO - Epoch(val) [1][   87/68645]    eta: 11:02:36  time: 0.5926  data_time: 0.0021  
2026/01/11 11:23:26 - mmengine - INFO - Epoch(val) [1][   88/68645]    eta: 11:02:36  time: 0.5877  data_time: 0.0021  
2026/01/11 11:23:27 - mmengine - INFO - Epoch(val) [1][   89/68645]    eta: 11:01:46  time: 0.5820  data_time: 0.0022  
2026/01/11 11:23:27 - mmengine - INFO - Epoch(val) [1][   90/68645]    eta: 11:01:43  time: 0.5784  data_time: 0.0022  
2026/01/11 11:23:28 - mmengine - INFO - Epoch(val) [1][   91/68645]    eta: 11:00:48  time: 0.5679  data_time: 0.0022  
2026/01/11 11:23:28 - mmengine - INFO - Epoch(val) [1][   92/68645]    eta: 10:59:47  time: 0.5581  data_time: 0.0022  
2026/01/11 11:23:29 - mmengine - INFO - Epoch(val) [1][   93/68645]    eta: 11:00:00  time: 0.5495  data_time: 0.0022  
2026/01/11 11:23:29 - mmengine - INFO - Epoch(val) [1][   94/68645]    eta: 10:59:15  time: 0.5494  data_time: 0.0022  
2026/01/11 11:23:30 - mmengine - INFO - Epoch(val) [1][   95/68645]    eta: 10:59:24  time: 0.5496  data_time: 0.0021  
2026/01/11 11:23:30 - mmengine - INFO - Epoch(val) [1][   96/68645]    eta: 10:58:37  time: 0.5499  data_time: 0.0022  
2026/01/11 11:23:31 - mmengine - INFO - Epoch(val) [1][   97/68645]    eta: 10:58:44  time: 0.5478  data_time: 0.0021  
2026/01/11 11:23:31 - mmengine - INFO - Epoch(val) [1][   98/68645]    eta: 10:57:50  time: 0.5399  data_time: 0.0021  
2026/01/11 11:23:32 - mmengine - INFO - Epoch(val) [1][   99/68645]    eta: 11:01:33  time: 0.5781  data_time: 0.0021  
2026/01/11 11:23:33 - mmengine - INFO - Epoch(val) [1][  100/68645]    eta: 11:02:57  time: 0.5908  data_time: 0.0021  
2026/01/11 11:23:34 - mmengine - INFO - Epoch(val) [1][  101/68645]    eta: 11:03:06  time: 0.5996  data_time: 0.0021  
2026/01/11 11:23:34 - mmengine - INFO - Epoch(val) [1][  102/68645]    eta: 11:03:19  time: 0.6098  data_time: 0.0021  
2026/01/11 11:23:35 - mmengine - INFO - Epoch(val) [1][  103/68645]    eta: 11:03:30  time: 0.6101  data_time: 0.0018  
2026/01/11 11:23:36 - mmengine - INFO - Epoch(val) [1][  104/68645]    eta: 11:05:53  time: 0.6384  data_time: 0.0018  
2026/01/11 11:23:36 - mmengine - INFO - Epoch(val) [1][  105/68645]    eta: 11:06:05  time: 0.6395  data_time: 0.0020  
2026/01/11 11:23:37 - mmengine - INFO - Epoch(val) [1][  106/68645]    eta: 11:05:29  time: 0.6411  data_time: 0.0019  
2026/01/11 11:23:37 - mmengine - INFO - Epoch(val) [1][  107/68645]    eta: 11:05:29  time: 0.6408  data_time: 0.0085  
2026/01/11 11:23:38 - mmengine - INFO - Epoch(val) [1][  108/68645]    eta: 11:04:48  time: 0.6426  data_time: 0.0085  
2026/01/11 11:23:38 - mmengine - INFO - Epoch(val) [1][  109/68645]    eta: 11:04:44  time: 0.6104  data_time: 0.0150  
2026/01/11 11:23:39 - mmengine - INFO - Epoch(val) [1][  110/68645]    eta: 11:04:01  time: 0.5915  data_time: 0.0150  
2026/01/11 11:23:40 - mmengine - INFO - Epoch(val) [1][  111/68645]    eta: 11:04:07  time: 0.5913  data_time: 0.0150  
2026/01/11 11:23:40 - mmengine - INFO - Epoch(val) [1][  112/68645]    eta: 11:04:08  time: 0.5897  data_time: 0.0150  
2026/01/11 11:23:41 - mmengine - INFO - Epoch(val) [1][  113/68645]    eta: 11:03:31  time: 0.5819  data_time: 0.0150  
2026/01/11 11:23:41 - mmengine - INFO - Epoch(val) [1][  114/68645]    eta: 11:02:44  time: 0.5524  data_time: 0.0150  
2026/01/11 11:23:42 - mmengine - INFO - Epoch(val) [1][  115/68645]    eta: 11:02:46  time: 0.5508  data_time: 0.0155  
2026/01/11 11:23:42 - mmengine - INFO - Epoch(val) [1][  116/68645]    eta: 11:02:03  time: 0.5486  data_time: 0.0154  
2026/01/11 11:23:43 - mmengine - INFO - Epoch(val) [1][  117/68645]    eta: 11:01:19  time: 0.5409  data_time: 0.0089  
2026/01/11 11:23:43 - mmengine - INFO - Epoch(val) [1][  118/68645]    eta: 11:00:28  time: 0.5382  data_time: 0.0088  
2026/01/11 11:23:44 - mmengine - INFO - Epoch(val) [1][  119/68645]    eta: 10:59:43  time: 0.5307  data_time: 0.0024  
2026/01/11 11:23:44 - mmengine - INFO - Epoch(val) [1][  120/68645]    eta: 10:58:51  time: 0.5280  data_time: 0.0024  
2026/01/11 11:23:45 - mmengine - INFO - Epoch(val) [1][  121/68645]    eta: 10:58:03  time: 0.5182  data_time: 0.0025  
2026/01/11 11:23:45 - mmengine - INFO - Epoch(val) [1][  122/68645]    eta: 10:57:24  time: 0.5104  data_time: 0.0024  
2026/01/11 11:23:46 - mmengine - INFO - Epoch(val) [1][  123/68645]    eta: 10:56:47  time: 0.5094  data_time: 0.0024  
2026/01/11 11:23:46 - mmengine - INFO - Epoch(val) [1][  124/68645]    eta: 10:56:52  time: 0.5176  data_time: 0.0024  
2026/01/11 11:23:47 - mmengine - INFO - Epoch(val) [1][  125/68645]    eta: 10:59:03  time: 0.5406  data_time: 0.0018  
2026/01/11 11:23:48 - mmengine - INFO - Epoch(val) [1][  126/68645]    eta: 11:00:56  time: 0.5684  data_time: 0.0019  
2026/01/11 11:23:49 - mmengine - INFO - Epoch(val) [1][  127/68645]    eta: 11:00:24  time: 0.5700  data_time: 0.0019  
2026/01/11 11:23:49 - mmengine - INFO - Epoch(val) [1][  128/68645]    eta: 11:01:24  time: 0.5899  data_time: 0.0019  
2026/01/11 11:23:50 - mmengine - INFO - Epoch(val) [1][  129/68645]    eta: 11:00:50  time: 0.5915  data_time: 0.0018  
2026/01/11 11:23:50 - mmengine - INFO - Epoch(val) [1][  130/68645]    eta: 11:00:53  time: 0.6013  data_time: 0.0082  
2026/01/11 11:23:51 - mmengine - INFO - Epoch(val) [1][  131/68645]    eta: 11:00:59  time: 0.6110  data_time: 0.0081  
2026/01/11 11:23:51 - mmengine - INFO - Epoch(val) [1][  132/68645]    eta: 11:01:04  time: 0.6193  data_time: 0.0081  
2026/01/11 11:23:52 - mmengine - INFO - Epoch(val) [1][  133/68645]    eta: 11:00:32  time: 0.6199  data_time: 0.0081  
2026/01/11 11:23:53 - mmengine - INFO - Epoch(val) [1][  134/68645]    eta: 11:01:24  time: 0.6296  data_time: 0.0081  
2026/01/11 11:23:53 - mmengine - INFO - Epoch(val) [1][  135/68645]    eta: 11:00:52  time: 0.5997  data_time: 0.0081  
2026/01/11 11:23:54 - mmengine - INFO - Epoch(val) [1][  136/68645]    eta: 11:01:06  time: 0.5819  data_time: 0.0081  
2026/01/11 11:23:54 - mmengine - INFO - Epoch(val) [1][  137/68645]    eta: 11:01:13  time: 0.5892  data_time: 0.0081  
2026/01/11 11:23:55 - mmengine - INFO - Epoch(val) [1][  138/68645]    eta: 11:01:16  time: 0.5788  data_time: 0.0081  
2026/01/11 11:23:56 - mmengine - INFO - Epoch(val) [1][  139/68645]    eta: 11:00:47  time: 0.5791  data_time: 0.0081  
2026/01/11 11:23:56 - mmengine - INFO - Epoch(val) [1][  140/68645]    eta: 11:01:32  time: 0.5878  data_time: 0.0018  
2026/01/11 11:23:57 - mmengine - INFO - Epoch(val) [1][  141/68645]    eta: 11:00:53  time: 0.5787  data_time: 0.0018  
2026/01/11 11:23:57 - mmengine - INFO - Epoch(val) [1][  142/68645]    eta: 11:00:17  time: 0.5703  data_time: 0.0018  
2026/01/11 11:23:58 - mmengine - INFO - Epoch(val) [1][  143/68645]    eta: 10:59:39  time: 0.5687  data_time: 0.0018  
2026/01/11 11:23:58 - mmengine - INFO - Epoch(val) [1][  144/68645]    eta: 10:59:04  time: 0.5510  data_time: 0.0018  
2026/01/11 11:23:59 - mmengine - INFO - Epoch(val) [1][  145/68645]    eta: 10:58:38  time: 0.5516  data_time: 0.0019  
2026/01/11 11:23:59 - mmengine - INFO - Epoch(val) [1][  146/68645]    eta: 10:58:38  time: 0.5489  data_time: 0.0083  
2026/01/11 11:24:00 - mmengine - INFO - Epoch(val) [1][  147/68645]    eta: 10:58:46  time: 0.5489  data_time: 0.0083  
2026/01/11 11:24:00 - mmengine - INFO - Epoch(val) [1][  148/68645]    eta: 10:58:57  time: 0.5504  data_time: 0.0083  
2026/01/11 11:24:01 - mmengine - INFO - Epoch(val) [1][  149/68645]    eta: 10:58:27  time: 0.5496  data_time: 0.0083  
2026/01/11 11:24:02 - mmengine - INFO - Epoch(val) [1][  150/68645]    eta: 10:58:29  time: 0.5405  data_time: 0.0082  
2026/01/11 11:24:02 - mmengine - INFO - Epoch(val) [1][  151/68645]    eta: 10:57:58  time: 0.5416  data_time: 0.0083  
2026/01/11 11:24:03 - mmengine - INFO - Epoch(val) [1][  152/68645]    eta: 10:58:01  time: 0.5496  data_time: 0.0083  
2026/01/11 11:24:03 - mmengine - INFO - Epoch(val) [1][  153/68645]    eta: 10:57:27  time: 0.5496  data_time: 0.0084  
2026/01/11 11:24:04 - mmengine - INFO - Epoch(val) [1][  154/68645]    eta: 10:56:53  time: 0.5491  data_time: 0.0083  
2026/01/11 11:24:04 - mmengine - INFO - Epoch(val) [1][  155/68645]    eta: 10:56:21  time: 0.5471  data_time: 0.0083  
2026/01/11 11:24:05 - mmengine - INFO - Epoch(val) [1][  156/68645]    eta: 10:55:46  time: 0.5389  data_time: 0.0019  
2026/01/11 11:24:05 - mmengine - INFO - Epoch(val) [1][  157/68645]    eta: 10:55:12  time: 0.5292  data_time: 0.0019  
2026/01/11 11:24:06 - mmengine - INFO - Epoch(val) [1][  158/68645]    eta: 10:54:39  time: 0.5191  data_time: 0.0018  
2026/01/11 11:24:06 - mmengine - INFO - Epoch(val) [1][  159/68645]    eta: 10:54:07  time: 0.5179  data_time: 0.0018  
2026/01/11 11:24:07 - mmengine - INFO - Epoch(val) [1][  160/68645]    eta: 10:53:39  time: 0.5105  data_time: 0.0017  
2026/01/11 11:24:07 - mmengine - INFO - Epoch(val) [1][  161/68645]    eta: 10:54:30  time: 0.5288  data_time: 0.0018  
2026/01/11 11:24:08 - mmengine - INFO - Epoch(val) [1][  162/68645]    eta: 10:55:29  time: 0.5418  data_time: 0.0018  
2026/01/11 11:24:09 - mmengine - INFO - Epoch(val) [1][  163/68645]    eta: 10:55:37  time: 0.5511  data_time: 0.0017  
2026/01/11 11:24:09 - mmengine - INFO - Epoch(val) [1][  164/68645]    eta: 10:55:09  time: 0.5518  data_time: 0.0017  
2026/01/11 11:24:10 - mmengine - INFO - Epoch(val) [1][  165/68645]    eta: 10:55:12  time: 0.5598  data_time: 0.0017  
2026/01/11 11:24:10 - mmengine - INFO - Epoch(val) [1][  166/68645]    eta: 10:54:46  time: 0.5614  data_time: 0.0017  
2026/01/11 11:24:11 - mmengine - INFO - Epoch(val) [1][  167/68645]    eta: 10:54:51  time: 0.5703  data_time: 0.0017  
2026/01/11 11:24:11 - mmengine - INFO - Epoch(val) [1][  168/68645]    eta: 10:54:26  time: 0.5716  data_time: 0.0017  
2026/01/11 11:24:12 - mmengine - INFO - Epoch(val) [1][  169/68645]    eta: 10:54:32  time: 0.5806  data_time: 0.0018  
2026/01/11 11:24:13 - mmengine - INFO - Epoch(val) [1][  170/68645]    eta: 10:54:39  time: 0.5890  data_time: 0.0018  
2026/01/11 11:24:13 - mmengine - INFO - Epoch(val) [1][  171/68645]    eta: 10:54:18  time: 0.5719  data_time: 0.0017  
2026/01/11 11:24:14 - mmengine - INFO - Epoch(val) [1][  172/68645]    eta: 10:54:28  time: 0.5603  data_time: 0.0017  
2026/01/11 11:24:14 - mmengine - INFO - Epoch(val) [1][  173/68645]    eta: 10:54:34  time: 0.5599  data_time: 0.0017  
2026/01/11 11:24:15 - mmengine - INFO - Epoch(val) [1][  174/68645]    eta: 10:54:11  time: 0.5609  data_time: 0.0017  
2026/01/11 11:24:15 - mmengine - INFO - Epoch(val) [1][  175/68645]    eta: 10:54:48  time: 0.5694  data_time: 0.0083  
2026/01/11 11:24:16 - mmengine - INFO - Epoch(val) [1][  176/68645]    eta: 10:55:01  time: 0.5789  data_time: 0.0083  
2026/01/11 11:24:17 - mmengine - INFO - Epoch(val) [1][  177/68645]    eta: 10:55:15  time: 0.5814  data_time: 0.0083  
2026/01/11 11:24:17 - mmengine - INFO - Epoch(val) [1][  178/68645]    eta: 10:55:19  time: 0.5886  data_time: 0.0084  
2026/01/11 11:24:18 - mmengine - INFO - Epoch(val) [1][  179/68645]    eta: 10:55:37  time: 0.5919  data_time: 0.0083  
2026/01/11 11:24:18 - mmengine - INFO - Epoch(val) [1][  180/68645]    eta: 10:55:36  time: 0.5901  data_time: 0.0085  
2026/01/11 11:24:19 - mmengine - INFO - Epoch(val) [1][  181/68645]    eta: 10:55:17  time: 0.5905  data_time: 0.0085  
2026/01/11 11:24:20 - mmengine - INFO - Epoch(val) [1][  182/68645]    eta: 10:55:21  time: 0.5892  data_time: 0.0152  
2026/01/11 11:24:20 - mmengine - INFO - Epoch(val) [1][  183/68645]    eta: 10:55:27  time: 0.5893  data_time: 0.0152  
2026/01/11 11:24:21 - mmengine - INFO - Epoch(val) [1][  184/68645]    eta: 10:55:03  time: 0.5888  data_time: 0.0152  
2026/01/11 11:24:21 - mmengine - INFO - Epoch(val) [1][  185/68645]    eta: 10:55:11  time: 0.5816  data_time: 0.0087  
2026/01/11 11:24:22 - mmengine - INFO - Epoch(val) [1][  186/68645]    eta: 10:55:15  time: 0.5794  data_time: 0.0087  
2026/01/11 11:24:22 - mmengine - INFO - Epoch(val) [1][  187/68645]    eta: 10:54:52  time: 0.5696  data_time: 0.0087  
2026/01/11 11:24:23 - mmengine - INFO - Epoch(val) [1][  188/68645]    eta: 10:55:00  time: 0.5708  data_time: 0.0087  
2026/01/11 11:24:24 - mmengine - INFO - Epoch(val) [1][  189/68645]    eta: 10:55:10  time: 0.5687  data_time: 0.0087  
2026/01/11 11:24:24 - mmengine - INFO - Epoch(val) [1][  190/68645]    eta: 10:55:14  time: 0.5701  data_time: 0.0090  
2026/01/11 11:24:25 - mmengine - INFO - Epoch(val) [1][  191/68645]    eta: 10:54:52  time: 0.5687  data_time: 0.0089  
2026/01/11 11:24:25 - mmengine - INFO - Epoch(val) [1][  192/68645]    eta: 10:55:34  time: 0.5797  data_time: 0.0023  
2026/01/11 11:24:26 - mmengine - INFO - Epoch(val) [1][  193/68645]    eta: 10:55:45  time: 0.5813  data_time: 0.0022  
2026/01/11 11:24:27 - mmengine - INFO - Epoch(val) [1][  194/68645]    eta: 10:55:55  time: 0.5902  data_time: 0.0023  
2026/01/11 11:24:27 - mmengine - INFO - Epoch(val) [1][  195/68645]    eta: 10:55:57  time: 0.5890  data_time: 0.0023  
2026/01/11 11:24:28 - mmengine - INFO - Epoch(val) [1][  196/68645]    eta: 10:55:35  time: 0.5816  data_time: 0.0022  
2026/01/11 11:24:28 - mmengine - INFO - Epoch(val) [1][  197/68645]    eta: 10:55:43  time: 0.5902  data_time: 0.0022  
2026/01/11 11:24:29 - mmengine - INFO - Epoch(val) [1][  198/68645]    eta: 10:55:44  time: 0.5883  data_time: 0.0021  
2026/01/11 11:24:29 - mmengine - INFO - Epoch(val) [1][  199/68645]    eta: 10:55:55  time: 0.5890  data_time: 0.0021  
2026/01/11 11:24:30 - mmengine - INFO - Epoch(val) [1][  200/68645]    eta: 10:55:35  time: 0.5819  data_time: 0.0017  
2026/01/11 11:24:31 - mmengine - INFO - Epoch(val) [1][  201/68645]    eta: 10:55:36  time: 0.5888  data_time: 0.0022  
2026/01/11 11:24:31 - mmengine - INFO - Epoch(val) [1][  202/68645]    eta: 10:55:13  time: 0.5700  data_time: 0.0022  
2026/01/11 11:24:32 - mmengine - INFO - Epoch(val) [1][  203/68645]    eta: 10:56:33  time: 0.5907  data_time: 0.0022  
2026/01/11 11:24:33 - mmengine - INFO - Epoch(val) [1][  204/68645]    eta: 10:57:07  time: 0.5981  data_time: 0.0089  
2026/01/11 11:24:33 - mmengine - INFO - Epoch(val) [1][  205/68645]    eta: 10:57:15  time: 0.6002  data_time: 0.0090  
2026/01/11 11:24:34 - mmengine - INFO - Epoch(val) [1][  206/68645]    eta: 10:57:21  time: 0.6085  data_time: 0.0090  
2026/01/11 11:24:34 - mmengine - INFO - Epoch(val) [1][  207/68645]    eta: 10:57:29  time: 0.6087  data_time: 0.0090  
2026/01/11 11:24:35 - mmengine - INFO - Epoch(val) [1][  208/68645]    eta: 10:57:33  time: 0.6099  data_time: 0.0090  
2026/01/11 11:24:36 - mmengine - INFO - Epoch(val) [1][  209/68645]    eta: 10:57:16  time: 0.6015  data_time: 0.0090  
2026/01/11 11:24:36 - mmengine - INFO - Epoch(val) [1][  210/68645]    eta: 10:57:15  time: 0.6073  data_time: 0.0090  
2026/01/11 11:24:37 - mmengine - INFO - Epoch(val) [1][  211/68645]    eta: 10:56:55  time: 0.6008  data_time: 0.0087  
2026/01/11 11:24:37 - mmengine - INFO - Epoch(val) [1][  212/68645]    eta: 10:57:00  time: 0.6093  data_time: 0.0088  
2026/01/11 11:24:38 - mmengine - INFO - Epoch(val) [1][  213/68645]    eta: 10:56:39  time: 0.5790  data_time: 0.0088  
2026/01/11 11:24:38 - mmengine - INFO - Epoch(val) [1][  214/68645]    eta: 10:56:39  time: 0.5692  data_time: 0.0021  
2026/01/11 11:24:39 - mmengine - INFO - Epoch(val) [1][  215/68645]    eta: 10:56:18  time: 0.5601  data_time: 0.0020  
2026/01/11 11:24:39 - mmengine - INFO - Epoch(val) [1][  216/68645]    eta: 10:56:00  time: 0.5526  data_time: 0.0020  
2026/01/11 11:24:40 - mmengine - INFO - Epoch(val) [1][  217/68645]    eta: 10:55:58  time: 0.5493  data_time: 0.0084  
2026/01/11 11:24:40 - mmengine - INFO - Epoch(val) [1][  218/68645]    eta: 10:55:37  time: 0.5414  data_time: 0.0084  
2026/01/11 11:24:41 - mmengine - INFO - Epoch(val) [1][  219/68645]    eta: 10:55:16  time: 0.5396  data_time: 0.0084  
2026/01/11 11:24:41 - mmengine - INFO - Epoch(val) [1][  220/68645]    eta: 10:54:53  time: 0.5325  data_time: 0.0084  
2026/01/11 11:24:42 - mmengine - INFO - Epoch(val) [1][  221/68645]    eta: 10:54:54  time: 0.5388  data_time: 0.0088  
2026/01/11 11:24:42 - mmengine - INFO - Epoch(val) [1][  222/68645]    eta: 10:54:33  time: 0.5302  data_time: 0.0087  
2026/01/11 11:24:43 - mmengine - INFO - Epoch(val) [1][  223/68645]    eta: 10:54:12  time: 0.5297  data_time: 0.0087  
2026/01/11 11:24:43 - mmengine - INFO - Epoch(val) [1][  224/68645]    eta: 10:53:48  time: 0.5218  data_time: 0.0087  
2026/01/11 11:24:44 - mmengine - INFO - Epoch(val) [1][  225/68645]    eta: 10:53:51  time: 0.5289  data_time: 0.0087  
2026/01/11 11:24:45 - mmengine - INFO - Epoch(val) [1][  226/68645]    eta: 10:53:36  time: 0.5293  data_time: 0.0087  
2026/01/11 11:24:45 - mmengine - INFO - Epoch(val) [1][  227/68645]    eta: 10:53:42  time: 0.5320  data_time: 0.0092  
2026/01/11 11:24:46 - mmengine - INFO - Epoch(val) [1][  228/68645]    eta: 10:54:44  time: 0.5590  data_time: 0.0097  
2026/01/11 11:24:47 - mmengine - INFO - Epoch(val) [1][  229/68645]    eta: 10:54:52  time: 0.5685  data_time: 0.0097  
2026/01/11 11:24:47 - mmengine - INFO - Epoch(val) [1][  230/68645]    eta: 10:54:34  time: 0.5699  data_time: 0.0098  
2026/01/11 11:24:48 - mmengine - INFO - Epoch(val) [1][  231/68645]    eta: 10:54:14  time: 0.5627  data_time: 0.0098  
2026/01/11 11:24:48 - mmengine - INFO - Epoch(val) [1][  232/68645]    eta: 10:54:12  time: 0.5689  data_time: 0.0162  
2026/01/11 11:24:49 - mmengine - INFO - Epoch(val) [1][  233/68645]    eta: 10:53:52  time: 0.5690  data_time: 0.0162  
2026/01/11 11:24:49 - mmengine - INFO - Epoch(val) [1][  234/68645]    eta: 10:54:33  time: 0.5906  data_time: 0.0162  
2026/01/11 11:24:50 - mmengine - INFO - Epoch(val) [1][  235/68645]    eta: 10:55:02  time: 0.5999  data_time: 0.0163  
2026/01/11 11:24:51 - mmengine - INFO - Epoch(val) [1][  236/68645]    eta: 10:55:09  time: 0.6074  data_time: 0.0163  
2026/01/11 11:24:51 - mmengine - INFO - Epoch(val) [1][  237/68645]    eta: 10:54:51  time: 0.5993  data_time: 0.0094  
2026/01/11 11:24:52 - mmengine - INFO - Epoch(val) [1][  238/68645]    eta: 10:54:53  time: 0.5794  data_time: 0.0088  
2026/01/11 11:24:52 - mmengine - INFO - Epoch(val) [1][  239/68645]    eta: 10:54:38  time: 0.5717  data_time: 0.0088  
2026/01/11 11:24:53 - mmengine - INFO - Epoch(val) [1][  240/68645]    eta: 10:54:43  time: 0.5792  data_time: 0.0094  
2026/01/11 11:24:53 - mmengine - INFO - Epoch(val) [1][  241/68645]    eta: 10:54:48  time: 0.5877  data_time: 0.0089  
2026/01/11 11:24:54 - mmengine - INFO - Epoch(val) [1][  242/68645]    eta: 10:54:29  time: 0.5818  data_time: 0.0024  
2026/01/11 11:24:55 - mmengine - INFO - Epoch(val) [1][  243/68645]    eta: 10:54:30  time: 0.5892  data_time: 0.0024  
2026/01/11 11:24:55 - mmengine - INFO - Epoch(val) [1][  244/68645]    eta: 10:53:48  time: 0.5601  data_time: 0.0024  
2026/01/11 11:24:56 - mmengine - INFO - Epoch(val) [1][  245/68645]    eta: 10:53:27  time: 0.5425  data_time: 0.0023  
2026/01/11 11:24:56 - mmengine - INFO - Epoch(val) [1][  246/68645]    eta: 10:53:04  time: 0.5318  data_time: 0.0022  
2026/01/11 11:24:57 - mmengine - INFO - Epoch(val) [1][  247/68645]    eta: 10:52:44  time: 0.5307  data_time: 0.0022  
2026/01/11 11:24:57 - mmengine - INFO - Epoch(val) [1][  248/68645]    eta: 10:52:22  time: 0.5216  data_time: 0.0022  
2026/01/11 11:24:57 - mmengine - INFO - Epoch(val) [1][  249/68645]    eta: 10:52:01  time: 0.5191  data_time: 0.0021  
2026/01/11 11:24:58 - mmengine - INFO - Epoch(val) [1][  250/68645]    eta: 10:51:40  time: 0.5093  data_time: 0.0015  
2026/01/11 11:24:58 - mmengine - INFO - Epoch(val) [1][  251/68645]    eta: 10:51:19  time: 0.4997  data_time: 0.0015  
2026/01/11 11:24:59 - mmengine - INFO - Epoch(val) [1][  252/68645]    eta: 10:51:01  time: 0.4995  data_time: 0.0015  
2026/01/11 11:24:59 - mmengine - INFO - Epoch(val) [1][  253/68645]    eta: 10:50:41  time: 0.4914  data_time: 0.0015  
2026/01/11 11:25:00 - mmengine - INFO - Epoch(val) [1][  254/68645]    eta: 10:50:25  time: 0.5000  data_time: 0.0015  
2026/01/11 11:25:01 - mmengine - INFO - Epoch(val) [1][  255/68645]    eta: 10:50:24  time: 0.5070  data_time: 0.0015  
2026/01/11 11:25:01 - mmengine - INFO - Epoch(val) [1][  256/68645]    eta: 10:50:08  time: 0.5091  data_time: 0.0016  
2026/01/11 11:25:02 - mmengine - INFO - Epoch(val) [1][  257/68645]    eta: 10:49:51  time: 0.5094  data_time: 0.0016  
2026/01/11 11:25:02 - mmengine - INFO - Epoch(val) [1][  258/68645]    eta: 10:49:34  time: 0.5110  data_time: 0.0017  
2026/01/11 11:25:03 - mmengine - INFO - Epoch(val) [1][  259/68645]    eta: 10:49:36  time: 0.5190  data_time: 0.0017  
2026/01/11 11:25:03 - mmengine - INFO - Epoch(val) [1][  260/68645]    eta: 10:49:21  time: 0.5210  data_time: 0.0017  
2026/01/11 11:25:04 - mmengine - INFO - Epoch(val) [1][  261/68645]    eta: 10:49:48  time: 0.5390  data_time: 0.0017  
2026/01/11 11:25:04 - mmengine - INFO - Epoch(val) [1][  262/68645]    eta: 10:49:35  time: 0.5403  data_time: 0.0018  
2026/01/11 11:25:05 - mmengine - INFO - Epoch(val) [1][  263/68645]    eta: 10:49:40  time: 0.5497  data_time: 0.0019  
2026/01/11 11:25:06 - mmengine - INFO - Epoch(val) [1][  264/68645]    eta: 10:49:25  time: 0.5497  data_time: 0.0019  
2026/01/11 11:25:06 - mmengine - INFO - Epoch(val) [1][  265/68645]    eta: 10:49:07  time: 0.5430  data_time: 0.0019  
2026/01/11 11:25:07 - mmengine - INFO - Epoch(val) [1][  266/68645]    eta: 10:48:49  time: 0.5419  data_time: 0.0018  
2026/01/11 11:25:07 - mmengine - INFO - Epoch(val) [1][  267/68645]    eta: 10:48:49  time: 0.5484  data_time: 0.0082  
2026/01/11 11:25:08 - mmengine - INFO - Epoch(val) [1][  268/68645]    eta: 10:48:36  time: 0.5496  data_time: 0.0082  
2026/01/11 11:25:08 - mmengine - INFO - Epoch(val) [1][  269/68645]    eta: 10:48:37  time: 0.5490  data_time: 0.0082  
2026/01/11 11:25:09 - mmengine - INFO - Epoch(val) [1][  270/68645]    eta: 10:48:45  time: 0.5578  data_time: 0.0082  
2026/01/11 11:25:09 - mmengine - INFO - Epoch(val) [1][  271/68645]    eta: 10:48:52  time: 0.5501  data_time: 0.0082  
2026/01/11 11:25:10 - mmengine - INFO - Epoch(val) [1][  272/68645]    eta: 10:48:36  time: 0.5489  data_time: 0.0081  
2026/01/11 11:25:10 - mmengine - INFO - Epoch(val) [1][  273/68645]    eta: 10:48:20  time: 0.5403  data_time: 0.0080  
2026/01/11 11:25:11 - mmengine - INFO - Epoch(val) [1][  274/68645]    eta: 10:48:26  time: 0.5488  data_time: 0.0081  
2026/01/11 11:25:12 - mmengine - INFO - Epoch(val) [1][  275/68645]    eta: 10:48:30  time: 0.5572  data_time: 0.0081  
2026/01/11 11:25:12 - mmengine - INFO - Epoch(val) [1][  276/68645]    eta: 10:48:37  time: 0.5668  data_time: 0.0081  
2026/01/11 11:25:13 - mmengine - INFO - Epoch(val) [1][  277/68645]    eta: 10:49:35  time: 0.5901  data_time: 0.0017  
2026/01/11 11:25:14 - mmengine - INFO - Epoch(val) [1][  278/68645]    eta: 10:49:45  time: 0.5994  data_time: 0.0018  
2026/01/11 11:25:14 - mmengine - INFO - Epoch(val) [1][  279/68645]    eta: 10:49:47  time: 0.6003  data_time: 0.0018  
2026/01/11 11:25:15 - mmengine - INFO - Epoch(val) [1][  280/68645]    eta: 10:49:55  time: 0.6005  data_time: 0.0019  
2026/01/11 11:25:15 - mmengine - INFO - Epoch(val) [1][  281/68645]    eta: 10:49:42  time: 0.5923  data_time: 0.0019  
2026/01/11 11:25:16 - mmengine - INFO - Epoch(val) [1][  282/68645]    eta: 10:49:44  time: 0.5996  data_time: 0.0019  
2026/01/11 11:25:16 - mmengine - INFO - Epoch(val) [1][  283/68645]    eta: 10:49:30  time: 0.6001  data_time: 0.0019  
2026/01/11 11:25:17 - mmengine - INFO - Epoch(val) [1][  284/68645]    eta: 10:49:32  time: 0.5987  data_time: 0.0019  
2026/01/11 11:25:18 - mmengine - INFO - Epoch(val) [1][  285/68645]    eta: 10:49:21  time: 0.5925  data_time: 0.0021  
2026/01/11 11:25:18 - mmengine - INFO - Epoch(val) [1][  286/68645]    eta: 10:49:25  time: 0.5916  data_time: 0.0088  
2026/01/11 11:25:19 - mmengine - INFO - Epoch(val) [1][  287/68645]    eta: 10:49:51  time: 0.5795  data_time: 0.0087  
2026/01/11 11:25:19 - mmengine - INFO - Epoch(val) [1][  288/68645]    eta: 10:49:41  time: 0.5712  data_time: 0.0087  
2026/01/11 11:25:20 - mmengine - INFO - Epoch(val) [1][  289/68645]    eta: 10:49:45  time: 0.5716  data_time: 0.0151  
2026/01/11 11:25:20 - mmengine - INFO - Epoch(val) [1][  290/68645]    eta: 10:49:47  time: 0.5693  data_time: 0.0150  
2026/01/11 11:25:21 - mmengine - INFO - Epoch(val) [1][  291/68645]    eta: 10:49:33  time: 0.5687  data_time: 0.0150  
2026/01/11 11:25:22 - mmengine - INFO - Epoch(val) [1][  292/68645]    eta: 10:49:20  time: 0.5625  data_time: 0.0150  
2026/01/11 11:25:22 - mmengine - INFO - Epoch(val) [1][  293/68645]    eta: 10:49:44  time: 0.5784  data_time: 0.0216  
2026/01/11 11:25:23 - mmengine - INFO - Epoch(val) [1][  294/68645]    eta: 10:49:30  time: 0.5718  data_time: 0.0216  
2026/01/11 11:25:23 - mmengine - INFO - Epoch(val) [1][  295/68645]    eta: 10:49:58  time: 0.5885  data_time: 0.0215  
2026/01/11 11:25:24 - mmengine - INFO - Epoch(val) [1][  296/68645]    eta: 10:49:41  time: 0.5795  data_time: 0.0148  
2026/01/11 11:25:24 - mmengine - INFO - Epoch(val) [1][  297/68645]    eta: 10:49:26  time: 0.5616  data_time: 0.0147  
2026/01/11 11:25:25 - mmengine - INFO - Epoch(val) [1][  298/68645]    eta: 10:49:28  time: 0.5669  data_time: 0.0147  
2026/01/11 11:25:26 - mmengine - INFO - Epoch(val) [1][  299/68645]    eta: 10:49:16  time: 0.5603  data_time: 0.0083  
2026/01/11 11:25:26 - mmengine - INFO - Epoch(val) [1][  300/68645]    eta: 10:49:20  time: 0.5608  data_time: 0.0084  
2026/01/11 11:25:27 - mmengine - INFO - Epoch(val) [1][  301/68645]    eta: 10:49:24  time: 0.5690  data_time: 0.0084  
2026/01/11 11:25:27 - mmengine - INFO - Epoch(val) [1][  302/68645]    eta: 10:49:33  time: 0.5781  data_time: 0.0084  
2026/01/11 11:25:28 - mmengine - INFO - Epoch(val) [1][  303/68645]    eta: 10:49:36  time: 0.5697  data_time: 0.0018  
2026/01/11 11:25:28 - mmengine - INFO - Epoch(val) [1][  304/68645]    eta: 10:49:24  time: 0.5697  data_time: 0.0017  
2026/01/11 11:25:29 - mmengine - INFO - Epoch(val) [1][  305/68645]    eta: 10:49:27  time: 0.5592  data_time: 0.0017  
2026/01/11 11:25:30 - mmengine - INFO - Epoch(val) [1][  306/68645]    eta: 10:49:14  time: 0.5607  data_time: 0.0017  
2026/01/11 11:25:30 - mmengine - INFO - Epoch(val) [1][  307/68645]    eta: 10:49:17  time: 0.5690  data_time: 0.0018  
2026/01/11 11:25:31 - mmengine - INFO - Epoch(val) [1][  308/68645]    eta: 10:49:04  time: 0.5620  data_time: 0.0017  
2026/01/11 11:25:31 - mmengine - INFO - Epoch(val) [1][  309/68645]    eta: 10:49:10  time: 0.5700  data_time: 0.0018  
2026/01/11 11:25:32 - mmengine - INFO - Epoch(val) [1][  310/68645]    eta: 10:49:17  time: 0.5716  data_time: 0.0017  
2026/01/11 11:25:32 - mmengine - INFO - Epoch(val) [1][  311/68645]    eta: 10:49:21  time: 0.5711  data_time: 0.0017  
2026/01/11 11:25:33 - mmengine - INFO - Epoch(val) [1][  312/68645]    eta: 10:50:30  time: 0.5988  data_time: 0.0017  
2026/01/11 11:25:34 - mmengine - INFO - Epoch(val) [1][  313/68645]    eta: 10:50:17  time: 0.5918  data_time: 0.0017  
2026/01/11 11:25:34 - mmengine - INFO - Epoch(val) [1][  314/68645]    eta: 10:50:21  time: 0.5992  data_time: 0.0017  
2026/01/11 11:25:35 - mmengine - INFO - Epoch(val) [1][  315/68645]    eta: 10:50:45  time: 0.6089  data_time: 0.0018  
2026/01/11 11:25:36 - mmengine - INFO - Epoch(val) [1][  316/68645]    eta: 10:50:34  time: 0.6095  data_time: 0.0026  
2026/01/11 11:25:36 - mmengine - INFO - Epoch(val) [1][  317/68645]    eta: 10:50:41  time: 0.6115  data_time: 0.0027  
2026/01/11 11:25:37 - mmengine - INFO - Epoch(val) [1][  318/68645]    eta: 10:51:06  time: 0.6291  data_time: 0.0027  
2026/01/11 11:25:37 - mmengine - INFO - Epoch(val) [1][  319/68645]    eta: 10:50:52  time: 0.6203  data_time: 0.0026  
2026/01/11 11:25:38 - mmengine - INFO - Epoch(val) [1][  320/68645]    eta: 10:51:15  time: 0.6280  data_time: 0.0095  
2026/01/11 11:25:39 - mmengine - INFO - Epoch(val) [1][  321/68645]    eta: 10:51:04  time: 0.6213  data_time: 0.0094  
2026/01/11 11:25:39 - mmengine - INFO - Epoch(val) [1][  322/68645]    eta: 10:51:07  time: 0.5916  data_time: 0.0160  
2026/01/11 11:25:40 - mmengine - INFO - Epoch(val) [1][  323/68645]    eta: 10:51:11  time: 0.5989  data_time: 0.0160  
2026/01/11 11:25:40 - mmengine - INFO - Epoch(val) [1][  324/68645]    eta: 10:50:57  time: 0.5909  data_time: 0.0161  
2026/01/11 11:25:41 - mmengine - INFO - Epoch(val) [1][  325/68645]    eta: 10:51:01  time: 0.5817  data_time: 0.0161  
2026/01/11 11:25:42 - mmengine - INFO - Epoch(val) [1][  326/68645]    eta: 10:51:27  time: 0.5993  data_time: 0.0153  
2026/01/11 11:25:42 - mmengine - INFO - Epoch(val) [1][  327/68645]    eta: 10:51:15  time: 0.5903  data_time: 0.0153  
2026/01/11 11:25:43 - mmengine - INFO - Epoch(val) [1][  328/68645]    eta: 10:51:37  time: 0.5894  data_time: 0.0219  
2026/01/11 11:25:43 - mmengine - INFO - Epoch(val) [1][  329/68645]    eta: 10:51:43  time: 0.5989  data_time: 0.0220  
2026/01/11 11:25:44 - mmengine - INFO - Epoch(val) [1][  330/68645]    eta: 10:51:50  time: 0.5914  data_time: 0.0151  
2026/01/11 11:25:45 - mmengine - INFO - Epoch(val) [1][  331/68645]    eta: 10:51:55  time: 0.5991  data_time: 0.0151  
2026/01/11 11:25:45 - mmengine - INFO - Epoch(val) [1][  332/68645]    eta: 10:51:58  time: 0.5994  data_time: 0.0085  
2026/01/11 11:25:46 - mmengine - INFO - Epoch(val) [1][  333/68645]    eta: 10:52:03  time: 0.6000  data_time: 0.0086  
2026/01/11 11:25:46 - mmengine - INFO - Epoch(val) [1][  334/68645]    eta: 10:52:09  time: 0.6095  data_time: 0.0088  
2026/01/11 11:25:47 - mmengine - INFO - Epoch(val) [1][  335/68645]    eta: 10:52:11  time: 0.6089  data_time: 0.0088  
2026/01/11 11:25:47 - mmengine - INFO - Epoch(val) [1][  336/68645]    eta: 10:51:59  time: 0.5905  data_time: 0.0088  
2026/01/11 11:25:48 - mmengine - INFO - Epoch(val) [1][  337/68645]    eta: 10:51:59  time: 0.5969  data_time: 0.0088  
2026/01/11 11:25:49 - mmengine - INFO - Epoch(val) [1][  338/68645]    eta: 10:51:47  time: 0.5801  data_time: 0.0021  
2026/01/11 11:25:49 - mmengine - INFO - Epoch(val) [1][  339/68645]    eta: 10:51:33  time: 0.5701  data_time: 0.0023  
2026/01/11 11:25:50 - mmengine - INFO - Epoch(val) [1][  340/68645]    eta: 10:51:36  time: 0.5684  data_time: 0.0023  
2026/01/11 11:25:51 - mmengine - INFO - Epoch(val) [1][  341/68645]    eta: 10:52:24  time: 0.5902  data_time: 0.0023  
2026/01/11 11:25:51 - mmengine - INFO - Epoch(val) [1][  342/68645]    eta: 10:52:47  time: 0.5997  data_time: 0.0026  
2026/01/11 11:25:52 - mmengine - INFO - Epoch(val) [1][  343/68645]    eta: 10:52:53  time: 0.6007  data_time: 0.0025  
2026/01/11 11:25:52 - mmengine - INFO - Epoch(val) [1][  344/68645]    eta: 10:52:57  time: 0.6001  data_time: 0.0022  
2026/01/11 11:25:53 - mmengine - INFO - Epoch(val) [1][  345/68645]    eta: 10:53:01  time: 0.6008  data_time: 0.0021  
2026/01/11 11:25:54 - mmengine - INFO - Epoch(val) [1][  346/68645]    eta: 10:53:04  time: 0.6085  data_time: 0.0021  
2026/01/11 11:25:54 - mmengine - INFO - Epoch(val) [1][  347/68645]    eta: 10:53:11  time: 0.6121  data_time: 0.0021  
2026/01/11 11:25:55 - mmengine - INFO - Epoch(val) [1][  348/68645]    eta: 10:53:15  time: 0.6203  data_time: 0.0021  
2026/01/11 11:25:55 - mmengine - INFO - Epoch(val) [1][  349/68645]    eta: 10:53:17  time: 0.6283  data_time: 0.0019  
2026/01/11 11:25:56 - mmengine - INFO - Epoch(val) [1][  350/68645]    eta: 10:53:20  time: 0.6289  data_time: 0.0019  
2026/01/11 11:25:57 - mmengine - INFO - Epoch(val) [1][  351/68645]    eta: 10:53:48  time: 0.6191  data_time: 0.0020  
2026/01/11 11:25:57 - mmengine - INFO - Epoch(val) [1][  352/68645]    eta: 10:53:51  time: 0.6097  data_time: 0.0017  
2026/01/11 11:25:58 - mmengine - INFO - Epoch(val) [1][  353/68645]    eta: 10:53:58  time: 0.6103  data_time: 0.0017  
2026/01/11 11:25:58 - mmengine - INFO - Epoch(val) [1][  354/68645]    eta: 10:54:01  time: 0.6095  data_time: 0.0087  
2026/01/11 11:25:59 - mmengine - INFO - Epoch(val) [1][  355/68645]    eta: 10:54:21  time: 0.6185  data_time: 0.0088  
2026/01/11 11:26:00 - mmengine - INFO - Epoch(val) [1][  356/68645]    eta: 10:54:26  time: 0.6199  data_time: 0.0088  
2026/01/11 11:26:00 - mmengine - INFO - Epoch(val) [1][  357/68645]    eta: 10:54:31  time: 0.6187  data_time: 0.0088  
2026/01/11 11:26:01 - mmengine - INFO - Epoch(val) [1][  358/68645]    eta: 10:54:37  time: 0.6200  data_time: 0.0089  
2026/01/11 11:26:02 - mmengine - INFO - Epoch(val) [1][  359/68645]    eta: 10:54:39  time: 0.6203  data_time: 0.0088  
2026/01/11 11:26:02 - mmengine - INFO - Epoch(val) [1][  360/68645]    eta: 10:54:44  time: 0.6211  data_time: 0.0088  
2026/01/11 11:26:03 - mmengine - INFO - Epoch(val) [1][  361/68645]    eta: 10:54:33  time: 0.6011  data_time: 0.0088  
2026/01/11 11:26:03 - mmengine - INFO - Epoch(val) [1][  362/68645]    eta: 10:54:53  time: 0.6099  data_time: 0.0088  
2026/01/11 11:26:04 - mmengine - INFO - Epoch(val) [1][  363/68645]    eta: 10:54:57  time: 0.6088  data_time: 0.0088  
2026/01/11 11:26:05 - mmengine - INFO - Epoch(val) [1][  364/68645]    eta: 10:54:59  time: 0.6083  data_time: 0.0018  
2026/01/11 11:26:05 - mmengine - INFO - Epoch(val) [1][  365/68645]    eta: 10:54:45  time: 0.5908  data_time: 0.0018  
2026/01/11 11:26:06 - mmengine - INFO - Epoch(val) [1][  366/68645]    eta: 10:54:51  time: 0.5914  data_time: 0.0017  
2026/01/11 11:26:06 - mmengine - INFO - Epoch(val) [1][  367/68645]    eta: 10:54:54  time: 0.5905  data_time: 0.0017  
2026/01/11 11:26:07 - mmengine - INFO - Epoch(val) [1][  368/68645]    eta: 10:54:59  time: 0.5903  data_time: 0.0016  
2026/01/11 11:26:07 - mmengine - INFO - Epoch(val) [1][  369/68645]    eta: 10:54:46  time: 0.5820  data_time: 0.0016  
2026/01/11 11:26:08 - mmengine - INFO - Epoch(val) [1][  370/68645]    eta: 10:54:47  time: 0.5800  data_time: 0.0083  
2026/01/11 11:26:09 - mmengine - INFO - Epoch(val) [1][  371/68645]    eta: 10:54:36  time: 0.5802  data_time: 0.0083  
2026/01/11 11:26:09 - mmengine - INFO - Epoch(val) [1][  372/68645]    eta: 10:54:36  time: 0.5698  data_time: 0.0150  
2026/01/11 11:26:10 - mmengine - INFO - Epoch(val) [1][  373/68645]    eta: 10:54:23  time: 0.5601  data_time: 0.0150  
2026/01/11 11:26:10 - mmengine - INFO - Epoch(val) [1][  374/68645]    eta: 10:55:01  time: 0.5800  data_time: 0.0149  
2026/01/11 11:26:11 - mmengine - INFO - Epoch(val) [1][  375/68645]    eta: 10:55:05  time: 0.5893  data_time: 0.0149  
2026/01/11 11:26:11 - mmengine - INFO - Epoch(val) [1][  376/68645]    eta: 10:54:53  time: 0.5799  data_time: 0.0150  
2026/01/11 11:26:12 - mmengine - INFO - Epoch(val) [1][  377/68645]    eta: 10:54:42  time: 0.5717  data_time: 0.0150  
2026/01/11 11:26:13 - mmengine - INFO - Epoch(val) [1][  378/68645]    eta: 10:54:45  time: 0.5711  data_time: 0.0213  
2026/01/11 11:26:13 - mmengine - INFO - Epoch(val) [1][  379/68645]    eta: 10:54:45  time: 0.5780  data_time: 0.0275  
2026/01/11 11:26:14 - mmengine - INFO - Epoch(val) [1][  380/68645]    eta: 10:54:48  time: 0.5792  data_time: 0.0209  
2026/01/11 11:26:14 - mmengine - INFO - Epoch(val) [1][  381/68645]    eta: 10:54:37  time: 0.5792  data_time: 0.0208  
2026/01/11 11:26:15 - mmengine - INFO - Epoch(val) [1][  382/68645]    eta: 10:54:38  time: 0.5796  data_time: 0.0147  
2026/01/11 11:26:15 - mmengine - INFO - Epoch(val) [1][  383/68645]    eta: 10:54:26  time: 0.5803  data_time: 0.0147  
2026/01/11 11:26:16 - mmengine - INFO - Epoch(val) [1][  384/68645]    eta: 10:54:31  time: 0.5620  data_time: 0.0147  
2026/01/11 11:26:17 - mmengine - INFO - Epoch(val) [1][  385/68645]    eta: 10:54:30  time: 0.5595  data_time: 0.0152  
2026/01/11 11:26:17 - mmengine - INFO - Epoch(val) [1][  386/68645]    eta: 10:54:19  time: 0.5592  data_time: 0.0151  
2026/01/11 11:26:18 - mmengine - INFO - Epoch(val) [1][  387/68645]    eta: 10:54:20  time: 0.5667  data_time: 0.0153  
2026/01/11 11:26:18 - mmengine - INFO - Epoch(val) [1][  388/68645]    eta: 10:54:24  time: 0.5667  data_time: 0.0092  
2026/01/11 11:26:19 - mmengine - INFO - Epoch(val) [1][  389/68645]    eta: 10:54:28  time: 0.5688  data_time: 0.0029  
2026/01/11 11:26:19 - mmengine - INFO - Epoch(val) [1][  390/68645]    eta: 10:54:31  time: 0.5694  data_time: 0.0030  
2026/01/11 11:26:20 - mmengine - INFO - Epoch(val) [1][  391/68645]    eta: 10:54:39  time: 0.5793  data_time: 0.0030  
2026/01/11 11:26:21 - mmengine - INFO - Epoch(val) [1][  392/68645]    eta: 10:54:43  time: 0.5814  data_time: 0.0026  
2026/01/11 11:26:21 - mmengine - INFO - Epoch(val) [1][  393/68645]    eta: 10:54:45  time: 0.5894  data_time: 0.0026  
2026/01/11 11:26:22 - mmengine - INFO - Epoch(val) [1][  394/68645]    eta: 10:54:48  time: 0.5884  data_time: 0.0028  
2026/01/11 11:26:22 - mmengine - INFO - Epoch(val) [1][  395/68645]    eta: 10:54:50  time: 0.5899  data_time: 0.0023  
2026/01/11 11:26:23 - mmengine - INFO - Epoch(val) [1][  396/68645]    eta: 10:55:11  time: 0.6090  data_time: 0.0022  
2026/01/11 11:26:24 - mmengine - INFO - Epoch(val) [1][  397/68645]    eta: 10:55:00  time: 0.6018  data_time: 0.0021  
2026/01/11 11:26:24 - mmengine - INFO - Epoch(val) [1][  398/68645]    eta: 10:54:48  time: 0.5925  data_time: 0.0019  
2026/01/11 11:26:25 - mmengine - INFO - Epoch(val) [1][  399/68645]    eta: 10:54:47  time: 0.5902  data_time: 0.0087  
2026/01/11 11:26:25 - mmengine - INFO - Epoch(val) [1][  400/68645]    eta: 10:54:37  time: 0.5823  data_time: 0.0086  
2026/01/11 11:26:26 - mmengine - INFO - Epoch(val) [1][  401/68645]    eta: 10:54:24  time: 0.5700  data_time: 0.0086  
2026/01/11 11:26:26 - mmengine - INFO - Epoch(val) [1][  402/68645]    eta: 10:54:10  time: 0.5593  data_time: 0.0086  
2026/01/11 11:26:27 - mmengine - INFO - Epoch(val) [1][  403/68645]    eta: 10:53:53  time: 0.5484  data_time: 0.0087  
2026/01/11 11:26:27 - mmengine - INFO - Epoch(val) [1][  404/68645]    eta: 10:53:28  time: 0.5320  data_time: 0.0085  
2026/01/11 11:26:28 - mmengine - INFO - Epoch(val) [1][  405/68645]    eta: 10:53:15  time: 0.5230  data_time: 0.0086  
2026/01/11 11:26:28 - mmengine - INFO - Epoch(val) [1][  406/68645]    eta: 10:53:34  time: 0.5213  data_time: 0.0086  
2026/01/11 11:26:29 - mmengine - INFO - Epoch(val) [1][  407/68645]    eta: 10:53:19  time: 0.5186  data_time: 0.0088  
2026/01/11 11:26:29 - mmengine - INFO - Epoch(val) [1][  408/68645]    eta: 10:52:52  time: 0.5098  data_time: 0.0089  
2026/01/11 11:26:30 - mmengine - INFO - Epoch(val) [1][  409/68645]    eta: 10:52:36  time: 0.5003  data_time: 0.0021  
2026/01/11 11:26:30 - mmengine - INFO - Epoch(val) [1][  410/68645]    eta: 10:52:23  time: 0.4981  data_time: 0.0020  
2026/01/11 11:26:31 - mmengine - INFO - Epoch(val) [1][  411/68645]    eta: 10:51:58  time: 0.4911  data_time: 0.0020  
2026/01/11 11:26:31 - mmengine - INFO - Epoch(val) [1][  412/68645]    eta: 10:51:58  time: 0.4990  data_time: 0.0083  
2026/01/11 11:26:32 - mmengine - INFO - Epoch(val) [1][  413/68645]    eta: 10:52:00  time: 0.5096  data_time: 0.0083  
2026/01/11 11:26:32 - mmengine - INFO - Epoch(val) [1][  414/68645]    eta: 10:51:51  time: 0.5190  data_time: 0.0083  
2026/01/11 11:26:33 - mmengine - INFO - Epoch(val) [1][  415/68645]    eta: 10:51:52  time: 0.5269  data_time: 0.0083  
2026/01/11 11:26:34 - mmengine - INFO - Epoch(val) [1][  416/68645]    eta: 10:51:42  time: 0.5103  data_time: 0.0083  
2026/01/11 11:26:34 - mmengine - INFO - Epoch(val) [1][  417/68645]    eta: 10:51:43  time: 0.5196  data_time: 0.0081  
2026/01/11 11:26:35 - mmengine - INFO - Epoch(val) [1][  418/68645]    eta: 10:51:30  time: 0.5275  data_time: 0.0080  
2026/01/11 11:26:35 - mmengine - INFO - Epoch(val) [1][  419/68645]    eta: 10:51:20  time: 0.5306  data_time: 0.0080  
2026/01/11 11:26:36 - mmengine - INFO - Epoch(val) [1][  420/68645]    eta: 10:51:09  time: 0.5320  data_time: 0.0080  
2026/01/11 11:26:36 - mmengine - INFO - Epoch(val) [1][  421/68645]    eta: 10:51:10  time: 0.5474  data_time: 0.0080  
2026/01/11 11:26:37 - mmengine - INFO - Epoch(val) [1][  422/68645]    eta: 10:50:58  time: 0.5399  data_time: 0.0016  
2026/01/11 11:26:37 - mmengine - INFO - Epoch(val) [1][  423/68645]    eta: 10:50:47  time: 0.5321  data_time: 0.0015  
2026/01/11 11:26:38 - mmengine - INFO - Epoch(val) [1][  424/68645]    eta: 10:50:37  time: 0.5309  data_time: 0.0015  
2026/01/11 11:26:38 - mmengine - INFO - Epoch(val) [1][  425/68645]    eta: 10:50:37  time: 0.5303  data_time: 0.0080  
2026/01/11 11:26:39 - mmengine - INFO - Epoch(val) [1][  426/68645]    eta: 10:50:40  time: 0.5380  data_time: 0.0080  
2026/01/11 11:26:39 - mmengine - INFO - Epoch(val) [1][  427/68645]    eta: 10:50:44  time: 0.5398  data_time: 0.0080  
2026/01/11 11:26:40 - mmengine - INFO - Epoch(val) [1][  428/68645]    eta: 10:50:33  time: 0.5403  data_time: 0.0080  
2026/01/11 11:26:41 - mmengine - INFO - Epoch(val) [1][  429/68645]    eta: 10:50:35  time: 0.5485  data_time: 0.0081  
2026/01/11 11:26:41 - mmengine - INFO - Epoch(val) [1][  430/68645]    eta: 10:50:25  time: 0.5483  data_time: 0.0081  
2026/01/11 11:26:42 - mmengine - INFO - Epoch(val) [1][  431/68645]    eta: 10:50:16  time: 0.5422  data_time: 0.0081  
2026/01/11 11:26:42 - mmengine - INFO - Epoch(val) [1][  432/68645]    eta: 10:50:16  time: 0.5493  data_time: 0.0147  
2026/01/11 11:26:43 - mmengine - INFO - Epoch(val) [1][  433/68645]    eta: 10:50:05  time: 0.5491  data_time: 0.0147  
2026/01/11 11:26:43 - mmengine - INFO - Epoch(val) [1][  434/68645]    eta: 10:50:08  time: 0.5574  data_time: 0.0147  
2026/01/11 11:26:44 - mmengine - INFO - Epoch(val) [1][  435/68645]    eta: 10:49:58  time: 0.5512  data_time: 0.0083  
2026/01/11 11:26:44 - mmengine - INFO - Epoch(val) [1][  436/68645]    eta: 10:50:01  time: 0.5509  data_time: 0.0083  
2026/01/11 11:26:45 - mmengine - INFO - Epoch(val) [1][  437/68645]    eta: 10:49:51  time: 0.5421  data_time: 0.0083  
2026/01/11 11:26:45 - mmengine - INFO - Epoch(val) [1][  438/68645]    eta: 10:49:54  time: 0.5511  data_time: 0.0083  
2026/01/11 11:26:46 - mmengine - INFO - Epoch(val) [1][  439/68645]    eta: 10:49:41  time: 0.5409  data_time: 0.0083  
2026/01/11 11:26:47 - mmengine - INFO - Epoch(val) [1][  440/68645]    eta: 10:49:59  time: 0.5588  data_time: 0.0083  
2026/01/11 11:26:47 - mmengine - INFO - Epoch(val) [1][  441/68645]    eta: 10:50:03  time: 0.5669  data_time: 0.0084  
2026/01/11 11:26:48 - mmengine - INFO - Epoch(val) [1][  442/68645]    eta: 10:49:55  time: 0.5620  data_time: 0.0019  
2026/01/11 11:26:48 - mmengine - INFO - Epoch(val) [1][  443/68645]    eta: 10:50:12  time: 0.5799  data_time: 0.0024  
2026/01/11 11:26:49 - mmengine - INFO - Epoch(val) [1][  444/68645]    eta: 10:50:03  time: 0.5722  data_time: 0.0024  
2026/01/11 11:26:50 - mmengine - INFO - Epoch(val) [1][  445/68645]    eta: 10:50:04  time: 0.5792  data_time: 0.0024  
2026/01/11 11:26:50 - mmengine - INFO - Epoch(val) [1][  446/68645]    eta: 10:50:08  time: 0.5799  data_time: 0.0023  
2026/01/11 11:26:51 - mmengine - INFO - Epoch(val) [1][  447/68645]    eta: 10:50:10  time: 0.5877  data_time: 0.0023  
2026/01/11 11:26:51 - mmengine - INFO - Epoch(val) [1][  448/68645]    eta: 10:49:59  time: 0.5787  data_time: 0.0023  
2026/01/11 11:26:52 - mmengine - INFO - Epoch(val) [1][  449/68645]    eta: 10:49:49  time: 0.5809  data_time: 0.0023  
2026/01/11 11:26:52 - mmengine - INFO - Epoch(val) [1][  450/68645]    eta: 10:49:52  time: 0.5713  data_time: 0.0023  
2026/01/11 11:26:53 - mmengine - INFO - Epoch(val) [1][  451/68645]    eta: 10:49:41  time: 0.5616  data_time: 0.0022  
2026/01/11 11:26:53 - mmengine - INFO - Epoch(val) [1][  452/68645]    eta: 10:49:45  time: 0.5690  data_time: 0.0022  
2026/01/11 11:26:54 - mmengine - INFO - Epoch(val) [1][  453/68645]    eta: 10:49:48  time: 0.5598  data_time: 0.0017  
2026/01/11 11:26:55 - mmengine - INFO - Epoch(val) [1][  454/68645]    eta: 10:49:55  time: 0.5702  data_time: 0.0017  
2026/01/11 11:26:55 - mmengine - INFO - Epoch(val) [1][  455/68645]    eta: 10:49:56  time: 0.5704  data_time: 0.0080  
2026/01/11 11:26:56 - mmengine - INFO - Epoch(val) [1][  456/68645]    eta: 10:50:01  time: 0.5711  data_time: 0.0080  
2026/01/11 11:26:56 - mmengine - INFO - Epoch(val) [1][  457/68645]    eta: 10:50:03  time: 0.5709  data_time: 0.0085  
2026/01/11 11:26:57 - mmengine - INFO - Epoch(val) [1][  458/68645]    eta: 10:50:06  time: 0.5805  data_time: 0.0085  
2026/01/11 11:26:58 - mmengine - INFO - Epoch(val) [1][  459/68645]    eta: 10:50:08  time: 0.5884  data_time: 0.0085  
2026/01/11 11:26:58 - mmengine - INFO - Epoch(val) [1][  460/68645]    eta: 10:50:00  time: 0.5808  data_time: 0.0085  
2026/01/11 11:26:59 - mmengine - INFO - Epoch(val) [1][  461/68645]    eta: 10:50:00  time: 0.5884  data_time: 0.0086  
2026/01/11 11:26:59 - mmengine - INFO - Epoch(val) [1][  462/68645]    eta: 10:49:52  time: 0.5808  data_time: 0.0087  
2026/01/11 11:27:00 - mmengine - INFO - Epoch(val) [1][  463/68645]    eta: 10:49:41  time: 0.5713  data_time: 0.0086  
2026/01/11 11:27:00 - mmengine - INFO - Epoch(val) [1][  464/68645]    eta: 10:49:41  time: 0.5666  data_time: 0.0090  
2026/01/11 11:27:01 - mmengine - INFO - Epoch(val) [1][  465/68645]    eta: 10:49:31  time: 0.5587  data_time: 0.0027  
2026/01/11 11:27:01 - mmengine - INFO - Epoch(val) [1][  466/68645]    eta: 10:49:23  time: 0.5499  data_time: 0.0028  
2026/01/11 11:27:02 - mmengine - INFO - Epoch(val) [1][  467/68645]    eta: 10:49:11  time: 0.5403  data_time: 0.0023  
2026/01/11 11:27:02 - mmengine - INFO - Epoch(val) [1][  468/68645]    eta: 10:49:00  time: 0.5305  data_time: 0.0022  
2026/01/11 11:27:03 - mmengine - INFO - Epoch(val) [1][  469/68645]    eta: 10:48:48  time: 0.5207  data_time: 0.0023  
2026/01/11 11:27:03 - mmengine - INFO - Epoch(val) [1][  470/68645]    eta: 10:48:36  time: 0.5182  data_time: 0.0022  
2026/01/11 11:27:04 - mmengine - INFO - Epoch(val) [1][  471/68645]    eta: 10:48:26  time: 0.5105  data_time: 0.0023  
2026/01/11 11:27:04 - mmengine - INFO - Epoch(val) [1][  472/68645]    eta: 10:48:15  time: 0.5086  data_time: 0.0023  
2026/01/11 11:27:05 - mmengine - INFO - Epoch(val) [1][  473/68645]    eta: 10:48:05  time: 0.5086  data_time: 0.0024  
2026/01/11 11:27:06 - mmengine - INFO - Epoch(val) [1][  474/68645]    eta: 10:48:38  time: 0.5315  data_time: 0.0019  
2026/01/11 11:27:06 - mmengine - INFO - Epoch(val) [1][  475/68645]    eta: 10:48:55  time: 0.5503  data_time: 0.0019  
2026/01/11 11:27:07 - mmengine - INFO - Epoch(val) [1][  476/68645]    eta: 10:48:58  time: 0.5581  data_time: 0.0019  
2026/01/11 11:27:08 - mmengine - INFO - Epoch(val) [1][  477/68645]    eta: 10:49:01  time: 0.5688  data_time: 0.0020  
2026/01/11 11:27:08 - mmengine - INFO - Epoch(val) [1][  478/68645]    eta: 10:49:04  time: 0.5783  data_time: 0.0020  
2026/01/11 11:27:09 - mmengine - INFO - Epoch(val) [1][  479/68645]    eta: 10:49:08  time: 0.5890  data_time: 0.0020  
2026/01/11 11:27:09 - mmengine - INFO - Epoch(val) [1][  480/68645]    eta: 10:49:12  time: 0.6003  data_time: 0.0021  
2026/01/11 11:27:10 - mmengine - INFO - Epoch(val) [1][  481/68645]    eta: 10:49:29  time: 0.6191  data_time: 0.0020  
2026/01/11 11:27:11 - mmengine - INFO - Epoch(val) [1][  482/68645]    eta: 10:49:32  time: 0.6291  data_time: 0.0019  
2026/01/11 11:27:11 - mmengine - INFO - Epoch(val) [1][  483/68645]    eta: 10:49:37  time: 0.6398  data_time: 0.0019  
2026/01/11 11:27:12 - mmengine - INFO - Epoch(val) [1][  484/68645]    eta: 10:49:42  time: 0.6203  data_time: 0.0020  
2026/01/11 11:27:13 - mmengine - INFO - Epoch(val) [1][  485/68645]    eta: 10:49:57  time: 0.6195  data_time: 0.0019  
2026/01/11 11:27:13 - mmengine - INFO - Epoch(val) [1][  486/68645]    eta: 10:50:15  time: 0.6304  data_time: 0.0020  
2026/01/11 11:27:14 - mmengine - INFO - Epoch(val) [1][  487/68645]    eta: 10:50:07  time: 0.6219  data_time: 0.0019  
2026/01/11 11:27:14 - mmengine - INFO - Epoch(val) [1][  488/68645]    eta: 10:50:11  time: 0.6229  data_time: 0.0019  
2026/01/11 11:27:15 - mmengine - INFO - Epoch(val) [1][  489/68645]    eta: 10:50:12  time: 0.6216  data_time: 0.0085  
2026/01/11 11:27:16 - mmengine - INFO - Epoch(val) [1][  490/68645]    eta: 10:50:30  time: 0.6313  data_time: 0.0084  
2026/01/11 11:27:16 - mmengine - INFO - Epoch(val) [1][  491/68645]    eta: 10:50:32  time: 0.6216  data_time: 0.0084  
2026/01/11 11:27:17 - mmengine - INFO - Epoch(val) [1][  492/68645]    eta: 10:50:35  time: 0.6212  data_time: 0.0084  
2026/01/11 11:27:17 - mmengine - INFO - Epoch(val) [1][  493/68645]    eta: 10:50:37  time: 0.6198  data_time: 0.0084  
2026/01/11 11:27:18 - mmengine - INFO - Epoch(val) [1][  494/68645]    eta: 10:50:40  time: 0.6183  data_time: 0.0084  
2026/01/11 11:27:19 - mmengine - INFO - Epoch(val) [1][  495/68645]    eta: 10:50:32  time: 0.6019  data_time: 0.0084  
2026/01/11 11:27:19 - mmengine - INFO - Epoch(val) [1][  496/68645]    eta: 10:50:33  time: 0.5899  data_time: 0.0090  
2026/01/11 11:27:20 - mmengine - INFO - Epoch(val) [1][  497/68645]    eta: 10:50:36  time: 0.5980  data_time: 0.0090  
2026/01/11 11:27:20 - mmengine - INFO - Epoch(val) [1][  498/68645]    eta: 10:50:28  time: 0.5889  data_time: 0.0090  
2026/01/11 11:27:21 - mmengine - INFO - Epoch(val) [1][  499/68645]    eta: 10:50:28  time: 0.5884  data_time: 0.0032  
2026/01/11 11:27:21 - mmengine - INFO - Epoch(val) [1][  500/68645]    eta: 10:50:20  time: 0.5697  data_time: 0.0033  
2026/01/11 11:27:22 - mmengine - INFO - Epoch(val) [1][  501/68645]    eta: 10:50:21  time: 0.5690  data_time: 0.0033  
2026/01/11 11:27:23 - mmengine - INFO - Epoch(val) [1][  502/68645]    eta: 10:50:53  time: 0.5900  data_time: 0.0033  
2026/01/11 11:27:23 - mmengine - INFO - Epoch(val) [1][  503/68645]    eta: 10:51:07  time: 0.5988  data_time: 0.0034  
2026/01/11 11:27:24 - mmengine - INFO - Epoch(val) [1][  504/68645]    eta: 10:51:12  time: 0.6007  data_time: 0.0034  
2026/01/11 11:27:25 - mmengine - INFO - Epoch(val) [1][  505/68645]    eta: 10:51:15  time: 0.6089  data_time: 0.0034  
2026/01/11 11:27:25 - mmengine - INFO - Epoch(val) [1][  506/68645]    eta: 10:51:17  time: 0.6092  data_time: 0.0028  
2026/01/11 11:27:26 - mmengine - INFO - Epoch(val) [1][  507/68645]    eta: 10:51:21  time: 0.6105  data_time: 0.0028  
2026/01/11 11:27:26 - mmengine - INFO - Epoch(val) [1][  508/68645]    eta: 10:51:25  time: 0.6195  data_time: 0.0029  
2026/01/11 11:27:27 - mmengine - INFO - Epoch(val) [1][  509/68645]    eta: 10:51:38  time: 0.6294  data_time: 0.0021  
2026/01/11 11:27:28 - mmengine - INFO - Epoch(val) [1][  510/68645]    eta: 10:51:41  time: 0.6375  data_time: 0.0022  
2026/01/11 11:27:28 - mmengine - INFO - Epoch(val) [1][  511/68645]    eta: 10:51:33  time: 0.6305  data_time: 0.0022  
2026/01/11 11:27:29 - mmengine - INFO - Epoch(val) [1][  512/68645]    eta: 10:51:37  time: 0.6110  data_time: 0.0022  
2026/01/11 11:27:29 - mmengine - INFO - Epoch(val) [1][  513/68645]    eta: 10:51:38  time: 0.6014  data_time: 0.0021  
2026/01/11 11:27:30 - mmengine - INFO - Epoch(val) [1][  514/68645]    eta: 10:51:41  time: 0.5998  data_time: 0.0020  
2026/01/11 11:27:31 - mmengine - INFO - Epoch(val) [1][  515/68645]    eta: 10:51:42  time: 0.5982  data_time: 0.0020  
2026/01/11 11:27:31 - mmengine - INFO - Epoch(val) [1][  516/68645]    eta: 10:51:36  time: 0.5922  data_time: 0.0021  
2026/01/11 11:27:32 - mmengine - INFO - Epoch(val) [1][  517/68645]    eta: 10:51:38  time: 0.5911  data_time: 0.0021  
2026/01/11 11:27:32 - mmengine - INFO - Epoch(val) [1][  518/68645]    eta: 10:51:53  time: 0.5995  data_time: 0.0020  
2026/01/11 11:27:33 - mmengine - INFO - Epoch(val) [1][  519/68645]    eta: 10:52:07  time: 0.5997  data_time: 0.0020  
2026/01/11 11:27:34 - mmengine - INFO - Epoch(val) [1][  520/68645]    eta: 10:51:59  time: 0.5922  data_time: 0.0019  
2026/01/11 11:27:34 - mmengine - INFO - Epoch(val) [1][  521/68645]    eta: 10:52:00  time: 0.5993  data_time: 0.0019  
2026/01/11 11:27:35 - mmengine - INFO - Epoch(val) [1][  522/68645]    eta: 10:51:52  time: 0.5897  data_time: 0.0019  
2026/01/11 11:27:35 - mmengine - INFO - Epoch(val) [1][  523/68645]    eta: 10:51:54  time: 0.5900  data_time: 0.0018  
2026/01/11 11:27:36 - mmengine - INFO - Epoch(val) [1][  524/68645]    eta: 10:51:56  time: 0.5900  data_time: 0.0018  
2026/01/11 11:27:37 - mmengine - INFO - Epoch(val) [1][  525/68645]    eta: 10:51:49  time: 0.5834  data_time: 0.0018  
2026/01/11 11:27:37 - mmengine - INFO - Epoch(val) [1][  526/68645]    eta: 10:51:48  time: 0.5879  data_time: 0.0081  
2026/01/11 11:27:38 - mmengine - INFO - Epoch(val) [1][  527/68645]    eta: 10:51:50  time: 0.5873  data_time: 0.0080  
2026/01/11 11:27:38 - mmengine - INFO - Epoch(val) [1][  528/68645]    eta: 10:51:43  time: 0.5705  data_time: 0.0080  
2026/01/11 11:27:39 - mmengine - INFO - Epoch(val) [1][  529/68645]    eta: 10:51:43  time: 0.5607  data_time: 0.0080  
2026/01/11 11:27:39 - mmengine - INFO - Epoch(val) [1][  530/68645]    eta: 10:51:35  time: 0.5598  data_time: 0.0080  
2026/01/11 11:27:40 - mmengine - INFO - Epoch(val) [1][  531/68645]    eta: 10:51:39  time: 0.5623  data_time: 0.0081  
2026/01/11 11:27:40 - mmengine - INFO - Epoch(val) [1][  532/68645]    eta: 10:51:40  time: 0.5691  data_time: 0.0145  
2026/01/11 11:27:41 - mmengine - INFO - Epoch(val) [1][  533/68645]    eta: 10:51:41  time: 0.5690  data_time: 0.0145  
2026/01/11 11:27:42 - mmengine - INFO - Epoch(val) [1][  534/68645]    eta: 10:51:59  time: 0.5806  data_time: 0.0145  
2026/01/11 11:27:42 - mmengine - INFO - Epoch(val) [1][  535/68645]    eta: 10:52:00  time: 0.5878  data_time: 0.0145  
2026/01/11 11:27:43 - mmengine - INFO - Epoch(val) [1][  536/68645]    eta: 10:52:03  time: 0.5902  data_time: 0.0081  
2026/01/11 11:27:43 - mmengine - INFO - Epoch(val) [1][  537/68645]    eta: 10:51:54  time: 0.5820  data_time: 0.0081  
2026/01/11 11:27:44 - mmengine - INFO - Epoch(val) [1][  538/68645]    eta: 10:51:55  time: 0.5881  data_time: 0.0081  
2026/01/11 11:27:45 - mmengine - INFO - Epoch(val) [1][  539/68645]    eta: 10:51:44  time: 0.5794  data_time: 0.0081  
2026/01/11 11:27:45 - mmengine - INFO - Epoch(val) [1][  540/68645]    eta: 10:51:36  time: 0.5792  data_time: 0.0081  
2026/01/11 11:27:46 - mmengine - INFO - Epoch(val) [1][  541/68645]    eta: 10:51:27  time: 0.5688  data_time: 0.0080  
2026/01/11 11:27:46 - mmengine - INFO - Epoch(val) [1][  542/68645]    eta: 10:51:28  time: 0.5692  data_time: 0.0015  
2026/01/11 11:27:47 - mmengine - INFO - Epoch(val) [1][  543/68645]    eta: 10:51:19  time: 0.5605  data_time: 0.0016  
2026/01/11 11:27:47 - mmengine - INFO - Epoch(val) [1][  544/68645]    eta: 10:51:11  time: 0.5408  data_time: 0.0016  
2026/01/11 11:27:48 - mmengine - INFO - Epoch(val) [1][  545/68645]    eta: 10:51:12  time: 0.5406  data_time: 0.0017  
2026/01/11 11:27:48 - mmengine - INFO - Epoch(val) [1][  546/68645]    eta: 10:51:03  time: 0.5308  data_time: 0.0017  
2026/01/11 11:27:49 - mmengine - INFO - Epoch(val) [1][  547/68645]    eta: 10:50:54  time: 0.5303  data_time: 0.0017  
2026/01/11 11:27:49 - mmengine - INFO - Epoch(val) [1][  548/68645]    eta: 10:50:54  time: 0.5300  data_time: 0.0017  
2026/01/11 11:27:50 - mmengine - INFO - Epoch(val) [1][  549/68645]    eta: 10:50:46  time: 0.5319  data_time: 0.0017  
2026/01/11 11:27:50 - mmengine - INFO - Epoch(val) [1][  550/68645]    eta: 10:50:35  time: 0.5297  data_time: 0.0018  
2026/01/11 11:27:51 - mmengine - INFO - Epoch(val) [1][  551/68645]    eta: 10:50:28  time: 0.5312  data_time: 0.0017  
2026/01/11 11:27:51 - mmengine - INFO - Epoch(val) [1][  552/68645]    eta: 10:50:27  time: 0.5294  data_time: 0.0018  
2026/01/11 11:27:52 - mmengine - INFO - Epoch(val) [1][  553/68645]    eta: 10:50:19  time: 0.5298  data_time: 0.0018  
2026/01/11 11:27:52 - mmengine - INFO - Epoch(val) [1][  554/68645]    eta: 10:50:10  time: 0.5292  data_time: 0.0018  
2026/01/11 11:27:53 - mmengine - INFO - Epoch(val) [1][  555/68645]    eta: 10:50:01  time: 0.5200  data_time: 0.0017  
2026/01/11 11:27:54 - mmengine - INFO - Epoch(val) [1][  556/68645]    eta: 10:49:52  time: 0.5210  data_time: 0.0017  
2026/01/11 11:27:54 - mmengine - INFO - Epoch(val) [1][  557/68645]    eta: 10:49:54  time: 0.5294  data_time: 0.0084  
2026/01/11 11:27:55 - mmengine - INFO - Epoch(val) [1][  558/68645]    eta: 10:49:55  time: 0.5298  data_time: 0.0084  
2026/01/11 11:27:55 - mmengine - INFO - Epoch(val) [1][  559/68645]    eta: 10:49:48  time: 0.5302  data_time: 0.0083  
2026/01/11 11:27:56 - mmengine - INFO - Epoch(val) [1][  560/68645]    eta: 10:49:48  time: 0.5387  data_time: 0.0083  
2026/01/11 11:27:56 - mmengine - INFO - Epoch(val) [1][  561/68645]    eta: 10:49:40  time: 0.5378  data_time: 0.0083  
2026/01/11 11:27:57 - mmengine - INFO - Epoch(val) [1][  562/68645]    eta: 10:49:44  time: 0.5421  data_time: 0.0083  
2026/01/11 11:27:57 - mmengine - INFO - Epoch(val) [1][  563/68645]    eta: 10:49:45  time: 0.5498  data_time: 0.0087  
2026/01/11 11:27:58 - mmengine - INFO - Epoch(val) [1][  564/68645]    eta: 10:49:38  time: 0.5511  data_time: 0.0087  
2026/01/11 11:27:59 - mmengine - INFO - Epoch(val) [1][  565/68645]    eta: 10:49:39  time: 0.5599  data_time: 0.0151  
2026/01/11 11:27:59 - mmengine - INFO - Epoch(val) [1][  566/68645]    eta: 10:49:53  time: 0.5775  data_time: 0.0151  
2026/01/11 11:28:00 - mmengine - INFO - Epoch(val) [1][  567/68645]    eta: 10:49:45  time: 0.5698  data_time: 0.0085  
2026/01/11 11:28:00 - mmengine - INFO - Epoch(val) [1][  568/68645]    eta: 10:49:45  time: 0.5696  data_time: 0.0085  
2026/01/11 11:28:01 - mmengine - INFO - Epoch(val) [1][  569/68645]    eta: 10:49:37  time: 0.5686  data_time: 0.0085  
2026/01/11 11:28:02 - mmengine - INFO - Epoch(val) [1][  570/68645]    eta: 10:50:04  time: 0.5915  data_time: 0.0085  
2026/01/11 11:28:02 - mmengine - INFO - Epoch(val) [1][  571/68645]    eta: 10:50:05  time: 0.5989  data_time: 0.0085  
2026/01/11 11:28:03 - mmengine - INFO - Epoch(val) [1][  572/68645]    eta: 10:50:09  time: 0.5985  data_time: 0.0087  
2026/01/11 11:28:03 - mmengine - INFO - Epoch(val) [1][  573/68645]    eta: 10:50:02  time: 0.5919  data_time: 0.0082  
2026/01/11 11:28:04 - mmengine - INFO - Epoch(val) [1][  574/68645]    eta: 10:50:14  time: 0.6075  data_time: 0.0083  
2026/01/11 11:28:05 - mmengine - INFO - Epoch(val) [1][  575/68645]    eta: 10:50:17  time: 0.6089  data_time: 0.0019  
2026/01/11 11:28:05 - mmengine - INFO - Epoch(val) [1][  576/68645]    eta: 10:50:06  time: 0.5894  data_time: 0.0018  
2026/01/11 11:28:06 - mmengine - INFO - Epoch(val) [1][  577/68645]    eta: 10:50:09  time: 0.5984  data_time: 0.0019  
2026/01/11 11:28:06 - mmengine - INFO - Epoch(val) [1][  578/68645]    eta: 10:50:01  time: 0.5912  data_time: 0.0019  
2026/01/11 11:28:07 - mmengine - INFO - Epoch(val) [1][  579/68645]    eta: 10:49:54  time: 0.5914  data_time: 0.0019  
2026/01/11 11:28:07 - mmengine - INFO - Epoch(val) [1][  580/68645]    eta: 10:49:45  time: 0.5616  data_time: 0.0019  
2026/01/11 11:28:08 - mmengine - INFO - Epoch(val) [1][  581/68645]    eta: 10:49:36  time: 0.5528  data_time: 0.0084  
2026/01/11 11:28:08 - mmengine - INFO - Epoch(val) [1][  582/68645]    eta: 10:49:27  time: 0.5415  data_time: 0.0082  
2026/01/11 11:28:09 - mmengine - INFO - Epoch(val) [1][  583/68645]    eta: 10:49:16  time: 0.5387  data_time: 0.0082  
2026/01/11 11:28:09 - mmengine - INFO - Epoch(val) [1][  584/68645]    eta: 10:49:18  time: 0.5296  data_time: 0.0083  
2026/01/11 11:28:10 - mmengine - INFO - Epoch(val) [1][  585/68645]    eta: 10:49:00  time: 0.5120  data_time: 0.0083  
2026/01/11 11:28:10 - mmengine - INFO - Epoch(val) [1][  586/68645]    eta: 10:48:49  time: 0.5114  data_time: 0.0084  
2026/01/11 11:28:11 - mmengine - INFO - Epoch(val) [1][  587/68645]    eta: 10:48:41  time: 0.5014  data_time: 0.0083  
2026/01/11 11:28:11 - mmengine - INFO - Epoch(val) [1][  588/68645]    eta: 10:48:32  time: 0.5007  data_time: 0.0083  
2026/01/11 11:28:12 - mmengine - INFO - Epoch(val) [1][  589/68645]    eta: 10:48:23  time: 0.4991  data_time: 0.0084  
2026/01/11 11:28:12 - mmengine - INFO - Epoch(val) [1][  590/68645]    eta: 10:48:14  time: 0.4990  data_time: 0.0084  
2026/01/11 11:28:13 - mmengine - INFO - Epoch(val) [1][  591/68645]    eta: 10:48:16  time: 0.5084  data_time: 0.0019  
2026/01/11 11:28:13 - mmengine - INFO - Epoch(val) [1][  592/68645]    eta: 10:48:17  time: 0.5170  data_time: 0.0020  
2026/01/11 11:28:14 - mmengine - INFO - Epoch(val) [1][  593/68645]    eta: 10:48:10  time: 0.5192  data_time: 0.0020  
2026/01/11 11:28:14 - mmengine - INFO - Epoch(val) [1][  594/68645]    eta: 10:48:02  time: 0.5112  data_time: 0.0019  
2026/01/11 11:28:15 - mmengine - INFO - Epoch(val) [1][  595/68645]    eta: 10:48:02  time: 0.5271  data_time: 0.0019  
2026/01/11 11:28:16 - mmengine - INFO - Epoch(val) [1][  596/68645]    eta: 10:47:55  time: 0.5294  data_time: 0.0018  
2026/01/11 11:28:16 - mmengine - INFO - Epoch(val) [1][  597/68645]    eta: 10:47:47  time: 0.5299  data_time: 0.0018  
2026/01/11 11:28:17 - mmengine - INFO - Epoch(val) [1][  598/68645]    eta: 10:47:48  time: 0.5387  data_time: 0.0018  
2026/01/11 11:28:17 - mmengine - INFO - Epoch(val) [1][  599/68645]    eta: 10:47:42  time: 0.5407  data_time: 0.0018  
2026/01/11 11:28:18 - mmengine - INFO - Epoch(val) [1][  600/68645]    eta: 10:47:42  time: 0.5480  data_time: 0.0017  
2026/01/11 11:28:18 - mmengine - INFO - Epoch(val) [1][  601/68645]    eta: 10:47:35  time: 0.5404  data_time: 0.0019  
2026/01/11 11:28:19 - mmengine - INFO - Epoch(val) [1][  602/68645]    eta: 10:47:35  time: 0.5399  data_time: 0.0018  
2026/01/11 11:28:19 - mmengine - INFO - Epoch(val) [1][  603/68645]    eta: 10:47:28  time: 0.5399  data_time: 0.0018  
2026/01/11 11:28:20 - mmengine - INFO - Epoch(val) [1][  604/68645]    eta: 10:47:21  time: 0.5400  data_time: 0.0018  
2026/01/11 11:28:21 - mmengine - INFO - Epoch(val) [1][  605/68645]    eta: 10:47:44  time: 0.5602  data_time: 0.0021  
2026/01/11 11:28:21 - mmengine - INFO - Epoch(val) [1][  606/68645]    eta: 10:47:47  time: 0.5698  data_time: 0.0021  
2026/01/11 11:28:22 - mmengine - INFO - Epoch(val) [1][  607/68645]    eta: 10:47:40  time: 0.5698  data_time: 0.0022  
2026/01/11 11:28:22 - mmengine - INFO - Epoch(val) [1][  608/68645]    eta: 10:47:41  time: 0.5694  data_time: 0.0021  
2026/01/11 11:28:23 - mmengine - INFO - Epoch(val) [1][  609/68645]    eta: 10:47:33  time: 0.5683  data_time: 0.0021  
2026/01/11 11:28:23 - mmengine - INFO - Epoch(val) [1][  610/68645]    eta: 10:47:26  time: 0.5622  data_time: 0.0020  
2026/01/11 11:28:24 - mmengine - INFO - Epoch(val) [1][  611/68645]    eta: 10:47:28  time: 0.5693  data_time: 0.0019  
2026/01/11 11:28:25 - mmengine - INFO - Epoch(val) [1][  612/68645]    eta: 10:47:20  time: 0.5625  data_time: 0.0019  
2026/01/11 11:28:25 - mmengine - INFO - Epoch(val) [1][  613/68645]    eta: 10:47:20  time: 0.5689  data_time: 0.0019  
2026/01/11 11:28:26 - mmengine - INFO - Epoch(val) [1][  614/68645]    eta: 10:47:13  time: 0.5691  data_time: 0.0019  
2026/01/11 11:28:26 - mmengine - INFO - Epoch(val) [1][  615/68645]    eta: 10:47:06  time: 0.5423  data_time: 0.0015  
2026/01/11 11:28:27 - mmengine - INFO - Epoch(val) [1][  616/68645]    eta: 10:47:06  time: 0.5389  data_time: 0.0015  
2026/01/11 11:28:27 - mmengine - INFO - Epoch(val) [1][  617/68645]    eta: 10:46:59  time: 0.5394  data_time: 0.0014  
2026/01/11 11:28:28 - mmengine - INFO - Epoch(val) [1][  618/68645]    eta: 10:46:51  time: 0.5314  data_time: 0.0014  
2026/01/11 11:28:28 - mmengine - INFO - Epoch(val) [1][  619/68645]    eta: 10:46:53  time: 0.5398  data_time: 0.0015  
2026/01/11 11:28:29 - mmengine - INFO - Epoch(val) [1][  620/68645]    eta: 10:46:45  time: 0.5383  data_time: 0.0015  
2026/01/11 11:28:29 - mmengine - INFO - Epoch(val) [1][  621/68645]    eta: 10:46:37  time: 0.5297  data_time: 0.0015  
2026/01/11 11:28:30 - mmengine - INFO - Epoch(val) [1][  622/68645]    eta: 10:46:29  time: 0.5292  data_time: 0.0016  
2026/01/11 11:28:30 - mmengine - INFO - Epoch(val) [1][  623/68645]    eta: 10:46:20  time: 0.5210  data_time: 0.0016  
2026/01/11 11:28:31 - mmengine - INFO - Epoch(val) [1][  624/68645]    eta: 10:46:11  time: 0.5193  data_time: 0.0016  
2026/01/11 11:28:31 - mmengine - INFO - Epoch(val) [1][  625/68645]    eta: 10:45:53  time: 0.5089  data_time: 0.0017  
2026/01/11 11:28:32 - mmengine - INFO - Epoch(val) [1][  626/68645]    eta: 10:45:45  time: 0.5013  data_time: 0.0018  
2026/01/11 11:28:32 - mmengine - INFO - Epoch(val) [1][  627/68645]    eta: 10:45:27  time: 0.4912  data_time: 0.0018  
2026/01/11 11:28:33 - mmengine - INFO - Epoch(val) [1][  628/68645]    eta: 10:45:17  time: 0.4885  data_time: 0.0018  
2026/01/11 11:28:33 - mmengine - INFO - Epoch(val) [1][  629/68645]    eta: 10:45:00  time: 0.4712  data_time: 0.0018  
2026/01/11 11:28:33 - mmengine - INFO - Epoch(val) [1][  630/68645]    eta: 10:44:42  time: 0.4620  data_time: 0.0018  
2026/01/11 11:28:34 - mmengine - INFO - Epoch(val) [1][  631/68645]    eta: 10:44:32  time: 0.4597  data_time: 0.0018  
2026/01/11 11:28:34 - mmengine - INFO - Epoch(val) [1][  632/68645]    eta: 10:44:13  time: 0.4497  data_time: 0.0018  
2026/01/11 11:28:35 - mmengine - INFO - Epoch(val) [1][  633/68645]    eta: 10:43:56  time: 0.4411  data_time: 0.0018  
2026/01/11 11:28:35 - mmengine - INFO - Epoch(val) [1][  634/68645]    eta: 10:43:38  time: 0.4325  data_time: 0.0018  
2026/01/11 11:28:36 - mmengine - INFO - Epoch(val) [1][  635/68645]    eta: 10:43:27  time: 0.4386  data_time: 0.0017  
2026/01/11 11:28:36 - mmengine - INFO - Epoch(val) [1][  636/68645]    eta: 10:43:10  time: 0.4299  data_time: 0.0017  
2026/01/11 11:28:36 - mmengine - INFO - Epoch(val) [1][  637/68645]    eta: 10:43:01  time: 0.4376  data_time: 0.0016  
2026/01/11 11:28:37 - mmengine - INFO - Epoch(val) [1][  638/68645]    eta: 10:43:07  time: 0.4525  data_time: 0.0016  
2026/01/11 11:28:38 - mmengine - INFO - Epoch(val) [1][  639/68645]    eta: 10:43:07  time: 0.4688  data_time: 0.0016  
2026/01/11 11:28:38 - mmengine - INFO - Epoch(val) [1][  640/68645]    eta: 10:43:00  time: 0.4782  data_time: 0.0016  
2026/01/11 11:28:39 - mmengine - INFO - Epoch(val) [1][  641/68645]    eta: 10:42:53  time: 0.4811  data_time: 0.0016  
2026/01/11 11:28:39 - mmengine - INFO - Epoch(val) [1][  642/68645]    eta: 10:42:54  time: 0.4991  data_time: 0.0016  
2026/01/11 11:28:40 - mmengine - INFO - Epoch(val) [1][  643/68645]    eta: 10:42:48  time: 0.5099  data_time: 0.0016  
2026/01/11 11:28:40 - mmengine - INFO - Epoch(val) [1][  644/68645]    eta: 10:42:49  time: 0.5272  data_time: 0.0016  
2026/01/11 11:28:41 - mmengine - INFO - Epoch(val) [1][  645/68645]    eta: 10:42:42  time: 0.5299  data_time: 0.0016  
2026/01/11 11:28:41 - mmengine - INFO - Epoch(val) [1][  646/68645]    eta: 10:42:45  time: 0.5494  data_time: 0.0016  
2026/01/11 11:28:42 - mmengine - INFO - Epoch(val) [1][  647/68645]    eta: 10:42:48  time: 0.5609  data_time: 0.0017  
2026/01/11 11:28:43 - mmengine - INFO - Epoch(val) [1][  648/68645]    eta: 10:42:43  time: 0.5501  data_time: 0.0017  
2026/01/11 11:28:43 - mmengine - INFO - Epoch(val) [1][  649/68645]    eta: 10:42:45  time: 0.5518  data_time: 0.0082  
2026/01/11 11:28:44 - mmengine - INFO - Epoch(val) [1][  650/68645]    eta: 10:42:48  time: 0.5607  data_time: 0.0153  
2026/01/11 11:28:44 - mmengine - INFO - Epoch(val) [1][  651/68645]    eta: 10:42:59  time: 0.5783  data_time: 0.0152  
2026/01/11 11:28:45 - mmengine - INFO - Epoch(val) [1][  652/68645]    eta: 10:42:53  time: 0.5713  data_time: 0.0152  
2026/01/11 11:28:46 - mmengine - INFO - Epoch(val) [1][  653/68645]    eta: 10:42:56  time: 0.5798  data_time: 0.0152  
2026/01/11 11:28:46 - mmengine - INFO - Epoch(val) [1][  654/68645]    eta: 10:42:58  time: 0.5809  data_time: 0.0156  
2026/01/11 11:28:47 - mmengine - INFO - Epoch(val) [1][  655/68645]    eta: 10:43:00  time: 0.5904  data_time: 0.0157  
2026/01/11 11:28:47 - mmengine - INFO - Epoch(val) [1][  656/68645]    eta: 10:43:03  time: 0.5899  data_time: 0.0158  
2026/01/11 11:28:48 - mmengine - INFO - Epoch(val) [1][  657/68645]    eta: 10:43:05  time: 0.5886  data_time: 0.0158  
2026/01/11 11:28:49 - mmengine - INFO - Epoch(val) [1][  658/68645]    eta: 10:43:00  time: 0.5895  data_time: 0.0158  
2026/01/11 11:28:49 - mmengine - INFO - Epoch(val) [1][  659/68645]    eta: 10:43:00  time: 0.5869  data_time: 0.0093  
2026/01/11 11:28:50 - mmengine - INFO - Epoch(val) [1][  660/68645]    eta: 10:42:45  time: 0.5708  data_time: 0.0023  
2026/01/11 11:28:50 - mmengine - INFO - Epoch(val) [1][  661/68645]    eta: 10:42:37  time: 0.5518  data_time: 0.0088  
2026/01/11 11:28:51 - mmengine - INFO - Epoch(val) [1][  662/68645]    eta: 10:42:39  time: 0.5587  data_time: 0.0088  
2026/01/11 11:28:51 - mmengine - INFO - Epoch(val) [1][  663/68645]    eta: 10:42:31  time: 0.5483  data_time: 0.0088  
2026/01/11 11:28:52 - mmengine - INFO - Epoch(val) [1][  664/68645]    eta: 10:42:25  time: 0.5405  data_time: 0.0084  
2026/01/11 11:28:52 - mmengine - INFO - Epoch(val) [1][  665/68645]    eta: 10:42:17  time: 0.5307  data_time: 0.0083  
2026/01/11 11:28:53 - mmengine - INFO - Epoch(val) [1][  666/68645]    eta: 10:42:10  time: 0.5216  data_time: 0.0083  
2026/01/11 11:28:53 - mmengine - INFO - Epoch(val) [1][  667/68645]    eta: 10:42:11  time: 0.5204  data_time: 0.0154  
2026/01/11 11:28:54 - mmengine - INFO - Epoch(val) [1][  668/68645]    eta: 10:42:06  time: 0.5196  data_time: 0.0154  
2026/01/11 11:28:54 - mmengine - INFO - Epoch(val) [1][  669/68645]    eta: 10:42:07  time: 0.5208  data_time: 0.0153  
2026/01/11 11:28:55 - mmengine - INFO - Epoch(val) [1][  670/68645]    eta: 10:42:02  time: 0.5297  data_time: 0.0153  
2026/01/11 11:28:55 - mmengine - INFO - Epoch(val) [1][  671/68645]    eta: 10:42:03  time: 0.5389  data_time: 0.0088  
2026/01/11 11:28:56 - mmengine - INFO - Epoch(val) [1][  672/68645]    eta: 10:42:35  time: 0.5695  data_time: 0.0088  
2026/01/11 11:28:57 - mmengine - INFO - Epoch(val) [1][  673/68645]    eta: 10:42:48  time: 0.5899  data_time: 0.0089  
2026/01/11 11:28:58 - mmengine - INFO - Epoch(val) [1][  674/68645]    eta: 10:42:43  time: 0.5903  data_time: 0.0089  
2026/01/11 11:28:58 - mmengine - INFO - Epoch(val) [1][  675/68645]    eta: 10:42:54  time: 0.6097  data_time: 0.0088  
2026/01/11 11:28:59 - mmengine - INFO - Epoch(val) [1][  676/68645]    eta: 10:42:57  time: 0.6192  data_time: 0.0088  
2026/01/11 11:28:59 - mmengine - INFO - Epoch(val) [1][  677/68645]    eta: 10:43:09  time: 0.6304  data_time: 0.0021  
2026/01/11 11:29:00 - mmengine - INFO - Epoch(val) [1][  678/68645]    eta: 10:43:11  time: 0.6378  data_time: 0.0021  
2026/01/11 11:29:01 - mmengine - INFO - Epoch(val) [1][  679/68645]    eta: 10:43:06  time: 0.6315  data_time: 0.0020  
2026/01/11 11:29:01 - mmengine - INFO - Epoch(val) [1][  680/68645]    eta: 10:43:08  time: 0.6385  data_time: 0.0026  
2026/01/11 11:29:02 - mmengine - INFO - Epoch(val) [1][  681/68645]    eta: 10:43:09  time: 0.6382  data_time: 0.0025  
2026/01/11 11:29:02 - mmengine - INFO - Epoch(val) [1][  682/68645]    eta: 10:43:03  time: 0.6013  data_time: 0.0026  
2026/01/11 11:29:03 - mmengine - INFO - Epoch(val) [1][  683/68645]    eta: 10:43:07  time: 0.5924  data_time: 0.0025  
2026/01/11 11:29:03 - mmengine - INFO - Epoch(val) [1][  684/68645]    eta: 10:43:08  time: 0.5986  data_time: 0.0090  
2026/01/11 11:29:04 - mmengine - INFO - Epoch(val) [1][  685/68645]    eta: 10:43:02  time: 0.5811  data_time: 0.0091  
2026/01/11 11:29:05 - mmengine - INFO - Epoch(val) [1][  686/68645]    eta: 10:43:03  time: 0.5793  data_time: 0.0091  
2026/01/11 11:29:05 - mmengine - INFO - Epoch(val) [1][  687/68645]    eta: 10:43:07  time: 0.5709  data_time: 0.0089  
2026/01/11 11:29:06 - mmengine - INFO - Epoch(val) [1][  688/68645]    eta: 10:43:07  time: 0.5694  data_time: 0.0089  
2026/01/11 11:29:06 - mmengine - INFO - Epoch(val) [1][  689/68645]    eta: 10:43:00  time: 0.5676  data_time: 0.0089  
2026/01/11 11:29:07 - mmengine - INFO - Epoch(val) [1][  690/68645]    eta: 10:42:55  time: 0.5603  data_time: 0.0082  
2026/01/11 11:29:07 - mmengine - INFO - Epoch(val) [1][  691/68645]    eta: 10:42:57  time: 0.5613  data_time: 0.0082  
2026/01/11 11:29:08 - mmengine - INFO - Epoch(val) [1][  692/68645]    eta: 10:42:59  time: 0.5686  data_time: 0.0082  
2026/01/11 11:29:08 - mmengine - INFO - Epoch(val) [1][  693/68645]    eta: 10:42:52  time: 0.5577  data_time: 0.0082  
2026/01/11 11:29:09 - mmengine - INFO - Epoch(val) [1][  694/68645]    eta: 10:42:46  time: 0.5509  data_time: 0.0017  
2026/01/11 11:29:10 - mmengine - INFO - Epoch(val) [1][  695/68645]    eta: 10:42:48  time: 0.5585  data_time: 0.0017  
2026/01/11 11:29:10 - mmengine - INFO - Epoch(val) [1][  696/68645]    eta: 10:42:41  time: 0.5506  data_time: 0.0017  
2026/01/11 11:29:11 - mmengine - INFO - Epoch(val) [1][  697/68645]    eta: 10:42:43  time: 0.5491  data_time: 0.0016  
2026/01/11 11:29:11 - mmengine - INFO - Epoch(val) [1][  698/68645]    eta: 10:42:45  time: 0.5508  data_time: 0.0016  
2026/01/11 11:29:12 - mmengine - INFO - Epoch(val) [1][  699/68645]    eta: 10:42:57  time: 0.5698  data_time: 0.0017  
2026/01/11 11:29:13 - mmengine - INFO - Epoch(val) [1][  700/68645]    eta: 10:43:18  time: 0.5978  data_time: 0.0018  
2026/01/11 11:29:13 - mmengine - INFO - Epoch(val) [1][  701/68645]    eta: 10:43:21  time: 0.5985  data_time: 0.0018  
2026/01/11 11:29:14 - mmengine - INFO - Epoch(val) [1][  702/68645]    eta: 10:43:15  time: 0.5906  data_time: 0.0018  
2026/01/11 11:29:15 - mmengine - INFO - Epoch(val) [1][  703/68645]    eta: 10:43:28  time: 0.6108  data_time: 0.0018  
2026/01/11 11:29:15 - mmengine - INFO - Epoch(val) [1][  704/68645]    eta: 10:43:28  time: 0.6177  data_time: 0.0019  
2026/01/11 11:29:16 - mmengine - INFO - Epoch(val) [1][  705/68645]    eta: 10:43:24  time: 0.6109  data_time: 0.0019  
2026/01/11 11:29:16 - mmengine - INFO - Epoch(val) [1][  706/68645]    eta: 10:43:26  time: 0.6199  data_time: 0.0018  
2026/01/11 11:29:17 - mmengine - INFO - Epoch(val) [1][  707/68645]    eta: 10:43:37  time: 0.6300  data_time: 0.0018  
2026/01/11 11:29:18 - mmengine - INFO - Epoch(val) [1][  708/68645]    eta: 10:43:39  time: 0.6300  data_time: 0.0018  
2026/01/11 11:29:18 - mmengine - INFO - Epoch(val) [1][  709/68645]    eta: 10:43:33  time: 0.6119  data_time: 0.0019  
2026/01/11 11:29:19 - mmengine - INFO - Epoch(val) [1][  710/68645]    eta: 10:43:33  time: 0.5898  data_time: 0.0018  
2026/01/11 11:29:19 - mmengine - INFO - Epoch(val) [1][  711/68645]    eta: 10:43:27  time: 0.5808  data_time: 0.0019  
2026/01/11 11:29:20 - mmengine - INFO - Epoch(val) [1][  712/68645]    eta: 10:43:20  time: 0.5793  data_time: 0.0019  
2026/01/11 11:29:20 - mmengine - INFO - Epoch(val) [1][  713/68645]    eta: 10:43:15  time: 0.5605  data_time: 0.0018  
2026/01/11 11:29:21 - mmengine - INFO - Epoch(val) [1][  714/68645]    eta: 10:43:15  time: 0.5603  data_time: 0.0018  
2026/01/11 11:29:21 - mmengine - INFO - Epoch(val) [1][  715/68645]    eta: 10:43:08  time: 0.5575  data_time: 0.0017  
2026/01/11 11:29:22 - mmengine - INFO - Epoch(val) [1][  716/68645]    eta: 10:42:54  time: 0.5407  data_time: 0.0017  
2026/01/11 11:29:22 - mmengine - INFO - Epoch(val) [1][  717/68645]    eta: 10:42:46  time: 0.5206  data_time: 0.0017  
2026/01/11 11:29:23 - mmengine - INFO - Epoch(val) [1][  718/68645]    eta: 10:42:38  time: 0.5102  data_time: 0.0017  
2026/01/11 11:29:23 - mmengine - INFO - Epoch(val) [1][  719/68645]    eta: 10:42:30  time: 0.5078  data_time: 0.0016  
2026/01/11 11:29:24 - mmengine - INFO - Epoch(val) [1][  720/68645]    eta: 10:42:15  time: 0.4917  data_time: 0.0016  
2026/01/11 11:29:24 - mmengine - INFO - Epoch(val) [1][  721/68645]    eta: 10:42:10  time: 0.4922  data_time: 0.0015  
2026/01/11 11:29:25 - mmengine - INFO - Epoch(val) [1][  722/68645]    eta: 10:42:02  time: 0.4917  data_time: 0.0015  
2026/01/11 11:29:25 - mmengine - INFO - Epoch(val) [1][  723/68645]    eta: 10:41:56  time: 0.4901  data_time: 0.0016  
2026/01/11 11:29:26 - mmengine - INFO - Epoch(val) [1][  724/68645]    eta: 10:41:49  time: 0.4825  data_time: 0.0016  
2026/01/11 11:29:26 - mmengine - INFO - Epoch(val) [1][  725/68645]    eta: 10:41:49  time: 0.4898  data_time: 0.0016  
2026/01/11 11:29:27 - mmengine - INFO - Epoch(val) [1][  726/68645]    eta: 10:41:43  time: 0.4982  data_time: 0.0017  
2026/01/11 11:29:27 - mmengine - INFO - Epoch(val) [1][  727/68645]    eta: 10:41:38  time: 0.5007  data_time: 0.0017  
2026/01/11 11:29:28 - mmengine - INFO - Epoch(val) [1][  728/68645]    eta: 10:41:39  time: 0.5105  data_time: 0.0018  
2026/01/11 11:29:28 - mmengine - INFO - Epoch(val) [1][  729/68645]    eta: 10:41:40  time: 0.5200  data_time: 0.0018  
2026/01/11 11:29:29 - mmengine - INFO - Epoch(val) [1][  730/68645]    eta: 10:41:34  time: 0.5291  data_time: 0.0019  
2026/01/11 11:29:29 - mmengine - INFO - Epoch(val) [1][  731/68645]    eta: 10:41:29  time: 0.5292  data_time: 0.0019  
2026/01/11 11:29:30 - mmengine - INFO - Epoch(val) [1][  732/68645]    eta: 10:41:31  time: 0.5390  data_time: 0.0024  
2026/01/11 11:29:31 - mmengine - INFO - Epoch(val) [1][  733/68645]    eta: 10:41:51  time: 0.5678  data_time: 0.0023  
2026/01/11 11:29:31 - mmengine - INFO - Epoch(val) [1][  734/68645]    eta: 10:41:55  time: 0.5795  data_time: 0.0024  
2026/01/11 11:29:32 - mmengine - INFO - Epoch(val) [1][  735/68645]    eta: 10:41:56  time: 0.5810  data_time: 0.0024  
2026/01/11 11:29:33 - mmengine - INFO - Epoch(val) [1][  736/68645]    eta: 10:41:59  time: 0.5899  data_time: 0.0024  
2026/01/11 11:29:33 - mmengine - INFO - Epoch(val) [1][  737/68645]    eta: 10:42:00  time: 0.5974  data_time: 0.0023  
2026/01/11 11:29:34 - mmengine - INFO - Epoch(val) [1][  738/68645]    eta: 10:41:55  time: 0.5904  data_time: 0.0023  
2026/01/11 11:29:34 - mmengine - INFO - Epoch(val) [1][  739/68645]    eta: 10:41:58  time: 0.5924  data_time: 0.0023  
2026/01/11 11:29:35 - mmengine - INFO - Epoch(val) [1][  740/68645]    eta: 10:42:00  time: 0.6008  data_time: 0.0028  
2026/01/11 11:29:35 - mmengine - INFO - Epoch(val) [1][  741/68645]    eta: 10:42:01  time: 0.6082  data_time: 0.0028  
2026/01/11 11:29:36 - mmengine - INFO - Epoch(val) [1][  742/68645]    eta: 10:41:56  time: 0.6005  data_time: 0.0023  
2026/01/11 11:29:37 - mmengine - INFO - Epoch(val) [1][  743/68645]    eta: 10:41:57  time: 0.5806  data_time: 0.0023  
2026/01/11 11:29:37 - mmengine - INFO - Epoch(val) [1][  744/68645]    eta: 10:42:00  time: 0.5791  data_time: 0.0023  
2026/01/11 11:29:38 - mmengine - INFO - Epoch(val) [1][  745/68645]    eta: 10:42:02  time: 0.5797  data_time: 0.0023  
2026/01/11 11:29:38 - mmengine - INFO - Epoch(val) [1][  746/68645]    eta: 10:42:03  time: 0.5788  data_time: 0.0023  
2026/01/11 11:29:39 - mmengine - INFO - Epoch(val) [1][  747/68645]    eta: 10:41:59  time: 0.5721  data_time: 0.0023  
2026/01/11 11:29:39 - mmengine - INFO - Epoch(val) [1][  748/68645]    eta: 10:42:01  time: 0.5795  data_time: 0.0028  
2026/01/11 11:29:40 - mmengine - INFO - Epoch(val) [1][  749/68645]    eta: 10:42:02  time: 0.5779  data_time: 0.0029  
2026/01/11 11:29:41 - mmengine - INFO - Epoch(val) [1][  750/68645]    eta: 10:41:55  time: 0.5688  data_time: 0.0024  
2026/01/11 11:29:41 - mmengine - INFO - Epoch(val) [1][  751/68645]    eta: 10:41:51  time: 0.5625  data_time: 0.0024  
2026/01/11 11:29:42 - mmengine - INFO - Epoch(val) [1][  752/68645]    eta: 10:41:52  time: 0.5690  data_time: 0.0087  
2026/01/11 11:29:42 - mmengine - INFO - Epoch(val) [1][  753/68645]    eta: 10:41:46  time: 0.5607  data_time: 0.0087  
2026/01/11 11:29:43 - mmengine - INFO - Epoch(val) [1][  754/68645]    eta: 10:41:47  time: 0.5585  data_time: 0.0086  
2026/01/11 11:29:43 - mmengine - INFO - Epoch(val) [1][  755/68645]    eta: 10:41:50  time: 0.5599  data_time: 0.0086  
2026/01/11 11:29:44 - mmengine - INFO - Epoch(val) [1][  756/68645]    eta: 10:41:52  time: 0.5608  data_time: 0.0087  
2026/01/11 11:29:45 - mmengine - INFO - Epoch(val) [1][  757/68645]    eta: 10:41:53  time: 0.5673  data_time: 0.0086  
2026/01/11 11:29:45 - mmengine - INFO - Epoch(val) [1][  758/68645]    eta: 10:41:48  time: 0.5598  data_time: 0.0081  
2026/01/11 11:29:46 - mmengine - INFO - Epoch(val) [1][  759/68645]    eta: 10:41:49  time: 0.5595  data_time: 0.0080  
2026/01/11 11:29:46 - mmengine - INFO - Epoch(val) [1][  760/68645]    eta: 10:41:46  time: 0.5627  data_time: 0.0080  
2026/01/11 11:29:47 - mmengine - INFO - Epoch(val) [1][  761/68645]    eta: 10:41:46  time: 0.5678  data_time: 0.0144  
2026/01/11 11:29:47 - mmengine - INFO - Epoch(val) [1][  762/68645]    eta: 10:41:47  time: 0.5686  data_time: 0.0081  
2026/01/11 11:29:48 - mmengine - INFO - Epoch(val) [1][  763/68645]    eta: 10:41:41  time: 0.5684  data_time: 0.0081  
2026/01/11 11:29:48 - mmengine - INFO - Epoch(val) [1][  764/68645]    eta: 10:41:44  time: 0.5702  data_time: 0.0082  
2026/01/11 11:29:49 - mmengine - INFO - Epoch(val) [1][  765/68645]    eta: 10:41:38  time: 0.5604  data_time: 0.0081  
2026/01/11 11:29:50 - mmengine - INFO - Epoch(val) [1][  766/68645]    eta: 10:41:39  time: 0.5596  data_time: 0.0081  
2026/01/11 11:29:50 - mmengine - INFO - Epoch(val) [1][  767/68645]    eta: 10:41:35  time: 0.5525  data_time: 0.0081  
2026/01/11 11:29:51 - mmengine - INFO - Epoch(val) [1][  768/68645]    eta: 10:41:36  time: 0.5600  data_time: 0.0086  
2026/01/11 11:29:51 - mmengine - INFO - Epoch(val) [1][  769/68645]    eta: 10:41:38  time: 0.5608  data_time: 0.0086  
2026/01/11 11:29:52 - mmengine - INFO - Epoch(val) [1][  770/68645]    eta: 10:41:32  time: 0.5586  data_time: 0.0087  
2026/01/11 11:29:52 - mmengine - INFO - Epoch(val) [1][  771/68645]    eta: 10:41:34  time: 0.5601  data_time: 0.0023  
2026/01/11 11:29:53 - mmengine - INFO - Epoch(val) [1][  772/68645]    eta: 10:41:29  time: 0.5528  data_time: 0.0022  
2026/01/11 11:29:54 - mmengine - INFO - Epoch(val) [1][  773/68645]    eta: 10:41:48  time: 0.5814  data_time: 0.0022  
2026/01/11 11:29:54 - mmengine - INFO - Epoch(val) [1][  774/68645]    eta: 10:41:51  time: 0.5826  data_time: 0.0022  
2026/01/11 11:29:55 - mmengine - INFO - Epoch(val) [1][  775/68645]    eta: 10:41:52  time: 0.5902  data_time: 0.0085  
2026/01/11 11:29:55 - mmengine - INFO - Epoch(val) [1][  776/68645]    eta: 10:41:54  time: 0.5900  data_time: 0.0085  
2026/01/11 11:29:56 - mmengine - INFO - Epoch(val) [1][  777/68645]    eta: 10:41:48  time: 0.5888  data_time: 0.0085  
2026/01/11 11:29:56 - mmengine - INFO - Epoch(val) [1][  778/68645]    eta: 10:41:42  time: 0.5801  data_time: 0.0081  
2026/01/11 11:29:57 - mmengine - INFO - Epoch(val) [1][  779/68645]    eta: 10:41:36  time: 0.5714  data_time: 0.0080  
2026/01/11 11:29:58 - mmengine - INFO - Epoch(val) [1][  780/68645]    eta: 10:41:37  time: 0.5788  data_time: 0.0080  
2026/01/11 11:29:58 - mmengine - INFO - Epoch(val) [1][  781/68645]    eta: 10:41:39  time: 0.5795  data_time: 0.0080  
2026/01/11 11:29:59 - mmengine - INFO - Epoch(val) [1][  782/68645]    eta: 10:41:34  time: 0.5801  data_time: 0.0080  
2026/01/11 11:29:59 - mmengine - INFO - Epoch(val) [1][  783/68645]    eta: 10:41:35  time: 0.5594  data_time: 0.0081  
2026/01/11 11:30:00 - mmengine - INFO - Epoch(val) [1][  784/68645]    eta: 10:41:36  time: 0.5565  data_time: 0.0080  
2026/01/11 11:30:00 - mmengine - INFO - Epoch(val) [1][  785/68645]    eta: 10:41:32  time: 0.5500  data_time: 0.0018  
2026/01/11 11:30:01 - mmengine - INFO - Epoch(val) [1][  786/68645]    eta: 10:41:32  time: 0.5490  data_time: 0.0018  
2026/01/11 11:30:01 - mmengine - INFO - Epoch(val) [1][  787/68645]    eta: 10:41:26  time: 0.5489  data_time: 0.0018  
2026/01/11 11:30:02 - mmengine - INFO - Epoch(val) [1][  788/68645]    eta: 10:41:21  time: 0.5499  data_time: 0.0019  
2026/01/11 11:30:03 - mmengine - INFO - Epoch(val) [1][  789/68645]    eta: 10:41:22  time: 0.5578  data_time: 0.0019  
2026/01/11 11:30:03 - mmengine - INFO - Epoch(val) [1][  790/68645]    eta: 10:41:25  time: 0.5597  data_time: 0.0019  
2026/01/11 11:30:04 - mmengine - INFO - Epoch(val) [1][  791/68645]    eta: 10:41:27  time: 0.5593  data_time: 0.0019  
2026/01/11 11:30:04 - mmengine - INFO - Epoch(val) [1][  792/68645]    eta: 10:41:14  time: 0.5496  data_time: 0.0019  
2026/01/11 11:30:05 - mmengine - INFO - Epoch(val) [1][  793/68645]    eta: 10:41:13  time: 0.5482  data_time: 0.0019  
2026/01/11 11:30:05 - mmengine - INFO - Epoch(val) [1][  794/68645]    eta: 10:41:01  time: 0.5332  data_time: 0.0019  
2026/01/11 11:30:06 - mmengine - INFO - Epoch(val) [1][  795/68645]    eta: 10:41:01  time: 0.5379  data_time: 0.0019  
2026/01/11 11:30:06 - mmengine - INFO - Epoch(val) [1][  796/68645]    eta: 10:40:56  time: 0.5317  data_time: 0.0019  
2026/01/11 11:30:07 - mmengine - INFO - Epoch(val) [1][  797/68645]    eta: 10:40:57  time: 0.5394  data_time: 0.0019  
2026/01/11 11:30:07 - mmengine - INFO - Epoch(val) [1][  798/68645]    eta: 10:40:59  time: 0.5480  data_time: 0.0018  
2026/01/11 11:30:08 - mmengine - INFO - Epoch(val) [1][  799/68645]    eta: 10:41:02  time: 0.5496  data_time: 0.0019  
2026/01/11 11:30:09 - mmengine - INFO - Epoch(val) [1][  800/68645]    eta: 10:40:56  time: 0.5404  data_time: 0.0018  
2026/01/11 11:30:09 - mmengine - INFO - Epoch(val) [1][  801/68645]    eta: 10:40:51  time: 0.5315  data_time: 0.0019  
2026/01/11 11:30:10 - mmengine - INFO - Epoch(val) [1][  802/68645]    eta: 10:40:51  time: 0.5474  data_time: 0.0019  
2026/01/11 11:30:10 - mmengine - INFO - Epoch(val) [1][  803/68645]    eta: 10:40:46  time: 0.5415  data_time: 0.0019  
2026/01/11 11:30:11 - mmengine - INFO - Epoch(val) [1][  804/68645]    eta: 10:40:40  time: 0.5486  data_time: 0.0019  
2026/01/11 11:30:11 - mmengine - INFO - Epoch(val) [1][  805/68645]    eta: 10:40:41  time: 0.5501  data_time: 0.0020  
2026/01/11 11:30:12 - mmengine - INFO - Epoch(val) [1][  806/68645]    eta: 10:40:38  time: 0.5515  data_time: 0.0019  
2026/01/11 11:30:12 - mmengine - INFO - Epoch(val) [1][  807/68645]    eta: 10:40:38  time: 0.5511  data_time: 0.0083  
2026/01/11 11:30:13 - mmengine - INFO - Epoch(val) [1][  808/68645]    eta: 10:40:32  time: 0.5417  data_time: 0.0084  
2026/01/11 11:30:13 - mmengine - INFO - Epoch(val) [1][  809/68645]    eta: 10:40:34  time: 0.5408  data_time: 0.0083  
2026/01/11 11:30:14 - mmengine - INFO - Epoch(val) [1][  810/68645]    eta: 10:40:29  time: 0.5410  data_time: 0.0083  
2026/01/11 11:30:15 - mmengine - INFO - Epoch(val) [1][  811/68645]    eta: 10:40:30  time: 0.5486  data_time: 0.0083  
2026/01/11 11:30:15 - mmengine - INFO - Epoch(val) [1][  812/68645]    eta: 10:40:25  time: 0.5421  data_time: 0.0082  
2026/01/11 11:30:16 - mmengine - INFO - Epoch(val) [1][  813/68645]    eta: 10:40:43  time: 0.5693  data_time: 0.0083  
2026/01/11 11:30:16 - mmengine - INFO - Epoch(val) [1][  814/68645]    eta: 10:40:44  time: 0.5781  data_time: 0.0083  
2026/01/11 11:30:17 - mmengine - INFO - Epoch(val) [1][  815/68645]    eta: 10:40:47  time: 0.5800  data_time: 0.0083  
2026/01/11 11:30:18 - mmengine - INFO - Epoch(val) [1][  816/68645]    eta: 10:40:48  time: 0.5865  data_time: 0.0083  
2026/01/11 11:30:18 - mmengine - INFO - Epoch(val) [1][  817/68645]    eta: 10:40:43  time: 0.5800  data_time: 0.0019  
2026/01/11 11:30:19 - mmengine - INFO - Epoch(val) [1][  818/68645]    eta: 10:40:45  time: 0.5886  data_time: 0.0019  
2026/01/11 11:30:19 - mmengine - INFO - Epoch(val) [1][  819/68645]    eta: 10:40:41  time: 0.5812  data_time: 0.0019  
2026/01/11 11:30:20 - mmengine - INFO - Epoch(val) [1][  820/68645]    eta: 10:40:41  time: 0.5881  data_time: 0.0023  
2026/01/11 11:30:20 - mmengine - INFO - Epoch(val) [1][  821/68645]    eta: 10:40:37  time: 0.5823  data_time: 0.0030  
2026/01/11 11:30:21 - mmengine - INFO - Epoch(val) [1][  822/68645]    eta: 10:40:37  time: 0.5881  data_time: 0.0095  
2026/01/11 11:30:21 - mmengine - INFO - Epoch(val) [1][  823/68645]    eta: 10:40:32  time: 0.5612  data_time: 0.0094  
2026/01/11 11:30:22 - mmengine - INFO - Epoch(val) [1][  824/68645]    eta: 10:40:33  time: 0.5596  data_time: 0.0094  
2026/01/11 11:30:23 - mmengine - INFO - Epoch(val) [1][  825/68645]    eta: 10:40:43  time: 0.5697  data_time: 0.0094  
2026/01/11 11:30:24 - mmengine - INFO - Epoch(val) [1][  826/68645]    eta: 10:41:03  time: 0.5917  data_time: 0.0094  
2026/01/11 11:30:24 - mmengine - INFO - Epoch(val) [1][  827/68645]    eta: 10:41:05  time: 0.5995  data_time: 0.0094  
2026/01/11 11:30:25 - mmengine - INFO - Epoch(val) [1][  828/68645]    eta: 10:41:00  time: 0.5916  data_time: 0.0094  
2026/01/11 11:30:25 - mmengine - INFO - Epoch(val) [1][  829/68645]    eta: 10:41:02  time: 0.5993  data_time: 0.0093  
2026/01/11 11:30:26 - mmengine - INFO - Epoch(val) [1][  830/68645]    eta: 10:41:04  time: 0.6012  data_time: 0.0088  
2026/01/11 11:30:26 - mmengine - INFO - Epoch(val) [1][  831/68645]    eta: 10:40:57  time: 0.5982  data_time: 0.0081  
2026/01/11 11:30:27 - mmengine - INFO - Epoch(val) [1][  832/68645]    eta: 10:40:51  time: 0.5909  data_time: 0.0016  
2026/01/11 11:30:27 - mmengine - INFO - Epoch(val) [1][  833/68645]    eta: 10:40:45  time: 0.5895  data_time: 0.0017  
2026/01/11 11:30:28 - mmengine - INFO - Epoch(val) [1][  834/68645]    eta: 10:40:46  time: 0.5902  data_time: 0.0017  
2026/01/11 11:30:28 - mmengine - INFO - Epoch(val) [1][  835/68645]    eta: 10:40:41  time: 0.5714  data_time: 0.0017  
2026/01/11 11:30:29 - mmengine - INFO - Epoch(val) [1][  836/68645]    eta: 10:40:43  time: 0.5492  data_time: 0.0016  
2026/01/11 11:30:30 - mmengine - INFO - Epoch(val) [1][  837/68645]    eta: 10:40:45  time: 0.5500  data_time: 0.0016  
2026/01/11 11:30:30 - mmengine - INFO - Epoch(val) [1][  838/68645]    eta: 10:40:41  time: 0.5505  data_time: 0.0016  
2026/01/11 11:30:31 - mmengine - INFO - Epoch(val) [1][  839/68645]    eta: 10:40:42  time: 0.5500  data_time: 0.0017  
2026/01/11 11:30:31 - mmengine - INFO - Epoch(val) [1][  840/68645]    eta: 10:40:44  time: 0.5496  data_time: 0.0018  
2026/01/11 11:30:32 - mmengine - INFO - Epoch(val) [1][  841/68645]    eta: 10:40:45  time: 0.5586  data_time: 0.0018  
2026/01/11 11:30:33 - mmengine - INFO - Epoch(val) [1][  842/68645]    eta: 10:40:47  time: 0.5683  data_time: 0.0020  
2026/01/11 11:30:33 - mmengine - INFO - Epoch(val) [1][  843/68645]    eta: 10:40:42  time: 0.5700  data_time: 0.0020  
2026/01/11 11:30:34 - mmengine - INFO - Epoch(val) [1][  844/68645]    eta: 10:40:51  time: 0.5804  data_time: 0.0020  
2026/01/11 11:30:34 - mmengine - INFO - Epoch(val) [1][  845/68645]    eta: 10:40:46  time: 0.5802  data_time: 0.0019  
2026/01/11 11:30:35 - mmengine - INFO - Epoch(val) [1][  846/68645]    eta: 10:40:48  time: 0.5798  data_time: 0.0019  
2026/01/11 11:30:35 - mmengine - INFO - Epoch(val) [1][  847/68645]    eta: 10:40:50  time: 0.5800  data_time: 0.0019  
2026/01/11 11:30:36 - mmengine - INFO - Epoch(val) [1][  848/68645]    eta: 10:40:45  time: 0.5790  data_time: 0.0019  
2026/01/11 11:30:37 - mmengine - INFO - Epoch(val) [1][  849/68645]    eta: 10:40:45  time: 0.5777  data_time: 0.0018  
2026/01/11 11:30:37 - mmengine - INFO - Epoch(val) [1][  850/68645]    eta: 10:40:39  time: 0.5683  data_time: 0.0017  
2026/01/11 11:30:38 - mmengine - INFO - Epoch(val) [1][  851/68645]    eta: 10:40:34  time: 0.5603  data_time: 0.0018  
2026/01/11 11:30:38 - mmengine - INFO - Epoch(val) [1][  852/68645]    eta: 10:40:28  time: 0.5506  data_time: 0.0016  
2026/01/11 11:30:39 - mmengine - INFO - Epoch(val) [1][  853/68645]    eta: 10:40:23  time: 0.5502  data_time: 0.0018  
2026/01/11 11:30:39 - mmengine - INFO - Epoch(val) [1][  854/68645]    eta: 10:40:33  time: 0.5506  data_time: 0.0019  
2026/01/11 11:30:40 - mmengine - INFO - Epoch(val) [1][  855/68645]    eta: 10:40:51  time: 0.5799  data_time: 0.0019  
2026/01/11 11:30:41 - mmengine - INFO - Epoch(val) [1][  856/68645]    eta: 10:40:53  time: 0.5809  data_time: 0.0019  
2026/01/11 11:30:41 - mmengine - INFO - Epoch(val) [1][  857/68645]    eta: 10:40:54  time: 0.5793  data_time: 0.0020  
2026/01/11 11:30:42 - mmengine - INFO - Epoch(val) [1][  858/68645]    eta: 10:40:48  time: 0.5789  data_time: 0.0020  
2026/01/11 11:30:42 - mmengine - INFO - Epoch(val) [1][  859/68645]    eta: 10:40:44  time: 0.5730  data_time: 0.0020  
2026/01/11 11:30:43 - mmengine - INFO - Epoch(val) [1][  860/68645]    eta: 10:40:44  time: 0.5805  data_time: 0.0087  
2026/01/11 11:30:43 - mmengine - INFO - Epoch(val) [1][  861/68645]    eta: 10:40:40  time: 0.5819  data_time: 0.0086  
2026/01/11 11:30:44 - mmengine - INFO - Epoch(val) [1][  862/68645]    eta: 10:40:40  time: 0.5899  data_time: 0.0086  
2026/01/11 11:30:44 - mmengine - INFO - Epoch(val) [1][  863/68645]    eta: 10:40:35  time: 0.5897  data_time: 0.0085  
2026/01/11 11:30:45 - mmengine - INFO - Epoch(val) [1][  864/68645]    eta: 10:40:36  time: 0.5790  data_time: 0.0085  
2026/01/11 11:30:46 - mmengine - INFO - Epoch(val) [1][  865/68645]    eta: 10:40:38  time: 0.5585  data_time: 0.0085  
2026/01/11 11:30:46 - mmengine - INFO - Epoch(val) [1][  866/68645]    eta: 10:40:40  time: 0.5584  data_time: 0.0084  
2026/01/11 11:30:47 - mmengine - INFO - Epoch(val) [1][  867/68645]    eta: 10:40:42  time: 0.5594  data_time: 0.0084  
2026/01/11 11:30:47 - mmengine - INFO - Epoch(val) [1][  868/68645]    eta: 10:40:39  time: 0.5623  data_time: 0.0084  
2026/01/11 11:30:48 - mmengine - INFO - Epoch(val) [1][  869/68645]    eta: 10:40:39  time: 0.5683  data_time: 0.0148  
2026/01/11 11:30:49 - mmengine - INFO - Epoch(val) [1][  870/68645]    eta: 10:40:35  time: 0.5625  data_time: 0.0082  
2026/01/11 11:30:49 - mmengine - INFO - Epoch(val) [1][  871/68645]    eta: 10:40:36  time: 0.5694  data_time: 0.0147  
2026/01/11 11:30:50 - mmengine - INFO - Epoch(val) [1][  872/68645]    eta: 10:40:37  time: 0.5696  data_time: 0.0146  
2026/01/11 11:30:50 - mmengine - INFO - Epoch(val) [1][  873/68645]    eta: 10:40:32  time: 0.5705  data_time: 0.0147  
2026/01/11 11:30:51 - mmengine - INFO - Epoch(val) [1][  874/68645]    eta: 10:40:33  time: 0.5706  data_time: 0.0147  
2026/01/11 11:30:51 - mmengine - INFO - Epoch(val) [1][  875/68645]    eta: 10:40:36  time: 0.5717  data_time: 0.0147  
2026/01/11 11:30:52 - mmengine - INFO - Epoch(val) [1][  876/68645]    eta: 10:40:30  time: 0.5616  data_time: 0.0148  
2026/01/11 11:30:52 - mmengine - INFO - Epoch(val) [1][  877/68645]    eta: 10:40:31  time: 0.5611  data_time: 0.0148  
2026/01/11 11:30:53 - mmengine - INFO - Epoch(val) [1][  878/68645]    eta: 10:40:26  time: 0.5586  data_time: 0.0149  
2026/01/11 11:30:54 - mmengine - INFO - Epoch(val) [1][  879/68645]    eta: 10:40:22  time: 0.5517  data_time: 0.0085  
2026/01/11 11:30:54 - mmengine - INFO - Epoch(val) [1][  880/68645]    eta: 10:40:21  time: 0.5567  data_time: 0.0149  
2026/01/11 11:30:55 - mmengine - INFO - Epoch(val) [1][  881/68645]    eta: 10:40:16  time: 0.5480  data_time: 0.0085  
2026/01/11 11:30:55 - mmengine - INFO - Epoch(val) [1][  882/68645]    eta: 10:40:10  time: 0.5394  data_time: 0.0085  
2026/01/11 11:30:56 - mmengine - INFO - Epoch(val) [1][  883/68645]    eta: 10:40:05  time: 0.5384  data_time: 0.0084  
2026/01/11 11:30:56 - mmengine - INFO - Epoch(val) [1][  884/68645]    eta: 10:40:00  time: 0.5303  data_time: 0.0084  
2026/01/11 11:30:57 - mmengine - INFO - Epoch(val) [1][  885/68645]    eta: 10:39:55  time: 0.5203  data_time: 0.0084  
2026/01/11 11:30:57 - mmengine - INFO - Epoch(val) [1][  886/68645]    eta: 10:39:49  time: 0.5205  data_time: 0.0083  
2026/01/11 11:30:58 - mmengine - INFO - Epoch(val) [1][  887/68645]    eta: 10:39:44  time: 0.5119  data_time: 0.0083  
2026/01/11 11:30:58 - mmengine - INFO - Epoch(val) [1][  888/68645]    eta: 10:39:43  time: 0.5178  data_time: 0.0148  
2026/01/11 11:30:59 - mmengine - INFO - Epoch(val) [1][  889/68645]    eta: 10:39:46  time: 0.5283  data_time: 0.0148  
2026/01/11 11:30:59 - mmengine - INFO - Epoch(val) [1][  890/68645]    eta: 10:39:41  time: 0.5222  data_time: 0.0084  
2026/01/11 11:31:00 - mmengine - INFO - Epoch(val) [1][  891/68645]    eta: 10:39:57  time: 0.5496  data_time: 0.0083  
2026/01/11 11:31:01 - mmengine - INFO - Epoch(val) [1][  892/68645]    eta: 10:39:59  time: 0.5600  data_time: 0.0084  
2026/01/11 11:31:01 - mmengine - INFO - Epoch(val) [1][  893/68645]    eta: 10:39:54  time: 0.5594  data_time: 0.0084  
2026/01/11 11:31:02 - mmengine - INFO - Epoch(val) [1][  894/68645]    eta: 10:39:48  time: 0.5585  data_time: 0.0091  
2026/01/11 11:31:02 - mmengine - INFO - Epoch(val) [1][  895/68645]    eta: 10:39:43  time: 0.5593  data_time: 0.0093  
2026/01/11 11:31:03 - mmengine - INFO - Epoch(val) [1][  896/68645]    eta: 10:39:45  time: 0.5682  data_time: 0.0093  
2026/01/11 11:31:03 - mmengine - INFO - Epoch(val) [1][  897/68645]    eta: 10:39:40  time: 0.5689  data_time: 0.0093  
2026/01/11 11:31:04 - mmengine - INFO - Epoch(val) [1][  898/68645]    eta: 10:39:35  time: 0.5632  data_time: 0.0027  
2026/01/11 11:31:04 - mmengine - INFO - Epoch(val) [1][  899/68645]    eta: 10:39:34  time: 0.5582  data_time: 0.0094  
2026/01/11 11:31:05 - mmengine - INFO - Epoch(val) [1][  900/68645]    eta: 10:39:24  time: 0.5507  data_time: 0.0094  
2026/01/11 11:31:05 - mmengine - INFO - Epoch(val) [1][  901/68645]    eta: 10:39:25  time: 0.5314  data_time: 0.0094  
2026/01/11 11:31:06 - mmengine - INFO - Epoch(val) [1][  902/68645]    eta: 10:39:18  time: 0.5200  data_time: 0.0093  
2026/01/11 11:31:06 - mmengine - INFO - Epoch(val) [1][  903/68645]    eta: 10:39:07  time: 0.5117  data_time: 0.0092  
2026/01/11 11:31:07 - mmengine - INFO - Epoch(val) [1][  904/68645]    eta: 10:39:00  time: 0.5112  data_time: 0.0085  
2026/01/11 11:31:07 - mmengine - INFO - Epoch(val) [1][  905/68645]    eta: 10:38:55  time: 0.5089  data_time: 0.0084  
2026/01/11 11:31:08 - mmengine - INFO - Epoch(val) [1][  906/68645]    eta: 10:38:43  time: 0.4911  data_time: 0.0084  
2026/01/11 11:31:08 - mmengine - INFO - Epoch(val) [1][  907/68645]    eta: 10:38:30  time: 0.4807  data_time: 0.0085  
2026/01/11 11:31:09 - mmengine - INFO - Epoch(val) [1][  908/68645]    eta: 10:38:23  time: 0.4772  data_time: 0.0085  
2026/01/11 11:31:09 - mmengine - INFO - Epoch(val) [1][  909/68645]    eta: 10:38:10  time: 0.4609  data_time: 0.0018  
2026/01/11 11:31:09 - mmengine - INFO - Epoch(val) [1][  910/68645]    eta: 10:37:58  time: 0.4585  data_time: 0.0018  
2026/01/11 11:31:10 - mmengine - INFO - Epoch(val) [1][  911/68645]    eta: 10:37:46  time: 0.4411  data_time: 0.0018  
2026/01/11 11:31:10 - mmengine - INFO - Epoch(val) [1][  912/68645]    eta: 10:37:41  time: 0.4439  data_time: 0.0018  
2026/01/11 11:31:11 - mmengine - INFO - Epoch(val) [1][  913/68645]    eta: 10:37:34  time: 0.4493  data_time: 0.0075  
2026/01/11 11:31:11 - mmengine - INFO - Epoch(val) [1][  914/68645]    eta: 10:37:28  time: 0.4487  data_time: 0.0076  
2026/01/11 11:31:12 - mmengine - INFO - Epoch(val) [1][  915/68645]    eta: 10:37:16  time: 0.4402  data_time: 0.0076  
2026/01/11 11:31:12 - mmengine - INFO - Epoch(val) [1][  916/68645]    eta: 10:37:10  time: 0.4486  data_time: 0.0075  
2026/01/11 11:31:13 - mmengine - INFO - Epoch(val) [1][  917/68645]    eta: 10:36:58  time: 0.4487  data_time: 0.0075  
2026/01/11 11:31:13 - mmengine - INFO - Epoch(val) [1][  918/68645]    eta: 10:36:46  time: 0.4419  data_time: 0.0075  
2026/01/11 11:31:13 - mmengine - INFO - Epoch(val) [1][  919/68645]    eta: 10:36:40  time: 0.4501  data_time: 0.0075  
2026/01/11 11:31:14 - mmengine - INFO - Epoch(val) [1][  920/68645]    eta: 10:36:28  time: 0.4508  data_time: 0.0075  
2026/01/11 11:31:14 - mmengine - INFO - Epoch(val) [1][  921/68645]    eta: 10:36:23  time: 0.4600  data_time: 0.0076  
2026/01/11 11:31:15 - mmengine - INFO - Epoch(val) [1][  922/68645]    eta: 10:36:16  time: 0.4562  data_time: 0.0076  
2026/01/11 11:31:15 - mmengine - INFO - Epoch(val) [1][  923/68645]    eta: 10:36:04  time: 0.4497  data_time: 0.0019  
2026/01/11 11:31:16 - mmengine - INFO - Epoch(val) [1][  924/68645]    eta: 10:35:52  time: 0.4422  data_time: 0.0018  
2026/01/11 11:31:16 - mmengine - INFO - Epoch(val) [1][  925/68645]    eta: 10:35:41  time: 0.4420  data_time: 0.0018  
2026/01/11 11:31:17 - mmengine - INFO - Epoch(val) [1][  926/68645]    eta: 10:35:34  time: 0.4399  data_time: 0.0018  
2026/01/11 11:31:17 - mmengine - INFO - Epoch(val) [1][  927/68645]    eta: 10:35:29  time: 0.4509  data_time: 0.0018  
2026/01/11 11:31:18 - mmengine - INFO - Epoch(val) [1][  928/68645]    eta: 10:35:38  time: 0.4787  data_time: 0.0017  
2026/01/11 11:31:18 - mmengine - INFO - Epoch(val) [1][  929/68645]    eta: 10:35:27  time: 0.4719  data_time: 0.0017  
2026/01/11 11:31:19 - mmengine - INFO - Epoch(val) [1][  930/68645]    eta: 10:35:20  time: 0.4783  data_time: 0.0017  
2026/01/11 11:31:19 - mmengine - INFO - Epoch(val) [1][  931/68645]    eta: 10:35:15  time: 0.4782  data_time: 0.0016  
2026/01/11 11:31:20 - mmengine - INFO - Epoch(val) [1][  932/68645]    eta: 10:35:04  time: 0.4724  data_time: 0.0016  
2026/01/11 11:31:20 - mmengine - INFO - Epoch(val) [1][  933/68645]    eta: 10:34:59  time: 0.4809  data_time: 0.0016  
2026/01/11 11:31:21 - mmengine - INFO - Epoch(val) [1][  934/68645]    eta: 10:34:53  time: 0.4894  data_time: 0.0016  
2026/01/11 11:31:21 - mmengine - INFO - Epoch(val) [1][  935/68645]    eta: 10:34:48  time: 0.4981  data_time: 0.0017  
2026/01/11 11:31:22 - mmengine - INFO - Epoch(val) [1][  936/68645]    eta: 10:34:41  time: 0.4987  data_time: 0.0018  
2026/01/11 11:31:22 - mmengine - INFO - Epoch(val) [1][  937/68645]    eta: 10:34:36  time: 0.4972  data_time: 0.0017  
2026/01/11 11:31:22 - mmengine - INFO - Epoch(val) [1][  938/68645]    eta: 10:34:25  time: 0.4706  data_time: 0.0017  
2026/01/11 11:31:23 - mmengine - INFO - Epoch(val) [1][  939/68645]    eta: 10:34:15  time: 0.4708  data_time: 0.0017  
2026/01/11 11:31:23 - mmengine - INFO - Epoch(val) [1][  940/68645]    eta: 10:34:08  time: 0.4703  data_time: 0.0074  
2026/01/11 11:31:24 - mmengine - INFO - Epoch(val) [1][  941/68645]    eta: 10:33:56  time: 0.4613  data_time: 0.0073  
2026/01/11 11:31:24 - mmengine - INFO - Epoch(val) [1][  942/68645]    eta: 10:33:50  time: 0.4681  data_time: 0.0073  
2026/01/11 11:31:25 - mmengine - INFO - Epoch(val) [1][  943/68645]    eta: 10:33:39  time: 0.4601  data_time: 0.0073  
2026/01/11 11:31:25 - mmengine - INFO - Epoch(val) [1][  944/68645]    eta: 10:33:33  time: 0.4583  data_time: 0.0073  
2026/01/11 11:31:26 - mmengine - INFO - Epoch(val) [1][  945/68645]    eta: 10:33:21  time: 0.4497  data_time: 0.0073  
2026/01/11 11:31:26 - mmengine - INFO - Epoch(val) [1][  946/68645]    eta: 10:33:16  time: 0.4506  data_time: 0.0072  
2026/01/11 11:31:27 - mmengine - INFO - Epoch(val) [1][  947/68645]    eta: 10:33:11  time: 0.4505  data_time: 0.0073  
2026/01/11 11:31:27 - mmengine - INFO - Epoch(val) [1][  948/68645]    eta: 10:33:00  time: 0.4507  data_time: 0.0073  
2026/01/11 11:31:27 - mmengine - INFO - Epoch(val) [1][  949/68645]    eta: 10:32:54  time: 0.4563  data_time: 0.0073  
2026/01/11 11:31:28 - mmengine - INFO - Epoch(val) [1][  950/68645]    eta: 10:32:43  time: 0.4506  data_time: 0.0017  
2026/01/11 11:31:28 - mmengine - INFO - Epoch(val) [1][  951/68645]    eta: 10:32:39  time: 0.4604  data_time: 0.0017  
2026/01/11 11:31:29 - mmengine - INFO - Epoch(val) [1][  952/68645]    eta: 10:32:32  time: 0.4600  data_time: 0.0017  
2026/01/11 11:31:29 - mmengine - INFO - Epoch(val) [1][  953/68645]    eta: 10:32:21  time: 0.4596  data_time: 0.0017  
2026/01/11 11:31:30 - mmengine - INFO - Epoch(val) [1][  954/68645]    eta: 10:32:15  time: 0.4601  data_time: 0.0016  
2026/01/11 11:31:30 - mmengine - INFO - Epoch(val) [1][  955/68645]    eta: 10:32:05  time: 0.4609  data_time: 0.0017  
2026/01/11 11:31:31 - mmengine - INFO - Epoch(val) [1][  956/68645]    eta: 10:31:59  time: 0.4603  data_time: 0.0017  
2026/01/11 11:31:31 - mmengine - INFO - Epoch(val) [1][  957/68645]    eta: 10:31:48  time: 0.4523  data_time: 0.0016  
2026/01/11 11:31:32 - mmengine - INFO - Epoch(val) [1][  958/68645]    eta: 10:31:42  time: 0.4581  data_time: 0.0017  
2026/01/11 11:31:32 - mmengine - INFO - Epoch(val) [1][  959/68645]    eta: 10:31:31  time: 0.4523  data_time: 0.0017  
2026/01/11 11:31:32 - mmengine - INFO - Epoch(val) [1][  960/68645]    eta: 10:31:25  time: 0.4585  data_time: 0.0017  
2026/01/11 11:31:33 - mmengine - INFO - Epoch(val) [1][  961/68645]    eta: 10:31:21  time: 0.4579  data_time: 0.0017  
2026/01/11 11:31:33 - mmengine - INFO - Epoch(val) [1][  962/68645]    eta: 10:31:10  time: 0.4515  data_time: 0.0017  
2026/01/11 11:31:34 - mmengine - INFO - Epoch(val) [1][  963/68645]    eta: 10:31:04  time: 0.4582  data_time: 0.0018  
2026/01/11 11:31:34 - mmengine - INFO - Epoch(val) [1][  964/68645]    eta: 10:30:53  time: 0.4517  data_time: 0.0018  
2026/01/11 11:31:35 - mmengine - INFO - Epoch(val) [1][  965/68645]    eta: 10:30:47  time: 0.4584  data_time: 0.0017  
2026/01/11 11:31:35 - mmengine - INFO - Epoch(val) [1][  966/68645]    eta: 10:30:43  time: 0.4606  data_time: 0.0017  
2026/01/11 11:31:36 - mmengine - INFO - Epoch(val) [1][  967/68645]    eta: 10:30:37  time: 0.4669  data_time: 0.0017  
2026/01/11 11:31:36 - mmengine - INFO - Epoch(val) [1][  968/68645]    eta: 10:30:42  time: 0.4819  data_time: 0.0017  
2026/01/11 11:31:37 - mmengine - INFO - Epoch(val) [1][  969/68645]    eta: 10:30:43  time: 0.4987  data_time: 0.0018  
2026/01/11 11:31:37 - mmengine - INFO - Epoch(val) [1][  970/68645]    eta: 10:30:38  time: 0.5006  data_time: 0.0018  
2026/01/11 11:31:38 - mmengine - INFO - Epoch(val) [1][  971/68645]    eta: 10:30:27  time: 0.4916  data_time: 0.0019  
2026/01/11 11:31:38 - mmengine - INFO - Epoch(val) [1][  972/68645]    eta: 10:30:24  time: 0.5016  data_time: 0.0019  
2026/01/11 11:31:39 - mmengine - INFO - Epoch(val) [1][  973/68645]    eta: 10:30:18  time: 0.5019  data_time: 0.0071  
2026/01/11 11:31:39 - mmengine - INFO - Epoch(val) [1][  974/68645]    eta: 10:30:12  time: 0.5082  data_time: 0.0071  
2026/01/11 11:31:40 - mmengine - INFO - Epoch(val) [1][  975/68645]    eta: 10:30:02  time: 0.5016  data_time: 0.0071  
2026/01/11 11:31:40 - mmengine - INFO - Epoch(val) [1][  976/68645]    eta: 10:29:55  time: 0.4984  data_time: 0.0071  
2026/01/11 11:31:41 - mmengine - INFO - Epoch(val) [1][  977/68645]    eta: 10:29:45  time: 0.4916  data_time: 0.0070  
2026/01/11 11:31:41 - mmengine - INFO - Epoch(val) [1][  978/68645]    eta: 10:29:34  time: 0.4697  data_time: 0.0070  
2026/01/11 11:31:42 - mmengine - INFO - Epoch(val) [1][  979/68645]    eta: 10:29:28  time: 0.4584  data_time: 0.0068  
2026/01/11 11:31:42 - mmengine - INFO - Epoch(val) [1][  980/68645]    eta: 10:29:18  time: 0.4504  data_time: 0.0068  
2026/01/11 11:31:42 - mmengine - INFO - Epoch(val) [1][  981/68645]    eta: 10:29:07  time: 0.4510  data_time: 0.0068  
2026/01/11 11:31:43 - mmengine - INFO - Epoch(val) [1][  982/68645]    eta: 10:29:01  time: 0.4460  data_time: 0.0126  
2026/01/11 11:31:43 - mmengine - INFO - Epoch(val) [1][  983/68645]    eta: 10:28:50  time: 0.4387  data_time: 0.0073  
2026/01/11 11:31:44 - mmengine - INFO - Epoch(val) [1][  984/68645]    eta: 10:28:39  time: 0.4317  data_time: 0.0073  
2026/01/11 11:31:44 - mmengine - INFO - Epoch(val) [1][  985/68645]    eta: 10:28:33  time: 0.4378  data_time: 0.0073  
2026/01/11 11:31:45 - mmengine - INFO - Epoch(val) [1][  986/68645]    eta: 10:28:24  time: 0.4327  data_time: 0.0075  
2026/01/11 11:31:45 - mmengine - INFO - Epoch(val) [1][  987/68645]    eta: 10:28:17  time: 0.4390  data_time: 0.0075  
2026/01/11 11:31:45 - mmengine - INFO - Epoch(val) [1][  988/68645]    eta: 10:28:07  time: 0.4388  data_time: 0.0075  
2026/01/11 11:31:46 - mmengine - INFO - Epoch(val) [1][  989/68645]    eta: 10:27:56  time: 0.4325  data_time: 0.0075  
2026/01/11 11:31:46 - mmengine - INFO - Epoch(val) [1][  990/68645]    eta: 10:27:50  time: 0.4384  data_time: 0.0075  
2026/01/11 11:31:47 - mmengine - INFO - Epoch(val) [1][  991/68645]    eta: 10:27:40  time: 0.4383  data_time: 0.0075  
2026/01/11 11:31:47 - mmengine - INFO - Epoch(val) [1][  992/68645]    eta: 10:27:34  time: 0.4393  data_time: 0.0017  
2026/01/11 11:31:48 - mmengine - INFO - Epoch(val) [1][  993/68645]    eta: 10:27:24  time: 0.4392  data_time: 0.0017  
2026/01/11 11:31:48 - mmengine - INFO - Epoch(val) [1][  994/68645]    eta: 10:27:19  time: 0.4474  data_time: 0.0017  
2026/01/11 11:31:49 - mmengine - INFO - Epoch(val) [1][  995/68645]    eta: 10:27:09  time: 0.4411  data_time: 0.0017  
2026/01/11 11:31:49 - mmengine - INFO - Epoch(val) [1][  996/68645]    eta: 10:27:03  time: 0.4476  data_time: 0.0016  
2026/01/11 11:31:49 - mmengine - INFO - Epoch(val) [1][  997/68645]    eta: 10:26:53  time: 0.4408  data_time: 0.0016  
2026/01/11 11:31:50 - mmengine - INFO - Epoch(val) [1][  998/68645]    eta: 10:26:43  time: 0.4415  data_time: 0.0017  
2026/01/11 11:31:50 - mmengine - INFO - Epoch(val) [1][  999/68645]    eta: 10:26:38  time: 0.4493  data_time: 0.0080  
2026/01/11 11:31:51 - mmengine - INFO - Epoch(val) [1][ 1000/68645]    eta: 10:26:32  time: 0.4497  data_time: 0.0081  
2026/01/11 11:31:51 - mmengine - INFO - Epoch(val) [1][ 1001/68645]    eta: 10:26:22  time: 0.4491  data_time: 0.0081  
2026/01/11 11:31:52 - mmengine - INFO - Epoch(val) [1][ 1002/68645]    eta: 10:26:17  time: 0.4506  data_time: 0.0081  
2026/01/11 11:31:52 - mmengine - INFO - Epoch(val) [1][ 1003/68645]    eta: 10:26:07  time: 0.4518  data_time: 0.0081  
2026/01/11 11:31:53 - mmengine - INFO - Epoch(val) [1][ 1004/68645]    eta: 10:26:01  time: 0.4500  data_time: 0.0082  
2026/01/11 11:31:53 - mmengine - INFO - Epoch(val) [1][ 1005/68645]    eta: 10:25:51  time: 0.4497  data_time: 0.0082  
2026/01/11 11:31:54 - mmengine - INFO - Epoch(val) [1][ 1006/68645]    eta: 10:25:47  time: 0.4511  data_time: 0.0082  
2026/01/11 11:31:54 - mmengine - INFO - Epoch(val) [1][ 1007/68645]    eta: 10:25:43  time: 0.4597  data_time: 0.0083  
2026/01/11 11:31:55 - mmengine - INFO - Epoch(val) [1][ 1008/68645]    eta: 10:25:32  time: 0.4591  data_time: 0.0083  
2026/01/11 11:31:55 - mmengine - INFO - Epoch(val) [1][ 1009/68645]    eta: 10:25:28  time: 0.4604  data_time: 0.0020  
2026/01/11 11:31:55 - mmengine - INFO - Epoch(val) [1][ 1010/68645]    eta: 10:25:23  time: 0.4607  data_time: 0.0019  
2026/01/11 11:31:56 - mmengine - INFO - Epoch(val) [1][ 1011/68645]    eta: 10:25:13  time: 0.4610  data_time: 0.0019  
2026/01/11 11:31:57 - mmengine - INFO - Epoch(val) [1][ 1012/68645]    eta: 10:25:22  time: 0.4818  data_time: 0.0019  
2026/01/11 11:31:57 - mmengine - INFO - Epoch(val) [1][ 1013/68645]    eta: 10:25:17  time: 0.4879  data_time: 0.0018  
2026/01/11 11:31:58 - mmengine - INFO - Epoch(val) [1][ 1014/68645]    eta: 10:25:08  time: 0.4827  data_time: 0.0018  
2026/01/11 11:31:58 - mmengine - INFO - Epoch(val) [1][ 1015/68645]    eta: 10:25:02  time: 0.4897  data_time: 0.0024  
2026/01/11 11:31:58 - mmengine - INFO - Epoch(val) [1][ 1016/68645]    eta: 10:24:53  time: 0.4815  data_time: 0.0024  
2026/01/11 11:31:59 - mmengine - INFO - Epoch(val) [1][ 1017/68645]    eta: 10:24:48  time: 0.4813  data_time: 0.0024  
2026/01/11 11:31:59 - mmengine - INFO - Epoch(val) [1][ 1018/68645]    eta: 10:24:43  time: 0.4888  data_time: 0.0023  
2026/01/11 11:32:00 - mmengine - INFO - Epoch(val) [1][ 1019/68645]    eta: 10:24:38  time: 0.4881  data_time: 0.0024  
2026/01/11 11:32:00 - mmengine - INFO - Epoch(val) [1][ 1020/68645]    eta: 10:24:34  time: 0.4888  data_time: 0.0025  
2026/01/11 11:32:01 - mmengine - INFO - Epoch(val) [1][ 1021/68645]    eta: 10:24:25  time: 0.4901  data_time: 0.0026  
2026/01/11 11:32:01 - mmengine - INFO - Epoch(val) [1][ 1022/68645]    eta: 10:24:19  time: 0.4677  data_time: 0.0026  
2026/01/11 11:32:02 - mmengine - INFO - Epoch(val) [1][ 1023/68645]    eta: 10:24:15  time: 0.4693  data_time: 0.0026  
2026/01/11 11:32:02 - mmengine - INFO - Epoch(val) [1][ 1024/68645]    eta: 10:24:05  time: 0.4680  data_time: 0.0026  
2026/01/11 11:32:03 - mmengine - INFO - Epoch(val) [1][ 1025/68645]    eta: 10:23:55  time: 0.4603  data_time: 0.0019  
2026/01/11 11:32:03 - mmengine - INFO - Epoch(val) [1][ 1026/68645]    eta: 10:23:45  time: 0.4597  data_time: 0.0019  
2026/01/11 11:32:03 - mmengine - INFO - Epoch(val) [1][ 1027/68645]    eta: 10:23:39  time: 0.4576  data_time: 0.0025  
2026/01/11 11:32:04 - mmengine - INFO - Epoch(val) [1][ 1028/68645]    eta: 10:23:34  time: 0.4585  data_time: 0.0024  
2026/01/11 11:32:04 - mmengine - INFO - Epoch(val) [1][ 1029/68645]    eta: 10:23:26  time: 0.4520  data_time: 0.0024  
2026/01/11 11:32:05 - mmengine - INFO - Epoch(val) [1][ 1030/68645]    eta: 10:23:20  time: 0.4500  data_time: 0.0023  
2026/01/11 11:32:05 - mmengine - INFO - Epoch(val) [1][ 1031/68645]    eta: 10:23:11  time: 0.4498  data_time: 0.0023  
2026/01/11 11:32:06 - mmengine - INFO - Epoch(val) [1][ 1032/68645]    eta: 10:23:06  time: 0.4503  data_time: 0.0023  
2026/01/11 11:32:06 - mmengine - INFO - Epoch(val) [1][ 1033/68645]    eta: 10:22:56  time: 0.4422  data_time: 0.0024  
2026/01/11 11:32:07 - mmengine - INFO - Epoch(val) [1][ 1034/68645]    eta: 10:22:51  time: 0.4498  data_time: 0.0024  
2026/01/11 11:32:07 - mmengine - INFO - Epoch(val) [1][ 1035/68645]    eta: 10:22:49  time: 0.4609  data_time: 0.0024  
2026/01/11 11:32:08 - mmengine - INFO - Epoch(val) [1][ 1036/68645]    eta: 10:22:43  time: 0.4675  data_time: 0.0025  
2026/01/11 11:32:08 - mmengine - INFO - Epoch(val) [1][ 1037/68645]    eta: 10:22:34  time: 0.4617  data_time: 0.0019  
2026/01/11 11:32:09 - mmengine - INFO - Epoch(val) [1][ 1038/68645]    eta: 10:22:29  time: 0.4607  data_time: 0.0019  
2026/01/11 11:32:09 - mmengine - INFO - Epoch(val) [1][ 1039/68645]    eta: 10:22:25  time: 0.4677  data_time: 0.0020  
2026/01/11 11:32:10 - mmengine - INFO - Epoch(val) [1][ 1040/68645]    eta: 10:22:15  time: 0.4624  data_time: 0.0019  
2026/01/11 11:32:10 - mmengine - INFO - Epoch(val) [1][ 1041/68645]    eta: 10:22:10  time: 0.4674  data_time: 0.0019  
2026/01/11 11:32:10 - mmengine - INFO - Epoch(val) [1][ 1042/68645]    eta: 10:22:00  time: 0.4606  data_time: 0.0018  
2026/01/11 11:32:11 - mmengine - INFO - Epoch(val) [1][ 1043/68645]    eta: 10:21:55  time: 0.4672  data_time: 0.0018  
2026/01/11 11:32:11 - mmengine - INFO - Epoch(val) [1][ 1044/68645]    eta: 10:21:46  time: 0.4612  data_time: 0.0018  
2026/01/11 11:32:12 - mmengine - INFO - Epoch(val) [1][ 1045/68645]    eta: 10:21:43  time: 0.4597  data_time: 0.0018  
2026/01/11 11:32:12 - mmengine - INFO - Epoch(val) [1][ 1046/68645]    eta: 10:21:37  time: 0.4597  data_time: 0.0018  
2026/01/11 11:32:13 - mmengine - INFO - Epoch(val) [1][ 1047/68645]    eta: 10:21:28  time: 0.4599  data_time: 0.0018  
2026/01/11 11:32:13 - mmengine - INFO - Epoch(val) [1][ 1048/68645]    eta: 10:21:23  time: 0.4597  data_time: 0.0018  
2026/01/11 11:32:14 - mmengine - INFO - Epoch(val) [1][ 1049/68645]    eta: 10:21:20  time: 0.4611  data_time: 0.0018  
2026/01/11 11:32:14 - mmengine - INFO - Epoch(val) [1][ 1050/68645]    eta: 10:21:15  time: 0.4673  data_time: 0.0019  
2026/01/11 11:32:15 - mmengine - INFO - Epoch(val) [1][ 1051/68645]    eta: 10:21:12  time: 0.4717  data_time: 0.0019  
2026/01/11 11:32:15 - mmengine - INFO - Epoch(val) [1][ 1052/68645]    eta: 10:21:16  time: 0.4914  data_time: 0.0019  
2026/01/11 11:32:16 - mmengine - INFO - Epoch(val) [1][ 1053/68645]    eta: 10:21:12  time: 0.4931  data_time: 0.0019  
2026/01/11 11:32:16 - mmengine - INFO - Epoch(val) [1][ 1054/68645]    eta: 10:21:07  time: 0.4998  data_time: 0.0019  
2026/01/11 11:32:17 - mmengine - INFO - Epoch(val) [1][ 1055/68645]    eta: 10:21:03  time: 0.4983  data_time: 0.0019  
2026/01/11 11:32:17 - mmengine - INFO - Epoch(val) [1][ 1056/68645]    eta: 10:20:54  time: 0.4923  data_time: 0.0019  
2026/01/11 11:32:18 - mmengine - INFO - Epoch(val) [1][ 1057/68645]    eta: 10:20:49  time: 0.4986  data_time: 0.0019  
2026/01/11 11:32:18 - mmengine - INFO - Epoch(val) [1][ 1058/68645]    eta: 10:20:40  time: 0.4932  data_time: 0.0019  
2026/01/11 11:32:19 - mmengine - INFO - Epoch(val) [1][ 1059/68645]    eta: 10:20:36  time: 0.4910  data_time: 0.0075  
2026/01/11 11:32:19 - mmengine - INFO - Epoch(val) [1][ 1060/68645]    eta: 10:20:31  time: 0.4906  data_time: 0.0074  
2026/01/11 11:32:20 - mmengine - INFO - Epoch(val) [1][ 1061/68645]    eta: 10:20:22  time: 0.4806  data_time: 0.0074  
2026/01/11 11:32:20 - mmengine - INFO - Epoch(val) [1][ 1062/68645]    eta: 10:20:17  time: 0.4675  data_time: 0.0074  
2026/01/11 11:32:20 - mmengine - INFO - Epoch(val) [1][ 1063/68645]    eta: 10:20:08  time: 0.4599  data_time: 0.0091  
2026/01/11 11:32:21 - mmengine - INFO - Epoch(val) [1][ 1064/68645]    eta: 10:20:15  time: 0.4773  data_time: 0.0090  
2026/01/11 11:32:21 - mmengine - INFO - Epoch(val) [1][ 1065/68645]    eta: 10:20:05  time: 0.4693  data_time: 0.0090  
2026/01/11 11:32:22 - mmengine - INFO - Epoch(val) [1][ 1066/68645]    eta: 10:19:56  time: 0.4694  data_time: 0.0090  
2026/01/11 11:32:22 - mmengine - INFO - Epoch(val) [1][ 1067/68645]    eta: 10:19:52  time: 0.4695  data_time: 0.0089  
2026/01/11 11:32:23 - mmengine - INFO - Epoch(val) [1][ 1068/68645]    eta: 10:19:43  time: 0.4687  data_time: 0.0089  
2026/01/11 11:32:23 - mmengine - INFO - Epoch(val) [1][ 1069/68645]    eta: 10:19:38  time: 0.4685  data_time: 0.0034  
2026/01/11 11:32:24 - mmengine - INFO - Epoch(val) [1][ 1070/68645]    eta: 10:19:34  time: 0.4697  data_time: 0.0034  
2026/01/11 11:32:24 - mmengine - INFO - Epoch(val) [1][ 1071/68645]    eta: 10:19:30  time: 0.4777  data_time: 0.0034  
2026/01/11 11:32:25 - mmengine - INFO - Epoch(val) [1][ 1072/68645]    eta: 10:19:21  time: 0.4714  data_time: 0.0034  
2026/01/11 11:32:25 - mmengine - INFO - Epoch(val) [1][ 1073/68645]    eta: 10:19:17  time: 0.4777  data_time: 0.0017  
2026/01/11 11:32:26 - mmengine - INFO - Epoch(val) [1][ 1074/68645]    eta: 10:19:08  time: 0.4532  data_time: 0.0017  
2026/01/11 11:32:26 - mmengine - INFO - Epoch(val) [1][ 1075/68645]    eta: 10:19:04  time: 0.4617  data_time: 0.0017  
2026/01/11 11:32:27 - mmengine - INFO - Epoch(val) [1][ 1076/68645]    eta: 10:18:59  time: 0.4681  data_time: 0.0021  
2026/01/11 11:32:27 - mmengine - INFO - Epoch(val) [1][ 1077/68645]    eta: 10:18:51  time: 0.4620  data_time: 0.0021  
2026/01/11 11:32:27 - mmengine - INFO - Epoch(val) [1][ 1078/68645]    eta: 10:18:46  time: 0.4680  data_time: 0.0020  
2026/01/11 11:32:28 - mmengine - INFO - Epoch(val) [1][ 1079/68645]    eta: 10:18:42  time: 0.4689  data_time: 0.0020  
2026/01/11 11:32:28 - mmengine - INFO - Epoch(val) [1][ 1080/68645]    eta: 10:18:33  time: 0.4616  data_time: 0.0020  
2026/01/11 11:32:29 - mmengine - INFO - Epoch(val) [1][ 1081/68645]    eta: 10:18:28  time: 0.4597  data_time: 0.0020  
2026/01/11 11:32:29 - mmengine - INFO - Epoch(val) [1][ 1082/68645]    eta: 10:18:25  time: 0.4690  data_time: 0.0020  
2026/01/11 11:32:30 - mmengine - INFO - Epoch(val) [1][ 1083/68645]    eta: 10:18:22  time: 0.4709  data_time: 0.0020  
2026/01/11 11:32:30 - mmengine - INFO - Epoch(val) [1][ 1084/68645]    eta: 10:18:18  time: 0.4786  data_time: 0.0020  
2026/01/11 11:32:31 - mmengine - INFO - Epoch(val) [1][ 1085/68645]    eta: 10:18:14  time: 0.4775  data_time: 0.0020  
2026/01/11 11:32:31 - mmengine - INFO - Epoch(val) [1][ 1086/68645]    eta: 10:18:05  time: 0.4712  data_time: 0.0017  
2026/01/11 11:32:32 - mmengine - INFO - Epoch(val) [1][ 1087/68645]    eta: 10:18:01  time: 0.4790  data_time: 0.0017  
2026/01/11 11:32:32 - mmengine - INFO - Epoch(val) [1][ 1088/68645]    eta: 10:17:57  time: 0.4799  data_time: 0.0017  
2026/01/11 11:32:33 - mmengine - INFO - Epoch(val) [1][ 1089/68645]    eta: 10:17:48  time: 0.4720  data_time: 0.0017  
2026/01/11 11:32:33 - mmengine - INFO - Epoch(val) [1][ 1090/68645]    eta: 10:17:44  time: 0.4784  data_time: 0.0017  
2026/01/11 11:32:34 - mmengine - INFO - Epoch(val) [1][ 1091/68645]    eta: 10:17:41  time: 0.4823  data_time: 0.0017  
2026/01/11 11:32:34 - mmengine - INFO - Epoch(val) [1][ 1092/68645]    eta: 10:17:49  time: 0.4990  data_time: 0.0017  
2026/01/11 11:32:35 - mmengine - INFO - Epoch(val) [1][ 1093/68645]    eta: 10:17:45  time: 0.4979  data_time: 0.0017  
2026/01/11 11:32:35 - mmengine - INFO - Epoch(val) [1][ 1094/68645]    eta: 10:17:37  time: 0.4907  data_time: 0.0020  
2026/01/11 11:32:36 - mmengine - INFO - Epoch(val) [1][ 1095/68645]    eta: 10:17:32  time: 0.4900  data_time: 0.0021  
2026/01/11 11:32:36 - mmengine - INFO - Epoch(val) [1][ 1096/68645]    eta: 10:17:23  time: 0.4902  data_time: 0.0021  
2026/01/11 11:32:37 - mmengine - INFO - Epoch(val) [1][ 1097/68645]    eta: 10:17:19  time: 0.4885  data_time: 0.0021  
2026/01/11 11:32:37 - mmengine - INFO - Epoch(val) [1][ 1098/68645]    eta: 10:17:10  time: 0.4812  data_time: 0.0020  
2026/01/11 11:32:38 - mmengine - INFO - Epoch(val) [1][ 1099/68645]    eta: 10:17:05  time: 0.4868  data_time: 0.0021  
2026/01/11 11:32:38 - mmengine - INFO - Epoch(val) [1][ 1100/68645]    eta: 10:17:03  time: 0.4909  data_time: 0.0021  
2026/01/11 11:32:39 - mmengine - INFO - Epoch(val) [1][ 1101/68645]    eta: 10:16:58  time: 0.4875  data_time: 0.0021  
2026/01/11 11:32:39 - mmengine - INFO - Epoch(val) [1][ 1102/68645]    eta: 10:16:50  time: 0.4616  data_time: 0.0021  
2026/01/11 11:32:39 - mmengine - INFO - Epoch(val) [1][ 1103/68645]    eta: 10:16:45  time: 0.4604  data_time: 0.0021  
2026/01/11 11:32:40 - mmengine - INFO - Epoch(val) [1][ 1104/68645]    eta: 10:16:36  time: 0.4591  data_time: 0.0018  
2026/01/11 11:32:40 - mmengine - INFO - Epoch(val) [1][ 1105/68645]    eta: 10:16:32  time: 0.4605  data_time: 0.0018  
2026/01/11 11:32:41 - mmengine - INFO - Epoch(val) [1][ 1106/68645]    eta: 10:16:24  time: 0.4605  data_time: 0.0018  
2026/01/11 11:32:41 - mmengine - INFO - Epoch(val) [1][ 1107/68645]    eta: 10:16:25  time: 0.4700  data_time: 0.0019  
2026/01/11 11:32:42 - mmengine - INFO - Epoch(val) [1][ 1108/68645]    eta: 10:16:17  time: 0.4702  data_time: 0.0019  
2026/01/11 11:32:42 - mmengine - INFO - Epoch(val) [1][ 1109/68645]    eta: 10:16:12  time: 0.4710  data_time: 0.0018  
2026/01/11 11:32:43 - mmengine - INFO - Epoch(val) [1][ 1110/68645]    eta: 10:16:09  time: 0.4690  data_time: 0.0022  
2026/01/11 11:32:43 - mmengine - INFO - Epoch(val) [1][ 1111/68645]    eta: 10:16:00  time: 0.4619  data_time: 0.0022  
2026/01/11 11:32:44 - mmengine - INFO - Epoch(val) [1][ 1112/68645]    eta: 10:15:56  time: 0.4692  data_time: 0.0022  
2026/01/11 11:32:44 - mmengine - INFO - Epoch(val) [1][ 1113/68645]    eta: 10:15:48  time: 0.4623  data_time: 0.0022  
2026/01/11 11:32:45 - mmengine - INFO - Epoch(val) [1][ 1114/68645]    eta: 10:15:43  time: 0.4688  data_time: 0.0022  
2026/01/11 11:32:45 - mmengine - INFO - Epoch(val) [1][ 1115/68645]    eta: 10:15:35  time: 0.4612  data_time: 0.0022  
2026/01/11 11:32:45 - mmengine - INFO - Epoch(val) [1][ 1116/68645]    eta: 10:15:26  time: 0.4610  data_time: 0.0021  
2026/01/11 11:32:46 - mmengine - INFO - Epoch(val) [1][ 1117/68645]    eta: 10:15:21  time: 0.4502  data_time: 0.0075  
2026/01/11 11:32:46 - mmengine - INFO - Epoch(val) [1][ 1118/68645]    eta: 10:15:12  time: 0.4496  data_time: 0.0075  
2026/01/11 11:32:47 - mmengine - INFO - Epoch(val) [1][ 1119/68645]    eta: 10:15:08  time: 0.4497  data_time: 0.0075  
2026/01/11 11:32:47 - mmengine - INFO - Epoch(val) [1][ 1120/68645]    eta: 10:15:00  time: 0.4420  data_time: 0.0071  
2026/01/11 11:32:48 - mmengine - INFO - Epoch(val) [1][ 1121/68645]    eta: 10:14:55  time: 0.4485  data_time: 0.0071  
2026/01/11 11:32:48 - mmengine - INFO - Epoch(val) [1][ 1122/68645]    eta: 10:14:52  time: 0.4489  data_time: 0.0071  
2026/01/11 11:32:49 - mmengine - INFO - Epoch(val) [1][ 1123/68645]    eta: 10:14:44  time: 0.4499  data_time: 0.0071  
2026/01/11 11:32:49 - mmengine - INFO - Epoch(val) [1][ 1124/68645]    eta: 10:14:39  time: 0.4500  data_time: 0.0071  
2026/01/11 11:32:50 - mmengine - INFO - Epoch(val) [1][ 1125/68645]    eta: 10:14:31  time: 0.4503  data_time: 0.0071  
2026/01/11 11:32:50 - mmengine - INFO - Epoch(val) [1][ 1126/68645]    eta: 10:14:27  time: 0.4570  data_time: 0.0071  
2026/01/11 11:32:50 - mmengine - INFO - Epoch(val) [1][ 1127/68645]    eta: 10:14:23  time: 0.4592  data_time: 0.0017  
2026/01/11 11:32:51 - mmengine - INFO - Epoch(val) [1][ 1128/68645]    eta: 10:14:20  time: 0.4676  data_time: 0.0018  
2026/01/11 11:32:52 - mmengine - INFO - Epoch(val) [1][ 1129/68645]    eta: 10:14:22  time: 0.4795  data_time: 0.0019  
2026/01/11 11:32:52 - mmengine - INFO - Epoch(val) [1][ 1130/68645]    eta: 10:14:20  time: 0.4887  data_time: 0.0020  
2026/01/11 11:32:53 - mmengine - INFO - Epoch(val) [1][ 1131/68645]    eta: 10:14:16  time: 0.4895  data_time: 0.0019  
2026/01/11 11:32:53 - mmengine - INFO - Epoch(val) [1][ 1132/68645]    eta: 10:14:08  time: 0.4813  data_time: 0.0019  
2026/01/11 11:32:53 - mmengine - INFO - Epoch(val) [1][ 1133/68645]    eta: 10:13:59  time: 0.4800  data_time: 0.0019  
2026/01/11 11:32:54 - mmengine - INFO - Epoch(val) [1][ 1134/68645]    eta: 10:13:54  time: 0.4794  data_time: 0.0019  
2026/01/11 11:32:54 - mmengine - INFO - Epoch(val) [1][ 1135/68645]    eta: 10:13:45  time: 0.4785  data_time: 0.0018  
2026/01/11 11:32:55 - mmengine - INFO - Epoch(val) [1][ 1136/68645]    eta: 10:13:37  time: 0.4713  data_time: 0.0018  
2026/01/11 11:32:55 - mmengine - INFO - Epoch(val) [1][ 1137/68645]    eta: 10:13:33  time: 0.4705  data_time: 0.0018  
2026/01/11 11:32:56 - mmengine - INFO - Epoch(val) [1][ 1138/68645]    eta: 10:13:25  time: 0.4622  data_time: 0.0017  
2026/01/11 11:32:56 - mmengine - INFO - Epoch(val) [1][ 1139/68645]    eta: 10:13:20  time: 0.4501  data_time: 0.0016  
2026/01/11 11:32:57 - mmengine - INFO - Epoch(val) [1][ 1140/68645]    eta: 10:13:12  time: 0.4402  data_time: 0.0015  
2026/01/11 11:32:57 - mmengine - INFO - Epoch(val) [1][ 1141/68645]    eta: 10:13:08  time: 0.4398  data_time: 0.0015  
2026/01/11 11:32:57 - mmengine - INFO - Epoch(val) [1][ 1142/68645]    eta: 10:13:00  time: 0.4411  data_time: 0.0015  
2026/01/11 11:32:58 - mmengine - INFO - Epoch(val) [1][ 1143/68645]    eta: 10:12:57  time: 0.4494  data_time: 0.0015  
2026/01/11 11:32:58 - mmengine - INFO - Epoch(val) [1][ 1144/68645]    eta: 10:12:54  time: 0.4521  data_time: 0.0015  
2026/01/11 11:32:59 - mmengine - INFO - Epoch(val) [1][ 1145/68645]    eta: 10:12:50  time: 0.4612  data_time: 0.0015  
2026/01/11 11:32:59 - mmengine - INFO - Epoch(val) [1][ 1146/68645]    eta: 10:12:46  time: 0.4682  data_time: 0.0022  
2026/01/11 11:33:00 - mmengine - INFO - Epoch(val) [1][ 1147/68645]    eta: 10:12:43  time: 0.4699  data_time: 0.0024  
2026/01/11 11:33:00 - mmengine - INFO - Epoch(val) [1][ 1148/68645]    eta: 10:12:40  time: 0.4781  data_time: 0.0024  
2026/01/11 11:33:01 - mmengine - INFO - Epoch(val) [1][ 1149/68645]    eta: 10:12:32  time: 0.4726  data_time: 0.0025  
2026/01/11 11:33:01 - mmengine - INFO - Epoch(val) [1][ 1150/68645]    eta: 10:12:33  time: 0.4883  data_time: 0.0033  
2026/01/11 11:33:02 - mmengine - INFO - Epoch(val) [1][ 1151/68645]    eta: 10:12:25  time: 0.4820  data_time: 0.0033  
2026/01/11 11:33:02 - mmengine - INFO - Epoch(val) [1][ 1152/68645]    eta: 10:12:22  time: 0.4882  data_time: 0.0033  
2026/01/11 11:33:03 - mmengine - INFO - Epoch(val) [1][ 1153/68645]    eta: 10:12:19  time: 0.4894  data_time: 0.0033  
2026/01/11 11:33:03 - mmengine - INFO - Epoch(val) [1][ 1154/68645]    eta: 10:12:15  time: 0.4881  data_time: 0.0033  
2026/01/11 11:33:04 - mmengine - INFO - Epoch(val) [1][ 1155/68645]    eta: 10:12:07  time: 0.4802  data_time: 0.0034  
2026/01/11 11:33:04 - mmengine - INFO - Epoch(val) [1][ 1156/68645]    eta: 10:12:03  time: 0.4806  data_time: 0.0027  
2026/01/11 11:33:05 - mmengine - INFO - Epoch(val) [1][ 1157/68645]    eta: 10:12:00  time: 0.4798  data_time: 0.0025  
2026/01/11 11:33:05 - mmengine - INFO - Epoch(val) [1][ 1158/68645]    eta: 10:11:52  time: 0.4719  data_time: 0.0025  
2026/01/11 11:33:06 - mmengine - INFO - Epoch(val) [1][ 1159/68645]    eta: 10:11:48  time: 0.4774  data_time: 0.0024  
2026/01/11 11:33:06 - mmengine - INFO - Epoch(val) [1][ 1160/68645]    eta: 10:11:39  time: 0.4605  data_time: 0.0017  
2026/01/11 11:33:06 - mmengine - INFO - Epoch(val) [1][ 1161/68645]    eta: 10:11:36  time: 0.4688  data_time: 0.0017  
2026/01/11 11:33:07 - mmengine - INFO - Epoch(val) [1][ 1162/68645]    eta: 10:11:33  time: 0.4697  data_time: 0.0017  
2026/01/11 11:33:07 - mmengine - INFO - Epoch(val) [1][ 1163/68645]    eta: 10:11:25  time: 0.4610  data_time: 0.0017  
2026/01/11 11:33:08 - mmengine - INFO - Epoch(val) [1][ 1164/68645]    eta: 10:11:21  time: 0.4604  data_time: 0.0016  
2026/01/11 11:33:08 - mmengine - INFO - Epoch(val) [1][ 1165/68645]    eta: 10:11:13  time: 0.4595  data_time: 0.0016  
2026/01/11 11:33:09 - mmengine - INFO - Epoch(val) [1][ 1166/68645]    eta: 10:11:08  time: 0.4586  data_time: 0.0016  
2026/01/11 11:33:09 - mmengine - INFO - Epoch(val) [1][ 1167/68645]    eta: 10:11:01  time: 0.4519  data_time: 0.0016  
2026/01/11 11:33:10 - mmengine - INFO - Epoch(val) [1][ 1168/68645]    eta: 10:10:57  time: 0.4581  data_time: 0.0016  
2026/01/11 11:33:10 - mmengine - INFO - Epoch(val) [1][ 1169/68645]    eta: 10:10:49  time: 0.4525  data_time: 0.0016  
2026/01/11 11:33:11 - mmengine - INFO - Epoch(val) [1][ 1170/68645]    eta: 10:10:46  time: 0.4617  data_time: 0.0016  
2026/01/11 11:33:11 - mmengine - INFO - Epoch(val) [1][ 1171/68645]    eta: 10:10:58  time: 0.4882  data_time: 0.0016  
2026/01/11 11:33:12 - mmengine - INFO - Epoch(val) [1][ 1172/68645]    eta: 10:10:56  time: 0.4894  data_time: 0.0017  
2026/01/11 11:33:12 - mmengine - INFO - Epoch(val) [1][ 1173/68645]    eta: 10:10:53  time: 0.4977  data_time: 0.0017  
2026/01/11 11:33:13 - mmengine - INFO - Epoch(val) [1][ 1174/68645]    eta: 10:10:50  time: 0.4997  data_time: 0.0018  
2026/01/11 11:33:13 - mmengine - INFO - Epoch(val) [1][ 1175/68645]    eta: 10:10:43  time: 0.5006  data_time: 0.0019  
2026/01/11 11:33:14 - mmengine - INFO - Epoch(val) [1][ 1176/68645]    eta: 10:10:39  time: 0.5012  data_time: 0.0025  
2026/01/11 11:33:14 - mmengine - INFO - Epoch(val) [1][ 1177/68645]    eta: 10:10:35  time: 0.5070  data_time: 0.0025  
2026/01/11 11:33:15 - mmengine - INFO - Epoch(val) [1][ 1178/68645]    eta: 10:10:27  time: 0.5013  data_time: 0.0026  
2026/01/11 11:33:15 - mmengine - INFO - Epoch(val) [1][ 1179/68645]    eta: 10:10:24  time: 0.5078  data_time: 0.0027  
2026/01/11 11:33:16 - mmengine - INFO - Epoch(val) [1][ 1180/68645]    eta: 10:10:21  time: 0.5081  data_time: 0.0027  
2026/01/11 11:33:16 - mmengine - INFO - Epoch(val) [1][ 1181/68645]    eta: 10:10:13  time: 0.4725  data_time: 0.0027  
2026/01/11 11:33:17 - mmengine - INFO - Epoch(val) [1][ 1182/68645]    eta: 10:10:08  time: 0.4694  data_time: 0.0026  
2026/01/11 11:33:17 - mmengine - INFO - Epoch(val) [1][ 1183/68645]    eta: 10:10:01  time: 0.4620  data_time: 0.0026  
2026/01/11 11:33:17 - mmengine - INFO - Epoch(val) [1][ 1184/68645]    eta: 10:09:57  time: 0.4598  data_time: 0.0025  
2026/01/11 11:33:18 - mmengine - INFO - Epoch(val) [1][ 1185/68645]    eta: 10:09:54  time: 0.4669  data_time: 0.0025  
2026/01/11 11:33:18 - mmengine - INFO - Epoch(val) [1][ 1186/68645]    eta: 10:09:47  time: 0.4613  data_time: 0.0019  
2026/01/11 11:33:19 - mmengine - INFO - Epoch(val) [1][ 1187/68645]    eta: 10:09:43  time: 0.4611  data_time: 0.0019  
2026/01/11 11:33:19 - mmengine - INFO - Epoch(val) [1][ 1188/68645]    eta: 10:09:39  time: 0.4678  data_time: 0.0018  
2026/01/11 11:33:20 - mmengine - INFO - Epoch(val) [1][ 1189/68645]    eta: 10:09:32  time: 0.4606  data_time: 0.0018  
2026/01/11 11:33:20 - mmengine - INFO - Epoch(val) [1][ 1190/68645]    eta: 10:09:28  time: 0.4599  data_time: 0.0018  
2026/01/11 11:33:21 - mmengine - INFO - Epoch(val) [1][ 1191/68645]    eta: 10:09:25  time: 0.4677  data_time: 0.0018  
2026/01/11 11:33:21 - mmengine - INFO - Epoch(val) [1][ 1192/68645]    eta: 10:09:22  time: 0.4702  data_time: 0.0018  
2026/01/11 11:33:22 - mmengine - INFO - Epoch(val) [1][ 1193/68645]    eta: 10:09:15  time: 0.4695  data_time: 0.0019  
2026/01/11 11:33:22 - mmengine - INFO - Epoch(val) [1][ 1194/68645]    eta: 10:09:11  time: 0.4698  data_time: 0.0018  
2026/01/11 11:33:23 - mmengine - INFO - Epoch(val) [1][ 1195/68645]    eta: 10:09:03  time: 0.4622  data_time: 0.0018  
2026/01/11 11:33:23 - mmengine - INFO - Epoch(val) [1][ 1196/68645]    eta: 10:08:59  time: 0.4675  data_time: 0.0019  
2026/01/11 11:33:24 - mmengine - INFO - Epoch(val) [1][ 1197/68645]    eta: 10:08:52  time: 0.4617  data_time: 0.0019  
2026/01/11 11:33:24 - mmengine - INFO - Epoch(val) [1][ 1198/68645]    eta: 10:08:48  time: 0.4604  data_time: 0.0018  
2026/01/11 11:33:25 - mmengine - INFO - Epoch(val) [1][ 1199/68645]    eta: 10:08:50  time: 0.4781  data_time: 0.0018  
2026/01/11 11:33:25 - mmengine - INFO - Epoch(val) [1][ 1200/68645]    eta: 10:08:43  time: 0.4705  data_time: 0.0019  
2026/01/11 11:33:25 - mmengine - INFO - Epoch(val) [1][ 1201/68645]    eta: 10:08:39  time: 0.4706  data_time: 0.0019  
2026/01/11 11:33:26 - mmengine - INFO - Epoch(val) [1][ 1202/68645]    eta: 10:08:36  time: 0.4705  data_time: 0.0021  
2026/01/11 11:33:26 - mmengine - INFO - Epoch(val) [1][ 1203/68645]    eta: 10:08:29  time: 0.4700  data_time: 0.0021  
2026/01/11 11:33:27 - mmengine - INFO - Epoch(val) [1][ 1204/68645]    eta: 10:08:25  time: 0.4699  data_time: 0.0021  
2026/01/11 11:33:27 - mmengine - INFO - Epoch(val) [1][ 1205/68645]    eta: 10:08:17  time: 0.4697  data_time: 0.0022  
2026/01/11 11:33:28 - mmengine - INFO - Epoch(val) [1][ 1206/68645]    eta: 10:08:13  time: 0.4697  data_time: 0.0020  
2026/01/11 11:33:28 - mmengine - INFO - Epoch(val) [1][ 1207/68645]    eta: 10:08:06  time: 0.4697  data_time: 0.0020  
2026/01/11 11:33:29 - mmengine - INFO - Epoch(val) [1][ 1208/68645]    eta: 10:08:13  time: 0.4891  data_time: 0.0021  
2026/01/11 11:33:29 - mmengine - INFO - Epoch(val) [1][ 1209/68645]    eta: 10:08:16  time: 0.4902  data_time: 0.0023  
2026/01/11 11:33:30 - mmengine - INFO - Epoch(val) [1][ 1210/68645]    eta: 10:08:09  time: 0.4906  data_time: 0.0022  
2026/01/11 11:33:30 - mmengine - INFO - Epoch(val) [1][ 1211/68645]    eta: 10:08:05  time: 0.4900  data_time: 0.0023  
2026/01/11 11:33:31 - mmengine - INFO - Epoch(val) [1][ 1212/68645]    eta: 10:07:58  time: 0.4819  data_time: 0.0021  
2026/01/11 11:33:31 - mmengine - INFO - Epoch(val) [1][ 1213/68645]    eta: 10:07:54  time: 0.4886  data_time: 0.0021  
2026/01/11 11:33:32 - mmengine - INFO - Epoch(val) [1][ 1214/68645]    eta: 10:07:51  time: 0.4895  data_time: 0.0020  
2026/01/11 11:33:32 - mmengine - INFO - Epoch(val) [1][ 1215/68645]    eta: 10:07:44  time: 0.4900  data_time: 0.0020  
2026/01/11 11:33:33 - mmengine - INFO - Epoch(val) [1][ 1216/68645]    eta: 10:07:40  time: 0.4902  data_time: 0.0020  
2026/01/11 11:33:33 - mmengine - INFO - Epoch(val) [1][ 1217/68645]    eta: 10:07:32  time: 0.4894  data_time: 0.0020  
2026/01/11 11:33:34 - mmengine - INFO - Epoch(val) [1][ 1218/68645]    eta: 10:07:29  time: 0.4708  data_time: 0.0020  
2026/01/11 11:33:34 - mmengine - INFO - Epoch(val) [1][ 1219/68645]    eta: 10:07:21  time: 0.4518  data_time: 0.0018  
2026/01/11 11:33:34 - mmengine - INFO - Epoch(val) [1][ 1220/68645]    eta: 10:07:17  time: 0.4579  data_time: 0.0018  
2026/01/11 11:33:35 - mmengine - INFO - Epoch(val) [1][ 1221/68645]    eta: 10:07:11  time: 0.4528  data_time: 0.0017  
2026/01/11 11:33:35 - mmengine - INFO - Epoch(val) [1][ 1222/68645]    eta: 10:07:06  time: 0.4576  data_time: 0.0073  
2026/01/11 11:33:36 - mmengine - INFO - Epoch(val) [1][ 1223/68645]    eta: 10:06:59  time: 0.4502  data_time: 0.0073  
2026/01/11 11:33:36 - mmengine - INFO - Epoch(val) [1][ 1224/68645]    eta: 10:06:52  time: 0.4434  data_time: 0.0073  
2026/01/11 11:33:37 - mmengine - INFO - Epoch(val) [1][ 1225/68645]    eta: 10:06:47  time: 0.4483  data_time: 0.0128  
2026/01/11 11:33:37 - mmengine - INFO - Epoch(val) [1][ 1226/68645]    eta: 10:06:44  time: 0.4491  data_time: 0.0128  
2026/01/11 11:33:38 - mmengine - INFO - Epoch(val) [1][ 1227/68645]    eta: 10:06:36  time: 0.4482  data_time: 0.0127  
2026/01/11 11:33:38 - mmengine - INFO - Epoch(val) [1][ 1228/68645]    eta: 10:06:28  time: 0.4410  data_time: 0.0127  
2026/01/11 11:33:38 - mmengine - INFO - Epoch(val) [1][ 1229/68645]    eta: 10:06:25  time: 0.4483  data_time: 0.0127  
2026/01/11 11:33:39 - mmengine - INFO - Epoch(val) [1][ 1230/68645]    eta: 10:06:18  time: 0.4420  data_time: 0.0127  
2026/01/11 11:33:39 - mmengine - INFO - Epoch(val) [1][ 1231/68645]    eta: 10:06:14  time: 0.4469  data_time: 0.0128  
2026/01/11 11:33:40 - mmengine - INFO - Epoch(val) [1][ 1232/68645]    eta: 10:06:07  time: 0.4418  data_time: 0.0072  
2026/01/11 11:33:40 - mmengine - INFO - Epoch(val) [1][ 1233/68645]    eta: 10:06:03  time: 0.4492  data_time: 0.0072  
2026/01/11 11:33:41 - mmengine - INFO - Epoch(val) [1][ 1234/68645]    eta: 10:05:56  time: 0.4489  data_time: 0.0072  
2026/01/11 11:33:41 - mmengine - INFO - Epoch(val) [1][ 1235/68645]    eta: 10:05:54  time: 0.4517  data_time: 0.0018  
2026/01/11 11:33:42 - mmengine - INFO - Epoch(val) [1][ 1236/68645]    eta: 10:05:50  time: 0.4508  data_time: 0.0018  
2026/01/11 11:33:42 - mmengine - INFO - Epoch(val) [1][ 1237/68645]    eta: 10:05:42  time: 0.4514  data_time: 0.0018  
2026/01/11 11:33:43 - mmengine - INFO - Epoch(val) [1][ 1238/68645]    eta: 10:05:35  time: 0.4513  data_time: 0.0018  
2026/01/11 11:33:43 - mmengine - INFO - Epoch(val) [1][ 1239/68645]    eta: 10:05:31  time: 0.4501  data_time: 0.0024  
2026/01/11 11:33:43 - mmengine - INFO - Epoch(val) [1][ 1240/68645]    eta: 10:05:24  time: 0.4501  data_time: 0.0023  
2026/01/11 11:33:44 - mmengine - INFO - Epoch(val) [1][ 1241/68645]    eta: 10:05:20  time: 0.4490  data_time: 0.0022  
2026/01/11 11:33:44 - mmengine - INFO - Epoch(val) [1][ 1242/68645]    eta: 10:05:13  time: 0.4492  data_time: 0.0022  
2026/01/11 11:33:45 - mmengine - INFO - Epoch(val) [1][ 1243/68645]    eta: 10:05:11  time: 0.4519  data_time: 0.0022  
2026/01/11 11:33:45 - mmengine - INFO - Epoch(val) [1][ 1244/68645]    eta: 10:05:07  time: 0.4586  data_time: 0.0022  
2026/01/11 11:33:46 - mmengine - INFO - Epoch(val) [1][ 1245/68645]    eta: 10:05:05  time: 0.4589  data_time: 0.0022  
2026/01/11 11:33:46 - mmengine - INFO - Epoch(val) [1][ 1246/68645]    eta: 10:05:01  time: 0.4591  data_time: 0.0022  
2026/01/11 11:33:47 - mmengine - INFO - Epoch(val) [1][ 1247/68645]    eta: 10:04:54  time: 0.4598  data_time: 0.0023  
2026/01/11 11:33:47 - mmengine - INFO - Epoch(val) [1][ 1248/68645]    eta: 10:05:02  time: 0.4877  data_time: 0.0023  
2026/01/11 11:33:48 - mmengine - INFO - Epoch(val) [1][ 1249/68645]    eta: 10:04:59  time: 0.4905  data_time: 0.0018  
2026/01/11 11:33:48 - mmengine - INFO - Epoch(val) [1][ 1250/68645]    eta: 10:04:57  time: 0.4994  data_time: 0.0018  
2026/01/11 11:33:49 - mmengine - INFO - Epoch(val) [1][ 1251/68645]    eta: 10:04:54  time: 0.5006  data_time: 0.0018  
2026/01/11 11:33:49 - mmengine - INFO - Epoch(val) [1][ 1252/68645]    eta: 10:04:51  time: 0.5092  data_time: 0.0018  
2026/01/11 11:33:50 - mmengine - INFO - Epoch(val) [1][ 1253/68645]    eta: 10:04:48  time: 0.5068  data_time: 0.0018  
2026/01/11 11:33:50 - mmengine - INFO - Epoch(val) [1][ 1254/68645]    eta: 10:04:41  time: 0.5004  data_time: 0.0017  
2026/01/11 11:33:51 - mmengine - INFO - Epoch(val) [1][ 1255/68645]    eta: 10:04:38  time: 0.4988  data_time: 0.0017  
2026/01/11 11:33:51 - mmengine - INFO - Epoch(val) [1][ 1256/68645]    eta: 10:04:35  time: 0.4997  data_time: 0.0018  
2026/01/11 11:33:52 - mmengine - INFO - Epoch(val) [1][ 1257/68645]    eta: 10:04:28  time: 0.4997  data_time: 0.0017  
2026/01/11 11:33:52 - mmengine - INFO - Epoch(val) [1][ 1258/68645]    eta: 10:04:25  time: 0.4793  data_time: 0.0017  
2026/01/11 11:33:53 - mmengine - INFO - Epoch(val) [1][ 1259/68645]    eta: 10:04:17  time: 0.4701  data_time: 0.0016  
2026/01/11 11:33:53 - mmengine - INFO - Epoch(val) [1][ 1260/68645]    eta: 10:04:11  time: 0.4615  data_time: 0.0016  
2026/01/11 11:33:53 - mmengine - INFO - Epoch(val) [1][ 1261/68645]    eta: 10:04:06  time: 0.4596  data_time: 0.0071  
2026/01/11 11:33:54 - mmengine - INFO - Epoch(val) [1][ 1262/68645]    eta: 10:04:00  time: 0.4516  data_time: 0.0071  
2026/01/11 11:33:54 - mmengine - INFO - Epoch(val) [1][ 1263/68645]    eta: 10:03:56  time: 0.4519  data_time: 0.0071  
2026/01/11 11:33:55 - mmengine - INFO - Epoch(val) [1][ 1264/68645]    eta: 10:03:49  time: 0.4508  data_time: 0.0071  
2026/01/11 11:33:55 - mmengine - INFO - Epoch(val) [1][ 1265/68645]    eta: 10:03:45  time: 0.4498  data_time: 0.0127  
2026/01/11 11:33:56 - mmengine - INFO - Epoch(val) [1][ 1266/68645]    eta: 10:03:42  time: 0.4494  data_time: 0.0128  
2026/01/11 11:33:56 - mmengine - INFO - Epoch(val) [1][ 1267/68645]    eta: 10:03:35  time: 0.4488  data_time: 0.0127  
2026/01/11 11:33:57 - mmengine - INFO - Epoch(val) [1][ 1268/68645]    eta: 10:03:28  time: 0.4417  data_time: 0.0128  
2026/01/11 11:33:57 - mmengine - INFO - Epoch(val) [1][ 1269/68645]    eta: 10:03:25  time: 0.4496  data_time: 0.0128  
2026/01/11 11:33:58 - mmengine - INFO - Epoch(val) [1][ 1270/68645]    eta: 10:03:21  time: 0.4551  data_time: 0.0128  
2026/01/11 11:33:58 - mmengine - INFO - Epoch(val) [1][ 1271/68645]    eta: 10:03:14  time: 0.4496  data_time: 0.0074  
2026/01/11 11:33:58 - mmengine - INFO - Epoch(val) [1][ 1272/68645]    eta: 10:03:07  time: 0.4488  data_time: 0.0074  
2026/01/11 11:33:59 - mmengine - INFO - Epoch(val) [1][ 1273/68645]    eta: 10:03:00  time: 0.4406  data_time: 0.0074  
2026/01/11 11:33:59 - mmengine - INFO - Epoch(val) [1][ 1274/68645]    eta: 10:02:57  time: 0.4486  data_time: 0.0080  
2026/01/11 11:34:00 - mmengine - INFO - Epoch(val) [1][ 1275/68645]    eta: 10:02:53  time: 0.4491  data_time: 0.0024  
2026/01/11 11:34:00 - mmengine - INFO - Epoch(val) [1][ 1276/68645]    eta: 10:02:47  time: 0.4429  data_time: 0.0024  
2026/01/11 11:34:01 - mmengine - INFO - Epoch(val) [1][ 1277/68645]    eta: 10:02:43  time: 0.4489  data_time: 0.0026  
2026/01/11 11:34:01 - mmengine - INFO - Epoch(val) [1][ 1278/68645]    eta: 10:02:36  time: 0.4482  data_time: 0.0025  
2026/01/11 11:34:02 - mmengine - INFO - Epoch(val) [1][ 1279/68645]    eta: 10:02:28  time: 0.4400  data_time: 0.0025  
2026/01/11 11:34:02 - mmengine - INFO - Epoch(val) [1][ 1280/68645]    eta: 10:02:21  time: 0.4331  data_time: 0.0025  
2026/01/11 11:34:02 - mmengine - INFO - Epoch(val) [1][ 1281/68645]    eta: 10:02:18  time: 0.4414  data_time: 0.0024  
2026/01/11 11:34:03 - mmengine - INFO - Epoch(val) [1][ 1282/68645]    eta: 10:02:12  time: 0.4417  data_time: 0.0025  
2026/01/11 11:34:03 - mmengine - INFO - Epoch(val) [1][ 1283/68645]    eta: 10:02:07  time: 0.4472  data_time: 0.0078  
2026/01/11 11:34:04 - mmengine - INFO - Epoch(val) [1][ 1284/68645]    eta: 10:02:00  time: 0.4393  data_time: 0.0073  
2026/01/11 11:34:04 - mmengine - INFO - Epoch(val) [1][ 1285/68645]    eta: 10:01:53  time: 0.4326  data_time: 0.0073  
2026/01/11 11:34:05 - mmengine - INFO - Epoch(val) [1][ 1286/68645]    eta: 10:01:51  time: 0.4410  data_time: 0.0073  
2026/01/11 11:34:05 - mmengine - INFO - Epoch(val) [1][ 1287/68645]    eta: 10:01:58  time: 0.4603  data_time: 0.0125  
2026/01/11 11:34:06 - mmengine - INFO - Epoch(val) [1][ 1288/68645]    eta: 10:01:51  time: 0.4619  data_time: 0.0125  
2026/01/11 11:34:06 - mmengine - INFO - Epoch(val) [1][ 1289/68645]    eta: 10:01:47  time: 0.4682  data_time: 0.0189  
2026/01/11 11:34:07 - mmengine - INFO - Epoch(val) [1][ 1290/68645]    eta: 10:01:40  time: 0.4686  data_time: 0.0189  
2026/01/11 11:34:07 - mmengine - INFO - Epoch(val) [1][ 1291/68645]    eta: 10:01:33  time: 0.4607  data_time: 0.0190  
2026/01/11 11:34:07 - mmengine - INFO - Epoch(val) [1][ 1292/68645]    eta: 10:01:29  time: 0.4658  data_time: 0.0194  
2026/01/11 11:34:08 - mmengine - INFO - Epoch(val) [1][ 1293/68645]    eta: 10:01:23  time: 0.4612  data_time: 0.0141  
2026/01/11 11:34:08 - mmengine - INFO - Epoch(val) [1][ 1294/68645]    eta: 10:01:20  time: 0.4688  data_time: 0.0141  
2026/01/11 11:34:09 - mmengine - INFO - Epoch(val) [1][ 1295/68645]    eta: 10:01:12  time: 0.4683  data_time: 0.0141  
2026/01/11 11:34:09 - mmengine - INFO - Epoch(val) [1][ 1296/68645]    eta: 10:01:09  time: 0.4655  data_time: 0.0140  
2026/01/11 11:34:10 - mmengine - INFO - Epoch(val) [1][ 1297/68645]    eta: 10:01:02  time: 0.4392  data_time: 0.0086  
2026/01/11 11:34:10 - mmengine - INFO - Epoch(val) [1][ 1298/68645]    eta: 10:00:55  time: 0.4378  data_time: 0.0086  
2026/01/11 11:34:10 - mmengine - INFO - Epoch(val) [1][ 1299/68645]    eta: 10:00:48  time: 0.4314  data_time: 0.0023  
2026/01/11 11:34:11 - mmengine - INFO - Epoch(val) [1][ 1300/68645]    eta: 10:00:40  time: 0.4309  data_time: 0.0023  
2026/01/11 11:34:11 - mmengine - INFO - Epoch(val) [1][ 1301/68645]    eta: 10:00:33  time: 0.4294  data_time: 0.0022  
2026/01/11 11:34:12 - mmengine - INFO - Epoch(val) [1][ 1302/68645]    eta: 10:00:25  time: 0.4222  data_time: 0.0017  
2026/01/11 11:34:12 - mmengine - INFO - Epoch(val) [1][ 1303/68645]    eta: 10:00:22  time: 0.4285  data_time: 0.0017  
2026/01/11 11:34:13 - mmengine - INFO - Epoch(val) [1][ 1304/68645]    eta: 10:00:15  time: 0.4204  data_time: 0.0017  
2026/01/11 11:34:13 - mmengine - INFO - Epoch(val) [1][ 1305/68645]    eta: 10:00:08  time: 0.4204  data_time: 0.0017  
2026/01/11 11:34:13 - mmengine - INFO - Epoch(val) [1][ 1306/68645]    eta: 10:00:04  time: 0.4201  data_time: 0.0017  
2026/01/11 11:34:14 - mmengine - INFO - Epoch(val) [1][ 1307/68645]    eta: 9:59:58  time: 0.4212  data_time: 0.0017  
2026/01/11 11:34:14 - mmengine - INFO - Epoch(val) [1][ 1308/68645]    eta: 9:59:55  time: 0.4297  data_time: 0.0017  
2026/01/11 11:34:15 - mmengine - INFO - Epoch(val) [1][ 1309/68645]    eta: 9:59:49  time: 0.4308  data_time: 0.0017  
2026/01/11 11:34:15 - mmengine - INFO - Epoch(val) [1][ 1310/68645]    eta: 9:59:46  time: 0.4389  data_time: 0.0018  
2026/01/11 11:34:16 - mmengine - INFO - Epoch(val) [1][ 1311/68645]    eta: 9:59:43  time: 0.4490  data_time: 0.0018  
2026/01/11 11:34:16 - mmengine - INFO - Epoch(val) [1][ 1312/68645]    eta: 9:59:40  time: 0.4578  data_time: 0.0018  
2026/01/11 11:34:17 - mmengine - INFO - Epoch(val) [1][ 1313/68645]    eta: 9:59:34  time: 0.4521  data_time: 0.0021  
2026/01/11 11:34:17 - mmengine - INFO - Epoch(val) [1][ 1314/68645]    eta: 9:59:31  time: 0.4604  data_time: 0.0021  
2026/01/11 11:34:18 - mmengine - INFO - Epoch(val) [1][ 1315/68645]    eta: 9:59:29  time: 0.4697  data_time: 0.0021  
2026/01/11 11:34:18 - mmengine - INFO - Epoch(val) [1][ 1316/68645]    eta: 9:59:27  time: 0.4723  data_time: 0.0021  
2026/01/11 11:34:19 - mmengine - INFO - Epoch(val) [1][ 1317/68645]    eta: 9:59:24  time: 0.4789  data_time: 0.0021  
2026/01/11 11:34:19 - mmengine - INFO - Epoch(val) [1][ 1318/68645]    eta: 9:59:18  time: 0.4718  data_time: 0.0021  
2026/01/11 11:34:20 - mmengine - INFO - Epoch(val) [1][ 1319/68645]    eta: 9:59:15  time: 0.4790  data_time: 0.0026  
2026/01/11 11:34:20 - mmengine - INFO - Epoch(val) [1][ 1320/68645]    eta: 9:59:12  time: 0.4794  data_time: 0.0026  
2026/01/11 11:34:21 - mmengine - INFO - Epoch(val) [1][ 1321/68645]    eta: 9:59:11  time: 0.4807  data_time: 0.0026  
2026/01/11 11:34:21 - mmengine - INFO - Epoch(val) [1][ 1322/68645]    eta: 9:59:08  time: 0.4818  data_time: 0.0026  
2026/01/11 11:34:22 - mmengine - INFO - Epoch(val) [1][ 1323/68645]    eta: 9:59:06  time: 0.4893  data_time: 0.0023  
2026/01/11 11:34:22 - mmengine - INFO - Epoch(val) [1][ 1324/68645]    eta: 9:59:04  time: 0.4902  data_time: 0.0023  
2026/01/11 11:34:23 - mmengine - INFO - Epoch(val) [1][ 1325/68645]    eta: 9:59:01  time: 0.4904  data_time: 0.0023  
2026/01/11 11:34:23 - mmengine - INFO - Epoch(val) [1][ 1326/68645]    eta: 9:58:59  time: 0.4893  data_time: 0.0023  
2026/01/11 11:34:24 - mmengine - INFO - Epoch(val) [1][ 1327/68645]    eta: 9:58:57  time: 0.4911  data_time: 0.0023  
2026/01/11 11:34:24 - mmengine - INFO - Epoch(val) [1][ 1328/68645]    eta: 9:59:10  time: 0.5291  data_time: 0.0023  
2026/01/11 11:34:25 - mmengine - INFO - Epoch(val) [1][ 1329/68645]    eta: 9:59:07  time: 0.5299  data_time: 0.0018  
2026/01/11 11:34:25 - mmengine - INFO - Epoch(val) [1][ 1330/68645]    eta: 9:59:06  time: 0.5314  data_time: 0.0018  
2026/01/11 11:34:26 - mmengine - INFO - Epoch(val) [1][ 1331/68645]    eta: 9:59:03  time: 0.5305  data_time: 0.0018  
2026/01/11 11:34:26 - mmengine - INFO - Epoch(val) [1][ 1332/68645]    eta: 9:59:05  time: 0.5383  data_time: 0.0019  
2026/01/11 11:34:27 - mmengine - INFO - Epoch(val) [1][ 1333/68645]    eta: 9:59:04  time: 0.5400  data_time: 0.0018  
2026/01/11 11:34:28 - mmengine - INFO - Epoch(val) [1][ 1334/68645]    eta: 9:59:06  time: 0.5484  data_time: 0.0018  
2026/01/11 11:34:28 - mmengine - INFO - Epoch(val) [1][ 1335/68645]    eta: 9:59:05  time: 0.5506  data_time: 0.0018  
2026/01/11 11:34:29 - mmengine - INFO - Epoch(val) [1][ 1336/68645]    eta: 9:59:06  time: 0.5593  data_time: 0.0018  
2026/01/11 11:34:29 - mmengine - INFO - Epoch(val) [1][ 1337/68645]    eta: 9:59:04  time: 0.5598  data_time: 0.0018  
2026/01/11 11:34:30 - mmengine - INFO - Epoch(val) [1][ 1338/68645]    eta: 9:59:02  time: 0.5295  data_time: 0.0019  
2026/01/11 11:34:30 - mmengine - INFO - Epoch(val) [1][ 1339/68645]    eta: 9:59:00  time: 0.5298  data_time: 0.0019  
2026/01/11 11:34:31 - mmengine - INFO - Epoch(val) [1][ 1340/68645]    eta: 9:58:58  time: 0.5288  data_time: 0.0019  
2026/01/11 11:34:31 - mmengine - INFO - Epoch(val) [1][ 1341/68645]    eta: 9:58:56  time: 0.5292  data_time: 0.0019  
2026/01/11 11:34:32 - mmengine - INFO - Epoch(val) [1][ 1342/68645]    eta: 9:58:54  time: 0.5221  data_time: 0.0021  
2026/01/11 11:34:32 - mmengine - INFO - Epoch(val) [1][ 1343/68645]    eta: 9:58:51  time: 0.5196  data_time: 0.0020  
2026/01/11 11:34:33 - mmengine - INFO - Epoch(val) [1][ 1344/68645]    eta: 9:58:48  time: 0.5099  data_time: 0.0020  
2026/01/11 11:34:33 - mmengine - INFO - Epoch(val) [1][ 1345/68645]    eta: 9:58:46  time: 0.5068  data_time: 0.0019  
2026/01/11 11:34:34 - mmengine - INFO - Epoch(val) [1][ 1346/68645]    eta: 9:58:43  time: 0.4989  data_time: 0.0021  
2026/01/11 11:34:34 - mmengine - INFO - Epoch(val) [1][ 1347/68645]    eta: 9:58:37  time: 0.4907  data_time: 0.0021  
2026/01/11 11:34:35 - mmengine - INFO - Epoch(val) [1][ 1348/68645]    eta: 9:58:35  time: 0.4900  data_time: 0.0020  
2026/01/11 11:34:35 - mmengine - INFO - Epoch(val) [1][ 1349/68645]    eta: 9:58:32  time: 0.4888  data_time: 0.0021  
2026/01/11 11:34:36 - mmengine - INFO - Epoch(val) [1][ 1350/68645]    eta: 9:58:29  time: 0.4883  data_time: 0.0020  
2026/01/11 11:34:36 - mmengine - INFO - Epoch(val) [1][ 1351/68645]    eta: 9:58:28  time: 0.4888  data_time: 0.0020  
2026/01/11 11:34:37 - mmengine - INFO - Epoch(val) [1][ 1352/68645]    eta: 9:58:25  time: 0.4876  data_time: 0.0019  
2026/01/11 11:34:37 - mmengine - INFO - Epoch(val) [1][ 1353/68645]    eta: 9:58:23  time: 0.4878  data_time: 0.0019  
2026/01/11 11:34:38 - mmengine - INFO - Epoch(val) [1][ 1354/68645]    eta: 9:58:18  time: 0.4830  data_time: 0.0020  
2026/01/11 11:34:38 - mmengine - INFO - Epoch(val) [1][ 1355/68645]    eta: 9:58:14  time: 0.4819  data_time: 0.0076  
2026/01/11 11:34:38 - mmengine - INFO - Epoch(val) [1][ 1356/68645]    eta: 9:58:12  time: 0.4807  data_time: 0.0074  
2026/01/11 11:34:39 - mmengine - INFO - Epoch(val) [1][ 1357/68645]    eta: 9:58:09  time: 0.4875  data_time: 0.0073  
2026/01/11 11:34:39 - mmengine - INFO - Epoch(val) [1][ 1358/68645]    eta: 9:58:07  time: 0.4883  data_time: 0.0073  
2026/01/11 11:34:40 - mmengine - INFO - Epoch(val) [1][ 1359/68645]    eta: 9:58:05  time: 0.4897  data_time: 0.0073  
2026/01/11 11:34:40 - mmengine - INFO - Epoch(val) [1][ 1360/68645]    eta: 9:58:03  time: 0.4912  data_time: 0.0072  
2026/01/11 11:34:41 - mmengine - INFO - Epoch(val) [1][ 1361/68645]    eta: 9:58:01  time: 0.4907  data_time: 0.0072  
2026/01/11 11:34:42 - mmengine - INFO - Epoch(val) [1][ 1362/68645]    eta: 9:57:59  time: 0.4916  data_time: 0.0071  
2026/01/11 11:34:42 - mmengine - INFO - Epoch(val) [1][ 1363/68645]    eta: 9:58:01  time: 0.4999  data_time: 0.0078  
2026/01/11 11:34:43 - mmengine - INFO - Epoch(val) [1][ 1364/68645]    eta: 9:57:59  time: 0.5075  data_time: 0.0077  
2026/01/11 11:34:43 - mmengine - INFO - Epoch(val) [1][ 1365/68645]    eta: 9:58:01  time: 0.5180  data_time: 0.0021  
2026/01/11 11:34:44 - mmengine - INFO - Epoch(val) [1][ 1366/68645]    eta: 9:57:59  time: 0.5189  data_time: 0.0021  
2026/01/11 11:34:44 - mmengine - INFO - Epoch(val) [1][ 1367/68645]    eta: 9:57:57  time: 0.5196  data_time: 0.0021  
2026/01/11 11:34:45 - mmengine - INFO - Epoch(val) [1][ 1368/68645]    eta: 9:57:51  time: 0.5126  data_time: 0.0021  
2026/01/11 11:34:45 - mmengine - INFO - Epoch(val) [1][ 1369/68645]    eta: 9:58:03  time: 0.5396  data_time: 0.0021  
2026/01/11 11:34:46 - mmengine - INFO - Epoch(val) [1][ 1370/68645]    eta: 9:58:02  time: 0.5415  data_time: 0.0022  
2026/01/11 11:34:47 - mmengine - INFO - Epoch(val) [1][ 1371/68645]    eta: 9:58:04  time: 0.5497  data_time: 0.0089  
2026/01/11 11:34:47 - mmengine - INFO - Epoch(val) [1][ 1372/68645]    eta: 9:58:02  time: 0.5504  data_time: 0.0089  
2026/01/11 11:34:48 - mmengine - INFO - Epoch(val) [1][ 1373/68645]    eta: 9:58:00  time: 0.5431  data_time: 0.0150  
2026/01/11 11:34:48 - mmengine - INFO - Epoch(val) [1][ 1374/68645]    eta: 9:58:02  time: 0.5484  data_time: 0.0150  
2026/01/11 11:34:49 - mmengine - INFO - Epoch(val) [1][ 1375/68645]    eta: 9:58:00  time: 0.5414  data_time: 0.0150  
2026/01/11 11:34:49 - mmengine - INFO - Epoch(val) [1][ 1376/68645]    eta: 9:58:02  time: 0.5502  data_time: 0.0153  
2026/01/11 11:34:50 - mmengine - INFO - Epoch(val) [1][ 1377/68645]    eta: 9:58:05  time: 0.5607  data_time: 0.0153  
2026/01/11 11:34:50 - mmengine - INFO - Epoch(val) [1][ 1378/68645]    eta: 9:58:07  time: 0.5771  data_time: 0.0154  
2026/01/11 11:34:51 - mmengine - INFO - Epoch(val) [1][ 1379/68645]    eta: 9:58:11  time: 0.5615  data_time: 0.0154  
2026/01/11 11:34:52 - mmengine - INFO - Epoch(val) [1][ 1380/68645]    eta: 9:58:13  time: 0.5674  data_time: 0.0154  
2026/01/11 11:34:52 - mmengine - INFO - Epoch(val) [1][ 1381/68645]    eta: 9:58:12  time: 0.5601  data_time: 0.0088  
2026/01/11 11:34:53 - mmengine - INFO - Epoch(val) [1][ 1382/68645]    eta: 9:58:14  time: 0.5674  data_time: 0.0093  
2026/01/11 11:34:53 - mmengine - INFO - Epoch(val) [1][ 1383/68645]    eta: 9:58:17  time: 0.5779  data_time: 0.0026  
2026/01/11 11:34:54 - mmengine - INFO - Epoch(val) [1][ 1384/68645]    eta: 9:58:15  time: 0.5725  data_time: 0.0026  
2026/01/11 11:34:54 - mmengine - INFO - Epoch(val) [1][ 1385/68645]    eta: 9:58:17  time: 0.5796  data_time: 0.0026  
2026/01/11 11:34:55 - mmengine - INFO - Epoch(val) [1][ 1386/68645]    eta: 9:58:15  time: 0.5709  data_time: 0.0023  
2026/01/11 11:34:55 - mmengine - INFO - Epoch(val) [1][ 1387/68645]    eta: 9:58:13  time: 0.5600  data_time: 0.0023  
2026/01/11 11:34:56 - mmengine - INFO - Epoch(val) [1][ 1388/68645]    eta: 9:58:10  time: 0.5502  data_time: 0.0023  
2026/01/11 11:34:56 - mmengine - INFO - Epoch(val) [1][ 1389/68645]    eta: 9:58:08  time: 0.5387  data_time: 0.0023  
2026/01/11 11:34:57 - mmengine - INFO - Epoch(val) [1][ 1390/68645]    eta: 9:58:06  time: 0.5303  data_time: 0.0023  
2026/01/11 11:34:57 - mmengine - INFO - Epoch(val) [1][ 1391/68645]    eta: 9:58:05  time: 0.5301  data_time: 0.0022  
2026/01/11 11:34:58 - mmengine - INFO - Epoch(val) [1][ 1392/68645]    eta: 9:58:07  time: 0.5304  data_time: 0.0017  
2026/01/11 11:34:58 - mmengine - INFO - Epoch(val) [1][ 1393/68645]    eta: 9:58:05  time: 0.5210  data_time: 0.0017  
2026/01/11 11:34:59 - mmengine - INFO - Epoch(val) [1][ 1394/68645]    eta: 9:58:07  time: 0.5271  data_time: 0.0017  
2026/01/11 11:35:00 - mmengine - INFO - Epoch(val) [1][ 1395/68645]    eta: 9:58:06  time: 0.5212  data_time: 0.0017  
2026/01/11 11:35:00 - mmengine - INFO - Epoch(val) [1][ 1396/68645]    eta: 9:58:07  time: 0.5287  data_time: 0.0018  
2026/01/11 11:35:01 - mmengine - INFO - Epoch(val) [1][ 1397/68645]    eta: 9:58:06  time: 0.5306  data_time: 0.0017  
2026/01/11 11:35:01 - mmengine - INFO - Epoch(val) [1][ 1398/68645]    eta: 9:58:08  time: 0.5402  data_time: 0.0017  
2026/01/11 11:35:02 - mmengine - INFO - Epoch(val) [1][ 1399/68645]    eta: 9:58:07  time: 0.5411  data_time: 0.0017  
2026/01/11 11:35:02 - mmengine - INFO - Epoch(val) [1][ 1400/68645]    eta: 9:58:09  time: 0.5510  data_time: 0.0017  
2026/01/11 11:35:03 - mmengine - INFO - Epoch(val) [1][ 1401/68645]    eta: 9:58:11  time: 0.5586  data_time: 0.0017  
2026/01/11 11:35:04 - mmengine - INFO - Epoch(val) [1][ 1402/68645]    eta: 9:58:14  time: 0.5591  data_time: 0.0017  
2026/01/11 11:35:04 - mmengine - INFO - Epoch(val) [1][ 1403/68645]    eta: 9:58:12  time: 0.5588  data_time: 0.0017  
2026/01/11 11:35:05 - mmengine - INFO - Epoch(val) [1][ 1404/68645]    eta: 9:58:15  time: 0.5612  data_time: 0.0018  
2026/01/11 11:35:05 - mmengine - INFO - Epoch(val) [1][ 1405/68645]    eta: 9:58:13  time: 0.5595  data_time: 0.0017  
2026/01/11 11:35:06 - mmengine - INFO - Epoch(val) [1][ 1406/68645]    eta: 9:58:20  time: 0.5716  data_time: 0.0021  
2026/01/11 11:35:07 - mmengine - INFO - Epoch(val) [1][ 1407/68645]    eta: 9:58:32  time: 0.5989  data_time: 0.0022  
2026/01/11 11:35:07 - mmengine - INFO - Epoch(val) [1][ 1408/68645]    eta: 9:58:34  time: 0.5995  data_time: 0.0022  
2026/01/11 11:35:08 - mmengine - INFO - Epoch(val) [1][ 1409/68645]    eta: 9:58:37  time: 0.6080  data_time: 0.0022  
2026/01/11 11:35:08 - mmengine - INFO - Epoch(val) [1][ 1410/68645]    eta: 9:58:40  time: 0.6086  data_time: 0.0022  
2026/01/11 11:35:09 - mmengine - INFO - Epoch(val) [1][ 1411/68645]    eta: 9:58:38  time: 0.6014  data_time: 0.0022  
2026/01/11 11:35:10 - mmengine - INFO - Epoch(val) [1][ 1412/68645]    eta: 9:58:41  time: 0.6018  data_time: 0.0022  
2026/01/11 11:35:10 - mmengine - INFO - Epoch(val) [1][ 1413/68645]    eta: 9:58:42  time: 0.6091  data_time: 0.0022  
2026/01/11 11:35:11 - mmengine - INFO - Epoch(val) [1][ 1414/68645]    eta: 9:58:41  time: 0.6002  data_time: 0.0022  
2026/01/11 11:35:11 - mmengine - INFO - Epoch(val) [1][ 1415/68645]    eta: 9:58:39  time: 0.6002  data_time: 0.0022  
2026/01/11 11:35:12 - mmengine - INFO - Epoch(val) [1][ 1416/68645]    eta: 9:58:41  time: 0.5890  data_time: 0.0018  
2026/01/11 11:35:12 - mmengine - INFO - Epoch(val) [1][ 1417/68645]    eta: 9:58:40  time: 0.5624  data_time: 0.0018  
2026/01/11 11:35:13 - mmengine - INFO - Epoch(val) [1][ 1418/68645]    eta: 9:58:37  time: 0.5517  data_time: 0.0018  
2026/01/11 11:35:13 - mmengine - INFO - Epoch(val) [1][ 1419/68645]    eta: 9:58:35  time: 0.5428  data_time: 0.0018  
2026/01/11 11:35:14 - mmengine - INFO - Epoch(val) [1][ 1420/68645]    eta: 9:58:33  time: 0.5320  data_time: 0.0017  
2026/01/11 11:35:14 - mmengine - INFO - Epoch(val) [1][ 1421/68645]    eta: 9:58:31  time: 0.5292  data_time: 0.0017  
2026/01/11 11:35:15 - mmengine - INFO - Epoch(val) [1][ 1422/68645]    eta: 9:58:29  time: 0.5203  data_time: 0.0017  
2026/01/11 11:35:15 - mmengine - INFO - Epoch(val) [1][ 1423/68645]    eta: 9:58:26  time: 0.5120  data_time: 0.0017  
2026/01/11 11:35:16 - mmengine - INFO - Epoch(val) [1][ 1424/68645]    eta: 9:58:24  time: 0.5102  data_time: 0.0018  
2026/01/11 11:35:16 - mmengine - INFO - Epoch(val) [1][ 1425/68645]    eta: 9:58:22  time: 0.5099  data_time: 0.0020  
2026/01/11 11:35:17 - mmengine - INFO - Epoch(val) [1][ 1426/68645]    eta: 9:58:20  time: 0.5015  data_time: 0.0020  
2026/01/11 11:35:17 - mmengine - INFO - Epoch(val) [1][ 1427/68645]    eta: 9:58:22  time: 0.5072  data_time: 0.0021  
2026/01/11 11:35:18 - mmengine - INFO - Epoch(val) [1][ 1428/68645]    eta: 9:58:20  time: 0.5100  data_time: 0.0021  
2026/01/11 11:35:19 - mmengine - INFO - Epoch(val) [1][ 1429/68645]    eta: 9:58:23  time: 0.5197  data_time: 0.0021  
2026/01/11 11:35:19 - mmengine - INFO - Epoch(val) [1][ 1430/68645]    eta: 9:58:25  time: 0.5286  data_time: 0.0090  
2026/01/11 11:35:20 - mmengine - INFO - Epoch(val) [1][ 1431/68645]    eta: 9:58:23  time: 0.5302  data_time: 0.0090  
2026/01/11 11:35:20 - mmengine - INFO - Epoch(val) [1][ 1432/68645]    eta: 9:58:25  time: 0.5382  data_time: 0.0094  
2026/01/11 11:35:21 - mmengine - INFO - Epoch(val) [1][ 1433/68645]    eta: 9:58:24  time: 0.5403  data_time: 0.0094  
2026/01/11 11:35:21 - mmengine - INFO - Epoch(val) [1][ 1434/68645]    eta: 9:58:25  time: 0.5480  data_time: 0.0097  
2026/01/11 11:35:22 - mmengine - INFO - Epoch(val) [1][ 1435/68645]    eta: 9:58:28  time: 0.5588  data_time: 0.0095  
2026/01/11 11:35:22 - mmengine - INFO - Epoch(val) [1][ 1436/68645]    eta: 9:58:27  time: 0.5598  data_time: 0.0095  
2026/01/11 11:35:23 - mmengine - INFO - Epoch(val) [1][ 1437/68645]    eta: 9:58:28  time: 0.5602  data_time: 0.0098  
2026/01/11 11:35:23 - mmengine - INFO - Epoch(val) [1][ 1438/68645]    eta: 9:58:27  time: 0.5596  data_time: 0.0098  
2026/01/11 11:35:24 - mmengine - INFO - Epoch(val) [1][ 1439/68645]    eta: 9:58:25  time: 0.5496  data_time: 0.0098  
2026/01/11 11:35:25 - mmengine - INFO - Epoch(val) [1][ 1440/68645]    eta: 9:58:27  time: 0.5485  data_time: 0.0030  
2026/01/11 11:35:25 - mmengine - INFO - Epoch(val) [1][ 1441/68645]    eta: 9:58:21  time: 0.5406  data_time: 0.0030  
2026/01/11 11:35:26 - mmengine - INFO - Epoch(val) [1][ 1442/68645]    eta: 9:58:19  time: 0.5322  data_time: 0.0025  
2026/01/11 11:35:26 - mmengine - INFO - Epoch(val) [1][ 1443/68645]    eta: 9:58:29  time: 0.5575  data_time: 0.0026  
2026/01/11 11:35:27 - mmengine - INFO - Epoch(val) [1][ 1444/68645]    eta: 9:58:24  time: 0.5431  data_time: 0.0023  
2026/01/11 11:35:27 - mmengine - INFO - Epoch(val) [1][ 1445/68645]    eta: 9:58:25  time: 0.5384  data_time: 0.0087  
2026/01/11 11:35:28 - mmengine - INFO - Epoch(val) [1][ 1446/68645]    eta: 9:58:24  time: 0.5392  data_time: 0.0088  
2026/01/11 11:35:28 - mmengine - INFO - Epoch(val) [1][ 1447/68645]    eta: 9:58:26  time: 0.5398  data_time: 0.0083  
2026/01/11 11:35:29 - mmengine - INFO - Epoch(val) [1][ 1448/68645]    eta: 9:58:24  time: 0.5399  data_time: 0.0083  
2026/01/11 11:35:29 - mmengine - INFO - Epoch(val) [1][ 1449/68645]    eta: 9:58:26  time: 0.5488  data_time: 0.0083  
2026/01/11 11:35:30 - mmengine - INFO - Epoch(val) [1][ 1450/68645]    eta: 9:58:25  time: 0.5426  data_time: 0.0083  
2026/01/11 11:35:31 - mmengine - INFO - Epoch(val) [1][ 1451/68645]    eta: 9:58:26  time: 0.5567  data_time: 0.0149  
2026/01/11 11:35:31 - mmengine - INFO - Epoch(val) [1][ 1452/68645]    eta: 9:58:24  time: 0.5575  data_time: 0.0149  
2026/01/11 11:35:32 - mmengine - INFO - Epoch(val) [1][ 1453/68645]    eta: 9:58:27  time: 0.5397  data_time: 0.0147  
2026/01/11 11:35:32 - mmengine - INFO - Epoch(val) [1][ 1454/68645]    eta: 9:58:25  time: 0.5482  data_time: 0.0147  
2026/01/11 11:35:33 - mmengine - INFO - Epoch(val) [1][ 1455/68645]    eta: 9:58:32  time: 0.5599  data_time: 0.0083  
2026/01/11 11:35:33 - mmengine - INFO - Epoch(val) [1][ 1456/68645]    eta: 9:58:30  time: 0.5589  data_time: 0.0083  
2026/01/11 11:35:34 - mmengine - INFO - Epoch(val) [1][ 1457/68645]    eta: 9:58:32  time: 0.5598  data_time: 0.0083  
2026/01/11 11:35:34 - mmengine - INFO - Epoch(val) [1][ 1458/68645]    eta: 9:58:30  time: 0.5589  data_time: 0.0082  
2026/01/11 11:35:35 - mmengine - INFO - Epoch(val) [1][ 1459/68645]    eta: 9:58:32  time: 0.5586  data_time: 0.0082  
2026/01/11 11:35:36 - mmengine - INFO - Epoch(val) [1][ 1460/68645]    eta: 9:58:31  time: 0.5580  data_time: 0.0083  
2026/01/11 11:35:36 - mmengine - INFO - Epoch(val) [1][ 1461/68645]    eta: 9:58:29  time: 0.5524  data_time: 0.0016  
2026/01/11 11:35:37 - mmengine - INFO - Epoch(val) [1][ 1462/68645]    eta: 9:58:31  time: 0.5606  data_time: 0.0016  
2026/01/11 11:35:37 - mmengine - INFO - Epoch(val) [1][ 1463/68645]    eta: 9:58:34  time: 0.5632  data_time: 0.0017  
2026/01/11 11:35:38 - mmengine - INFO - Epoch(val) [1][ 1464/68645]    eta: 9:58:40  time: 0.5787  data_time: 0.0079  
2026/01/11 11:35:39 - mmengine - INFO - Epoch(val) [1][ 1465/68645]    eta: 9:58:42  time: 0.5700  data_time: 0.0080  
2026/01/11 11:35:39 - mmengine - INFO - Epoch(val) [1][ 1466/68645]    eta: 9:58:41  time: 0.5714  data_time: 0.0080  
2026/01/11 11:35:40 - mmengine - INFO - Epoch(val) [1][ 1467/68645]    eta: 9:58:44  time: 0.5715  data_time: 0.0085  
2026/01/11 11:35:40 - mmengine - INFO - Epoch(val) [1][ 1468/68645]    eta: 9:58:45  time: 0.5797  data_time: 0.0085  
2026/01/11 11:35:41 - mmengine - INFO - Epoch(val) [1][ 1469/68645]    eta: 9:58:48  time: 0.5796  data_time: 0.0085  
2026/01/11 11:35:41 - mmengine - INFO - Epoch(val) [1][ 1470/68645]    eta: 9:58:47  time: 0.5812  data_time: 0.0087  
2026/01/11 11:35:42 - mmengine - INFO - Epoch(val) [1][ 1471/68645]    eta: 9:58:48  time: 0.5880  data_time: 0.0087  
2026/01/11 11:35:42 - mmengine - INFO - Epoch(val) [1][ 1472/68645]    eta: 9:58:47  time: 0.5806  data_time: 0.0087  
2026/01/11 11:35:43 - mmengine - INFO - Epoch(val) [1][ 1473/68645]    eta: 9:58:48  time: 0.5767  data_time: 0.0087  
2026/01/11 11:35:44 - mmengine - INFO - Epoch(val) [1][ 1474/68645]    eta: 9:58:47  time: 0.5616  data_time: 0.0025  
2026/01/11 11:35:44 - mmengine - INFO - Epoch(val) [1][ 1475/68645]    eta: 9:58:48  time: 0.5596  data_time: 0.0024  
2026/01/11 11:35:45 - mmengine - INFO - Epoch(val) [1][ 1476/68645]    eta: 9:58:47  time: 0.5589  data_time: 0.0024  
2026/01/11 11:35:45 - mmengine - INFO - Epoch(val) [1][ 1477/68645]    eta: 9:58:45  time: 0.5496  data_time: 0.0019  
2026/01/11 11:35:46 - mmengine - INFO - Epoch(val) [1][ 1478/68645]    eta: 9:58:47  time: 0.5496  data_time: 0.0020  
2026/01/11 11:35:46 - mmengine - INFO - Epoch(val) [1][ 1479/68645]    eta: 9:58:49  time: 0.5506  data_time: 0.0020  
2026/01/11 11:35:47 - mmengine - INFO - Epoch(val) [1][ 1480/68645]    eta: 9:59:05  time: 0.5879  data_time: 0.0018  
2026/01/11 11:35:48 - mmengine - INFO - Epoch(val) [1][ 1481/68645]    eta: 9:59:08  time: 0.5911  data_time: 0.0018  
2026/01/11 11:35:49 - mmengine - INFO - Epoch(val) [1][ 1482/68645]    eta: 9:59:11  time: 0.6011  data_time: 0.0018  
2026/01/11 11:35:49 - mmengine - INFO - Epoch(val) [1][ 1483/68645]    eta: 9:59:13  time: 0.6010  data_time: 0.0083  
2026/01/11 11:35:50 - mmengine - INFO - Epoch(val) [1][ 1484/68645]    eta: 9:59:15  time: 0.6080  data_time: 0.0083  
2026/01/11 11:35:50 - mmengine - INFO - Epoch(val) [1][ 1485/68645]    eta: 9:59:17  time: 0.6106  data_time: 0.0083  
2026/01/11 11:35:51 - mmengine - INFO - Epoch(val) [1][ 1486/68645]    eta: 9:59:16  time: 0.6112  data_time: 0.0083  
2026/01/11 11:35:51 - mmengine - INFO - Epoch(val) [1][ 1487/68645]    eta: 9:59:17  time: 0.6182  data_time: 0.0083  
2026/01/11 11:35:52 - mmengine - INFO - Epoch(val) [1][ 1488/68645]    eta: 9:59:16  time: 0.6112  data_time: 0.0083  
2026/01/11 11:35:52 - mmengine - INFO - Epoch(val) [1][ 1489/68645]    eta: 9:59:15  time: 0.6027  data_time: 0.0083  
2026/01/11 11:35:53 - mmengine - INFO - Epoch(val) [1][ 1490/68645]    eta: 9:59:16  time: 0.5703  data_time: 0.0147  
2026/01/11 11:35:54 - mmengine - INFO - Epoch(val) [1][ 1491/68645]    eta: 9:59:14  time: 0.5606  data_time: 0.0146  
2026/01/11 11:35:54 - mmengine - INFO - Epoch(val) [1][ 1492/68645]    eta: 9:59:16  time: 0.5567  data_time: 0.0152  
2026/01/11 11:35:55 - mmengine - INFO - Epoch(val) [1][ 1493/68645]    eta: 9:59:14  time: 0.5499  data_time: 0.0088  
2026/01/11 11:35:55 - mmengine - INFO - Epoch(val) [1][ 1494/68645]    eta: 9:59:13  time: 0.5423  data_time: 0.0088  
2026/01/11 11:35:56 - mmengine - INFO - Epoch(val) [1][ 1495/68645]    eta: 9:59:14  time: 0.5399  data_time: 0.0088  
2026/01/11 11:35:56 - mmengine - INFO - Epoch(val) [1][ 1496/68645]    eta: 9:59:16  time: 0.5472  data_time: 0.0088  
2026/01/11 11:35:57 - mmengine - INFO - Epoch(val) [1][ 1497/68645]    eta: 9:59:19  time: 0.5502  data_time: 0.0088  
2026/01/11 11:35:57 - mmengine - INFO - Epoch(val) [1][ 1498/68645]    eta: 9:59:17  time: 0.5501  data_time: 0.0087  
2026/01/11 11:35:58 - mmengine - INFO - Epoch(val) [1][ 1499/68645]    eta: 9:59:19  time: 0.5581  data_time: 0.0088  
2026/01/11 11:35:59 - mmengine - INFO - Epoch(val) [1][ 1500/68645]    eta: 9:59:18  time: 0.5516  data_time: 0.0024  
2026/01/11 11:35:59 - mmengine - INFO - Epoch(val) [1][ 1501/68645]    eta: 9:59:24  time: 0.5681  data_time: 0.0023  
2026/01/11 11:36:00 - mmengine - INFO - Epoch(val) [1][ 1502/68645]    eta: 9:59:26  time: 0.5710  data_time: 0.0017  
2026/01/11 11:36:00 - mmengine - INFO - Epoch(val) [1][ 1503/68645]    eta: 9:59:33  time: 0.5888  data_time: 0.0020  
2026/01/11 11:36:01 - mmengine - INFO - Epoch(val) [1][ 1504/68645]    eta: 9:59:31  time: 0.5886  data_time: 0.0019  
2026/01/11 11:36:02 - mmengine - INFO - Epoch(val) [1][ 1505/68645]    eta: 9:59:30  time: 0.5827  data_time: 0.0019  
2026/01/11 11:36:02 - mmengine - INFO - Epoch(val) [1][ 1506/68645]    eta: 9:59:31  time: 0.5801  data_time: 0.0083  
2026/01/11 11:36:03 - mmengine - INFO - Epoch(val) [1][ 1507/68645]    eta: 9:59:33  time: 0.5793  data_time: 0.0083  
2026/01/11 11:36:03 - mmengine - INFO - Epoch(val) [1][ 1508/68645]    eta: 9:59:31  time: 0.5790  data_time: 0.0084  
2026/01/11 11:36:04 - mmengine - INFO - Epoch(val) [1][ 1509/68645]    eta: 9:59:30  time: 0.5711  data_time: 0.0084  
2026/01/11 11:36:04 - mmengine - INFO - Epoch(val) [1][ 1510/68645]    eta: 9:59:31  time: 0.5780  data_time: 0.0084  
2026/01/11 11:36:05 - mmengine - INFO - Epoch(val) [1][ 1511/68645]    eta: 9:59:33  time: 0.5696  data_time: 0.0084  
2026/01/11 11:36:05 - mmengine - INFO - Epoch(val) [1][ 1512/68645]    eta: 9:59:36  time: 0.5709  data_time: 0.0084  
2026/01/11 11:36:06 - mmengine - INFO - Epoch(val) [1][ 1513/68645]    eta: 9:59:47  time: 0.5814  data_time: 0.0082  
2026/01/11 11:36:07 - mmengine - INFO - Epoch(val) [1][ 1514/68645]    eta: 9:59:50  time: 0.5902  data_time: 0.0082  
2026/01/11 11:36:07 - mmengine - INFO - Epoch(val) [1][ 1515/68645]    eta: 9:59:48  time: 0.5892  data_time: 0.0083  
2026/01/11 11:36:08 - mmengine - INFO - Epoch(val) [1][ 1516/68645]    eta: 9:59:50  time: 0.5908  data_time: 0.0018  
2026/01/11 11:36:08 - mmengine - INFO - Epoch(val) [1][ 1517/68645]    eta: 9:59:48  time: 0.5816  data_time: 0.0018  
2026/01/11 11:36:09 - mmengine - INFO - Epoch(val) [1][ 1518/68645]    eta: 9:59:50  time: 0.5910  data_time: 0.0018  
2026/01/11 11:36:10 - mmengine - INFO - Epoch(val) [1][ 1519/68645]    eta: 9:59:52  time: 0.5973  data_time: 0.0017  
2026/01/11 11:36:10 - mmengine - INFO - Epoch(val) [1][ 1520/68645]    eta: 9:59:50  time: 0.5918  data_time: 0.0017  
2026/01/11 11:36:11 - mmengine - INFO - Epoch(val) [1][ 1521/68645]    eta: 9:59:52  time: 0.5902  data_time: 0.0017  
2026/01/11 11:36:11 - mmengine - INFO - Epoch(val) [1][ 1522/68645]    eta: 9:59:51  time: 0.5806  data_time: 0.0017  
2026/01/11 11:36:12 - mmengine - INFO - Epoch(val) [1][ 1523/68645]    eta: 9:59:49  time: 0.5508  data_time: 0.0017  
2026/01/11 11:36:12 - mmengine - INFO - Epoch(val) [1][ 1524/68645]    eta: 9:59:47  time: 0.5416  data_time: 0.0017  
2026/01/11 11:36:13 - mmengine - INFO - Epoch(val) [1][ 1525/68645]    eta: 9:59:45  time: 0.5403  data_time: 0.0081  
2026/01/11 11:36:13 - mmengine - INFO - Epoch(val) [1][ 1526/68645]    eta: 9:59:42  time: 0.5316  data_time: 0.0081  
2026/01/11 11:36:14 - mmengine - INFO - Epoch(val) [1][ 1527/68645]    eta: 9:59:40  time: 0.5308  data_time: 0.0081  
2026/01/11 11:36:14 - mmengine - INFO - Epoch(val) [1][ 1528/68645]    eta: 9:59:38  time: 0.5203  data_time: 0.0082  
2026/01/11 11:36:15 - mmengine - INFO - Epoch(val) [1][ 1529/68645]    eta: 9:59:39  time: 0.5208  data_time: 0.0082  
2026/01/11 11:36:15 - mmengine - INFO - Epoch(val) [1][ 1530/68645]    eta: 9:59:41  time: 0.5274  data_time: 0.0082  
2026/01/11 11:36:16 - mmengine - INFO - Epoch(val) [1][ 1531/68645]    eta: 9:59:44  time: 0.5290  data_time: 0.0082  
2026/01/11 11:36:17 - mmengine - INFO - Epoch(val) [1][ 1532/68645]    eta: 9:59:42  time: 0.5280  data_time: 0.0082  
2026/01/11 11:36:17 - mmengine - INFO - Epoch(val) [1][ 1533/68645]    eta: 9:59:41  time: 0.5306  data_time: 0.0084  
2026/01/11 11:36:18 - mmengine - INFO - Epoch(val) [1][ 1534/68645]    eta: 9:59:42  time: 0.5380  data_time: 0.0148  
2026/01/11 11:36:18 - mmengine - INFO - Epoch(val) [1][ 1535/68645]    eta: 9:59:44  time: 0.5468  data_time: 0.0084  
2026/01/11 11:36:19 - mmengine - INFO - Epoch(val) [1][ 1536/68645]    eta: 9:59:42  time: 0.5481  data_time: 0.0085  
2026/01/11 11:36:19 - mmengine - INFO - Epoch(val) [1][ 1537/68645]    eta: 9:59:41  time: 0.5500  data_time: 0.0085  
2026/01/11 11:36:20 - mmengine - INFO - Epoch(val) [1][ 1538/68645]    eta: 9:59:42  time: 0.5582  data_time: 0.0154  
2026/01/11 11:36:20 - mmengine - INFO - Epoch(val) [1][ 1539/68645]    eta: 9:59:44  time: 0.5589  data_time: 0.0155  
2026/01/11 11:36:21 - mmengine - INFO - Epoch(val) [1][ 1540/68645]    eta: 9:59:43  time: 0.5535  data_time: 0.0155  
2026/01/11 11:36:22 - mmengine - INFO - Epoch(val) [1][ 1541/68645]    eta: 9:59:45  time: 0.5512  data_time: 0.0217  
2026/01/11 11:36:22 - mmengine - INFO - Epoch(val) [1][ 1542/68645]    eta: 9:59:43  time: 0.5510  data_time: 0.0217  
2026/01/11 11:36:23 - mmengine - INFO - Epoch(val) [1][ 1543/68645]    eta: 9:59:44  time: 0.5565  data_time: 0.0216  
2026/01/11 11:36:23 - mmengine - INFO - Epoch(val) [1][ 1544/68645]    eta: 9:59:47  time: 0.5596  data_time: 0.0152  
2026/01/11 11:36:24 - mmengine - INFO - Epoch(val) [1][ 1545/68645]    eta: 9:59:54  time: 0.5714  data_time: 0.0151  
2026/01/11 11:36:25 - mmengine - INFO - Epoch(val) [1][ 1546/68645]    eta: 10:00:05  time: 0.6008  data_time: 0.0151  
2026/01/11 11:36:25 - mmengine - INFO - Epoch(val) [1][ 1547/68645]    eta: 10:00:11  time: 0.6180  data_time: 0.0151  
2026/01/11 11:36:26 - mmengine - INFO - Epoch(val) [1][ 1548/68645]    eta: 10:00:09  time: 0.6110  data_time: 0.0080  
2026/01/11 11:36:27 - mmengine - INFO - Epoch(val) [1][ 1549/68645]    eta: 10:00:11  time: 0.6101  data_time: 0.0081  
2026/01/11 11:36:27 - mmengine - INFO - Epoch(val) [1][ 1550/68645]    eta: 10:00:10  time: 0.6088  data_time: 0.0080  
2026/01/11 11:36:28 - mmengine - INFO - Epoch(val) [1][ 1551/68645]    eta: 10:00:12  time: 0.6113  data_time: 0.0019  
2026/01/11 11:36:28 - mmengine - INFO - Epoch(val) [1][ 1552/68645]    eta: 10:00:14  time: 0.6195  data_time: 0.0019  
2026/01/11 11:36:29 - mmengine - INFO - Epoch(val) [1][ 1553/68645]    eta: 10:00:15  time: 0.6199  data_time: 0.0019  
2026/01/11 11:36:29 - mmengine - INFO - Epoch(val) [1][ 1554/68645]    eta: 10:00:14  time: 0.6103  data_time: 0.0019  
2026/01/11 11:36:30 - mmengine - INFO - Epoch(val) [1][ 1555/68645]    eta: 10:00:16  time: 0.5999  data_time: 0.0019  
2026/01/11 11:36:31 - mmengine - INFO - Epoch(val) [1][ 1556/68645]    eta: 10:00:18  time: 0.5786  data_time: 0.0019  
2026/01/11 11:36:31 - mmengine - INFO - Epoch(val) [1][ 1557/68645]    eta: 10:00:20  time: 0.5702  data_time: 0.0020  
2026/01/11 11:36:32 - mmengine - INFO - Epoch(val) [1][ 1558/68645]    eta: 10:00:18  time: 0.5699  data_time: 0.0020  
2026/01/11 11:36:32 - mmengine - INFO - Epoch(val) [1][ 1559/68645]    eta: 10:00:20  time: 0.5708  data_time: 0.0019  
2026/01/11 11:36:33 - mmengine - INFO - Epoch(val) [1][ 1560/68645]    eta: 10:00:19  time: 0.5701  data_time: 0.0019  
2026/01/11 11:36:33 - mmengine - INFO - Epoch(val) [1][ 1561/68645]    eta: 10:00:21  time: 0.5695  data_time: 0.0018  
2026/01/11 11:36:34 - mmengine - INFO - Epoch(val) [1][ 1562/68645]    eta: 10:00:22  time: 0.5687  data_time: 0.0018  
2026/01/11 11:36:35 - mmengine - INFO - Epoch(val) [1][ 1563/68645]    eta: 10:00:24  time: 0.5707  data_time: 0.0018  
2026/01/11 11:36:35 - mmengine - INFO - Epoch(val) [1][ 1564/68645]    eta: 10:00:23  time: 0.5702  data_time: 0.0018  
2026/01/11 11:36:36 - mmengine - INFO - Epoch(val) [1][ 1565/68645]    eta: 10:00:24  time: 0.5692  data_time: 0.0019  
2026/01/11 11:36:36 - mmengine - INFO - Epoch(val) [1][ 1566/68645]    eta: 10:00:23  time: 0.5611  data_time: 0.0019  
2026/01/11 11:36:37 - mmengine - INFO - Epoch(val) [1][ 1567/68645]    eta: 10:00:21  time: 0.5509  data_time: 0.0018  
2026/01/11 11:36:37 - mmengine - INFO - Epoch(val) [1][ 1568/68645]    eta: 10:00:22  time: 0.5580  data_time: 0.0018  
2026/01/11 11:36:38 - mmengine - INFO - Epoch(val) [1][ 1569/68645]    eta: 10:00:21  time: 0.5513  data_time: 0.0018  
2026/01/11 11:36:38 - mmengine - INFO - Epoch(val) [1][ 1570/68645]    eta: 10:00:19  time: 0.5504  data_time: 0.0017  
2026/01/11 11:36:39 - mmengine - INFO - Epoch(val) [1][ 1571/68645]    eta: 10:00:20  time: 0.5491  data_time: 0.0083  
2026/01/11 11:36:39 - mmengine - INFO - Epoch(val) [1][ 1572/68645]    eta: 10:00:22  time: 0.5495  data_time: 0.0083  
2026/01/11 11:36:40 - mmengine - INFO - Epoch(val) [1][ 1573/68645]    eta: 10:00:21  time: 0.5413  data_time: 0.0084  
2026/01/11 11:36:41 - mmengine - INFO - Epoch(val) [1][ 1574/68645]    eta: 10:00:22  time: 0.5480  data_time: 0.0084  
2026/01/11 11:36:41 - mmengine - INFO - Epoch(val) [1][ 1575/68645]    eta: 10:00:20  time: 0.5403  data_time: 0.0084  
2026/01/11 11:36:42 - mmengine - INFO - Epoch(val) [1][ 1576/68645]    eta: 10:00:18  time: 0.5398  data_time: 0.0085  
2026/01/11 11:36:42 - mmengine - INFO - Epoch(val) [1][ 1577/68645]    eta: 10:00:29  time: 0.5696  data_time: 0.0085  
2026/01/11 11:36:43 - mmengine - INFO - Epoch(val) [1][ 1578/68645]    eta: 10:00:35  time: 0.5802  data_time: 0.0085  
2026/01/11 11:36:44 - mmengine - INFO - Epoch(val) [1][ 1579/68645]    eta: 10:00:33  time: 0.5794  data_time: 0.0085  
2026/01/11 11:36:44 - mmengine - INFO - Epoch(val) [1][ 1580/68645]    eta: 10:00:35  time: 0.5873  data_time: 0.0086  
2026/01/11 11:36:45 - mmengine - INFO - Epoch(val) [1][ 1581/68645]    eta: 10:00:34  time: 0.5806  data_time: 0.0020  
2026/01/11 11:36:45 - mmengine - INFO - Epoch(val) [1][ 1582/68645]    eta: 10:00:35  time: 0.5809  data_time: 0.0020  
2026/01/11 11:36:46 - mmengine - INFO - Epoch(val) [1][ 1583/68645]    eta: 10:00:37  time: 0.5888  data_time: 0.0019  
2026/01/11 11:36:46 - mmengine - INFO - Epoch(val) [1][ 1584/68645]    eta: 10:00:35  time: 0.5818  data_time: 0.0019  
2026/01/11 11:36:47 - mmengine - INFO - Epoch(val) [1][ 1585/68645]    eta: 10:00:38  time: 0.5911  data_time: 0.0019  
2026/01/11 11:36:48 - mmengine - INFO - Epoch(val) [1][ 1586/68645]    eta: 10:00:40  time: 0.5998  data_time: 0.0018  
2026/01/11 11:36:48 - mmengine - INFO - Epoch(val) [1][ 1587/68645]    eta: 10:00:46  time: 0.5890  data_time: 0.0019  
2026/01/11 11:36:49 - mmengine - INFO - Epoch(val) [1][ 1588/68645]    eta: 10:00:48  time: 0.5809  data_time: 0.0019  
2026/01/11 11:36:49 - mmengine - INFO - Epoch(val) [1][ 1589/68645]    eta: 10:00:50  time: 0.5887  data_time: 0.0019  
2026/01/11 11:36:50 - mmengine - INFO - Epoch(val) [1][ 1590/68645]    eta: 10:00:52  time: 0.5897  data_time: 0.0019  
2026/01/11 11:36:51 - mmengine - INFO - Epoch(val) [1][ 1591/68645]    eta: 10:00:50  time: 0.5888  data_time: 0.0019  
2026/01/11 11:36:51 - mmengine - INFO - Epoch(val) [1][ 1592/68645]    eta: 10:00:52  time: 0.5907  data_time: 0.0019  
2026/01/11 11:36:52 - mmengine - INFO - Epoch(val) [1][ 1593/68645]    eta: 10:00:58  time: 0.5990  data_time: 0.0019  
2026/01/11 11:36:52 - mmengine - INFO - Epoch(val) [1][ 1594/68645]    eta: 10:01:00  time: 0.6083  data_time: 0.0019  
2026/01/11 11:36:53 - mmengine - INFO - Epoch(val) [1][ 1595/68645]    eta: 10:00:59  time: 0.6001  data_time: 0.0019  
2026/01/11 11:36:54 - mmengine - INFO - Epoch(val) [1][ 1596/68645]    eta: 10:01:01  time: 0.6002  data_time: 0.0091  
2026/01/11 11:36:54 - mmengine - INFO - Epoch(val) [1][ 1597/68645]    eta: 10:01:02  time: 0.5902  data_time: 0.0089  
2026/01/11 11:36:55 - mmengine - INFO - Epoch(val) [1][ 1598/68645]    eta: 10:01:04  time: 0.5896  data_time: 0.0089  
2026/01/11 11:36:55 - mmengine - INFO - Epoch(val) [1][ 1599/68645]    eta: 10:01:06  time: 0.5890  data_time: 0.0088  
2026/01/11 11:36:56 - mmengine - INFO - Epoch(val) [1][ 1600/68645]    eta: 10:01:01  time: 0.5733  data_time: 0.0088  
2026/01/11 11:36:57 - mmengine - INFO - Epoch(val) [1][ 1601/68645]    eta: 10:01:10  time: 0.5989  data_time: 0.0148  
2026/01/11 11:36:57 - mmengine - INFO - Epoch(val) [1][ 1602/68645]    eta: 10:01:09  time: 0.5905  data_time: 0.0148  
2026/01/11 11:36:58 - mmengine - INFO - Epoch(val) [1][ 1603/68645]    eta: 10:01:15  time: 0.5911  data_time: 0.0148  
2026/01/11 11:36:58 - mmengine - INFO - Epoch(val) [1][ 1604/68645]    eta: 10:01:13  time: 0.5827  data_time: 0.0148  
2026/01/11 11:36:59 - mmengine - INFO - Epoch(val) [1][ 1605/68645]    eta: 10:01:15  time: 0.5888  data_time: 0.0213  
2026/01/11 11:36:59 - mmengine - INFO - Epoch(val) [1][ 1606/68645]    eta: 10:01:13  time: 0.5802  data_time: 0.0142  
2026/01/11 11:37:00 - mmengine - INFO - Epoch(val) [1][ 1607/68645]    eta: 10:01:14  time: 0.5794  data_time: 0.0142  
2026/01/11 11:37:01 - mmengine - INFO - Epoch(val) [1][ 1608/68645]    eta: 10:01:25  time: 0.6005  data_time: 0.0142  
2026/01/11 11:37:01 - mmengine - INFO - Epoch(val) [1][ 1609/68645]    eta: 10:01:31  time: 0.6107  data_time: 0.0143  
2026/01/11 11:37:02 - mmengine - INFO - Epoch(val) [1][ 1610/68645]    eta: 10:01:33  time: 0.6273  data_time: 0.0143  
2026/01/11 11:37:03 - mmengine - INFO - Epoch(val) [1][ 1611/68645]    eta: 10:01:35  time: 0.6097  data_time: 0.0083  
2026/01/11 11:37:03 - mmengine - INFO - Epoch(val) [1][ 1612/68645]    eta: 10:01:37  time: 0.6189  data_time: 0.0084  
2026/01/11 11:37:04 - mmengine - INFO - Epoch(val) [1][ 1613/68645]    eta: 10:01:44  time: 0.6220  data_time: 0.0084  
2026/01/11 11:37:05 - mmengine - INFO - Epoch(val) [1][ 1614/68645]    eta: 10:01:45  time: 0.6280  data_time: 0.0146  
2026/01/11 11:37:05 - mmengine - INFO - Epoch(val) [1][ 1615/68645]    eta: 10:01:47  time: 0.6293  data_time: 0.0081  
2026/01/11 11:37:06 - mmengine - INFO - Epoch(val) [1][ 1616/68645]    eta: 10:01:45  time: 0.6296  data_time: 0.0081  
2026/01/11 11:37:06 - mmengine - INFO - Epoch(val) [1][ 1617/68645]    eta: 10:01:47  time: 0.6290  data_time: 0.0081  
2026/01/11 11:37:07 - mmengine - INFO - Epoch(val) [1][ 1618/68645]    eta: 10:01:46  time: 0.6013  data_time: 0.0081  
2026/01/11 11:37:07 - mmengine - INFO - Epoch(val) [1][ 1619/68645]    eta: 10:01:47  time: 0.5909  data_time: 0.0145  
2026/01/11 11:37:08 - mmengine - INFO - Epoch(val) [1][ 1620/68645]    eta: 10:01:49  time: 0.5898  data_time: 0.0145  
2026/01/11 11:37:09 - mmengine - INFO - Epoch(val) [1][ 1621/68645]    eta: 10:01:51  time: 0.5910  data_time: 0.0145  
2026/01/11 11:37:09 - mmengine - INFO - Epoch(val) [1][ 1622/68645]    eta: 10:01:57  time: 0.5985  data_time: 0.0144  
2026/01/11 11:37:10 - mmengine - INFO - Epoch(val) [1][ 1623/68645]    eta: 10:01:55  time: 0.5783  data_time: 0.0145  
2026/01/11 11:37:10 - mmengine - INFO - Epoch(val) [1][ 1624/68645]    eta: 10:01:57  time: 0.5794  data_time: 0.0083  
2026/01/11 11:37:11 - mmengine - INFO - Epoch(val) [1][ 1625/68645]    eta: 10:01:54  time: 0.5692  data_time: 0.0082  
2026/01/11 11:37:11 - mmengine - INFO - Epoch(val) [1][ 1626/68645]    eta: 10:01:49  time: 0.5613  data_time: 0.0082  
2026/01/11 11:37:12 - mmengine - INFO - Epoch(val) [1][ 1627/68645]    eta: 10:01:50  time: 0.5603  data_time: 0.0146  
2026/01/11 11:37:12 - mmengine - INFO - Epoch(val) [1][ 1628/68645]    eta: 10:01:49  time: 0.5586  data_time: 0.0146  
2026/01/11 11:37:13 - mmengine - INFO - Epoch(val) [1][ 1629/68645]    eta: 10:01:46  time: 0.5502  data_time: 0.0082  
2026/01/11 11:37:13 - mmengine - INFO - Epoch(val) [1][ 1630/68645]    eta: 10:01:44  time: 0.5409  data_time: 0.0082  
2026/01/11 11:37:14 - mmengine - INFO - Epoch(val) [1][ 1631/68645]    eta: 10:01:42  time: 0.5307  data_time: 0.0081  
2026/01/11 11:37:14 - mmengine - INFO - Epoch(val) [1][ 1632/68645]    eta: 10:01:40  time: 0.5114  data_time: 0.0081  
2026/01/11 11:37:15 - mmengine - INFO - Epoch(val) [1][ 1633/68645]    eta: 10:01:37  time: 0.5085  data_time: 0.0080  
2026/01/11 11:37:15 - mmengine - INFO - Epoch(val) [1][ 1634/68645]    eta: 10:01:32  time: 0.4914  data_time: 0.0079  
2026/01/11 11:37:16 - mmengine - INFO - Epoch(val) [1][ 1635/68645]    eta: 10:01:30  time: 0.4914  data_time: 0.0079  
2026/01/11 11:37:16 - mmengine - INFO - Epoch(val) [1][ 1636/68645]    eta: 10:01:27  time: 0.4977  data_time: 0.0079  
2026/01/11 11:37:17 - mmengine - INFO - Epoch(val) [1][ 1637/68645]    eta: 10:01:26  time: 0.4922  data_time: 0.0015  
2026/01/11 11:37:17 - mmengine - INFO - Epoch(val) [1][ 1638/68645]    eta: 10:01:23  time: 0.4902  data_time: 0.0016  
2026/01/11 11:37:18 - mmengine - INFO - Epoch(val) [1][ 1639/68645]    eta: 10:01:21  time: 0.4898  data_time: 0.0016  
2026/01/11 11:37:18 - mmengine - INFO - Epoch(val) [1][ 1640/68645]    eta: 10:01:19  time: 0.4900  data_time: 0.0016  
2026/01/11 11:37:19 - mmengine - INFO - Epoch(val) [1][ 1641/68645]    eta: 10:01:20  time: 0.4979  data_time: 0.0016  
2026/01/11 11:37:19 - mmengine - INFO - Epoch(val) [1][ 1642/68645]    eta: 10:01:22  time: 0.5089  data_time: 0.0017  
2026/01/11 11:37:20 - mmengine - INFO - Epoch(val) [1][ 1643/68645]    eta: 10:01:21  time: 0.5111  data_time: 0.0017  
2026/01/11 11:37:21 - mmengine - INFO - Epoch(val) [1][ 1644/68645]    eta: 10:01:22  time: 0.5287  data_time: 0.0018  
2026/01/11 11:37:21 - mmengine - INFO - Epoch(val) [1][ 1645/68645]    eta: 10:01:32  time: 0.5586  data_time: 0.0018  
2026/01/11 11:37:22 - mmengine - INFO - Epoch(val) [1][ 1646/68645]    eta: 10:01:35  time: 0.5701  data_time: 0.0018  
2026/01/11 11:37:23 - mmengine - INFO - Epoch(val) [1][ 1647/68645]    eta: 10:01:33  time: 0.5707  data_time: 0.0018  
2026/01/11 11:37:23 - mmengine - INFO - Epoch(val) [1][ 1648/68645]    eta: 10:01:34  time: 0.5785  data_time: 0.0081  
2026/01/11 11:37:24 - mmengine - INFO - Epoch(val) [1][ 1649/68645]    eta: 10:01:36  time: 0.5887  data_time: 0.0082  
2026/01/11 11:37:24 - mmengine - INFO - Epoch(val) [1][ 1650/68645]    eta: 10:01:34  time: 0.5894  data_time: 0.0082  
2026/01/11 11:37:25 - mmengine - INFO - Epoch(val) [1][ 1651/68645]    eta: 10:01:33  time: 0.5825  data_time: 0.0082  
2026/01/11 11:37:25 - mmengine - INFO - Epoch(val) [1][ 1652/68645]    eta: 10:01:35  time: 0.5820  data_time: 0.0082  
2026/01/11 11:37:26 - mmengine - INFO - Epoch(val) [1][ 1653/68645]    eta: 10:01:36  time: 0.5895  data_time: 0.0082  
2026/01/11 11:37:26 - mmengine - INFO - Epoch(val) [1][ 1654/68645]    eta: 10:01:34  time: 0.5807  data_time: 0.0082  
2026/01/11 11:37:27 - mmengine - INFO - Epoch(val) [1][ 1655/68645]    eta: 10:01:32  time: 0.5516  data_time: 0.0082  
2026/01/11 11:37:27 - mmengine - INFO - Epoch(val) [1][ 1656/68645]    eta: 10:01:33  time: 0.5485  data_time: 0.0082  
2026/01/11 11:37:28 - mmengine - INFO - Epoch(val) [1][ 1657/68645]    eta: 10:01:31  time: 0.5476  data_time: 0.0081  
2026/01/11 11:37:29 - mmengine - INFO - Epoch(val) [1][ 1658/68645]    eta: 10:01:33  time: 0.5501  data_time: 0.0017  
2026/01/11 11:37:29 - mmengine - INFO - Epoch(val) [1][ 1659/68645]    eta: 10:01:32  time: 0.5410  data_time: 0.0018  
2026/01/11 11:37:30 - mmengine - INFO - Epoch(val) [1][ 1660/68645]    eta: 10:01:30  time: 0.5409  data_time: 0.0018  
2026/01/11 11:37:30 - mmengine - INFO - Epoch(val) [1][ 1661/68645]    eta: 10:01:31  time: 0.5476  data_time: 0.0018  
2026/01/11 11:37:31 - mmengine - INFO - Epoch(val) [1][ 1662/68645]    eta: 10:01:37  time: 0.5574  data_time: 0.0018  
2026/01/11 11:37:31 - mmengine - INFO - Epoch(val) [1][ 1663/68645]    eta: 10:01:38  time: 0.5581  data_time: 0.0018  
2026/01/11 11:37:32 - mmengine - INFO - Epoch(val) [1][ 1664/68645]    eta: 10:01:38  time: 0.5608  data_time: 0.0020  
2026/01/11 11:37:33 - mmengine - INFO - Epoch(val) [1][ 1665/68645]    eta: 10:01:38  time: 0.5671  data_time: 0.0085  
2026/01/11 11:37:33 - mmengine - INFO - Epoch(val) [1][ 1666/68645]    eta: 10:01:36  time: 0.5601  data_time: 0.0084  
2026/01/11 11:37:34 - mmengine - INFO - Epoch(val) [1][ 1667/68645]    eta: 10:01:35  time: 0.5604  data_time: 0.0085  
