2025/12/28 12:12:02 - mmengine - INFO - 
------------------------------------------------------------
System environment:
    sys.platform: linux
    Python: 3.8.20 (default, Oct  3 2024, 15:24:27) [GCC 11.2.0]
    CUDA available: True
    MUSA available: False
    numpy_random_seed: 65273676
    GPU 0: NVIDIA GeForce RTX 3090
    CUDA_HOME: /usr/local/cuda
    NVCC: Cuda compilation tools, release 11.1, V11.1.105
    GCC: gcc (Ubuntu 9.4.0-1ubuntu1~20.04.2) 9.4.0
    PyTorch: 1.10.2+cu111
    PyTorch compiling details: PyTorch built with:
  - GCC 7.3
  - C++ Version: 201402
  - Intel(R) Math Kernel Library Version 2020.0.0 Product Build 20191122 for Intel(R) 64 architecture applications
  - Intel(R) MKL-DNN v2.2.3 (Git Hash 7336ca9f055cf1bfa13efb658fe15dc9b41f0740)
  - OpenMP 201511 (a.k.a. OpenMP 4.5)
  - LAPACK is enabled (usually provided by MKL)
  - NNPACK is enabled
  - CPU capability usage: AVX2
  - CUDA Runtime 11.1
  - NVCC architecture flags: -gencode;arch=compute_37,code=sm_37;-gencode;arch=compute_50,code=sm_50;-gencode;arch=compute_60,code=sm_60;-gencode;arch=compute_70,code=sm_70;-gencode;arch=compute_75,code=sm_75;-gencode;arch=compute_80,code=sm_80;-gencode;arch=compute_86,code=sm_86
  - CuDNN 8.0.5
  - Magma 2.5.2
  - Build settings: BLAS_INFO=mkl, BUILD_TYPE=Release, CUDA_VERSION=11.1, CUDNN_VERSION=8.0.5, CXX_COMPILER=/opt/rh/devtoolset-7/root/usr/bin/c++, CXX_FLAGS= -Wno-deprecated -fvisibility-inlines-hidden -DUSE_PTHREADPOOL -fopenmp -DNDEBUG -DUSE_KINETO -DUSE_FBGEMM -DUSE_QNNPACK -DUSE_PYTORCH_QNNPACK -DUSE_XNNPACK -DSYMBOLICATE_MOBILE_DEBUG_HANDLE -DEDGE_PROFILER_USE_KINETO -O2 -fPIC -Wno-narrowing -Wall -Wextra -Werror=return-type -Wno-missing-field-initializers -Wno-type-limits -Wno-array-bounds -Wno-unknown-pragmas -Wno-sign-compare -Wno-unused-parameter -Wno-unused-variable -Wno-unused-function -Wno-unused-result -Wno-unused-local-typedefs -Wno-strict-overflow -Wno-strict-aliasing -Wno-error=deprecated-declarations -Wno-stringop-overflow -Wno-psabi -Wno-error=pedantic -Wno-error=redundant-decls -Wno-error=old-style-cast -fdiagnostics-color=always -faligned-new -Wno-unused-but-set-variable -Wno-maybe-uninitialized -fno-math-errno -fno-trapping-math -Werror=format -Wno-stringop-overflow, LAPACK_INFO=mkl, PERF_WITH_AVX=1, PERF_WITH_AVX2=1, PERF_WITH_AVX512=1, TORCH_VERSION=1.10.2, USE_CUDA=ON, USE_CUDNN=ON, USE_EXCEPTION_PTR=1, USE_GFLAGS=OFF, USE_GLOG=OFF, USE_MKL=ON, USE_MKLDNN=ON, USE_MPI=OFF, USE_NCCL=ON, USE_NNPACK=ON, USE_OPENMP=ON, 

    TorchVision: 0.11.3+cu111
    OpenCV: 4.12.0
    MMEngine: 0.10.7

Runtime environment:
    cudnn_benchmark: True
    mp_cfg: {'mp_start_method': 'fork', 'opencv_num_threads': 0}
    dist_cfg: {'backend': 'nccl'}
    seed: 65273676
    Distributed launcher: none
    Distributed training: False
    GPU number: 1
------------------------------------------------------------

2025/12/28 12:12:03 - mmengine - INFO - Config:
auto_scale_lr = dict(base_batch_size=32, enable=True)
custom_hooks = [
    dict(
        min_delta=0.001,
        monitor='icdar/hmean',
        patience=12,
        rule='greater',
        type='EarlyStoppingHook'),
]
default_hooks = dict(
    checkpoint=dict(
        interval=3,
        max_keep_ckpts=3,
        rule='greater',
        save_best='icdar/hmean',
        type='CheckpointHook'),
    logger=dict(interval=5, type='LoggerHook'),
    param_scheduler=dict(type='ParamSchedulerHook'),
    sampler_seed=dict(type='DistSamplerSeedHook'),
    sync_buffer=dict(type='SyncBuffersHook'),
    timer=dict(type='IterTimerHook'),
    visualization=dict(
        draw_gt=False,
        draw_pred=False,
        enable=False,
        interval=1,
        show=False,
        type='VisualizationHook'))
default_scope = 'mmocr'
env_cfg = dict(
    cudnn_benchmark=True,
    dist_cfg=dict(backend='nccl'),
    mp_cfg=dict(mp_start_method='fork', opencv_num_threads=0))
launcher = 'none'
load_from = 'work_dirs/fcenet_r50dcnv2_fpn_direct_finetune_art_rctw_rects/epoch_15.pth'
log_level = 'INFO'
log_processor = dict(by_epoch=True, type='LogProcessor', window_size=10)
max_epochs = 100
model = dict(
    backbone=dict(
        dcn=dict(deform_groups=2, fallback_on_stride=False, type='DCNv2'),
        depth=50,
        frozen_stages=-1,
        init_cfg=dict(checkpoint='torchvision://resnet50', type='Pretrained'),
        norm_cfg=dict(requires_grad=True, type='BN'),
        norm_eval=True,
        num_stages=4,
        out_indices=(
            1,
            2,
            3,
        ),
        stage_with_dcn=(
            False,
            True,
            True,
            True,
        ),
        style='pytorch',
        type='mmdet.ResNet'),
    data_preprocessor=dict(
        bgr_to_rgb=True,
        mean=[
            123.675,
            116.28,
            103.53,
        ],
        pad_size_divisor=32,
        std=[
            58.395,
            57.12,
            57.375,
        ],
        type='TextDetDataPreprocessor'),
    det_head=dict(
        fourier_degree=5,
        in_channels=256,
        module_loss=dict(
            level_proportion_range=(
                (
                    0,
                    0.25,
                ),
                (
                    0.2,
                    0.65,
                ),
                (
                    0.55,
                    1.0,
                ),
            ),
            num_sample=50,
            type='FCEModuleLoss'),
        postprocessor=dict(
            alpha=1.0,
            beta=2.0,
            num_reconstr_points=50,
            scales=(
                8,
                16,
                32,
            ),
            score_thr=0.3,
            text_repr_type='poly',
            type='FCEPostprocessor'),
        type='FCEHead'),
    neck=dict(
        act_cfg=None,
        add_extra_convs='on_output',
        in_channels=[
            512,
            1024,
            2048,
        ],
        num_outs=3,
        out_channels=256,
        relu_before_extra_convs=True,
        type='mmdet.FPN'),
    type='FCENet')
optim_wrapper = dict(
    clip_grad=dict(max_norm=5, norm_type=2),
    loss_scale='dynamic',
    optimizer=dict(lr=0.001, momentum=0.9, type='SGD', weight_decay=0.0005),
    type='AmpOptimWrapper')
param_scheduler = [
    dict(begin=0, by_epoch=True, end=2, start_factor=0.1, type='LinearLR'),
    dict(
        begin=2,
        by_epoch=True,
        end=100,
        eta_min=1e-07,
        power=0.9,
        type='PolyLR'),
]
randomness = dict(seed=None)
resume = True
test_cfg = dict(type='TestLoop')
test_dataloader = dict(
    batch_size=1,
    dataset=dict(
        datasets=[
            dict(
                ann_file='instances_val.json',
                data_root='data/art_mmocr',
                pipeline=None,
                test_mode=True,
                type='OCRDataset'),
            dict(
                ann_file='instances_val.json',
                data_root='data/rctw17_mmocr',
                pipeline=None,
                test_mode=True,
                type='OCRDataset'),
            dict(
                ann_file='instances_val.json',
                data_root='data/rects_mmocr',
                pipeline=None,
                test_mode=True,
                type='OCRDataset'),
        ],
        pipeline=[
            dict(
                color_type='color_ignore_orientation',
                type='LoadImageFromFile'),
            dict(keep_ratio=True, scale=(
                2260,
                2260,
            ), type='Resize'),
            dict(
                type='LoadOCRAnnotations',
                with_bbox=True,
                with_label=True,
                with_polygon=True),
            dict(fix_from_bbox=False, type='FixInvalidPolygon'),
            dict(
                meta_keys=(
                    'img_path',
                    'ori_shape',
                    'img_shape',
                    'scale_factor',
                ),
                type='PackTextDetInputs'),
        ],
        type='ConcatDataset'),
    num_workers=2,
    persistent_workers=True,
    pin_memory=True,
    sampler=dict(shuffle=False, type='DefaultSampler'))
test_evaluator = dict(
    dataset_prefixes=dict(
        art='data/art_mmocr',
        rctw='data/rctw17_mmocr',
        rects='data/rects_mmocr'),
    type='MultiDatasetHmeanIOUMetric')
test_list = [
    dict(
        ann_file='instances_val.json',
        data_root='data/art_mmocr',
        pipeline=None,
        test_mode=True,
        type='OCRDataset'),
    dict(
        ann_file='instances_val.json',
        data_root='data/rctw17_mmocr',
        pipeline=None,
        test_mode=True,
        type='OCRDataset'),
    dict(
        ann_file='instances_val.json',
        data_root='data/rects_mmocr',
        pipeline=None,
        test_mode=True,
        type='OCRDataset'),
]
test_pipeline = [
    dict(color_type='color_ignore_orientation', type='LoadImageFromFile'),
    dict(keep_ratio=True, scale=(
        2260,
        2260,
    ), type='Resize'),
    dict(
        type='LoadOCRAnnotations',
        with_bbox=True,
        with_label=True,
        with_polygon=True),
    dict(fix_from_bbox=False, type='FixInvalidPolygon'),
    dict(
        meta_keys=(
            'img_path',
            'ori_shape',
            'img_shape',
            'scale_factor',
        ),
        type='PackTextDetInputs'),
]
textdet_art_data_root = 'data/art_mmocr'
textdet_art_rctw_rects_data_root = 'data/textdet_finetune_art_rctw_rects'
textdet_art_rctw_rects_test = dict(
    ann_file='instances_val.json',
    data_root='data/textdet_finetune_art_rctw_rects',
    pipeline=None,
    test_mode=True,
    type='OCRDataset')
textdet_art_rctw_rects_train = dict(
    ann_file='instances_train.json',
    data_root='data/textdet_finetune_art_rctw_rects',
    filter_cfg=dict(filter_empty_gt=True, min_size=32),
    pipeline=None,
    type='OCRDataset')
textdet_art_test = dict(
    ann_file='instances_val.json',
    data_root='data/art_mmocr',
    pipeline=None,
    test_mode=True,
    type='OCRDataset')
textdet_art_train = dict(
    ann_file='instances_train.json',
    data_root='data/art_mmocr',
    filter_cfg=dict(filter_empty_gt=True, min_size=32),
    pipeline=None,
    type='OCRDataset')
textdet_rctw_data_root = 'data/rctw17_mmocr'
textdet_rctw_test = dict(
    ann_file='instances_val.json',
    data_root='data/rctw17_mmocr',
    pipeline=None,
    test_mode=True,
    type='OCRDataset')
textdet_rctw_train = dict(
    ann_file='instances_train.json',
    data_root='data/rctw17_mmocr',
    filter_cfg=dict(filter_empty_gt=True, min_size=32),
    pipeline=None,
    type='OCRDataset')
textdet_rects_data_root = 'data/rects_mmocr'
textdet_rects_test = dict(
    ann_file='instances_val.json',
    data_root='data/rects_mmocr',
    pipeline=None,
    test_mode=True,
    type='OCRDataset')
textdet_rects_train = dict(
    ann_file='instances_train.json',
    data_root='data/rects_mmocr',
    filter_cfg=dict(filter_empty_gt=True, min_size=32),
    pipeline=None,
    type='OCRDataset')
train_cfg = dict(max_epochs=100, type='EpochBasedTrainLoop', val_interval=3)
train_dataloader = dict(
    batch_size=32,
    dataset=dict(
        datasets=[
            dict(
                ann_file='instances_train.json',
                data_root='data/art_mmocr',
                filter_cfg=dict(filter_empty_gt=True, min_size=32),
                pipeline=None,
                type='OCRDataset'),
            dict(
                ann_file='instances_train.json',
                data_root='data/rctw17_mmocr',
                filter_cfg=dict(filter_empty_gt=True, min_size=32),
                pipeline=None,
                type='OCRDataset'),
            dict(
                ann_file='instances_train.json',
                data_root='data/rects_mmocr',
                filter_cfg=dict(filter_empty_gt=True, min_size=32),
                pipeline=None,
                type='OCRDataset'),
        ],
        pipeline=[
            dict(
                color_type='color_ignore_orientation',
                type='LoadImageFromFile'),
            dict(
                type='LoadOCRAnnotations',
                with_bbox=True,
                with_label=True,
                with_polygon=True),
            dict(fix_from_bbox=False, type='FixInvalidPolygon'),
            dict(
                keep_ratio=True,
                ratio_range=(
                    0.75,
                    2.5,
                ),
                scale=(
                    800,
                    800,
                ),
                type='RandomResize'),
            dict(
                crop_ratio=0.5,
                iter_num=1,
                min_area_ratio=0.2,
                type='TextDetRandomCropFlip'),
            dict(
                prob=0.8,
                transforms=[
                    dict(min_side_ratio=0.3, type='RandomCrop'),
                ],
                type='RandomApply'),
            dict(
                prob=0.5,
                transforms=[
                    dict(
                        max_angle=30,
                        pad_with_fixed_color=False,
                        type='RandomRotate',
                        use_canvas=True),
                ],
                type='RandomApply'),
            dict(
                prob=[
                    0.6,
                    0.4,
                ],
                transforms=[
                    [
                        dict(keep_ratio=True, scale=800, type='Resize'),
                        dict(target_scale=800, type='SourceImagePad'),
                    ],
                    dict(keep_ratio=False, scale=800, type='Resize'),
                ],
                type='RandomChoice'),
            dict(direction='horizontal', prob=0.5, type='RandomFlip'),
            dict(
                brightness=0.12549019607843137,
                contrast=0.5,
                op='ColorJitter',
                saturation=0.5,
                type='TorchVisionWrapper'),
            dict(
                meta_keys=(
                    'img_path',
                    'ori_shape',
                    'img_shape',
                    'scale_factor',
                ),
                type='PackTextDetInputs'),
        ],
        type='ConcatDataset'),
    num_workers=6,
    persistent_workers=True,
    pin_memory=True,
    sampler=dict(shuffle=True, type='DefaultSampler'))
train_list = [
    dict(
        ann_file='instances_train.json',
        data_root='data/art_mmocr',
        filter_cfg=dict(filter_empty_gt=True, min_size=32),
        pipeline=None,
        type='OCRDataset'),
    dict(
        ann_file='instances_train.json',
        data_root='data/rctw17_mmocr',
        filter_cfg=dict(filter_empty_gt=True, min_size=32),
        pipeline=None,
        type='OCRDataset'),
    dict(
        ann_file='instances_train.json',
        data_root='data/rects_mmocr',
        filter_cfg=dict(filter_empty_gt=True, min_size=32),
        pipeline=None,
        type='OCRDataset'),
]
train_pipeline = [
    dict(color_type='color_ignore_orientation', type='LoadImageFromFile'),
    dict(
        type='LoadOCRAnnotations',
        with_bbox=True,
        with_label=True,
        with_polygon=True),
    dict(fix_from_bbox=False, type='FixInvalidPolygon'),
    dict(
        keep_ratio=True,
        ratio_range=(
            0.75,
            2.5,
        ),
        scale=(
            800,
            800,
        ),
        type='RandomResize'),
    dict(
        crop_ratio=0.5,
        iter_num=1,
        min_area_ratio=0.2,
        type='TextDetRandomCropFlip'),
    dict(
        prob=0.8,
        transforms=[
            dict(min_side_ratio=0.3, type='RandomCrop'),
        ],
        type='RandomApply'),
    dict(
        prob=0.5,
        transforms=[
            dict(
                max_angle=30,
                pad_with_fixed_color=False,
                type='RandomRotate',
                use_canvas=True),
        ],
        type='RandomApply'),
    dict(
        prob=[
            0.6,
            0.4,
        ],
        transforms=[
            [
                dict(keep_ratio=True, scale=800, type='Resize'),
                dict(target_scale=800, type='SourceImagePad'),
            ],
            dict(keep_ratio=False, scale=800, type='Resize'),
        ],
        type='RandomChoice'),
    dict(direction='horizontal', prob=0.5, type='RandomFlip'),
    dict(
        brightness=0.12549019607843137,
        contrast=0.5,
        op='ColorJitter',
        saturation=0.5,
        type='TorchVisionWrapper'),
    dict(
        meta_keys=(
            'img_path',
            'ori_shape',
            'img_shape',
            'scale_factor',
        ),
        type='PackTextDetInputs'),
]
val_cfg = dict(type='ValLoop')
val_dataloader = dict(
    batch_size=1,
    dataset=dict(
        datasets=[
            dict(
                ann_file='instances_val.json',
                data_root='data/art_mmocr',
                pipeline=None,
                test_mode=True,
                type='OCRDataset'),
            dict(
                ann_file='instances_val.json',
                data_root='data/rctw17_mmocr',
                pipeline=None,
                test_mode=True,
                type='OCRDataset'),
            dict(
                ann_file='instances_val.json',
                data_root='data/rects_mmocr',
                pipeline=None,
                test_mode=True,
                type='OCRDataset'),
        ],
        pipeline=[
            dict(
                color_type='color_ignore_orientation',
                type='LoadImageFromFile'),
            dict(keep_ratio=True, scale=(
                2260,
                2260,
            ), type='Resize'),
            dict(
                type='LoadOCRAnnotations',
                with_bbox=True,
                with_label=True,
                with_polygon=True),
            dict(fix_from_bbox=False, type='FixInvalidPolygon'),
            dict(
                meta_keys=(
                    'img_path',
                    'ori_shape',
                    'img_shape',
                    'scale_factor',
                ),
                type='PackTextDetInputs'),
        ],
        type='ConcatDataset'),
    num_workers=2,
    persistent_workers=True,
    pin_memory=True,
    sampler=dict(shuffle=False, type='DefaultSampler'))
val_evaluator = dict(
    dataset_prefixes=dict(
        art='data/art_mmocr',
        rctw='data/rctw17_mmocr',
        rects='data/rects_mmocr'),
    type='MultiDatasetHmeanIOUMetric')
vis_backends = [
    dict(type='LocalVisBackend'),
]
visualizer = dict(
    name='visualizer',
    type='TextDetLocalVisualizer',
    vis_backends=[
        dict(type='LocalVisBackend'),
    ])
work_dir = 'work_dirs/fcenet_r50dcnv2_fpn_direct_finetune_art_rctw_rects'

2025/12/28 12:12:10 - mmengine - INFO - Distributed training is not used, all SyncBatchNorm (SyncBN) layers in the model will be automatically reverted to BatchNormXd layers if they are used.
2025/12/28 12:12:10 - mmengine - INFO - Hooks will be executed in the following order:
before_run:
(VERY_HIGH   ) RuntimeInfoHook                    
(BELOW_NORMAL) LoggerHook                         
(LOWEST      ) EarlyStoppingHook                  
 -------------------- 
before_train:
(VERY_HIGH   ) RuntimeInfoHook                    
(NORMAL      ) IterTimerHook                      
(VERY_LOW    ) CheckpointHook                     
 -------------------- 
before_train_epoch:
(VERY_HIGH   ) RuntimeInfoHook                    
(NORMAL      ) IterTimerHook                      
(NORMAL      ) DistSamplerSeedHook                
 -------------------- 
before_train_iter:
(VERY_HIGH   ) RuntimeInfoHook                    
(NORMAL      ) IterTimerHook                      
 -------------------- 
after_train_iter:
(VERY_HIGH   ) RuntimeInfoHook                    
(NORMAL      ) IterTimerHook                      
(BELOW_NORMAL) LoggerHook                         
(LOW         ) ParamSchedulerHook                 
(VERY_LOW    ) CheckpointHook                     
 -------------------- 
after_train_epoch:
(NORMAL      ) IterTimerHook                      
(NORMAL      ) SyncBuffersHook                    
(LOW         ) ParamSchedulerHook                 
(VERY_LOW    ) CheckpointHook                     
 -------------------- 
before_val:
(VERY_HIGH   ) RuntimeInfoHook                    
 -------------------- 
before_val_epoch:
(NORMAL      ) IterTimerHook                      
(NORMAL      ) SyncBuffersHook                    
 -------------------- 
before_val_iter:
(NORMAL      ) IterTimerHook                      
 -------------------- 
after_val_iter:
(NORMAL      ) IterTimerHook                      
(NORMAL      ) VisualizationHook                  
(BELOW_NORMAL) LoggerHook                         
 -------------------- 
after_val_epoch:
(VERY_HIGH   ) RuntimeInfoHook                    
(NORMAL      ) IterTimerHook                      
(BELOW_NORMAL) LoggerHook                         
(LOW         ) ParamSchedulerHook                 
(VERY_LOW    ) CheckpointHook                     
(LOWEST      ) EarlyStoppingHook                  
 -------------------- 
after_val:
(VERY_HIGH   ) RuntimeInfoHook                    
 -------------------- 
after_train:
(VERY_HIGH   ) RuntimeInfoHook                    
(VERY_LOW    ) CheckpointHook                     
 -------------------- 
before_test:
(VERY_HIGH   ) RuntimeInfoHook                    
 -------------------- 
before_test_epoch:
(NORMAL      ) IterTimerHook                      
 -------------------- 
before_test_iter:
(NORMAL      ) IterTimerHook                      
 -------------------- 
after_test_iter:
(NORMAL      ) IterTimerHook                      
(NORMAL      ) VisualizationHook                  
(BELOW_NORMAL) LoggerHook                         
 -------------------- 
after_test_epoch:
(VERY_HIGH   ) RuntimeInfoHook                    
(NORMAL      ) IterTimerHook                      
(BELOW_NORMAL) LoggerHook                         
 -------------------- 
after_test:
(VERY_HIGH   ) RuntimeInfoHook                    
 -------------------- 
after_run:
(BELOW_NORMAL) LoggerHook                         
 -------------------- 
2025/12/28 12:12:14 - mmengine - INFO - LR is set based on batch size of 32 and the current batch size is 32. Scaling the original LR by 1.0.
2025/12/28 12:12:15 - mmengine - INFO - load model from: torchvision://resnet50
2025/12/28 12:12:15 - mmengine - INFO - Loads checkpoint by torchvision backend from path: torchvision://resnet50
2025/12/28 12:12:15 - mmengine - WARNING - The model and loaded state dict do not match exactly

unexpected key in source state_dict: fc.weight, fc.bias

missing keys in source state_dict: layer2.0.conv2.conv_offset.weight, layer2.0.conv2.conv_offset.bias, layer2.1.conv2.conv_offset.weight, layer2.1.conv2.conv_offset.bias, layer2.2.conv2.conv_offset.weight, layer2.2.conv2.conv_offset.bias, layer2.3.conv2.conv_offset.weight, layer2.3.conv2.conv_offset.bias, layer3.0.conv2.conv_offset.weight, layer3.0.conv2.conv_offset.bias, layer3.1.conv2.conv_offset.weight, layer3.1.conv2.conv_offset.bias, layer3.2.conv2.conv_offset.weight, layer3.2.conv2.conv_offset.bias, layer3.3.conv2.conv_offset.weight, layer3.3.conv2.conv_offset.bias, layer3.4.conv2.conv_offset.weight, layer3.4.conv2.conv_offset.bias, layer3.5.conv2.conv_offset.weight, layer3.5.conv2.conv_offset.bias, layer4.0.conv2.conv_offset.weight, layer4.0.conv2.conv_offset.bias, layer4.1.conv2.conv_offset.weight, layer4.1.conv2.conv_offset.bias, layer4.2.conv2.conv_offset.weight, layer4.2.conv2.conv_offset.bias

Name of parameter - Initialization information

backbone.conv1.weight - torch.Size([64, 3, 7, 7]): 
PretrainedInit: load from torchvision://resnet50 

backbone.bn1.weight - torch.Size([64]): 
PretrainedInit: load from torchvision://resnet50 

backbone.bn1.bias - torch.Size([64]): 
PretrainedInit: load from torchvision://resnet50 

backbone.layer1.0.conv1.weight - torch.Size([64, 64, 1, 1]): 
PretrainedInit: load from torchvision://resnet50 

backbone.layer1.0.bn1.weight - torch.Size([64]): 
PretrainedInit: load from torchvision://resnet50 

backbone.layer1.0.bn1.bias - torch.Size([64]): 
PretrainedInit: load from torchvision://resnet50 

backbone.layer1.0.conv2.weight - torch.Size([64, 64, 3, 3]): 
PretrainedInit: load from torchvision://resnet50 

backbone.layer1.0.bn2.weight - torch.Size([64]): 
PretrainedInit: load from torchvision://resnet50 

backbone.layer1.0.bn2.bias - torch.Size([64]): 
PretrainedInit: load from torchvision://resnet50 

backbone.layer1.0.conv3.weight - torch.Size([256, 64, 1, 1]): 
PretrainedInit: load from torchvision://resnet50 

backbone.layer1.0.bn3.weight - torch.Size([256]): 
PretrainedInit: load from torchvision://resnet50 

backbone.layer1.0.bn3.bias - torch.Size([256]): 
PretrainedInit: load from torchvision://resnet50 

backbone.layer1.0.downsample.0.weight - torch.Size([256, 64, 1, 1]): 
PretrainedInit: load from torchvision://resnet50 

backbone.layer1.0.downsample.1.weight - torch.Size([256]): 
PretrainedInit: load from torchvision://resnet50 

backbone.layer1.0.downsample.1.bias - torch.Size([256]): 
PretrainedInit: load from torchvision://resnet50 

backbone.layer1.1.conv1.weight - torch.Size([64, 256, 1, 1]): 
PretrainedInit: load from torchvision://resnet50 

backbone.layer1.1.bn1.weight - torch.Size([64]): 
PretrainedInit: load from torchvision://resnet50 

backbone.layer1.1.bn1.bias - torch.Size([64]): 
PretrainedInit: load from torchvision://resnet50 

backbone.layer1.1.conv2.weight - torch.Size([64, 64, 3, 3]): 
PretrainedInit: load from torchvision://resnet50 

backbone.layer1.1.bn2.weight - torch.Size([64]): 
PretrainedInit: load from torchvision://resnet50 

backbone.layer1.1.bn2.bias - torch.Size([64]): 
PretrainedInit: load from torchvision://resnet50 

backbone.layer1.1.conv3.weight - torch.Size([256, 64, 1, 1]): 
PretrainedInit: load from torchvision://resnet50 

backbone.layer1.1.bn3.weight - torch.Size([256]): 
PretrainedInit: load from torchvision://resnet50 

backbone.layer1.1.bn3.bias - torch.Size([256]): 
PretrainedInit: load from torchvision://resnet50 

backbone.layer1.2.conv1.weight - torch.Size([64, 256, 1, 1]): 
PretrainedInit: load from torchvision://resnet50 

backbone.layer1.2.bn1.weight - torch.Size([64]): 
PretrainedInit: load from torchvision://resnet50 

backbone.layer1.2.bn1.bias - torch.Size([64]): 
PretrainedInit: load from torchvision://resnet50 

backbone.layer1.2.conv2.weight - torch.Size([64, 64, 3, 3]): 
PretrainedInit: load from torchvision://resnet50 

backbone.layer1.2.bn2.weight - torch.Size([64]): 
PretrainedInit: load from torchvision://resnet50 

backbone.layer1.2.bn2.bias - torch.Size([64]): 
PretrainedInit: load from torchvision://resnet50 

backbone.layer1.2.conv3.weight - torch.Size([256, 64, 1, 1]): 
PretrainedInit: load from torchvision://resnet50 

backbone.layer1.2.bn3.weight - torch.Size([256]): 
PretrainedInit: load from torchvision://resnet50 

backbone.layer1.2.bn3.bias - torch.Size([256]): 
PretrainedInit: load from torchvision://resnet50 

backbone.layer2.0.conv1.weight - torch.Size([128, 256, 1, 1]): 
PretrainedInit: load from torchvision://resnet50 

backbone.layer2.0.bn1.weight - torch.Size([128]): 
PretrainedInit: load from torchvision://resnet50 

backbone.layer2.0.bn1.bias - torch.Size([128]): 
PretrainedInit: load from torchvision://resnet50 

backbone.layer2.0.conv2.weight - torch.Size([128, 128, 3, 3]): 
PretrainedInit: load from torchvision://resnet50 

backbone.layer2.0.conv2.conv_offset.weight - torch.Size([54, 128, 3, 3]): 
The value is the same before and after calling `init_weights` of FCENet  

backbone.layer2.0.conv2.conv_offset.bias - torch.Size([54]): 
The value is the same before and after calling `init_weights` of FCENet  

backbone.layer2.0.bn2.weight - torch.Size([128]): 
PretrainedInit: load from torchvision://resnet50 

backbone.layer2.0.bn2.bias - torch.Size([128]): 
PretrainedInit: load from torchvision://resnet50 

backbone.layer2.0.conv3.weight - torch.Size([512, 128, 1, 1]): 
PretrainedInit: load from torchvision://resnet50 

backbone.layer2.0.bn3.weight - torch.Size([512]): 
PretrainedInit: load from torchvision://resnet50 

backbone.layer2.0.bn3.bias - torch.Size([512]): 
PretrainedInit: load from torchvision://resnet50 

backbone.layer2.0.downsample.0.weight - torch.Size([512, 256, 1, 1]): 
PretrainedInit: load from torchvision://resnet50 

backbone.layer2.0.downsample.1.weight - torch.Size([512]): 
PretrainedInit: load from torchvision://resnet50 

backbone.layer2.0.downsample.1.bias - torch.Size([512]): 
PretrainedInit: load from torchvision://resnet50 

backbone.layer2.1.conv1.weight - torch.Size([128, 512, 1, 1]): 
PretrainedInit: load from torchvision://resnet50 

backbone.layer2.1.bn1.weight - torch.Size([128]): 
PretrainedInit: load from torchvision://resnet50 

backbone.layer2.1.bn1.bias - torch.Size([128]): 
PretrainedInit: load from torchvision://resnet50 

backbone.layer2.1.conv2.weight - torch.Size([128, 128, 3, 3]): 
PretrainedInit: load from torchvision://resnet50 

backbone.layer2.1.conv2.conv_offset.weight - torch.Size([54, 128, 3, 3]): 
The value is the same before and after calling `init_weights` of FCENet  

backbone.layer2.1.conv2.conv_offset.bias - torch.Size([54]): 
The value is the same before and after calling `init_weights` of FCENet  

backbone.layer2.1.bn2.weight - torch.Size([128]): 
PretrainedInit: load from torchvision://resnet50 

backbone.layer2.1.bn2.bias - torch.Size([128]): 
PretrainedInit: load from torchvision://resnet50 

backbone.layer2.1.conv3.weight - torch.Size([512, 128, 1, 1]): 
PretrainedInit: load from torchvision://resnet50 

backbone.layer2.1.bn3.weight - torch.Size([512]): 
PretrainedInit: load from torchvision://resnet50 

backbone.layer2.1.bn3.bias - torch.Size([512]): 
PretrainedInit: load from torchvision://resnet50 

backbone.layer2.2.conv1.weight - torch.Size([128, 512, 1, 1]): 
PretrainedInit: load from torchvision://resnet50 

backbone.layer2.2.bn1.weight - torch.Size([128]): 
PretrainedInit: load from torchvision://resnet50 

backbone.layer2.2.bn1.bias - torch.Size([128]): 
PretrainedInit: load from torchvision://resnet50 

backbone.layer2.2.conv2.weight - torch.Size([128, 128, 3, 3]): 
PretrainedInit: load from torchvision://resnet50 

backbone.layer2.2.conv2.conv_offset.weight - torch.Size([54, 128, 3, 3]): 
The value is the same before and after calling `init_weights` of FCENet  

backbone.layer2.2.conv2.conv_offset.bias - torch.Size([54]): 
The value is the same before and after calling `init_weights` of FCENet  

backbone.layer2.2.bn2.weight - torch.Size([128]): 
PretrainedInit: load from torchvision://resnet50 

backbone.layer2.2.bn2.bias - torch.Size([128]): 
PretrainedInit: load from torchvision://resnet50 

backbone.layer2.2.conv3.weight - torch.Size([512, 128, 1, 1]): 
PretrainedInit: load from torchvision://resnet50 

backbone.layer2.2.bn3.weight - torch.Size([512]): 
PretrainedInit: load from torchvision://resnet50 

backbone.layer2.2.bn3.bias - torch.Size([512]): 
PretrainedInit: load from torchvision://resnet50 

backbone.layer2.3.conv1.weight - torch.Size([128, 512, 1, 1]): 
PretrainedInit: load from torchvision://resnet50 

backbone.layer2.3.bn1.weight - torch.Size([128]): 
PretrainedInit: load from torchvision://resnet50 

backbone.layer2.3.bn1.bias - torch.Size([128]): 
PretrainedInit: load from torchvision://resnet50 

backbone.layer2.3.conv2.weight - torch.Size([128, 128, 3, 3]): 
PretrainedInit: load from torchvision://resnet50 

backbone.layer2.3.conv2.conv_offset.weight - torch.Size([54, 128, 3, 3]): 
The value is the same before and after calling `init_weights` of FCENet  

backbone.layer2.3.conv2.conv_offset.bias - torch.Size([54]): 
The value is the same before and after calling `init_weights` of FCENet  

backbone.layer2.3.bn2.weight - torch.Size([128]): 
PretrainedInit: load from torchvision://resnet50 

backbone.layer2.3.bn2.bias - torch.Size([128]): 
PretrainedInit: load from torchvision://resnet50 

backbone.layer2.3.conv3.weight - torch.Size([512, 128, 1, 1]): 
PretrainedInit: load from torchvision://resnet50 

backbone.layer2.3.bn3.weight - torch.Size([512]): 
PretrainedInit: load from torchvision://resnet50 

backbone.layer2.3.bn3.bias - torch.Size([512]): 
PretrainedInit: load from torchvision://resnet50 

backbone.layer3.0.conv1.weight - torch.Size([256, 512, 1, 1]): 
PretrainedInit: load from torchvision://resnet50 

backbone.layer3.0.bn1.weight - torch.Size([256]): 
PretrainedInit: load from torchvision://resnet50 

backbone.layer3.0.bn1.bias - torch.Size([256]): 
PretrainedInit: load from torchvision://resnet50 

backbone.layer3.0.conv2.weight - torch.Size([256, 256, 3, 3]): 
PretrainedInit: load from torchvision://resnet50 

backbone.layer3.0.conv2.conv_offset.weight - torch.Size([54, 256, 3, 3]): 
The value is the same before and after calling `init_weights` of FCENet  

backbone.layer3.0.conv2.conv_offset.bias - torch.Size([54]): 
The value is the same before and after calling `init_weights` of FCENet  

backbone.layer3.0.bn2.weight - torch.Size([256]): 
PretrainedInit: load from torchvision://resnet50 

backbone.layer3.0.bn2.bias - torch.Size([256]): 
PretrainedInit: load from torchvision://resnet50 

backbone.layer3.0.conv3.weight - torch.Size([1024, 256, 1, 1]): 
PretrainedInit: load from torchvision://resnet50 

backbone.layer3.0.bn3.weight - torch.Size([1024]): 
PretrainedInit: load from torchvision://resnet50 

backbone.layer3.0.bn3.bias - torch.Size([1024]): 
PretrainedInit: load from torchvision://resnet50 

backbone.layer3.0.downsample.0.weight - torch.Size([1024, 512, 1, 1]): 
PretrainedInit: load from torchvision://resnet50 

backbone.layer3.0.downsample.1.weight - torch.Size([1024]): 
PretrainedInit: load from torchvision://resnet50 

backbone.layer3.0.downsample.1.bias - torch.Size([1024]): 
PretrainedInit: load from torchvision://resnet50 

backbone.layer3.1.conv1.weight - torch.Size([256, 1024, 1, 1]): 
PretrainedInit: load from torchvision://resnet50 

backbone.layer3.1.bn1.weight - torch.Size([256]): 
PretrainedInit: load from torchvision://resnet50 

backbone.layer3.1.bn1.bias - torch.Size([256]): 
PretrainedInit: load from torchvision://resnet50 

backbone.layer3.1.conv2.weight - torch.Size([256, 256, 3, 3]): 
PretrainedInit: load from torchvision://resnet50 

backbone.layer3.1.conv2.conv_offset.weight - torch.Size([54, 256, 3, 3]): 
The value is the same before and after calling `init_weights` of FCENet  

backbone.layer3.1.conv2.conv_offset.bias - torch.Size([54]): 
The value is the same before and after calling `init_weights` of FCENet  

backbone.layer3.1.bn2.weight - torch.Size([256]): 
PretrainedInit: load from torchvision://resnet50 

backbone.layer3.1.bn2.bias - torch.Size([256]): 
PretrainedInit: load from torchvision://resnet50 

backbone.layer3.1.conv3.weight - torch.Size([1024, 256, 1, 1]): 
PretrainedInit: load from torchvision://resnet50 

backbone.layer3.1.bn3.weight - torch.Size([1024]): 
PretrainedInit: load from torchvision://resnet50 

backbone.layer3.1.bn3.bias - torch.Size([1024]): 
PretrainedInit: load from torchvision://resnet50 

backbone.layer3.2.conv1.weight - torch.Size([256, 1024, 1, 1]): 
PretrainedInit: load from torchvision://resnet50 

backbone.layer3.2.bn1.weight - torch.Size([256]): 
PretrainedInit: load from torchvision://resnet50 

backbone.layer3.2.bn1.bias - torch.Size([256]): 
PretrainedInit: load from torchvision://resnet50 

backbone.layer3.2.conv2.weight - torch.Size([256, 256, 3, 3]): 
PretrainedInit: load from torchvision://resnet50 

backbone.layer3.2.conv2.conv_offset.weight - torch.Size([54, 256, 3, 3]): 
The value is the same before and after calling `init_weights` of FCENet  

backbone.layer3.2.conv2.conv_offset.bias - torch.Size([54]): 
The value is the same before and after calling `init_weights` of FCENet  

backbone.layer3.2.bn2.weight - torch.Size([256]): 
PretrainedInit: load from torchvision://resnet50 

backbone.layer3.2.bn2.bias - torch.Size([256]): 
PretrainedInit: load from torchvision://resnet50 

backbone.layer3.2.conv3.weight - torch.Size([1024, 256, 1, 1]): 
PretrainedInit: load from torchvision://resnet50 

backbone.layer3.2.bn3.weight - torch.Size([1024]): 
PretrainedInit: load from torchvision://resnet50 

backbone.layer3.2.bn3.bias - torch.Size([1024]): 
PretrainedInit: load from torchvision://resnet50 

backbone.layer3.3.conv1.weight - torch.Size([256, 1024, 1, 1]): 
PretrainedInit: load from torchvision://resnet50 

backbone.layer3.3.bn1.weight - torch.Size([256]): 
PretrainedInit: load from torchvision://resnet50 

backbone.layer3.3.bn1.bias - torch.Size([256]): 
PretrainedInit: load from torchvision://resnet50 

backbone.layer3.3.conv2.weight - torch.Size([256, 256, 3, 3]): 
PretrainedInit: load from torchvision://resnet50 

backbone.layer3.3.conv2.conv_offset.weight - torch.Size([54, 256, 3, 3]): 
The value is the same before and after calling `init_weights` of FCENet  

backbone.layer3.3.conv2.conv_offset.bias - torch.Size([54]): 
The value is the same before and after calling `init_weights` of FCENet  

backbone.layer3.3.bn2.weight - torch.Size([256]): 
PretrainedInit: load from torchvision://resnet50 

backbone.layer3.3.bn2.bias - torch.Size([256]): 
PretrainedInit: load from torchvision://resnet50 

backbone.layer3.3.conv3.weight - torch.Size([1024, 256, 1, 1]): 
PretrainedInit: load from torchvision://resnet50 

backbone.layer3.3.bn3.weight - torch.Size([1024]): 
PretrainedInit: load from torchvision://resnet50 

backbone.layer3.3.bn3.bias - torch.Size([1024]): 
PretrainedInit: load from torchvision://resnet50 

backbone.layer3.4.conv1.weight - torch.Size([256, 1024, 1, 1]): 
PretrainedInit: load from torchvision://resnet50 

backbone.layer3.4.bn1.weight - torch.Size([256]): 
PretrainedInit: load from torchvision://resnet50 

backbone.layer3.4.bn1.bias - torch.Size([256]): 
PretrainedInit: load from torchvision://resnet50 

backbone.layer3.4.conv2.weight - torch.Size([256, 256, 3, 3]): 
PretrainedInit: load from torchvision://resnet50 

backbone.layer3.4.conv2.conv_offset.weight - torch.Size([54, 256, 3, 3]): 
The value is the same before and after calling `init_weights` of FCENet  

backbone.layer3.4.conv2.conv_offset.bias - torch.Size([54]): 
The value is the same before and after calling `init_weights` of FCENet  

backbone.layer3.4.bn2.weight - torch.Size([256]): 
PretrainedInit: load from torchvision://resnet50 

backbone.layer3.4.bn2.bias - torch.Size([256]): 
PretrainedInit: load from torchvision://resnet50 

backbone.layer3.4.conv3.weight - torch.Size([1024, 256, 1, 1]): 
PretrainedInit: load from torchvision://resnet50 

backbone.layer3.4.bn3.weight - torch.Size([1024]): 
PretrainedInit: load from torchvision://resnet50 

backbone.layer3.4.bn3.bias - torch.Size([1024]): 
PretrainedInit: load from torchvision://resnet50 

backbone.layer3.5.conv1.weight - torch.Size([256, 1024, 1, 1]): 
PretrainedInit: load from torchvision://resnet50 

backbone.layer3.5.bn1.weight - torch.Size([256]): 
PretrainedInit: load from torchvision://resnet50 

backbone.layer3.5.bn1.bias - torch.Size([256]): 
PretrainedInit: load from torchvision://resnet50 

backbone.layer3.5.conv2.weight - torch.Size([256, 256, 3, 3]): 
PretrainedInit: load from torchvision://resnet50 

backbone.layer3.5.conv2.conv_offset.weight - torch.Size([54, 256, 3, 3]): 
The value is the same before and after calling `init_weights` of FCENet  

backbone.layer3.5.conv2.conv_offset.bias - torch.Size([54]): 
The value is the same before and after calling `init_weights` of FCENet  

backbone.layer3.5.bn2.weight - torch.Size([256]): 
PretrainedInit: load from torchvision://resnet50 

backbone.layer3.5.bn2.bias - torch.Size([256]): 
PretrainedInit: load from torchvision://resnet50 

backbone.layer3.5.conv3.weight - torch.Size([1024, 256, 1, 1]): 
PretrainedInit: load from torchvision://resnet50 

backbone.layer3.5.bn3.weight - torch.Size([1024]): 
PretrainedInit: load from torchvision://resnet50 

backbone.layer3.5.bn3.bias - torch.Size([1024]): 
PretrainedInit: load from torchvision://resnet50 

backbone.layer4.0.conv1.weight - torch.Size([512, 1024, 1, 1]): 
PretrainedInit: load from torchvision://resnet50 

backbone.layer4.0.bn1.weight - torch.Size([512]): 
PretrainedInit: load from torchvision://resnet50 

backbone.layer4.0.bn1.bias - torch.Size([512]): 
PretrainedInit: load from torchvision://resnet50 

backbone.layer4.0.conv2.weight - torch.Size([512, 512, 3, 3]): 
PretrainedInit: load from torchvision://resnet50 

backbone.layer4.0.conv2.conv_offset.weight - torch.Size([54, 512, 3, 3]): 
The value is the same before and after calling `init_weights` of FCENet  

backbone.layer4.0.conv2.conv_offset.bias - torch.Size([54]): 
The value is the same before and after calling `init_weights` of FCENet  

backbone.layer4.0.bn2.weight - torch.Size([512]): 
PretrainedInit: load from torchvision://resnet50 

backbone.layer4.0.bn2.bias - torch.Size([512]): 
PretrainedInit: load from torchvision://resnet50 

backbone.layer4.0.conv3.weight - torch.Size([2048, 512, 1, 1]): 
PretrainedInit: load from torchvision://resnet50 

backbone.layer4.0.bn3.weight - torch.Size([2048]): 
PretrainedInit: load from torchvision://resnet50 

backbone.layer4.0.bn3.bias - torch.Size([2048]): 
PretrainedInit: load from torchvision://resnet50 

backbone.layer4.0.downsample.0.weight - torch.Size([2048, 1024, 1, 1]): 
PretrainedInit: load from torchvision://resnet50 

backbone.layer4.0.downsample.1.weight - torch.Size([2048]): 
PretrainedInit: load from torchvision://resnet50 

backbone.layer4.0.downsample.1.bias - torch.Size([2048]): 
PretrainedInit: load from torchvision://resnet50 

backbone.layer4.1.conv1.weight - torch.Size([512, 2048, 1, 1]): 
PretrainedInit: load from torchvision://resnet50 

backbone.layer4.1.bn1.weight - torch.Size([512]): 
PretrainedInit: load from torchvision://resnet50 

backbone.layer4.1.bn1.bias - torch.Size([512]): 
PretrainedInit: load from torchvision://resnet50 

backbone.layer4.1.conv2.weight - torch.Size([512, 512, 3, 3]): 
PretrainedInit: load from torchvision://resnet50 

backbone.layer4.1.conv2.conv_offset.weight - torch.Size([54, 512, 3, 3]): 
The value is the same before and after calling `init_weights` of FCENet  

backbone.layer4.1.conv2.conv_offset.bias - torch.Size([54]): 
The value is the same before and after calling `init_weights` of FCENet  

backbone.layer4.1.bn2.weight - torch.Size([512]): 
PretrainedInit: load from torchvision://resnet50 

backbone.layer4.1.bn2.bias - torch.Size([512]): 
PretrainedInit: load from torchvision://resnet50 

backbone.layer4.1.conv3.weight - torch.Size([2048, 512, 1, 1]): 
PretrainedInit: load from torchvision://resnet50 

backbone.layer4.1.bn3.weight - torch.Size([2048]): 
PretrainedInit: load from torchvision://resnet50 

backbone.layer4.1.bn3.bias - torch.Size([2048]): 
PretrainedInit: load from torchvision://resnet50 

backbone.layer4.2.conv1.weight - torch.Size([512, 2048, 1, 1]): 
PretrainedInit: load from torchvision://resnet50 

backbone.layer4.2.bn1.weight - torch.Size([512]): 
PretrainedInit: load from torchvision://resnet50 

backbone.layer4.2.bn1.bias - torch.Size([512]): 
PretrainedInit: load from torchvision://resnet50 

backbone.layer4.2.conv2.weight - torch.Size([512, 512, 3, 3]): 
PretrainedInit: load from torchvision://resnet50 

backbone.layer4.2.conv2.conv_offset.weight - torch.Size([54, 512, 3, 3]): 
The value is the same before and after calling `init_weights` of FCENet  

backbone.layer4.2.conv2.conv_offset.bias - torch.Size([54]): 
The value is the same before and after calling `init_weights` of FCENet  

backbone.layer4.2.bn2.weight - torch.Size([512]): 
PretrainedInit: load from torchvision://resnet50 

backbone.layer4.2.bn2.bias - torch.Size([512]): 
PretrainedInit: load from torchvision://resnet50 

backbone.layer4.2.conv3.weight - torch.Size([2048, 512, 1, 1]): 
PretrainedInit: load from torchvision://resnet50 

backbone.layer4.2.bn3.weight - torch.Size([2048]): 
PretrainedInit: load from torchvision://resnet50 

backbone.layer4.2.bn3.bias - torch.Size([2048]): 
PretrainedInit: load from torchvision://resnet50 

neck.lateral_convs.0.conv.weight - torch.Size([256, 512, 1, 1]): 
XavierInit: gain=1, distribution=uniform, bias=0 

neck.lateral_convs.0.conv.bias - torch.Size([256]): 
The value is the same before and after calling `init_weights` of FCENet  

neck.lateral_convs.1.conv.weight - torch.Size([256, 1024, 1, 1]): 
XavierInit: gain=1, distribution=uniform, bias=0 

neck.lateral_convs.1.conv.bias - torch.Size([256]): 
The value is the same before and after calling `init_weights` of FCENet  

neck.lateral_convs.2.conv.weight - torch.Size([256, 2048, 1, 1]): 
XavierInit: gain=1, distribution=uniform, bias=0 

neck.lateral_convs.2.conv.bias - torch.Size([256]): 
The value is the same before and after calling `init_weights` of FCENet  

neck.fpn_convs.0.conv.weight - torch.Size([256, 256, 3, 3]): 
XavierInit: gain=1, distribution=uniform, bias=0 

neck.fpn_convs.0.conv.bias - torch.Size([256]): 
The value is the same before and after calling `init_weights` of FCENet  

neck.fpn_convs.1.conv.weight - torch.Size([256, 256, 3, 3]): 
XavierInit: gain=1, distribution=uniform, bias=0 

neck.fpn_convs.1.conv.bias - torch.Size([256]): 
The value is the same before and after calling `init_weights` of FCENet  

neck.fpn_convs.2.conv.weight - torch.Size([256, 256, 3, 3]): 
XavierInit: gain=1, distribution=uniform, bias=0 

neck.fpn_convs.2.conv.bias - torch.Size([256]): 
The value is the same before and after calling `init_weights` of FCENet  

det_head.out_conv_cls.weight - torch.Size([4, 256, 3, 3]): 
NormalInit: mean=0, std=0.01, bias=0 

det_head.out_conv_cls.bias - torch.Size([4]): 
NormalInit: mean=0, std=0.01, bias=0 

det_head.out_conv_reg.weight - torch.Size([22, 256, 3, 3]): 
NormalInit: mean=0, std=0.01, bias=0 

det_head.out_conv_reg.bias - torch.Size([22]): 
NormalInit: mean=0, std=0.01, bias=0 
2025/12/28 12:12:16 - mmengine - INFO - ModulatedDeformConvPack backbone.layer2.0.conv2 is upgraded to version 2.
2025/12/28 12:12:16 - mmengine - INFO - ModulatedDeformConvPack backbone.layer2.1.conv2 is upgraded to version 2.
2025/12/28 12:12:16 - mmengine - INFO - ModulatedDeformConvPack backbone.layer2.2.conv2 is upgraded to version 2.
2025/12/28 12:12:16 - mmengine - INFO - ModulatedDeformConvPack backbone.layer2.3.conv2 is upgraded to version 2.
2025/12/28 12:12:16 - mmengine - INFO - ModulatedDeformConvPack backbone.layer3.0.conv2 is upgraded to version 2.
2025/12/28 12:12:16 - mmengine - INFO - ModulatedDeformConvPack backbone.layer3.1.conv2 is upgraded to version 2.
2025/12/28 12:12:16 - mmengine - INFO - ModulatedDeformConvPack backbone.layer3.2.conv2 is upgraded to version 2.
2025/12/28 12:12:16 - mmengine - INFO - ModulatedDeformConvPack backbone.layer3.3.conv2 is upgraded to version 2.
2025/12/28 12:12:16 - mmengine - INFO - ModulatedDeformConvPack backbone.layer3.4.conv2 is upgraded to version 2.
2025/12/28 12:12:16 - mmengine - INFO - ModulatedDeformConvPack backbone.layer3.5.conv2 is upgraded to version 2.
2025/12/28 12:12:16 - mmengine - INFO - ModulatedDeformConvPack backbone.layer4.0.conv2 is upgraded to version 2.
2025/12/28 12:12:16 - mmengine - INFO - ModulatedDeformConvPack backbone.layer4.1.conv2 is upgraded to version 2.
2025/12/28 12:12:16 - mmengine - INFO - ModulatedDeformConvPack backbone.layer4.2.conv2 is upgraded to version 2.
2025/12/28 12:12:16 - mmengine - INFO - Load checkpoint from work_dirs/fcenet_r50dcnv2_fpn_direct_finetune_art_rctw_rects/epoch_15.pth
2025/12/28 12:12:16 - mmengine - INFO - resumed epoch: 15, iter: 14205
2025/12/28 12:12:16 - mmengine - WARNING - "FileClient" will be deprecated in future. Please use io functions in https://mmengine.readthedocs.io/en/latest/api/fileio.html#file-io
2025/12/28 12:12:16 - mmengine - WARNING - "HardDiskBackend" is the alias of "LocalBackend" and the former will be deprecated in future.
2025/12/28 12:12:16 - mmengine - INFO - Checkpoints will be saved to /root/lanyun-tmp/mmocr/work_dirs/fcenet_r50dcnv2_fpn_direct_finetune_art_rctw_rects.
2025/12/28 12:12:36 - mmengine - INFO - Epoch(train)  [16][  5/947]  lr: 8.7854e-04  eta: 3 days, 17:59:19  time: 2.9130  data_time: 0.4329  memory: 20552  grad_norm: 39.8308  loss: 4.2568  loss_text: 0.8886  loss_center: 1.1500  loss_reg_x: 1.3069  loss_reg_y: 0.9114
2025/12/28 12:12:49 - mmengine - INFO - Epoch(train)  [16][ 10/947]  lr: 8.7854e-04  eta: 3 days, 1:21:47  time: 3.2815  data_time: 0.4333  memory: 19777  grad_norm: 42.5060  loss: 4.9147  loss_text: 0.9772  loss_center: 1.2576  loss_reg_x: 1.6179  loss_reg_y: 1.0619
2025/12/28 12:13:01 - mmengine - INFO - Epoch(train)  [16][ 15/947]  lr: 8.7854e-04  eta: 2 days, 19:49:29  time: 2.5385  data_time: 0.0029  memory: 19777  grad_norm: 44.8467  loss: 5.0838  loss_text: 0.9912  loss_center: 1.2451  loss_reg_x: 1.6732  loss_reg_y: 1.1743
2025/12/28 12:13:14 - mmengine - INFO - Epoch(train)  [16][ 20/947]  lr: 8.7854e-04  eta: 2 days, 16:39:51  time: 2.5040  data_time: 0.0027  memory: 19777  grad_norm: 48.4502  loss: 5.0439  loss_text: 0.9998  loss_center: 1.2361  loss_reg_x: 1.6427  loss_reg_y: 1.1652
2025/12/28 12:13:27 - mmengine - INFO - Epoch(train)  [16][ 25/947]  lr: 8.7854e-04  eta: 2 days, 15:17:30  time: 2.5279  data_time: 0.0030  memory: 19777  grad_norm: 50.4780  loss: 5.2640  loss_text: 0.9972  loss_center: 1.2710  loss_reg_x: 1.8067  loss_reg_y: 1.1890
2025/12/28 12:13:39 - mmengine - INFO - Epoch(train)  [16][ 30/947]  lr: 8.7854e-04  eta: 2 days, 13:49:42  time: 2.5132  data_time: 0.0029  memory: 19777  grad_norm: 45.6156  loss: 5.1626  loss_text: 0.9565  loss_center: 1.2725  loss_reg_x: 1.7632  loss_reg_y: 1.1705
2025/12/28 12:13:51 - mmengine - INFO - Epoch(train)  [16][ 35/947]  lr: 8.7854e-04  eta: 2 days, 13:06:44  time: 2.4914  data_time: 0.0023  memory: 19777  grad_norm: 42.9782  loss: 4.9297  loss_text: 0.9192  loss_center: 1.2618  loss_reg_x: 1.6291  loss_reg_y: 1.1196
2025/12/28 12:14:04 - mmengine - INFO - Epoch(train)  [16][ 40/947]  lr: 8.7854e-04  eta: 2 days, 12:44:27  time: 2.5729  data_time: 0.0025  memory: 19777  grad_norm: 44.4766  loss: 4.8624  loss_text: 0.9151  loss_center: 1.2237  loss_reg_x: 1.6214  loss_reg_y: 1.1022
2025/12/28 12:14:16 - mmengine - INFO - Epoch(train)  [16][ 45/947]  lr: 8.7854e-04  eta: 2 days, 11:45:11  time: 2.4622  data_time: 0.0025  memory: 19777  grad_norm: 44.4136  loss: 4.6414  loss_text: 0.8791  loss_center: 1.1482  loss_reg_x: 1.5631  loss_reg_y: 1.0510
2025/12/28 12:14:29 - mmengine - INFO - Epoch(train)  [16][ 50/947]  lr: 8.7854e-04  eta: 2 days, 11:21:28  time: 2.4101  data_time: 0.0026  memory: 19777  grad_norm: 41.2880  loss: 4.5786  loss_text: 0.9059  loss_center: 1.1966  loss_reg_x: 1.4959  loss_reg_y: 0.9802
2025/12/28 12:14:41 - mmengine - INFO - Epoch(train)  [16][ 55/947]  lr: 8.7854e-04  eta: 2 days, 11:00:53  time: 2.4940  data_time: 0.0034  memory: 19777  grad_norm: 42.8437  loss: 4.8961  loss_text: 0.9652  loss_center: 1.2859  loss_reg_x: 1.5817  loss_reg_y: 1.0632
2025/12/28 12:14:53 - mmengine - INFO - Epoch(train)  [16][ 60/947]  lr: 8.7854e-04  eta: 2 days, 10:40:33  time: 2.4752  data_time: 0.0034  memory: 19777  grad_norm: 47.7724  loss: 5.0810  loss_text: 0.9733  loss_center: 1.2913  loss_reg_x: 1.6683  loss_reg_y: 1.1481
2025/12/28 12:15:06 - mmengine - INFO - Epoch(train)  [16][ 65/947]  lr: 8.7854e-04  eta: 2 days, 10:25:33  time: 2.4719  data_time: 0.0030  memory: 19777  grad_norm: 45.9560  loss: 5.0207  loss_text: 0.9699  loss_center: 1.3045  loss_reg_x: 1.6491  loss_reg_y: 1.0971
2025/12/28 12:15:18 - mmengine - INFO - Epoch(train)  [16][ 70/947]  lr: 8.7854e-04  eta: 2 days, 10:10:03  time: 2.4691  data_time: 0.0029  memory: 19777  grad_norm: 40.7038  loss: 5.0025  loss_text: 0.9071  loss_center: 1.3252  loss_reg_x: 1.6364  loss_reg_y: 1.1338
2025/12/28 12:15:30 - mmengine - INFO - Epoch(train)  [16][ 75/947]  lr: 8.7854e-04  eta: 2 days, 9:58:37  time: 2.4669  data_time: 0.0036  memory: 19777  grad_norm: 40.0840  loss: 4.9636  loss_text: 0.8888  loss_center: 1.2856  loss_reg_x: 1.6459  loss_reg_y: 1.1433
2025/12/28 12:15:43 - mmengine - INFO - Epoch(train)  [16][ 80/947]  lr: 8.7854e-04  eta: 2 days, 9:44:43  time: 2.4551  data_time: 0.0038  memory: 19777  grad_norm: 41.6620  loss: 4.9771  loss_text: 0.9272  loss_center: 1.2733  loss_reg_x: 1.6531  loss_reg_y: 1.1236
2025/12/28 12:15:55 - mmengine - INFO - Epoch(train)  [16][ 85/947]  lr: 8.7854e-04  eta: 2 days, 9:35:16  time: 2.4500  data_time: 0.0030  memory: 19777  grad_norm: 40.6714  loss: 5.0256  loss_text: 0.9342  loss_center: 1.3139  loss_reg_x: 1.6548  loss_reg_y: 1.1227
2025/12/28 12:16:07 - mmengine - INFO - Epoch(train)  [16][ 90/947]  lr: 8.7854e-04  eta: 2 days, 9:18:37  time: 2.4127  data_time: 0.0028  memory: 19777  grad_norm: 42.6318  loss: 5.0493  loss_text: 0.9282  loss_center: 1.3047  loss_reg_x: 1.6765  loss_reg_y: 1.1399
2025/12/28 12:16:20 - mmengine - INFO - Epoch(train)  [16][ 95/947]  lr: 8.7854e-04  eta: 2 days, 9:23:12  time: 2.4958  data_time: 0.0036  memory: 19777  grad_norm: 44.7103  loss: 5.1451  loss_text: 0.9194  loss_center: 1.3204  loss_reg_x: 1.6746  loss_reg_y: 1.2307
2025/12/28 12:16:32 - mmengine - INFO - Epoch(train)  [16][100/947]  lr: 8.7854e-04  eta: 2 days, 9:12:54  time: 2.5266  data_time: 0.0035  memory: 19777  grad_norm: 41.3693  loss: 5.0139  loss_text: 0.9369  loss_center: 1.2930  loss_reg_x: 1.6377  loss_reg_y: 1.1462
2025/12/28 12:16:44 - mmengine - INFO - Epoch(train)  [16][105/947]  lr: 8.7854e-04  eta: 2 days, 9:01:39  time: 2.4039  data_time: 0.0024  memory: 19777  grad_norm: 46.4177  loss: 5.0672  loss_text: 0.9804  loss_center: 1.2411  loss_reg_x: 1.6983  loss_reg_y: 1.1474
2025/12/28 12:16:56 - mmengine - INFO - Epoch(train)  [16][110/947]  lr: 8.7854e-04  eta: 2 days, 8:56:48  time: 2.4334  data_time: 0.0025  memory: 19777  grad_norm: 50.3792  loss: 4.9823  loss_text: 0.9679  loss_center: 1.2426  loss_reg_x: 1.7004  loss_reg_y: 1.0714
2025/12/28 12:17:09 - mmengine - INFO - Epoch(train)  [16][115/947]  lr: 8.7854e-04  eta: 2 days, 8:52:11  time: 2.4763  data_time: 0.0026  memory: 19777  grad_norm: 50.3091  loss: 4.9437  loss_text: 0.9349  loss_center: 1.2778  loss_reg_x: 1.7303  loss_reg_y: 1.0007
2025/12/28 12:17:21 - mmengine - INFO - Epoch(train)  [16][120/947]  lr: 8.7854e-04  eta: 2 days, 8:42:02  time: 2.4218  data_time: 0.0023  memory: 19777  grad_norm: 55.3912  loss: 5.1982  loss_text: 0.9400  loss_center: 1.3257  loss_reg_x: 1.7338  loss_reg_y: 1.1987
2025/12/28 12:17:33 - mmengine - INFO - Epoch(train)  [16][125/947]  lr: 8.7854e-04  eta: 2 days, 8:36:04  time: 2.4006  data_time: 0.0023  memory: 19777  grad_norm: 51.1904  loss: 4.9256  loss_text: 0.9173  loss_center: 1.2772  loss_reg_x: 1.6271  loss_reg_y: 1.1039
2025/12/28 12:17:45 - mmengine - INFO - Epoch(train)  [16][130/947]  lr: 8.7854e-04  eta: 2 days, 8:28:09  time: 2.4090  data_time: 0.0023  memory: 19777  grad_norm: 43.4090  loss: 4.8804  loss_text: 0.9368  loss_center: 1.2566  loss_reg_x: 1.6153  loss_reg_y: 1.0718
2025/12/28 12:17:57 - mmengine - INFO - Epoch(train)  [16][135/947]  lr: 8.7854e-04  eta: 2 days, 8:25:28  time: 2.4326  data_time: 0.0023  memory: 19777  grad_norm: 40.1861  loss: 4.8658  loss_text: 0.9570  loss_center: 1.2712  loss_reg_x: 1.5238  loss_reg_y: 1.1137
2025/12/28 12:18:10 - mmengine - INFO - Epoch(train)  [16][140/947]  lr: 8.7854e-04  eta: 2 days, 8:28:09  time: 2.5339  data_time: 0.0024  memory: 19777  grad_norm: 36.0822  loss: 4.6136  loss_text: 0.8894  loss_center: 1.2502  loss_reg_x: 1.4321  loss_reg_y: 1.0420
2025/12/28 12:18:22 - mmengine - INFO - Epoch(train)  [16][145/947]  lr: 8.7854e-04  eta: 2 days, 8:19:02  time: 2.4627  data_time: 0.0023  memory: 19777  grad_norm: 39.0929  loss: 5.0246  loss_text: 0.9208  loss_center: 1.2758  loss_reg_x: 1.6712  loss_reg_y: 1.1567
2025/12/28 12:18:34 - mmengine - INFO - Epoch(train)  [16][150/947]  lr: 8.7854e-04  eta: 2 days, 8:17:40  time: 2.4172  data_time: 0.0022  memory: 19777  grad_norm: 40.3447  loss: 4.9721  loss_text: 0.9371  loss_center: 1.2693  loss_reg_x: 1.6843  loss_reg_y: 1.0814
2025/12/28 12:18:47 - mmengine - INFO - Epoch(train)  [16][155/947]  lr: 8.7854e-04  eta: 2 days, 8:20:32  time: 2.5454  data_time: 0.0023  memory: 19777  grad_norm: 40.5633  loss: 4.6577  loss_text: 0.9080  loss_center: 1.2441  loss_reg_x: 1.4718  loss_reg_y: 1.0337
2025/12/28 12:18:59 - mmengine - INFO - Epoch(train)  [16][160/947]  lr: 8.7854e-04  eta: 2 days, 8:17:52  time: 2.5299  data_time: 0.0023  memory: 19777  grad_norm: 43.0671  loss: 4.9706  loss_text: 0.9344  loss_center: 1.2636  loss_reg_x: 1.6284  loss_reg_y: 1.1442
2025/12/28 12:19:12 - mmengine - INFO - Epoch(train)  [16][165/947]  lr: 8.7854e-04  eta: 2 days, 8:19:02  time: 2.5114  data_time: 0.0022  memory: 19777  grad_norm: 41.8343  loss: 4.8714  loss_text: 0.9109  loss_center: 1.2351  loss_reg_x: 1.6104  loss_reg_y: 1.1150
2025/12/28 12:19:24 - mmengine - INFO - Epoch(train)  [16][170/947]  lr: 8.7854e-04  eta: 2 days, 8:15:54  time: 2.5031  data_time: 0.0023  memory: 19777  grad_norm: 42.8838  loss: 4.9634  loss_text: 0.9209  loss_center: 1.2777  loss_reg_x: 1.6038  loss_reg_y: 1.1609
2025/12/28 12:19:36 - mmengine - INFO - Epoch(train)  [16][175/947]  lr: 8.7854e-04  eta: 2 days, 8:11:17  time: 2.4280  data_time: 0.0022  memory: 19777  grad_norm: 43.0636  loss: 5.1641  loss_text: 0.9774  loss_center: 1.3468  loss_reg_x: 1.6547  loss_reg_y: 1.1853
2025/12/28 12:19:48 - mmengine - INFO - Epoch(train)  [16][180/947]  lr: 8.7854e-04  eta: 2 days, 8:05:20  time: 2.3853  data_time: 0.0022  memory: 19777  grad_norm: 39.2825  loss: 4.8438  loss_text: 0.9462  loss_center: 1.2943  loss_reg_x: 1.5165  loss_reg_y: 1.0869
2025/12/28 12:20:00 - mmengine - INFO - Epoch(train)  [16][185/947]  lr: 8.7854e-04  eta: 2 days, 8:01:29  time: 2.3888  data_time: 0.0023  memory: 19777  grad_norm: 40.0027  loss: 4.8781  loss_text: 0.9514  loss_center: 1.3123  loss_reg_x: 1.5006  loss_reg_y: 1.1138
2025/12/28 12:20:13 - mmengine - INFO - Epoch(train)  [16][190/947]  lr: 8.7854e-04  eta: 2 days, 8:00:54  time: 2.4572  data_time: 0.0024  memory: 19777  grad_norm: 46.1234  loss: 4.9891  loss_text: 0.9709  loss_center: 1.3194  loss_reg_x: 1.5439  loss_reg_y: 1.1549
2025/12/28 12:20:26 - mmengine - INFO - Epoch(train)  [16][195/947]  lr: 8.7854e-04  eta: 2 days, 8:01:46  time: 2.5216  data_time: 0.0024  memory: 19777  grad_norm: 52.8354  loss: 5.1564  loss_text: 0.9645  loss_center: 1.3313  loss_reg_x: 1.6708  loss_reg_y: 1.1898
2025/12/28 12:20:38 - mmengine - INFO - Epoch(train)  [16][200/947]  lr: 8.7854e-04  eta: 2 days, 7:58:22  time: 2.4795  data_time: 0.0024  memory: 19777  grad_norm: 54.6911  loss: 5.1931  loss_text: 0.9685  loss_center: 1.2952  loss_reg_x: 1.7319  loss_reg_y: 1.1975
2025/12/28 12:20:50 - mmengine - INFO - Epoch(train)  [16][205/947]  lr: 8.7854e-04  eta: 2 days, 7:55:33  time: 2.4230  data_time: 0.0024  memory: 19777  grad_norm: 48.3027  loss: 4.7879  loss_text: 0.9373  loss_center: 1.2150  loss_reg_x: 1.5476  loss_reg_y: 1.0879
2025/12/28 12:21:03 - mmengine - INFO - Epoch(train)  [16][210/947]  lr: 8.7854e-04  eta: 2 days, 7:57:58  time: 2.5097  data_time: 0.0024  memory: 19777  grad_norm: 42.7761  loss: 4.9329  loss_text: 0.9529  loss_center: 1.2741  loss_reg_x: 1.5565  loss_reg_y: 1.1494
2025/12/28 12:21:16 - mmengine - INFO - Epoch(train)  [16][215/947]  lr: 8.7854e-04  eta: 2 days, 8:00:11  time: 2.5887  data_time: 0.0025  memory: 19777  grad_norm: 42.0247  loss: 5.1237  loss_text: 0.9675  loss_center: 1.2863  loss_reg_x: 1.6738  loss_reg_y: 1.1960
2025/12/28 12:21:28 - mmengine - INFO - Epoch(train)  [16][220/947]  lr: 8.7854e-04  eta: 2 days, 7:59:25  time: 2.5403  data_time: 0.0024  memory: 19777  grad_norm: 41.9498  loss: 4.9842  loss_text: 0.9551  loss_center: 1.2743  loss_reg_x: 1.6076  loss_reg_y: 1.1471
2025/12/28 12:21:40 - mmengine - INFO - Epoch(train)  [16][225/947]  lr: 8.7854e-04  eta: 2 days, 7:57:10  time: 2.4678  data_time: 0.0024  memory: 19777  grad_norm: 40.9911  loss: 5.0646  loss_text: 0.9473  loss_center: 1.2804  loss_reg_x: 1.5613  loss_reg_y: 1.2756
2025/12/28 12:21:53 - mmengine - INFO - Epoch(train)  [16][230/947]  lr: 8.7854e-04  eta: 2 days, 7:55:00  time: 2.4423  data_time: 0.0025  memory: 19777  grad_norm: 44.9129  loss: 5.2020  loss_text: 0.9504  loss_center: 1.2571  loss_reg_x: 1.7010  loss_reg_y: 1.2935
2025/12/28 12:22:05 - mmengine - INFO - Epoch(train)  [16][235/947]  lr: 8.7854e-04  eta: 2 days, 7:51:58  time: 2.4253  data_time: 0.0030  memory: 19777  grad_norm: 46.1788  loss: 5.0735  loss_text: 0.9306  loss_center: 1.2324  loss_reg_x: 1.7376  loss_reg_y: 1.1728
2025/12/28 12:22:17 - mmengine - INFO - Epoch(train)  [16][240/947]  lr: 8.7854e-04  eta: 2 days, 7:50:03  time: 2.4266  data_time: 0.0029  memory: 19777  grad_norm: 41.1938  loss: 4.8584  loss_text: 0.9084  loss_center: 1.2193  loss_reg_x: 1.6455  loss_reg_y: 1.0851
2025/12/28 12:22:29 - mmengine - INFO - Epoch(train)  [16][245/947]  lr: 8.7854e-04  eta: 2 days, 7:48:59  time: 2.4589  data_time: 0.0024  memory: 19777  grad_norm: 44.7318  loss: 5.0065  loss_text: 0.9565  loss_center: 1.2262  loss_reg_x: 1.6628  loss_reg_y: 1.1611
2025/12/28 12:22:42 - mmengine - INFO - Epoch(train)  [16][250/947]  lr: 8.7854e-04  eta: 2 days, 7:49:23  time: 2.4999  data_time: 0.0025  memory: 19777  grad_norm: 47.8013  loss: 5.2596  loss_text: 1.0005  loss_center: 1.2655  loss_reg_x: 1.7437  loss_reg_y: 1.2499
2025/12/28 12:22:54 - mmengine - INFO - Epoch(train)  [16][255/947]  lr: 8.7854e-04  eta: 2 days, 7:47:42  time: 2.4876  data_time: 0.0027  memory: 19777  grad_norm: 45.3637  loss: 5.1647  loss_text: 0.9728  loss_center: 1.2835  loss_reg_x: 1.7595  loss_reg_y: 1.1489
2025/12/28 12:23:06 - mmengine - INFO - Epoch(train)  [16][260/947]  lr: 8.7854e-04  eta: 2 days, 7:46:40  time: 2.4595  data_time: 0.0025  memory: 19777  grad_norm: 44.3387  loss: 5.2221  loss_text: 0.9518  loss_center: 1.2812  loss_reg_x: 1.8072  loss_reg_y: 1.1818
2025/12/28 12:23:18 - mmengine - INFO - Epoch(train)  [16][265/947]  lr: 8.7854e-04  eta: 2 days, 7:42:55  time: 2.4167  data_time: 0.0023  memory: 19777  grad_norm: 43.8069  loss: 5.1942  loss_text: 0.9456  loss_center: 1.2503  loss_reg_x: 1.8168  loss_reg_y: 1.1814
2025/12/28 12:23:32 - mmengine - INFO - Epoch(train)  [16][270/947]  lr: 8.7854e-04  eta: 2 days, 7:46:22  time: 2.5051  data_time: 0.0023  memory: 19777  grad_norm: 42.1769  loss: 5.1895  loss_text: 0.9470  loss_center: 1.2564  loss_reg_x: 1.7545  loss_reg_y: 1.2316
2025/12/28 12:23:44 - mmengine - INFO - Epoch(train)  [16][275/947]  lr: 8.7854e-04  eta: 2 days, 7:46:52  time: 2.5896  data_time: 0.0024  memory: 19777  grad_norm: 40.6018  loss: 5.3235  loss_text: 0.9717  loss_center: 1.3357  loss_reg_x: 1.7623  loss_reg_y: 1.2537
2025/12/28 12:23:56 - mmengine - INFO - Epoch(train)  [16][280/947]  lr: 8.7854e-04  eta: 2 days, 7:44:55  time: 2.4810  data_time: 0.0028  memory: 19777  grad_norm: 39.8194  loss: 5.1137  loss_text: 0.9412  loss_center: 1.3510  loss_reg_x: 1.7115  loss_reg_y: 1.1099
2025/12/28 12:24:09 - mmengine - INFO - Epoch(train)  [16][285/947]  lr: 8.7854e-04  eta: 2 days, 7:43:35  time: 2.4422  data_time: 0.0027  memory: 19777  grad_norm: 38.6182  loss: 4.9646  loss_text: 0.9079  loss_center: 1.3246  loss_reg_x: 1.6576  loss_reg_y: 1.0745
2025/12/28 12:24:21 - mmengine - INFO - Epoch(train)  [16][290/947]  lr: 8.7854e-04  eta: 2 days, 7:43:57  time: 2.4902  data_time: 0.0023  memory: 19777  grad_norm: 42.2197  loss: 4.7929  loss_text: 0.8706  loss_center: 1.2643  loss_reg_x: 1.5373  loss_reg_y: 1.1208
2025/12/28 12:24:34 - mmengine - INFO - Epoch(train)  [16][295/947]  lr: 8.7854e-04  eta: 2 days, 7:43:45  time: 2.5139  data_time: 0.0023  memory: 19777  grad_norm: 45.8012  loss: 5.0953  loss_text: 0.9031  loss_center: 1.2755  loss_reg_x: 1.6414  loss_reg_y: 1.2753
2025/12/28 12:24:46 - mmengine - INFO - Epoch(train)  [16][300/947]  lr: 8.7854e-04  eta: 2 days, 7:43:30  time: 2.5005  data_time: 0.0022  memory: 19777  grad_norm: 41.3114  loss: 5.2799  loss_text: 0.9906  loss_center: 1.3241  loss_reg_x: 1.7429  loss_reg_y: 1.2223
2025/12/28 12:24:57 - mmengine - INFO - Epoch(train)  [16][305/947]  lr: 8.7854e-04  eta: 2 days, 7:37:11  time: 2.3614  data_time: 0.0024  memory: 19777  grad_norm: 38.9730  loss: 5.1204  loss_text: 1.0113  loss_center: 1.2875  loss_reg_x: 1.7343  loss_reg_y: 1.0873
2025/12/28 12:25:10 - mmengine - INFO - Epoch(train)  [16][310/947]  lr: 8.7854e-04  eta: 2 days, 7:37:14  time: 2.3658  data_time: 0.0024  memory: 19777  grad_norm: 45.7462  loss: 5.4612  loss_text: 1.0203  loss_center: 1.2805  loss_reg_x: 1.8903  loss_reg_y: 1.2701
2025/12/28 12:25:22 - mmengine - INFO - Epoch(train)  [16][315/947]  lr: 8.7854e-04  eta: 2 days, 7:33:31  time: 2.4204  data_time: 0.0023  memory: 19777  grad_norm: 47.6965  loss: 5.2404  loss_text: 0.9567  loss_center: 1.2478  loss_reg_x: 1.7595  loss_reg_y: 1.2763
2025/12/28 12:25:34 - mmengine - INFO - Epoch(train)  [16][320/947]  lr: 8.7854e-04  eta: 2 days, 7:33:00  time: 2.4059  data_time: 0.0024  memory: 19777  grad_norm: 47.0476  loss: 4.7977  loss_text: 0.8920  loss_center: 1.2030  loss_reg_x: 1.5720  loss_reg_y: 1.1307
2025/12/28 12:25:46 - mmengine - INFO - Epoch(train)  [16][325/947]  lr: 8.7854e-04  eta: 2 days, 7:33:02  time: 2.4930  data_time: 0.0023  memory: 19777  grad_norm: 45.7558  loss: 4.8574  loss_text: 0.8990  loss_center: 1.2513  loss_reg_x: 1.5878  loss_reg_y: 1.1192
2025/12/28 12:25:59 - mmengine - INFO - Epoch(train)  [16][330/947]  lr: 8.7854e-04  eta: 2 days, 7:33:12  time: 2.5097  data_time: 0.0022  memory: 19777  grad_norm: 42.6312  loss: 5.0351  loss_text: 0.9321  loss_center: 1.3525  loss_reg_x: 1.6619  loss_reg_y: 1.0886
2025/12/28 12:26:11 - mmengine - INFO - Epoch(train)  [16][335/947]  lr: 8.7854e-04  eta: 2 days, 7:30:09  time: 2.4325  data_time: 0.0023  memory: 19777  grad_norm: 41.3920  loss: 5.0948  loss_text: 0.9448  loss_center: 1.3232  loss_reg_x: 1.6746  loss_reg_y: 1.1522
2025/12/28 12:26:23 - mmengine - INFO - Epoch(train)  [16][340/947]  lr: 8.7854e-04  eta: 2 days, 7:30:45  time: 2.4427  data_time: 0.0023  memory: 19777  grad_norm: 41.1762  loss: 5.1183  loss_text: 0.9355  loss_center: 1.2715  loss_reg_x: 1.7739  loss_reg_y: 1.1373
2025/12/28 12:26:36 - mmengine - INFO - Epoch(train)  [16][345/947]  lr: 8.7854e-04  eta: 2 days, 7:29:09  time: 2.4773  data_time: 0.0022  memory: 19777  grad_norm: 52.4607  loss: 5.4095  loss_text: 0.9961  loss_center: 1.3075  loss_reg_x: 1.8617  loss_reg_y: 1.2441
2025/12/28 12:26:47 - mmengine - INFO - Epoch(train)  [16][350/947]  lr: 8.7854e-04  eta: 2 days, 7:25:14  time: 2.3594  data_time: 0.0027  memory: 19777  grad_norm: 51.4964  loss: 5.2431  loss_text: 1.0037  loss_center: 1.2789  loss_reg_x: 1.6855  loss_reg_y: 1.2750
2025/12/28 12:27:00 - mmengine - INFO - Epoch(train)  [16][355/947]  lr: 8.7854e-04  eta: 2 days, 7:25:11  time: 2.3981  data_time: 0.0027  memory: 19777  grad_norm: 41.3358  loss: 5.1119  loss_text: 0.9981  loss_center: 1.2677  loss_reg_x: 1.6989  loss_reg_y: 1.1472
2025/12/28 12:27:13 - mmengine - INFO - Epoch(train)  [16][360/947]  lr: 8.7854e-04  eta: 2 days, 7:29:25  time: 2.6135  data_time: 0.0022  memory: 19777  grad_norm: 42.5624  loss: 5.2546  loss_text: 1.0310  loss_center: 1.3032  loss_reg_x: 1.7452  loss_reg_y: 1.1752
2025/12/28 12:27:25 - mmengine - INFO - Epoch(train)  [16][365/947]  lr: 8.7854e-04  eta: 2 days, 7:27:38  time: 2.5677  data_time: 0.0023  memory: 19777  grad_norm: 40.9033  loss: 5.1049  loss_text: 0.9549  loss_center: 1.2681  loss_reg_x: 1.6954  loss_reg_y: 1.1865
2025/12/28 12:27:37 - mmengine - INFO - Epoch(train)  [16][370/947]  lr: 8.7854e-04  eta: 2 days, 7:26:37  time: 2.4271  data_time: 0.0024  memory: 19777  grad_norm: 43.7974  loss: 5.1012  loss_text: 0.9412  loss_center: 1.2311  loss_reg_x: 1.7232  loss_reg_y: 1.2057
2025/12/28 12:27:50 - mmengine - INFO - Epoch(train)  [16][375/947]  lr: 8.7854e-04  eta: 2 days, 7:27:50  time: 2.5090  data_time: 0.0022  memory: 19777  grad_norm: 48.0541  loss: 5.2021  loss_text: 0.9682  loss_center: 1.2922  loss_reg_x: 1.6692  loss_reg_y: 1.2726
2025/12/28 12:28:02 - mmengine - INFO - Epoch(train)  [16][380/947]  lr: 8.7854e-04  eta: 2 days, 7:25:17  time: 2.4647  data_time: 0.0022  memory: 19777  grad_norm: 46.0197  loss: 4.8797  loss_text: 0.9107  loss_center: 1.2636  loss_reg_x: 1.4905  loss_reg_y: 1.2148
2025/12/28 12:28:15 - mmengine - INFO - Epoch(train)  [16][385/947]  lr: 8.7854e-04  eta: 2 days, 7:25:11  time: 2.4277  data_time: 0.0023  memory: 19777  grad_norm: 41.2998  loss: 4.7038  loss_text: 0.9174  loss_center: 1.2206  loss_reg_x: 1.4421  loss_reg_y: 1.1235
2025/12/28 12:28:27 - mmengine - INFO - Epoch(train)  [16][390/947]  lr: 8.7854e-04  eta: 2 days, 7:24:53  time: 2.4907  data_time: 0.0022  memory: 19777  grad_norm: 40.2952  loss: 4.8291  loss_text: 0.9525  loss_center: 1.2636  loss_reg_x: 1.5094  loss_reg_y: 1.1035
2025/12/28 12:28:39 - mmengine - INFO - Epoch(train)  [16][395/947]  lr: 8.7854e-04  eta: 2 days, 7:24:13  time: 2.4740  data_time: 0.0022  memory: 19777  grad_norm: 41.5276  loss: 4.9755  loss_text: 0.9487  loss_center: 1.2944  loss_reg_x: 1.5571  loss_reg_y: 1.1754
2025/12/28 12:28:51 - mmengine - INFO - Epoch(train)  [16][400/947]  lr: 8.7854e-04  eta: 2 days, 7:22:59  time: 2.4459  data_time: 0.0022  memory: 19777  grad_norm: 41.1865  loss: 5.2040  loss_text: 0.9730  loss_center: 1.2924  loss_reg_x: 1.7130  loss_reg_y: 1.2257
2025/12/28 12:29:04 - mmengine - INFO - Epoch(train)  [16][405/947]  lr: 8.7854e-04  eta: 2 days, 7:22:45  time: 2.4584  data_time: 0.0023  memory: 19777  grad_norm: 42.1554  loss: 5.2168  loss_text: 0.9965  loss_center: 1.2555  loss_reg_x: 1.7922  loss_reg_y: 1.1726
2025/12/28 12:29:16 - mmengine - INFO - Epoch(train)  [16][410/947]  lr: 8.7854e-04  eta: 2 days, 7:21:45  time: 2.4643  data_time: 0.0024  memory: 19777  grad_norm: 41.3944  loss: 4.9726  loss_text: 0.9574  loss_center: 1.2003  loss_reg_x: 1.7007  loss_reg_y: 1.1142
2025/12/28 12:29:29 - mmengine - INFO - Epoch(train)  [16][415/947]  lr: 8.7854e-04  eta: 2 days, 7:24:27  time: 2.5548  data_time: 0.0024  memory: 19777  grad_norm: 41.4910  loss: 4.8919  loss_text: 0.9249  loss_center: 1.2317  loss_reg_x: 1.6477  loss_reg_y: 1.0875
2025/12/28 12:29:42 - mmengine - INFO - Epoch(train)  [16][420/947]  lr: 8.7854e-04  eta: 2 days, 7:24:12  time: 2.5786  data_time: 0.0023  memory: 19777  grad_norm: 41.3232  loss: 5.0245  loss_text: 0.9356  loss_center: 1.2883  loss_reg_x: 1.6217  loss_reg_y: 1.1789
2025/12/28 12:29:54 - mmengine - INFO - Epoch(train)  [16][425/947]  lr: 8.7854e-04  eta: 2 days, 7:24:00  time: 2.4898  data_time: 0.0032  memory: 19777  grad_norm: 46.7273  loss: 5.3194  loss_text: 0.9553  loss_center: 1.2808  loss_reg_x: 1.7116  loss_reg_y: 1.3716
2025/12/28 12:30:07 - mmengine - INFO - Epoch(train)  [16][430/947]  lr: 8.7854e-04  eta: 2 days, 7:24:49  time: 2.5242  data_time: 0.0031  memory: 19777  grad_norm: 44.9634  loss: 5.1665  loss_text: 0.9500  loss_center: 1.2426  loss_reg_x: 1.6506  loss_reg_y: 1.3233
2025/12/28 12:30:20 - mmengine - INFO - Epoch(train)  [16][435/947]  lr: 8.7854e-04  eta: 2 days, 7:25:13  time: 2.5442  data_time: 0.0023  memory: 19777  grad_norm: 41.3284  loss: 4.9654  loss_text: 0.9494  loss_center: 1.2400  loss_reg_x: 1.6720  loss_reg_y: 1.1039
2025/12/28 12:30:33 - mmengine - INFO - Epoch(train)  [16][440/947]  lr: 8.7854e-04  eta: 2 days, 7:26:02  time: 2.5454  data_time: 0.0023  memory: 19777  grad_norm: 47.1188  loss: 4.9932  loss_text: 0.9205  loss_center: 1.2536  loss_reg_x: 1.7880  loss_reg_y: 1.0311
2025/12/28 12:30:45 - mmengine - INFO - Epoch(train)  [16][445/947]  lr: 8.7854e-04  eta: 2 days, 7:26:52  time: 2.5606  data_time: 0.0024  memory: 19777  grad_norm: 42.3048  loss: 4.7507  loss_text: 0.8972  loss_center: 1.2377  loss_reg_x: 1.6360  loss_reg_y: 0.9797
2025/12/28 12:30:58 - mmengine - INFO - Epoch(train)  [16][450/947]  lr: 8.7854e-04  eta: 2 days, 7:26:56  time: 2.5375  data_time: 0.0027  memory: 19777  grad_norm: 41.2644  loss: 4.7169  loss_text: 0.9204  loss_center: 1.2281  loss_reg_x: 1.5203  loss_reg_y: 1.0481
2025/12/28 12:31:10 - mmengine - INFO - Epoch(train)  [16][455/947]  lr: 8.7854e-04  eta: 2 days, 7:25:25  time: 2.4582  data_time: 0.0024  memory: 19777  grad_norm: 42.9079  loss: 4.8025  loss_text: 0.9364  loss_center: 1.2169  loss_reg_x: 1.5138  loss_reg_y: 1.1354
2025/12/28 12:31:22 - mmengine - INFO - Epoch(train)  [16][460/947]  lr: 8.7854e-04  eta: 2 days, 7:23:25  time: 2.3868  data_time: 0.0021  memory: 19777  grad_norm: 42.6065  loss: 5.0127  loss_text: 0.9608  loss_center: 1.2498  loss_reg_x: 1.6167  loss_reg_y: 1.1854
2025/12/28 12:31:34 - mmengine - INFO - Epoch(train)  [16][465/947]  lr: 8.7854e-04  eta: 2 days, 7:21:33  time: 2.3726  data_time: 0.0026  memory: 19777  grad_norm: 53.3924  loss: 5.3875  loss_text: 1.0256  loss_center: 1.2942  loss_reg_x: 1.8585  loss_reg_y: 1.2093
2025/12/28 12:31:46 - mmengine - INFO - Epoch(train)  [16][470/947]  lr: 8.7854e-04  eta: 2 days, 7:21:15  time: 2.4294  data_time: 0.0029  memory: 19777  grad_norm: 48.7546  loss: 5.0612  loss_text: 0.9662  loss_center: 1.2223  loss_reg_x: 1.7286  loss_reg_y: 1.1440
2025/12/28 12:31:59 - mmengine - INFO - Epoch(train)  [16][475/947]  lr: 8.7854e-04  eta: 2 days, 7:21:45  time: 2.5125  data_time: 0.0025  memory: 19777  grad_norm: 38.7954  loss: 5.0304  loss_text: 0.9267  loss_center: 1.1927  loss_reg_x: 1.7023  loss_reg_y: 1.2088
2025/12/28 12:32:12 - mmengine - INFO - Epoch(train)  [16][480/947]  lr: 8.7854e-04  eta: 2 days, 7:22:45  time: 2.5593  data_time: 0.0024  memory: 19777  grad_norm: 43.6365  loss: 5.5306  loss_text: 1.0256  loss_center: 1.2695  loss_reg_x: 1.9400  loss_reg_y: 1.2956
2025/12/28 12:32:24 - mmengine - INFO - Epoch(train)  [16][485/947]  lr: 8.7854e-04  eta: 2 days, 7:21:44  time: 2.5050  data_time: 0.0024  memory: 19777  grad_norm: 41.3649  loss: 5.0580  loss_text: 0.9767  loss_center: 1.2404  loss_reg_x: 1.7148  loss_reg_y: 1.1261
2025/12/28 12:32:36 - mmengine - INFO - Epoch(train)  [16][490/947]  lr: 8.7854e-04  eta: 2 days, 7:21:27  time: 2.4594  data_time: 0.0022  memory: 19777  grad_norm: 38.6258  loss: 4.9408  loss_text: 0.9513  loss_center: 1.2588  loss_reg_x: 1.5966  loss_reg_y: 1.1341
2025/12/28 12:32:49 - mmengine - INFO - Epoch(train)  [16][495/947]  lr: 8.7854e-04  eta: 2 days, 7:21:11  time: 2.4859  data_time: 0.0022  memory: 19777  grad_norm: 42.3514  loss: 5.0203  loss_text: 0.9652  loss_center: 1.2569  loss_reg_x: 1.6249  loss_reg_y: 1.1734
2025/12/28 12:33:01 - mmengine - INFO - Epoch(train)  [16][500/947]  lr: 8.7854e-04  eta: 2 days, 7:19:26  time: 2.4306  data_time: 0.0023  memory: 19777  grad_norm: 45.0572  loss: 4.7480  loss_text: 0.8991  loss_center: 1.2064  loss_reg_x: 1.6014  loss_reg_y: 1.0412
2025/12/28 12:33:13 - mmengine - INFO - Epoch(train)  [16][505/947]  lr: 8.7854e-04  eta: 2 days, 7:18:50  time: 2.4176  data_time: 0.0029  memory: 19777  grad_norm: 48.2418  loss: 5.1709  loss_text: 0.9837  loss_center: 1.2522  loss_reg_x: 1.7288  loss_reg_y: 1.2061
2025/12/28 12:33:26 - mmengine - INFO - Epoch(train)  [16][510/947]  lr: 8.7854e-04  eta: 2 days, 7:19:13  time: 2.4971  data_time: 0.0028  memory: 19777  grad_norm: 45.8469  loss: 5.4123  loss_text: 1.0112  loss_center: 1.2689  loss_reg_x: 1.8252  loss_reg_y: 1.3070
2025/12/28 12:33:38 - mmengine - INFO - Epoch(train)  [16][515/947]  lr: 8.7854e-04  eta: 2 days, 7:18:45  time: 2.5025  data_time: 0.0024  memory: 19777  grad_norm: 45.6488  loss: 5.2768  loss_text: 0.9577  loss_center: 1.2633  loss_reg_x: 1.8307  loss_reg_y: 1.2252
2025/12/28 12:33:50 - mmengine - INFO - Epoch(train)  [16][520/947]  lr: 8.7854e-04  eta: 2 days, 7:16:56  time: 2.4175  data_time: 0.0025  memory: 19777  grad_norm: 43.6950  loss: 5.1307  loss_text: 0.9498  loss_center: 1.2899  loss_reg_x: 1.6911  loss_reg_y: 1.1999
2025/12/28 12:34:02 - mmengine - INFO - Epoch(train)  [16][525/947]  lr: 8.7854e-04  eta: 2 days, 7:16:33  time: 2.4190  data_time: 0.0023  memory: 19777  grad_norm: 36.5857  loss: 4.8711  loss_text: 0.9360  loss_center: 1.3070  loss_reg_x: 1.5192  loss_reg_y: 1.1090
2025/12/28 12:34:15 - mmengine - INFO - Epoch(train)  [16][530/947]  lr: 8.7854e-04  eta: 2 days, 7:16:04  time: 2.4704  data_time: 0.0023  memory: 19777  grad_norm: 37.0019  loss: 4.9460  loss_text: 0.9415  loss_center: 1.3053  loss_reg_x: 1.5831  loss_reg_y: 1.1162
2025/12/28 12:34:27 - mmengine - INFO - Epoch(train)  [16][535/947]  lr: 8.7854e-04  eta: 2 days, 7:16:59  time: 2.5225  data_time: 0.0026  memory: 19777  grad_norm: 41.3213  loss: 4.8700  loss_text: 0.9118  loss_center: 1.2871  loss_reg_x: 1.5924  loss_reg_y: 1.0786
2025/12/28 12:34:39 - mmengine - INFO - Epoch(train)  [16][540/947]  lr: 8.7854e-04  eta: 2 days, 7:14:55  time: 2.4584  data_time: 0.0044  memory: 19777  grad_norm: 46.7600  loss: 4.7931  loss_text: 0.9453  loss_center: 1.2337  loss_reg_x: 1.5909  loss_reg_y: 1.0231
2025/12/28 12:34:52 - mmengine - INFO - Epoch(train)  [16][545/947]  lr: 8.7854e-04  eta: 2 days, 7:14:38  time: 2.4102  data_time: 0.0040  memory: 19777  grad_norm: 43.6112  loss: 4.9849  loss_text: 1.0067  loss_center: 1.2412  loss_reg_x: 1.6789  loss_reg_y: 1.0581
2025/12/28 12:35:04 - mmengine - INFO - Epoch(train)  [16][550/947]  lr: 8.7854e-04  eta: 2 days, 7:14:37  time: 2.4920  data_time: 0.0022  memory: 19777  grad_norm: 41.7037  loss: 5.1783  loss_text: 1.0021  loss_center: 1.2770  loss_reg_x: 1.8149  loss_reg_y: 1.0844
2025/12/28 12:35:15 - mmengine - INFO - Epoch(train)  [16][555/947]  lr: 8.7854e-04  eta: 2 days, 7:11:47  time: 2.3861  data_time: 0.0022  memory: 19777  grad_norm: 43.1955  loss: 4.9421  loss_text: 0.9667  loss_center: 1.2191  loss_reg_x: 1.7044  loss_reg_y: 1.0520
2025/12/28 12:35:27 - mmengine - INFO - Epoch(train)  [16][560/947]  lr: 8.7854e-04  eta: 2 days, 7:09:34  time: 2.2927  data_time: 0.0023  memory: 19777  grad_norm: 41.8641  loss: 4.7906  loss_text: 0.9489  loss_center: 1.2118  loss_reg_x: 1.5382  loss_reg_y: 1.0918
2025/12/28 12:35:39 - mmengine - INFO - Epoch(train)  [16][565/947]  lr: 8.7854e-04  eta: 2 days, 7:08:39  time: 2.3699  data_time: 0.0023  memory: 19777  grad_norm: 45.9769  loss: 5.1552  loss_text: 0.9812  loss_center: 1.3139  loss_reg_x: 1.6925  loss_reg_y: 1.1677
2025/12/28 12:35:52 - mmengine - INFO - Epoch(train)  [16][570/947]  lr: 8.7854e-04  eta: 2 days, 7:08:39  time: 2.4631  data_time: 0.0025  memory: 19777  grad_norm: 46.7892  loss: 5.1513  loss_text: 0.9849  loss_center: 1.2748  loss_reg_x: 1.7389  loss_reg_y: 1.1528
2025/12/28 12:36:04 - mmengine - INFO - Epoch(train)  [16][575/947]  lr: 8.7854e-04  eta: 2 days, 7:07:54  time: 2.4697  data_time: 0.0024  memory: 19777  grad_norm: 42.4268  loss: 4.9508  loss_text: 0.9247  loss_center: 1.2056  loss_reg_x: 1.6383  loss_reg_y: 1.1822
2025/12/28 12:36:16 - mmengine - INFO - Epoch(train)  [16][580/947]  lr: 8.7854e-04  eta: 2 days, 7:07:03  time: 2.4319  data_time: 0.0023  memory: 19777  grad_norm: 39.0995  loss: 4.8842  loss_text: 0.8960  loss_center: 1.2210  loss_reg_x: 1.6109  loss_reg_y: 1.1563
2025/12/28 12:36:29 - mmengine - INFO - Epoch(train)  [16][585/947]  lr: 8.7854e-04  eta: 2 days, 7:09:18  time: 2.5632  data_time: 0.0033  memory: 19777  grad_norm: 37.6883  loss: 4.8052  loss_text: 0.8939  loss_center: 1.2385  loss_reg_x: 1.6099  loss_reg_y: 1.0629
2025/12/28 12:36:42 - mmengine - INFO - Epoch(train)  [16][590/947]  lr: 8.7854e-04  eta: 2 days, 7:09:11  time: 2.5958  data_time: 0.0032  memory: 19777  grad_norm: 45.5567  loss: 4.9942  loss_text: 0.9473  loss_center: 1.2801  loss_reg_x: 1.6804  loss_reg_y: 1.0864
2025/12/28 12:36:54 - mmengine - INFO - Epoch(train)  [16][595/947]  lr: 8.7854e-04  eta: 2 days, 7:09:10  time: 2.4967  data_time: 0.0022  memory: 19777  grad_norm: 47.1509  loss: 4.9215  loss_text: 0.9548  loss_center: 1.2282  loss_reg_x: 1.6010  loss_reg_y: 1.1375
2025/12/28 12:37:06 - mmengine - INFO - Epoch(train)  [16][600/947]  lr: 8.7854e-04  eta: 2 days, 7:08:07  time: 2.4554  data_time: 0.0022  memory: 19777  grad_norm: 40.9958  loss: 4.7677  loss_text: 0.9441  loss_center: 1.2503  loss_reg_x: 1.4895  loss_reg_y: 1.0839
2025/12/28 12:37:19 - mmengine - INFO - Epoch(train)  [16][605/947]  lr: 8.7854e-04  eta: 2 days, 7:07:26  time: 2.4253  data_time: 0.0022  memory: 19777  grad_norm: 41.9147  loss: 4.9357  loss_text: 0.9842  loss_center: 1.2892  loss_reg_x: 1.5714  loss_reg_y: 1.0909
2025/12/28 12:37:31 - mmengine - INFO - Epoch(train)  [16][610/947]  lr: 8.7854e-04  eta: 2 days, 7:08:07  time: 2.5031  data_time: 0.0023  memory: 19777  grad_norm: 43.8257  loss: 5.0623  loss_text: 0.9994  loss_center: 1.2880  loss_reg_x: 1.6620  loss_reg_y: 1.1129
2025/12/28 12:37:44 - mmengine - INFO - Epoch(train)  [16][615/947]  lr: 8.7854e-04  eta: 2 days, 7:08:29  time: 2.5514  data_time: 0.0024  memory: 19777  grad_norm: 46.4651  loss: 4.9769  loss_text: 0.9557  loss_center: 1.2856  loss_reg_x: 1.5995  loss_reg_y: 1.1361
2025/12/28 12:37:57 - mmengine - INFO - Epoch(train)  [16][620/947]  lr: 8.7854e-04  eta: 2 days, 7:08:39  time: 2.5290  data_time: 0.0023  memory: 19777  grad_norm: 44.9531  loss: 4.8930  loss_text: 0.9438  loss_center: 1.2616  loss_reg_x: 1.5312  loss_reg_y: 1.1565
2025/12/28 12:38:09 - mmengine - INFO - Epoch(train)  [16][625/947]  lr: 8.7854e-04  eta: 2 days, 7:08:04  time: 2.4855  data_time: 0.0022  memory: 19777  grad_norm: 38.9482  loss: 4.9715  loss_text: 0.9625  loss_center: 1.2530  loss_reg_x: 1.6583  loss_reg_y: 1.0977
2025/12/28 12:38:22 - mmengine - INFO - Epoch(train)  [16][630/947]  lr: 8.7854e-04  eta: 2 days, 7:08:14  time: 2.4856  data_time: 0.0027  memory: 19777  grad_norm: 41.2610  loss: 5.0385  loss_text: 0.9588  loss_center: 1.2625  loss_reg_x: 1.7359  loss_reg_y: 1.0813
2025/12/28 12:38:33 - mmengine - INFO - Epoch(train)  [16][635/947]  lr: 8.7854e-04  eta: 2 days, 7:06:43  time: 2.4400  data_time: 0.0027  memory: 19777  grad_norm: 46.0312  loss: 4.9941  loss_text: 0.9478  loss_center: 1.2904  loss_reg_x: 1.6112  loss_reg_y: 1.1448
2025/12/28 12:38:46 - mmengine - INFO - Epoch(train)  [16][640/947]  lr: 8.7854e-04  eta: 2 days, 7:06:11  time: 2.4064  data_time: 0.0023  memory: 19777  grad_norm: 42.9511  loss: 4.9004  loss_text: 0.9221  loss_center: 1.2327  loss_reg_x: 1.5319  loss_reg_y: 1.2137
2025/12/28 12:38:57 - mmengine - INFO - Epoch(train)  [16][645/947]  lr: 8.7854e-04  eta: 2 days, 7:04:23  time: 2.3918  data_time: 0.0023  memory: 19777  grad_norm: 46.7699  loss: 4.8672  loss_text: 0.9236  loss_center: 1.1945  loss_reg_x: 1.5801  loss_reg_y: 1.1690
2025/12/28 12:39:10 - mmengine - INFO - Epoch(train)  [16][650/947]  lr: 8.7854e-04  eta: 2 days, 7:04:22  time: 2.4159  data_time: 0.0023  memory: 19777  grad_norm: 47.1727  loss: 4.8366  loss_text: 0.8990  loss_center: 1.2341  loss_reg_x: 1.5523  loss_reg_y: 1.1512
2025/12/28 12:39:22 - mmengine - INFO - Epoch(train)  [16][655/947]  lr: 8.7854e-04  eta: 2 days, 7:04:12  time: 2.4943  data_time: 0.0021  memory: 19777  grad_norm: 43.7731  loss: 4.8530  loss_text: 0.9067  loss_center: 1.2703  loss_reg_x: 1.5854  loss_reg_y: 1.0907
2025/12/28 12:39:36 - mmengine - INFO - Epoch(train)  [16][660/947]  lr: 8.7854e-04  eta: 2 days, 7:05:55  time: 2.5805  data_time: 0.0023  memory: 19777  grad_norm: 48.1452  loss: 4.9234  loss_text: 0.9466  loss_center: 1.3006  loss_reg_x: 1.6630  loss_reg_y: 1.0132
2025/12/28 12:39:50 - mmengine - INFO - Epoch(train)  [16][665/947]  lr: 8.7854e-04  eta: 2 days, 7:09:56  time: 2.7898  data_time: 0.0027  memory: 19777  grad_norm: 48.0665  loss: 4.8722  loss_text: 0.9502  loss_center: 1.2608  loss_reg_x: 1.6198  loss_reg_y: 1.0415
2025/12/28 12:40:02 - mmengine - INFO - Epoch(train)  [16][670/947]  lr: 8.7854e-04  eta: 2 days, 7:08:37  time: 2.6412  data_time: 0.0026  memory: 19777  grad_norm: 42.1859  loss: 4.7858  loss_text: 0.9258  loss_center: 1.2367  loss_reg_x: 1.5619  loss_reg_y: 1.0614
2025/12/28 12:40:15 - mmengine - INFO - Epoch(train)  [16][675/947]  lr: 8.7854e-04  eta: 2 days, 7:08:34  time: 2.4396  data_time: 0.0022  memory: 19777  grad_norm: 39.2982  loss: 4.8146  loss_text: 0.9028  loss_center: 1.2545  loss_reg_x: 1.5777  loss_reg_y: 1.0796
2025/12/28 12:40:27 - mmengine - INFO - Epoch(train)  [16][680/947]  lr: 8.7854e-04  eta: 2 days, 7:08:35  time: 2.5069  data_time: 0.0023  memory: 19777  grad_norm: 44.5169  loss: 4.7095  loss_text: 0.8831  loss_center: 1.2392  loss_reg_x: 1.5356  loss_reg_y: 1.0515
2025/12/28 12:40:39 - mmengine - INFO - Epoch(train)  [16][685/947]  lr: 8.7854e-04  eta: 2 days, 7:06:46  time: 2.4158  data_time: 0.0023  memory: 19777  grad_norm: 50.9257  loss: 4.9169  loss_text: 0.9421  loss_center: 1.2952  loss_reg_x: 1.5855  loss_reg_y: 1.0940
2025/12/28 12:40:51 - mmengine - INFO - Epoch(train)  [16][690/947]  lr: 8.7854e-04  eta: 2 days, 7:05:57  time: 2.3718  data_time: 0.0021  memory: 19777  grad_norm: 50.7834  loss: 5.2476  loss_text: 0.9818  loss_center: 1.3475  loss_reg_x: 1.7315  loss_reg_y: 1.1868
2025/12/28 12:41:03 - mmengine - INFO - Epoch(train)  [16][695/947]  lr: 8.7854e-04  eta: 2 days, 7:06:08  time: 2.4750  data_time: 0.0021  memory: 19777  grad_norm: 47.8344  loss: 5.2511  loss_text: 0.9445  loss_center: 1.3314  loss_reg_x: 1.7417  loss_reg_y: 1.2335
2025/12/28 12:41:16 - mmengine - INFO - Epoch(train)  [16][700/947]  lr: 8.7854e-04  eta: 2 days, 7:05:38  time: 2.4908  data_time: 0.0022  memory: 19777  grad_norm: 42.6123  loss: 4.8494  loss_text: 0.9034  loss_center: 1.2168  loss_reg_x: 1.5523  loss_reg_y: 1.1769
2025/12/28 12:41:28 - mmengine - INFO - Epoch(train)  [16][705/947]  lr: 8.7854e-04  eta: 2 days, 7:05:49  time: 2.4902  data_time: 0.0023  memory: 19777  grad_norm: 38.9975  loss: 4.6872  loss_text: 0.9028  loss_center: 1.1802  loss_reg_x: 1.5013  loss_reg_y: 1.1029
2025/12/28 12:41:40 - mmengine - INFO - Epoch(train)  [16][710/947]  lr: 8.7854e-04  eta: 2 days, 7:04:57  time: 2.4711  data_time: 0.0028  memory: 19777  grad_norm: 44.2916  loss: 4.8099  loss_text: 0.9147  loss_center: 1.2438  loss_reg_x: 1.5398  loss_reg_y: 1.1116
2025/12/28 12:41:53 - mmengine - INFO - Epoch(train)  [16][715/947]  lr: 8.7854e-04  eta: 2 days, 7:04:15  time: 2.4244  data_time: 0.0027  memory: 19777  grad_norm: 47.3542  loss: 4.6585  loss_text: 0.9010  loss_center: 1.1977  loss_reg_x: 1.4637  loss_reg_y: 1.0960
2025/12/28 12:42:05 - mmengine - INFO - Epoch(train)  [16][720/947]  lr: 8.7854e-04  eta: 2 days, 7:04:04  time: 2.4601  data_time: 0.0023  memory: 19777  grad_norm: 42.1029  loss: 4.7630  loss_text: 0.9013  loss_center: 1.1918  loss_reg_x: 1.5581  loss_reg_y: 1.1118
2025/12/28 12:42:17 - mmengine - INFO - Epoch(train)  [16][725/947]  lr: 8.7854e-04  eta: 2 days, 7:03:55  time: 2.4893  data_time: 0.0022  memory: 19777  grad_norm: 42.8916  loss: 4.9886  loss_text: 0.8975  loss_center: 1.2781  loss_reg_x: 1.6123  loss_reg_y: 1.2008
2025/12/28 12:42:30 - mmengine - INFO - Epoch(train)  [16][730/947]  lr: 8.7854e-04  eta: 2 days, 7:03:58  time: 2.5019  data_time: 0.0022  memory: 19777  grad_norm: 44.0026  loss: 4.7304  loss_text: 0.8962  loss_center: 1.2566  loss_reg_x: 1.4725  loss_reg_y: 1.1050
2025/12/28 12:42:42 - mmengine - INFO - Epoch(train)  [16][735/947]  lr: 8.7854e-04  eta: 2 days, 7:03:38  time: 2.4927  data_time: 0.0021  memory: 19777  grad_norm: 42.5303  loss: 4.6587  loss_text: 0.9568  loss_center: 1.2433  loss_reg_x: 1.4856  loss_reg_y: 0.9731
2025/12/28 12:42:55 - mmengine - INFO - Epoch(train)  [16][740/947]  lr: 8.7854e-04  eta: 2 days, 7:02:53  time: 2.4481  data_time: 0.0021  memory: 19777  grad_norm: 46.0999  loss: 5.0465  loss_text: 0.9520  loss_center: 1.3516  loss_reg_x: 1.6609  loss_reg_y: 1.0819
2025/12/28 12:43:07 - mmengine - INFO - Epoch(train)  [16][745/947]  lr: 8.7854e-04  eta: 2 days, 7:01:59  time: 2.4159  data_time: 0.0022  memory: 19777  grad_norm: 43.2597  loss: 4.9731  loss_text: 0.9024  loss_center: 1.3358  loss_reg_x: 1.6299  loss_reg_y: 1.1050
2025/12/28 12:43:19 - mmengine - INFO - Epoch(train)  [16][750/947]  lr: 8.7854e-04  eta: 2 days, 7:01:40  time: 2.4401  data_time: 0.0023  memory: 19777  grad_norm: 41.1879  loss: 4.8046  loss_text: 0.9066  loss_center: 1.2791  loss_reg_x: 1.5602  loss_reg_y: 1.0586
2025/12/28 12:43:31 - mmengine - INFO - Epoch(train)  [16][755/947]  lr: 8.7854e-04  eta: 2 days, 7:01:00  time: 2.4515  data_time: 0.0023  memory: 19777  grad_norm: 41.8126  loss: 4.8797  loss_text: 0.8882  loss_center: 1.2944  loss_reg_x: 1.6088  loss_reg_y: 1.0883
2025/12/28 12:43:43 - mmengine - INFO - Epoch(train)  [16][760/947]  lr: 8.7854e-04  eta: 2 days, 7:00:42  time: 2.4520  data_time: 0.0022  memory: 19777  grad_norm: 42.9170  loss: 5.2625  loss_text: 0.9851  loss_center: 1.2951  loss_reg_x: 1.6980  loss_reg_y: 1.2843
2025/12/28 12:43:56 - mmengine - INFO - Epoch(train)  [16][765/947]  lr: 8.7854e-04  eta: 2 days, 7:00:35  time: 2.4841  data_time: 0.0023  memory: 19777  grad_norm: 44.3017  loss: 5.1323  loss_text: 0.9616  loss_center: 1.2819  loss_reg_x: 1.6013  loss_reg_y: 1.2876
2025/12/28 12:44:08 - mmengine - INFO - Epoch(train)  [16][770/947]  lr: 8.7854e-04  eta: 2 days, 6:59:21  time: 2.4294  data_time: 0.0023  memory: 19777  grad_norm: 41.4690  loss: 4.7551  loss_text: 0.9156  loss_center: 1.2737  loss_reg_x: 1.4851  loss_reg_y: 1.0808
2025/12/28 12:44:21 - mmengine - INFO - Epoch(train)  [16][775/947]  lr: 8.7854e-04  eta: 2 days, 6:59:53  time: 2.4671  data_time: 0.0023  memory: 19777  grad_norm: 38.7088  loss: 5.1673  loss_text: 0.9942  loss_center: 1.3121  loss_reg_x: 1.6959  loss_reg_y: 1.1650
2025/12/28 12:44:32 - mmengine - INFO - Epoch(train)  [16][780/947]  lr: 8.7854e-04  eta: 2 days, 6:58:24  time: 2.4519  data_time: 0.0023  memory: 19777  grad_norm: 42.3502  loss: 5.2327  loss_text: 0.9733  loss_center: 1.2924  loss_reg_x: 1.7812  loss_reg_y: 1.1859
2025/12/28 12:44:44 - mmengine - INFO - Epoch(train)  [16][785/947]  lr: 8.7854e-04  eta: 2 days, 6:57:02  time: 2.3394  data_time: 0.0022  memory: 19777  grad_norm: 44.6643  loss: 5.0548  loss_text: 0.9433  loss_center: 1.2656  loss_reg_x: 1.7284  loss_reg_y: 1.1175
2025/12/28 12:44:56 - mmengine - INFO - Epoch(train)  [16][790/947]  lr: 8.7854e-04  eta: 2 days, 6:56:02  time: 2.3662  data_time: 0.0028  memory: 19777  grad_norm: 39.7304  loss: 4.9890  loss_text: 0.9247  loss_center: 1.2718  loss_reg_x: 1.6866  loss_reg_y: 1.1058
2025/12/28 12:45:09 - mmengine - INFO - Exp name: fcenet_r50dcnv2_fpn_1500e_art_rctw_rects_finetune_20251228_121202
2025/12/28 12:45:09 - mmengine - INFO - Epoch(train)  [16][795/947]  lr: 8.7854e-04  eta: 2 days, 6:56:41  time: 2.4851  data_time: 0.0029  memory: 19777  grad_norm: 39.0762  loss: 5.1108  loss_text: 0.9747  loss_center: 1.2961  loss_reg_x: 1.7480  loss_reg_y: 1.0920
2025/12/28 12:45:21 - mmengine - INFO - Epoch(train)  [16][800/947]  lr: 8.7854e-04  eta: 2 days, 6:56:00  time: 2.5046  data_time: 0.0025  memory: 19777  grad_norm: 42.6916  loss: 5.3437  loss_text: 1.0098  loss_center: 1.3097  loss_reg_x: 1.8516  loss_reg_y: 1.1726
2025/12/28 12:45:33 - mmengine - INFO - Epoch(train)  [16][805/947]  lr: 8.7854e-04  eta: 2 days, 6:55:44  time: 2.4492  data_time: 0.0026  memory: 19777  grad_norm: 46.0152  loss: 5.3233  loss_text: 0.9829  loss_center: 1.2495  loss_reg_x: 1.7861  loss_reg_y: 1.3048
2025/12/28 12:45:46 - mmengine - INFO - Epoch(train)  [16][810/947]  lr: 8.7854e-04  eta: 2 days, 6:55:21  time: 2.4672  data_time: 0.0027  memory: 19777  grad_norm: 47.6089  loss: 5.1254  loss_text: 0.9635  loss_center: 1.2605  loss_reg_x: 1.6183  loss_reg_y: 1.2832
2025/12/28 12:45:57 - mmengine - INFO - Epoch(train)  [16][815/947]  lr: 8.7854e-04  eta: 2 days, 6:54:12  time: 2.4130  data_time: 0.0025  memory: 19777  grad_norm: 46.3051  loss: 4.9745  loss_text: 0.9359  loss_center: 1.2890  loss_reg_x: 1.5877  loss_reg_y: 1.1620
2025/12/28 12:46:10 - mmengine - INFO - Epoch(train)  [16][820/947]  lr: 8.7854e-04  eta: 2 days, 6:54:50  time: 2.4742  data_time: 0.0030  memory: 19777  grad_norm: 43.6722  loss: 5.0274  loss_text: 0.9370  loss_center: 1.2970  loss_reg_x: 1.6640  loss_reg_y: 1.1294
2025/12/28 12:46:23 - mmengine - INFO - Epoch(train)  [16][825/947]  lr: 8.7854e-04  eta: 2 days, 6:55:12  time: 2.5689  data_time: 0.0030  memory: 19777  grad_norm: 43.4026  loss: 5.0894  loss_text: 0.9612  loss_center: 1.2958  loss_reg_x: 1.6965  loss_reg_y: 1.1358
2025/12/28 12:46:36 - mmengine - INFO - Epoch(train)  [16][830/947]  lr: 8.7854e-04  eta: 2 days, 6:55:51  time: 2.5714  data_time: 0.0022  memory: 19777  grad_norm: 39.8971  loss: 5.0578  loss_text: 0.9572  loss_center: 1.2890  loss_reg_x: 1.6440  loss_reg_y: 1.1675
2025/12/28 12:46:49 - mmengine - INFO - Epoch(train)  [16][835/947]  lr: 8.7854e-04  eta: 2 days, 6:57:06  time: 2.6263  data_time: 0.0024  memory: 19777  grad_norm: 37.0881  loss: 5.0265  loss_text: 0.9336  loss_center: 1.3026  loss_reg_x: 1.6284  loss_reg_y: 1.1619
2025/12/28 12:47:02 - mmengine - INFO - Epoch(train)  [16][840/947]  lr: 8.7854e-04  eta: 2 days, 6:57:14  time: 2.5955  data_time: 0.0025  memory: 19777  grad_norm: 42.5024  loss: 5.0666  loss_text: 0.9581  loss_center: 1.3042  loss_reg_x: 1.6209  loss_reg_y: 1.1833
2025/12/28 12:47:15 - mmengine - INFO - Epoch(train)  [16][845/947]  lr: 8.7854e-04  eta: 2 days, 6:57:13  time: 2.5175  data_time: 0.0024  memory: 19777  grad_norm: 45.6498  loss: 5.0550  loss_text: 0.9787  loss_center: 1.2706  loss_reg_x: 1.5733  loss_reg_y: 1.2324
2025/12/28 12:47:27 - mmengine - INFO - Epoch(train)  [16][850/947]  lr: 8.7854e-04  eta: 2 days, 6:56:43  time: 2.4773  data_time: 0.0025  memory: 19777  grad_norm: 44.7660  loss: 4.9050  loss_text: 0.9627  loss_center: 1.2397  loss_reg_x: 1.5615  loss_reg_y: 1.1411
2025/12/28 12:47:39 - mmengine - INFO - Epoch(train)  [16][855/947]  lr: 8.7854e-04  eta: 2 days, 6:55:31  time: 2.4008  data_time: 0.0022  memory: 19777  grad_norm: 45.0209  loss: 4.8772  loss_text: 0.9664  loss_center: 1.3084  loss_reg_x: 1.5039  loss_reg_y: 1.0985
2025/12/28 12:47:52 - mmengine - INFO - Epoch(train)  [16][860/947]  lr: 8.7854e-04  eta: 2 days, 6:57:17  time: 2.5473  data_time: 0.0024  memory: 19777  grad_norm: 47.0722  loss: 4.9227  loss_text: 0.9434  loss_center: 1.3157  loss_reg_x: 1.5264  loss_reg_y: 1.1371
2025/12/28 12:48:06 - mmengine - INFO - Epoch(train)  [16][865/947]  lr: 8.7854e-04  eta: 2 days, 6:59:08  time: 2.7454  data_time: 0.0028  memory: 19777  grad_norm: 48.9931  loss: 4.9997  loss_text: 0.9298  loss_center: 1.2726  loss_reg_x: 1.6467  loss_reg_y: 1.1505
2025/12/28 12:48:19 - mmengine - INFO - Epoch(train)  [16][870/947]  lr: 8.7854e-04  eta: 2 days, 6:59:30  time: 2.6561  data_time: 0.0026  memory: 19777  grad_norm: 46.2814  loss: 5.0333  loss_text: 0.9478  loss_center: 1.2312  loss_reg_x: 1.7281  loss_reg_y: 1.1261
2025/12/28 12:48:31 - mmengine - INFO - Epoch(train)  [16][875/947]  lr: 8.7854e-04  eta: 2 days, 6:59:31  time: 2.5384  data_time: 0.0023  memory: 19777  grad_norm: 44.6177  loss: 4.9722  loss_text: 0.9380  loss_center: 1.2442  loss_reg_x: 1.6667  loss_reg_y: 1.1232
2025/12/28 12:48:44 - mmengine - INFO - Epoch(train)  [16][880/947]  lr: 8.7854e-04  eta: 2 days, 6:59:22  time: 2.5046  data_time: 0.0024  memory: 19777  grad_norm: 44.7205  loss: 5.1412  loss_text: 0.9500  loss_center: 1.3302  loss_reg_x: 1.6557  loss_reg_y: 1.2053
2025/12/28 12:48:56 - mmengine - INFO - Epoch(train)  [16][885/947]  lr: 8.7854e-04  eta: 2 days, 6:59:12  time: 2.4936  data_time: 0.0024  memory: 19777  grad_norm: 41.6967  loss: 5.0398  loss_text: 0.9434  loss_center: 1.3205  loss_reg_x: 1.6404  loss_reg_y: 1.1356
2025/12/28 12:49:09 - mmengine - INFO - Epoch(train)  [16][890/947]  lr: 8.7854e-04  eta: 2 days, 6:59:52  time: 2.5479  data_time: 0.0031  memory: 19777  grad_norm: 38.2470  loss: 5.0593  loss_text: 0.9380  loss_center: 1.3240  loss_reg_x: 1.7471  loss_reg_y: 1.0502
2025/12/28 12:49:21 - mmengine - INFO - Epoch(train)  [16][895/947]  lr: 8.7854e-04  eta: 2 days, 6:58:41  time: 2.4795  data_time: 0.0031  memory: 19777  grad_norm: 39.1084  loss: 5.1603  loss_text: 0.9614  loss_center: 1.3051  loss_reg_x: 1.7840  loss_reg_y: 1.1098
2025/12/28 12:49:34 - mmengine - INFO - Epoch(train)  [16][900/947]  lr: 8.7854e-04  eta: 2 days, 6:58:23  time: 2.4147  data_time: 0.0023  memory: 19777  grad_norm: 39.1672  loss: 4.8039  loss_text: 0.9470  loss_center: 1.2502  loss_reg_x: 1.5532  loss_reg_y: 1.0535
2025/12/28 12:49:45 - mmengine - INFO - Epoch(train)  [16][905/947]  lr: 8.7854e-04  eta: 2 days, 6:56:37  time: 2.3733  data_time: 0.0024  memory: 19777  grad_norm: 40.5443  loss: 4.7241  loss_text: 0.9046  loss_center: 1.2364  loss_reg_x: 1.4834  loss_reg_y: 1.0998
2025/12/28 12:49:58 - mmengine - INFO - Epoch(train)  [16][910/947]  lr: 8.7854e-04  eta: 2 days, 6:56:42  time: 2.4002  data_time: 0.0024  memory: 19777  grad_norm: 43.7798  loss: 4.9432  loss_text: 0.9169  loss_center: 1.2456  loss_reg_x: 1.6174  loss_reg_y: 1.1633
2025/12/28 12:50:10 - mmengine - INFO - Epoch(train)  [16][915/947]  lr: 8.7854e-04  eta: 2 days, 6:56:17  time: 2.4915  data_time: 0.0023  memory: 19777  grad_norm: 41.5801  loss: 5.2142  loss_text: 1.0202  loss_center: 1.3099  loss_reg_x: 1.7214  loss_reg_y: 1.1627
2025/12/28 12:50:23 - mmengine - INFO - Epoch(train)  [16][920/947]  lr: 8.7854e-04  eta: 2 days, 6:56:40  time: 2.5109  data_time: 0.0023  memory: 19777  grad_norm: 40.4233  loss: 4.9404  loss_text: 0.9723  loss_center: 1.3297  loss_reg_x: 1.5798  loss_reg_y: 1.0585
2025/12/28 12:50:36 - mmengine - INFO - Epoch(train)  [16][925/947]  lr: 8.7854e-04  eta: 2 days, 6:57:12  time: 2.5774  data_time: 0.0023  memory: 19777  grad_norm: 43.1295  loss: 4.7684  loss_text: 0.9220  loss_center: 1.2906  loss_reg_x: 1.5553  loss_reg_y: 1.0005
2025/12/28 12:50:48 - mmengine - INFO - Epoch(train)  [16][930/947]  lr: 8.7854e-04  eta: 2 days, 6:56:22  time: 2.4941  data_time: 0.0022  memory: 19777  grad_norm: 48.4465  loss: 5.0835  loss_text: 1.0179  loss_center: 1.2577  loss_reg_x: 1.6670  loss_reg_y: 1.1409
2025/12/28 12:51:00 - mmengine - INFO - Epoch(train)  [16][935/947]  lr: 8.7854e-04  eta: 2 days, 6:56:39  time: 2.4765  data_time: 0.0022  memory: 19777  grad_norm: 47.7474  loss: 5.3096  loss_text: 0.9890  loss_center: 1.2795  loss_reg_x: 1.7477  loss_reg_y: 1.2933
2025/12/28 12:51:13 - mmengine - INFO - Epoch(train)  [16][940/947]  lr: 8.7854e-04  eta: 2 days, 6:56:37  time: 2.5327  data_time: 0.0022  memory: 19777  grad_norm: 42.4978  loss: 5.3589  loss_text: 0.9436  loss_center: 1.3412  loss_reg_x: 1.7937  loss_reg_y: 1.2805
2025/12/28 12:51:25 - mmengine - INFO - Epoch(train)  [16][945/947]  lr: 8.7854e-04  eta: 2 days, 6:55:34  time: 2.4393  data_time: 0.0021  memory: 19777  grad_norm: 40.0579  loss: 5.0024  loss_text: 0.9161  loss_center: 1.3127  loss_reg_x: 1.6588  loss_reg_y: 1.1148
2025/12/28 12:51:35 - mmengine - INFO - Exp name: fcenet_r50dcnv2_fpn_1500e_art_rctw_rects_finetune_20251228_121202
2025/12/28 12:51:51 - mmengine - INFO - Epoch(train)  [17][  5/947]  lr: 8.6913e-04  eta: 2 days, 7:07:53  time: 3.3532  data_time: 0.3034  memory: 19783  grad_norm: 60.9204  loss: 5.1874  loss_text: 0.8949  loss_center: 1.3068  loss_reg_x: 1.8431  loss_reg_y: 1.1426
2025/12/28 12:52:04 - mmengine - INFO - Epoch(train)  [17][ 10/947]  lr: 8.6913e-04  eta: 2 days, 7:07:28  time: 2.8468  data_time: 0.3035  memory: 19778  grad_norm: 46.8752  loss: 5.4101  loss_text: 0.9860  loss_center: 1.3720  loss_reg_x: 1.8178  loss_reg_y: 1.2343
2025/12/28 12:52:16 - mmengine - INFO - Epoch(train)  [17][ 15/947]  lr: 8.6913e-04  eta: 2 days, 7:06:36  time: 2.4321  data_time: 0.0022  memory: 19778  grad_norm: 41.5749  loss: 5.3583  loss_text: 0.9961  loss_center: 1.3314  loss_reg_x: 1.7728  loss_reg_y: 1.2580
2025/12/28 12:52:29 - mmengine - INFO - Epoch(train)  [17][ 20/947]  lr: 8.6913e-04  eta: 2 days, 7:07:12  time: 2.5055  data_time: 0.0022  memory: 19778  grad_norm: 42.2356  loss: 5.1788  loss_text: 0.9812  loss_center: 1.2519  loss_reg_x: 1.7106  loss_reg_y: 1.2351
2025/12/28 12:52:42 - mmengine - INFO - Epoch(train)  [17][ 25/947]  lr: 8.6913e-04  eta: 2 days, 7:08:03  time: 2.6307  data_time: 0.0022  memory: 19778  grad_norm: 42.2981  loss: 5.1464  loss_text: 1.0066  loss_center: 1.2404  loss_reg_x: 1.7511  loss_reg_y: 1.1482
2025/12/28 12:52:54 - mmengine - INFO - Epoch(train)  [17][ 30/947]  lr: 8.6913e-04  eta: 2 days, 7:06:47  time: 2.4959  data_time: 0.0022  memory: 19778  grad_norm: 41.8081  loss: 5.1194  loss_text: 0.9777  loss_center: 1.2854  loss_reg_x: 1.8006  loss_reg_y: 1.0558
2025/12/28 12:53:07 - mmengine - INFO - Epoch(train)  [17][ 35/947]  lr: 8.6913e-04  eta: 2 days, 7:07:17  time: 2.4703  data_time: 0.0023  memory: 19778  grad_norm: 45.1577  loss: 4.7232  loss_text: 0.9090  loss_center: 1.2419  loss_reg_x: 1.6139  loss_reg_y: 0.9584
2025/12/28 12:53:19 - mmengine - INFO - Epoch(train)  [17][ 40/947]  lr: 8.6913e-04  eta: 2 days, 7:07:31  time: 2.5801  data_time: 0.0022  memory: 19778  grad_norm: 44.6823  loss: 4.9954  loss_text: 0.9505  loss_center: 1.2854  loss_reg_x: 1.6434  loss_reg_y: 1.1161
2025/12/28 12:53:31 - mmengine - INFO - Epoch(train)  [17][ 45/947]  lr: 8.6913e-04  eta: 2 days, 7:06:21  time: 2.4575  data_time: 0.0023  memory: 19778  grad_norm: 42.7688  loss: 4.9779  loss_text: 0.9230  loss_center: 1.2782  loss_reg_x: 1.6059  loss_reg_y: 1.1708
2025/12/28 12:53:44 - mmengine - INFO - Epoch(train)  [17][ 50/947]  lr: 8.6913e-04  eta: 2 days, 7:06:35  time: 2.4576  data_time: 0.0023  memory: 19778  grad_norm: 42.5347  loss: 4.5650  loss_text: 0.8754  loss_center: 1.1947  loss_reg_x: 1.4497  loss_reg_y: 1.0451
2025/12/28 12:53:56 - mmengine - INFO - Epoch(train)  [17][ 55/947]  lr: 8.6913e-04  eta: 2 days, 7:05:12  time: 2.4388  data_time: 0.0023  memory: 19778  grad_norm: 40.8633  loss: 4.6912  loss_text: 0.9399  loss_center: 1.2201  loss_reg_x: 1.4762  loss_reg_y: 1.0549
2025/12/28 12:54:08 - mmengine - INFO - Epoch(train)  [17][ 60/947]  lr: 8.6913e-04  eta: 2 days, 7:04:24  time: 2.3606  data_time: 0.0022  memory: 19778  grad_norm: 44.1900  loss: 4.9466  loss_text: 0.9923  loss_center: 1.2465  loss_reg_x: 1.6163  loss_reg_y: 1.0916
2025/12/28 12:54:20 - mmengine - INFO - Epoch(train)  [17][ 65/947]  lr: 8.6913e-04  eta: 2 days, 7:03:40  time: 2.4100  data_time: 0.0023  memory: 19778  grad_norm: 45.4302  loss: 4.9428  loss_text: 0.9633  loss_center: 1.2295  loss_reg_x: 1.5995  loss_reg_y: 1.1504
2025/12/28 12:54:33 - mmengine - INFO - Epoch(train)  [17][ 70/947]  lr: 8.6913e-04  eta: 2 days, 7:04:01  time: 2.4967  data_time: 0.0024  memory: 19778  grad_norm: 38.7892  loss: 4.6710  loss_text: 0.8933  loss_center: 1.1937  loss_reg_x: 1.5004  loss_reg_y: 1.0835
2025/12/28 12:54:45 - mmengine - INFO - Epoch(train)  [17][ 75/947]  lr: 8.6913e-04  eta: 2 days, 7:04:07  time: 2.5610  data_time: 0.0023  memory: 19778  grad_norm: 40.6106  loss: 4.5576  loss_text: 0.8896  loss_center: 1.1910  loss_reg_x: 1.4923  loss_reg_y: 0.9848
2025/12/28 12:54:57 - mmengine - INFO - Epoch(train)  [17][ 80/947]  lr: 8.6913e-04  eta: 2 days, 7:03:21  time: 2.4748  data_time: 0.0022  memory: 19778  grad_norm: 49.7619  loss: 4.6698  loss_text: 0.9214  loss_center: 1.2302  loss_reg_x: 1.5342  loss_reg_y: 0.9840
2025/12/28 12:55:09 - mmengine - INFO - Epoch(train)  [17][ 85/947]  lr: 8.6913e-04  eta: 2 days, 7:02:42  time: 2.4166  data_time: 0.0021  memory: 19778  grad_norm: 49.2336  loss: 4.7079  loss_text: 0.9065  loss_center: 1.2315  loss_reg_x: 1.5276  loss_reg_y: 1.0424
2025/12/28 12:55:22 - mmengine - INFO - Epoch(train)  [17][ 90/947]  lr: 8.6913e-04  eta: 2 days, 7:03:05  time: 2.5067  data_time: 0.0021  memory: 19778  grad_norm: 46.4571  loss: 4.8558  loss_text: 0.8854  loss_center: 1.2526  loss_reg_x: 1.5698  loss_reg_y: 1.1480
2025/12/28 12:55:34 - mmengine - INFO - Epoch(train)  [17][ 95/947]  lr: 8.6913e-04  eta: 2 days, 7:02:05  time: 2.4769  data_time: 0.0022  memory: 19778  grad_norm: 43.3809  loss: 4.8907  loss_text: 0.9196  loss_center: 1.2978  loss_reg_x: 1.5707  loss_reg_y: 1.1026
2025/12/28 12:55:47 - mmengine - INFO - Epoch(train)  [17][100/947]  lr: 8.6913e-04  eta: 2 days, 7:01:43  time: 2.4191  data_time: 0.0023  memory: 19778  grad_norm: 40.1866  loss: 4.8224  loss_text: 0.9488  loss_center: 1.2880  loss_reg_x: 1.5541  loss_reg_y: 1.0316
2025/12/28 12:55:59 - mmengine - INFO - Epoch(train)  [17][105/947]  lr: 8.6913e-04  eta: 2 days, 7:00:57  time: 2.4378  data_time: 0.0023  memory: 19778  grad_norm: 40.9523  loss: 4.8250  loss_text: 0.9382  loss_center: 1.2759  loss_reg_x: 1.5966  loss_reg_y: 1.0142
2025/12/28 12:56:12 - mmengine - INFO - Epoch(train)  [17][110/947]  lr: 8.6913e-04  eta: 2 days, 7:01:26  time: 2.5034  data_time: 0.0023  memory: 19778  grad_norm: 41.5445  loss: 4.8856  loss_text: 0.9480  loss_center: 1.3158  loss_reg_x: 1.5498  loss_reg_y: 1.0720
2025/12/28 12:56:24 - mmengine - INFO - Epoch(train)  [17][115/947]  lr: 8.6913e-04  eta: 2 days, 7:01:13  time: 2.5466  data_time: 0.0024  memory: 19778  grad_norm: 45.2020  loss: 5.1880  loss_text: 0.9505  loss_center: 1.3236  loss_reg_x: 1.6860  loss_reg_y: 1.2278
2025/12/28 12:56:36 - mmengine - INFO - Epoch(train)  [17][120/947]  lr: 8.6913e-04  eta: 2 days, 7:00:47  time: 2.4743  data_time: 0.0026  memory: 19778  grad_norm: 46.0707  loss: 5.3469  loss_text: 0.9688  loss_center: 1.3302  loss_reg_x: 1.8450  loss_reg_y: 1.2029
2025/12/28 12:56:48 - mmengine - INFO - Epoch(train)  [17][125/947]  lr: 8.6913e-04  eta: 2 days, 7:00:00  time: 2.4297  data_time: 0.0025  memory: 19778  grad_norm: 41.9480  loss: 5.0832  loss_text: 0.9406  loss_center: 1.3056  loss_reg_x: 1.7155  loss_reg_y: 1.1214
2025/12/28 12:57:01 - mmengine - INFO - Epoch(train)  [17][130/947]  lr: 8.6913e-04  eta: 2 days, 6:59:46  time: 2.4452  data_time: 0.0024  memory: 19778  grad_norm: 38.8393  loss: 4.9117  loss_text: 0.9201  loss_center: 1.2593  loss_reg_x: 1.5365  loss_reg_y: 1.1959
2025/12/28 12:57:13 - mmengine - INFO - Epoch(train)  [17][135/947]  lr: 8.6913e-04  eta: 2 days, 6:59:42  time: 2.5025  data_time: 0.0023  memory: 19778  grad_norm: 38.5607  loss: 5.0443  loss_text: 0.9332  loss_center: 1.2543  loss_reg_x: 1.6366  loss_reg_y: 1.2203
2025/12/28 12:57:26 - mmengine - INFO - Epoch(train)  [17][140/947]  lr: 8.6913e-04  eta: 2 days, 6:59:37  time: 2.5143  data_time: 0.0023  memory: 19778  grad_norm: 41.4954  loss: 4.7938  loss_text: 0.9045  loss_center: 1.2269  loss_reg_x: 1.6068  loss_reg_y: 1.0556
2025/12/28 12:57:38 - mmengine - INFO - Epoch(train)  [17][145/947]  lr: 8.6913e-04  eta: 2 days, 6:59:05  time: 2.4765  data_time: 0.0023  memory: 19778  grad_norm: 42.8102  loss: 4.7376  loss_text: 0.9300  loss_center: 1.2431  loss_reg_x: 1.5812  loss_reg_y: 0.9832
2025/12/28 12:57:50 - mmengine - INFO - Epoch(train)  [17][150/947]  lr: 8.6913e-04  eta: 2 days, 6:58:17  time: 2.4175  data_time: 0.0024  memory: 19778  grad_norm: 47.9731  loss: 5.1381  loss_text: 0.9682  loss_center: 1.2550  loss_reg_x: 1.7842  loss_reg_y: 1.1307
2025/12/28 12:58:03 - mmengine - INFO - Epoch(train)  [17][155/947]  lr: 8.6913e-04  eta: 2 days, 6:58:13  time: 2.4547  data_time: 0.0024  memory: 19778  grad_norm: 54.2619  loss: 5.4075  loss_text: 0.9511  loss_center: 1.2490  loss_reg_x: 2.0101  loss_reg_y: 1.1973
2025/12/28 12:58:14 - mmengine - INFO - Epoch(train)  [17][160/947]  lr: 8.6913e-04  eta: 2 days, 6:56:51  time: 2.4065  data_time: 0.0023  memory: 19778  grad_norm: 49.7286  loss: 5.2012  loss_text: 0.9171  loss_center: 1.2606  loss_reg_x: 1.8983  loss_reg_y: 1.1251
2025/12/28 12:58:26 - mmengine - INFO - Epoch(train)  [17][165/947]  lr: 8.6913e-04  eta: 2 days, 6:55:54  time: 2.3331  data_time: 0.0025  memory: 19778  grad_norm: 45.0648  loss: 5.0047  loss_text: 0.9145  loss_center: 1.2776  loss_reg_x: 1.6802  loss_reg_y: 1.1324
2025/12/28 12:58:38 - mmengine - INFO - Epoch(train)  [17][170/947]  lr: 8.6913e-04  eta: 2 days, 6:54:58  time: 2.3678  data_time: 0.0025  memory: 19778  grad_norm: 44.6471  loss: 4.9500  loss_text: 0.9292  loss_center: 1.2695  loss_reg_x: 1.5936  loss_reg_y: 1.1577
2025/12/28 12:58:49 - mmengine - INFO - Epoch(train)  [17][175/947]  lr: 8.6913e-04  eta: 2 days, 6:53:49  time: 2.3502  data_time: 0.0023  memory: 19778  grad_norm: 42.6608  loss: 4.7150  loss_text: 0.9188  loss_center: 1.2002  loss_reg_x: 1.5041  loss_reg_y: 1.0920
2025/12/28 12:59:03 - mmengine - INFO - Epoch(train)  [17][180/947]  lr: 8.6913e-04  eta: 2 days, 6:54:24  time: 2.4790  data_time: 0.0023  memory: 19778  grad_norm: 42.8311  loss: 4.9831  loss_text: 0.9235  loss_center: 1.2388  loss_reg_x: 1.6646  loss_reg_y: 1.1562
2025/12/28 12:59:14 - mmengine - INFO - Epoch(train)  [17][185/947]  lr: 8.6913e-04  eta: 2 days, 6:53:28  time: 2.4953  data_time: 0.0024  memory: 19778  grad_norm: 48.3073  loss: 5.1629  loss_text: 1.0090  loss_center: 1.3166  loss_reg_x: 1.6732  loss_reg_y: 1.1641
2025/12/28 12:59:27 - mmengine - INFO - Epoch(train)  [17][190/947]  lr: 8.6913e-04  eta: 2 days, 6:53:11  time: 2.4208  data_time: 0.0024  memory: 19778  grad_norm: 46.8712  loss: 4.7572  loss_text: 0.9866  loss_center: 1.2668  loss_reg_x: 1.5264  loss_reg_y: 0.9774
2025/12/28 12:59:39 - mmengine - INFO - Epoch(train)  [17][195/947]  lr: 8.6913e-04  eta: 2 days, 6:52:47  time: 2.4662  data_time: 0.0023  memory: 19778  grad_norm: 42.9431  loss: 4.9209  loss_text: 0.9344  loss_center: 1.2582  loss_reg_x: 1.6507  loss_reg_y: 1.0775
2025/12/28 12:59:52 - mmengine - INFO - Epoch(train)  [17][200/947]  lr: 8.6913e-04  eta: 2 days, 6:52:41  time: 2.4819  data_time: 0.0022  memory: 19778  grad_norm: 42.4026  loss: 4.9559  loss_text: 0.9273  loss_center: 1.2796  loss_reg_x: 1.6465  loss_reg_y: 1.1025
2025/12/28 13:00:04 - mmengine - INFO - Epoch(train)  [17][205/947]  lr: 8.6913e-04  eta: 2 days, 6:52:26  time: 2.4952  data_time: 0.0023  memory: 19778  grad_norm: 47.6205  loss: 4.7223  loss_text: 0.9197  loss_center: 1.2166  loss_reg_x: 1.5872  loss_reg_y: 0.9988
2025/12/28 13:00:17 - mmengine - INFO - Epoch(train)  [17][210/947]  lr: 8.6913e-04  eta: 2 days, 6:52:20  time: 2.4958  data_time: 0.0023  memory: 19778  grad_norm: 51.5472  loss: 4.8448  loss_text: 0.9294  loss_center: 1.2102  loss_reg_x: 1.6001  loss_reg_y: 1.1051
2025/12/28 13:00:29 - mmengine - INFO - Epoch(train)  [17][215/947]  lr: 8.6913e-04  eta: 2 days, 6:52:28  time: 2.5286  data_time: 0.0022  memory: 19778  grad_norm: 46.0100  loss: 5.0577  loss_text: 0.9560  loss_center: 1.2512  loss_reg_x: 1.6412  loss_reg_y: 1.2094
2025/12/28 13:00:41 - mmengine - INFO - Epoch(train)  [17][220/947]  lr: 8.6913e-04  eta: 2 days, 6:51:49  time: 2.4806  data_time: 0.0023  memory: 19778  grad_norm: 42.5220  loss: 5.2081  loss_text: 0.9708  loss_center: 1.2837  loss_reg_x: 1.6955  loss_reg_y: 1.2581
2025/12/28 13:00:53 - mmengine - INFO - Epoch(train)  [17][225/947]  lr: 8.6913e-04  eta: 2 days, 6:51:07  time: 2.4077  data_time: 0.0023  memory: 19778  grad_norm: 41.5219  loss: 4.9774  loss_text: 0.9445  loss_center: 1.2687  loss_reg_x: 1.5586  loss_reg_y: 1.2056
2025/12/28 13:01:06 - mmengine - INFO - Epoch(train)  [17][230/947]  lr: 8.6913e-04  eta: 2 days, 6:51:33  time: 2.5042  data_time: 0.0022  memory: 19778  grad_norm: 41.9662  loss: 4.9190  loss_text: 0.9546  loss_center: 1.2470  loss_reg_x: 1.6038  loss_reg_y: 1.1136
2025/12/28 13:01:19 - mmengine - INFO - Epoch(train)  [17][235/947]  lr: 8.6913e-04  eta: 2 days, 6:51:19  time: 2.5452  data_time: 0.0024  memory: 19778  grad_norm: 43.1641  loss: 4.8626  loss_text: 0.9269  loss_center: 1.2956  loss_reg_x: 1.5782  loss_reg_y: 1.0619
2025/12/28 13:01:31 - mmengine - INFO - Epoch(train)  [17][240/947]  lr: 8.6913e-04  eta: 2 days, 6:50:51  time: 2.4637  data_time: 0.0023  memory: 19778  grad_norm: 48.2920  loss: 4.8591  loss_text: 0.9291  loss_center: 1.2622  loss_reg_x: 1.6221  loss_reg_y: 1.0457
2025/12/28 13:01:43 - mmengine - INFO - Epoch(train)  [17][245/947]  lr: 8.6913e-04  eta: 2 days, 6:50:18  time: 2.4348  data_time: 0.0022  memory: 19778  grad_norm: 56.4350  loss: 5.1723  loss_text: 0.9852  loss_center: 1.2653  loss_reg_x: 1.7369  loss_reg_y: 1.1849
2025/12/28 13:01:56 - mmengine - INFO - Epoch(train)  [17][250/947]  lr: 8.6913e-04  eta: 2 days, 6:50:40  time: 2.5100  data_time: 0.0023  memory: 19778  grad_norm: 54.6075  loss: 5.3157  loss_text: 1.0153  loss_center: 1.3547  loss_reg_x: 1.7447  loss_reg_y: 1.2010
2025/12/28 13:02:08 - mmengine - INFO - Epoch(train)  [17][255/947]  lr: 8.6913e-04  eta: 2 days, 6:50:13  time: 2.5196  data_time: 0.0023  memory: 19778  grad_norm: 46.2715  loss: 5.1249  loss_text: 0.9848  loss_center: 1.3284  loss_reg_x: 1.7116  loss_reg_y: 1.1001
2025/12/28 13:02:20 - mmengine - INFO - Epoch(train)  [17][260/947]  lr: 8.6913e-04  eta: 2 days, 6:49:23  time: 2.4113  data_time: 0.0022  memory: 19778  grad_norm: 43.5798  loss: 5.0803  loss_text: 0.9626  loss_center: 1.2568  loss_reg_x: 1.7340  loss_reg_y: 1.1269
2025/12/28 13:02:33 - mmengine - INFO - Epoch(train)  [17][265/947]  lr: 8.6913e-04  eta: 2 days, 6:49:10  time: 2.4316  data_time: 0.0024  memory: 19778  grad_norm: 42.2298  loss: 5.1123  loss_text: 0.9800  loss_center: 1.2816  loss_reg_x: 1.7077  loss_reg_y: 1.1430
2025/12/28 13:02:45 - mmengine - INFO - Epoch(train)  [17][270/947]  lr: 8.6913e-04  eta: 2 days, 6:48:45  time: 2.4692  data_time: 0.0025  memory: 19778  grad_norm: 42.0370  loss: 5.1023  loss_text: 1.0115  loss_center: 1.2861  loss_reg_x: 1.6705  loss_reg_y: 1.1342
2025/12/28 13:02:57 - mmengine - INFO - Epoch(train)  [17][275/947]  lr: 8.6913e-04  eta: 2 days, 6:48:22  time: 2.4542  data_time: 0.0024  memory: 19778  grad_norm: 41.5519  loss: 5.1079  loss_text: 0.9806  loss_center: 1.2572  loss_reg_x: 1.7142  loss_reg_y: 1.1558
2025/12/28 13:03:09 - mmengine - INFO - Epoch(train)  [17][280/947]  lr: 8.6913e-04  eta: 2 days, 6:47:41  time: 2.4286  data_time: 0.0025  memory: 19778  grad_norm: 45.9362  loss: 5.0282  loss_text: 0.9446  loss_center: 1.2551  loss_reg_x: 1.6475  loss_reg_y: 1.1809
2025/12/28 13:03:22 - mmengine - INFO - Epoch(train)  [17][285/947]  lr: 8.6913e-04  eta: 2 days, 6:48:14  time: 2.5148  data_time: 0.0024  memory: 19778  grad_norm: 54.5684  loss: 5.2645  loss_text: 1.0170  loss_center: 1.2748  loss_reg_x: 1.7430  loss_reg_y: 1.2297
2025/12/28 13:03:35 - mmengine - INFO - Epoch(train)  [17][290/947]  lr: 8.6913e-04  eta: 2 days, 6:48:09  time: 2.5702  data_time: 0.0024  memory: 19778  grad_norm: 49.9832  loss: 5.1448  loss_text: 0.9700  loss_center: 1.2741  loss_reg_x: 1.6870  loss_reg_y: 1.2137
2025/12/28 13:03:47 - mmengine - INFO - Epoch(train)  [17][295/947]  lr: 8.6913e-04  eta: 2 days, 6:47:10  time: 2.4272  data_time: 0.0025  memory: 19778  grad_norm: 48.6589  loss: 4.8924  loss_text: 0.9289  loss_center: 1.2348  loss_reg_x: 1.5622  loss_reg_y: 1.1665
2025/12/28 13:03:59 - mmengine - INFO - Epoch(train)  [17][300/947]  lr: 8.6913e-04  eta: 2 days, 6:46:47  time: 2.4004  data_time: 0.0024  memory: 19778  grad_norm: 49.2319  loss: 4.9962  loss_text: 0.9518  loss_center: 1.2575  loss_reg_x: 1.6186  loss_reg_y: 1.1683
2025/12/28 13:04:12 - mmengine - INFO - Epoch(train)  [17][305/947]  lr: 8.6913e-04  eta: 2 days, 6:46:46  time: 2.4898  data_time: 0.0024  memory: 19778  grad_norm: 45.2950  loss: 4.8652  loss_text: 0.9316  loss_center: 1.2847  loss_reg_x: 1.6071  loss_reg_y: 1.0418
2025/12/28 13:04:24 - mmengine - INFO - Epoch(train)  [17][310/947]  lr: 8.6913e-04  eta: 2 days, 6:46:44  time: 2.5232  data_time: 0.0024  memory: 19778  grad_norm: 46.9148  loss: 4.9434  loss_text: 0.9512  loss_center: 1.2959  loss_reg_x: 1.6527  loss_reg_y: 1.0436
2025/12/28 13:04:36 - mmengine - INFO - Epoch(train)  [17][315/947]  lr: 8.6913e-04  eta: 2 days, 6:46:16  time: 2.4805  data_time: 0.0022  memory: 19778  grad_norm: 46.9117  loss: 4.9113  loss_text: 0.9555  loss_center: 1.2636  loss_reg_x: 1.5896  loss_reg_y: 1.1028
2025/12/28 13:04:48 - mmengine - INFO - Epoch(train)  [17][320/947]  lr: 8.6913e-04  eta: 2 days, 6:45:15  time: 2.3860  data_time: 0.0023  memory: 19778  grad_norm: 46.1109  loss: 4.9029  loss_text: 0.9755  loss_center: 1.2829  loss_reg_x: 1.5130  loss_reg_y: 1.1315
2025/12/28 13:05:01 - mmengine - INFO - Epoch(train)  [17][325/947]  lr: 8.6913e-04  eta: 2 days, 6:45:12  time: 2.4257  data_time: 0.0023  memory: 19778  grad_norm: inf  loss: 5.1916  loss_text: 1.0218  loss_center: 1.3382  loss_reg_x: 1.5928  loss_reg_y: 1.2387
2025/12/28 13:05:13 - mmengine - INFO - Epoch(train)  [17][330/947]  lr: 8.6913e-04  eta: 2 days, 6:44:38  time: 2.4686  data_time: 0.0023  memory: 19778  grad_norm: inf  loss: 5.2044  loss_text: 0.9983  loss_center: 1.3374  loss_reg_x: 1.6226  loss_reg_y: 1.2461
2025/12/28 13:05:25 - mmengine - INFO - Epoch(train)  [17][335/947]  lr: 8.6913e-04  eta: 2 days, 6:44:04  time: 2.4191  data_time: 0.0023  memory: 19778  grad_norm: 43.5766  loss: 5.0530  loss_text: 1.0103  loss_center: 1.3077  loss_reg_x: 1.6319  loss_reg_y: 1.1032
2025/12/28 13:05:37 - mmengine - INFO - Epoch(train)  [17][340/947]  lr: 8.6913e-04  eta: 2 days, 6:43:56  time: 2.4592  data_time: 0.0022  memory: 19778  grad_norm: 43.8613  loss: 4.8078  loss_text: 1.0081  loss_center: 1.2688  loss_reg_x: 1.5160  loss_reg_y: 1.0149
2025/12/28 13:05:51 - mmengine - INFO - Epoch(train)  [17][345/947]  lr: 8.6913e-04  eta: 2 days, 6:44:39  time: 2.5849  data_time: 0.0023  memory: 19778  grad_norm: 46.0611  loss: 4.7840  loss_text: 0.9205  loss_center: 1.2781  loss_reg_x: 1.4959  loss_reg_y: 1.0895
2025/12/28 13:06:04 - mmengine - INFO - Epoch(train)  [17][350/947]  lr: 8.6913e-04  eta: 2 days, 6:45:28  time: 2.6791  data_time: 0.0025  memory: 19778  grad_norm: 44.8802  loss: 5.1826  loss_text: 0.9438  loss_center: 1.3084  loss_reg_x: 1.7711  loss_reg_y: 1.1593
2025/12/28 13:06:17 - mmengine - INFO - Epoch(train)  [17][355/947]  lr: 8.6913e-04  eta: 2 days, 6:45:20  time: 2.5967  data_time: 0.0025  memory: 19778  grad_norm: 42.8376  loss: 5.0805  loss_text: 0.9465  loss_center: 1.2891  loss_reg_x: 1.7878  loss_reg_y: 1.0571
2025/12/28 13:06:29 - mmengine - INFO - Epoch(train)  [17][360/947]  lr: 8.6913e-04  eta: 2 days, 6:45:17  time: 2.5130  data_time: 0.0025  memory: 19778  grad_norm: 42.1504  loss: 4.9693  loss_text: 0.9508  loss_center: 1.2800  loss_reg_x: 1.6203  loss_reg_y: 1.1182
2025/12/28 13:06:42 - mmengine - INFO - Epoch(train)  [17][365/947]  lr: 8.6913e-04  eta: 2 days, 6:45:21  time: 2.5327  data_time: 0.0024  memory: 19778  grad_norm: 42.2316  loss: 5.1070  loss_text: 1.0095  loss_center: 1.2685  loss_reg_x: 1.6472  loss_reg_y: 1.1818
2025/12/28 13:06:55 - mmengine - INFO - Epoch(train)  [17][370/947]  lr: 8.6913e-04  eta: 2 days, 6:45:18  time: 2.5313  data_time: 0.0024  memory: 19778  grad_norm: 42.2239  loss: 4.9440  loss_text: 0.9759  loss_center: 1.2392  loss_reg_x: 1.6147  loss_reg_y: 1.1141
2025/12/28 13:07:07 - mmengine - INFO - Epoch(train)  [17][375/947]  lr: 8.6913e-04  eta: 2 days, 6:45:32  time: 2.5480  data_time: 0.0025  memory: 19778  grad_norm: 42.3336  loss: 4.8856  loss_text: 0.9342  loss_center: 1.2415  loss_reg_x: 1.5735  loss_reg_y: 1.1363
2025/12/28 13:07:20 - mmengine - INFO - Epoch(train)  [17][380/947]  lr: 8.6913e-04  eta: 2 days, 6:45:02  time: 2.5051  data_time: 0.0024  memory: 19778  grad_norm: 44.2464  loss: 4.9629  loss_text: 0.9186  loss_center: 1.2737  loss_reg_x: 1.6361  loss_reg_y: 1.1345
2025/12/28 13:07:33 - mmengine - INFO - Epoch(train)  [17][385/947]  lr: 8.6913e-04  eta: 2 days, 6:45:23  time: 2.5178  data_time: 0.0023  memory: 19778  grad_norm: 44.8004  loss: 4.8944  loss_text: 0.8958  loss_center: 1.2858  loss_reg_x: 1.6161  loss_reg_y: 1.0967
2025/12/28 13:07:45 - mmengine - INFO - Epoch(train)  [17][390/947]  lr: 8.6913e-04  eta: 2 days, 6:44:57  time: 2.5234  data_time: 0.0024  memory: 19778  grad_norm: 42.1404  loss: 4.7928  loss_text: 0.9114  loss_center: 1.2621  loss_reg_x: 1.5452  loss_reg_y: 1.0740
2025/12/28 13:07:57 - mmengine - INFO - Epoch(train)  [17][395/947]  lr: 8.6913e-04  eta: 2 days, 6:44:30  time: 2.4416  data_time: 0.0024  memory: 19778  grad_norm: 44.5910  loss: 4.8873  loss_text: 0.9060  loss_center: 1.2274  loss_reg_x: 1.6018  loss_reg_y: 1.1521
2025/12/28 13:08:10 - mmengine - INFO - Epoch(train)  [17][400/947]  lr: 8.6913e-04  eta: 2 days, 6:44:26  time: 2.4783  data_time: 0.0024  memory: 19778  grad_norm: 49.6815  loss: 4.9973  loss_text: 0.9329  loss_center: 1.2091  loss_reg_x: 1.7137  loss_reg_y: 1.1415
2025/12/28 13:08:22 - mmengine - INFO - Epoch(train)  [17][405/947]  lr: 8.6913e-04  eta: 2 days, 6:44:22  time: 2.5184  data_time: 0.0025  memory: 19778  grad_norm: 51.5779  loss: 5.1217  loss_text: 0.9473  loss_center: 1.2478  loss_reg_x: 1.7722  loss_reg_y: 1.1544
2025/12/28 13:08:35 - mmengine - INFO - Epoch(train)  [17][410/947]  lr: 8.6913e-04  eta: 2 days, 6:44:05  time: 2.4977  data_time: 0.0025  memory: 19778  grad_norm: 45.9824  loss: 4.8215  loss_text: 0.8912  loss_center: 1.2493  loss_reg_x: 1.5873  loss_reg_y: 1.0937
2025/12/28 13:08:46 - mmengine - INFO - Epoch(train)  [17][415/947]  lr: 8.6913e-04  eta: 2 days, 6:43:17  time: 2.4218  data_time: 0.0025  memory: 19778  grad_norm: 41.8888  loss: 4.5004  loss_text: 0.8951  loss_center: 1.2452  loss_reg_x: 1.3569  loss_reg_y: 1.0032
2025/12/28 13:08:59 - mmengine - INFO - Epoch(train)  [17][420/947]  lr: 8.6913e-04  eta: 2 days, 6:43:02  time: 2.4235  data_time: 0.0024  memory: 19778  grad_norm: 46.6442  loss: 4.8034  loss_text: 0.9370  loss_center: 1.2979  loss_reg_x: 1.4626  loss_reg_y: 1.1060
2025/12/28 13:09:12 - mmengine - INFO - Epoch(train)  [17][425/947]  lr: 8.6913e-04  eta: 2 days, 6:43:03  time: 2.5084  data_time: 0.0025  memory: 19778  grad_norm: 44.7990  loss: 5.2615  loss_text: 1.0003  loss_center: 1.3865  loss_reg_x: 1.7098  loss_reg_y: 1.1650
2025/12/28 13:09:24 - mmengine - INFO - Epoch(train)  [17][430/947]  lr: 8.6913e-04  eta: 2 days, 6:43:13  time: 2.5512  data_time: 0.0025  memory: 19778  grad_norm: 41.6144  loss: 5.1579  loss_text: 0.9428  loss_center: 1.3412  loss_reg_x: 1.7512  loss_reg_y: 1.1226
2025/12/28 13:09:37 - mmengine - INFO - Epoch(train)  [17][435/947]  lr: 8.6913e-04  eta: 2 days, 6:43:10  time: 2.5457  data_time: 0.0024  memory: 19778  grad_norm: 43.9570  loss: 4.9829  loss_text: 0.9156  loss_center: 1.2831  loss_reg_x: 1.6250  loss_reg_y: 1.1591
2025/12/28 13:09:49 - mmengine - INFO - Epoch(train)  [17][440/947]  lr: 8.6913e-04  eta: 2 days, 6:42:45  time: 2.4853  data_time: 0.0025  memory: 19778  grad_norm: 42.4703  loss: 5.1705  loss_text: 1.0112  loss_center: 1.2888  loss_reg_x: 1.6027  loss_reg_y: 1.2677
2025/12/28 13:10:02 - mmengine - INFO - Epoch(train)  [17][445/947]  lr: 8.6913e-04  eta: 2 days, 6:42:24  time: 2.4531  data_time: 0.0025  memory: 19778  grad_norm: 48.8038  loss: 5.2667  loss_text: 1.0275  loss_center: 1.2821  loss_reg_x: 1.6953  loss_reg_y: 1.2618
2025/12/28 13:10:13 - mmengine - INFO - Epoch(train)  [17][450/947]  lr: 8.6913e-04  eta: 2 days, 6:41:35  time: 2.4108  data_time: 0.0026  memory: 19778  grad_norm: 50.0289  loss: 5.0949  loss_text: 1.0110  loss_center: 1.2635  loss_reg_x: 1.7087  loss_reg_y: 1.1117
2025/12/28 13:10:26 - mmengine - INFO - Epoch(train)  [17][455/947]  lr: 8.6913e-04  eta: 2 days, 6:41:23  time: 2.4247  data_time: 0.0025  memory: 19778  grad_norm: 44.2333  loss: 4.8604  loss_text: 0.9751  loss_center: 1.2410  loss_reg_x: 1.6370  loss_reg_y: 1.0073
2025/12/28 13:10:38 - mmengine - INFO - Epoch(train)  [17][460/947]  lr: 8.6913e-04  eta: 2 days, 6:40:58  time: 2.4675  data_time: 0.0024  memory: 19778  grad_norm: 41.4168  loss: 4.9799  loss_text: 0.9256  loss_center: 1.3143  loss_reg_x: 1.6755  loss_reg_y: 1.0646
2025/12/28 13:10:50 - mmengine - INFO - Epoch(train)  [17][465/947]  lr: 8.6913e-04  eta: 2 days, 6:40:44  time: 2.4646  data_time: 0.0025  memory: 19778  grad_norm: 42.5377  loss: 4.9855  loss_text: 0.9106  loss_center: 1.3223  loss_reg_x: 1.6372  loss_reg_y: 1.1153
2025/12/28 13:11:03 - mmengine - INFO - Epoch(train)  [17][470/947]  lr: 8.6913e-04  eta: 2 days, 6:40:16  time: 2.4573  data_time: 0.0024  memory: 19778  grad_norm: 44.4051  loss: 4.5817  loss_text: 0.8758  loss_center: 1.2522  loss_reg_x: 1.4379  loss_reg_y: 1.0158
2025/12/28 13:11:15 - mmengine - INFO - Epoch(train)  [17][475/947]  lr: 8.6913e-04  eta: 2 days, 6:39:50  time: 2.4364  data_time: 0.0023  memory: 19778  grad_norm: 44.3310  loss: 4.6484  loss_text: 0.9035  loss_center: 1.2582  loss_reg_x: 1.4474  loss_reg_y: 1.0394
2025/12/28 13:11:28 - mmengine - INFO - Epoch(train)  [17][480/947]  lr: 8.6913e-04  eta: 2 days, 6:39:52  time: 2.4910  data_time: 0.0023  memory: 19778  grad_norm: 41.8490  loss: 4.9468  loss_text: 0.9164  loss_center: 1.2647  loss_reg_x: 1.6368  loss_reg_y: 1.1288
2025/12/28 13:11:40 - mmengine - INFO - Epoch(train)  [17][485/947]  lr: 8.6913e-04  eta: 2 days, 6:39:35  time: 2.5064  data_time: 0.0023  memory: 19778  grad_norm: 42.7833  loss: 5.2085  loss_text: 0.9438  loss_center: 1.2883  loss_reg_x: 1.7990  loss_reg_y: 1.1775
2025/12/28 13:11:52 - mmengine - INFO - Epoch(train)  [17][490/947]  lr: 8.6913e-04  eta: 2 days, 6:38:54  time: 2.4295  data_time: 0.0024  memory: 19778  grad_norm: 47.1367  loss: 5.2691  loss_text: 0.9794  loss_center: 1.2916  loss_reg_x: 1.7810  loss_reg_y: 1.2171
2025/12/28 13:12:04 - mmengine - INFO - Epoch(train)  [17][495/947]  lr: 8.6913e-04  eta: 2 days, 6:38:13  time: 2.3857  data_time: 0.0024  memory: 19778  grad_norm: 46.0968  loss: 5.0689  loss_text: 0.9768  loss_center: 1.2767  loss_reg_x: 1.6493  loss_reg_y: 1.1661
2025/12/28 13:12:16 - mmengine - INFO - Epoch(train)  [17][500/947]  lr: 8.6913e-04  eta: 2 days, 6:38:06  time: 2.4463  data_time: 0.0024  memory: 19778  grad_norm: 44.2400  loss: 4.9944  loss_text: 0.9776  loss_center: 1.3006  loss_reg_x: 1.6114  loss_reg_y: 1.1048
2025/12/28 13:12:28 - mmengine - INFO - Epoch(train)  [17][505/947]  lr: 8.6913e-04  eta: 2 days, 6:37:19  time: 2.4345  data_time: 0.0025  memory: 19778  grad_norm: 39.8439  loss: 4.6905  loss_text: 0.9272  loss_center: 1.2412  loss_reg_x: 1.5216  loss_reg_y: 1.0005
2025/12/28 13:12:40 - mmengine - INFO - Epoch(train)  [17][510/947]  lr: 8.6913e-04  eta: 2 days, 6:36:53  time: 2.3994  data_time: 0.0023  memory: 19778  grad_norm: 43.2895  loss: 4.6512  loss_text: 0.9065  loss_center: 1.1869  loss_reg_x: 1.5637  loss_reg_y: 0.9942
2025/12/28 13:12:52 - mmengine - INFO - Epoch(train)  [17][515/947]  lr: 8.6913e-04  eta: 2 days, 6:36:25  time: 2.4333  data_time: 0.0023  memory: 19778  grad_norm: 46.8093  loss: 4.8772  loss_text: 0.8995  loss_center: 1.2237  loss_reg_x: 1.7040  loss_reg_y: 1.0500
2025/12/28 13:13:04 - mmengine - INFO - Epoch(train)  [17][520/947]  lr: 8.6913e-04  eta: 2 days, 6:35:45  time: 2.4068  data_time: 0.0023  memory: 19778  grad_norm: 43.3643  loss: 4.9366  loss_text: 0.8973  loss_center: 1.2768  loss_reg_x: 1.6062  loss_reg_y: 1.1562
2025/12/28 13:13:16 - mmengine - INFO - Epoch(train)  [17][525/947]  lr: 8.6913e-04  eta: 2 days, 6:34:55  time: 2.3656  data_time: 0.0023  memory: 19778  grad_norm: 39.4808  loss: 4.7332  loss_text: 0.8852  loss_center: 1.2942  loss_reg_x: 1.4496  loss_reg_y: 1.1043
2025/12/28 13:13:28 - mmengine - INFO - Epoch(train)  [17][530/947]  lr: 8.6913e-04  eta: 2 days, 6:34:24  time: 2.3814  data_time: 0.0027  memory: 19778  grad_norm: 38.0624  loss: 4.5203  loss_text: 0.9025  loss_center: 1.2541  loss_reg_x: 1.4189  loss_reg_y: 0.9448
2025/12/28 13:13:41 - mmengine - INFO - Epoch(train)  [17][535/947]  lr: 8.6913e-04  eta: 2 days, 6:34:12  time: 2.4524  data_time: 0.0029  memory: 19778  grad_norm: 39.2938  loss: 4.5615  loss_text: 0.8870  loss_center: 1.2418  loss_reg_x: 1.4489  loss_reg_y: 0.9838
2025/12/28 13:13:53 - mmengine - INFO - Epoch(train)  [17][540/947]  lr: 8.6913e-04  eta: 2 days, 6:33:49  time: 2.4687  data_time: 0.0025  memory: 19778  grad_norm: 41.7794  loss: 4.9025  loss_text: 0.9239  loss_center: 1.2847  loss_reg_x: 1.5634  loss_reg_y: 1.1305
2025/12/28 13:14:07 - mmengine - INFO - Epoch(train)  [17][545/947]  lr: 8.6913e-04  eta: 2 days, 6:34:49  time: 2.6035  data_time: 0.0025  memory: 19778  grad_norm: 45.9100  loss: 5.2330  loss_text: 1.0058  loss_center: 1.3083  loss_reg_x: 1.7563  loss_reg_y: 1.1626
2025/12/28 13:14:19 - mmengine - INFO - Epoch(train)  [17][550/947]  lr: 8.6913e-04  eta: 2 days, 6:34:53  time: 2.6532  data_time: 0.0029  memory: 19778  grad_norm: 48.1507  loss: 5.3690  loss_text: 0.9775  loss_center: 1.3435  loss_reg_x: 1.8308  loss_reg_y: 1.2171
2025/12/28 13:14:31 - mmengine - INFO - Epoch(train)  [17][555/947]  lr: 8.6913e-04  eta: 2 days, 6:34:08  time: 2.4571  data_time: 0.0027  memory: 19778  grad_norm: 49.3579  loss: 5.3895  loss_text: 0.9845  loss_center: 1.3507  loss_reg_x: 1.8048  loss_reg_y: 1.2495
2025/12/28 13:14:44 - mmengine - INFO - Epoch(train)  [17][560/947]  lr: 8.6913e-04  eta: 2 days, 6:34:21  time: 2.4736  data_time: 0.0024  memory: 19778  grad_norm: 45.1085  loss: 5.1244  loss_text: 0.9819  loss_center: 1.3256  loss_reg_x: 1.6999  loss_reg_y: 1.1169
2025/12/28 13:14:56 - mmengine - INFO - Epoch(train)  [17][565/947]  lr: 8.6913e-04  eta: 2 days, 6:33:31  time: 2.4632  data_time: 0.0025  memory: 19778  grad_norm: 41.0693  loss: 5.0495  loss_text: 0.9743  loss_center: 1.2755  loss_reg_x: 1.6787  loss_reg_y: 1.1210
2025/12/28 13:15:08 - mmengine - INFO - Epoch(train)  [17][570/947]  lr: 8.6913e-04  eta: 2 days, 6:33:13  time: 2.4045  data_time: 0.0024  memory: 19778  grad_norm: 44.2365  loss: 5.2245  loss_text: 0.9890  loss_center: 1.2629  loss_reg_x: 1.8254  loss_reg_y: 1.1473
2025/12/28 13:15:20 - mmengine - INFO - Epoch(train)  [17][575/947]  lr: 8.6913e-04  eta: 2 days, 6:32:38  time: 2.4320  data_time: 0.0023  memory: 19778  grad_norm: 42.8252  loss: 5.1458  loss_text: 0.9492  loss_center: 1.2930  loss_reg_x: 1.7756  loss_reg_y: 1.1281
2025/12/28 13:15:32 - mmengine - INFO - Epoch(train)  [17][580/947]  lr: 8.6913e-04  eta: 2 days, 6:31:51  time: 2.3774  data_time: 0.0022  memory: 19778  grad_norm: 42.3594  loss: 5.0172  loss_text: 0.9180  loss_center: 1.2745  loss_reg_x: 1.6227  loss_reg_y: 1.2020
2025/12/28 13:15:44 - mmengine - INFO - Epoch(train)  [17][585/947]  lr: 8.6913e-04  eta: 2 days, 6:31:31  time: 2.4050  data_time: 0.0022  memory: 19778  grad_norm: 41.9283  loss: 4.9557  loss_text: 0.9484  loss_center: 1.2553  loss_reg_x: 1.5845  loss_reg_y: 1.1674
2025/12/28 13:15:56 - mmengine - INFO - Epoch(train)  [17][590/947]  lr: 8.6913e-04  eta: 2 days, 6:30:58  time: 2.4307  data_time: 0.0024  memory: 19778  grad_norm: 46.7994  loss: 5.0926  loss_text: 1.0110  loss_center: 1.2731  loss_reg_x: 1.6595  loss_reg_y: 1.1490
2025/12/28 13:16:08 - mmengine - INFO - Epoch(train)  [17][595/947]  lr: 8.6913e-04  eta: 2 days, 6:30:28  time: 2.4110  data_time: 0.0025  memory: 19778  grad_norm: 50.9863  loss: 5.1225  loss_text: 1.0061  loss_center: 1.3190  loss_reg_x: 1.6506  loss_reg_y: 1.1468
2025/12/28 13:16:22 - mmengine - INFO - Epoch(train)  [17][600/947]  lr: 8.6913e-04  eta: 2 days, 6:30:59  time: 2.5353  data_time: 0.0026  memory: 19778  grad_norm: 44.2450  loss: 4.8374  loss_text: 0.9737  loss_center: 1.2600  loss_reg_x: 1.5658  loss_reg_y: 1.0379
2025/12/28 13:16:33 - mmengine - INFO - Epoch(train)  [17][605/947]  lr: 8.6913e-04  eta: 2 days, 6:30:00  time: 2.4800  data_time: 0.0027  memory: 19778  grad_norm: 48.7636  loss: 5.1414  loss_text: 0.9793  loss_center: 1.2405  loss_reg_x: 1.6969  loss_reg_y: 1.2247
2025/12/28 13:16:45 - mmengine - INFO - Epoch(train)  [17][610/947]  lr: 8.6913e-04  eta: 2 days, 6:29:02  time: 2.3058  data_time: 0.0023  memory: 19778  grad_norm: 54.3012  loss: 5.4092  loss_text: 1.0538  loss_center: 1.2856  loss_reg_x: 1.7972  loss_reg_y: 1.2726
2025/12/28 13:16:56 - mmengine - INFO - Epoch(train)  [17][615/947]  lr: 8.6913e-04  eta: 2 days, 6:28:10  time: 2.3166  data_time: 0.0023  memory: 19778  grad_norm: 45.8978  loss: 4.9679  loss_text: 0.9890  loss_center: 1.2556  loss_reg_x: 1.6444  loss_reg_y: 1.0788
2025/12/28 13:17:09 - mmengine - INFO - Epoch(train)  [17][620/947]  lr: 8.6913e-04  eta: 2 days, 6:28:10  time: 2.4312  data_time: 0.0024  memory: 19778  grad_norm: 41.2387  loss: 4.7912  loss_text: 0.8893  loss_center: 1.2701  loss_reg_x: 1.5617  loss_reg_y: 1.0701
2025/12/28 13:17:22 - mmengine - INFO - Epoch(train)  [17][625/947]  lr: 8.6913e-04  eta: 2 days, 6:28:08  time: 2.5301  data_time: 0.0023  memory: 19778  grad_norm: 45.0931  loss: 5.1777  loss_text: 0.9267  loss_center: 1.3199  loss_reg_x: 1.7478  loss_reg_y: 1.1833
2025/12/28 13:17:34 - mmengine - INFO - Epoch(train)  [17][630/947]  lr: 8.6913e-04  eta: 2 days, 6:28:05  time: 2.5237  data_time: 0.0023  memory: 19778  grad_norm: 46.4929  loss: 5.4110  loss_text: 0.9874  loss_center: 1.3504  loss_reg_x: 1.8414  loss_reg_y: 1.2319
2025/12/28 13:17:47 - mmengine - INFO - Epoch(train)  [17][635/947]  lr: 8.6913e-04  eta: 2 days, 6:28:09  time: 2.5358  data_time: 0.0023  memory: 19778  grad_norm: 44.7735  loss: 5.1826  loss_text: 0.9873  loss_center: 1.3208  loss_reg_x: 1.7314  loss_reg_y: 1.1432
2025/12/28 13:17:59 - mmengine - INFO - Epoch(train)  [17][640/947]  lr: 8.6913e-04  eta: 2 days, 6:27:58  time: 2.5207  data_time: 0.0025  memory: 19778  grad_norm: 47.4670  loss: 5.0109  loss_text: 0.9768  loss_center: 1.2822  loss_reg_x: 1.6952  loss_reg_y: 1.0566
2025/12/28 13:18:11 - mmengine - INFO - Epoch(train)  [17][645/947]  lr: 8.6913e-04  eta: 2 days, 6:27:16  time: 2.4280  data_time: 0.0024  memory: 19778  grad_norm: 44.4923  loss: 4.9399  loss_text: 0.9524  loss_center: 1.2709  loss_reg_x: 1.6661  loss_reg_y: 1.0504
2025/12/28 13:18:24 - mmengine - INFO - Epoch(train)  [17][650/947]  lr: 8.6913e-04  eta: 2 days, 6:27:08  time: 2.4328  data_time: 0.0023  memory: 19778  grad_norm: 39.1694  loss: 4.7855  loss_text: 0.8961  loss_center: 1.2427  loss_reg_x: 1.6556  loss_reg_y: 0.9912
2025/12/28 13:18:36 - mmengine - INFO - Epoch(train)  [17][655/947]  lr: 8.6913e-04  eta: 2 days, 6:26:58  time: 2.4979  data_time: 0.0023  memory: 19778  grad_norm: 41.9563  loss: 5.1417  loss_text: 0.9666  loss_center: 1.3137  loss_reg_x: 1.7911  loss_reg_y: 1.0703
2025/12/28 13:18:50 - mmengine - INFO - Epoch(train)  [17][660/947]  lr: 8.6913e-04  eta: 2 days, 6:27:37  time: 2.5951  data_time: 0.0023  memory: 19778  grad_norm: 44.9951  loss: 5.5816  loss_text: 1.0267  loss_center: 1.3922  loss_reg_x: 1.8356  loss_reg_y: 1.3270
2025/12/28 13:19:02 - mmengine - INFO - Epoch(train)  [17][665/947]  lr: 8.6913e-04  eta: 2 days, 6:27:01  time: 2.5432  data_time: 0.0023  memory: 19778  grad_norm: 42.6266  loss: 5.3196  loss_text: 0.9796  loss_center: 1.3285  loss_reg_x: 1.6740  loss_reg_y: 1.3375
2025/12/28 13:19:14 - mmengine - INFO - Epoch(train)  [17][670/947]  lr: 8.6913e-04  eta: 2 days, 6:26:51  time: 2.4406  data_time: 0.0024  memory: 19778  grad_norm: 41.4571  loss: 4.8997  loss_text: 0.9331  loss_center: 1.2379  loss_reg_x: 1.5557  loss_reg_y: 1.1730
2025/12/28 13:19:27 - mmengine - INFO - Epoch(train)  [17][675/947]  lr: 8.6913e-04  eta: 2 days, 6:26:40  time: 2.4913  data_time: 0.0025  memory: 19778  grad_norm: 41.8835  loss: 4.8510  loss_text: 0.9515  loss_center: 1.2379  loss_reg_x: 1.5520  loss_reg_y: 1.1095
2025/12/28 13:19:39 - mmengine - INFO - Epoch(train)  [17][680/947]  lr: 8.6913e-04  eta: 2 days, 6:26:17  time: 2.4670  data_time: 0.0024  memory: 19778  grad_norm: 41.7048  loss: 4.8658  loss_text: 0.9356  loss_center: 1.2375  loss_reg_x: 1.5998  loss_reg_y: 1.0929
2025/12/28 13:19:51 - mmengine - INFO - Epoch(train)  [17][685/947]  lr: 8.6913e-04  eta: 2 days, 6:25:49  time: 2.4309  data_time: 0.0024  memory: 19778  grad_norm: 48.0869  loss: 4.8796  loss_text: 0.9380  loss_center: 1.2381  loss_reg_x: 1.5540  loss_reg_y: 1.1496
2025/12/28 13:20:03 - mmengine - INFO - Epoch(train)  [17][690/947]  lr: 8.6913e-04  eta: 2 days, 6:25:33  time: 2.4444  data_time: 0.0025  memory: 19778  grad_norm: 46.6252  loss: 4.9089  loss_text: 0.9406  loss_center: 1.2601  loss_reg_x: 1.4820  loss_reg_y: 1.2262
2025/12/28 13:20:16 - mmengine - INFO - Epoch(train)  [17][695/947]  lr: 8.6913e-04  eta: 2 days, 6:25:43  time: 2.5242  data_time: 0.0026  memory: 19778  grad_norm: 41.7642  loss: 4.9282  loss_text: 0.9402  loss_center: 1.2872  loss_reg_x: 1.5362  loss_reg_y: 1.1647
2025/12/28 13:20:29 - mmengine - INFO - Epoch(train)  [17][700/947]  lr: 8.6913e-04  eta: 2 days, 6:25:34  time: 2.5391  data_time: 0.0026  memory: 19778  grad_norm: 43.5066  loss: 5.0789  loss_text: 1.0175  loss_center: 1.2945  loss_reg_x: 1.6249  loss_reg_y: 1.1419
2025/12/28 13:20:41 - mmengine - INFO - Epoch(train)  [17][705/947]  lr: 8.6913e-04  eta: 2 days, 6:25:12  time: 2.4733  data_time: 0.0025  memory: 19778  grad_norm: 40.6494  loss: 4.8799  loss_text: 1.0112  loss_center: 1.2572  loss_reg_x: 1.5454  loss_reg_y: 1.0662
2025/12/28 13:20:53 - mmengine - INFO - Epoch(train)  [17][710/947]  lr: 8.6913e-04  eta: 2 days, 6:24:53  time: 2.4519  data_time: 0.0025  memory: 19778  grad_norm: 37.0939  loss: 5.2468  loss_text: 0.9902  loss_center: 1.3233  loss_reg_x: 1.7636  loss_reg_y: 1.1697
2025/12/28 13:21:06 - mmengine - INFO - Epoch(train)  [17][715/947]  lr: 8.6913e-04  eta: 2 days, 6:25:19  time: 2.5518  data_time: 0.0026  memory: 19778  grad_norm: 39.7978  loss: 5.4898  loss_text: 0.9746  loss_center: 1.3171  loss_reg_x: 1.9013  loss_reg_y: 1.2969
2025/12/28 13:21:18 - mmengine - INFO - Epoch(train)  [17][720/947]  lr: 8.6913e-04  eta: 2 days, 6:24:34  time: 2.4971  data_time: 0.0025  memory: 19778  grad_norm: 37.8549  loss: 5.1417  loss_text: 0.9595  loss_center: 1.2943  loss_reg_x: 1.6541  loss_reg_y: 1.2338
2025/12/28 13:21:31 - mmengine - INFO - Epoch(train)  [17][725/947]  lr: 8.6913e-04  eta: 2 days, 6:24:24  time: 2.4209  data_time: 0.0025  memory: 19778  grad_norm: 41.9283  loss: 5.2779  loss_text: 0.9685  loss_center: 1.3407  loss_reg_x: 1.6719  loss_reg_y: 1.2967
2025/12/28 13:21:44 - mmengine - INFO - Epoch(train)  [17][730/947]  lr: 8.6913e-04  eta: 2 days, 6:24:51  time: 2.5733  data_time: 0.0026  memory: 19778  grad_norm: 46.7544  loss: 5.0605  loss_text: 0.9044  loss_center: 1.3089  loss_reg_x: 1.6333  loss_reg_y: 1.2138
2025/12/28 13:21:56 - mmengine - INFO - Epoch(train)  [17][735/947]  lr: 8.6913e-04  eta: 2 days, 6:24:30  time: 2.5501  data_time: 0.0025  memory: 19778  grad_norm: 42.0488  loss: 4.5620  loss_text: 0.8201  loss_center: 1.2422  loss_reg_x: 1.5086  loss_reg_y: 0.9911
2025/12/28 13:22:08 - mmengine - INFO - Epoch(train)  [17][740/947]  lr: 8.6913e-04  eta: 2 days, 6:23:55  time: 2.4188  data_time: 0.0025  memory: 19778  grad_norm: 43.6736  loss: 4.8033  loss_text: 0.9145  loss_center: 1.3497  loss_reg_x: 1.5686  loss_reg_y: 0.9705
2025/12/28 13:22:20 - mmengine - INFO - Epoch(train)  [17][745/947]  lr: 8.6913e-04  eta: 2 days, 6:23:35  time: 2.4218  data_time: 0.0025  memory: 19778  grad_norm: 47.2743  loss: 5.2447  loss_text: 1.0266  loss_center: 1.3897  loss_reg_x: 1.6497  loss_reg_y: 1.1786
2025/12/28 13:22:33 - mmengine - INFO - Epoch(train)  [17][750/947]  lr: 8.6913e-04  eta: 2 days, 6:23:13  time: 2.4483  data_time: 0.0023  memory: 19778  grad_norm: 46.6109  loss: 5.1734  loss_text: 0.9969  loss_center: 1.2904  loss_reg_x: 1.6558  loss_reg_y: 1.2303
2025/12/28 13:22:45 - mmengine - INFO - Epoch(train)  [17][755/947]  lr: 8.6913e-04  eta: 2 days, 6:22:48  time: 2.4358  data_time: 0.0024  memory: 19778  grad_norm: 46.8680  loss: 5.2139  loss_text: 0.9888  loss_center: 1.2954  loss_reg_x: 1.7157  loss_reg_y: 1.2140
2025/12/28 13:22:57 - mmengine - INFO - Epoch(train)  [17][760/947]  lr: 8.6913e-04  eta: 2 days, 6:22:18  time: 2.4194  data_time: 0.0025  memory: 19778  grad_norm: 45.9555  loss: 5.0118  loss_text: 0.9287  loss_center: 1.2425  loss_reg_x: 1.6360  loss_reg_y: 1.2047
2025/12/28 13:23:09 - mmengine - INFO - Epoch(train)  [17][765/947]  lr: 8.6913e-04  eta: 2 days, 6:21:38  time: 2.3878  data_time: 0.0024  memory: 19778  grad_norm: 45.3219  loss: 5.0521  loss_text: 0.9816  loss_center: 1.2577  loss_reg_x: 1.6294  loss_reg_y: 1.1834
2025/12/28 13:23:20 - mmengine - INFO - Epoch(train)  [17][770/947]  lr: 8.6913e-04  eta: 2 days, 6:20:59  time: 2.3652  data_time: 0.0023  memory: 19778  grad_norm: 40.0083  loss: 5.0929  loss_text: 1.0204  loss_center: 1.2672  loss_reg_x: 1.6808  loss_reg_y: 1.1245
2025/12/28 13:23:32 - mmengine - INFO - Epoch(train)  [17][775/947]  lr: 8.6913e-04  eta: 2 days, 6:20:20  time: 2.3675  data_time: 0.0028  memory: 19778  grad_norm: 35.5164  loss: 4.8786  loss_text: 0.9618  loss_center: 1.2325  loss_reg_x: 1.6126  loss_reg_y: 1.0718
2025/12/28 13:23:45 - mmengine - INFO - Epoch(train)  [17][780/947]  lr: 8.6913e-04  eta: 2 days, 6:20:27  time: 2.4688  data_time: 0.0028  memory: 19778  grad_norm: 42.9698  loss: 5.1014  loss_text: 0.9805  loss_center: 1.3234  loss_reg_x: 1.6646  loss_reg_y: 1.1330
2025/12/28 13:23:58 - mmengine - INFO - Epoch(train)  [17][785/947]  lr: 8.6913e-04  eta: 2 days, 6:20:19  time: 2.5350  data_time: 0.0023  memory: 19778  grad_norm: 47.6549  loss: 5.0721  loss_text: 0.9843  loss_center: 1.3173  loss_reg_x: 1.7298  loss_reg_y: 1.0407
2025/12/28 13:24:11 - mmengine - INFO - Epoch(train)  [17][790/947]  lr: 8.6913e-04  eta: 2 days, 6:20:51  time: 2.5918  data_time: 0.0025  memory: 19778  grad_norm: 45.4224  loss: 4.8225  loss_text: 0.9579  loss_center: 1.2504  loss_reg_x: 1.6011  loss_reg_y: 1.0131
2025/12/28 13:24:23 - mmengine - INFO - Epoch(train)  [17][795/947]  lr: 8.6913e-04  eta: 2 days, 6:20:30  time: 2.5630  data_time: 0.0031  memory: 19778  grad_norm: 46.5299  loss: 4.7485  loss_text: 0.9207  loss_center: 1.2278  loss_reg_x: 1.5095  loss_reg_y: 1.0905
2025/12/28 13:24:35 - mmengine - INFO - Epoch(train)  [17][800/947]  lr: 8.6913e-04  eta: 2 days, 6:20:07  time: 2.4413  data_time: 0.0029  memory: 19778  grad_norm: 45.1562  loss: 4.8766  loss_text: 0.9329  loss_center: 1.2028  loss_reg_x: 1.6090  loss_reg_y: 1.1318
2025/12/28 13:24:48 - mmengine - INFO - Epoch(train)  [17][805/947]  lr: 8.6913e-04  eta: 2 days, 6:20:22  time: 2.5223  data_time: 0.0024  memory: 19778  grad_norm: 40.6908  loss: 4.9414  loss_text: 0.8994  loss_center: 1.2444  loss_reg_x: 1.6468  loss_reg_y: 1.1508
2025/12/28 13:25:01 - mmengine - INFO - Epoch(train)  [17][810/947]  lr: 8.6913e-04  eta: 2 days, 6:20:21  time: 2.5710  data_time: 0.0023  memory: 19778  grad_norm: 38.4981  loss: 4.7709  loss_text: 0.9011  loss_center: 1.2733  loss_reg_x: 1.5481  loss_reg_y: 1.0484
2025/12/28 13:25:13 - mmengine - INFO - Epoch(train)  [17][815/947]  lr: 8.6913e-04  eta: 2 days, 6:19:45  time: 2.4573  data_time: 0.0023  memory: 19778  grad_norm: 40.9088  loss: 4.8653  loss_text: 0.9619  loss_center: 1.2649  loss_reg_x: 1.5818  loss_reg_y: 1.0567
2025/12/28 13:25:26 - mmengine - INFO - Epoch(train)  [17][820/947]  lr: 8.6913e-04  eta: 2 days, 6:19:51  time: 2.4726  data_time: 0.0024  memory: 19778  grad_norm: 42.4124  loss: 4.7725  loss_text: 0.9078  loss_center: 1.2125  loss_reg_x: 1.5667  loss_reg_y: 1.0854
2025/12/28 13:25:38 - mmengine - INFO - Epoch(train)  [17][825/947]  lr: 8.6913e-04  eta: 2 days, 6:19:35  time: 2.5156  data_time: 0.0023  memory: 19778  grad_norm: 39.2800  loss: 4.8407  loss_text: 0.9157  loss_center: 1.2503  loss_reg_x: 1.5762  loss_reg_y: 1.0985
2025/12/28 13:25:51 - mmengine - INFO - Epoch(train)  [17][830/947]  lr: 8.6913e-04  eta: 2 days, 6:19:47  time: 2.5309  data_time: 0.0023  memory: 19778  grad_norm: 41.0970  loss: 4.9773  loss_text: 0.9459  loss_center: 1.3166  loss_reg_x: 1.6005  loss_reg_y: 1.1143
2025/12/28 13:26:03 - mmengine - INFO - Epoch(train)  [17][835/947]  lr: 8.6913e-04  eta: 2 days, 6:19:18  time: 2.5031  data_time: 0.0024  memory: 19778  grad_norm: 44.0382  loss: 4.9126  loss_text: 0.9151  loss_center: 1.2837  loss_reg_x: 1.6436  loss_reg_y: 1.0701
2025/12/28 13:26:15 - mmengine - INFO - Epoch(train)  [17][840/947]  lr: 8.6913e-04  eta: 2 days, 6:18:48  time: 2.4074  data_time: 0.0025  memory: 19778  grad_norm: 47.7346  loss: 5.1719  loss_text: 0.9351  loss_center: 1.2680  loss_reg_x: 1.7708  loss_reg_y: 1.1980
2025/12/28 13:26:28 - mmengine - INFO - Epoch(train)  [17][845/947]  lr: 8.6913e-04  eta: 2 days, 6:18:44  time: 2.4630  data_time: 0.0024  memory: 19778  grad_norm: 51.4456  loss: 5.1080  loss_text: 1.0033  loss_center: 1.2227  loss_reg_x: 1.6190  loss_reg_y: 1.2630
2025/12/28 13:26:35 - mmengine - INFO - Exp name: fcenet_r50dcnv2_fpn_1500e_art_rctw_rects_finetune_20251228_121202
2025/12/28 13:26:40 - mmengine - INFO - Epoch(train)  [17][850/947]  lr: 8.6913e-04  eta: 2 days, 6:18:35  time: 2.5121  data_time: 0.0024  memory: 19778  grad_norm: 45.0246  loss: 5.1668  loss_text: 1.0232  loss_center: 1.2361  loss_reg_x: 1.6464  loss_reg_y: 1.2611
2025/12/28 13:26:53 - mmengine - INFO - Epoch(train)  [17][855/947]  lr: 8.6913e-04  eta: 2 days, 6:18:52  time: 2.5599  data_time: 0.0024  memory: 19778  grad_norm: 37.9985  loss: 5.2119  loss_text: 0.9616  loss_center: 1.2457  loss_reg_x: 1.7494  loss_reg_y: 1.2552
2025/12/28 13:27:06 - mmengine - INFO - Epoch(train)  [17][860/947]  lr: 8.6913e-04  eta: 2 days, 6:18:37  time: 2.5461  data_time: 0.0024  memory: 19778  grad_norm: 42.1429  loss: 4.9701  loss_text: 0.9225  loss_center: 1.2192  loss_reg_x: 1.6771  loss_reg_y: 1.1513
2025/12/28 13:27:18 - mmengine - INFO - Epoch(train)  [17][865/947]  lr: 8.6913e-04  eta: 2 days, 6:18:16  time: 2.4603  data_time: 0.0024  memory: 19778  grad_norm: 41.0551  loss: 4.7680  loss_text: 0.9030  loss_center: 1.2829  loss_reg_x: 1.5316  loss_reg_y: 1.0506
2025/12/28 13:27:30 - mmengine - INFO - Epoch(train)  [17][870/947]  lr: 8.6913e-04  eta: 2 days, 6:17:59  time: 2.4533  data_time: 0.0028  memory: 19778  grad_norm: 36.1095  loss: 4.9284  loss_text: 0.9150  loss_center: 1.3137  loss_reg_x: 1.4918  loss_reg_y: 1.2079
2025/12/28 13:27:42 - mmengine - INFO - Epoch(train)  [17][875/947]  lr: 8.6913e-04  eta: 2 days, 6:17:32  time: 2.4394  data_time: 0.0029  memory: 19778  grad_norm: 36.8347  loss: 5.0020  loss_text: 0.9371  loss_center: 1.2726  loss_reg_x: 1.6053  loss_reg_y: 1.1870
2025/12/28 13:27:55 - mmengine - INFO - Epoch(train)  [17][880/947]  lr: 8.6913e-04  eta: 2 days, 6:17:23  time: 2.4595  data_time: 0.0025  memory: 19778  grad_norm: 37.4822  loss: 4.8698  loss_text: 1.0062  loss_center: 1.2811  loss_reg_x: 1.5397  loss_reg_y: 1.0428
2025/12/28 13:28:06 - mmengine - INFO - Epoch(train)  [17][885/947]  lr: 8.6913e-04  eta: 2 days, 6:16:12  time: 2.3561  data_time: 0.0024  memory: 19778  grad_norm: 37.7639  loss: 4.6489  loss_text: 0.9611  loss_center: 1.2465  loss_reg_x: 1.4240  loss_reg_y: 1.0173
2025/12/28 13:28:18 - mmengine - INFO - Epoch(train)  [17][890/947]  lr: 8.6913e-04  eta: 2 days, 6:15:53  time: 2.3307  data_time: 0.0022  memory: 19778  grad_norm: 39.2881  loss: 4.7672  loss_text: 0.9251  loss_center: 1.3028  loss_reg_x: 1.4741  loss_reg_y: 1.0652
2025/12/28 13:28:30 - mmengine - INFO - Epoch(train)  [17][895/947]  lr: 8.6913e-04  eta: 2 days, 6:15:19  time: 2.4184  data_time: 0.0023  memory: 19778  grad_norm: 40.6861  loss: 4.9822  loss_text: 0.9480  loss_center: 1.3548  loss_reg_x: 1.5436  loss_reg_y: 1.1358
2025/12/28 13:28:42 - mmengine - INFO - Epoch(train)  [17][900/947]  lr: 8.6913e-04  eta: 2 days, 6:14:31  time: 2.3504  data_time: 0.0027  memory: 19778  grad_norm: 38.3226  loss: 4.8005  loss_text: 0.9109  loss_center: 1.2287  loss_reg_x: 1.5365  loss_reg_y: 1.1244
2025/12/28 13:28:54 - mmengine - INFO - Epoch(train)  [17][905/947]  lr: 8.6913e-04  eta: 2 days, 6:14:10  time: 2.3785  data_time: 0.0025  memory: 19778  grad_norm: 41.9702  loss: 4.8850  loss_text: 0.9562  loss_center: 1.2035  loss_reg_x: 1.5846  loss_reg_y: 1.1408
2025/12/28 13:29:06 - mmengine - INFO - Epoch(train)  [17][910/947]  lr: 8.6913e-04  eta: 2 days, 6:13:29  time: 2.3948  data_time: 0.0023  memory: 19778  grad_norm: 47.3409  loss: 4.9416  loss_text: 0.9680  loss_center: 1.2460  loss_reg_x: 1.6329  loss_reg_y: 1.0948
2025/12/28 13:29:17 - mmengine - INFO - Epoch(train)  [17][915/947]  lr: 8.6913e-04  eta: 2 days, 6:12:43  time: 2.3355  data_time: 0.0024  memory: 19778  grad_norm: 44.3053  loss: 4.9473  loss_text: 0.9752  loss_center: 1.2482  loss_reg_x: 1.6668  loss_reg_y: 1.0571
2025/12/28 13:29:29 - mmengine - INFO - Epoch(train)  [17][920/947]  lr: 8.6913e-04  eta: 2 days, 6:12:15  time: 2.3661  data_time: 0.0023  memory: 19778  grad_norm: 47.4473  loss: 5.2483  loss_text: 0.9774  loss_center: 1.2772  loss_reg_x: 1.8880  loss_reg_y: 1.1057
2025/12/28 13:29:42 - mmengine - INFO - Epoch(train)  [17][925/947]  lr: 8.6913e-04  eta: 2 days, 6:12:11  time: 2.4644  data_time: 0.0022  memory: 19778  grad_norm: 50.6219  loss: 5.2988  loss_text: 0.9724  loss_center: 1.2823  loss_reg_x: 1.9496  loss_reg_y: 1.0945
2025/12/28 13:29:54 - mmengine - INFO - Epoch(train)  [17][930/947]  lr: 8.6913e-04  eta: 2 days, 6:11:23  time: 2.4170  data_time: 0.0022  memory: 19778  grad_norm: 51.5365  loss: 5.2960  loss_text: 1.0102  loss_center: 1.2709  loss_reg_x: 1.8778  loss_reg_y: 1.1372
2025/12/28 13:30:06 - mmengine - INFO - Epoch(train)  [17][935/947]  lr: 8.6913e-04  eta: 2 days, 6:10:57  time: 2.3654  data_time: 0.0024  memory: 19778  grad_norm: 47.7080  loss: 5.0103  loss_text: 0.9571  loss_center: 1.2596  loss_reg_x: 1.6373  loss_reg_y: 1.1562
2025/12/28 13:30:18 - mmengine - INFO - Epoch(train)  [17][940/947]  lr: 8.6913e-04  eta: 2 days, 6:10:32  time: 2.4175  data_time: 0.0023  memory: 19778  grad_norm: 42.0222  loss: 4.7651  loss_text: 0.9242  loss_center: 1.2437  loss_reg_x: 1.5312  loss_reg_y: 1.0660
2025/12/28 13:30:30 - mmengine - INFO - Epoch(train)  [17][945/947]  lr: 8.6913e-04  eta: 2 days, 6:10:05  time: 2.4155  data_time: 0.0020  memory: 19778  grad_norm: 44.0644  loss: 5.0216  loss_text: 0.9338  loss_center: 1.2873  loss_reg_x: 1.7097  loss_reg_y: 1.0909
2025/12/28 13:30:32 - mmengine - INFO - Exp name: fcenet_r50dcnv2_fpn_1500e_art_rctw_rects_finetune_20251228_121202
2025/12/28 13:30:48 - mmengine - INFO - Epoch(train)  [18][  5/947]  lr: 8.5970e-04  eta: 2 days, 6:10:12  time: 2.5187  data_time: 0.3123  memory: 19781  grad_norm: 44.4112  loss: 4.2947  loss_text: 0.7933  loss_center: 1.1377  loss_reg_x: 1.3078  loss_reg_y: 1.0559
2025/12/28 13:31:00 - mmengine - INFO - Epoch(train)  [18][ 10/947]  lr: 8.5970e-04  eta: 2 days, 6:09:45  time: 2.7497  data_time: 0.3125  memory: 19779  grad_norm: 40.0598  loss: 4.8238  loss_text: 0.8898  loss_center: 1.2586  loss_reg_x: 1.5303  loss_reg_y: 1.1451
2025/12/28 13:31:12 - mmengine - INFO - Epoch(train)  [18][ 15/947]  lr: 8.5970e-04  eta: 2 days, 6:09:10  time: 2.3906  data_time: 0.0024  memory: 19779  grad_norm: 43.4691  loss: 5.1396  loss_text: 0.9063  loss_center: 1.2980  loss_reg_x: 1.7520  loss_reg_y: 1.1833
2025/12/28 13:31:24 - mmengine - INFO - Epoch(train)  [18][ 20/947]  lr: 8.5970e-04  eta: 2 days, 6:08:49  time: 2.4050  data_time: 0.0024  memory: 19779  grad_norm: 42.5130  loss: 4.8406  loss_text: 0.8693  loss_center: 1.2411  loss_reg_x: 1.6279  loss_reg_y: 1.1022
2025/12/28 13:31:36 - mmengine - INFO - Epoch(train)  [18][ 25/947]  lr: 8.5970e-04  eta: 2 days, 6:08:43  time: 2.4764  data_time: 0.0023  memory: 19779  grad_norm: 40.8360  loss: 4.7912  loss_text: 0.8852  loss_center: 1.2727  loss_reg_x: 1.5469  loss_reg_y: 1.0864
2025/12/28 13:31:49 - mmengine - INFO - Epoch(train)  [18][ 30/947]  lr: 8.5970e-04  eta: 2 days, 6:08:28  time: 2.4892  data_time: 0.0023  memory: 19779  grad_norm: 42.6562  loss: 4.6412  loss_text: 0.8964  loss_center: 1.1822  loss_reg_x: 1.4824  loss_reg_y: 1.0802
2025/12/28 13:32:01 - mmengine - INFO - Epoch(train)  [18][ 35/947]  lr: 8.5970e-04  eta: 2 days, 6:07:56  time: 2.4261  data_time: 0.0023  memory: 19779  grad_norm: 45.0772  loss: 4.9774  loss_text: 0.9456  loss_center: 1.2107  loss_reg_x: 1.6234  loss_reg_y: 1.1977
2025/12/28 13:32:13 - mmengine - INFO - Epoch(train)  [18][ 40/947]  lr: 8.5970e-04  eta: 2 days, 6:07:49  time: 2.4457  data_time: 0.0022  memory: 19779  grad_norm: 44.0762  loss: 5.2011  loss_text: 0.9672  loss_center: 1.2910  loss_reg_x: 1.7212  loss_reg_y: 1.2217
2025/12/28 13:32:26 - mmengine - INFO - Epoch(train)  [18][ 45/947]  lr: 8.5970e-04  eta: 2 days, 6:07:40  time: 2.5024  data_time: 0.0022  memory: 19779  grad_norm: 44.2205  loss: 4.8702  loss_text: 0.9486  loss_center: 1.2669  loss_reg_x: 1.5410  loss_reg_y: 1.1136
2025/12/28 13:32:38 - mmengine - INFO - Epoch(train)  [18][ 50/947]  lr: 8.5970e-04  eta: 2 days, 6:07:37  time: 2.5113  data_time: 0.0023  memory: 19779  grad_norm: 45.8681  loss: 5.0140  loss_text: 0.9754  loss_center: 1.3083  loss_reg_x: 1.6234  loss_reg_y: 1.1070
2025/12/28 13:32:51 - mmengine - INFO - Epoch(train)  [18][ 55/947]  lr: 8.5970e-04  eta: 2 days, 6:07:18  time: 2.4861  data_time: 0.0024  memory: 19779  grad_norm: 43.9796  loss: 5.0275  loss_text: 0.9506  loss_center: 1.3189  loss_reg_x: 1.6072  loss_reg_y: 1.1508
2025/12/28 13:33:03 - mmengine - INFO - Epoch(train)  [18][ 60/947]  lr: 8.5970e-04  eta: 2 days, 6:07:17  time: 2.4938  data_time: 0.0028  memory: 19779  grad_norm: 45.2023  loss: 5.2284  loss_text: 0.9316  loss_center: 1.3106  loss_reg_x: 1.6784  loss_reg_y: 1.3077
2025/12/28 13:33:16 - mmengine - INFO - Epoch(train)  [18][ 65/947]  lr: 8.5970e-04  eta: 2 days, 6:07:01  time: 2.5017  data_time: 0.0027  memory: 19779  grad_norm: 49.2983  loss: 5.3201  loss_text: 0.9612  loss_center: 1.2334  loss_reg_x: 1.8665  loss_reg_y: 1.2591
2025/12/28 13:33:29 - mmengine - INFO - Epoch(train)  [18][ 70/947]  lr: 8.5970e-04  eta: 2 days, 6:07:15  time: 2.5382  data_time: 0.0023  memory: 19779  grad_norm: 50.1172  loss: 5.1268  loss_text: 0.9600  loss_center: 1.2152  loss_reg_x: 1.8047  loss_reg_y: 1.1470
2025/12/28 13:33:41 - mmengine - INFO - Epoch(train)  [18][ 75/947]  lr: 8.5970e-04  eta: 2 days, 6:06:56  time: 2.5295  data_time: 0.0023  memory: 19779  grad_norm: 42.8476  loss: 5.1070  loss_text: 0.9418  loss_center: 1.2524  loss_reg_x: 1.7224  loss_reg_y: 1.1904
2025/12/28 13:33:54 - mmengine - INFO - Epoch(train)  [18][ 80/947]  lr: 8.5970e-04  eta: 2 days, 6:07:01  time: 2.5081  data_time: 0.0023  memory: 19779  grad_norm: 37.3641  loss: 4.9466  loss_text: 0.9357  loss_center: 1.2596  loss_reg_x: 1.5513  loss_reg_y: 1.2000
2025/12/28 13:34:06 - mmengine - INFO - Epoch(train)  [18][ 85/947]  lr: 8.5970e-04  eta: 2 days, 6:07:02  time: 2.5587  data_time: 0.0023  memory: 19779  grad_norm: 39.3977  loss: 4.7375  loss_text: 0.9287  loss_center: 1.2344  loss_reg_x: 1.4577  loss_reg_y: 1.1167
2025/12/28 13:34:19 - mmengine - INFO - Epoch(train)  [18][ 90/947]  lr: 8.5970e-04  eta: 2 days, 6:06:53  time: 2.5222  data_time: 0.0023  memory: 19779  grad_norm: 40.6257  loss: 4.8734  loss_text: 0.9375  loss_center: 1.2251  loss_reg_x: 1.5901  loss_reg_y: 1.1208
2025/12/28 13:34:32 - mmengine - INFO - Epoch(train)  [18][ 95/947]  lr: 8.5970e-04  eta: 2 days, 6:07:01  time: 2.5412  data_time: 0.0024  memory: 19779  grad_norm: 40.5864  loss: 4.7987  loss_text: 0.9260  loss_center: 1.2335  loss_reg_x: 1.5498  loss_reg_y: 1.0894
2025/12/28 13:34:44 - mmengine - INFO - Epoch(train)  [18][100/947]  lr: 8.5970e-04  eta: 2 days, 6:06:35  time: 2.5001  data_time: 0.0025  memory: 19779  grad_norm: 42.0619  loss: 4.6196  loss_text: 0.9047  loss_center: 1.2285  loss_reg_x: 1.4317  loss_reg_y: 1.0548
2025/12/28 13:34:56 - mmengine - INFO - Epoch(train)  [18][105/947]  lr: 8.5970e-04  eta: 2 days, 6:06:13  time: 2.4236  data_time: 0.0024  memory: 19779  grad_norm: 43.4325  loss: 4.6355  loss_text: 0.8762  loss_center: 1.2319  loss_reg_x: 1.4365  loss_reg_y: 1.0909
2025/12/28 13:35:08 - mmengine - INFO - Epoch(train)  [18][110/947]  lr: 8.5970e-04  eta: 2 days, 6:05:39  time: 2.4013  data_time: 0.0021  memory: 19779  grad_norm: 44.0985  loss: 4.7362  loss_text: 0.8795  loss_center: 1.2258  loss_reg_x: 1.5214  loss_reg_y: 1.1095
2025/12/28 13:35:20 - mmengine - INFO - Epoch(train)  [18][115/947]  lr: 8.5970e-04  eta: 2 days, 6:04:57  time: 2.3504  data_time: 0.0021  memory: 19779  grad_norm: 44.3256  loss: 5.2532  loss_text: 0.9856  loss_center: 1.2787  loss_reg_x: 1.7550  loss_reg_y: 1.2339
2025/12/28 13:35:32 - mmengine - INFO - Epoch(train)  [18][120/947]  lr: 8.5970e-04  eta: 2 days, 6:04:29  time: 2.3637  data_time: 0.0021  memory: 19779  grad_norm: 42.8567  loss: 5.2282  loss_text: 0.9917  loss_center: 1.2752  loss_reg_x: 1.7543  loss_reg_y: 1.2070
2025/12/28 13:35:44 - mmengine - INFO - Epoch(train)  [18][125/947]  lr: 8.5970e-04  eta: 2 days, 6:04:22  time: 2.4539  data_time: 0.0023  memory: 19779  grad_norm: 40.7211  loss: 4.8047  loss_text: 0.9213  loss_center: 1.2325  loss_reg_x: 1.5946  loss_reg_y: 1.0563
2025/12/28 13:35:56 - mmengine - INFO - Epoch(train)  [18][130/947]  lr: 8.5970e-04  eta: 2 days, 6:03:40  time: 2.4191  data_time: 0.0024  memory: 19779  grad_norm: 38.4773  loss: 4.8168  loss_text: 0.9246  loss_center: 1.2710  loss_reg_x: 1.5601  loss_reg_y: 1.0610
2025/12/28 13:36:08 - mmengine - INFO - Epoch(train)  [18][135/947]  lr: 8.5970e-04  eta: 2 days, 6:03:23  time: 2.3908  data_time: 0.0023  memory: 19779  grad_norm: 40.3580  loss: 4.9038  loss_text: 0.9490  loss_center: 1.2728  loss_reg_x: 1.6033  loss_reg_y: 1.0787
2025/12/28 13:36:21 - mmengine - INFO - Epoch(train)  [18][140/947]  lr: 8.5970e-04  eta: 2 days, 6:03:23  time: 2.5010  data_time: 0.0022  memory: 19779  grad_norm: 42.6420  loss: 4.8728  loss_text: 0.9487  loss_center: 1.2593  loss_reg_x: 1.5630  loss_reg_y: 1.1018
2025/12/28 13:36:33 - mmengine - INFO - Epoch(train)  [18][145/947]  lr: 8.5970e-04  eta: 2 days, 6:03:21  time: 2.5413  data_time: 0.0022  memory: 19779  grad_norm: 37.7206  loss: 4.6742  loss_text: 0.9023  loss_center: 1.2432  loss_reg_x: 1.4425  loss_reg_y: 1.0862
2025/12/28 13:36:45 - mmengine - INFO - Epoch(train)  [18][150/947]  lr: 8.5970e-04  eta: 2 days, 6:02:56  time: 2.4733  data_time: 0.0024  memory: 19779  grad_norm: 40.9387  loss: 4.9579  loss_text: 0.9330  loss_center: 1.2682  loss_reg_x: 1.6349  loss_reg_y: 1.1218
2025/12/28 13:36:58 - mmengine - INFO - Epoch(train)  [18][155/947]  lr: 8.5970e-04  eta: 2 days, 6:02:32  time: 2.4160  data_time: 0.0027  memory: 19779  grad_norm: 43.5479  loss: 5.0400  loss_text: 0.9395  loss_center: 1.3157  loss_reg_x: 1.6784  loss_reg_y: 1.1063
2025/12/28 13:37:10 - mmengine - INFO - Epoch(train)  [18][160/947]  lr: 8.5970e-04  eta: 2 days, 6:02:29  time: 2.4750  data_time: 0.0025  memory: 19779  grad_norm: 38.1889  loss: 4.6110  loss_text: 0.9101  loss_center: 1.2797  loss_reg_x: 1.4366  loss_reg_y: 0.9845
2025/12/28 13:37:23 - mmengine - INFO - Epoch(train)  [18][165/947]  lr: 8.5970e-04  eta: 2 days, 6:02:16  time: 2.5032  data_time: 0.0023  memory: 19779  grad_norm: 42.2946  loss: 4.6844  loss_text: 0.9455  loss_center: 1.2482  loss_reg_x: 1.4150  loss_reg_y: 1.0756
2025/12/28 13:37:35 - mmengine - INFO - Epoch(train)  [18][170/947]  lr: 8.5970e-04  eta: 2 days, 6:02:14  time: 2.5070  data_time: 0.0024  memory: 19779  grad_norm: 42.1719  loss: 4.9885  loss_text: 0.9717  loss_center: 1.2613  loss_reg_x: 1.5461  loss_reg_y: 1.2093
2025/12/28 13:37:48 - mmengine - INFO - Epoch(train)  [18][175/947]  lr: 8.5970e-04  eta: 2 days, 6:02:16  time: 2.5452  data_time: 0.0024  memory: 19779  grad_norm: 38.3320  loss: 5.0684  loss_text: 0.9958  loss_center: 1.2527  loss_reg_x: 1.6379  loss_reg_y: 1.1820
2025/12/28 13:38:00 - mmengine - INFO - Epoch(train)  [18][180/947]  lr: 8.5970e-04  eta: 2 days, 6:02:00  time: 2.5090  data_time: 0.0023  memory: 19779  grad_norm: 43.4287  loss: 5.1621  loss_text: 1.0300  loss_center: 1.2557  loss_reg_x: 1.7309  loss_reg_y: 1.1456
2025/12/28 13:38:13 - mmengine - INFO - Epoch(train)  [18][185/947]  lr: 8.5970e-04  eta: 2 days, 6:01:48  time: 2.4734  data_time: 0.0023  memory: 19779  grad_norm: 41.6201  loss: 4.7507  loss_text: 0.9693  loss_center: 1.2361  loss_reg_x: 1.5546  loss_reg_y: 0.9907
2025/12/28 13:38:25 - mmengine - INFO - Epoch(train)  [18][190/947]  lr: 8.5970e-04  eta: 2 days, 6:01:38  time: 2.4863  data_time: 0.0023  memory: 19779  grad_norm: 40.0531  loss: 4.5557  loss_text: 0.9297  loss_center: 1.2233  loss_reg_x: 1.3951  loss_reg_y: 1.0076
2025/12/28 13:38:39 - mmengine - INFO - Epoch(train)  [18][195/947]  lr: 8.5970e-04  eta: 2 days, 6:01:59  time: 2.5752  data_time: 0.0024  memory: 19779  grad_norm: 41.7037  loss: 4.9265  loss_text: 0.9253  loss_center: 1.2693  loss_reg_x: 1.5415  loss_reg_y: 1.1904
2025/12/28 13:38:51 - mmengine - INFO - Epoch(train)  [18][200/947]  lr: 8.5970e-04  eta: 2 days, 6:01:53  time: 2.5866  data_time: 0.0025  memory: 19779  grad_norm: 38.4583  loss: 4.9691  loss_text: 0.9222  loss_center: 1.3230  loss_reg_x: 1.5700  loss_reg_y: 1.1539
2025/12/28 13:39:03 - mmengine - INFO - Epoch(train)  [18][205/947]  lr: 8.5970e-04  eta: 2 days, 6:01:35  time: 2.4829  data_time: 0.0023  memory: 19779  grad_norm: 40.0573  loss: 4.7991  loss_text: 0.9196  loss_center: 1.2832  loss_reg_x: 1.5118  loss_reg_y: 1.0846
2025/12/28 13:39:16 - mmengine - INFO - Epoch(train)  [18][210/947]  lr: 8.5970e-04  eta: 2 days, 6:01:31  time: 2.4890  data_time: 0.0022  memory: 19779  grad_norm: 44.6484  loss: 5.2652  loss_text: 0.9857  loss_center: 1.3059  loss_reg_x: 1.7652  loss_reg_y: 1.2083
2025/12/28 13:39:28 - mmengine - INFO - Epoch(train)  [18][215/947]  lr: 8.5970e-04  eta: 2 days, 6:00:57  time: 2.4451  data_time: 0.0024  memory: 19779  grad_norm: 47.8420  loss: 5.6451  loss_text: 1.0459  loss_center: 1.3268  loss_reg_x: 1.9464  loss_reg_y: 1.3259
2025/12/28 13:39:40 - mmengine - INFO - Epoch(train)  [18][220/947]  lr: 8.5970e-04  eta: 2 days, 6:00:35  time: 2.3963  data_time: 0.0024  memory: 19779  grad_norm: 45.4640  loss: 5.4438  loss_text: 1.0040  loss_center: 1.3227  loss_reg_x: 1.8588  loss_reg_y: 1.2583
2025/12/28 13:39:53 - mmengine - INFO - Epoch(train)  [18][225/947]  lr: 8.5970e-04  eta: 2 days, 6:00:50  time: 2.5283  data_time: 0.0023  memory: 19779  grad_norm: 45.6105  loss: 5.0785  loss_text: 0.9391  loss_center: 1.3051  loss_reg_x: 1.6767  loss_reg_y: 1.1575
2025/12/28 13:40:05 - mmengine - INFO - Epoch(train)  [18][230/947]  lr: 8.5970e-04  eta: 2 days, 6:00:30  time: 2.5358  data_time: 0.0023  memory: 19779  grad_norm: 42.5646  loss: 4.7194  loss_text: 0.8866  loss_center: 1.2273  loss_reg_x: 1.5061  loss_reg_y: 1.0993
2025/12/28 13:40:17 - mmengine - INFO - Epoch(train)  [18][235/947]  lr: 8.5970e-04  eta: 2 days, 6:00:07  time: 2.4315  data_time: 0.0024  memory: 19779  grad_norm: 41.6965  loss: 5.1632  loss_text: 0.9689  loss_center: 1.2702  loss_reg_x: 1.7055  loss_reg_y: 1.2186
2025/12/28 13:40:30 - mmengine - INFO - Epoch(train)  [18][240/947]  lr: 8.5970e-04  eta: 2 days, 6:00:03  time: 2.4757  data_time: 0.0024  memory: 19779  grad_norm: 42.9536  loss: 5.1270  loss_text: 0.9718  loss_center: 1.2575  loss_reg_x: 1.6883  loss_reg_y: 1.2094
2025/12/28 13:40:42 - mmengine - INFO - Epoch(train)  [18][245/947]  lr: 8.5970e-04  eta: 2 days, 5:59:38  time: 2.4708  data_time: 0.0023  memory: 19779  grad_norm: 44.6243  loss: 5.1373  loss_text: 0.9684  loss_center: 1.2693  loss_reg_x: 1.6399  loss_reg_y: 1.2596
2025/12/28 13:40:55 - mmengine - INFO - Epoch(train)  [18][250/947]  lr: 8.5970e-04  eta: 2 days, 5:59:49  time: 2.5081  data_time: 0.0023  memory: 19779  grad_norm: 41.8900  loss: 5.1348  loss_text: 0.9724  loss_center: 1.2647  loss_reg_x: 1.6719  loss_reg_y: 1.2258
2025/12/28 13:41:08 - mmengine - INFO - Epoch(train)  [18][255/947]  lr: 8.5970e-04  eta: 2 days, 5:59:51  time: 2.5844  data_time: 0.0028  memory: 19779  grad_norm: 38.1521  loss: 4.9517  loss_text: 0.9278  loss_center: 1.2415  loss_reg_x: 1.6651  loss_reg_y: 1.1173
2025/12/28 13:41:20 - mmengine - INFO - Epoch(train)  [18][260/947]  lr: 8.5970e-04  eta: 2 days, 5:59:17  time: 2.4622  data_time: 0.0029  memory: 19779  grad_norm: 45.2418  loss: 5.2832  loss_text: 0.9494  loss_center: 1.2866  loss_reg_x: 1.8242  loss_reg_y: 1.2230
2025/12/28 13:41:32 - mmengine - INFO - Epoch(train)  [18][265/947]  lr: 8.5970e-04  eta: 2 days, 5:58:39  time: 2.3502  data_time: 0.0023  memory: 19779  grad_norm: 48.1202  loss: 5.2570  loss_text: 0.9899  loss_center: 1.2602  loss_reg_x: 1.8197  loss_reg_y: 1.1872
2025/12/28 13:41:44 - mmengine - INFO - Epoch(train)  [18][270/947]  lr: 8.5970e-04  eta: 2 days, 5:58:18  time: 2.3861  data_time: 0.0022  memory: 19779  grad_norm: 44.5210  loss: 4.7942  loss_text: 0.9477  loss_center: 1.2057  loss_reg_x: 1.5934  loss_reg_y: 1.0474
2025/12/28 13:41:56 - mmengine - INFO - Epoch(train)  [18][275/947]  lr: 8.5970e-04  eta: 2 days, 5:58:07  time: 2.4616  data_time: 0.0022  memory: 19779  grad_norm: 41.7908  loss: 4.7280  loss_text: 0.9096  loss_center: 1.2223  loss_reg_x: 1.5569  loss_reg_y: 1.0392
2025/12/28 13:42:08 - mmengine - INFO - Epoch(train)  [18][280/947]  lr: 8.5970e-04  eta: 2 days, 5:57:50  time: 2.4715  data_time: 0.0022  memory: 19779  grad_norm: 46.0581  loss: 4.9651  loss_text: 0.9233  loss_center: 1.2694  loss_reg_x: 1.6419  loss_reg_y: 1.1306
2025/12/28 13:42:21 - mmengine - INFO - Epoch(train)  [18][285/947]  lr: 8.5970e-04  eta: 2 days, 5:57:55  time: 2.5148  data_time: 0.0023  memory: 19779  grad_norm: 44.0570  loss: 4.8773  loss_text: 0.9380  loss_center: 1.2802  loss_reg_x: 1.5865  loss_reg_y: 1.0726
2025/12/28 13:42:33 - mmengine - INFO - Epoch(train)  [18][290/947]  lr: 8.5970e-04  eta: 2 days, 5:57:31  time: 2.4960  data_time: 0.0023  memory: 19779  grad_norm: 37.9006  loss: 5.0013  loss_text: 0.9591  loss_center: 1.2804  loss_reg_x: 1.6005  loss_reg_y: 1.1614
2025/12/28 13:42:46 - mmengine - INFO - Epoch(train)  [18][295/947]  lr: 8.5970e-04  eta: 2 days, 5:57:13  time: 2.4347  data_time: 0.0023  memory: 19779  grad_norm: 42.7006  loss: 5.1234  loss_text: 0.9733  loss_center: 1.2679  loss_reg_x: 1.6688  loss_reg_y: 1.2134
2025/12/28 13:42:59 - mmengine - INFO - Epoch(train)  [18][300/947]  lr: 8.5970e-04  eta: 2 days, 5:57:30  time: 2.5473  data_time: 0.0025  memory: 19779  grad_norm: 43.2211  loss: 4.9433  loss_text: 0.9157  loss_center: 1.3034  loss_reg_x: 1.6121  loss_reg_y: 1.1121
2025/12/28 13:43:11 - mmengine - INFO - Epoch(train)  [18][305/947]  lr: 8.5970e-04  eta: 2 days, 5:57:18  time: 2.5625  data_time: 0.0025  memory: 19779  grad_norm: 40.2593  loss: 4.8730  loss_text: 0.8619  loss_center: 1.2936  loss_reg_x: 1.5703  loss_reg_y: 1.1473
2025/12/28 13:43:23 - mmengine - INFO - Epoch(train)  [18][310/947]  lr: 8.5970e-04  eta: 2 days, 5:56:56  time: 2.4570  data_time: 0.0023  memory: 19779  grad_norm: 41.5952  loss: 4.8985  loss_text: 0.9043  loss_center: 1.2439  loss_reg_x: 1.5424  loss_reg_y: 1.2079
2025/12/28 13:43:36 - mmengine - INFO - Epoch(train)  [18][315/947]  lr: 8.5970e-04  eta: 2 days, 5:56:37  time: 2.4362  data_time: 0.0024  memory: 19779  grad_norm: 47.3208  loss: 5.0662  loss_text: 0.9700  loss_center: 1.2901  loss_reg_x: 1.6134  loss_reg_y: 1.1927
2025/12/28 13:43:48 - mmengine - INFO - Epoch(train)  [18][320/947]  lr: 8.5970e-04  eta: 2 days, 5:56:13  time: 2.4293  data_time: 0.0024  memory: 19779  grad_norm: 49.5540  loss: 4.9314  loss_text: 0.9830  loss_center: 1.3005  loss_reg_x: 1.5925  loss_reg_y: 1.0554
2025/12/28 13:44:00 - mmengine - INFO - Epoch(train)  [18][325/947]  lr: 8.5970e-04  eta: 2 days, 5:55:47  time: 2.4077  data_time: 0.0023  memory: 19779  grad_norm: 47.0967  loss: 4.7354  loss_text: 0.9369  loss_center: 1.2506  loss_reg_x: 1.4920  loss_reg_y: 1.0559
2025/12/28 13:44:13 - mmengine - INFO - Epoch(train)  [18][330/947]  lr: 8.5970e-04  eta: 2 days, 5:55:50  time: 2.4855  data_time: 0.0023  memory: 19779  grad_norm: 43.3283  loss: 4.6980  loss_text: 0.8750  loss_center: 1.2015  loss_reg_x: 1.4906  loss_reg_y: 1.1309
2025/12/28 13:44:25 - mmengine - INFO - Epoch(train)  [18][335/947]  lr: 8.5970e-04  eta: 2 days, 5:55:38  time: 2.5266  data_time: 0.0025  memory: 19779  grad_norm: 47.2844  loss: 4.9738  loss_text: 0.9610  loss_center: 1.2087  loss_reg_x: 1.5698  loss_reg_y: 1.2343
2025/12/28 13:44:37 - mmengine - INFO - Epoch(train)  [18][340/947]  lr: 8.5970e-04  eta: 2 days, 5:55:06  time: 2.4254  data_time: 0.0025  memory: 19779  grad_norm: 51.8613  loss: 5.1917  loss_text: 1.0514  loss_center: 1.2395  loss_reg_x: 1.6850  loss_reg_y: 1.2158
