{"lr": 0.007, "data_time": 0.20008578300476074, "loss": 15.88326473236084, "loss_prob": 12.410830879211426, "loss_thr": 2.496787977218628, "loss_db": 0.9756462097167968, "time": 0.9462895870208741, "epoch": 1, "iter": 5, "memory": 2377, "step": 5}
{"lr": 0.007, "data_time": 0.11004822254180908, "loss": 11.84961395263672, "loss_prob": 8.857091903686523, "loss_thr": 2.0173510313034058, "loss_db": 0.9751711070537568, "time": 0.6657634496688842, "epoch": 1, "iter": 10, "memory": 2377, "step": 10}
{"lr": 0.007, "data_time": 0.021732425689697264, "loss": 6.5706400871276855, "loss_prob": 4.2125403642654415, "loss_thr": 1.3786663174629212, "loss_db": 0.9794333457946778, "time": 0.4147288084030151, "epoch": 1, "iter": 15, "memory": 2377, "step": 15}
{"lr": 0.007, "data_time": 0.019971847534179688, "loss": 5.210458755493164, "loss_prob": 3.022958993911743, "loss_thr": 1.1961361527442933, "loss_db": 0.9913636207580566, "time": 0.44238996505737305, "epoch": 1, "iter": 20, "memory": 2377, "step": 20}
{"lr": 0.007, "data_time": 0.017518162727355957, "loss": 5.069962501525879, "loss_prob": 2.9116955995559692, "loss_thr": 1.1589919090270997, "loss_db": 0.999275004863739, "time": 0.4205592632293701, "epoch": 1, "iter": 25, "memory": 2377, "step": 25}
{"lr": 0.007, "data_time": 0.01867823600769043, "loss": 5.049879026412964, "loss_prob": 2.903140902519226, "loss_thr": 1.1467520952224732, "loss_db": 0.9999861299991608, "time": 0.42797298431396485, "epoch": 1, "iter": 30, "memory": 2377, "step": 30}
{"lr": 0.007, "data_time": 0.01866919994354248, "loss": 5.027576351165772, "loss_prob": 2.8856117963790893, "loss_thr": 1.1419788122177124, "loss_db": 0.9999858140945435, "time": 0.456132173538208, "epoch": 1, "iter": 35, "memory": 2377, "step": 35}
{"lr": 0.007, "data_time": 0.018425822257995605, "loss": 5.002359771728516, "loss_prob": 2.858726716041565, "loss_thr": 1.1436399579048158, "loss_db": 0.9999931037425995, "time": 0.4217876195907593, "epoch": 1, "iter": 40, "memory": 2377, "step": 40}
{"lr": 0.007, "data_time": 0.017590975761413573, "loss": 4.990949296951294, "loss_prob": 2.8460028648376463, "loss_thr": 1.1449565410614013, "loss_db": 0.9999900162220001, "time": 0.41257736682891843, "epoch": 1, "iter": 45, "memory": 2377, "step": 45}
{"lr": 0.007, "data_time": 0.018711066246032713, "loss": 4.9764659881591795, "loss_prob": 2.8346019744873048, "loss_thr": 1.1418857455253602, "loss_db": 0.99997838139534, "time": 0.42178337574005126, "epoch": 1, "iter": 50, "memory": 2377, "step": 50}
{"lr": 0.007, "data_time": 0.022953081130981445, "loss": 4.972056102752686, "loss_prob": 2.8299798488616945, "loss_thr": 1.142137312889099, "loss_db": 0.9999388694763184, "time": 0.40511157512664797, "epoch": 1, "iter": 55, "memory": 2377, "step": 55}
{"lr": 0.007, "data_time": 0.02237277030944824, "loss": 4.962598276138306, "loss_prob": 2.8254331588745116, "loss_thr": 1.1372713446617126, "loss_db": 0.9998937010765075, "time": 0.41132078170776365, "epoch": 1, "iter": 60, "memory": 2377, "step": 60}
{"lr": 0.007, "data_time": 0.01993377208709717, "loss": 4.963187742233276, "loss_prob": 2.8214060783386232, "loss_thr": 1.1457937717437745, "loss_db": 0.9959878921508789, "time": 0.41682603359222414, "epoch": 1, "iter": 65, "memory": 2377, "step": 65}
{"lr": 0.007, "data_time": 0.020020103454589842, "loss": 4.95080418586731, "loss_prob": 2.8193899393081665, "loss_thr": 1.1354865789413453, "loss_db": 0.9959277212619781, "time": 0.4242739200592041, "epoch": 1, "iter": 70, "memory": 2377, "step": 70}
{"lr": 0.007, "data_time": 0.018106818199157715, "loss": 4.93944787979126, "loss_prob": 2.8215578317642214, "loss_thr": 1.119152879714966, "loss_db": 0.9987372159957886, "time": 0.4207777500152588, "epoch": 1, "iter": 75, "memory": 2377, "step": 75}
{"lr": 0.007, "data_time": 0.01849353313446045, "loss": 4.896396780014038, "loss_prob": 2.820726418495178, "loss_thr": 1.11569687128067, "loss_db": 0.9599734306335449, "time": 0.4436403036117554, "epoch": 1, "iter": 80, "memory": 2377, "step": 80}
{"lr": 0.007, "data_time": 0.020217370986938477, "loss": 4.8934447288513185, "loss_prob": 2.8171345949172975, "loss_thr": 1.1500571608543395, "loss_db": 0.9262528896331788, "time": 0.43811132907867434, "epoch": 1, "iter": 85, "memory": 2377, "step": 85}
{"lr": 0.007, "data_time": 0.020813512802124023, "loss": 4.943407011032105, "loss_prob": 2.8184373140335084, "loss_thr": 1.1599578738212586, "loss_db": 0.9650117754936218, "time": 0.39833316802978513, "epoch": 1, "iter": 90, "memory": 2377, "step": 90}
{"lr": 0.007, "data_time": 0.020521068572998048, "loss": 4.9587263584136965, "loss_prob": 2.836412048339844, "loss_thr": 1.1262898683547973, "loss_db": 0.9960244655609131, "time": 0.4338282585144043, "epoch": 1, "iter": 95, "memory": 2377, "step": 95}
{"lr": 0.007, "data_time": 0.01923379898071289, "loss": 4.912952899932861, "loss_prob": 2.837941837310791, "loss_thr": 1.131083357334137, "loss_db": 0.9439277708530426, "time": 0.43456497192382815, "epoch": 1, "iter": 100, "memory": 2377, "step": 100}
{"lr": 0.007, "data_time": 0.02019777297973633, "loss": 4.822504377365112, "loss_prob": 2.820148730278015, "loss_thr": 1.1375726580619812, "loss_db": 0.8647830069065094, "time": 0.4016651391983032, "epoch": 1, "iter": 105, "memory": 2377, "step": 105}
{"lr": 0.007, "data_time": 0.02196054458618164, "loss": 4.797807359695435, "loss_prob": 2.8251577615737915, "loss_thr": 1.1462621212005615, "loss_db": 0.8263873994350434, "time": 0.41472558975219725, "epoch": 1, "iter": 110, "memory": 2377, "step": 110}
{"lr": 0.007, "data_time": 0.021879291534423827, "loss": 4.777701902389526, "loss_prob": 2.828925943374634, "loss_thr": 1.151596486568451, "loss_db": 0.7971793472766876, "time": 0.4081901550292969, "epoch": 1, "iter": 115, "memory": 2377, "step": 115}
{"lr": 0.007, "data_time": 0.02293860912322998, "loss": 4.741456985473633, "loss_prob": 2.8341258764266968, "loss_thr": 1.1393102288246155, "loss_db": 0.7680208384990692, "time": 0.4024049282073975, "epoch": 1, "iter": 120, "memory": 2377, "step": 120}
{"lr": 0.007, "data_time": 0.02207944393157959, "loss": 4.640796709060669, "loss_prob": 2.8370285511016844, "loss_thr": 1.1013817191123962, "loss_db": 0.7023865044116974, "time": 0.4109658241271973, "epoch": 1, "iter": 125, "memory": 2377, "step": 125}
{"lr": 0.007, "data_time": 0.019762253761291503, "loss": 4.557043409347534, "loss_prob": 2.835200071334839, "loss_thr": 1.0732869744300841, "loss_db": 0.6485563933849334, "time": 0.4008872270584106, "epoch": 1, "iter": 130, "memory": 2377, "step": 130}
{"lr": 0.007, "data_time": 0.020809388160705565, "loss": 4.60506796836853, "loss_prob": 2.8443495988845826, "loss_thr": 1.1007465839385986, "loss_db": 0.6599718451499939, "time": 0.4018864154815674, "epoch": 1, "iter": 135, "memory": 2377, "step": 135}
{"lr": 0.007, "data_time": 0.021315932273864746, "loss": 4.668540906906128, "loss_prob": 2.848431372642517, "loss_thr": 1.0895806789398192, "loss_db": 0.7305289268493652, "time": 0.4137503862380981, "epoch": 1, "iter": 140, "memory": 2377, "step": 140}
{"lr": 0.007, "data_time": 0.022388505935668945, "loss": 4.72091121673584, "loss_prob": 2.844626808166504, "loss_thr": 1.0768640995025636, "loss_db": 0.7994203090667724, "time": 0.4238047361373901, "epoch": 1, "iter": 145, "memory": 2377, "step": 145}
{"lr": 0.007, "data_time": 0.02332139015197754, "loss": 4.7089818000793455, "loss_prob": 2.8479487657547, "loss_thr": 1.0963735580444336, "loss_db": 0.7646594882011414, "time": 0.4586658239364624, "epoch": 1, "iter": 150, "memory": 2377, "step": 150}
{"lr": 0.007, "data_time": 0.024420905113220214, "loss": 4.732301473617554, "loss_prob": 2.8477774620056153, "loss_thr": 1.0743924021720885, "loss_db": 0.8101316213607788, "time": 0.4206498146057129, "epoch": 1, "iter": 155, "memory": 2377, "step": 155}
{"lr": 0.007, "data_time": 0.022082424163818358, "loss": 4.6787309646606445, "loss_prob": 2.8389111518859864, "loss_thr": 1.0817015051841736, "loss_db": 0.7581183314323425,