2026/01/05 14:21:03 - mmengine - INFO - 
------------------------------------------------------------
System environment:
    sys.platform: linux
    Python: 3.8.20 (default, Oct  3 2024, 15:24:27) [GCC 11.2.0]
    CUDA available: True
    MUSA available: False
    numpy_random_seed: 220907951
    GPU 0,1: NVIDIA GeForce RTX 3090
    CUDA_HOME: /usr/local/cuda
    NVCC: Cuda compilation tools, release 11.1, V11.1.105
    GCC: gcc (Ubuntu 9.4.0-1ubuntu1~20.04.2) 9.4.0
    PyTorch: 1.10.2+cu111
    PyTorch compiling details: PyTorch built with:
  - GCC 7.3
  - C++ Version: 201402
  - Intel(R) Math Kernel Library Version 2020.0.0 Product Build 20191122 for Intel(R) 64 architecture applications
  - Intel(R) MKL-DNN v2.2.3 (Git Hash 7336ca9f055cf1bfa13efb658fe15dc9b41f0740)
  - OpenMP 201511 (a.k.a. OpenMP 4.5)
  - LAPACK is enabled (usually provided by MKL)
  - NNPACK is enabled
  - CPU capability usage: AVX2
  - CUDA Runtime 11.1
  - NVCC architecture flags: -gencode;arch=compute_37,code=sm_37;-gencode;arch=compute_50,code=sm_50;-gencode;arch=compute_60,code=sm_60;-gencode;arch=compute_70,code=sm_70;-gencode;arch=compute_75,code=sm_75;-gencode;arch=compute_80,code=sm_80;-gencode;arch=compute_86,code=sm_86
  - CuDNN 8.0.5
  - Magma 2.5.2
  - Build settings: BLAS_INFO=mkl, BUILD_TYPE=Release, CUDA_VERSION=11.1, CUDNN_VERSION=8.0.5, CXX_COMPILER=/opt/rh/devtoolset-7/root/usr/bin/c++, CXX_FLAGS= -Wno-deprecated -fvisibility-inlines-hidden -DUSE_PTHREADPOOL -fopenmp -DNDEBUG -DUSE_KINETO -DUSE_FBGEMM -DUSE_QNNPACK -DUSE_PYTORCH_QNNPACK -DUSE_XNNPACK -DSYMBOLICATE_MOBILE_DEBUG_HANDLE -DEDGE_PROFILER_USE_KINETO -O2 -fPIC -Wno-narrowing -Wall -Wextra -Werror=return-type -Wno-missing-field-initializers -Wno-type-limits -Wno-array-bounds -Wno-unknown-pragmas -Wno-sign-compare -Wno-unused-parameter -Wno-unused-variable -Wno-unused-function -Wno-unused-result -Wno-unused-local-typedefs -Wno-strict-overflow -Wno-strict-aliasing -Wno-error=deprecated-declarations -Wno-stringop-overflow -Wno-psabi -Wno-error=pedantic -Wno-error=redundant-decls -Wno-error=old-style-cast -fdiagnostics-color=always -faligned-new -Wno-unused-but-set-variable -Wno-maybe-uninitialized -fno-math-errno -fno-trapping-math -Werror=format -Wno-stringop-overflow, LAPACK_INFO=mkl, PERF_WITH_AVX=1, PERF_WITH_AVX2=1, PERF_WITH_AVX512=1, TORCH_VERSION=1.10.2, USE_CUDA=ON, USE_CUDNN=ON, USE_EXCEPTION_PTR=1, USE_GFLAGS=OFF, USE_GLOG=OFF, USE_MKL=ON, USE_MKLDNN=ON, USE_MPI=OFF, USE_NCCL=ON, USE_NNPACK=ON, USE_OPENMP=ON, 

    TorchVision: 0.11.3+cu111
    OpenCV: 4.12.0
    MMEngine: 0.10.7

Runtime environment:
    cudnn_benchmark: True
    dist_cfg: {'backend': 'nccl'}
    mp_cfg: {'mp_start_method': 'fork', 'opencv_num_threads': 0}
    seed: 220907951
    Distributed launcher: none
    Distributed training: False
    GPU number: 1
------------------------------------------------------------

2026/01/05 14:21:04 - mmengine - INFO - Config:
auto_scale_lr = dict(base_batch_size=32, enable=True)
custom_hooks = [
    dict(
        min_delta=0.001,
        monitor='icdar/hmean',
        patience=12,
        rule='greater',
        type='EarlyStoppingHook'),
]
default_hooks = dict(
    checkpoint=dict(
        interval=3,
        max_keep_ckpts=3,
        rule='greater',
        save_best='icdar/hmean',
        type='CheckpointHook'),
    logger=dict(interval=5, type='LoggerHook'),
    param_scheduler=dict(type='ParamSchedulerHook'),
    sampler_seed=dict(type='DistSamplerSeedHook'),
    sync_buffer=dict(type='SyncBuffersHook'),
    timer=dict(type='IterTimerHook'),
    visualization=dict(
        draw_gt=False,
        draw_pred=False,
        enable=False,
        interval=1,
        show=False,
        type='VisualizationHook'))
default_scope = 'mmocr'
env_cfg = dict(
    cudnn_benchmark=True,
    dist_cfg=dict(backend='nccl'),
    mp_cfg=dict(mp_start_method='fork', opencv_num_threads=0))
launcher = 'none'
load_from = '/root/lanyun-tmp/mmocr/work_dirs/dbnetpp_r50_finetune_art_rctw_rects/expB_ft93_Ir2e4/epoch_12.pth'
log_level = 'INFO'
log_processor = dict(by_epoch=True, type='LogProcessor', window_size=10)
model = dict(
    backbone=dict(
        depth=50,
        frozen_stages=-1,
        init_cfg=dict(checkpoint='torchvision://resnet50', type='Pretrained'),
        norm_cfg=dict(requires_grad=True, type='BN'),
        norm_eval=True,
        num_stages=4,
        out_indices=(
            0,
            1,
            2,
            3,
        ),
        style='pytorch',
        type='mmdet.ResNet'),
    data_preprocessor=dict(
        bgr_to_rgb=True,
        mean=[
            123.675,
            116.28,
            103.53,
        ],
        pad_size_divisor=32,
        std=[
            58.395,
            57.12,
            57.375,
        ],
        type='TextDetDataPreprocessor'),
    det_head=dict(
        in_channels=256,
        module_loss=dict(type='DBModuleLoss'),
        postprocessor=dict(
            epsilon_ratio=0.002, text_repr_type='quad',
            type='DBPostprocessor'),
        type='DBHead'),
    neck=dict(
        asf_cfg=dict(attention_type='ScaleChannelSpatial'),
        in_channels=[
            256,
            512,
            1024,
            2048,
        ],
        lateral_channels=256,
        type='FPNC'),
    type='DBNet')
optim_wrapper = dict(
    clip_grad=dict(max_norm=5, norm_type=2),
    loss_scale='dynamic',
    optimizer=dict(lr=0.0002, momentum=0.9, type='SGD', weight_decay=0.0001),
    type='AmpOptimWrapper')
param_scheduler = [
    dict(begin=0, by_epoch=True, end=2, start_factor=0.1, type='LinearLR'),
    dict(
        begin=2,
        by_epoch=True,
        end=200,
        eta_min=1e-07,
        power=0.9,
        type='PolyLR'),
]
randomness = dict(seed=None)
resume = False
test_cfg = dict(type='TestLoop')
test_dataloader = dict(
    batch_size=1,
    dataset=dict(
        datasets=[
            dict(
                ann_file='instances_val.json',
                data_root='data/art_mmocr',
                pipeline=None,
                test_mode=True,
                type='OCRDataset'),
            dict(
                ann_file='instances_val.json',
                data_root='data/rctw17_mmocr',
                pipeline=None,
                test_mode=True,
                type='OCRDataset'),
            dict(
                ann_file='instances_val.json',
                data_root='data/rects_mmocr',
                pipeline=None,
                test_mode=True,
                type='OCRDataset'),
        ],
        pipeline=[
            dict(
                color_type='color_ignore_orientation',
                type='LoadImageFromFile'),
            dict(keep_ratio=True, scale=(
                4068,
                1024,
            ), type='Resize'),
            dict(
                type='LoadOCRAnnotations',
                with_bbox=True,
                with_label=True,
                with_polygon=True),
            dict(
                meta_keys=(
                    'img_path',
                    'ori_shape',
                    'img_shape',
                    'scale_factor',
                    'instances',
                ),
                type='PackTextDetInputs'),
        ],
        type='ConcatDataset'),
    num_workers=4,
    persistent_workers=True,
    pin_memory=True,
    sampler=dict(shuffle=False, type='DefaultSampler'))
test_evaluator = [
    dict(type='HmeanIOUMetric'),
    dict(
        out_file_path=
        '/root/lanyun-tmp/mmocr/outputs/cascade_demo/run001/stage1_dbnetpp/epoch_12.pth_predictions.pkl',
        type='DumpResults'),
]
test_list = [
    dict(
        ann_file='instances_val.json',
        data_root='data/art_mmocr',
        pipeline=None,
        test_mode=True,
        type='OCRDataset'),
    dict(
        ann_file='instances_val.json',
        data_root='data/rctw17_mmocr',
        pipeline=None,
        test_mode=True,
        type='OCRDataset'),
    dict(
        ann_file='instances_val.json',
        data_root='data/rects_mmocr',
        pipeline=None,
        test_mode=True,
        type='OCRDataset'),
]
test_pipeline = [
    dict(color_type='color_ignore_orientation', type='LoadImageFromFile'),
    dict(keep_ratio=True, scale=(
        4068,
        1024,
    ), type='Resize'),
    dict(
        type='LoadOCRAnnotations',
        with_bbox=True,
        with_label=True,
        with_polygon=True),
    dict(
        meta_keys=(
            'img_path',
            'ori_shape',
            'img_shape',
            'scale_factor',
            'instances',
        ),
        type='PackTextDetInputs'),
]
textdet_art_data_root = 'data/art_mmocr'
textdet_art_rctw_rects_data_root = 'data/textdet_finetune_art_rctw_rects'
textdet_art_rctw_rects_test = dict(
    ann_file='instances_val.json',
    data_root='data/textdet_finetune_art_rctw_rects',
    pipeline=None,
    test_mode=True,
    type='OCRDataset')
textdet_art_rctw_rects_train = dict(
    ann_file='instances_train.json',
    data_root='data/textdet_finetune_art_rctw_rects',
    filter_cfg=dict(filter_empty_gt=True, min_size=32),
    pipeline=None,
    type='OCRDataset')
textdet_art_test = dict(
    ann_file='instances_val.json',
    data_root='data/art_mmocr',
    pipeline=None,
    test_mode=True,
    type='OCRDataset')
textdet_art_train = dict(
    ann_file='instances_train.json',
    data_root='data/art_mmocr',
    filter_cfg=dict(filter_empty_gt=True, min_size=32),
    pipeline=None,
    type='OCRDataset')
textdet_rctw_data_root = 'data/rctw17_mmocr'
textdet_rctw_test = dict(
    ann_file='instances_val.json',
    data_root='data/rctw17_mmocr',
    pipeline=None,
    test_mode=True,
    type='OCRDataset')
textdet_rctw_train = dict(
    ann_file='instances_train.json',
    data_root='data/rctw17_mmocr',
    filter_cfg=dict(filter_empty_gt=True, min_size=32),
    pipeline=None,
    type='OCRDataset')
textdet_rects_data_root = 'data/rects_mmocr'
textdet_rects_test = dict(
    ann_file='instances_val.json',
    data_root='data/rects_mmocr',
    pipeline=None,
    test_mode=True,
    type='OCRDataset')
textdet_rects_train = dict(
    ann_file='instances_train.json',
    data_root='data/rects_mmocr',
    filter_cfg=dict(filter_empty_gt=True, min_size=32),
    pipeline=None,
    type='OCRDataset')
train_cfg = dict(max_epochs=15, type='EpochBasedTrainLoop', val_interval=3)
train_dataloader = dict(
    batch_size=32,
    dataset=dict(
        datasets=[
            dict(
                ann_file='instances_train.json',
                data_root='data/art_mmocr',
                filter_cfg=dict(filter_empty_gt=True, min_size=32),
                pipeline=None,
                type='OCRDataset'),
            dict(
                ann_file='instances_train.json',
                data_root='data/rctw17_mmocr',
                filter_cfg=dict(filter_empty_gt=True, min_size=32),
                pipeline=None,
                type='OCRDataset'),
            dict(
                ann_file='instances_train.json',
                data_root='data/rects_mmocr',
                filter_cfg=dict(filter_empty_gt=True, min_size=32),
                pipeline=None,
                type='OCRDataset'),
        ],
        pipeline=[
            dict(
                color_type='color_ignore_orientation',
                type='LoadImageFromFile'),
            dict(
                type='LoadOCRAnnotations',
                with_bbox=True,
                with_label=True,
                with_polygon=True),
            dict(
                brightness=0.12549019607843137,
                op='ColorJitter',
                saturation=0.5,
                type='TorchVisionWrapper'),
            dict(
                args=[
                    [
                        'Fliplr',
                        0.5,
                    ],
                    dict(cls='Affine', rotate=[
                        -10,
                        10,
                    ]),
                    [
                        'Resize',
                        [
                            0.5,
                            3.0,
                        ],
                    ],
                ],
                type='ImgAugWrapper'),
            dict(min_side_ratio=0.1, type='RandomCrop'),
            dict(keep_ratio=True, scale=(
                640,
                640,
            ), type='Resize'),
            dict(size=(
                640,
                640,
            ), type='Pad'),
            dict(
                meta_keys=(
                    'img_path',
                    'ori_shape',
                    'img_shape',
                ),
                type='PackTextDetInputs'),
        ],
        type='ConcatDataset'),
    num_workers=8,
    persistent_workers=True,
    pin_memory=True,
    sampler=dict(shuffle=True, type='DefaultSampler'))
train_list = [
    dict(
        ann_file='instances_train.json',
        data_root='data/art_mmocr',
        filter_cfg=dict(filter_empty_gt=True, min_size=32),
        pipeline=None,
        type='OCRDataset'),
    dict(
        ann_file='instances_train.json',
        data_root='data/rctw17_mmocr',
        filter_cfg=dict(filter_empty_gt=True, min_size=32),
        pipeline=None,
        type='OCRDataset'),
    dict(
        ann_file='instances_train.json',
        data_root='data/rects_mmocr',
        filter_cfg=dict(filter_empty_gt=True, min_size=32),
        pipeline=None,
        type='OCRDataset'),
]
train_pipeline = [
    dict(color_type='color_ignore_orientation', type='LoadImageFromFile'),
    dict(
        type='LoadOCRAnnotations',
        with_bbox=True,
        with_label=True,
        with_polygon=True),
    dict(
        brightness=0.12549019607843137,
        op='ColorJitter',
        saturation=0.5,
        type='TorchVisionWrapper'),
    dict(
        args=[
            [
                'Fliplr',
                0.5,
            ],
            dict(cls='Affine', rotate=[
                -10,
                10,
            ]),
            [
                'Resize',
                [
                    0.5,
                    3.0,
                ],
            ],
        ],
        type='ImgAugWrapper'),
    dict(min_side_ratio=0.1, type='RandomCrop'),
    dict(keep_ratio=True, scale=(
        640,
        640,
    ), type='Resize'),
    dict(size=(
        640,
        640,
    ), type='Pad'),
    dict(
        meta_keys=(
            'img_path',
            'ori_shape',
            'img_shape',
        ),
        type='PackTextDetInputs'),
]
val_cfg = dict(type='ValLoop')
val_dataloader = dict(
    batch_size=1,
    dataset=dict(
        datasets=[
            dict(
                ann_file='instances_val.json',
                data_root='data/art_mmocr',
                pipeline=None,
                test_mode=True,
                type='OCRDataset'),
            dict(
                ann_file='instances_val.json',
                data_root='data/rctw17_mmocr',
                pipeline=None,
                test_mode=True,
                type='OCRDataset'),
            dict(
                ann_file='instances_val.json',
                data_root='data/rects_mmocr',
                pipeline=None,
                test_mode=True,
                type='OCRDataset'),
        ],
        pipeline=[
            dict(
                color_type='color_ignore_orientation',
                type='LoadImageFromFile'),
            dict(keep_ratio=True, scale=(
                4068,
                1024,
            ), type='Resize'),
            dict(
                type='LoadOCRAnnotations',
                with_bbox=True,
                with_label=True,
                with_polygon=True),
            dict(
                meta_keys=(
                    'img_path',
                    'ori_shape',
                    'img_shape',
                    'scale_factor',
                    'instances',
                ),
                type='PackTextDetInputs'),
        ],
        type='ConcatDataset'),
    num_workers=4,
    persistent_workers=True,
    pin_memory=True,
    sampler=dict(shuffle=False, type='DefaultSampler'))
val_evaluator = dict(type='HmeanIOUMetric')
vis_backends = [
    dict(type='LocalVisBackend'),
]
visualizer = dict(
    name='visualizer',
    type='TextDetLocalVisualizer',
    vis_backends=[
        dict(type='LocalVisBackend'),
    ])
work_dir = '/root/lanyun-tmp/mmocr/outputs/cascade_demo/run001/stage1_dbnetpp'

2026/01/05 14:21:10 - mmengine - INFO - Distributed training is not used, all SyncBatchNorm (SyncBN) layers in the model will be automatically reverted to BatchNormXd layers if they are used.
2026/01/05 14:21:10 - mmengine - INFO - Hooks will be executed in the following order:
before_run:
(VERY_HIGH   ) RuntimeInfoHook                    
(BELOW_NORMAL) LoggerHook                         
(LOWEST      ) EarlyStoppingHook                  
 -------------------- 
before_train:
(VERY_HIGH   ) RuntimeInfoHook                    
(NORMAL      ) IterTimerHook                      
(VERY_LOW    ) CheckpointHook                     
 -------------------- 
before_train_epoch:
(VERY_HIGH   ) RuntimeInfoHook                    
(NORMAL      ) IterTimerHook                      
(NORMAL      ) DistSamplerSeedHook                
 -------------------- 
before_train_iter:
(VERY_HIGH   ) RuntimeInfoHook                    
(NORMAL      ) IterTimerHook                      
 -------------------- 
after_train_iter:
(VERY_HIGH   ) RuntimeInfoHook                    
(NORMAL      ) IterTimerHook                      
(BELOW_NORMAL) LoggerHook                         
(LOW         ) ParamSchedulerHook                 
(VERY_LOW    ) CheckpointHook                     
 -------------------- 
after_train_epoch:
(NORMAL      ) IterTimerHook                      
(NORMAL      ) SyncBuffersHook                    
(LOW         ) ParamSchedulerHook                 
(VERY_LOW    ) CheckpointHook                     
 -------------------- 
before_val:
(VERY_HIGH   ) RuntimeInfoHook                    
 -------------------- 
before_val_epoch:
(NORMAL      ) IterTimerHook                      
(NORMAL      ) SyncBuffersHook                    
 -------------------- 
before_val_iter:
(NORMAL      ) IterTimerHook                      
 -------------------- 
after_val_iter:
(NORMAL      ) IterTimerHook                      
(NORMAL      ) VisualizationHook                  
(BELOW_NORMAL) LoggerHook                         
 -------------------- 
after_val_epoch:
(VERY_HIGH   ) RuntimeInfoHook                    
(NORMAL      ) IterTimerHook                      
(BELOW_NORMAL) LoggerHook                         
(LOW         ) ParamSchedulerHook                 
(VERY_LOW    ) CheckpointHook                     
(LOWEST      ) EarlyStoppingHook                  
 -------------------- 
after_val:
(VERY_HIGH   ) RuntimeInfoHook                    
 -------------------- 
after_train:
(VERY_HIGH   ) RuntimeInfoHook                    
(VERY_LOW    ) CheckpointHook                     
 -------------------- 
before_test:
(VERY_HIGH   ) RuntimeInfoHook                    
 -------------------- 
before_test_epoch:
(NORMAL      ) IterTimerHook                      
 -------------------- 
before_test_iter:
(NORMAL      ) IterTimerHook                      
 -------------------- 
after_test_iter:
(NORMAL      ) IterTimerHook                      
(NORMAL      ) VisualizationHook                  
(BELOW_NORMAL) LoggerHook                         
 -------------------- 
after_test_epoch:
(VERY_HIGH   ) RuntimeInfoHook                    
(NORMAL      ) IterTimerHook                      
(BELOW_NORMAL) LoggerHook                         
 -------------------- 
after_test:
(VERY_HIGH   ) RuntimeInfoHook                    
 -------------------- 
after_run:
(BELOW_NORMAL) LoggerHook                         
 -------------------- 
2026/01/05 14:21:11 - mmengine - WARNING - The prefix is not set in metric class DumpResults.
2026/01/05 14:21:15 - mmengine - INFO - Load checkpoint from /root/lanyun-tmp/mmocr/work_dirs/dbnetpp_r50_finetune_art_rctw_rects/expB_ft93_Ir2e4/epoch_12.pth
2026/01/05 14:21:23 - mmengine - INFO - Epoch(test) [   5/3363]    eta: 1:33:25  time: 1.6692  data_time: 0.0651  memory: 17417  
2026/01/05 14:21:29 - mmengine - INFO - Epoch(test) [  10/3363]    eta: 1:15:43  time: 1.3551  data_time: 0.0328  memory: 17403  
2026/01/05 14:21:38 - mmengine - INFO - Epoch(test) [  15/3363]    eta: 1:23:38  time: 1.4137  data_time: 0.0006  memory: 17363  
2026/01/05 14:21:41 - mmengine - INFO - Epoch(test) [  20/3363]    eta: 1:12:35  time: 1.2507  data_time: 0.0005  memory: 17397  
2026/01/05 14:21:45 - mmengine - INFO - Epoch(test) [  25/3363]    eta: 1:07:07  time: 0.7684  data_time: 0.0005  memory: 17451  
2026/01/05 14:21:49 - mmengine - INFO - Epoch(test) [  30/3363]    eta: 1:03:30  time: 0.8239  data_time: 0.0005  memory: 17492  
2026/01/05 14:21:51 - mmengine - INFO - Epoch(test) [  35/3363]    eta: 0:57:26  time: 0.6076  data_time: 0.0005  memory: 17369  
2026/01/05 14:21:55 - mmengine - INFO - Epoch(test) [  40/3363]    eta: 0:55:04  time: 0.5481  data_time: 0.0005  memory: 17397  
2026/01/05 14:21:58 - mmengine - INFO - Epoch(test) [  45/3363]    eta: 0:53:15  time: 0.7092  data_time: 0.0005  memory: 17438  
2026/01/05 14:22:04 - mmengine - INFO - Epoch(test) [  50/3363]    eta: 0:53:47  time: 0.8935  data_time: 0.0005  memory: 17403  
2026/01/05 14:22:10 - mmengine - INFO - Epoch(test) [  55/3363]    eta: 0:55:12  time: 1.1742  data_time: 0.0005  memory: 17451  
2026/01/05 14:22:12 - mmengine - INFO - Epoch(test) [  60/3363]    eta: 0:52:18  time: 0.8301  data_time: 0.0005  memory: 17349  
2026/01/05 14:22:14 - mmengine - INFO - Epoch(test) [  65/3363]    eta: 0:50:00  time: 0.4058  data_time: 0.0005  memory: 17376  
2026/01/05 14:22:16 - mmengine - INFO - Epoch(test) [  70/3363]    eta: 0:47:58  time: 0.4173  data_time: 0.0004  memory: 17479  
2026/01/05 14:22:20 - mmengine - INFO - Epoch(test) [  75/3363]    eta: 0:47:08  time: 0.5388  data_time: 0.0004  memory: 17343  
2026/01/05 14:22:20 - mmengine - INFO - Epoch(test) [  80/3363]    eta: 0:44:25  time: 0.3756  data_time: 0.0005  memory: 823  
2026/01/05 14:22:23 - mmengine - INFO - Epoch(test) [  85/3363]    eta: 0:43:56  time: 0.3839  data_time: 0.0005  memory: 17410  
2026/01/05 14:22:27 - mmengine - INFO - Epoch(test) [  90/3363]    eta: 0:43:51  time: 0.7422  data_time: 0.0004  memory: 17444  
2026/01/05 14:22:31 - mmengine - INFO - Epoch(test) [  95/3363]    eta: 0:43:23  time: 0.7319  data_time: 0.0005  memory: 17295  
2026/01/05 14:22:32 - mmengine - INFO - Epoch(test) [ 100/3363]    eta: 0:41:54  time: 0.4694  data_time: 0.0005  memory: 11086  
2026/01/05 14:22:35 - mmengine - INFO - Epoch(test) [ 105/3363]    eta: 0:41:12  time: 0.3995  data_time: 0.0004  memory: 17410  
2026/01/05 14:22:35 - mmengine - INFO - Epoch(test) [ 110/3363]    eta: 0:39:26  time: 0.2960  data_time: 0.0004  memory: 974  
2026/01/05 14:22:37 - mmengine - INFO - Epoch(test) [ 115/3363]    eta: 0:38:35  time: 0.2292  data_time: 0.0004  memory: 17349  
2026/01/05 14:22:39 - mmengine - INFO - Epoch(test) [ 120/3363]    eta: 0:37:49  time: 0.3948  data_time: 0.0004  memory: 17376  
2026/01/05 14:22:39 - mmengine - INFO - Epoch(test) [ 125/3363]    eta: 0:36:24  time: 0.2366  data_time: 0.0005  memory: 957  
2026/01/05 14:22:40 - mmengine - INFO - Epoch(test) [ 130/3363]    eta: 0:35:07  time: 0.0783  data_time: 0.0004  memory: 839  
2026/01/05 14:22:40 - mmengine - INFO - Epoch(test) [ 135/3363]    eta: 0:33:53  time: 0.0707  data_time: 0.0004  memory: 940  
2026/01/05 14:22:42 - mmengine - INFO - Epoch(test) [ 140/3363]    eta: 0:33:09  time: 0.1678  data_time: 0.0004  memory: 11870  
2026/01/05 14:22:44 - mmengine - INFO - Epoch(test) [ 145/3363]    eta: 0:32:44  time: 0.3498  data_time: 0.0004  memory: 17499  
2026/01/05 14:22:44 - mmengine - INFO - Epoch(test) [ 150/3363]    eta: 0:31:44  time: 0.2476  data_time: 0.0004  memory: 1277  
2026/01/05 14:22:47 - mmengine - INFO - Epoch(test) [ 155/3363]    eta: 0:31:44  time: 0.3489  data_time: 0.0004  memory: 17323  
2026/01/05 14:22:48 - mmengine - INFO - Epoch(test) [ 160/3363]    eta: 0:30:50  time: 0.3514  data_time: 0.0004  memory: 974  
2026/01/05 14:22:51 - mmengine - INFO - Epoch(test) [ 165/3363]    eta: 0:31:04  time: 0.4170  data_time: 0.0005  memory: 17343  
2026/01/05 14:22:55 - mmengine - INFO - Epoch(test) [ 170/3363]    eta: 0:31:18  time: 0.7607  data_time: 0.0006  memory: 17472  
2026/01/05 14:22:56 - mmengine - INFO - Epoch(test) [ 175/3363]    eta: 0:30:28  time: 0.4197  data_time: 0.0005  memory: 957  
2026/01/05 14:22:56 - mmengine - INFO - Epoch(test) [ 180/3363]    eta: 0:29:41  time: 0.0744  data_time: 0.0004  memory: 890  
2026/01/05 14:22:58 - mmengine - INFO - Epoch(test) [ 185/3363]    eta: 0:29:30  time: 0.2679  data_time: 0.0004  memory: 17308  
2026/01/05 14:22:59 - mmengine - INFO - Epoch(test) [ 190/3363]    eta: 0:28:46  time: 0.2616  data_time: 0.0004  memory: 940  
2026/01/05 14:22:59 - mmengine - INFO - Epoch(test) [ 195/3363]    eta: 0:28:06  time: 0.0713  data_time: 0.0004  memory: 940  
2026/01/05 14:22:59 - mmengine - INFO - Epoch(test) [ 200/3363]    eta: 0:27:26  time: 0.0736  data_time: 0.0004  memory: 923  
2026/01/05 14:23:01 - mmengine - INFO - Epoch(test) [ 205/3363]    eta: 0:27:14  time: 0.2326  data_time: 0.0004  memory: 17431  
2026/01/05 14:23:04 - mmengine - INFO - Epoch(test) [ 210/3363]    eta: 0:27:10  time: 0.4505  data_time: 0.0004  memory: 17458  
2026/01/05 14:23:04 - mmengine - INFO - Epoch(test) [ 215/3363]    eta: 0:26:38  time: 0.3035  data_time: 0.0005  memory: 1058  
2026/01/05 14:23:05 - mmengine - INFO - Epoch(test) [ 220/3363]    eta: 0:26:04  time: 0.0868  data_time: 0.0004  memory: 823  
2026/01/05 14:23:05 - mmengine - INFO - Epoch(test) [ 225/3363]    eta: 0:25:32  time: 0.0723  data_time: 0.0004  memory: 856  
2026/01/05 14:23:07 - mmengine - INFO - Epoch(test) [ 230/3363]    eta: 0:25:17  time: 0.1902  data_time: 0.0004  memory: 9409  
2026/01/05 14:23:07 - mmengine - INFO - Epoch(test) [ 235/3363]    eta: 0:24:53  time: 0.2315  data_time: 0.0004  memory: 1058  
2026/01/05 14:23:09 - mmengine - INFO - Epoch(test) [ 240/3363]    eta: 0:24:39  time: 0.2333  data_time: 0.0004  memory: 8834  
2026/01/05 14:23:12 - mmengine - INFO - Epoch(test) [ 245/3363]    eta: 0:24:43  time: 0.4409  data_time: 0.0004  memory: 11399  
2026/01/05 14:23:12 - mmengine - INFO - Epoch(test) [ 250/3363]    eta: 0:24:18  time: 0.3431  data_time: 0.0004  memory: 907  
2026/01/05 14:23:13 - mmengine - INFO - Epoch(test) [ 255/3363]    eta: 0:23:52  time: 0.0912  data_time: 0.0004  memory: 940  
2026/01/05 14:23:13 - mmengine - INFO - Epoch(test) [ 260/3363]    eta: 0:23:31  time: 0.1114  data_time: 0.0004  memory: 890  
2026/01/05 14:23:14 - mmengine - INFO - Epoch(test) [ 265/3363]    eta: 0:23:07  time: 0.1171  data_time: 0.0004  memory: 1091  
2026/01/05 14:23:15 - mmengine - INFO - Epoch(test) [ 270/3363]    eta: 0:22:48  time: 0.1148  data_time: 0.0004  memory: 1478  
2026/01/05 14:23:15 - mmengine - INFO - Epoch(test) [ 275/3363]    eta: 0:22:23  time: 0.1001  data_time: 0.0004  memory: 890  
2026/01/05 14:23:18 - mmengine - INFO - Epoch(test) [ 280/3363]    eta: 0:22:29  time: 0.3145  data_time: 0.0004  memory: 13594  
2026/01/05 14:23:18 - mmengine - INFO - Epoch(test) [ 285/3363]    eta: 0:22:08  time: 0.3311  data_time: 0.0004  memory: 907  
2026/01/05 14:23:19 - mmengine - INFO - Epoch(test) [ 290/3363]    eta: 0:21:49  time: 0.1006  data_time: 0.0004  memory: 923  
2026/01/05 14:23:19 - mmengine - INFO - Epoch(test) [ 295/3363]    eta: 0:21:28  time: 0.0873  data_time: 0.0004  memory: 907  
2026/01/05 14:23:21 - mmengine - INFO - Epoch(test) [ 300/3363]    eta: 0:21:26  time: 0.2421  data_time: 0.0004  memory: 17424  
2026/01/05 14:23:23 - mmengine - INFO - Epoch(test) [ 305/3363]    eta: 0:21:19  time: 0.3767  data_time: 0.0004  memory: 17390  
2026/01/05 14:23:23 - mmengine - INFO - Epoch(test) [ 310/3363]    eta: 0:21:01  time: 0.2063  data_time: 0.0004  memory: 1058  
2026/01/05 14:23:24 - mmengine - INFO - Epoch(test) [ 315/3363]    eta: 0:20:42  time: 0.0777  data_time: 0.0004  memory: 823  
2026/01/05 14:23:24 - mmengine - INFO - Epoch(test) [ 320/3363]    eta: 0:20:24  time: 0.0675  data_time: 0.0004  memory: 907  
2026/01/05 14:23:25 - mmengine - INFO - Epoch(test) [ 325/3363]    eta: 0:20:09  time: 0.0976  data_time: 0.0004  memory: 923  
2026/01/05 14:23:33 - mmengine - INFO - Epoch(test) [ 330/3363]    eta: 0:21:11  time: 0.9608  data_time: 0.0005  memory: 974  
2026/01/05 14:23:34 - mmengine - INFO - Epoch(test) [ 335/3363]    eta: 0:20:53  time: 0.9327  data_time: 0.0005  memory: 1025  
2026/01/05 14:23:35 - mmengine - INFO - Epoch(test) [ 340/3363]    eta: 0:20:39  time: 0.1074  data_time: 0.0004  memory: 1478  
2026/01/05 14:23:35 - mmengine - INFO - Epoch(test) [ 345/3363]    eta: 0:20:22  time: 0.1004  data_time: 0.0004  memory: 839  
2026/01/05 14:23:35 - mmengine - INFO - Epoch(test) [ 350/3363]    eta: 0:20:07  time: 0.0819  data_time: 0.0004  memory: 923  
2026/01/05 14:23:37 - mmengine - INFO - Epoch(test) [ 355/3363]    eta: 0:20:01  time: 0.2048  data_time: 0.0004  memory: 11556  
2026/01/05 14:23:37 - mmengine - INFO - Epoch(test) [ 360/3363]    eta: 0:19:45  time: 0.1944  data_time: 0.0004  memory: 1260  
2026/01/05 14:23:39 - mmengine - INFO - Epoch(test) [ 365/3363]    eta: 0:19:39  time: 0.1849  data_time: 0.0004  memory: 923  
2026/01/05 14:23:39 - mmengine - INFO - Epoch(test) [ 370/3363]    eta: 0:19:25  time: 0.1876  data_time: 0.0004  memory: 940  
2026/01/05 14:23:39 - mmengine - INFO - Epoch(test) [ 375/3363]    eta: 0:19:10  time: 0.0736  data_time: 0.0004  memory: 1227  
2026/01/05 14:23:40 - mmengine - INFO - Epoch(test) [ 380/3363]    eta: 0:18:56  time: 0.0699  data_time: 0.0004  memory: 957  
2026/01/05 14:23:40 - mmengine - INFO - Epoch(test) [ 385/3363]    eta: 0:18:42  time: 0.0781  data_time: 0.0004  memory: 923  
2026/01/05 14:23:41 - mmengine - INFO - Epoch(test) [ 390/3363]    eta: 0:18:29  time: 0.0733  data_time: 0.0004  memory: 823  
2026/01/05 14:23:41 - mmengine - INFO - Epoch(test) [ 395/3363]    eta: 0:18:15  time: 0.0641  data_time: 0.0004  memory: 1058  
2026/01/05 14:23:42 - mmengine - INFO - Epoch(test) [ 400/3363]    eta: 0:18:05  time: 0.1023  data_time: 0.0004  memory: 923  
2026/01/05 14:23:42 - mmengine - INFO - Epoch(test) [ 405/3363]    eta: 0:17:52  time: 0.1048  data_time: 0.0004  memory: 823  
2026/01/05 14:23:44 - mmengine - INFO - Epoch(test) [ 410/3363]    eta: 0:17:54  time: 0.2677  data_time: 0.0006  memory: 17424  
2026/01/05 14:23:45 - mmengine - INFO - Epoch(test) [ 415/3363]    eta: 0:17:43  time: 0.2828  data_time: 0.0006  memory: 807  
2026/01/05 14:23:45 - mmengine - INFO - Epoch(test) [ 420/3363]    eta: 0:17:31  time: 0.0892  data_time: 0.0004  memory: 907  
2026/01/05 14:23:46 - mmengine - INFO - Epoch(test) [ 425/3363]    eta: 0:17:25  time: 0.1612  data_time: 0.0004  memory: 1008  
2026/01/05 14:23:47 - mmengine - INFO - Epoch(test) [ 430/3363]    eta: 0:17:14  time: 0.1596  data_time: 0.0004  memory: 974  
2026/01/05 14:23:47 - mmengine - INFO - Epoch(test) [ 435/3363]    eta: 0:17:03  time: 0.0801  data_time: 0.0004  memory: 1041  
2026/01/05 14:23:48 - mmengine - INFO - Epoch(test) [ 440/3363]    eta: 0:16:52  time: 0.0735  data_time: 0.0004  memory: 1277  
2026/01/05 14:23:48 - mmengine - INFO - Epoch(test) [ 445/3363]    eta: 0:16:42  time: 0.0848  data_time: 0.0004  memory: 1277  
2026/01/05 14:23:48 - mmengine - INFO - Epoch(test) [ 450/3363]    eta: 0:16:32  time: 0.0932  data_time: 0.0004  memory: 940  
2026/01/05 14:23:51 - mmengine - INFO - Epoch(test) [ 455/3363]    eta: 0:16:34  time: 0.2650  data_time: 0.0004  memory: 17439  
2026/01/05 14:23:53 - mmengine - INFO - Epoch(test) [ 460/3363]    eta: 0:16:37  time: 0.4646  data_time: 0.0004  memory: 17444  
2026/01/05 14:23:54 - mmengine - INFO - Epoch(test) [ 465/3363]    eta: 0:16:27  time: 0.2827  data_time: 0.0004  memory: 1277  
2026/01/05 14:23:54 - mmengine - INFO - Epoch(test) [ 470/3363]    eta: 0:16:16  time: 0.0709  data_time: 0.0004  memory: 1091  
2026/01/05 14:23:54 - mmengine - INFO - Epoch(test) [ 475/3363]    eta: 0:16:07  time: 0.0668  data_time: 0.0004  memory: 1058  
2026/01/05 14:23:56 - mmengine - INFO - Epoch(test) [ 480/3363]    eta: 0:16:04  time: 0.1961  data_time: 0.0004  memory: 13124  
2026/01/05 14:23:56 - mmengine - INFO - Epoch(test) [ 485/3363]    eta: 0:15:55  time: 0.2027  data_time: 0.0004  memory: 856  
2026/01/05 14:23:57 - mmengine - INFO - Epoch(test) [ 490/3363]    eta: 0:15:46  time: 0.0841  data_time: 0.0004  memory: 907  
2026/01/05 14:24:00 - mmengine - INFO - Epoch(test) [ 495/3363]    eta: 0:15:53  time: 0.3494  data_time: 0.0004  memory: 17499  
2026/01/05 14:24:00 - mmengine - INFO - Epoch(test) [ 500/3363]    eta: 0:15:43  time: 0.3353  data_time: 0.0004  memory: 907  
2026/01/05 14:24:02 - mmengine - INFO - Epoch(test) [ 505/3363]    eta: 0:15:46  time: 0.2654  data_time: 0.0005  memory: 17479  
2026/01/05 14:24:03 - mmengine - INFO - Epoch(test) [ 510/3363]    eta: 0:15:37  time: 0.2726  data_time: 0.0005  memory: 1058  
2026/01/05 14:24:03 - mmengine - INFO - Epoch(test) [ 515/3363]    eta: 0:15:29  time: 0.0842  data_time: 0.0005  memory: 940  
2026/01/05 14:24:05 - mmengine - INFO - Epoch(test) [ 520/3363]    eta: 0:15:26  time: 0.1963  data_time: 0.0004  memory: 9112  
2026/01/05 14:24:05 - mmengine - INFO - Epoch(test) [ 525/3363]    eta: 0:15:19  time: 0.2005  data_time: 0.0004  memory: 856  
2026/01/05 14:24:06 - mmengine - INFO - Epoch(test) [ 530/3363]    eta: 0:15:13  time: 0.1379  data_time: 0.0004  memory: 907  
2026/01/05 14:24:08 - mmengine - INFO - Epoch(test) [ 535/3363]    eta: 0:15:11  time: 0.2391  data_time: 0.0004  memory: 9075  
2026/01/05 14:24:08 - mmengine - INFO - Epoch(test) [ 540/3363]    eta: 0:15:03  time: 0.1868  data_time: 0.0004  memory: 1277  
2026/01/05 14:24:08 - mmengine - INFO - Epoch(test) [ 545/3363]    eta: 0:14:54  time: 0.0619  data_time: 0.0004  memory: 839  
2026/01/05 14:24:09 - mmengine - INFO - Epoch(test) [ 550/3363]    eta: 0:14:47  time: 0.0677  data_time: 0.0004  memory: 1159  
2026/01/05 14:24:09 - mmengine - INFO - Epoch(test) [ 555/3363]    eta: 0:14:39  time: 0.0661  data_time: 0.0004  memory: 907  
2026/01/05 14:24:09 - mmengine - INFO - Epoch(test) [ 560/3363]    eta: 0:14:31  time: 0.0623  data_time: 0.0004  memory: 1026  
2026/01/05 14:24:10 - mmengine - INFO - Epoch(test) [ 565/3363]    eta: 0:14:24  time: 0.0759  data_time: 0.0004  memory: 1058  
2026/01/05 14:24:10 - mmengine - INFO - Epoch(test) [ 570/3363]    eta: 0:14:16  time: 0.0740  data_time: 0.0004  memory: 1058  
2026/01/05 14:24:10 - mmengine - INFO - Epoch(test) [ 575/3363]    eta: 0:14:08  time: 0.0584  data_time: 0.0004  memory: 923  
2026/01/05 14:24:10 - mmengine - INFO - Epoch(test) [ 580/3363]    eta: 0:14:01  time: 0.0482  data_time: 0.0004  memory: 823  
2026/01/05 14:24:11 - mmengine - INFO - Epoch(test) [ 585/3363]    eta: 0:13:54  time: 0.0544  data_time: 0.0004  memory: 823  
2026/01/05 14:24:11 - mmengine - INFO - Epoch(test) [ 590/3363]    eta: 0:13:47  time: 0.0830  data_time: 0.0004  memory: 856  
2026/01/05 14:24:12 - mmengine - INFO - Epoch(test) [ 595/3363]    eta: 0:13:40  time: 0.0778  data_time: 0.0004  memory: 823  
2026/01/05 14:24:12 - mmengine - INFO - Epoch(test) [ 600/3363]    eta: 0:13:33  time: 0.0615  data_time: 0.0004  memory: 1058  
2026/01/05 14:24:12 - mmengine - INFO - Epoch(test) [ 605/3363]    eta: 0:13:26  time: 0.0600  data_time: 0.0004  memory: 1058  
2026/01/05 14:24:12 - mmengine - INFO - Epoch(test) [ 610/3363]    eta: 0:13:20  time: 0.0601  data_time: 0.0004  memory: 1058  
2026/01/05 14:24:13 - mmengine - INFO - Epoch(test) [ 615/3363]    eta: 0:13:13  time: 0.0608  data_time: 0.0004  memory: 1058  
2026/01/05 14:24:13 - mmengine - INFO - Epoch(test) [ 620/3363]    eta: 0:13:07  time: 0.0652  data_time: 0.0004  memory: 1058  
2026/01/05 14:24:14 - mmengine - INFO - Epoch(test) [ 625/3363]    eta: 0:13:01  time: 0.0805  data_time: 0.0004  memory: 1058  
2026/01/05 14:24:14 - mmengine - INFO - Epoch(test) [ 630/3363]    eta: 0:12:56  time: 0.1015  data_time: 0.0004  memory: 1058  
2026/01/05 14:24:14 - mmengine - INFO - Epoch(test) [ 635/3363]    eta: 0:12:50  time: 0.0884  data_time: 0.0004  memory: 1058  
2026/01/05 14:24:15 - mmengine - INFO - Epoch(test) [ 640/3363]    eta: 0:12:44  time: 0.0693  data_time: 0.0004  memory: 1058  
2026/01/05 14:24:15 - mmengine - INFO - Epoch(test) [ 645/3363]    eta: 0:12:39  time: 0.0835  data_time: 0.0004  memory: 823  
2026/01/05 14:24:16 - mmengine - INFO - Epoch(test) [ 650/3363]    eta: 0:12:32  time: 0.0674  data_time: 0.0004  memory: 1058  
2026/01/05 14:24:16 - mmengine - INFO - Epoch(test) [ 655/3363]    eta: 0:12:26  time: 0.0516  data_time: 0.0004  memory: 923  
2026/01/05 14:24:18 - mmengine - INFO - Epoch(test) [ 660/3363]    eta: 0:12:27  time: 0.2015  data_time: 0.0004  memory: 15632  
2026/01/05 14:24:18 - mmengine - INFO - Epoch(test) [ 665/3363]    eta: 0:12:21  time: 0.2046  data_time: 0.0004  memory: 839  
2026/01/05 14:24:18 - mmengine - INFO - Epoch(test) [ 670/3363]    eta: 0:12:15  time: 0.0604  data_time: 0.0004  memory: 823  
2026/01/05 14:24:19 - mmengine - INFO - Epoch(test) [ 675/3363]    eta: 0:12:10  time: 0.0781  data_time: 0.0004  memory: 1058  
2026/01/05 14:24:19 - mmengine - INFO - Epoch(test) [ 680/3363]    eta: 0:12:05  time: 0.0750  data_time: 0.0004  memory: 1058  
2026/01/05 14:24:19 - mmengine - INFO - Epoch(test) [ 685/3363]    eta: 0:11:59  time: 0.0528  data_time: 0.0004  memory: 823  
2026/01/05 14:24:21 - mmengine - INFO - Epoch(test) [ 690/3363]    eta: 0:11:58  time: 0.1603  data_time: 0.0006  memory: 9082  
2026/01/05 14:24:21 - mmengine - INFO - Epoch(test) [ 695/3363]    eta: 0:11:53  time: 0.1789  data_time: 0.0006  memory: 923  
2026/01/05 14:24:21 - mmengine - INFO - Epoch(test) [ 700/3363]    eta: 0:11:48  time: 0.0787  data_time: 0.0005  memory: 823  
2026/01/05 14:24:22 - mmengine - INFO - Epoch(test) [ 705/3363]    eta: 0:11:42  time: 0.0657  data_time: 0.0004  memory: 1058  
2026/01/05 14:24:22 - mmengine - INFO - Epoch(test) [ 710/3363]    eta: 0:11:37  time: 0.0624  data_time: 0.0004  memory: 1058  
2026/01/05 14:24:22 - mmengine - INFO - Epoch(test) [ 715/3363]    eta: 0:11:32  time: 0.0642  data_time: 0.0004  memory: 1327  
2026/01/05 14:24:23 - mmengine - INFO - Epoch(test) [ 720/3363]    eta: 0:11:29  time: 0.0930  data_time: 0.0004  memory: 1058  
2026/01/05 14:24:23 - mmengine - INFO - Epoch(test) [ 725/3363]    eta: 0:11:24  time: 0.0936  data_time: 0.0004  memory: 1058  
2026/01/05 14:24:23 - mmengine - INFO - Epoch(test) [ 730/3363]    eta: 0:11:19  time: 0.0574  data_time: 0.0004  memory: 823  
2026/01/05 14:24:24 - mmengine - INFO - Epoch(test) [ 735/3363]    eta: 0:11:14  time: 0.0552  data_time: 0.0004  memory: 839  
2026/01/05 14:24:24 - mmengine - INFO - Epoch(test) [ 740/3363]    eta: 0:11:09  time: 0.0607  data_time: 0.0004  memory: 1126  
2026/01/05 14:24:27 - mmengine - INFO - Epoch(test) [ 745/3363]    eta: 0:11:14  time: 0.3273  data_time: 0.0004  memory: 17472  
2026/01/05 14:24:27 - mmengine - INFO - Epoch(test) [ 750/3363]    eta: 0:11:09  time: 0.3362  data_time: 0.0005  memory: 1058  
2026/01/05 14:24:28 - mmengine - INFO - Epoch(test) [ 755/3363]    eta: 0:11:05  time: 0.0680  data_time: 0.0004  memory: 823  
2026/01/05 14:24:29 - mmengine - INFO - Epoch(test) [ 760/3363]    eta: 0:11:02  time: 0.1257  data_time: 0.0006  memory: 1058  
2026/01/05 14:24:29 - mmengine - INFO - Epoch(test) [ 765/3363]    eta: 0:10:58  time: 0.1453  data_time: 0.0006  memory: 839  
2026/01/05 14:24:29 - mmengine - INFO - Epoch(test) [ 770/3363]    eta: 0:10:54  time: 0.0828  data_time: 0.0004  memory: 1058  
2026/01/05 14:24:30 - mmengine - INFO - Epoch(test) [ 775/3363]    eta: 0:10:50  time: 0.0678  data_time: 0.0004  memory: 1058  
2026/01/05 14:24:30 - mmengine - INFO - Epoch(test) [ 780/3363]    eta: 0:10:45  time: 0.0654  data_time: 0.0004  memory: 823  
2026/01/05 14:24:30 - mmengine - INFO - Epoch(test) [ 785/3363]    eta: 0:10:41  time: 0.0537  data_time: 0.0004  memory: 823  
2026/01/05 14:24:31 - mmengine - INFO - Epoch(test) [ 790/3363]    eta: 0:10:36  time: 0.0567  data_time: 0.0004  memory: 1058  
2026/01/05 14:24:31 - mmengine - INFO - Epoch(test) [ 795/3363]    eta: 0:10:33  time: 0.0786  data_time: 0.0004  memory: 1058  
2026/01/05 14:24:32 - mmengine - INFO - Epoch(test) [ 800/3363]    eta: 0:10:30  time: 0.1200  data_time: 0.0004  memory: 1058  
2026/01/05 14:24:32 - mmengine - INFO - Epoch(test) [ 805/3363]    eta: 0:10:26  time: 0.1083  data_time: 0.0004  memory: 823  
2026/01/05 14:24:33 - mmengine - INFO - Epoch(test) [ 810/3363]    eta: 0:10:22  time: 0.0761  data_time: 0.0004  memory: 1075  
2026/01/05 14:24:33 - mmengine - INFO - Epoch(test) [ 815/3363]    eta: 0:10:18  time: 0.0754  data_time: 0.0004  memory: 823  
2026/01/05 14:24:34 - mmengine - INFO - Epoch(test) [ 820/3363]    eta: 0:10:15  time: 0.0840  data_time: 0.0004  memory: 1058  
2026/01/05 14:24:34 - mmengine - INFO - Epoch(test) [ 825/3363]    eta: 0:10:12  time: 0.1234  data_time: 0.0004  memory: 823  
2026/01/05 14:24:35 - mmengine - INFO - Epoch(test) [ 830/3363]    eta: 0:10:08  time: 0.1009  data_time: 0.0004  memory: 823  
2026/01/05 14:24:35 - mmengine - INFO - Epoch(test) [ 835/3363]    eta: 0:10:04  time: 0.0671  data_time: 0.0004  memory: 1058  
2026/01/05 14:24:35 - mmengine - INFO - Epoch(test) [ 840/3363]    eta: 0:10:01  time: 0.0764  data_time: 0.0004  memory: 940  
2026/01/05 14:24:36 - mmengine - INFO - Epoch(test) [ 845/3363]    eta: 0:09:57  time: 0.0822  data_time: 0.0004  memory: 1058  
2026/01/05 14:24:36 - mmengine - INFO - Epoch(test) [ 850/3363]    eta: 0:09:53  time: 0.0743  data_time: 0.0004  memory: 823  
2026/01/05 14:24:36 - mmengine - INFO - Epoch(test) [ 855/3363]    eta: 0:09:50  time: 0.0595  data_time: 0.0004  memory: 923  
2026/01/05 14:24:37 - mmengine - INFO - Epoch(test) [ 860/3363]    eta: 0:09:46  time: 0.0586  data_time: 0.0004  memory: 823  
2026/01/05 14:24:37 - mmengine - INFO - Epoch(test) [ 865/3363]    eta: 0:09:42  time: 0.0602  data_time: 0.0004  memory: 923  
2026/01/05 14:24:37 - mmengine - INFO - Epoch(test) [ 870/3363]    eta: 0:09:39  time: 0.0644  data_time: 0.0004  memory: 823  
2026/01/05 14:24:38 - mmengine - INFO - Epoch(test) [ 875/3363]    eta: 0:09:35  time: 0.0794  data_time: 0.0004  memory: 923  
2026/01/05 14:24:38 - mmengine - INFO - Epoch(test) [ 880/3363]    eta: 0:09:32  time: 0.0759  data_time: 0.0004  memory: 1058  
2026/01/05 14:24:38 - mmengine - INFO - Epoch(test) [ 885/3363]    eta: 0:09:28  time: 0.0539  data_time: 0.0006  memory: 823  
2026/01/05 14:24:38 - mmengine - INFO - Epoch(test) [ 890/3363]    eta: 0:09:25  time: 0.0481  data_time: 0.0006  memory: 1058  
2026/01/05 14:24:39 - mmengine - INFO - Epoch(test) [ 895/3363]    eta: 0:09:21  time: 0.0506  data_time: 0.0004  memory: 823  
2026/01/05 14:24:39 - mmengine - INFO - Epoch(test) [ 900/3363]    eta: 0:09:17  time: 0.0518  data_time: 0.0004  memory: 1058  
2026/01/05 14:24:39 - mmengine - INFO - Epoch(test) [ 905/3363]    eta: 0:09:14  time: 0.0539  data_time: 0.0004  memory: 1058  
2026/01/05 14:24:40 - mmengine - INFO - Epoch(test) [ 910/3363]    eta: 0:09:11  time: 0.0648  data_time: 0.0004  memory: 1058  
2026/01/05 14:24:41 - mmengine - INFO - Epoch(test) [ 915/3363]    eta: 0:09:11  time: 0.1815  data_time: 0.0004  memory: 1177  
2026/01/05 14:24:41 - mmengine - INFO - Epoch(test) [ 920/3363]    eta: 0:09:07  time: 0.1671  data_time: 0.0004  memory: 1008  
2026/01/05 14:24:42 - mmengine - INFO - Epoch(test) [ 925/3363]    eta: 0:09:04  time: 0.0542  data_time: 0.0004  memory: 1058  
2026/01/05 14:24:43 - mmengine - INFO - Epoch(test) [ 930/3363]    eta: 0:09:04  time: 0.1956  data_time: 0.0004  memory: 13437  
2026/01/05 14:24:44 - mmengine - INFO - Epoch(test) [ 935/3363]    eta: 0:09:01  time: 0.1976  data_time: 0.0004  memory: 1058  
2026/01/05 14:24:44 - mmengine - INFO - Epoch(test) [ 940/3363]    eta: 0:08:58  time: 0.0900  data_time: 0.0004  memory: 823  
2026/01/05 14:24:45 - mmengine - INFO - Epoch(test) [ 945/3363]    eta: 0:08:55  time: 0.0871  data_time: 0.0005  memory: 1058  
2026/01/05 14:24:45 - mmengine - INFO - Epoch(test) [ 950/3363]    eta: 0:08:52  time: 0.0681  data_time: 0.0005  memory: 1058  
2026/01/05 14:24:45 - mmengine - INFO - Epoch(test) [ 955/3363]    eta: 0:08:49  time: 0.0760  data_time: 0.0004  memory: 1058  
2026/01/05 14:24:46 - mmengine - INFO - Epoch(test) [ 960/3363]    eta: 0:08:46  time: 0.0756  data_time: 0.0004  memory: 823  
2026/01/05 14:24:46 - mmengine - INFO - Epoch(test) [ 965/3363]    eta: 0:08:43  time: 0.0644  data_time: 0.0004  memory: 823  
2026/01/05 14:24:46 - mmengine - INFO - Epoch(test) [ 970/3363]    eta: 0:08:40  time: 0.0640  data_time: 0.0005  memory: 923  
2026/01/05 14:24:47 - mmengine - INFO - Epoch(test) [ 975/3363]    eta: 0:08:37  time: 0.0667  data_time: 0.0004  memory: 1058  
2026/01/05 14:24:47 - mmengine - INFO - Epoch(test) [ 980/3363]    eta: 0:08:34  time: 0.0560  data_time: 0.0004  memory: 1058  
2026/01/05 14:24:47 - mmengine - INFO - Epoch(test) [ 985/3363]    eta: 0:08:31  time: 0.0524  data_time: 0.0004  memory: 823  
2026/01/05 14:24:47 - mmengine - INFO - Epoch(test) [ 990/3363]    eta: 0:08:28  time: 0.0584  data_time: 0.0004  memory: 839  
2026/01/05 14:24:48 - mmengine - INFO - Epoch(test) [ 995/3363]    eta: 0:08:26  time: 0.0851  data_time: 0.0004  memory: 1058  
2026/01/05 14:24:48 - mmengine - INFO - Epoch(test) [1000/3363]    eta: 0:08:23  time: 0.0786  data_time: 0.0004  memory: 823  
2026/01/05 14:24:49 - mmengine - INFO - Epoch(test) [1005/3363]    eta: 0:08:20  time: 0.0589  data_time: 0.0004  memory: 1058  
2026/01/05 14:24:49 - mmengine - INFO - Epoch(test) [1010/3363]    eta: 0:08:17  time: 0.0560  data_time: 0.0004  memory: 823  
2026/01/05 14:24:49 - mmengine - INFO - Epoch(test) [1015/3363]    eta: 0:08:14  time: 0.0483  data_time: 0.0004  memory: 823  
2026/01/05 14:24:49 - mmengine - INFO - Epoch(test) [1020/3363]    eta: 0:08:12  time: 0.0617  data_time: 0.0004  memory: 823  
2026/01/05 14:24:50 - mmengine - INFO - Epoch(test) [1025/3363]    eta: 0:08:09  time: 0.0676  data_time: 0.0004  memory: 1058  
2026/01/05 14:24:50 - mmengine - INFO - Epoch(test) [1030/3363]    eta: 0:08:06  time: 0.0754  data_time: 0.0004  memory: 1058  
2026/01/05 14:24:50 - mmengine - INFO - Epoch(test) [1035/3363]    eta: 0:08:04  time: 0.0685  data_time: 0.0004  memory: 823  
2026/01/05 14:24:51 - mmengine - INFO - Epoch(test) [1040/3363]    eta: 0:08:01  time: 0.0671  data_time: 0.0004  memory: 823  
2026/01/05 14:24:51 - mmengine - INFO - Epoch(test) [1045/3363]    eta: 0:07:59  time: 0.0779  data_time: 0.0004  memory: 1058  
2026/01/05 14:24:52 - mmengine - INFO - Epoch(test) [1050/3363]    eta: 0:07:56  time: 0.0745  data_time: 0.0004  memory: 823  
2026/01/05 14:24:52 - mmengine - INFO - Epoch(test) [1055/3363]    eta: 0:07:54  time: 0.0772  data_time: 0.0004  memory: 1159  
2026/01/05 14:24:53 - mmengine - INFO - Epoch(test) [1060/3363]    eta: 0:07:53  time: 0.1599  data_time: 0.0004  memory: 11713  
2026/01/05 14:24:53 - mmengine - INFO - Epoch(test) [1065/3363]    eta: 0:07:50  time: 0.1490  data_time: 0.0004  memory: 823  
2026/01/05 14:24:54 - mmengine - INFO - Epoch(test) [1070/3363]    eta: 0:07:48  time: 0.0686  data_time: 0.0004  memory: 1058  
2026/01/05 14:24:54 - mmengine - INFO - Epoch(test) [1075/3363]    eta: 0:07:46  time: 0.0751  data_time: 0.0004  memory: 1058  
2026/01/05 14:24:54 - mmengine - INFO - Epoch(test) [1080/3363]    eta: 0:07:43  time: 0.0602  data_time: 0.0004  memory: 823  
2026/01/05 14:24:55 - mmengine - INFO - Epoch(test) [1085/3363]    eta: 0:07:41  time: 0.0609  data_time: 0.0004  memory: 823  
2026/01/05 14:24:55 - mmengine - INFO - Epoch(test) [1090/3363]    eta: 0:07:38  time: 0.0609  data_time: 0.0004  memory: 1058  
2026/01/05 14:24:55 - mmengine - INFO - Epoch(test) [1095/3363]    eta: 0:07:35  time: 0.0518  data_time: 0.0004  memory: 1109  
2026/01/05 14:24:56 - mmengine - INFO - Epoch(test) [1100/3363]    eta: 0:07:33  time: 0.0528  data_time: 0.0004  memory: 1058  
2026/01/05 14:24:57 - mmengine - INFO - Epoch(test) [1105/3363]    eta: 0:07:33  time: 0.1860  data_time: 0.0004  memory: 12026  
2026/01/05 14:24:57 - mmengine - INFO - Epoch(test) [1110/3363]    eta: 0:07:31  time: 0.1904  data_time: 0.0004  memory: 1058  
2026/01/05 14:24:58 - mmengine - INFO - Epoch(test) [1115/3363]    eta: 0:07:28  time: 0.0657  data_time: 0.0004  memory: 823  
2026/01/05 14:24:58 - mmengine - INFO - Epoch(test) [1120/3363]    eta: 0:07:26  time: 0.0722  data_time: 0.0004  memory: 823  
2026/01/05 14:24:58 - mmengine - INFO - Epoch(test) [1125/3363]    eta: 0:07:24  time: 0.0647  data_time: 0.0004  memory: 1058  
2026/01/05 14:24:59 - mmengine - INFO - Epoch(test) [1130/3363]    eta: 0:07:21  time: 0.0591  data_time: 0.0004  memory: 823  
2026/01/05 14:24:59 - mmengine - INFO - Epoch(test) [1135/3363]    eta: 0:07:19  time: 0.0675  data_time: 0.0004  memory: 1058  
2026/01/05 14:24:59 - mmengine - INFO - Epoch(test) [1140/3363]    eta: 0:07:17  time: 0.0632  data_time: 0.0004  memory: 1058  
2026/01/05 14:25:00 - mmengine - INFO - Epoch(test) [1145/3363]    eta: 0:07:15  time: 0.0676  data_time: 0.0004  memory: 1058  
2026/01/05 14:25:00 - mmengine - INFO - Epoch(test) [1150/3363]    eta: 0:07:12  time: 0.0656  data_time: 0.0004  memory: 1058  
2026/01/05 14:25:01 - mmengine - INFO - Epoch(test) [1155/3363]    eta: 0:07:11  time: 0.0861  data_time: 0.0004  memory: 1058  
2026/01/05 14:25:01 - mmengine - INFO - Epoch(test) [1160/3363]    eta: 0:07:08  time: 0.0894  data_time: 0.0004  memory: 1058  
2026/01/05 14:25:01 - mmengine - INFO - Epoch(test) [1165/3363]    eta: 0:07:06  time: 0.0656  data_time: 0.0004  memory: 1058  
2026/01/05 14:25:02 - mmengine - INFO - Epoch(test) [1170/3363]    eta: 0:07:04  time: 0.0663  data_time: 0.0004  memory: 1058  
2026/01/05 14:25:02 - mmengine - INFO - Epoch(test) [1175/3363]    eta: 0:07:02  time: 0.0646  data_time: 0.0004  memory: 923  
2026/01/05 14:25:02 - mmengine - INFO - Epoch(test) [1180/3363]    eta: 0:07:00  time: 0.0841  data_time: 0.0004  memory: 823  
2026/01/05 14:25:03 - mmengine - INFO - Epoch(test) [1185/3363]    eta: 0:06:58  time: 0.0781  data_time: 0.0004  memory: 1058  
2026/01/05 14:25:03 - mmengine - INFO - Epoch(test) [1190/3363]    eta: 0:06:56  time: 0.0589  data_time: 0.0004  memory: 923  
2026/01/05 14:25:04 - mmengine - INFO - Epoch(test) [1195/3363]    eta: 0:06:54  time: 0.0855  data_time: 0.0004  memory: 1058  
2026/01/05 14:25:04 - mmengine - INFO - Epoch(test) [1200/3363]    eta: 0:06:52  time: 0.1092  data_time: 0.0004  memory: 823  
2026/01/05 14:25:05 - mmengine - INFO - Epoch(test) [1205/3363]    eta: 0:06:51  time: 0.1082  data_time: 0.0004  memory: 1058  
2026/01/05 14:25:05 - mmengine - INFO - Epoch(test) [1210/3363]    eta: 0:06:49  time: 0.1156  data_time: 0.0004  memory: 1058  
2026/01/05 14:25:06 - mmengine - INFO - Epoch(test) [1215/3363]    eta: 0:06:47  time: 0.0907  data_time: 0.0004  memory: 923  
2026/01/05 14:25:06 - mmengine - INFO - Epoch(test) [1220/3363]    eta: 0:06:45  time: 0.0565  data_time: 0.0004  memory: 824  
2026/01/05 14:25:06 - mmengine - INFO - Epoch(test) [1225/3363]    eta: 0:06:43  time: 0.0676  data_time: 0.0004  memory: 1058  
2026/01/05 14:25:07 - mmengine - INFO - Epoch(test) [1230/3363]    eta: 0:06:41  time: 0.0745  data_time: 0.0004  memory: 839  
2026/01/05 14:25:07 - mmengine - INFO - Epoch(test) [1235/3363]    eta: 0:06:39  time: 0.0859  data_time: 0.0004  memory: 823  
2026/01/05 14:25:08 - mmengine - INFO - Epoch(test) [1240/3363]    eta: 0:06:38  time: 0.1111  data_time: 0.0004  memory: 1058  
2026/01/05 14:25:08 - mmengine - INFO - Epoch(test) [1245/3363]    eta: 0:06:36  time: 0.0948  data_time: 0.0004  memory: 823  
2026/01/05 14:25:09 - mmengine - INFO - Epoch(test) [1250/3363]    eta: 0:06:34  time: 0.0832  data_time: 0.0004  memory: 1058  
2026/01/05 14:25:09 - mmengine - INFO - Epoch(test) [1255/3363]    eta: 0:06:32  time: 0.0781  data_time: 0.0004  memory: 1058  
2026/01/05 14:25:09 - mmengine - INFO - Epoch(test) [1260/3363]    eta: 0:06:30  time: 0.0564  data_time: 0.0004  memory: 1058  
2026/01/05 14:25:09 - mmengine - INFO - Epoch(test) [1265/3363]    eta: 0:06:28  time: 0.0500  data_time: 0.0004  memory: 1058  
2026/01/05 14:25:10 - mmengine - INFO - Epoch(test) [1270/3363]    eta: 0:06:26  time: 0.0529  data_time: 0.0004  memory: 839  
2026/01/05 14:25:10 - mmengine - INFO - Epoch(test) [1275/3363]    eta: 0:06:24  time: 0.0525  data_time: 0.0004  memory: 823  
2026/01/05 14:25:10 - mmengine - INFO - Epoch(test) [1280/3363]    eta: 0:06:22  time: 0.0664  data_time: 0.0004  memory: 1058  
2026/01/05 14:25:11 - mmengine - INFO - Epoch(test) [1285/3363]    eta: 0:06:21  time: 0.0922  data_time: 0.0004  memory: 1058  
2026/01/05 14:25:11 - mmengine - INFO - Epoch(test) [1290/3363]    eta: 0:06:19  time: 0.0837  data_time: 0.0004  memory: 1058  
2026/01/05 14:25:11 - mmengine - INFO - Epoch(test) [1295/3363]    eta: 0:06:17  time: 0.0594  data_time: 0.0004  memory: 839  
2026/01/05 14:25:12 - mmengine - INFO - Epoch(test) [1300/3363]    eta: 0:06:15  time: 0.0532  data_time: 0.0004  memory: 1058  
2026/01/05 14:25:13 - mmengine - INFO - Epoch(test) [1305/3363]    eta: 0:06:14  time: 0.1383  data_time: 0.0004  memory: 1058  
2026/01/05 14:25:13 - mmengine - INFO - Epoch(test) [1310/3363]    eta: 0:06:13  time: 0.1505  data_time: 0.0004  memory: 1058  
2026/01/05 14:25:14 - mmengine - INFO - Epoch(test) [1315/3363]    eta: 0:06:11  time: 0.0741  data_time: 0.0004  memory: 1058  
2026/01/05 14:25:14 - mmengine - INFO - Epoch(test) [1320/3363]    eta: 0:06:10  time: 0.1155  data_time: 0.0004  memory: 1058  
2026/01/05 14:25:15 - mmengine - INFO - Epoch(test) [1325/3363]    eta: 0:06:08  time: 0.1153  data_time: 0.0004  memory: 1058  
2026/01/05 14:25:15 - mmengine - INFO - Epoch(test) [1330/3363]    eta: 0:06:06  time: 0.0594  data_time: 0.0004  memory: 839  
2026/01/05 14:25:15 - mmengine - INFO - Epoch(test) [1335/3363]    eta: 0:06:04  time: 0.0523  data_time: 0.0004  memory: 1159  
2026/01/05 14:25:16 - mmengine - INFO - Epoch(test) [1340/3363]    eta: 0:06:02  time: 0.0580  data_time: 0.0004  memory: 1058  
2026/01/05 14:25:16 - mmengine - INFO - Epoch(test) [1345/3363]    eta: 0:06:01  time: 0.0655  data_time: 0.0004  memory: 1058  
2026/01/05 14:25:16 - mmengine - INFO - Epoch(test) [1350/3363]    eta: 0:05:59  time: 0.0668  data_time: 0.0004  memory: 1058  
2026/01/05 14:25:17 - mmengine - INFO - Epoch(test) [1355/3363]    eta: 0:05:58  time: 0.0986  data_time: 0.0004  memory: 1058  
2026/01/05 14:25:17 - mmengine - INFO - Epoch(test) [1360/3363]    eta: 0:05:56  time: 0.1031  data_time: 0.0004  memory: 1058  
2026/01/05 14:25:18 - mmengine - INFO - Epoch(test) [1365/3363]    eta: 0:05:54  time: 0.0737  data_time: 0.0004  memory: 923  
2026/01/05 14:25:19 - mmengine - INFO - Epoch(test) [1370/3363]    eta: 0:05:54  time: 0.1855  data_time: 0.0005  memory: 9356  
2026/01/05 14:25:21 - mmengine - INFO - Epoch(test) [1375/3363]    eta: 0:05:55  time: 0.3349  data_time: 0.0004  memory: 14534  
2026/01/05 14:25:25 - mmengine - INFO - Epoch(test) [1380/3363]    eta: 0:05:58  time: 0.5503  data_time: 0.0005  memory: 14848  
2026/01/05 14:25:25 - mmengine - INFO - Epoch(test) [1385/3363]    eta: 0:05:56  time: 0.4159  data_time: 0.0005  memory: 1109  
2026/01/05 14:25:26 - mmengine - INFO - Epoch(test) [1390/3363]    eta: 0:05:55  time: 0.1044  data_time: 0.0005  memory: 1646  
2026/01/05 14:25:30 - mmengine - INFO - Epoch(test) [1395/3363]    eta: 0:05:59  time: 0.4755  data_time: 0.0005  memory: 16416  
2026/01/05 14:25:32 - mmengine - INFO - Epoch(test) [1400/3363]    eta: 0:06:00  time: 0.6446  data_time: 0.0005  memory: 15945  
2026/01/05 14:25:34 - mmengine - INFO - Epoch(test) [1405/3363]    eta: 0:06:00  time: 0.3825  data_time: 0.0005  memory: 9090  
2026/01/05 14:25:35 - mmengine - INFO - Epoch(test) [1410/3363]    eta: 0:05:59  time: 0.2989  data_time: 0.0005  memory: 10772  
2026/01/05 14:25:37 - mmengine - INFO - Epoch(test) [1415/3363]    eta: 0:06:00  time: 0.3099  data_time: 0.0005  memory: 9442  
2026/01/05 14:25:39 - mmengine - INFO - Epoch(test) [1420/3363]    eta: 0:06:00  time: 0.3475  data_time: 0.0004  memory: 13280  
2026/01/05 14:25:39 - mmengine - INFO - Epoch(test) [1425/3363]    eta: 0:05:58  time: 0.2294  data_time: 0.0004  memory: 1461  
2026/01/05 14:25:41 - mmengine - INFO - Epoch(test) [1430/3363]    eta: 0:05:59  time: 0.2508  data_time: 0.0004  memory: 14221  
2026/01/05 14:25:42 - mmengine - INFO - Epoch(test) [1435/3363]    eta: 0:05:58  time: 0.2560  data_time: 0.0005  memory: 1847  
2026/01/05 14:25:42 - mmengine - INFO - Epoch(test) [1440/3363]    eta: 0:05:56  time: 0.1168  data_time: 0.0004  memory: 1277  
2026/01/05 14:25:43 - mmengine - INFO - Epoch(test) [1445/3363]    eta: 0:05:55  time: 0.1381  data_time: 0.0004  memory: 1663  
2026/01/05 14:25:44 - mmengine - INFO - Epoch(test) [1450/3363]    eta: 0:05:54  time: 0.1478  data_time: 0.0004  memory: 2184  
2026/01/05 14:25:46 - mmengine - INFO - Epoch(test) [1455/3363]    eta: 0:05:54  time: 0.2730  data_time: 0.0005  memory: 9410  
2026/01/05 14:25:49 - mmengine - INFO - Epoch(test) [1460/3363]    eta: 0:05:57  time: 0.5446  data_time: 0.0005  memory: 17043  
2026/01/05 14:25:51 - mmengine - INFO - Epoch(test) [1465/3363]    eta: 0:05:57  time: 0.5332  data_time: 0.0005  memory: 13751  
2026/01/05 14:25:53 - mmengine - INFO - Epoch(test) [1470/3363]    eta: 0:05:58  time: 0.4066  data_time: 0.0004  memory: 16259  
2026/01/05 14:25:55 - mmengine - INFO - Epoch(test) [1475/3363]    eta: 0:05:58  time: 0.3831  data_time: 0.0005  memory: 9342  
2026/01/05 14:25:58 - mmengine - INFO - Epoch(test) [1480/3363]    eta: 0:05:59  time: 0.4376  data_time: 0.0005  memory: 17485  
2026/01/05 14:25:58 - mmengine - INFO - Epoch(test) [1485/3363]    eta: 0:05:58  time: 0.3422  data_time: 0.0006  memory: 1327  
2026/01/05 14:26:01 - mmengine - INFO - Epoch(test) [1490/3363]    eta: 0:05:59  time: 0.3713  data_time: 0.0006  memory: 15161  
2026/01/05 14:26:05 - mmengine - INFO - Epoch(test) [1495/3363]    eta: 0:06:01  time: 0.6454  data_time: 0.0005  memory: 16102  
2026/01/05 14:26:05 - mmengine - INFO - Epoch(test) [1500/3363]    eta: 0:06:00  time: 0.4161  data_time: 0.0005  memory: 1595  
2026/01/05 14:26:07 - mmengine - INFO - Epoch(test) [1505/3363]    eta: 0:06:00  time: 0.2541  data_time: 0.0005  memory: 13437  
2026/01/05 14:26:08 - mmengine - INFO - Epoch(test) [1510/3363]    eta: 0:05:59  time: 0.2409  data_time: 0.0006  memory: 1545  
2026/01/05 14:26:09 - mmengine - INFO - Epoch(test) [1515/3363]    eta: 0:05:57  time: 0.1170  data_time: 0.0006  memory: 1344  
2026/01/05 14:26:09 - mmengine - INFO - Epoch(test) [1520/3363]    eta: 0:05:56  time: 0.1305  data_time: 0.0005  memory: 1713  
2026/01/05 14:26:11 - mmengine - INFO - Epoch(test) [1525/3363]    eta: 0:05:56  time: 0.2483  data_time: 0.0004  memory: 14378  
2026/01/05 14:26:14 - mmengine - INFO - Epoch(test) [1530/3363]    eta: 0:05:57  time: 0.4365  data_time: 0.0004  memory: 9424  
2026/01/05 14:26:16 - mmengine - INFO - Epoch(test) [1535/3363]    eta: 0:05:57  time: 0.4595  data_time: 0.0005  memory: 13907  
2026/01/05 14:26:17 - mmengine - INFO - Epoch(test) [1540/3363]    eta: 0:05:57  time: 0.3705  data_time: 0.0005  memory: 9350  
2026/01/05 14:26:19 - mmengine - INFO - Epoch(test) [1545/3363]    eta: 0:05:57  time: 0.3084  data_time: 0.0006  memory: 10459  
2026/01/05 14:26:19 - mmengine - INFO - Epoch(test) [1550/3363]    eta: 0:05:55  time: 0.2111  data_time: 0.0005  memory: 1428  
2026/01/05 14:26:21 - mmengine - INFO - Epoch(test) [1555/3363]    eta: 0:05:55  time: 0.2477  data_time: 0.0004  memory: 11095  
2026/01/05 14:26:23 - mmengine - INFO - Epoch(test) [1560/3363]    eta: 0:05:56  time: 0.4101  data_time: 0.0005  memory: 10998  
2026/01/05 14:26:24 - mmengine - INFO - Epoch(test) [1565/3363]    eta: 0:05:55  time: 0.3076  data_time: 0.0005  memory: 1445  
2026/01/05 14:26:25 - mmengine - INFO - Epoch(test) [1570/3363]    eta: 0:05:53  time: 0.1287  data_time: 0.0005  memory: 1478  
2026/01/05 14:26:25 - mmengine - INFO - Epoch(test) [1575/3363]    eta: 0:05:52  time: 0.1072  data_time: 0.0005  memory: 1546  
2026/01/05 14:26:28 - mmengine - INFO - Epoch(test) [1580/3363]    eta: 0:05:52  time: 0.2826  data_time: 0.0006  memory: 16886  
2026/01/05 14:26:30 - mmengine - INFO - Epoch(test) [1585/3363]    eta: 0:05:52  time: 0.4285  data_time: 0.0006  memory: 17513  
2026/01/05 14:26:32 - mmengine - INFO - Epoch(test) [1590/3363]    eta: 0:05:52  time: 0.3970  data_time: 0.0005  memory: 16729  
2026/01/05 14:26:34 - mmengine - INFO - Epoch(test) [1595/3363]    eta: 0:05:53  time: 0.4085  data_time: 0.0005  memory: 15475  
2026/01/05 14:26:37 - mmengine - INFO - Epoch(test) [1600/3363]    eta: 0:05:54  time: 0.5223  data_time: 0.0005  memory: 17357  
2026/01/05 14:26:38 - mmengine - INFO - Epoch(test) [1605/3363]    eta: 0:05:53  time: 0.3997  data_time: 0.0005  memory: 1445  
2026/01/05 14:26:38 - mmengine - INFO - Epoch(test) [1610/3363]    eta: 0:05:51  time: 0.1449  data_time: 0.0005  memory: 1646  
2026/01/05 14:26:41 - mmengine - INFO - Epoch(test) [1615/3363]    eta: 0:05:52  time: 0.3058  data_time: 0.0004  memory: 17458  
2026/01/05 14:26:41 - mmengine - INFO - Epoch(test) [1620/3363]    eta: 0:05:50  time: 0.3041  data_time: 0.0004  memory: 1277  
2026/01/05 14:26:42 - mmengine - INFO - Epoch(test) [1625/3363]    eta: 0:05:49  time: 0.1284  data_time: 0.0004  memory: 1982  
2026/01/05 14:26:43 - mmengine - INFO - Epoch(test) [1630/3363]    eta: 0:05:48  time: 0.1366  data_time: 0.0005  memory: 1898  
2026/01/05 14:26:43 - mmengine - INFO - Epoch(test) [1635/3363]    eta: 0:05:46  time: 0.1270  data_time: 0.0005  memory: 1948  
2026/01/05 14:26:45 - mmengine - INFO - Epoch(test) [1640/3363]    eta: 0:05:46  time: 0.2290  data_time: 0.0005  memory: 9439  
2026/01/05 14:26:45 - mmengine - INFO - Epoch(test) [1645/3363]    eta: 0:05:44  time: 0.2200  data_time: 0.0005  memory: 1998  
2026/01/05 14:26:46 - mmengine - INFO - Epoch(test) [1650/3363]    eta: 0:05:43  time: 0.1043  data_time: 0.0005  memory: 2116  
2026/01/05 14:26:48 - mmengine - INFO - Epoch(test) [1655/3363]    eta: 0:05:43  time: 0.2489  data_time: 0.0005  memory: 17199  
2026/01/05 14:26:49 - mmengine - INFO - Epoch(test) [1660/3363]    eta: 0:05:42  time: 0.2587  data_time: 0.0005  memory: 1361  
2026/01/05 14:26:49 - mmengine - INFO - Epoch(test) [1665/3363]    eta: 0:05:40  time: 0.1319  data_time: 0.0005  memory: 1277  
2026/01/05 14:26:51 - mmengine - INFO - Epoch(test) [1670/3363]    eta: 0:05:40  time: 0.2484  data_time: 0.0005  memory: 9371  
2026/01/05 14:26:53 - mmengine - INFO - Epoch(test) [1675/3363]    eta: 0:05:40  time: 0.3329  data_time: 0.0006  memory: 10302  
2026/01/05 14:26:53 - mmengine - INFO - Epoch(test) [1680/3363]    eta: 0:05:38  time: 0.2087  data_time: 0.0006  memory: 1361  
2026/01/05 14:26:54 - mmengine - INFO - Epoch(test) [1685/3363]    eta: 0:05:37  time: 0.1270  data_time: 0.0006  memory: 1227  
2026/01/05 14:26:55 - mmengine - INFO - Epoch(test) [1690/3363]    eta: 0:05:35  time: 0.1423  data_time: 0.0005  memory: 2183  
2026/01/05 14:26:55 - mmengine - INFO - Epoch(test) [1695/3363]    eta: 0:05:34  time: 0.1247  data_time: 0.0005  memory: 1579  
2026/01/05 14:26:56 - mmengine - INFO - Epoch(test) [1700/3363]    eta: 0:05:33  time: 0.1350  data_time: 0.0005  memory: 1914  
2026/01/05 14:26:58 - mmengine - INFO - Epoch(test) [1705/3363]    eta: 0:05:32  time: 0.2473  data_time: 0.0005  memory: 9379  
2026/01/05 14:26:58 - mmengine - INFO - Epoch(test) [1710/3363]    eta: 0:05:31  time: 0.2513  data_time: 0.0005  memory: 1613  
2026/01/05 14:26:59 - mmengine - INFO - Epoch(test) [1715/3363]    eta: 0:05:30  time: 0.1328  data_time: 0.0005  memory: 1512  
2026/01/05 14:27:01 - mmengine - INFO - Epoch(test) [1720/3363]    eta: 0:05:29  time: 0.2140  data_time: 0.0005  memory: 9386  
2026/01/05 14:27:01 - mmengine - INFO - Epoch(test) [1725/3363]    eta: 0:05:28  time: 0.2530  data_time: 0.0005  memory: 2183  
2026/01/05 14:27:02 - mmengine - INFO - Epoch(test) [1730/3363]    eta: 0:05:27  time: 0.1454  data_time: 0.0005  memory: 1780  
2026/01/05 14:27:03 - mmengine - INFO - Epoch(test) [1735/3363]    eta: 0:05:26  time: 0.1644  data_time: 0.0005  memory: 1394  
2026/01/05 14:27:04 - mmengine - INFO - Epoch(test) [1740/3363]    eta: 0:05:25  time: 0.2216  data_time: 0.0005  memory: 1763  
2026/01/05 14:27:06 - mmengine - INFO - Epoch(test) [1745/3363]    eta: 0:05:25  time: 0.2904  data_time: 0.0005  memory: 9334  
2026/01/05 14:27:07 - mmengine - INFO - Epoch(test) [1750/3363]    eta: 0:05:24  time: 0.2491  data_time: 0.0005  memory: 2183  
2026/01/05 14:27:08 - mmengine - INFO - Epoch(test) [1755/3363]    eta: 0:05:22  time: 0.1659  data_time: 0.0008  memory: 2066  
2026/01/05 14:27:09 - mmengine - INFO - Epoch(test) [1760/3363]    eta: 0:05:22  time: 0.2413  data_time: 0.0009  memory: 1931  
2026/01/05 14:27:10 - mmengine - INFO - Epoch(test) [1765/3363]    eta: 0:05:21  time: 0.2104  data_time: 0.0005  memory: 1797  
2026/01/05 14:27:13 - mmengine - INFO - Epoch(test) [1770/3363]    eta: 0:05:21  time: 0.3543  data_time: 0.0005  memory: 9831  
2026/01/05 14:27:13 - mmengine - INFO - Epoch(test) [1775/3363]    eta: 0:05:20  time: 0.3597  data_time: 0.0005  memory: 2099  
2026/01/05 14:27:14 - mmengine - INFO - Epoch(test) [1780/3363]    eta: 0:05:19  time: 0.1437  data_time: 0.0005  memory: 1797  
2026/01/05 14:27:15 - mmengine - INFO - Epoch(test) [1785/3363]    eta: 0:05:17  time: 0.1147  data_time: 0.0005  memory: 1411  
2026/01/05 14:27:15 - mmengine - INFO - Epoch(test) [1790/3363]    eta: 0:05:16  time: 0.1194  data_time: 0.0004  memory: 1579  
2026/01/05 14:27:18 - mmengine - INFO - Epoch(test) [1795/3363]    eta: 0:05:16  time: 0.3394  data_time: 0.0004  memory: 17670  
2026/01/05 14:27:19 - mmengine - INFO - Epoch(test) [1800/3363]    eta: 0:05:15  time: 0.3719  data_time: 0.0005  memory: 1663  
2026/01/05 14:27:20 - mmengine - INFO - Epoch(test) [1805/3363]    eta: 0:05:14  time: 0.1713  data_time: 0.0005  memory: 1327  
2026/01/05 14:27:21 - mmengine - INFO - Epoch(test) [1810/3363]    eta: 0:05:14  time: 0.2281  data_time: 0.0005  memory: 11086  
2026/01/05 14:27:22 - mmengine - INFO - Epoch(test) [1815/3363]    eta: 0:05:12  time: 0.2366  data_time: 0.0005  memory: 2066  
2026/01/05 14:27:23 - mmengine - INFO - Epoch(test) [1820/3363]    eta: 0:05:11  time: 0.1601  data_time: 0.0005  memory: 2032  
2026/01/05 14:27:24 - mmengine - INFO - Epoch(test) [1825/3363]    eta: 0:05:10  time: 0.1737  data_time: 0.0004  memory: 1814  
2026/01/05 14:27:25 - mmengine - INFO - Epoch(test) [1830/3363]    eta: 0:05:09  time: 0.1801  data_time: 0.0005  memory: 2183  
2026/01/05 14:27:25 - mmengine - INFO - Epoch(test) [1835/3363]    eta: 0:05:08  time: 0.1610  data_time: 0.0005  memory: 1679  
2026/01/05 14:27:26 - mmengine - INFO - Epoch(test) [1840/3363]    eta: 0:05:06  time: 0.1249  data_time: 0.0005  memory: 1998  
2026/01/05 14:27:27 - mmengine - INFO - Epoch(test) [1845/3363]    eta: 0:05:05  time: 0.1153  data_time: 0.0005  memory: 1361  
2026/01/05 14:27:27 - mmengine - INFO - Epoch(test) [1850/3363]    eta: 0:05:04  time: 0.1486  data_time: 0.0005  memory: 1746  
2026/01/05 14:27:28 - mmengine - INFO - Epoch(test) [1855/3363]    eta: 0:05:03  time: 0.1577  data_time: 0.0005  memory: 1746  
2026/01/05 14:27:29 - mmengine - INFO - Epoch(test) [1860/3363]    eta: 0:05:01  time: 0.1161  data_time: 0.0005  memory: 1797  
2026/01/05 14:27:29 - mmengine - INFO - Epoch(test) [1865/3363]    eta: 0:05:00  time: 0.0995  data_time: 0.0004  memory: 1260  
2026/01/05 14:27:30 - mmengine - INFO - Epoch(test) [1870/3363]    eta: 0:04:59  time: 0.1160  data_time: 0.0005  memory: 1763  
2026/01/05 14:27:31 - mmengine - INFO - Epoch(test) [1875/3363]    eta: 0:04:58  time: 0.2186  data_time: 0.0005  memory: 9142  
2026/01/05 14:27:32 - mmengine - INFO - Epoch(test) [1880/3363]    eta: 0:04:57  time: 0.2507  data_time: 0.0005  memory: 1797  
2026/01/05 14:27:33 - mmengine - INFO - Epoch(test) [1885/3363]    eta: 0:04:56  time: 0.1788  data_time: 0.0005  memory: 2183  
2026/01/05 14:27:34 - mmengine - INFO - Epoch(test) [1890/3363]    eta: 0:04:55  time: 0.1633  data_time: 0.0005  memory: 2251  
2026/01/05 14:27:34 - mmengine - INFO - Epoch(test) [1895/3363]    eta: 0:04:53  time: 0.1282  data_time: 0.0004  memory: 1898  
2026/01/05 14:27:36 - mmengine - INFO - Epoch(test) [1900/3363]    eta: 0:04:53  time: 0.2299  data_time: 0.0005  memory: 9349  
2026/01/05 14:27:37 - mmengine - INFO - Epoch(test) [1905/3363]    eta: 0:04:52  time: 0.2947  data_time: 0.0005  memory: 2183  
2026/01/05 14:27:38 - mmengine - INFO - Epoch(test) [1910/3363]    eta: 0:04:51  time: 0.1781  data_time: 0.0005  memory: 2250  
2026/01/05 14:27:38 - mmengine - INFO - Epoch(test) [1915/3363]    eta: 0:04:49  time: 0.1195  data_time: 0.0005  memory: 2250  
2026/01/05 14:27:39 - mmengine - INFO - Epoch(test) [1920/3363]    eta: 0:04:48  time: 0.1309  data_time: 0.0005  memory: 2183  
2026/01/05 14:27:42 - mmengine - INFO - Epoch(test) [1925/3363]    eta: 0:04:48  time: 0.3128  data_time: 0.0005  memory: 15005  
2026/01/05 14:27:44 - mmengine - INFO - Epoch(test) [1930/3363]    eta: 0:04:48  time: 0.4487  data_time: 0.0005  memory: 9394  
2026/01/05 14:27:44 - mmengine - INFO - Epoch(test) [1935/3363]    eta: 0:04:47  time: 0.2759  data_time: 0.0005  memory: 1143  
2026/01/05 14:27:45 - mmengine - INFO - Epoch(test) [1940/3363]    eta: 0:04:45  time: 0.1164  data_time: 0.0005  memory: 2116  
2026/01/05 14:27:46 - mmengine - INFO - Epoch(test) [1945/3363]    eta: 0:04:44  time: 0.1252  data_time: 0.0004  memory: 2049  
2026/01/05 14:27:46 - mmengine - INFO - Epoch(test) [1950/3363]    eta: 0:04:43  time: 0.1398  data_time: 0.0004  memory: 1763  
2026/01/05 14:27:47 - mmengine - INFO - Epoch(test) [1955/3363]    eta: 0:04:42  time: 0.1604  data_time: 0.0005  memory: 2116  
2026/01/05 14:27:48 - mmengine - INFO - Epoch(test) [1960/3363]    eta: 0:04:41  time: 0.1563  data_time: 0.0006  memory: 2116  
2026/01/05 14:27:49 - mmengine - INFO - Epoch(test) [1965/3363]    eta: 0:04:39  time: 0.1412  data_time: 0.0006  memory: 2183  
2026/01/05 14:27:49 - mmengine - INFO - Epoch(test) [1970/3363]    eta: 0:04:38  time: 0.1454  data_time: 0.0005  memory: 1478  
2026/01/05 14:27:50 - mmengine - INFO - Epoch(test) [1975/3363]    eta: 0:04:37  time: 0.1677  data_time: 0.0004  memory: 1629  
2026/01/05 14:27:51 - mmengine - INFO - Epoch(test) [1980/3363]    eta: 0:04:36  time: 0.1400  data_time: 0.0004  memory: 1780  
2026/01/05 14:27:52 - mmengine - INFO - Epoch(test) [1985/3363]    eta: 0:04:35  time: 0.1423  data_time: 0.0005  memory: 1445  
2026/01/05 14:27:53 - mmengine - INFO - Epoch(test) [1990/3363]    eta: 0:04:34  time: 0.1721  data_time: 0.0005  memory: 1277  
2026/01/05 14:27:53 - mmengine - INFO - Epoch(test) [1995/3363]    eta: 0:04:32  time: 0.1327  data_time: 0.0005  memory: 2099  
2026/01/05 14:27:54 - mmengine - INFO - Epoch(test) [2000/3363]    eta: 0:04:31  time: 0.1509  data_time: 0.0005  memory: 1545  
2026/01/05 14:27:55 - mmengine - INFO - Epoch(test) [2005/3363]    eta: 0:04:30  time: 0.1578  data_time: 0.0004  memory: 1763  
2026/01/05 14:27:55 - mmengine - INFO - Epoch(test) [2010/3363]    eta: 0:04:29  time: 0.1259  data_time: 0.0004  memory: 2116  
2026/01/05 14:27:56 - mmengine - INFO - Epoch(test) [2015/3363]    eta: 0:04:28  time: 0.1275  data_time: 0.0004  memory: 1730  
2026/01/05 14:27:57 - mmengine - INFO - Epoch(test) [2020/3363]    eta: 0:04:26  time: 0.1429  data_time: 0.0006  memory: 1847  
2026/01/05 14:27:57 - mmengine - INFO - Epoch(test) [2025/3363]    eta: 0:04:25  time: 0.1546  data_time: 0.0006  memory: 1780  
2026/01/05 14:27:58 - mmengine - INFO - Epoch(test) [2030/3363]    eta: 0:04:24  time: 0.1682  data_time: 0.0005  memory: 1495  
2026/01/05 14:27:59 - mmengine - INFO - Epoch(test) [2035/3363]    eta: 0:04:23  time: 0.1414  data_time: 0.0005  memory: 1495  
2026/01/05 14:27:59 - mmengine - INFO - Epoch(test) [2040/3363]    eta: 0:04:22  time: 0.0911  data_time: 0.0005  memory: 1159  
2026/01/05 14:28:01 - mmengine - INFO - Epoch(test) [2045/3363]    eta: 0:04:21  time: 0.1991  data_time: 0.0004  memory: 10609  
2026/01/05 14:28:02 - mmengine - INFO - Epoch(test) [2050/3363]    eta: 0:04:20  time: 0.2472  data_time: 0.0004  memory: 1613  
2026/01/05 14:28:02 - mmengine - INFO - Epoch(test) [2055/3363]    eta: 0:04:19  time: 0.1366  data_time: 0.0004  memory: 1528  
2026/01/05 14:28:03 - mmengine - INFO - Epoch(test) [2060/3363]    eta: 0:04:17  time: 0.1049  data_time: 0.0004  memory: 1495  
2026/01/05 14:28:03 - mmengine - INFO - Epoch(test) [2065/3363]    eta: 0:04:16  time: 0.1158  data_time: 0.0005  memory: 1629  
2026/01/05 14:28:04 - mmengine - INFO - Epoch(test) [2070/3363]    eta: 0:04:15  time: 0.1306  data_time: 0.0004  memory: 1948  
2026/01/05 14:28:05 - mmengine - INFO - Epoch(test) [2075/3363]    eta: 0:04:14  time: 0.1523  data_time: 0.0004  memory: 2250  
2026/01/05 14:28:07 - mmengine - INFO - Epoch(test) [2080/3363]    eta: 0:04:13  time: 0.2785  data_time: 0.0005  memory: 9432  
2026/01/05 14:28:07 - mmengine - INFO - Epoch(test) [2085/3363]    eta: 0:04:12  time: 0.2444  data_time: 0.0005  memory: 1478  
2026/01/05 14:28:08 - mmengine - INFO - Epoch(test) [2090/3363]    eta: 0:04:11  time: 0.1299  data_time: 0.0005  memory: 2066  
2026/01/05 14:28:09 - mmengine - INFO - Epoch(test) [2095/3363]    eta: 0:04:10  time: 0.1477  data_time: 0.0005  memory: 1461  
2026/01/05 14:28:09 - mmengine - INFO - Epoch(test) [2100/3363]    eta: 0:04:09  time: 0.1160  data_time: 0.0005  memory: 1411  
2026/01/05 14:28:10 - mmengine - INFO - Epoch(test) [2105/3363]    eta: 0:04:08  time: 0.1513  data_time: 0.0005  memory: 2015  
2026/01/05 14:28:11 - mmengine - INFO - Epoch(test) [2110/3363]    eta: 0:04:07  time: 0.1854  data_time: 0.0005  memory: 1982  
2026/01/05 14:28:12 - mmengine - INFO - Epoch(test) [2115/3363]    eta: 0:04:05  time: 0.1427  data_time: 0.0005  memory: 1797  
2026/01/05 14:28:14 - mmengine - INFO - Epoch(test) [2120/3363]    eta: 0:04:05  time: 0.2487  data_time: 0.0005  memory: 15318  
2026/01/05 14:28:14 - mmengine - INFO - Epoch(test) [2125/3363]    eta: 0:04:04  time: 0.2469  data_time: 0.0005  memory: 1394  
2026/01/05 14:28:15 - mmengine - INFO - Epoch(test) [2130/3363]    eta: 0:04:02  time: 0.1277  data_time: 0.0005  memory: 1730  
2026/01/05 14:28:15 - mmengine - INFO - Epoch(test) [2135/3363]    eta: 0:04:01  time: 0.1210  data_time: 0.0005  memory: 1562  
2026/01/05 14:28:16 - mmengine - INFO - Epoch(test) [2140/3363]    eta: 0:04:00  time: 0.1069  data_time: 0.0005  memory: 1461  
2026/01/05 14:28:18 - mmengine - INFO - Epoch(test) [2145/3363]    eta: 0:04:00  time: 0.2743  data_time: 0.0004  memory: 16572  
2026/01/05 14:28:19 - mmengine - INFO - Epoch(test) [2150/3363]    eta: 0:03:59  time: 0.2978  data_time: 0.0004  memory: 1595  
2026/01/05 14:28:20 - mmengine - INFO - Epoch(test) [2155/3363]    eta: 0:03:58  time: 0.2105  data_time: 0.0004  memory: 10616  
2026/01/05 14:28:21 - mmengine - INFO - Epoch(test) [2160/3363]    eta: 0:03:57  time: 0.2112  data_time: 0.0004  memory: 1847  
2026/01/05 14:28:22 - mmengine - INFO - Epoch(test) [2165/3363]    eta: 0:03:56  time: 0.1929  data_time: 0.0004  memory: 2250  
2026/01/05 14:28:23 - mmengine - INFO - Epoch(test) [2170/3363]    eta: 0:03:55  time: 0.1668  data_time: 0.0004  memory: 2251  
2026/01/05 14:28:24 - mmengine - INFO - Epoch(test) [2175/3363]    eta: 0:03:54  time: 0.1551  data_time: 0.0004  memory: 2250  
2026/01/05 14:28:24 - mmengine - INFO - Epoch(test) [2180/3363]    eta: 0:03:52  time: 0.1464  data_time: 0.0004  memory: 1394  
2026/01/05 14:28:25 - mmengine - INFO - Epoch(test) [2185/3363]    eta: 0:03:51  time: 0.1039  data_time: 0.0004  memory: 1478  
2026/01/05 14:28:25 - mmengine - INFO - Epoch(test) [2190/3363]    eta: 0:03:50  time: 0.1187  data_time: 0.0004  memory: 1528  
2026/01/05 14:28:26 - mmengine - INFO - Epoch(test) [2195/3363]    eta: 0:03:49  time: 0.1330  data_time: 0.0009  memory: 1310  
2026/01/05 14:28:27 - mmengine - INFO - Epoch(test) [2200/3363]    eta: 0:03:48  time: 0.1468  data_time: 0.0010  memory: 1982  
2026/01/05 14:28:28 - mmengine - INFO - Epoch(test) [2205/3363]    eta: 0:03:47  time: 0.1467  data_time: 0.0005  memory: 2183  
2026/01/05 14:28:28 - mmengine - INFO - Epoch(test) [2210/3363]    eta: 0:03:45  time: 0.1335  data_time: 0.0005  memory: 1562  
2026/01/05 14:28:29 - mmengine - INFO - Epoch(test) [2215/3363]    eta: 0:03:44  time: 0.1567  data_time: 0.0004  memory: 1746  
2026/01/05 14:28:30 - mmengine - INFO - Epoch(test) [2220/3363]    eta: 0:03:43  time: 0.1868  data_time: 0.0004  memory: 1830  
2026/01/05 14:28:31 - mmengine - INFO - Epoch(test) [2225/3363]    eta: 0:03:42  time: 0.1362  data_time: 0.0004  memory: 1211  
2026/01/05 14:28:31 - mmengine - INFO - Epoch(test) [2230/3363]    eta: 0:03:41  time: 0.1051  data_time: 0.0004  memory: 1310  
2026/01/05 14:28:32 - mmengine - INFO - Epoch(test) [2235/3363]    eta: 0:03:40  time: 0.1031  data_time: 0.0004  memory: 1243  
2026/01/05 14:28:32 - mmengine - INFO - Epoch(test) [2240/3363]    eta: 0:03:39  time: 0.1011  data_time: 0.0004  memory: 1613  
2026/01/05 14:28:34 - mmengine - INFO - Epoch(test) [2245/3363]    eta: 0:03:38  time: 0.2148  data_time: 0.0004  memory: 9401  
2026/01/05 14:28:35 - mmengine - INFO - Epoch(test) [2250/3363]    eta: 0:03:37  time: 0.2288  data_time: 0.0004  memory: 1831  
2026/01/05 14:28:35 - mmengine - INFO - Epoch(test) [2255/3363]    eta: 0:03:36  time: 0.1618  data_time: 0.0004  memory: 1562  
2026/01/05 14:28:36 - mmengine - INFO - Epoch(test) [2260/3363]    eta: 0:03:35  time: 0.1709  data_time: 0.0004  memory: 1696  
2026/01/05 14:28:37 - mmengine - INFO - Epoch(test) [2265/3363]    eta: 0:03:34  time: 0.1764  data_time: 0.0004  memory: 1579  
2026/01/05 14:28:38 - mmengine - INFO - Epoch(test) [2270/3363]    eta: 0:03:33  time: 0.1440  data_time: 0.0004  memory: 1780  
2026/01/05 14:28:38 - mmengine - INFO - Epoch(test) [2275/3363]    eta: 0:03:31  time: 0.1201  data_time: 0.0004  memory: 2183  
2026/01/05 14:28:39 - mmengine - INFO - Epoch(test) [2280/3363]    eta: 0:03:30  time: 0.1621  data_time: 0.0005  memory: 1830  
2026/01/05 14:28:40 - mmengine - INFO - Epoch(test) [2285/3363]    eta: 0:03:29  time: 0.1659  data_time: 0.0005  memory: 2251  
2026/01/05 14:28:41 - mmengine - INFO - Epoch(test) [2290/3363]    eta: 0:03:28  time: 0.1449  data_time: 0.0005  memory: 1528  
2026/01/05 14:28:41 - mmengine - INFO - Epoch(test) [2295/3363]    eta: 0:03:27  time: 0.1325  data_time: 0.0005  memory: 1495  
2026/01/05 14:28:42 - mmengine - INFO - Epoch(test) [2300/3363]    eta: 0:03:26  time: 0.1110  data_time: 0.0004  memory: 1294  
2026/01/05 14:28:43 - mmengine - INFO - Epoch(test) [2305/3363]    eta: 0:03:25  time: 0.1246  data_time: 0.0004  memory: 1361  
2026/01/05 14:28:44 - mmengine - INFO - Epoch(test) [2310/3363]    eta: 0:03:24  time: 0.1699  data_time: 0.0004  memory: 1814  
2026/01/05 14:28:44 - mmengine - INFO - Epoch(test) [2315/3363]    eta: 0:03:23  time: 0.1592  data_time: 0.0004  memory: 1159  
2026/01/05 14:28:45 - mmengine - INFO - Epoch(test) [2320/3363]    eta: 0:03:22  time: 0.1205  data_time: 0.0004  memory: 1914  
2026/01/05 14:28:45 - mmengine - INFO - Epoch(test) [2325/3363]    eta: 0:03:20  time: 0.1055  data_time: 0.0004  memory: 2116  
2026/01/05 14:28:46 - mmengine - INFO - Epoch(test) [2330/3363]    eta: 0:03:19  time: 0.1150  data_time: 0.0005  memory: 1847  
2026/01/05 14:28:46 - mmengine - INFO - Epoch(test) [2335/3363]    eta: 0:03:18  time: 0.1269  data_time: 0.0004  memory: 1948  
2026/01/05 14:28:47 - mmengine - INFO - Epoch(test) [2340/3363]    eta: 0:03:17  time: 0.1154  data_time: 0.0004  memory: 1394  
2026/01/05 14:28:48 - mmengine - INFO - Epoch(test) [2345/3363]    eta: 0:03:16  time: 0.1392  data_time: 0.0005  memory: 1713  
2026/01/05 14:28:49 - mmengine - INFO - Epoch(test) [2350/3363]    eta: 0:03:15  time: 0.1518  data_time: 0.0005  memory: 1881  
2026/01/05 14:28:49 - mmengine - INFO - Epoch(test) [2355/3363]    eta: 0:03:14  time: 0.1367  data_time: 0.0005  memory: 2082  
2026/01/05 14:28:50 - mmengine - INFO - Epoch(test) [2360/3363]    eta: 0:03:13  time: 0.1328  data_time: 0.0005  memory: 1696  
2026/01/05 14:28:51 - mmengine - INFO - Epoch(test) [2365/3363]    eta: 0:03:12  time: 0.1407  data_time: 0.0005  memory: 1914  
2026/01/05 14:28:52 - mmengine - INFO - Epoch(test) [2370/3363]    eta: 0:03:11  time: 0.1609  data_time: 0.0005  memory: 1847  
2026/01/05 14:28:52 - mmengine - INFO - Epoch(test) [2375/3363]    eta: 0:03:10  time: 0.1570  data_time: 0.0005  memory: 1461  
2026/01/05 14:28:53 - mmengine - INFO - Epoch(test) [2380/3363]    eta: 0:03:09  time: 0.1457  data_time: 0.0005  memory: 2049  
2026/01/05 14:28:54 - mmengine - INFO - Epoch(test) [2385/3363]    eta: 0:03:07  time: 0.1382  data_time: 0.0005  memory: 1227  
2026/01/05 14:28:54 - mmengine - INFO - Epoch(test) [2390/3363]    eta: 0:03:06  time: 0.1252  data_time: 0.0005  memory: 1562  
2026/01/05 14:28:55 - mmengine - INFO - Epoch(test) [2395/3363]    eta: 0:03:05  time: 0.1364  data_time: 0.0005  memory: 1965  
2026/01/05 14:28:55 - mmengine - INFO - Epoch(test) [2400/3363]    eta: 0:03:04  time: 0.1245  data_time: 0.0005  memory: 1210  
2026/01/05 14:28:56 - mmengine - INFO - Epoch(test) [2405/3363]    eta: 0:03:03  time: 0.1209  data_time: 0.0005  memory: 1931  
2026/01/05 14:28:57 - mmengine - INFO - Epoch(test) [2410/3363]    eta: 0:03:02  time: 0.1348  data_time: 0.0004  memory: 2116  
2026/01/05 14:28:57 - mmengine - INFO - Epoch(test) [2415/3363]    eta: 0:03:01  time: 0.1257  data_time: 0.0004  memory: 1696  
2026/01/05 14:28:58 - mmengine - INFO - Epoch(test) [2420/3363]    eta: 0:03:00  time: 0.1475  data_time: 0.0005  memory: 1914  
2026/01/05 14:28:59 - mmengine - INFO - Epoch(test) [2425/3363]    eta: 0:02:59  time: 0.1973  data_time: 0.0005  memory: 2250  
2026/01/05 14:29:00 - mmengine - INFO - Epoch(test) [2430/3363]    eta: 0:02:58  time: 0.1742  data_time: 0.0005  memory: 2049  
2026/01/05 14:29:01 - mmengine - INFO - Epoch(test) [2435/3363]    eta: 0:02:57  time: 0.1206  data_time: 0.0004  memory: 1545  
2026/01/05 14:29:02 - mmengine - INFO - Epoch(test) [2440/3363]    eta: 0:02:56  time: 0.2392  data_time: 0.0006  memory: 9416  
2026/01/05 14:29:03 - mmengine - INFO - Epoch(test) [2445/3363]    eta: 0:02:55  time: 0.2314  data_time: 0.0008  memory: 1394  
2026/01/05 14:29:03 - mmengine - INFO - Epoch(test) [2450/3363]    eta: 0:02:54  time: 0.0980  data_time: 0.0006  memory: 1344  
2026/01/05 14:29:04 - mmengine - INFO - Epoch(test) [2455/3363]    eta: 0:02:53  time: 0.1196  data_time: 0.0004  memory: 2200  
2026/01/05 14:29:05 - mmengine - INFO - Epoch(test) [2460/3363]    eta: 0:02:52  time: 0.1394  data_time: 0.0005  memory: 1663  
2026/01/05 14:29:05 - mmengine - INFO - Epoch(test) [2465/3363]    eta: 0:02:51  time: 0.1325  data_time: 0.0004  memory: 1864  
2026/01/05 14:29:06 - mmengine - INFO - Epoch(test) [2470/3363]    eta: 0:02:50  time: 0.1347  data_time: 0.0004  memory: 1763  
2026/01/05 14:29:07 - mmengine - INFO - Epoch(test) [2475/3363]    eta: 0:02:49  time: 0.1201  data_time: 0.0004  memory: 1881  
2026/01/05 14:29:07 - mmengine - INFO - Epoch(test) [2480/3363]    eta: 0:02:47  time: 0.0920  data_time: 0.0004  memory: 2099  
2026/01/05 14:29:08 - mmengine - INFO - Epoch(test) [2485/3363]    eta: 0:02:46  time: 0.0926  data_time: 0.0004  memory: 1545  
2026/01/05 14:29:08 - mmengine - INFO - Epoch(test) [2490/3363]    eta: 0:02:45  time: 0.0984  data_time: 0.0004  memory: 1143  
2026/01/05 14:29:09 - mmengine - INFO - Epoch(test) [2495/3363]    eta: 0:02:44  time: 0.1043  data_time: 0.0005  memory: 1780  
2026/01/05 14:29:09 - mmengine - INFO - Epoch(test) [2500/3363]    eta: 0:02:43  time: 0.1353  data_time: 0.0004  memory: 1914  
2026/01/05 14:29:10 - mmengine - INFO - Epoch(test) [2505/3363]    eta: 0:02:42  time: 0.1265  data_time: 0.0004  memory: 1377  
2026/01/05 14:29:11 - mmengine - INFO - Epoch(test) [2510/3363]    eta: 0:02:41  time: 0.1322  data_time: 0.0005  memory: 1646  
2026/01/05 14:29:12 - mmengine - INFO - Epoch(test) [2515/3363]    eta: 0:02:40  time: 0.1605  data_time: 0.0005  memory: 1931  
2026/01/05 14:29:12 - mmengine - INFO - Epoch(test) [2520/3363]    eta: 0:02:39  time: 0.1205  data_time: 0.0004  memory: 1210  
2026/01/05 14:29:13 - mmengine - INFO - Epoch(test) [2525/3363]    eta: 0:02:38  time: 0.1270  data_time: 0.0004  memory: 1965  
2026/01/05 14:29:13 - mmengine - INFO - Epoch(test) [2530/3363]    eta: 0:02:37  time: 0.1402  data_time: 0.0005  memory: 1797  
2026/01/05 14:29:14 - mmengine - INFO - Epoch(test) [2535/3363]    eta: 0:02:36  time: 0.1057  data_time: 0.0005  memory: 2183  
2026/01/05 14:29:14 - mmengine - INFO - Epoch(test) [2540/3363]    eta: 0:02:35  time: 0.1019  data_time: 0.0005  memory: 1663  
2026/01/05 14:29:15 - mmengine - INFO - Epoch(test) [2545/3363]    eta: 0:02:34  time: 0.1267  data_time: 0.0004  memory: 2183  
2026/01/05 14:29:16 - mmengine - INFO - Epoch(test) [2550/3363]    eta: 0:02:33  time: 0.1195  data_time: 0.0004  memory: 1646  
2026/01/05 14:29:16 - mmengine - INFO - Epoch(test) [2555/3363]    eta: 0:02:32  time: 0.0926  data_time: 0.0004  memory: 1294  
2026/01/05 14:29:17 - mmengine - INFO - Epoch(test) [2560/3363]    eta: 0:02:31  time: 0.1271  data_time: 0.0005  memory: 2116  
2026/01/05 14:29:17 - mmengine - INFO - Epoch(test) [2565/3363]    eta: 0:02:29  time: 0.1218  data_time: 0.0004  memory: 1310  
2026/01/05 14:29:18 - mmengine - INFO - Epoch(test) [2570/3363]    eta: 0:02:29  time: 0.1414  data_time: 0.0004  memory: 1982  
2026/01/05 14:29:19 - mmengine - INFO - Epoch(test) [2575/3363]    eta: 0:02:27  time: 0.1495  data_time: 0.0004  memory: 1830  
2026/01/05 14:29:19 - mmengine - INFO - Epoch(test) [2580/3363]    eta: 0:02:26  time: 0.1047  data_time: 0.0004  memory: 1830  
2026/01/05 14:29:20 - mmengine - INFO - Epoch(test) [2585/3363]    eta: 0:02:25  time: 0.1195  data_time: 0.0005  memory: 2116  
2026/01/05 14:29:21 - mmengine - INFO - Epoch(test) [2590/3363]    eta: 0:02:24  time: 0.1599  data_time: 0.0005  memory: 2116  
2026/01/05 14:29:21 - mmengine - INFO - Epoch(test) [2595/3363]    eta: 0:02:23  time: 0.1460  data_time: 0.0004  memory: 1461  
2026/01/05 14:29:22 - mmengine - INFO - Epoch(test) [2600/3363]    eta: 0:02:22  time: 0.1106  data_time: 0.0005  memory: 1629  
2026/01/05 14:29:23 - mmengine - INFO - Epoch(test) [2605/3363]    eta: 0:02:21  time: 0.1299  data_time: 0.0005  memory: 1948  
2026/01/05 14:29:24 - mmengine - INFO - Epoch(test) [2610/3363]    eta: 0:02:20  time: 0.1526  data_time: 0.0004  memory: 1595  
2026/01/05 14:29:24 - mmengine - INFO - Epoch(test) [2615/3363]    eta: 0:02:19  time: 0.1416  data_time: 0.0004  memory: 1780  
2026/01/05 14:29:25 - mmengine - INFO - Epoch(test) [2620/3363]    eta: 0:02:18  time: 0.1276  data_time: 0.0004  memory: 1847  
2026/01/05 14:29:25 - mmengine - INFO - Epoch(test) [2625/3363]    eta: 0:02:17  time: 0.1358  data_time: 0.0004  memory: 1881  
2026/01/05 14:29:26 - mmengine - INFO - Epoch(test) [2630/3363]    eta: 0:02:16  time: 0.1479  data_time: 0.0004  memory: 1629  
2026/01/05 14:29:27 - mmengine - INFO - Epoch(test) [2635/3363]    eta: 0:02:15  time: 0.1568  data_time: 0.0004  memory: 1847  
2026/01/05 14:29:28 - mmengine - INFO - Epoch(test) [2640/3363]    eta: 0:02:14  time: 0.1248  data_time: 0.0004  memory: 2200  
2026/01/05 14:29:29 - mmengine - INFO - Epoch(test) [2645/3363]    eta: 0:02:13  time: 0.1602  data_time: 0.0004  memory: 1948  
2026/01/05 14:29:29 - mmengine - INFO - Epoch(test) [2650/3363]    eta: 0:02:12  time: 0.1800  data_time: 0.0005  memory: 1579  
2026/01/05 14:29:31 - mmengine - INFO - Epoch(test) [2655/3363]    eta: 0:02:12  time: 0.2737  data_time: 0.0005  memory: 13907  
2026/01/05 14:29:32 - mmengine - INFO - Epoch(test) [2660/3363]    eta: 0:02:11  time: 0.2797  data_time: 0.0006  memory: 1780  
2026/01/05 14:29:33 - mmengine - INFO - Epoch(test) [2665/3363]    eta: 0:02:10  time: 0.1728  data_time: 0.0006  memory: 1965  
2026/01/05 14:29:34 - mmengine - INFO - Epoch(test) [2670/3363]    eta: 0:02:09  time: 0.1693  data_time: 0.0005  memory: 1679  
2026/01/05 14:29:35 - mmengine - INFO - Epoch(test) [2675/3363]    eta: 0:02:08  time: 0.1657  data_time: 0.0006  memory: 1898  
2026/01/05 14:29:35 - mmengine - INFO - Epoch(test) [2680/3363]    eta: 0:02:07  time: 0.1503  data_time: 0.0006  memory: 1361  
2026/01/05 14:29:36 - mmengine - INFO - Epoch(test) [2685/3363]    eta: 0:02:06  time: 0.1259  data_time: 0.0005  memory: 2015  
2026/01/05 14:29:37 - mmengine - INFO - Epoch(test) [2690/3363]    eta: 0:02:05  time: 0.1598  data_time: 0.0005  memory: 2116  
2026/01/05 14:29:37 - mmengine - INFO - Epoch(test) [2695/3363]    eta: 0:02:04  time: 0.1299  data_time: 0.0006  memory: 1109  
2026/01/05 14:29:38 - mmengine - INFO - Epoch(test) [2700/3363]    eta: 0:02:03  time: 0.1102  data_time: 0.0005  memory: 1814  
2026/01/05 14:29:40 - mmengine - INFO - Epoch(test) [2705/3363]    eta: 0:02:02  time: 0.2507  data_time: 0.0005  memory: 9090  
2026/01/05 14:29:40 - mmengine - INFO - Epoch(test) [2710/3363]    eta: 0:02:01  time: 0.2226  data_time: 0.0004  memory: 1377  
2026/01/05 14:29:41 - mmengine - INFO - Epoch(test) [2715/3363]    eta: 0:02:00  time: 0.1233  data_time: 0.0005  memory: 1931  
2026/01/05 14:29:42 - mmengine - INFO - Epoch(test) [2720/3363]    eta: 0:01:59  time: 0.1741  data_time: 0.0005  memory: 1965  
2026/01/05 14:29:43 - mmengine - INFO - Epoch(test) [2725/3363]    eta: 0:01:58  time: 0.1560  data_time: 0.0006  memory: 1579  
2026/01/05 14:29:44 - mmengine - INFO - Epoch(test) [2730/3363]    eta: 0:01:57  time: 0.1668  data_time: 0.0006  memory: 1763  
2026/01/05 14:29:45 - mmengine - INFO - Epoch(test) [2735/3363]    eta: 0:01:56  time: 0.1904  data_time: 0.0004  memory: 1965  
2026/01/05 14:29:46 - mmengine - INFO - Epoch(test) [2740/3363]    eta: 0:01:56  time: 0.1859  data_time: 0.0004  memory: 1830  
2026/01/05 14:29:48 - mmengine - INFO - Epoch(test) [2745/3363]    eta: 0:01:55  time: 0.2966  data_time: 0.0005  memory: 14221  
2026/01/05 14:29:48 - mmengine - INFO - Epoch(test) [2750/3363]    eta: 0:01:54  time: 0.2848  data_time: 0.0005  memory: 1428  
2026/01/05 14:29:49 - mmengine - INFO - Epoch(test) [2755/3363]    eta: 0:01:53  time: 0.1681  data_time: 0.0005  memory: 1696  
2026/01/05 14:29:50 - mmengine - INFO - Epoch(test) [2760/3363]    eta: 0:01:52  time: 0.1428  data_time: 0.0005  memory: 1663  
2026/01/05 14:29:50 - mmengine - INFO - Epoch(test) [2765/3363]    eta: 0:01:51  time: 0.1283  data_time: 0.0005  memory: 1965  
2026/01/05 14:29:51 - mmengine - INFO - Epoch(test) [2770/3363]    eta: 0:01:50  time: 0.1597  data_time: 0.0005  memory: 2250  
2026/01/05 14:29:52 - mmengine - INFO - Epoch(test) [2775/3363]    eta: 0:01:49  time: 0.1916  data_time: 0.0005  memory: 2116  
2026/01/05 14:29:53 - mmengine - INFO - Epoch(test) [2780/3363]    eta: 0:01:48  time: 0.1453  data_time: 0.0004  memory: 1243  
2026/01/05 14:29:54 - mmengine - INFO - Epoch(test) [2785/3363]    eta: 0:01:47  time: 0.1126  data_time: 0.0005  memory: 1562  
2026/01/05 14:29:54 - mmengine - INFO - Epoch(test) [2790/3363]    eta: 0:01:46  time: 0.1288  data_time: 0.0005  memory: 2116  
2026/01/05 14:29:55 - mmengine - INFO - Epoch(test) [2795/3363]    eta: 0:01:45  time: 0.1117  data_time: 0.0004  memory: 1595  
2026/01/05 14:29:55 - mmengine - INFO - Epoch(test) [2800/3363]    eta: 0:01:44  time: 0.1041  data_time: 0.0004  memory: 1394  
2026/01/05 14:29:56 - mmengine - INFO - Epoch(test) [2805/3363]    eta: 0:01:43  time: 0.1158  data_time: 0.0004  memory: 1780  
2026/01/05 14:29:57 - mmengine - INFO - Epoch(test) [2810/3363]    eta: 0:01:42  time: 0.1560  data_time: 0.0004  memory: 1595  
2026/01/05 14:29:57 - mmengine - INFO - Epoch(test) [2815/3363]    eta: 0:01:41  time: 0.1542  data_time: 0.0004  memory: 1294  
2026/01/05 14:29:58 - mmengine - INFO - Epoch(test) [2820/3363]    eta: 0:01:40  time: 0.1327  data_time: 0.0004  memory: 1713  
2026/01/05 14:29:59 - mmengine - INFO - Epoch(test) [2825/3363]    eta: 0:01:39  time: 0.1386  data_time: 0.0004  memory: 1562  
2026/01/05 14:29:59 - mmengine - INFO - Epoch(test) [2830/3363]    eta: 0:01:38  time: 0.1138  data_time: 0.0004  memory: 1595  
2026/01/05 14:30:00 - mmengine - INFO - Epoch(test) [2835/3363]    eta: 0:01:37  time: 0.1061  data_time: 0.0004  memory: 1579  
2026/01/05 14:30:01 - mmengine - INFO - Epoch(test) [2840/3363]    eta: 0:01:36  time: 0.1300  data_time: 0.0005  memory: 2116  
2026/01/05 14:30:02 - mmengine - INFO - Epoch(test) [2845/3363]    eta: 0:01:35  time: 0.1739  data_time: 0.0005  memory: 1310  
2026/01/05 14:30:02 - mmengine - INFO - Epoch(test) [2850/3363]    eta: 0:01:34  time: 0.1794  data_time: 0.0005  memory: 1629  
2026/01/05 14:30:03 - mmengine - INFO - Epoch(test) [2855/3363]    eta: 0:01:33  time: 0.1329  data_time: 0.0004  memory: 2166  
2026/01/05 14:30:03 - mmengine - INFO - Epoch(test) [2860/3363]    eta: 0:01:32  time: 0.1126  data_time: 0.0005  memory: 1730  
2026/01/05 14:30:04 - mmengine - INFO - Epoch(test) [2865/3363]    eta: 0:01:31  time: 0.1011  data_time: 0.0005  memory: 1445  
2026/01/05 14:30:05 - mmengine - INFO - Epoch(test) [2870/3363]    eta: 0:01:30  time: 0.1353  data_time: 0.0004  memory: 1982  
2026/01/05 14:30:05 - mmengine - INFO - Epoch(test) [2875/3363]    eta: 0:01:29  time: 0.1584  data_time: 0.0004  memory: 1713  
2026/01/05 14:30:06 - mmengine - INFO - Epoch(test) [2880/3363]    eta: 0:01:29  time: 0.1313  data_time: 0.0004  memory: 1663  
2026/01/05 14:30:07 - mmengine - INFO - Epoch(test) [2885/3363]    eta: 0:01:28  time: 0.1390  data_time: 0.0004  memory: 1528  
2026/01/05 14:30:08 - mmengine - INFO - Epoch(test) [2890/3363]    eta: 0:01:27  time: 0.1549  data_time: 0.0004  memory: 2183  
2026/01/05 14:30:08 - mmengine - INFO - Epoch(test) [2895/3363]    eta: 0:01:26  time: 0.1432  data_time: 0.0005  memory: 1881  
2026/01/05 14:30:09 - mmengine - INFO - Epoch(test) [2900/3363]    eta: 0:01:25  time: 0.1235  data_time: 0.0005  memory: 2250  
2026/01/05 14:30:10 - mmengine - INFO - Epoch(test) [2905/3363]    eta: 0:01:24  time: 0.1366  data_time: 0.0004  memory: 1746  
2026/01/05 14:30:10 - mmengine - INFO - Epoch(test) [2910/3363]    eta: 0:01:23  time: 0.1277  data_time: 0.0004  memory: 1177  
2026/01/05 14:30:11 - mmengine - INFO - Epoch(test) [2915/3363]    eta: 0:01:22  time: 0.1281  data_time: 0.0004  memory: 1898  
2026/01/05 14:30:12 - mmengine - INFO - Epoch(test) [2920/3363]    eta: 0:01:21  time: 0.1560  data_time: 0.0005  memory: 2082  
2026/01/05 14:30:13 - mmengine - INFO - Epoch(test) [2925/3363]    eta: 0:01:20  time: 0.1947  data_time: 0.0005  memory: 1595  
2026/01/05 14:30:14 - mmengine - INFO - Epoch(test) [2930/3363]    eta: 0:01:19  time: 0.1836  data_time: 0.0005  memory: 2200  
2026/01/05 14:30:15 - mmengine - INFO - Epoch(test) [2935/3363]    eta: 0:01:18  time: 0.2510  data_time: 0.0005  memory: 10220  
2026/01/05 14:30:16 - mmengine - INFO - Epoch(test) [2940/3363]    eta: 0:01:17  time: 0.2495  data_time: 0.0005  memory: 1746  
2026/01/05 14:30:16 - mmengine - INFO - Epoch(test) [2945/3363]    eta: 0:01:16  time: 0.1108  data_time: 0.0005  memory: 1445  
2026/01/05 14:30:17 - mmengine - INFO - Epoch(test) [2950/3363]    eta: 0:01:15  time: 0.1228  data_time: 0.0004  memory: 1528  
2026/01/05 14:30:18 - mmengine - INFO - Epoch(test) [2955/3363]    eta: 0:01:14  time: 0.1442  data_time: 0.0005  memory: 1982  
2026/01/05 14:30:19 - mmengine - INFO - Epoch(test) [2960/3363]    eta: 0:01:13  time: 0.1277  data_time: 0.0005  memory: 1562  
2026/01/05 14:30:19 - mmengine - INFO - Epoch(test) [2965/3363]    eta: 0:01:12  time: 0.1183  data_time: 0.0005  memory: 1243  
2026/01/05 14:30:20 - mmengine - INFO - Epoch(test) [2970/3363]    eta: 0:01:12  time: 0.1086  data_time: 0.0005  memory: 1327  
2026/01/05 14:30:20 - mmengine - INFO - Epoch(test) [2975/3363]    eta: 0:01:11  time: 0.1269  data_time: 0.0005  memory: 1629  
2026/01/05 14:30:21 - mmengine - INFO - Epoch(test) [2980/3363]    eta: 0:01:10  time: 0.1525  data_time: 0.0004  memory: 1545  
2026/01/05 14:30:23 - mmengine - INFO - Epoch(test) [2985/3363]    eta: 0:01:09  time: 0.2483  data_time: 0.0004  memory: 14691  
2026/01/05 14:30:24 - mmengine - INFO - Epoch(test) [2990/3363]    eta: 0:01:08  time: 0.2361  data_time: 0.0004  memory: 1730  
2026/01/05 14:30:24 - mmengine - INFO - Epoch(test) [2995/3363]    eta: 0:01:07  time: 0.1453  data_time: 0.0004  memory: 1696  
2026/01/05 14:30:25 - mmengine - INFO - Epoch(test) [3000/3363]    eta: 0:01:06  time: 0.1404  data_time: 0.0004  memory: 1562  
2026/01/05 14:30:26 - mmengine - INFO - Epoch(test) [3005/3363]    eta: 0:01:05  time: 0.1322  data_time: 0.0004  memory: 2032  
2026/01/05 14:30:27 - mmengine - INFO - Epoch(test) [3010/3363]    eta: 0:01:04  time: 0.1777  data_time: 0.0004  memory: 2066  
2026/01/05 14:30:28 - mmengine - INFO - Epoch(test) [3015/3363]    eta: 0:01:03  time: 0.1905  data_time: 0.0007  memory: 1998  
2026/01/05 14:30:28 - mmengine - INFO - Epoch(test) [3020/3363]    eta: 0:01:02  time: 0.1530  data_time: 0.0007  memory: 1780  
2026/01/05 14:30:29 - mmengine - INFO - Epoch(test) [3025/3363]    eta: 0:01:01  time: 0.1246  data_time: 0.0004  memory: 1982  
2026/01/05 14:30:29 - mmengine - INFO - Epoch(test) [3030/3363]    eta: 0:01:00  time: 0.1083  data_time: 0.0004  memory: 1629  
2026/01/05 14:30:30 - mmengine - INFO - Epoch(test) [3035/3363]    eta: 0:00:59  time: 0.1432  data_time: 0.0004  memory: 2049  
2026/01/05 14:30:31 - mmengine - INFO - Epoch(test) [3040/3363]    eta: 0:00:59  time: 0.1660  data_time: 0.0004  memory: 2015  
2026/01/05 14:30:32 - mmengine - INFO - Epoch(test) [3045/3363]    eta: 0:00:58  time: 0.1371  data_time: 0.0004  memory: 1310  
2026/01/05 14:30:32 - mmengine - INFO - Epoch(test) [3050/3363]    eta: 0:00:57  time: 0.1383  data_time: 0.0005  memory: 2183  
2026/01/05 14:30:33 - mmengine - INFO - Epoch(test) [3055/3363]    eta: 0:00:56  time: 0.1445  data_time: 0.0005  memory: 2032  
2026/01/05 14:30:34 - mmengine - INFO - Epoch(test) [3060/3363]    eta: 0:00:55  time: 0.1211  data_time: 0.0005  memory: 1227  
2026/01/05 14:30:34 - mmengine - INFO - Epoch(test) [3065/3363]    eta: 0:00:54  time: 0.1065  data_time: 0.0004  memory: 1478  
2026/01/05 14:30:35 - mmengine - INFO - Epoch(test) [3070/3363]    eta: 0:00:53  time: 0.1146  data_time: 0.0004  memory: 1763  
2026/01/05 14:30:35 - mmengine - INFO - Epoch(test) [3075/3363]    eta: 0:00:52  time: 0.1225  data_time: 0.0004  memory: 1763  
2026/01/05 14:30:36 - mmengine - INFO - Epoch(test) [3080/3363]    eta: 0:00:51  time: 0.1015  data_time: 0.0004  memory: 1579  
2026/01/05 14:30:36 - mmengine - INFO - Epoch(test) [3085/3363]    eta: 0:00:50  time: 0.1085  data_time: 0.0005  memory: 1965  
2026/01/05 14:30:37 - mmengine - INFO - Epoch(test) [3090/3363]    eta: 0:00:49  time: 0.1541  data_time: 0.0004  memory: 1982  
2026/01/05 14:30:38 - mmengine - INFO - Epoch(test) [3095/3363]    eta: 0:00:48  time: 0.1535  data_time: 0.0004  memory: 2066  
2026/01/05 14:30:39 - mmengine - INFO - Epoch(test) [3100/3363]    eta: 0:00:47  time: 0.1309  data_time: 0.0004  memory: 1327  
2026/01/05 14:30:40 - mmengine - INFO - Epoch(test) [3105/3363]    eta: 0:00:46  time: 0.1537  data_time: 0.0004  memory: 2099  
2026/01/05 14:30:40 - mmengine - INFO - Epoch(test) [3110/3363]    eta: 0:00:45  time: 0.1845  data_time: 0.0004  memory: 1881  
2026/01/05 14:30:41 - mmengine - INFO - Epoch(test) [3115/3363]    eta: 0:00:45  time: 0.1381  data_time: 0.0004  memory: 1495  
2026/01/05 14:30:42 - mmengine - INFO - Epoch(test) [3120/3363]    eta: 0:00:44  time: 0.1493  data_time: 0.0009  memory: 2251  
2026/01/05 14:30:43 - mmengine - INFO - Epoch(test) [3125/3363]    eta: 0:00:43  time: 0.1942  data_time: 0.0009  memory: 2032  
2026/01/05 14:30:43 - mmengine - INFO - Epoch(test) [3130/3363]    eta: 0:00:42  time: 0.1311  data_time: 0.0005  memory: 1210  
2026/01/05 14:30:44 - mmengine - INFO - Epoch(test) [3135/3363]    eta: 0:00:41  time: 0.0869  data_time: 0.0004  memory: 1109  
2026/01/05 14:30:45 - mmengine - INFO - Epoch(test) [3140/3363]    eta: 0:00:40  time: 0.1302  data_time: 0.0004  memory: 1931  
2026/01/05 14:30:45 - mmengine - INFO - Epoch(test) [3145/3363]    eta: 0:00:39  time: 0.1430  data_time: 0.0004  memory: 1377  
2026/01/05 14:30:46 - mmengine - INFO - Epoch(test) [3150/3363]    eta: 0:00:38  time: 0.1159  data_time: 0.0005  memory: 1847  
2026/01/05 14:30:47 - mmengine - INFO - Epoch(test) [3155/3363]    eta: 0:00:37  time: 0.1411  data_time: 0.0005  memory: 1696  
2026/01/05 14:30:47 - mmengine - INFO - Epoch(test) [3160/3363]    eta: 0:00:36  time: 0.1321  data_time: 0.0005  memory: 1998  
2026/01/05 14:30:48 - mmengine - INFO - Epoch(test) [3165/3363]    eta: 0:00:35  time: 0.1313  data_time: 0.0004  memory: 2217  
2026/01/05 14:30:49 - mmengine - INFO - Epoch(test) [3170/3363]    eta: 0:00:34  time: 0.1645  data_time: 0.0004  memory: 1495  
2026/01/05 14:30:49 - mmengine - INFO - Epoch(test) [3175/3363]    eta: 0:00:33  time: 0.1424  data_time: 0.0004  memory: 1377  
2026/01/05 14:30:50 - mmengine - INFO - Epoch(test) [3180/3363]    eta: 0:00:33  time: 0.1383  data_time: 0.0004  memory: 2150  
2026/01/05 14:30:51 - mmengine - INFO - Epoch(test) [3185/3363]    eta: 0:00:32  time: 0.1312  data_time: 0.0004  memory: 1428  
2026/01/05 14:30:51 - mmengine - INFO - Epoch(test) [3190/3363]    eta: 0:00:31  time: 0.1217  data_time: 0.0005  memory: 1914  
2026/01/05 14:30:52 - mmengine - INFO - Epoch(test) [3195/3363]    eta: 0:00:30  time: 0.1357  data_time: 0.0005  memory: 1394  
2026/01/05 14:30:53 - mmengine - INFO - Epoch(test) [3200/3363]    eta: 0:00:29  time: 0.1242  data_time: 0.0005  memory: 1428  
2026/01/05 14:30:53 - mmengine - INFO - Epoch(test) [3205/3363]    eta: 0:00:28  time: 0.1031  data_time: 0.0005  memory: 1478  
2026/01/05 14:30:54 - mmengine - INFO - Epoch(test) [3210/3363]    eta: 0:00:27  time: 0.1198  data_time: 0.0004  memory: 1696  
2026/01/05 14:30:55 - mmengine - INFO - Epoch(test) [3215/3363]    eta: 0:00:26  time: 0.1584  data_time: 0.0005  memory: 2116  
2026/01/05 14:30:55 - mmengine - INFO - Epoch(test) [3220/3363]    eta: 0:00:25  time: 0.1455  data_time: 0.0005  memory: 2250  
2026/01/05 14:30:56 - mmengine - INFO - Epoch(test) [3225/3363]    eta: 0:00:24  time: 0.1169  data_time: 0.0005  memory: 1512  
2026/01/05 14:30:57 - mmengine - INFO - Epoch(test) [3230/3363]    eta: 0:00:23  time: 0.1410  data_time: 0.0004  memory: 2250  
2026/01/05 14:30:57 - mmengine - INFO - Epoch(test) [3235/3363]    eta: 0:00:23  time: 0.1330  data_time: 0.0005  memory: 1613  
2026/01/05 14:30:58 - mmengine - INFO - Epoch(test) [3240/3363]    eta: 0:00:22  time: 0.1324  data_time: 0.0005  memory: 1746  
