2025/12/31 11:25:23 - mmengine - INFO - 
------------------------------------------------------------
System environment:
    sys.platform: linux
    Python: 3.8.20 (default, Oct  3 2024, 15:24:27) [GCC 11.2.0]
    CUDA available: True
    MUSA available: False
    numpy_random_seed: 174326139
    GPU 0: NVIDIA GeForce RTX 3090
    CUDA_HOME: /usr/local/cuda
    NVCC: Cuda compilation tools, release 11.1, V11.1.105
    GCC: gcc (Ubuntu 9.4.0-1ubuntu1~20.04.2) 9.4.0
    PyTorch: 1.10.2+cu111
    PyTorch compiling details: PyTorch built with:
  - GCC 7.3
  - C++ Version: 201402
  - Intel(R) Math Kernel Library Version 2020.0.0 Product Build 20191122 for Intel(R) 64 architecture applications
  - Intel(R) MKL-DNN v2.2.3 (Git Hash 7336ca9f055cf1bfa13efb658fe15dc9b41f0740)
  - OpenMP 201511 (a.k.a. OpenMP 4.5)
  - LAPACK is enabled (usually provided by MKL)
  - NNPACK is enabled
  - CPU capability usage: AVX2
  - CUDA Runtime 11.1
  - NVCC architecture flags: -gencode;arch=compute_37,code=sm_37;-gencode;arch=compute_50,code=sm_50;-gencode;arch=compute_60,code=sm_60;-gencode;arch=compute_70,code=sm_70;-gencode;arch=compute_75,code=sm_75;-gencode;arch=compute_80,code=sm_80;-gencode;arch=compute_86,code=sm_86
  - CuDNN 8.0.5
  - Magma 2.5.2
  - Build settings: BLAS_INFO=mkl, BUILD_TYPE=Release, CUDA_VERSION=11.1, CUDNN_VERSION=8.0.5, CXX_COMPILER=/opt/rh/devtoolset-7/root/usr/bin/c++, CXX_FLAGS= -Wno-deprecated -fvisibility-inlines-hidden -DUSE_PTHREADPOOL -fopenmp -DNDEBUG -DUSE_KINETO -DUSE_FBGEMM -DUSE_QNNPACK -DUSE_PYTORCH_QNNPACK -DUSE_XNNPACK -DSYMBOLICATE_MOBILE_DEBUG_HANDLE -DEDGE_PROFILER_USE_KINETO -O2 -fPIC -Wno-narrowing -Wall -Wextra -Werror=return-type -Wno-missing-field-initializers -Wno-type-limits -Wno-array-bounds -Wno-unknown-pragmas -Wno-sign-compare -Wno-unused-parameter -Wno-unused-variable -Wno-unused-function -Wno-unused-result -Wno-unused-local-typedefs -Wno-strict-overflow -Wno-strict-aliasing -Wno-error=deprecated-declarations -Wno-stringop-overflow -Wno-psabi -Wno-error=pedantic -Wno-error=redundant-decls -Wno-error=old-style-cast -fdiagnostics-color=always -faligned-new -Wno-unused-but-set-variable -Wno-maybe-uninitialized -fno-math-errno -fno-trapping-math -Werror=format -Wno-stringop-overflow, LAPACK_INFO=mkl, PERF_WITH_AVX=1, PERF_WITH_AVX2=1, PERF_WITH_AVX512=1, TORCH_VERSION=1.10.2, USE_CUDA=ON, USE_CUDNN=ON, USE_EXCEPTION_PTR=1, USE_GFLAGS=OFF, USE_GLOG=OFF, USE_MKL=ON, USE_MKLDNN=ON, USE_MPI=OFF, USE_NCCL=ON, USE_NNPACK=ON, USE_OPENMP=ON, 

    TorchVision: 0.11.3+cu111
    OpenCV: 4.12.0
    MMEngine: 0.10.7

Runtime environment:
    cudnn_benchmark: True
    dist_cfg: {'backend': 'nccl'}
    mp_cfg: {'mp_start_method': 'fork', 'opencv_num_threads': 0}
    seed: 174326139
    Distributed launcher: none
    Distributed training: False
    GPU number: 1
------------------------------------------------------------

2025/12/31 11:25:24 - mmengine - INFO - Config:
auto_scale_lr = dict(base_batch_size=32, enable=True)
custom_hooks = [
    dict(
        min_delta=0.001,
        monitor='icdar/hmean',
        patience=12,
        rule='greater',
        type='EarlyStoppingHook'),
]
default_hooks = dict(
    checkpoint=dict(
        interval=3,
        max_keep_ckpts=3,
        rule='greater',
        save_best='icdar/hmean',
        type='CheckpointHook'),
    logger=dict(interval=5, type='LoggerHook'),
    param_scheduler=dict(type='ParamSchedulerHook'),
    sampler_seed=dict(type='DistSamplerSeedHook'),
    sync_buffer=dict(type='SyncBuffersHook'),
    timer=dict(type='IterTimerHook'),
    visualization=dict(
        draw_gt=False,
        draw_pred=False,
        enable=False,
        interval=1,
        show=False,
        type='VisualizationHook'))
default_scope = 'mmocr'
env_cfg = dict(
    cudnn_benchmark=True,
    dist_cfg=dict(backend='nccl'),
    mp_cfg=dict(mp_start_method='fork', opencv_num_threads=0))
launcher = 'none'
load_from = 'work_dirs/fcenet_r50dcnv2_fpn_direct_finetune_art_rctw_rects/best_icdar_hmean_epoch_99.pth'
log_level = 'INFO'
log_processor = dict(by_epoch=True, type='LogProcessor', window_size=10)
max_epochs = 100
model = dict(
    backbone=dict(
        dcn=dict(deform_groups=2, fallback_on_stride=False, type='DCNv2'),
        depth=50,
        frozen_stages=-1,
        init_cfg=dict(checkpoint='torchvision://resnet50', type='Pretrained'),
        norm_cfg=dict(requires_grad=True, type='BN'),
        norm_eval=True,
        num_stages=4,
        out_indices=(
            1,
            2,
            3,
        ),
        stage_with_dcn=(
            False,
            True,
            True,
            True,
        ),
        style='pytorch',
        type='mmdet.ResNet'),
    data_preprocessor=dict(
        bgr_to_rgb=True,
        mean=[
            123.675,
            116.28,
            103.53,
        ],
        pad_size_divisor=32,
        std=[
            58.395,
            57.12,
            57.375,
        ],
        type='TextDetDataPreprocessor'),
    det_head=dict(
        fourier_degree=5,
        in_channels=256,
        module_loss=dict(
            level_proportion_range=(
                (
                    0,
                    0.25,
                ),
                (
                    0.2,
                    0.65,
                ),
                (
                    0.55,
                    1.0,
                ),
            ),
            num_sample=50,
            type='FCEModuleLoss'),
        postprocessor=dict(
            alpha=1.0,
            beta=2.0,
            num_reconstr_points=50,
            scales=(
                8,
                16,
                32,
            ),
            score_thr=0.3,
            text_repr_type='poly',
            type='FCEPostprocessor'),
        type='FCEHead'),
    neck=dict(
        act_cfg=None,
        add_extra_convs='on_output',
        in_channels=[
            512,
            1024,
            2048,
        ],
        num_outs=3,
        out_channels=256,
        relu_before_extra_convs=True,
        type='mmdet.FPN'),
    type='FCENet')
optim_wrapper = dict(
    clip_grad=dict(max_norm=5, norm_type=2),
    loss_scale='dynamic',
    optimizer=dict(lr=0.001, momentum=0.9, type='SGD', weight_decay=0.0005),
    type='AmpOptimWrapper')
param_scheduler = [
    dict(begin=0, by_epoch=True, end=2, start_factor=0.1, type='LinearLR'),
    dict(
        begin=2,
        by_epoch=True,
        end=100,
        eta_min=1e-07,
        power=0.9,
        type='PolyLR'),
]
randomness = dict(seed=None)
resume = False
test_cfg = dict(type='TestLoop')
test_dataloader = dict(
    batch_size=1,
    dataset=dict(
        datasets=[
            dict(
                ann_file='instances_val.json',
                data_root='data/art_mmocr',
                pipeline=None,
                test_mode=True,
                type='OCRDataset'),
            dict(
                ann_file='instances_val.json',
                data_root='data/rctw17_mmocr',
                pipeline=None,
                test_mode=True,
                type='OCRDataset'),
            dict(
                ann_file='instances_val.json',
                data_root='data/rects_mmocr',
                pipeline=None,
                test_mode=True,
                type='OCRDataset'),
        ],
        pipeline=[
            dict(
                color_type='color_ignore_orientation',
                type='LoadImageFromFile'),
            dict(keep_ratio=True, scale=(
                2260,
                2260,
            ), type='Resize'),
            dict(
                type='LoadOCRAnnotations',
                with_bbox=True,
                with_label=True,
                with_polygon=True),
            dict(fix_from_bbox=False, type='FixInvalidPolygon'),
            dict(
                meta_keys=(
                    'img_path',
                    'ori_shape',
                    'img_shape',
                    'scale_factor',
                ),
                type='PackTextDetInputs'),
        ],
        type='ConcatDataset'),
    num_workers=2,
    persistent_workers=True,
    pin_memory=True,
    sampler=dict(shuffle=False, type='DefaultSampler'))
test_evaluator = [
    dict(
        dataset_prefixes=dict(
            art='data/art_mmocr',
            rctw='data/rctw17_mmocr',
            rects='data/rects_mmocr'),
        type='MultiDatasetHmeanIOUMetric'),
    dict(
        out_file_path=
        'work_dirs/_diagnose_rctw_fcenet_best_20251231_112518/baseline/best_icdar_hmean_epoch_99.pth_predictions.pkl',
        type='DumpResults'),
]
test_list = [
    dict(
        ann_file='instances_val.json',
        data_root='data/art_mmocr',
        pipeline=None,
        test_mode=True,
        type='OCRDataset'),
    dict(
        ann_file='instances_val.json',
        data_root='data/rctw17_mmocr',
        pipeline=None,
        test_mode=True,
        type='OCRDataset'),
    dict(
        ann_file='instances_val.json',
        data_root='data/rects_mmocr',
        pipeline=None,
        test_mode=True,
        type='OCRDataset'),
]
test_pipeline = [
    dict(color_type='color_ignore_orientation', type='LoadImageFromFile'),
    dict(keep_ratio=True, scale=(
        2260,
        2260,
    ), type='Resize'),
    dict(
        type='LoadOCRAnnotations',
        with_bbox=True,
        with_label=True,
        with_polygon=True),
    dict(fix_from_bbox=False, type='FixInvalidPolygon'),
    dict(
        meta_keys=(
            'img_path',
            'ori_shape',
            'img_shape',
            'scale_factor',
        ),
        type='PackTextDetInputs'),
]
textdet_art_data_root = 'data/art_mmocr'
textdet_art_rctw_rects_data_root = 'data/textdet_finetune_art_rctw_rects'
textdet_art_rctw_rects_test = dict(
    ann_file='instances_val.json',
    data_root='data/textdet_finetune_art_rctw_rects',
    pipeline=None,
    test_mode=True,
    type='OCRDataset')
textdet_art_rctw_rects_train = dict(
    ann_file='instances_train.json',
    data_root='data/textdet_finetune_art_rctw_rects',
    filter_cfg=dict(filter_empty_gt=True, min_size=32),
    pipeline=None,
    type='OCRDataset')
textdet_art_test = dict(
    ann_file='instances_val.json',
    data_root='data/art_mmocr',
    pipeline=None,
    test_mode=True,
    type='OCRDataset')
textdet_art_train = dict(
    ann_file='instances_train.json',
    data_root='data/art_mmocr',
    filter_cfg=dict(filter_empty_gt=True, min_size=32),
    pipeline=None,
    type='OCRDataset')
textdet_rctw_data_root = 'data/rctw17_mmocr'
textdet_rctw_test = dict(
    ann_file='instances_val.json',
    data_root='data/rctw17_mmocr',
    pipeline=None,
    test_mode=True,
    type='OCRDataset')
textdet_rctw_train = dict(
    ann_file='instances_train.json',
    data_root='data/rctw17_mmocr',
    filter_cfg=dict(filter_empty_gt=True, min_size=32),
    pipeline=None,
    type='OCRDataset')
textdet_rects_data_root = 'data/rects_mmocr'
textdet_rects_test = dict(
    ann_file='instances_val.json',
    data_root='data/rects_mmocr',
    pipeline=None,
    test_mode=True,
    type='OCRDataset')
textdet_rects_train = dict(
    ann_file='instances_train.json',
    data_root='data/rects_mmocr',
    filter_cfg=dict(filter_empty_gt=True, min_size=32),
    pipeline=None,
    type='OCRDataset')
train_cfg = dict(max_epochs=100, type='EpochBasedTrainLoop', val_interval=3)
train_dataloader = dict(
    batch_size=32,
    dataset=dict(
        datasets=[
            dict(
                ann_file='instances_train.json',
                data_root='data/art_mmocr',
                filter_cfg=dict(filter_empty_gt=True, min_size=32),
                pipeline=None,
                type='OCRDataset'),
            dict(
                ann_file='instances_train.json',
                data_root='data/rctw17_mmocr',
                filter_cfg=dict(filter_empty_gt=True, min_size=32),
                pipeline=None,
                type='OCRDataset'),
            dict(
                ann_file='instances_train.json',
                data_root='data/rects_mmocr',
                filter_cfg=dict(filter_empty_gt=True, min_size=32),
                pipeline=None,
                type='OCRDataset'),
        ],
        pipeline=[
            dict(
                color_type='color_ignore_orientation',
                type='LoadImageFromFile'),
            dict(
                type='LoadOCRAnnotations',
                with_bbox=True,
                with_label=True,
                with_polygon=True),
            dict(fix_from_bbox=False, type='FixInvalidPolygon'),
            dict(
                keep_ratio=True,
                ratio_range=(
                    0.75,
                    2.5,
                ),
                scale=(
                    800,
                    800,
                ),
                type='RandomResize'),
            dict(
                crop_ratio=0.5,
                iter_num=1,
                min_area_ratio=0.2,
                type='TextDetRandomCropFlip'),
            dict(
                prob=0.8,
                transforms=[
                    dict(min_side_ratio=0.3, type='RandomCrop'),
                ],
                type='RandomApply'),
            dict(
                prob=0.5,
                transforms=[
                    dict(
                        max_angle=30,
                        pad_with_fixed_color=False,
                        type='RandomRotate',
                        use_canvas=True),
                ],
                type='RandomApply'),
            dict(
                prob=[
                    0.6,
                    0.4,
                ],
                transforms=[
                    [
                        dict(keep_ratio=True, scale=800, type='Resize'),
                        dict(target_scale=800, type='SourceImagePad'),
                    ],
                    dict(keep_ratio=False, scale=800, type='Resize'),
                ],
                type='RandomChoice'),
            dict(direction='horizontal', prob=0.5, type='RandomFlip'),
            dict(
                brightness=0.12549019607843137,
                contrast=0.5,
                op='ColorJitter',
                saturation=0.5,
                type='TorchVisionWrapper'),
            dict(
                meta_keys=(
                    'img_path',
                    'ori_shape',
                    'img_shape',
                    'scale_factor',
                ),
                type='PackTextDetInputs'),
        ],
        type='ConcatDataset'),
    num_workers=6,
    persistent_workers=True,
    pin_memory=True,
    sampler=dict(shuffle=True, type='DefaultSampler'))
train_list = [
    dict(
        ann_file='instances_train.json',
        data_root='data/art_mmocr',
        filter_cfg=dict(filter_empty_gt=True, min_size=32),
        pipeline=None,
        type='OCRDataset'),
    dict(
        ann_file='instances_train.json',
        data_root='data/rctw17_mmocr',
        filter_cfg=dict(filter_empty_gt=True, min_size=32),
        pipeline=None,
        type='OCRDataset'),
    dict(
        ann_file='instances_train.json',
        data_root='data/rects_mmocr',
        filter_cfg=dict(filter_empty_gt=True, min_size=32),
        pipeline=None,
        type='OCRDataset'),
]
train_pipeline = [
    dict(color_type='color_ignore_orientation', type='LoadImageFromFile'),
    dict(
        type='LoadOCRAnnotations',
        with_bbox=True,
        with_label=True,
        with_polygon=True),
    dict(fix_from_bbox=False, type='FixInvalidPolygon'),
    dict(
        keep_ratio=True,
        ratio_range=(
            0.75,
            2.5,
        ),
        scale=(
            800,
            800,
        ),
        type='RandomResize'),
    dict(
        crop_ratio=0.5,
        iter_num=1,
        min_area_ratio=0.2,
        type='TextDetRandomCropFlip'),
    dict(
        prob=0.8,
        transforms=[
            dict(min_side_ratio=0.3, type='RandomCrop'),
        ],
        type='RandomApply'),
    dict(
        prob=0.5,
        transforms=[
            dict(
                max_angle=30,
                pad_with_fixed_color=False,
                type='RandomRotate',
                use_canvas=True),
        ],
        type='RandomApply'),
    dict(
        prob=[
            0.6,
            0.4,
        ],
        transforms=[
            [
                dict(keep_ratio=True, scale=800, type='Resize'),
                dict(target_scale=800, type='SourceImagePad'),
            ],
            dict(keep_ratio=False, scale=800, type='Resize'),
        ],
        type='RandomChoice'),
    dict(direction='horizontal', prob=0.5, type='RandomFlip'),
    dict(
        brightness=0.12549019607843137,
        contrast=0.5,
        op='ColorJitter',
        saturation=0.5,
        type='TorchVisionWrapper'),
    dict(
        meta_keys=(
            'img_path',
            'ori_shape',
            'img_shape',
            'scale_factor',
        ),
        type='PackTextDetInputs'),
]
val_cfg = dict(type='ValLoop')
val_dataloader = dict(
    batch_size=1,
    dataset=dict(
        datasets=[
            dict(
                ann_file='instances_val.json',
                data_root='data/art_mmocr',
                pipeline=None,
                test_mode=True,
                type='OCRDataset'),
            dict(
                ann_file='instances_val.json',
                data_root='data/rctw17_mmocr',
                pipeline=None,
                test_mode=True,
                type='OCRDataset'),
            dict(
                ann_file='instances_val.json',
                data_root='data/rects_mmocr',
                pipeline=None,
                test_mode=True,
                type='OCRDataset'),
        ],
        pipeline=[
            dict(
                color_type='color_ignore_orientation',
                type='LoadImageFromFile'),
            dict(keep_ratio=True, scale=(
                2260,
                2260,
            ), type='Resize'),
            dict(
                type='LoadOCRAnnotations',
                with_bbox=True,
                with_label=True,
                with_polygon=True),
            dict(fix_from_bbox=False, type='FixInvalidPolygon'),
            dict(
                meta_keys=(
                    'img_path',
                    'ori_shape',
                    'img_shape',
                    'scale_factor',
                ),
                type='PackTextDetInputs'),
        ],
        type='ConcatDataset'),
    num_workers=2,
    persistent_workers=True,
    pin_memory=True,
    sampler=dict(shuffle=False, type='DefaultSampler'))
val_evaluator = dict(
    dataset_prefixes=dict(
        art='data/art_mmocr',
        rctw='data/rctw17_mmocr',
        rects='data/rects_mmocr'),
    type='MultiDatasetHmeanIOUMetric')
vis_backends = [
    dict(type='LocalVisBackend'),
]
visualizer = dict(
    name='visualizer',
    type='TextDetLocalVisualizer',
    vis_backends=[
        dict(type='LocalVisBackend'),
    ])
work_dir = 'work_dirs/_diagnose_rctw_fcenet_best_20251231_112518/baseline'

2025/12/31 11:25:31 - mmengine - INFO - Distributed training is not used, all SyncBatchNorm (SyncBN) layers in the model will be automatically reverted to BatchNormXd layers if they are used.
2025/12/31 11:25:31 - mmengine - INFO - Hooks will be executed in the following order:
before_run:
(VERY_HIGH   ) RuntimeInfoHook                    
(BELOW_NORMAL) LoggerHook                         
(LOWEST      ) EarlyStoppingHook                  
 -------------------- 
before_train:
(VERY_HIGH   ) RuntimeInfoHook                    
(NORMAL      ) IterTimerHook                      
(VERY_LOW    ) CheckpointHook                     
 -------------------- 
before_train_epoch:
(VERY_HIGH   ) RuntimeInfoHook                    
(NORMAL      ) IterTimerHook                      
(NORMAL      ) DistSamplerSeedHook                
 -------------------- 
before_train_iter:
(VERY_HIGH   ) RuntimeInfoHook                    
(NORMAL      ) IterTimerHook                      
 -------------------- 
after_train_iter:
(VERY_HIGH   ) RuntimeInfoHook                    
(NORMAL      ) IterTimerHook                      
(BELOW_NORMAL) LoggerHook                         
(LOW         ) ParamSchedulerHook                 
(VERY_LOW    ) CheckpointHook                     
 -------------------- 
after_train_epoch:
(NORMAL      ) IterTimerHook                      
(NORMAL      ) SyncBuffersHook                    
(LOW         ) ParamSchedulerHook                 
(VERY_LOW    ) CheckpointHook                     
 -------------------- 
before_val:
(VERY_HIGH   ) RuntimeInfoHook                    
 -------------------- 
before_val_epoch:
(NORMAL      ) IterTimerHook                      
(NORMAL      ) SyncBuffersHook                    
 -------------------- 
before_val_iter:
(NORMAL      ) IterTimerHook                      
 -------------------- 
after_val_iter:
(NORMAL      ) IterTimerHook                      
(NORMAL      ) VisualizationHook                  
(BELOW_NORMAL) LoggerHook                         
 -------------------- 
after_val_epoch:
(VERY_HIGH   ) RuntimeInfoHook                    
(NORMAL      ) IterTimerHook                      
(BELOW_NORMAL) LoggerHook                         
(LOW         ) ParamSchedulerHook                 
(VERY_LOW    ) CheckpointHook                     
(LOWEST      ) EarlyStoppingHook                  
 -------------------- 
after_val:
(VERY_HIGH   ) RuntimeInfoHook                    
 -------------------- 
after_train:
(VERY_HIGH   ) RuntimeInfoHook                    
(VERY_LOW    ) CheckpointHook                     
 -------------------- 
before_test:
(VERY_HIGH   ) RuntimeInfoHook                    
 -------------------- 
before_test_epoch:
(NORMAL      ) IterTimerHook                      
 -------------------- 
before_test_iter:
(NORMAL      ) IterTimerHook                      
 -------------------- 
after_test_iter:
(NORMAL      ) IterTimerHook                      
(NORMAL      ) VisualizationHook                  
(BELOW_NORMAL) LoggerHook                         
 -------------------- 
after_test_epoch:
(VERY_HIGH   ) RuntimeInfoHook                    
(NORMAL      ) IterTimerHook                      
(BELOW_NORMAL) LoggerHook                         
 -------------------- 
after_test:
(VERY_HIGH   ) RuntimeInfoHook                    
 -------------------- 
after_run:
(BELOW_NORMAL) LoggerHook                         
 -------------------- 
2025/12/31 11:25:32 - mmengine - WARNING - The prefix is not set in metric class DumpResults.
2025/12/31 11:25:37 - mmengine - INFO - ModulatedDeformConvPack backbone.layer2.0.conv2 is upgraded to version 2.
2025/12/31 11:25:37 - mmengine - INFO - ModulatedDeformConvPack backbone.layer2.1.conv2 is upgraded to version 2.
2025/12/31 11:25:37 - mmengine - INFO - ModulatedDeformConvPack backbone.layer2.2.conv2 is upgraded to version 2.
2025/12/31 11:25:37 - mmengine - INFO - ModulatedDeformConvPack backbone.layer2.3.conv2 is upgraded to version 2.
2025/12/31 11:25:37 - mmengine - INFO - ModulatedDeformConvPack backbone.layer3.0.conv2 is upgraded to version 2.
2025/12/31 11:25:37 - mmengine - INFO - ModulatedDeformConvPack backbone.layer3.1.conv2 is upgraded to version 2.
2025/12/31 11:25:37 - mmengine - INFO - ModulatedDeformConvPack backbone.layer3.2.conv2 is upgraded to version 2.
2025/12/31 11:25:37 - mmengine - INFO - ModulatedDeformConvPack backbone.layer3.3.conv2 is upgraded to version 2.
2025/12/31 11:25:37 - mmengine - INFO - ModulatedDeformConvPack backbone.layer3.4.conv2 is upgraded to version 2.
2025/12/31 11:25:37 - mmengine - INFO - ModulatedDeformConvPack backbone.layer3.5.conv2 is upgraded to version 2.
2025/12/31 11:25:37 - mmengine - INFO - ModulatedDeformConvPack backbone.layer4.0.conv2 is upgraded to version 2.
2025/12/31 11:25:37 - mmengine - INFO - ModulatedDeformConvPack backbone.layer4.1.conv2 is upgraded to version 2.
2025/12/31 11:25:37 - mmengine - INFO - ModulatedDeformConvPack backbone.layer4.2.conv2 is upgraded to version 2.
2025/12/31 11:25:37 - mmengine - INFO - Load checkpoint from work_dirs/fcenet_r50dcnv2_fpn_direct_finetune_art_rctw_rects/best_icdar_hmean_epoch_99.pth
2025/12/31 11:25:43 - mmengine - INFO - Epoch(test) [   5/3363]    eta: 1:09:31  time: 1.2421  data_time: 0.0533  memory: 8937  
2025/12/31 11:25:47 - mmengine - INFO - Epoch(test) [  10/3363]    eta: 0:56:54  time: 1.0183  data_time: 0.0270  memory: 8990  
2025/12/31 11:25:54 - mmengine - INFO - Epoch(test) [  15/3363]    eta: 1:04:18  time: 1.1077  data_time: 0.0006  memory: 9006  
2025/12/31 11:25:58 - mmengine - INFO - Epoch(test) [  20/3363]    eta: 0:59:32  time: 1.1190  data_time: 0.0006  memory: 8960  
2025/12/31 11:26:03 - mmengine - INFO - Epoch(test) [  25/3363]    eta: 0:58:42  time: 0.9093  data_time: 0.0007  memory: 8838  
2025/12/31 11:26:09 - mmengine - INFO - Epoch(test) [  30/3363]    eta: 0:59:28  time: 1.0749  data_time: 0.0006  memory: 8906  
2025/12/31 11:26:12 - mmengine - INFO - Epoch(test) [  35/3363]    eta: 0:54:58  time: 0.8315  data_time: 0.0006  memory: 8853  
2025/12/31 11:26:14 - mmengine - INFO - Epoch(test) [  40/3363]    eta: 0:52:09  time: 0.5545  data_time: 0.0005  memory: 8823  
2025/12/31 11:26:18 - mmengine - INFO - Epoch(test) [  45/3363]    eta: 0:50:01  time: 0.6019  data_time: 0.0005  memory: 8952  
2025/12/31 11:26:24 - mmengine - INFO - Epoch(test) [  50/3363]    eta: 0:51:52  time: 0.9303  data_time: 0.0005  memory: 8967  
2025/12/31 11:26:29 - mmengine - INFO - Epoch(test) [  55/3363]    eta: 0:51:52  time: 1.1039  data_time: 0.0006  memory: 8967  
2025/12/31 11:26:31 - mmengine - INFO - Epoch(test) [  60/3363]    eta: 0:49:39  time: 0.7153  data_time: 0.0006  memory: 8884  
2025/12/31 11:26:35 - mmengine - INFO - Epoch(test) [  65/3363]    eta: 0:49:32  time: 0.6827  data_time: 0.0006  memory: 8990  
2025/12/31 11:26:39 - mmengine - INFO - Epoch(test) [  70/3363]    eta: 0:48:28  time: 0.7704  data_time: 0.0006  memory: 8945  
2025/12/31 11:26:43 - mmengine - INFO - Epoch(test) [  75/3363]    eta: 0:48:23  time: 0.7660  data_time: 0.0005  memory: 8998  
2025/12/31 11:26:46 - mmengine - INFO - Epoch(test) [  80/3363]    eta: 0:47:08  time: 0.7109  data_time: 0.0006  memory: 1192  
2025/12/31 11:26:52 - mmengine - INFO - Epoch(test) [  85/3363]    eta: 0:48:37  time: 0.9408  data_time: 0.0006  memory: 1009  
2025/12/31 11:26:56 - mmengine - INFO - Epoch(test) [  90/3363]    eta: 0:48:08  time: 1.0501  data_time: 0.0005  memory: 8800  
2025/12/31 11:27:00 - mmengine - INFO - Epoch(test) [  95/3363]    eta: 0:47:39  time: 0.7474  data_time: 0.0005  memory: 8983  
2025/12/31 11:27:03 - mmengine - INFO - Epoch(test) [ 100/3363]    eta: 0:47:04  time: 0.7118  data_time: 0.0005  memory: 8876  
2025/12/31 11:27:06 - mmengine - INFO - Epoch(test) [ 105/3363]    eta: 0:46:16  time: 0.6358  data_time: 0.0006  memory: 1177  
2025/12/31 11:27:08 - mmengine - INFO - Epoch(test) [ 110/3363]    eta: 0:45:10  time: 0.5103  data_time: 0.0006  memory: 1147  
2025/12/31 11:27:13 - mmengine - INFO - Epoch(test) [ 115/3363]    eta: 0:45:18  time: 0.6775  data_time: 0.0006  memory: 8945  
2025/12/31 11:27:16 - mmengine - INFO - Epoch(test) [ 120/3363]    eta: 0:44:47  time: 0.7789  data_time: 0.0006  memory: 8845  
2025/12/31 11:27:19 - mmengine - INFO - Epoch(test) [ 125/3363]    eta: 0:44:00  time: 0.5675  data_time: 0.0005  memory: 918  
2025/12/31 11:27:22 - mmengine - INFO - Epoch(test) [ 130/3363]    eta: 0:43:30  time: 0.5538  data_time: 0.0005  memory: 8876  
2025/12/31 11:27:24 - mmengine - INFO - Epoch(test) [ 135/3363]    eta: 0:42:51  time: 0.5624  data_time: 0.0005  memory: 8998  
2025/12/31 11:27:28 - mmengine - INFO - Epoch(test) [ 140/3363]    eta: 0:42:32  time: 0.5905  data_time: 0.0005  memory: 8983  
2025/12/31 11:27:32 - mmengine - INFO - Epoch(test) [ 145/3363]    eta: 0:42:28  time: 0.7278  data_time: 0.0005  memory: 8929  
2025/12/31 11:27:33 - mmengine - INFO - Epoch(test) [ 150/3363]    eta: 0:41:32  time: 0.5482  data_time: 0.0005  memory: 918  
2025/12/31 11:27:37 - mmengine - INFO - Epoch(test) [ 155/3363]    eta: 0:41:27  time: 0.5347  data_time: 0.0004  memory: 8899  
2025/12/31 11:27:39 - mmengine - INFO - Epoch(test) [ 160/3363]    eta: 0:40:43  time: 0.5708  data_time: 0.0004  memory: 1192  
2025/12/31 11:27:47 - mmengine - INFO - Epoch(test) [ 165/3363]    eta: 0:41:57  time: 0.9697  data_time: 0.0005  memory: 8899  
2025/12/31 11:27:50 - mmengine - INFO - Epoch(test) [ 170/3363]    eta: 0:41:34  time: 1.0714  data_time: 0.0005  memory: 8762  
2025/12/31 11:27:52 - mmengine - INFO - Epoch(test) [ 175/3363]    eta: 0:41:08  time: 0.5650  data_time: 0.0006  memory: 1192  
2025/12/31 11:27:55 - mmengine - INFO - Epoch(test) [ 180/3363]    eta: 0:40:48  time: 0.5642  data_time: 0.0006  memory: 1116  
2025/12/31 11:28:00 - mmengine - INFO - Epoch(test) [ 185/3363]    eta: 0:41:04  time: 0.7923  data_time: 0.0006  memory: 8952  
2025/12/31 11:28:02 - mmengine - INFO - Epoch(test) [ 190/3363]    eta: 0:40:24  time: 0.6725  data_time: 0.0005  memory: 1192  
2025/12/31 11:28:04 - mmengine - INFO - Epoch(test) [ 195/3363]    eta: 0:39:55  time: 0.3973  data_time: 0.0005  memory: 1192  
2025/12/31 11:28:07 - mmengine - INFO - Epoch(test) [ 200/3363]    eta: 0:39:31  time: 0.4760  data_time: 0.0005  memory: 8975  
2025/12/31 11:28:09 - mmengine - INFO - Epoch(test) [ 205/3363]    eta: 0:39:03  time: 0.4712  data_time: 0.0004  memory: 8792  
2025/12/31 11:28:13 - mmengine - INFO - Epoch(test) [ 210/3363]    eta: 0:39:05  time: 0.6325  data_time: 0.0005  memory: 1009  
2025/12/31 11:28:17 - mmengine - INFO - Epoch(test) [ 215/3363]    eta: 0:39:05  time: 0.8049  data_time: 0.0006  memory: 8891  
2025/12/31 11:28:20 - mmengine - INFO - Epoch(test) [ 220/3363]    eta: 0:38:48  time: 0.6706  data_time: 0.0005  memory: 8922  
2025/12/31 11:28:23 - mmengine - INFO - Epoch(test) [ 225/3363]    eta: 0:38:37  time: 0.5953  data_time: 0.0004  memory: 8960  
2025/12/31 11:28:26 - mmengine - INFO - Epoch(test) [ 230/3363]    eta: 0:38:19  time: 0.5889  data_time: 0.0004  memory: 8929  
2025/12/31 11:28:30 - mmengine - INFO - Epoch(test) [ 235/3363]    eta: 0:38:29  time: 0.7383  data_time: 0.0005  memory: 1086  
2025/12/31 11:28:33 - mmengine - INFO - Epoch(test) [ 240/3363]    eta: 0:38:12  time: 0.7338  data_time: 0.0005  memory: 8838  
2025/12/31 11:28:39 - mmengine - INFO - Epoch(test) [ 245/3363]    eta: 0:38:41  time: 0.8861  data_time: 0.0005  memory: 8708  
2025/12/31 11:28:42 - mmengine - INFO - Epoch(test) [ 250/3363]    eta: 0:38:29  time: 0.9299  data_time: 0.0006  memory: 1177  
2025/12/31 11:28:44 - mmengine - INFO - Epoch(test) [ 255/3363]    eta: 0:38:03  time: 0.4984  data_time: 0.0005  memory: 1192  
2025/12/31 11:28:47 - mmengine - INFO - Epoch(test) [ 260/3363]    eta: 0:37:54  time: 0.5086  data_time: 0.0005  memory: 1192  
2025/12/31 11:28:50 - mmengine - INFO - Epoch(test) [ 265/3363]    eta: 0:37:36  time: 0.5681  data_time: 0.0005  memory: 1192  
2025/12/31 11:28:52 - mmengine - INFO - Epoch(test) [ 270/3363]    eta: 0:37:18  time: 0.4867  data_time: 0.0005  memory: 1162  
2025/12/31 11:28:54 - mmengine - INFO - Epoch(test) [ 275/3363]    eta: 0:36:49  time: 0.3735  data_time: 0.0005  memory: 1192  
2025/12/31 11:28:57 - mmengine - INFO - Epoch(test) [ 280/3363]    eta: 0:36:45  time: 0.4848  data_time: 0.0005  memory: 8670  
2025/12/31 11:29:01 - mmengine - INFO - Epoch(test) [ 285/3363]    eta: 0:36:39  time: 0.6885  data_time: 0.0005  memory: 8975  
2025/12/31 11:29:04 - mmengine - INFO - Epoch(test) [ 290/3363]    eta: 0:36:31  time: 0.6504  data_time: 0.0005  memory: 1192  
2025/12/31 11:29:06 - mmengine - INFO - Epoch(test) [ 295/3363]    eta: 0:36:14  time: 0.5408  data_time: 0.0005  memory: 1131  
2025/12/31 11:29:08 - mmengine - INFO - Epoch(test) [ 300/3363]    eta: 0:35:57  time: 0.4559  data_time: 0.0005  memory: 1131  
2025/12/31 11:29:12 - mmengine - INFO - Epoch(test) [ 305/3363]    eta: 0:35:57  time: 0.6113  data_time: 0.0005  memory: 8830  
2025/12/31 11:29:14 - mmengine - INFO - Epoch(test) [ 310/3363]    eta: 0:35:35  time: 0.5473  data_time: 0.0005  memory: 1131  
2025/12/31 11:29:16 - mmengine - INFO - Epoch(test) [ 315/3363]    eta: 0:35:24  time: 0.4334  data_time: 0.0004  memory: 1192  
2025/12/31 11:29:18 - mmengine - INFO - Epoch(test) [ 320/3363]    eta: 0:34:59  time: 0.3963  data_time: 0.0004  memory: 1192  
2025/12/31 11:29:21 - mmengine - INFO - Epoch(test) [ 325/3363]    eta: 0:34:57  time: 0.4917  data_time: 0.0005  memory: 1192  
2025/12/31 11:29:52 - mmengine - INFO - Epoch(test) [ 330/3363]    eta: 0:39:03  time: 3.4214  data_time: 0.0005  memory: 1192  
2025/12/31 11:29:54 - mmengine - INFO - Epoch(test) [ 335/3363]    eta: 0:38:40  time: 3.2279  data_time: 0.0005  memory: 1192  
2025/12/31 11:29:57 - mmengine - INFO - Epoch(test) [ 340/3363]    eta: 0:38:31  time: 0.4995  data_time: 0.0005  memory: 979  
2025/12/31 11:29:59 - mmengine - INFO - Epoch(test) [ 345/3363]    eta: 0:38:12  time: 0.5375  data_time: 0.0005  memory: 1192  
2025/12/31 11:30:02 - mmengine - INFO - Epoch(test) [ 350/3363]    eta: 0:37:59  time: 0.4847  data_time: 0.0005  memory: 918  
2025/12/31 11:30:04 - mmengine - INFO - Epoch(test) [ 355/3363]    eta: 0:37:42  time: 0.4957  data_time: 0.0005  memory: 1086  
2025/12/31 11:30:06 - mmengine - INFO - Epoch(test) [ 360/3363]    eta: 0:37:22  time: 0.3983  data_time: 0.0005  memory: 887  
2025/12/31 11:30:12 - mmengine - INFO - Epoch(test) [ 365/3363]    eta: 0:37:42  time: 0.8350  data_time: 0.0005  memory: 1162  
2025/12/31 11:30:14 - mmengine - INFO - Epoch(test) [ 370/3363]    eta: 0:37:22  time: 0.8348  data_time: 0.0005  memory: 1009  
2025/12/31 11:30:15 - mmengine - INFO - Epoch(test) [ 375/3363]    eta: 0:36:59  time: 0.3123  data_time: 0.0005  memory: 1192  
2025/12/31 11:30:18 - mmengine - INFO - Epoch(test) [ 380/3363]    eta: 0:36:46  time: 0.3859  data_time: 0.0005  memory: 1177  
2025/12/31 11:30:20 - mmengine - INFO - Epoch(test) [ 385/3363]    eta: 0:36:32  time: 0.4944  data_time: 0.0005  memory: 1147  
2025/12/31 11:30:22 - mmengine - INFO - Epoch(test) [ 390/3363]    eta: 0:36:16  time: 0.4441  data_time: 0.0006  memory: 1192  
2025/12/31 11:30:24 - mmengine - INFO - Epoch(test) [ 395/3363]    eta: 0:35:54  time: 0.3268  data_time: 0.0005  memory: 1177  
2025/12/31 11:30:26 - mmengine - INFO - Epoch(test) [ 400/3363]    eta: 0:35:40  time: 0.3552  data_time: 0.0005  memory: 1009  
2025/12/31 11:30:28 - mmengine - INFO - Epoch(test) [ 405/3363]    eta: 0:35:23  time: 0.4078  data_time: 0.0005  memory: 1192  
2025/12/31 11:30:31 - mmengine - INFO - Epoch(test) [ 410/3363]    eta: 0:35:20  time: 0.5364  data_time: 0.0005  memory: 1070  
2025/12/31 11:30:34 - mmengine - INFO - Epoch(test) [ 415/3363]    eta: 0:35:11  time: 0.6465  data_time: 0.0005  memory: 1131  
2025/12/31 11:30:37 - mmengine - INFO - Epoch(test) [ 420/3363]    eta: 0:35:01  time: 0.5589  data_time: 0.0004  memory: 1055  
2025/12/31 11:30:42 - mmengine - INFO - Epoch(test) [ 425/3363]    eta: 0:35:08  time: 0.7731  data_time: 0.0004  memory: 1055  
2025/12/31 11:30:44 - mmengine - INFO - Epoch(test) [ 430/3363]    eta: 0:34:56  time: 0.7368  data_time: 0.0004  memory: 1177  
2025/12/31 11:30:46 - mmengine - INFO - Epoch(test) [ 435/3363]    eta: 0:34:41  time: 0.4161  data_time: 0.0004  memory: 8784  
2025/12/31 11:30:48 - mmengine - INFO - Epoch(test) [ 440/3363]    eta: 0:34:26  time: 0.3762  data_time: 0.0005  memory: 1162  
2025/12/31 11:30:51 - mmengine - INFO - Epoch(test) [ 445/3363]    eta: 0:34:21  time: 0.5191  data_time: 0.0005  memory: 1147  
2025/12/31 11:30:53 - mmengine - INFO - Epoch(test) [ 450/3363]    eta: 0:34:09  time: 0.5512  data_time: 0.0005  memory: 1192  
2025/12/31 11:30:56 - mmengine - INFO - Epoch(test) [ 455/3363]    eta: 0:34:00  time: 0.4891  data_time: 0.0006  memory: 918  
2025/12/31 11:31:00 - mmengine - INFO - Epoch(test) [ 460/3363]    eta: 0:34:00  time: 0.6750  data_time: 0.0006  memory: 918  
2025/12/31 11:31:02 - mmengine - INFO - Epoch(test) [ 465/3363]    eta: 0:33:49  time: 0.6379  data_time: 0.0005  memory: 1192  
2025/12/31 11:31:04 - mmengine - INFO - Epoch(test) [ 470/3363]    eta: 0:33:34  time: 0.3910  data_time: 0.0005  memory: 1101  
2025/12/31 11:31:06 - mmengine - INFO - Epoch(test) [ 475/3363]    eta: 0:33:20  time: 0.3348  data_time: 0.0005  memory: 1147  
2025/12/31 11:31:07 - mmengine - INFO - Epoch(test) [ 480/3363]    eta: 0:33:03  time: 0.2983  data_time: 0.0005  memory: 1131  
2025/12/31 11:31:09 - mmengine - INFO - Epoch(test) [ 485/3363]    eta: 0:32:53  time: 0.3621  data_time: 0.0005  memory: 1162  
2025/12/31 11:31:11 - mmengine - INFO - Epoch(test) [ 490/3363]    eta: 0:32:41  time: 0.4318  data_time: 0.0006  memory: 994  
2025/12/31 11:31:15 - mmengine - INFO - Epoch(test) [ 495/3363]    eta: 0:32:38  time: 0.5406  data_time: 0.0005  memory: 8739  
2025/12/31 11:31:17 - mmengine - INFO - Epoch(test) [ 500/3363]    eta: 0:32:26  time: 0.5327  data_time: 0.0005  memory: 1192  
2025/12/31 11:31:21 - mmengine - INFO - Epoch(test) [ 505/3363]    eta: 0:32:28  time: 0.6219  data_time: 0.0005  memory: 8754  
2025/12/31 11:31:23 - mmengine - INFO - Epoch(test) [ 510/3363]    eta: 0:32:15  time: 0.6098  data_time: 0.0005  memory: 1101  
2025/12/31 11:31:26 - mmengine - INFO - Epoch(test) [ 515/3363]    eta: 0:32:08  time: 0.4498  data_time: 0.0005  memory: 918  
2025/12/31 11:31:28 - mmengine - INFO - Epoch(test) [ 520/3363]    eta: 0:32:02  time: 0.5596  data_time: 0.0005  memory: 8556  
2025/12/31 11:31:31 - mmengine - INFO - Epoch(test) [ 525/3363]    eta: 0:31:55  time: 0.5679  data_time: 0.0005  memory: 1147  
2025/12/31 11:31:34 - mmengine - INFO - Epoch(test) [ 530/3363]    eta: 0:31:50  time: 0.5838  data_time: 0.0006  memory: 1055  
2025/12/31 11:31:38 - mmengine - INFO - Epoch(test) [ 535/3363]    eta: 0:31:46  time: 0.6354  data_time: 0.0005  memory: 8685  
2025/12/31 11:31:39 - mmengine - INFO - Epoch(test) [ 540/3363]    eta: 0:31:34  time: 0.4889  data_time: 0.0005  memory: 1177  
2025/12/31 11:31:41 - mmengine - INFO - Epoch(test) [ 545/3363]    eta: 0:31:21  time: 0.3151  data_time: 0.0005  memory: 1192  
2025/12/31 11:31:43 - mmengine - INFO - Epoch(test) [ 550/3363]    eta: 0:31:12  time: 0.3722  data_time: 0.0005  memory: 1025  
2025/12/31 11:31:44 - mmengine - INFO - Epoch(test) [ 555/3363]    eta: 0:30:59  time: 0.3628  data_time: 0.0005  memory: 1192  
2025/12/31 11:31:47 - mmengine - INFO - Epoch(test) [ 560/3363]    eta: 0:30:50  time: 0.3689  data_time: 0.0005  memory: 1101  
2025/12/31 11:31:48 - mmengine - INFO - Epoch(test) [ 565/3363]    eta: 0:30:38  time: 0.3806  data_time: 0.0005  memory: 918  
2025/12/31 11:31:50 - mmengine - INFO - Epoch(test) [ 570/3363]    eta: 0:30:27  time: 0.3203  data_time: 0.0005  memory: 1147  
2025/12/31 11:31:52 - mmengine - INFO - Epoch(test) [ 575/3363]    eta: 0:30:16  time: 0.3352  data_time: 0.0004  memory: 1177  
2025/12/31 11:31:53 - mmengine - INFO - Epoch(test) [ 580/3363]    eta: 0:30:03  time: 0.2954  data_time: 0.0005  memory: 1192  
2025/12/31 11:31:54 - mmengine - INFO - Epoch(test) [ 585/3363]    eta: 0:29:51  time: 0.2580  data_time: 0.0005  memory: 1116  
2025/12/31 11:31:57 - mmengine - INFO - Epoch(test) [ 590/3363]    eta: 0:29:44  time: 0.3889  data_time: 0.0005  memory: 1192  
2025/12/31 11:31:58 - mmengine - INFO - Epoch(test) [ 595/3363]    eta: 0:29:34  time: 0.4099  data_time: 0.0005  memory: 918  
2025/12/31 11:32:00 - mmengine - INFO - Epoch(test) [ 600/3363]    eta: 0:29:24  time: 0.3499  data_time: 0.0006  memory: 918  
2025/12/31 11:32:01 - mmengine - INFO - Epoch(test) [ 605/3363]    eta: 0:29:13  time: 0.3198  data_time: 0.0005  memory: 1192  
2025/12/31 11:32:03 - mmengine - INFO - Epoch(test) [ 610/3363]    eta: 0:29:03  time: 0.2984  data_time: 0.0005  memory: 1055  
2025/12/31 11:32:04 - mmengine - INFO - Epoch(test) [ 615/3363]    eta: 0:28:51  time: 0.2841  data_time: 0.0004  memory: 918  
2025/12/31 11:32:06 - mmengine - INFO - Epoch(test) [ 620/3363]    eta: 0:28:40  time: 0.2525  data_time: 0.0005  memory: 918  
2025/12/31 11:32:07 - mmengine - INFO - Epoch(test) [ 625/3363]    eta: 0:28:30  time: 0.3009  data_time: 0.0005  memory: 1192  
2025/12/31 11:32:12 - mmengine - INFO - Epoch(test) [ 630/3363]    eta: 0:28:32  time: 0.6040  data_time: 0.0005  memory: 1177  
2025/12/31 11:32:13 - mmengine - INFO - Epoch(test) [ 635/3363]    eta: 0:28:21  time: 0.5740  data_time: 0.0005  memory: 1192  
2025/12/31 11:32:15 - mmengine - INFO - Epoch(test) [ 640/3363]    eta: 0:28:12  time: 0.2899  data_time: 0.0005  memory: 918  
2025/12/31 11:32:16 - mmengine - INFO - Epoch(test) [ 645/3363]    eta: 0:28:03  time: 0.3461  data_time: 0.0005  memory: 918  
2025/12/31 11:32:18 - mmengine - INFO - Epoch(test) [ 650/3363]    eta: 0:27:52  time: 0.3048  data_time: 0.0005  memory: 918  
2025/12/31 11:32:19 - mmengine - INFO - Epoch(test) [ 655/3363]    eta: 0:27:41  time: 0.2267  data_time: 0.0005  memory: 918  
2025/12/31 11:32:21 - mmengine - INFO - Epoch(test) [ 660/3363]    eta: 0:27:33  time: 0.2996  data_time: 0.0005  memory: 8639  
2025/12/31 11:32:22 - mmengine - INFO - Epoch(test) [ 665/3363]    eta: 0:27:25  time: 0.3619  data_time: 0.0005  memory: 1162  
2025/12/31 11:32:24 - mmengine - INFO - Epoch(test) [ 670/3363]    eta: 0:27:14  time: 0.2909  data_time: 0.0004  memory: 918  
2025/12/31 11:32:25 - mmengine - INFO - Epoch(test) [ 675/3363]    eta: 0:27:06  time: 0.2923  data_time: 0.0005  memory: 918  
2025/12/31 11:32:27 - mmengine - INFO - Epoch(test) [ 680/3363]    eta: 0:26:59  time: 0.3896  data_time: 0.0006  memory: 1192  
2025/12/31 11:32:29 - mmengine - INFO - Epoch(test) [ 685/3363]    eta: 0:26:50  time: 0.3455  data_time: 0.0004  memory: 1192  
2025/12/31 11:32:30 - mmengine - INFO - Epoch(test) [ 690/3363]    eta: 0:26:40  time: 0.2522  data_time: 0.0004  memory: 1192  
2025/12/31 11:32:32 - mmengine - INFO - Epoch(test) [ 695/3363]    eta: 0:26:32  time: 0.2922  data_time: 0.0004  memory: 918  
2025/12/31 11:32:34 - mmengine - INFO - Epoch(test) [ 700/3363]    eta: 0:26:25  time: 0.3596  data_time: 0.0004  memory: 1192  
2025/12/31 11:32:35 - mmengine - INFO - Epoch(test) [ 705/3363]    eta: 0:26:15  time: 0.2986  data_time: 0.0005  memory: 918  
2025/12/31 11:32:36 - mmengine - INFO - Epoch(test) [ 710/3363]    eta: 0:26:07  time: 0.2687  data_time: 0.0005  memory: 918  
2025/12/31 11:32:38 - mmengine - INFO - Epoch(test) [ 715/3363]    eta: 0:25:58  time: 0.3106  data_time: 0.0005  memory: 918  
2025/12/31 11:32:40 - mmengine - INFO - Epoch(test) [ 720/3363]    eta: 0:25:53  time: 0.3770  data_time: 0.0005  memory: 918  
2025/12/31 11:32:41 - mmengine - INFO - Epoch(test) [ 725/3363]    eta: 0:25:44  time: 0.3600  data_time: 0.0005  memory: 1192  
2025/12/31 11:32:42 - mmengine - INFO - Epoch(test) [ 730/3363]    eta: 0:25:34  time: 0.2311  data_time: 0.0004  memory: 918  
2025/12/31 11:32:44 - mmengine - INFO - Epoch(test) [ 735/3363]    eta: 0:25:26  time: 0.2488  data_time: 0.0004  memory: 918  
2025/12/31 11:32:45 - mmengine - INFO - Epoch(test) [ 740/3363]    eta: 0:25:17  time: 0.2785  data_time: 0.0004  memory: 918  
2025/12/31 11:32:47 - mmengine - INFO - Epoch(test) [ 745/3363]    eta: 0:25:10  time: 0.2856  data_time: 0.0005  memory: 918  
2025/12/31 11:32:49 - mmengine - INFO - Epoch(test) [ 750/3363]    eta: 0:25:05  time: 0.3761  data_time: 0.0005  memory: 994  
2025/12/31 11:32:50 - mmengine - INFO - Epoch(test) [ 755/3363]    eta: 0:24:56  time: 0.3463  data_time: 0.0005  memory: 918  
2025/12/31 11:32:55 - mmengine - INFO - Epoch(test) [ 760/3363]    eta: 0:24:59  time: 0.5827  data_time: 0.0004  memory: 918  
2025/12/31 11:32:57 - mmengine - INFO - Epoch(test) [ 765/3363]    eta: 0:24:54  time: 0.6768  data_time: 0.0004  memory: 1192  
2025/12/31 11:32:59 - mmengine - INFO - Epoch(test) [ 770/3363]    eta: 0:24:49  time: 0.4401  data_time: 0.0004  memory: 918  
2025/12/31 11:33:00 - mmengine - INFO - Epoch(test) [ 775/3363]    eta: 0:24:41  time: 0.3436  data_time: 0.0005  memory: 918  
2025/12/31 11:33:02 - mmengine - INFO - Epoch(test) [ 780/3363]    eta: 0:24:32  time: 0.2526  data_time: 0.0005  memory: 918  
2025/12/31 11:33:03 - mmengine - INFO - Epoch(test) [ 785/3363]    eta: 0:24:24  time: 0.2335  data_time: 0.0005  memory: 1192  
2025/12/31 11:33:05 - mmengine - INFO - Epoch(test) [ 790/3363]    eta: 0:24:18  time: 0.3164  data_time: 0.0004  memory: 1192  
2025/12/31 11:33:07 - mmengine - INFO - Epoch(test) [ 795/3363]    eta: 0:24:14  time: 0.4328  data_time: 0.0004  memory: 918  
2025/12/31 11:33:10 - mmengine - INFO - Epoch(test) [ 800/3363]    eta: 0:24:12  time: 0.5566  data_time: 0.0004  memory: 918  
2025/12/31 11:33:13 - mmengine - INFO - Epoch(test) [ 805/3363]    eta: 0:24:08  time: 0.5538  data_time: 0.0004  memory: 1192  
2025/12/31 11:33:15 - mmengine - INFO - Epoch(test) [ 810/3363]    eta: 0:24:03  time: 0.4430  data_time: 0.0004  memory: 1192  
2025/12/31 11:33:16 - mmengine - INFO - Epoch(test) [ 815/3363]    eta: 0:23:55  time: 0.3408  data_time: 0.0004  memory: 918  
2025/12/31 11:33:19 - mmengine - INFO - Epoch(test) [ 820/3363]    eta: 0:23:51  time: 0.3795  data_time: 0.0004  memory: 1070  
2025/12/31 11:33:27 - mmengine - INFO - Epoch(test) [ 825/3363]    eta: 0:24:05  time: 1.0712  data_time: 0.0004  memory: 918  
2025/12/31 11:33:29 - mmengine - INFO - Epoch(test) [ 830/3363]    eta: 0:23:59  time: 1.0086  data_time: 0.0005  memory: 1162  
2025/12/31 11:33:31 - mmengine - INFO - Epoch(test) [ 835/3363]    eta: 0:23:54  time: 0.3926  data_time: 0.0005  memory: 918  
2025/12/31 11:33:33 - mmengine - INFO - Epoch(test) [ 840/3363]    eta: 0:23:48  time: 0.3877  data_time: 0.0005  memory: 1192  
2025/12/31 11:33:35 - mmengine - INFO - Epoch(test) [ 845/3363]    eta: 0:23:44  time: 0.4201  data_time: 0.0005  memory: 918  
2025/12/31 11:33:37 - mmengine - INFO - Epoch(test) [ 850/3363]    eta: 0:23:38  time: 0.4077  data_time: 0.0005  memory: 1192  
2025/12/31 11:33:38 - mmengine - INFO - Epoch(test) [ 855/3363]    eta: 0:23:32  time: 0.3588  data_time: 0.0004  memory: 1147  
2025/12/31 11:33:40 - mmengine - INFO - Epoch(test) [ 860/3363]    eta: 0:23:25  time: 0.3228  data_time: 0.0004  memory: 918  
2025/12/31 11:33:42 - mmengine - INFO - Epoch(test) [ 865/3363]    eta: 0:23:19  time: 0.3231  data_time: 0.0004  memory: 1192  
2025/12/31 11:33:44 - mmengine - INFO - Epoch(test) [ 870/3363]    eta: 0:23:15  time: 0.4176  data_time: 0.0005  memory: 1192  
2025/12/31 11:33:46 - mmengine - INFO - Epoch(test) [ 875/3363]    eta: 0:23:10  time: 0.4131  data_time: 0.0004  memory: 1192  
2025/12/31 11:33:47 - mmengine - INFO - Epoch(test) [ 880/3363]    eta: 0:23:03  time: 0.3174  data_time: 0.0004  memory: 918  
2025/12/31 11:33:49 - mmengine - INFO - Epoch(test) [ 885/3363]    eta: 0:22:56  time: 0.2851  data_time: 0.0004  memory: 1192  
2025/12/31 11:33:50 - mmengine - INFO - Epoch(test) [ 890/3363]    eta: 0:22:50  time: 0.2855  data_time: 0.0004  memory: 1192  
2025/12/31 11:33:52 - mmengine - INFO - Epoch(test) [ 895/3363]    eta: 0:22:44  time: 0.2952  data_time: 0.0004  memory: 1192  
2025/12/31 11:33:53 - mmengine - INFO - Epoch(test) [ 900/3363]    eta: 0:22:37  time: 0.2816  data_time: 0.0004  memory: 918  
2025/12/31 11:33:54 - mmengine - INFO - Epoch(test) [ 905/3363]    eta: 0:22:30  time: 0.2623  data_time: 0.0005  memory: 918  
2025/12/31 11:33:56 - mmengine - INFO - Epoch(test) [ 910/3363]    eta: 0:22:25  time: 0.3101  data_time: 0.0005  memory: 1192  
2025/12/31 11:34:04 - mmengine - INFO - Epoch(test) [ 915/3363]    eta: 0:22:35  time: 0.9472  data_time: 0.0005  memory: 918  
2025/12/31 11:34:05 - mmengine - INFO - Epoch(test) [ 920/3363]    eta: 0:22:29  time: 0.8981  data_time: 0.0005  memory: 1192  
2025/12/31 11:34:07 - mmengine - INFO - Epoch(test) [ 925/3363]    eta: 0:22:24  time: 0.3264  data_time: 0.0004  memory: 1192  
2025/12/31 11:34:10 - mmengine - INFO - Epoch(test) [ 930/3363]    eta: 0:22:21  time: 0.4668  data_time: 0.0005  memory: 8670  
2025/12/31 11:34:11 - mmengine - INFO - Epoch(test) [ 935/3363]    eta: 0:22:15  time: 0.4178  data_time: 0.0005  memory: 1192  
2025/12/31 11:34:14 - mmengine - INFO - Epoch(test) [ 940/3363]    eta: 0:22:13  time: 0.4544  data_time: 0.0004  memory: 1192  
2025/12/31 11:34:15 - mmengine - INFO - Epoch(test) [ 945/3363]    eta: 0:22:06  time: 0.3996  data_time: 0.0004  memory: 918  
2025/12/31 11:34:17 - mmengine - INFO - Epoch(test) [ 950/3363]    eta: 0:22:01  time: 0.2901  data_time: 0.0004  memory: 918  
2025/12/31 11:34:19 - mmengine - INFO - Epoch(test) [ 955/3363]    eta: 0:21:56  time: 0.3889  data_time: 0.0004  memory: 1131  
2025/12/31 11:34:21 - mmengine - INFO - Epoch(test) [ 960/3363]    eta: 0:21:51  time: 0.3931  data_time: 0.0004  memory: 1040  
2025/12/31 11:34:22 - mmengine - INFO - Epoch(test) [ 965/3363]    eta: 0:21:45  time: 0.3318  data_time: 0.0004  memory: 1192  
2025/12/31 11:34:24 - mmengine - INFO - Epoch(test) [ 970/3363]    eta: 0:21:39  time: 0.2762  data_time: 0.0004  memory: 918  
2025/12/31 11:34:25 - mmengine - INFO - Epoch(test) [ 975/3363]    eta: 0:21:33  time: 0.2749  data_time: 0.0004  memory: 933  
2025/12/31 11:34:26 - mmengine - INFO - Epoch(test) [ 980/3363]    eta: 0:21:26  time: 0.2328  data_time: 0.0004  memory: 1131  
2025/12/31 11:34:27 - mmengine - INFO - Epoch(test) [ 985/3363]    eta: 0:21:20  time: 0.2260  data_time: 0.0004  memory: 1192  
2025/12/31 11:34:29 - mmengine - INFO - Epoch(test) [ 990/3363]    eta: 0:21:15  time: 0.3098  data_time: 0.0004  memory: 918  
2025/12/31 11:34:31 - mmengine - INFO - Epoch(test) [ 995/3363]    eta: 0:21:11  time: 0.3706  data_time: 0.0004  memory: 918  
2025/12/31 11:34:32 - mmengine - INFO - Epoch(test) [1000/3363]    eta: 0:21:05  time: 0.3205  data_time: 0.0004  memory: 1192  
2025/12/31 11:34:34 - mmengine - INFO - Epoch(test) [1005/3363]    eta: 0:21:00  time: 0.3221  data_time: 0.0004  memory: 1192  
2025/12/31 11:34:36 - mmengine - INFO - Epoch(test) [1010/3363]    eta: 0:20:56  time: 0.3810  data_time: 0.0004  memory: 1192  
2025/12/31 11:34:37 - mmengine - INFO - Epoch(test) [1015/3363]    eta: 0:20:50  time: 0.3113  data_time: 0.0004  memory: 1131  
2025/12/31 11:34:39 - mmengine - INFO - Epoch(test) [1020/3363]    eta: 0:20:46  time: 0.3180  data_time: 0.0004  memory: 918  
2025/12/31 11:34:41 - mmengine - INFO - Epoch(test) [1025/3363]    eta: 0:20:41  time: 0.3839  data_time: 0.0004  memory: 918  
2025/12/31 11:34:43 - mmengine - INFO - Epoch(test) [1030/3363]    eta: 0:20:37  time: 0.3885  data_time: 0.0004  memory: 1192  
2025/12/31 11:34:44 - mmengine - INFO - Epoch(test) [1035/3363]    eta: 0:20:31  time: 0.3181  data_time: 0.0004  memory: 918  
2025/12/31 11:34:46 - mmengine - INFO - Epoch(test) [1040/3363]    eta: 0:20:27  time: 0.2999  data_time: 0.0004  memory: 918  
2025/12/31 11:34:48 - mmengine - INFO - Epoch(test) [1045/3363]    eta: 0:20:21  time: 0.3366  data_time: 0.0004  memory: 918  
2025/12/31 11:34:50 - mmengine - INFO - Epoch(test) [1050/3363]    eta: 0:20:17  time: 0.3492  data_time: 0.0004  memory: 1192  
2025/12/31 11:34:52 - mmengine - INFO - Epoch(test) [1055/3363]    eta: 0:20:13  time: 0.3906  data_time: 0.0004  memory: 918  
2025/12/31 11:34:53 - mmengine - INFO - Epoch(test) [1060/3363]    eta: 0:20:08  time: 0.3261  data_time: 0.0004  memory: 918  
2025/12/31 11:34:55 - mmengine - INFO - Epoch(test) [1065/3363]    eta: 0:20:03  time: 0.3006  data_time: 0.0004  memory: 1055  
2025/12/31 11:34:57 - mmengine - INFO - Epoch(test) [1070/3363]    eta: 0:19:59  time: 0.3711  data_time: 0.0005  memory: 918  
2025/12/31 11:34:58 - mmengine - INFO - Epoch(test) [1075/3363]    eta: 0:19:55  time: 0.3725  data_time: 0.0005  memory: 1192  
2025/12/31 11:35:00 - mmengine - INFO - Epoch(test) [1080/3363]    eta: 0:19:50  time: 0.3104  data_time: 0.0005  memory: 979  
2025/12/31 11:35:02 - mmengine - INFO - Epoch(test) [1085/3363]    eta: 0:19:45  time: 0.3310  data_time: 0.0005  memory: 1192  
2025/12/31 11:35:03 - mmengine - INFO - Epoch(test) [1090/3363]    eta: 0:19:41  time: 0.3401  data_time: 0.0005  memory: 1192  
2025/12/31 11:35:04 - mmengine - INFO - Epoch(test) [1095/3363]    eta: 0:19:34  time: 0.2142  data_time: 0.0004  memory: 1025  
2025/12/31 11:35:05 - mmengine - INFO - Epoch(test) [1100/3363]    eta: 0:19:29  time: 0.1976  data_time: 0.0004  memory: 918  
2025/12/31 11:35:08 - mmengine - INFO - Epoch(test) [1105/3363]    eta: 0:19:26  time: 0.4094  data_time: 0.0004  memory: 8693  
2025/12/31 11:35:09 - mmengine - INFO - Epoch(test) [1110/3363]    eta: 0:19:21  time: 0.3901  data_time: 0.0004  memory: 918  
2025/12/31 11:35:11 - mmengine - INFO - Epoch(test) [1115/3363]    eta: 0:19:16  time: 0.2605  data_time: 0.0004  memory: 1192  
2025/12/31 11:35:12 - mmengine - INFO - Epoch(test) [1120/3363]    eta: 0:19:12  time: 0.3145  data_time: 0.0004  memory: 1116  
2025/12/31 11:35:14 - mmengine - INFO - Epoch(test) [1125/3363]    eta: 0:19:07  time: 0.3296  data_time: 0.0005  memory: 918  
2025/12/31 11:35:16 - mmengine - INFO - Epoch(test) [1130/3363]    eta: 0:19:04  time: 0.3539  data_time: 0.0005  memory: 1192  
2025/12/31 11:35:17 - mmengine - INFO - Epoch(test) [1135/3363]    eta: 0:18:59  time: 0.3604  data_time: 0.0004  memory: 1192  
2025/12/31 11:35:19 - mmengine - INFO - Epoch(test) [1140/3363]    eta: 0:18:54  time: 0.2934  data_time: 0.0004  memory: 918  
2025/12/31 11:35:21 - mmengine - INFO - Epoch(test) [1145/3363]    eta: 0:18:51  time: 0.3765  data_time: 0.0004  memory: 1055  
2025/12/31 11:35:23 - mmengine - INFO - Epoch(test) [1150/3363]    eta: 0:18:47  time: 0.4107  data_time: 0.0004  memory: 918  
2025/12/31 11:35:25 - mmengine - INFO - Epoch(test) [1155/3363]    eta: 0:18:43  time: 0.3334  data_time: 0.0005  memory: 933  
2025/12/31 11:35:26 - mmengine - INFO - Epoch(test) [1160/3363]    eta: 0:18:38  time: 0.2935  data_time: 0.0005  memory: 918  
2025/12/31 11:35:28 - mmengine - INFO - Epoch(test) [1165/3363]    eta: 0:18:35  time: 0.3412  data_time: 0.0005  memory: 1192  
2025/12/31 11:35:29 - mmengine - INFO - Epoch(test) [1170/3363]    eta: 0:18:30  time: 0.3455  data_time: 0.0004  memory: 1147  
2025/12/31 11:35:31 - mmengine - INFO - Epoch(test) [1175/3363]    eta: 0:18:26  time: 0.3165  data_time: 0.0004  memory: 1192  
2025/12/31 11:35:33 - mmengine - INFO - Epoch(test) [1180/3363]    eta: 0:18:23  time: 0.4028  data_time: 0.0005  memory: 918  
2025/12/31 11:35:35 - mmengine - INFO - Epoch(test) [1185/3363]    eta: 0:18:18  time: 0.3414  data_time: 0.0005  memory: 1192  
2025/12/31 11:35:37 - mmengine - INFO - Epoch(test) [1190/3363]    eta: 0:18:15  time: 0.3316  data_time: 0.0004  memory: 1009  
2025/12/31 11:35:39 - mmengine - INFO - Epoch(test) [1195/3363]    eta: 0:18:12  time: 0.4650  data_time: 0.0004  memory: 1192  
2025/12/31 11:35:42 - mmengine - INFO - Epoch(test) [1200/3363]    eta: 0:18:11  time: 0.5846  data_time: 0.0005  memory: 1192  
2025/12/31 11:35:44 - mmengine - INFO - Epoch(test) [1205/3363]    eta: 0:18:08  time: 0.5264  data_time: 0.0005  memory: 918  
2025/12/31 11:35:48 - mmengine - INFO - Epoch(test) [1210/3363]    eta: 0:18:07  time: 0.5492  data_time: 0.0004  memory: 1192  
2025/12/31 11:35:50 - mmengine - INFO - Epoch(test) [1215/3363]    eta: 0:18:03  time: 0.5320  data_time: 0.0005  memory: 1192  
2025/12/31 11:35:52 - mmengine - INFO - Epoch(test) [1220/3363]    eta: 0:18:00  time: 0.3813  data_time: 0.0005  memory: 1192  
2025/12/31 11:35:54 - mmengine - INFO - Epoch(test) [1225/3363]    eta: 0:17:56  time: 0.4120  data_time: 0.0005  memory: 918  
2025/12/31 11:35:56 - mmengine - INFO - Epoch(test) [1230/3363]    eta: 0:17:53  time: 0.4259  data_time: 0.0005  memory: 1131  
2025/12/31 11:35:58 - mmengine - INFO - Epoch(test) [1235/3363]    eta: 0:17:51  time: 0.4552  data_time: 0.0005  memory: 1192  
2025/12/31 11:36:02 - mmengine - INFO - Epoch(test) [1240/3363]    eta: 0:17:50  time: 0.5917  data_time: 0.0005  memory: 1192  
2025/12/31 11:36:04 - mmengine - INFO - Epoch(test) [1245/3363]    eta: 0:17:46  time: 0.5570  data_time: 0.0005  memory: 1192  
2025/12/31 11:36:06 - mmengine - INFO - Epoch(test) [1250/3363]    eta: 0:17:43  time: 0.4096  data_time: 0.0004  memory: 1192  
2025/12/31 11:36:07 - mmengine - INFO - Epoch(test) [1255/3363]    eta: 0:17:39  time: 0.3453  data_time: 0.0004  memory: 918  
2025/12/31 11:36:09 - mmengine - INFO - Epoch(test) [1260/3363]    eta: 0:17:34  time: 0.2605  data_time: 0.0005  memory: 1025  
2025/12/31 11:36:10 - mmengine - INFO - Epoch(test) [1265/3363]    eta: 0:17:29  time: 0.2357  data_time: 0.0005  memory: 1192  
2025/12/31 11:36:12 - mmengine - INFO - Epoch(test) [1270/3363]    eta: 0:17:26  time: 0.3135  data_time: 0.0005  memory: 1009  
2025/12/31 11:36:13 - mmengine - INFO - Epoch(test) [1275/3363]    eta: 0:17:21  time: 0.3288  data_time: 0.0005  memory: 1192  
2025/12/31 11:36:16 - mmengine - INFO - Epoch(test) [1280/3363]    eta: 0:17:19  time: 0.3928  data_time: 0.0005  memory: 1192  
2025/12/31 11:36:18 - mmengine - INFO - Epoch(test) [1285/3363]    eta: 0:17:16  time: 0.4759  data_time: 0.0005  memory: 994  
2025/12/31 11:36:20 - mmengine - INFO - Epoch(test) [1290/3363]    eta: 0:17:13  time: 0.4174  data_time: 0.0005  memory: 1192  
2025/12/31 11:36:21 - mmengine - INFO - Epoch(test) [1295/3363]    eta: 0:17:08  time: 0.3076  data_time: 0.0005  memory: 948  
2025/12/31 11:36:23 - mmengine - INFO - Epoch(test) [1300/3363]    eta: 0:17:04  time: 0.2665  data_time: 0.0005  memory: 918  
2025/12/31 11:36:27 - mmengine - INFO - Epoch(test) [1305/3363]    eta: 0:17:05  time: 0.6461  data_time: 0.0005  memory: 1025  
2025/12/31 11:36:29 - mmengine - INFO - Epoch(test) [1310/3363]    eta: 0:17:02  time: 0.6930  data_time: 0.0005  memory: 1192  
2025/12/31 11:36:31 - mmengine - INFO - Epoch(test) [1315/3363]    eta: 0:16:58  time: 0.3651  data_time: 0.0005  memory: 1147  
2025/12/31 11:36:35 - mmengine - INFO - Epoch(test) [1320/3363]    eta: 0:16:59  time: 0.5880  data_time: 0.0004  memory: 918  
2025/12/31 11:36:37 - mmengine - INFO - Epoch(test) [1325/3363]    eta: 0:16:55  time: 0.5853  data_time: 0.0005  memory: 1040  
2025/12/31 11:36:39 - mmengine - INFO - Epoch(test) [1330/3363]    eta: 0:16:51  time: 0.3223  data_time: 0.0005  memory: 1131  
2025/12/31 11:36:40 - mmengine - INFO - Epoch(test) [1335/3363]    eta: 0:16:47  time: 0.2888  data_time: 0.0005  memory: 918  
2025/12/31 11:36:42 - mmengine - INFO - Epoch(test) [1340/3363]    eta: 0:16:43  time: 0.3168  data_time: 0.0005  memory: 1070  
2025/12/31 11:36:43 - mmengine - INFO - Epoch(test) [1345/3363]    eta: 0:16:39  time: 0.3313  data_time: 0.0004  memory: 918  
2025/12/31 11:36:45 - mmengine - INFO - Epoch(test) [1350/3363]    eta: 0:16:36  time: 0.3177  data_time: 0.0004  memory: 1025  
2025/12/31 11:36:47 - mmengine - INFO - Epoch(test) [1355/3363]    eta: 0:16:33  time: 0.4302  data_time: 0.0004  memory: 918  
2025/12/31 11:36:49 - mmengine - INFO - Epoch(test) [1360/3363]    eta: 0:16:29  time: 0.3957  data_time: 0.0004  memory: 918  
2025/12/31 11:36:51 - mmengine - INFO - Epoch(test) [1365/3363]    eta: 0:16:26  time: 0.3156  data_time: 0.0004  memory: 933  
2025/12/31 11:36:52 - mmengine - INFO - Epoch(test) [1370/3363]    eta: 0:16:22  time: 0.3201  data_time: 0.0004  memory: 8618  
2025/12/31 11:36:55 - mmengine - INFO - Epoch(test) [1375/3363]    eta: 0:16:19  time: 0.3904  data_time: 0.0004  memory: 8655  
2025/12/31 11:36:56 - mmengine - INFO - Epoch(test) [1380/3363]    eta: 0:16:16  time: 0.4362  data_time: 0.0004  memory: 628  
2025/12/31 11:36:59 - mmengine - INFO - Epoch(test) [1385/3363]    eta: 0:16:14  time: 0.4965  data_time: 0.0004  memory: 1162  
2025/12/31 11:37:01 - mmengine - INFO - Epoch(test) [1390/3363]    eta: 0:16:10  time: 0.4399  data_time: 0.0004  memory: 826  
2025/12/31 11:37:03 - mmengine - INFO - Epoch(test) [1395/3363]    eta: 0:16:08  time: 0.4002  data_time: 0.0005  memory: 8632  
2025/12/31 11:37:06 - mmengine - INFO - Epoch(test) [1400/3363]    eta: 0:16:06  time: 0.5034  data_time: 0.0005  memory: 964  
2025/12/31 11:37:08 - mmengine - INFO - Epoch(test) [1405/3363]    eta: 0:16:02  time: 0.4409  data_time: 0.0005  memory: 857  
2025/12/31 11:37:10 - mmengine - INFO - Epoch(test) [1410/3363]    eta: 0:16:00  time: 0.4546  data_time: 0.0004  memory: 8723  
2025/12/31 11:37:13 - mmengine - INFO - Epoch(test) [1415/3363]    eta: 0:15:58  time: 0.5290  data_time: 0.0004  memory: 8571  
2025/12/31 11:37:16 - mmengine - INFO - Epoch(test) [1420/3363]    eta: 0:15:56  time: 0.5257  data_time: 0.0005  memory: 1192  
2025/12/31 11:37:17 - mmengine - INFO - Epoch(test) [1425/3363]    eta: 0:15:52  time: 0.4134  data_time: 0.0005  memory: 1025  
2025/12/31 11:37:19 - mmengine - INFO - Epoch(test) [1430/3363]    eta: 0:15:49  time: 0.3739  data_time: 0.0004  memory: 1009  
2025/12/31 11:37:21 - mmengine - INFO - Epoch(test) [1435/3363]    eta: 0:15:46  time: 0.3885  data_time: 0.0004  memory: 1162  
2025/12/31 11:37:24 - mmengine - INFO - Epoch(test) [1440/3363]    eta: 0:15:44  time: 0.4589  data_time: 0.0004  memory: 918  
2025/12/31 11:37:27 - mmengine - INFO - Epoch(test) [1445/3363]    eta: 0:15:42  time: 0.5846  data_time: 0.0005  memory: 811  
2025/12/31 11:37:29 - mmengine - INFO - Epoch(test) [1450/3363]    eta: 0:15:39  time: 0.5086  data_time: 0.0004  memory: 1162  
2025/12/31 11:37:32 - mmengine - INFO - Epoch(test) [1455/3363]    eta: 0:15:37  time: 0.4872  data_time: 0.0004  memory: 8594  
2025/12/31 11:37:35 - mmengine - INFO - Epoch(test) [1460/3363]    eta: 0:15:35  time: 0.5480  data_time: 0.0004  memory: 8624  
2025/12/31 11:37:37 - mmengine - INFO - Epoch(test) [1465/3363]    eta: 0:15:32  time: 0.4595  data_time: 0.0005  memory: 918  
2025/12/31 11:37:38 - mmengine - INFO - Epoch(test) [1470/3363]    eta: 0:15:28  time: 0.3481  data_time: 0.0005  memory: 887  
2025/12/31 11:37:40 - mmengine - INFO - Epoch(test) [1475/3363]    eta: 0:15:25  time: 0.3806  data_time: 0.0005  memory: 1192  
2025/12/31 11:37:43 - mmengine - INFO - Epoch(test) [1480/3363]    eta: 0:15:23  time: 0.5020  data_time: 0.0005  memory: 8647  
2025/12/31 11:37:45 - mmengine - INFO - Epoch(test) [1485/3363]    eta: 0:15:21  time: 0.4921  data_time: 0.0005  memory: 1040  
2025/12/31 11:37:47 - mmengine - INFO - Epoch(test) [1490/3363]    eta: 0:15:18  time: 0.4162  data_time: 0.0005  memory: 613  
2025/12/31 11:37:49 - mmengine - INFO - Epoch(test) [1495/3363]    eta: 0:15:15  time: 0.4066  data_time: 0.0004  memory: 1055  
2025/12/31 11:37:51 - mmengine - INFO - Epoch(test) [1500/3363]    eta: 0:15:12  time: 0.4069  data_time: 0.0005  memory: 1040  
2025/12/31 11:37:53 - mmengine - INFO - Epoch(test) [1505/3363]    eta: 0:15:08  time: 0.3605  data_time: 0.0005  memory: 811  
2025/12/31 11:37:55 - mmengine - INFO - Epoch(test) [1510/3363]    eta: 0:15:05  time: 0.3714  data_time: 0.0004  memory: 811  
2025/12/31 11:37:58 - mmengine - INFO - Epoch(test) [1515/3363]    eta: 0:15:03  time: 0.4760  data_time: 0.0004  memory: 8731  
2025/12/31 11:37:59 - mmengine - INFO - Epoch(test) [1520/3363]    eta: 0:15:00  time: 0.4382  data_time: 0.0004  memory: 689  
2025/12/31 11:38:01 - mmengine - INFO - Epoch(test) [1525/3363]    eta: 0:14:56  time: 0.3282  data_time: 0.0004  memory: 994  
2025/12/31 11:38:02 - mmengine - INFO - Epoch(test) [1530/3363]    eta: 0:14:53  time: 0.2967  data_time: 0.0004  memory: 872  
2025/12/31 11:38:05 - mmengine - INFO - Epoch(test) [1535/3363]    eta: 0:14:50  time: 0.3988  data_time: 0.0004  memory: 1009  
2025/12/31 11:38:07 - mmengine - INFO - Epoch(test) [1540/3363]    eta: 0:14:47  time: 0.4369  data_time: 0.0004  memory: 8586  
2025/12/31 11:38:10 - mmengine - INFO - Epoch(test) [1545/3363]    eta: 0:14:45  time: 0.4571  data_time: 0.0004  memory: 780  
2025/12/31 11:38:12 - mmengine - INFO - Epoch(test) [1550/3363]    eta: 0:14:42  time: 0.4779  data_time: 0.0004  memory: 841  
2025/12/31 11:38:13 - mmengine - INFO - Epoch(test) [1555/3363]    eta: 0:14:39  time: 0.3557  data_time: 0.0004  memory: 918  
2025/12/31 11:38:17 - mmengine - INFO - Epoch(test) [1560/3363]    eta: 0:14:38  time: 0.5606  data_time: 0.0005  memory: 750  
2025/12/31 11:38:20 - mmengine - INFO - Epoch(test) [1565/3363]    eta: 0:14:36  time: 0.7113  data_time: 0.0005  memory: 1025  
2025/12/31 11:38:22 - mmengine - INFO - Epoch(test) [1570/3363]    eta: 0:14:33  time: 0.4583  data_time: 0.0005  memory: 826  
2025/12/31 11:38:24 - mmengine - INFO - Epoch(test) [1575/3363]    eta: 0:14:30  time: 0.3807  data_time: 0.0004  memory: 857  
2025/12/31 11:38:26 - mmengine - INFO - Epoch(test) [1580/3363]    eta: 0:14:27  time: 0.4144  data_time: 0.0005  memory: 643  
2025/12/31 11:38:28 - mmengine - INFO - Epoch(test) [1585/3363]    eta: 0:14:25  time: 0.4083  data_time: 0.0005  memory: 1101  
2025/12/31 11:38:30 - mmengine - INFO - Epoch(test) [1590/3363]    eta: 0:14:22  time: 0.4414  data_time: 0.0005  memory: 903  
2025/12/31 11:38:32 - mmengine - INFO - Epoch(test) [1595/3363]    eta: 0:14:18  time: 0.3751  data_time: 0.0006  memory: 704  
2025/12/31 11:38:33 - mmengine - INFO - Epoch(test) [1600/3363]    eta: 0:14:15  time: 0.3162  data_time: 0.0006  memory: 704  
2025/12/31 11:38:37 - mmengine - INFO - Epoch(test) [1605/3363]    eta: 0:14:14  time: 0.5043  data_time: 0.0006  memory: 796  
2025/12/31 11:38:39 - mmengine - INFO - Epoch(test) [1610/3363]    eta: 0:14:11  time: 0.5127  data_time: 0.0006  memory: 1009  
2025/12/31 11:38:41 - mmengine - INFO - Epoch(test) [1615/3363]    eta: 0:14:08  time: 0.4330  data_time: 0.0005  memory: 841  
2025/12/31 11:38:43 - mmengine - INFO - Epoch(test) [1620/3363]    eta: 0:14:06  time: 0.4866  data_time: 0.0005  memory: 857  
2025/12/31 11:38:45 - mmengine - INFO - Epoch(test) [1625/3363]    eta: 0:14:03  time: 0.4059  data_time: 0.0005  memory: 887  
2025/12/31 11:38:47 - mmengine - INFO - Epoch(test) [1630/3363]    eta: 0:14:00  time: 0.3918  data_time: 0.0005  memory: 1131  
2025/12/31 11:38:48 - mmengine - INFO - Epoch(test) [1635/3363]    eta: 0:13:56  time: 0.3212  data_time: 0.0005  memory: 948  
2025/12/31 11:38:51 - mmengine - INFO - Epoch(test) [1640/3363]    eta: 0:13:53  time: 0.3282  data_time: 0.0004  memory: 8602  
2025/12/31 11:38:52 - mmengine - INFO - Epoch(test) [1645/3363]    eta: 0:13:50  time: 0.3852  data_time: 0.0005  memory: 948  
2025/12/31 11:38:53 - mmengine - INFO - Epoch(test) [1650/3363]    eta: 0:13:46  time: 0.2848  data_time: 0.0005  memory: 719  
2025/12/31 11:38:55 - mmengine - INFO - Epoch(test) [1655/3363]    eta: 0:13:43  time: 0.2599  data_time: 0.0005  memory: 887  
2025/12/31 11:38:57 - mmengine - INFO - Epoch(test) [1660/3363]    eta: 0:13:41  time: 0.3987  data_time: 0.0005  memory: 903  
2025/12/31 11:39:00 - mmengine - INFO - Epoch(test) [1665/3363]    eta: 0:13:38  time: 0.5002  data_time: 0.0006  memory: 964  
2025/12/31 11:39:02 - mmengine - INFO - Epoch(test) [1670/3363]    eta: 0:13:36  time: 0.4520  data_time: 0.0006  memory: 765  
2025/12/31 11:39:04 - mmengine - INFO - Epoch(test) [1675/3363]    eta: 0:13:33  time: 0.3802  data_time: 0.0005  memory: 872  
2025/12/31 11:39:06 - mmengine - INFO - Epoch(test) [1680/3363]    eta: 0:13:30  time: 0.3964  data_time: 0.0004  memory: 1009  
2025/12/31 11:39:08 - mmengine - INFO - Epoch(test) [1685/3363]    eta: 0:13:28  time: 0.4655  data_time: 0.0004  memory: 1101  
2025/12/31 11:39:10 - mmengine - INFO - Epoch(test) [1690/3363]    eta: 0:13:24  time: 0.4038  data_time: 0.0004  memory: 948  
2025/12/31 11:39:11 - mmengine - INFO - Epoch(test) [1695/3363]    eta: 0:13:21  time: 0.3037  data_time: 0.0005  memory: 735  
2025/12/31 11:39:13 - mmengine - INFO - Epoch(test) [1700/3363]    eta: 0:13:18  time: 0.3294  data_time: 0.0005  memory: 719  
2025/12/31 11:39:15 - mmengine - INFO - Epoch(test) [1705/3363]    eta: 0:13:15  time: 0.3643  data_time: 0.0004  memory: 979  
2025/12/31 11:39:17 - mmengine - INFO - Epoch(test) [1710/3363]    eta: 0:13:13  time: 0.4173  data_time: 0.0004  memory: 1116  
2025/12/31 11:39:19 - mmengine - INFO - Epoch(test) [1715/3363]    eta: 0:13:10  time: 0.3992  data_time: 0.0004  memory: 765  
2025/12/31 11:39:21 - mmengine - INFO - Epoch(test) [1720/3363]    eta: 0:13:07  time: 0.3505  data_time: 0.0004  memory: 857  
2025/12/31 11:39:22 - mmengine - INFO - Epoch(test) [1725/3363]    eta: 0:13:03  time: 0.3158  data_time: 0.0004  memory: 765  
2025/12/31 11:39:25 - mmengine - INFO - Epoch(test) [1730/3363]    eta: 0:13:01  time: 0.4279  data_time: 0.0005  memory: 1177  
2025/12/31 11:39:28 - mmengine - INFO - Epoch(test) [1735/3363]    eta: 0:12:59  time: 0.5743  data_time: 0.0005  memory: 735  
2025/12/31 11:39:31 - mmengine - INFO - Epoch(test) [1740/3363]    eta: 0:12:57  time: 0.5661  data_time: 0.0005  memory: 872  
2025/12/31 11:39:34 - mmengine - INFO - Epoch(test) [1745/3363]    eta: 0:12:56  time: 0.6053  data_time: 0.0005  memory: 1025  
2025/12/31 11:39:35 - mmengine - INFO - Epoch(test) [1750/3363]    eta: 0:12:52  time: 0.4407  data_time: 0.0005  memory: 1040  
2025/12/31 11:39:38 - mmengine - INFO - Epoch(test) [1755/3363]    eta: 0:12:50  time: 0.3512  data_time: 0.0005  memory: 964  
2025/12/31 11:39:39 - mmengine - INFO - Epoch(test) [1760/3363]    eta: 0:12:47  time: 0.4067  data_time: 0.0005  memory: 658  
2025/12/31 11:39:42 - mmengine - INFO - Epoch(test) [1765/3363]    eta: 0:12:44  time: 0.4019  data_time: 0.0005  memory: 1070  
2025/12/31 11:39:43 - mmengine - INFO - Epoch(test) [1770/3363]    eta: 0:12:41  time: 0.3287  data_time: 0.0005  memory: 658  
2025/12/31 11:39:44 - mmengine - INFO - Epoch(test) [1775/3363]    eta: 0:12:37  time: 0.2599  data_time: 0.0005  memory: 918  
2025/12/31 11:39:47 - mmengine - INFO - Epoch(test) [1780/3363]    eta: 0:12:35  time: 0.3943  data_time: 0.0004  memory: 1116  
2025/12/31 11:39:48 - mmengine - INFO - Epoch(test) [1785/3363]    eta: 0:12:32  time: 0.4347  data_time: 0.0004  memory: 1009  
2025/12/31 11:39:50 - mmengine - INFO - Epoch(test) [1790/3363]    eta: 0:12:29  time: 0.3710  data_time: 0.0005  memory: 765  
2025/12/31 11:39:53 - mmengine - INFO - Epoch(test) [1795/3363]    eta: 0:12:27  time: 0.4353  data_time: 0.0005  memory: 8563  
2025/12/31 11:39:55 - mmengine - INFO - Epoch(test) [1800/3363]    eta: 0:12:25  time: 0.4753  data_time: 0.0005  memory: 719  
2025/12/31 11:39:57 - mmengine - INFO - Epoch(test) [1805/3363]    eta: 0:12:22  time: 0.4603  data_time: 0.0005  memory: 826  
2025/12/31 11:40:00 - mmengine - INFO - Epoch(test) [1810/3363]    eta: 0:12:20  time: 0.5217  data_time: 0.0005  memory: 8716  
2025/12/31 11:40:02 - mmengine - INFO - Epoch(test) [1815/3363]    eta: 0:12:17  time: 0.4394  data_time: 0.0004  memory: 841  
2025/12/31 11:40:04 - mmengine - INFO - Epoch(test) [1820/3363]    eta: 0:12:14  time: 0.3433  data_time: 0.0005  memory: 689  
2025/12/31 11:40:06 - mmengine - INFO - Epoch(test) [1825/3363]    eta: 0:12:12  time: 0.4340  data_time: 0.0005  memory: 887  
2025/12/31 11:40:08 - mmengine - INFO - Epoch(test) [1830/3363]    eta: 0:12:09  time: 0.4310  data_time: 0.0005  memory: 719  
2025/12/31 11:40:10 - mmengine - INFO - Epoch(test) [1835/3363]    eta: 0:12:06  time: 0.3597  data_time: 0.0005  memory: 994  
2025/12/31 11:40:12 - mmengine - INFO - Epoch(test) [1840/3363]    eta: 0:12:04  time: 0.4349  data_time: 0.0005  memory: 1040  
2025/12/31 11:40:14 - mmengine - INFO - Epoch(test) [1845/3363]    eta: 0:12:01  time: 0.4291  data_time: 0.0005  memory: 1009  
2025/12/31 11:40:16 - mmengine - INFO - Epoch(test) [1850/3363]    eta: 0:11:58  time: 0.3512  data_time: 0.0005  memory: 689  
2025/12/31 11:40:18 - mmengine - INFO - Epoch(test) [1855/3363]    eta: 0:11:56  time: 0.3872  data_time: 0.0005  memory: 933  
2025/12/31 11:40:20 - mmengine - INFO - Epoch(test) [1860/3363]    eta: 0:11:53  time: 0.3853  data_time: 0.0005  memory: 1101  
2025/12/31 11:40:21 - mmengine - INFO - Epoch(test) [1865/3363]    eta: 0:11:50  time: 0.3192  data_time: 0.0005  memory: 796  
2025/12/31 11:40:24 - mmengine - INFO - Epoch(test) [1870/3363]    eta: 0:11:48  time: 0.4144  data_time: 0.0004  memory: 918  
2025/12/31 11:40:26 - mmengine - INFO - Epoch(test) [1875/3363]    eta: 0:11:45  time: 0.4450  data_time: 0.0004  memory: 796  
2025/12/31 11:40:29 - mmengine - INFO - Epoch(test) [1880/3363]    eta: 0:11:44  time: 0.5499  data_time: 0.0004  memory: 811  
2025/12/31 11:40:31 - mmengine - INFO - Epoch(test) [1885/3363]    eta: 0:11:40  time: 0.5192  data_time: 0.0005  memory: 674  
2025/12/31 11:40:32 - mmengine - INFO - Epoch(test) [1890/3363]    eta: 0:11:37  time: 0.2667  data_time: 0.0004  memory: 780  
2025/12/31 11:40:33 - mmengine - INFO - Epoch(test) [1895/3363]    eta: 0:11:34  time: 0.2543  data_time: 0.0004  memory: 1177  
2025/12/31 11:40:35 - mmengine - INFO - Epoch(test) [1900/3363]    eta: 0:11:31  time: 0.2852  data_time: 0.0004  memory: 780  
2025/12/31 11:40:36 - mmengine - INFO - Epoch(test) [1905/3363]    eta: 0:11:28  time: 0.2945  data_time: 0.0005  memory: 552  
2025/12/31 11:40:38 - mmengine - INFO - Epoch(test) [1910/3363]    eta: 0:11:25  time: 0.2910  data_time: 0.0005  memory: 841  
2025/12/31 11:40:39 - mmengine - INFO - Epoch(test) [1915/3363]    eta: 0:11:22  time: 0.2945  data_time: 0.0004  memory: 1131  
2025/12/31 11:40:41 - mmengine - INFO - Epoch(test) [1920/3363]    eta: 0:11:19  time: 0.2963  data_time: 0.0004  memory: 933  
2025/12/31 11:40:43 - mmengine - INFO - Epoch(test) [1925/3363]    eta: 0:11:16  time: 0.3654  data_time: 0.0005  memory: 582  
2025/12/31 11:40:45 - mmengine - INFO - Epoch(test) [1930/3363]    eta: 0:11:14  time: 0.4003  data_time: 0.0005  memory: 613  
2025/12/31 11:40:47 - mmengine - INFO - Epoch(test) [1935/3363]    eta: 0:11:11  time: 0.4436  data_time: 0.0005  memory: 964  
2025/12/31 11:40:49 - mmengine - INFO - Epoch(test) [1940/3363]    eta: 0:11:09  time: 0.4356  data_time: 0.0005  memory: 780  
2025/12/31 11:40:50 - mmengine - INFO - Epoch(test) [1945/3363]    eta: 0:11:05  time: 0.2929  data_time: 0.0004  memory: 719  
2025/12/31 11:40:52 - mmengine - INFO - Epoch(test) [1950/3363]    eta: 0:11:03  time: 0.3134  data_time: 0.0004  memory: 1025  
2025/12/31 11:40:54 - mmengine - INFO - Epoch(test) [1955/3363]    eta: 0:11:00  time: 0.3605  data_time: 0.0004  memory: 1101  
2025/12/31 11:40:56 - mmengine - INFO - Epoch(test) [1960/3363]    eta: 0:10:57  time: 0.3454  data_time: 0.0005  memory: 780  
2025/12/31 11:40:58 - mmengine - INFO - Epoch(test) [1965/3363]    eta: 0:10:55  time: 0.3809  data_time: 0.0005  memory: 674  
2025/12/31 11:41:00 - mmengine - INFO - Epoch(test) [1970/3363]    eta: 0:10:52  time: 0.4387  data_time: 0.0005  memory: 1009  
2025/12/31 11:41:02 - mmengine - INFO - Epoch(test) [1975/3363]    eta: 0:10:49  time: 0.4007  data_time: 0.0005  memory: 643  
2025/12/31 11:41:03 - mmengine - INFO - Epoch(test) [1980/3363]    eta: 0:10:47  time: 0.3272  data_time: 0.0004  memory: 841  
2025/12/31 11:41:06 - mmengine - INFO - Epoch(test) [1985/3363]    eta: 0:10:45  time: 0.4486  data_time: 0.0005  memory: 857  
2025/12/31 11:41:08 - mmengine - INFO - Epoch(test) [1990/3363]    eta: 0:10:42  time: 0.4697  data_time: 0.0005  memory: 918  
2025/12/31 11:41:10 - mmengine - INFO - Epoch(test) [1995/3363]    eta: 0:10:40  time: 0.4250  data_time: 0.0005  memory: 1177  
2025/12/31 11:41:13 - mmengine - INFO - Epoch(test) [2000/3363]    eta: 0:10:37  time: 0.4530  data_time: 0.0005  memory: 735  
2025/12/31 11:41:15 - mmengine - INFO - Epoch(test) [2005/3363]    eta: 0:10:35  time: 0.4148  data_time: 0.0005  memory: 948  
2025/12/31 11:41:17 - mmengine - INFO - Epoch(test) [2010/3363]    eta: 0:10:32  time: 0.3992  data_time: 0.0005  memory: 918  
2025/12/31 11:41:20 - mmengine - INFO - Epoch(test) [2015/3363]    eta: 0:10:30  time: 0.5151  data_time: 0.0005  memory: 1040  
2025/12/31 11:41:22 - mmengine - INFO - Epoch(test) [2020/3363]    eta: 0:10:28  time: 0.5386  data_time: 0.0005  memory: 796  
2025/12/31 11:41:25 - mmengine - INFO - Epoch(test) [2025/3363]    eta: 0:10:26  time: 0.4986  data_time: 0.0005  memory: 780  
2025/12/31 11:41:27 - mmengine - INFO - Epoch(test) [2030/3363]    eta: 0:10:23  time: 0.4823  data_time: 0.0005  memory: 994  
2025/12/31 11:41:29 - mmengine - INFO - Epoch(test) [2035/3363]    eta: 0:10:21  time: 0.3973  data_time: 0.0005  memory: 857  
2025/12/31 11:41:30 - mmengine - INFO - Epoch(test) [2040/3363]    eta: 0:10:17  time: 0.3014  data_time: 0.0004  memory: 1070  
2025/12/31 11:41:32 - mmengine - INFO - Epoch(test) [2045/3363]    eta: 0:10:15  time: 0.3121  data_time: 0.0004  memory: 8578  
2025/12/31 11:41:34 - mmengine - INFO - Epoch(test) [2050/3363]    eta: 0:10:12  time: 0.3798  data_time: 0.0004  memory: 857  
2025/12/31 11:41:35 - mmengine - INFO - Epoch(test) [2055/3363]    eta: 0:10:09  time: 0.3280  data_time: 0.0005  memory: 903  
2025/12/31 11:41:37 - mmengine - INFO - Epoch(test) [2060/3363]    eta: 0:10:07  time: 0.3700  data_time: 0.0005  memory: 1040  
2025/12/31 11:41:39 - mmengine - INFO - Epoch(test) [2065/3363]    eta: 0:10:04  time: 0.4257  data_time: 0.0005  memory: 841  
2025/12/31 11:41:41 - mmengine - INFO - Epoch(test) [2070/3363]    eta: 0:10:02  time: 0.3612  data_time: 0.0004  memory: 903  
2025/12/31 11:41:43 - mmengine - INFO - Epoch(test) [2075/3363]    eta: 0:09:59  time: 0.3228  data_time: 0.0004  memory: 658  
2025/12/31 11:41:45 - mmengine - INFO - Epoch(test) [2080/3363]    eta: 0:09:57  time: 0.3889  data_time: 0.0004  memory: 1147  
2025/12/31 11:41:47 - mmengine - INFO - Epoch(test) [2085/3363]    eta: 0:09:54  time: 0.3976  data_time: 0.0004  memory: 1009  
2025/12/31 11:41:48 - mmengine - INFO - Epoch(test) [2090/3363]    eta: 0:09:51  time: 0.2774  data_time: 0.0004  memory: 1009  
2025/12/31 11:41:50 - mmengine - INFO - Epoch(test) [2095/3363]    eta: 0:09:49  time: 0.3730  data_time: 0.0004  memory: 1162  
2025/12/31 11:41:52 - mmengine - INFO - Epoch(test) [2100/3363]    eta: 0:09:46  time: 0.4706  data_time: 0.0004  memory: 918  
2025/12/31 11:41:54 - mmengine - INFO - Epoch(test) [2105/3363]    eta: 0:09:43  time: 0.3870  data_time: 0.0004  memory: 750  
2025/12/31 11:41:56 - mmengine - INFO - Epoch(test) [2110/3363]    eta: 0:09:41  time: 0.3290  data_time: 0.0004  memory: 841  
2025/12/31 11:41:57 - mmengine - INFO - Epoch(test) [2115/3363]    eta: 0:09:38  time: 0.3018  data_time: 0.0004  memory: 994  
2025/12/31 11:41:59 - mmengine - INFO - Epoch(test) [2120/3363]    eta: 0:09:35  time: 0.3594  data_time: 0.0005  memory: 8647  
2025/12/31 11:42:03 - mmengine - INFO - Epoch(test) [2125/3363]    eta: 0:09:34  time: 0.5467  data_time: 0.0005  memory: 948  
2025/12/31 11:42:05 - mmengine - INFO - Epoch(test) [2130/3363]    eta: 0:09:32  time: 0.6022  data_time: 0.0005  memory: 1055  
2025/12/31 11:42:06 - mmengine - INFO - Epoch(test) [2135/3363]    eta: 0:09:29  time: 0.3806  data_time: 0.0005  memory: 780  
2025/12/31 11:42:09 - mmengine - INFO - Epoch(test) [2140/3363]    eta: 0:09:26  time: 0.3637  data_time: 0.0005  memory: 887  
2025/12/31 11:42:10 - mmengine - INFO - Epoch(test) [2145/3363]    eta: 0:09:24  time: 0.3927  data_time: 0.0005  memory: 811  
2025/12/31 11:42:13 - mmengine - INFO - Epoch(test) [2150/3363]    eta: 0:09:21  time: 0.3819  data_time: 0.0005  memory: 765  
2025/12/31 11:42:15 - mmengine - INFO - Epoch(test) [2155/3363]    eta: 0:09:19  time: 0.4414  data_time: 0.0005  memory: 8731  
2025/12/31 11:42:17 - mmengine - INFO - Epoch(test) [2160/3363]    eta: 0:09:16  time: 0.4313  data_time: 0.0005  memory: 1162  
2025/12/31 11:42:19 - mmengine - INFO - Epoch(test) [2165/3363]    eta: 0:09:14  time: 0.4679  data_time: 0.0005  memory: 1086  
2025/12/31 11:42:21 - mmengine - INFO - Epoch(test) [2170/3363]    eta: 0:09:11  time: 0.3627  data_time: 0.0005  memory: 1070  
2025/12/31 11:42:23 - mmengine - INFO - Epoch(test) [2175/3363]    eta: 0:09:09  time: 0.3072  data_time: 0.0004  memory: 1070  
2025/12/31 11:42:24 - mmengine - INFO - Epoch(test) [2180/3363]    eta: 0:09:06  time: 0.3617  data_time: 0.0005  memory: 674  
2025/12/31 11:42:26 - mmengine - INFO - Epoch(test) [2185/3363]    eta: 0:09:03  time: 0.3252  data_time: 0.0005  memory: 887  
2025/12/31 11:42:28 - mmengine - INFO - Epoch(test) [2190/3363]    eta: 0:09:01  time: 0.3456  data_time: 0.0004  memory: 872  
2025/12/31 11:42:30 - mmengine - INFO - Epoch(test) [2195/3363]    eta: 0:08:59  time: 0.4509  data_time: 0.0004  memory: 1040  
2025/12/31 11:42:32 - mmengine - INFO - Epoch(test) [2200/3363]    eta: 0:08:56  time: 0.4071  data_time: 0.0005  memory: 979  
2025/12/31 11:42:34 - mmengine - INFO - Epoch(test) [2205/3363]    eta: 0:08:54  time: 0.4104  data_time: 0.0005  memory: 1116  
2025/12/31 11:42:37 - mmengine - INFO - Epoch(test) [2210/3363]    eta: 0:08:52  time: 0.4917  data_time: 0.0005  memory: 979  
2025/12/31 11:42:38 - mmengine - INFO - Epoch(test) [2215/3363]    eta: 0:08:49  time: 0.4111  data_time: 0.0005  memory: 765  
2025/12/31 11:42:41 - mmengine - INFO - Epoch(test) [2220/3363]    eta: 0:08:47  time: 0.4528  data_time: 0.0005  memory: 719  
2025/12/31 11:42:43 - mmengine - INFO - Epoch(test) [2225/3363]    eta: 0:08:44  time: 0.4697  data_time: 0.0005  memory: 918  
2025/12/31 11:42:46 - mmengine - INFO - Epoch(test) [2230/3363]    eta: 0:08:43  time: 0.5169  data_time: 0.0005  memory: 826  
2025/12/31 11:42:48 - mmengine - INFO - Epoch(test) [2235/3363]    eta: 0:08:40  time: 0.4725  data_time: 0.0004  memory: 979  
2025/12/31 11:42:50 - mmengine - INFO - Epoch(test) [2240/3363]    eta: 0:08:37  time: 0.3484  data_time: 0.0004  memory: 903  
2025/12/31 11:42:51 - mmengine - INFO - Epoch(test) [2245/3363]    eta: 0:08:35  time: 0.3259  data_time: 0.0004  memory: 918  
2025/12/31 11:42:53 - mmengine - INFO - Epoch(test) [2250/3363]    eta: 0:08:32  time: 0.2787  data_time: 0.0005  memory: 811  
2025/12/31 11:42:55 - mmengine - INFO - Epoch(test) [2255/3363]    eta: 0:08:30  time: 0.3839  data_time: 0.0005  memory: 887  
2025/12/31 11:42:57 - mmengine - INFO - Epoch(test) [2260/3363]    eta: 0:08:27  time: 0.4536  data_time: 0.0004  memory: 994  
2025/12/31 11:42:59 - mmengine - INFO - Epoch(test) [2265/3363]    eta: 0:08:25  time: 0.4424  data_time: 0.0004  memory: 796  
2025/12/31 11:43:01 - mmengine - INFO - Epoch(test) [2270/3363]    eta: 0:08:22  time: 0.4210  data_time: 0.0004  memory: 903  
2025/12/31 11:43:03 - mmengine - INFO - Epoch(test) [2275/3363]    eta: 0:08:20  time: 0.3090  data_time: 0.0005  memory: 613  
2025/12/31 11:43:04 - mmengine - INFO - Epoch(test) [2280/3363]    eta: 0:08:17  time: 0.2738  data_time: 0.0005  memory: 780  
2025/12/31 11:43:06 - mmengine - INFO - Epoch(test) [2285/3363]    eta: 0:08:14  time: 0.3395  data_time: 0.0004  memory: 918  
2025/12/31 11:43:08 - mmengine - INFO - Epoch(test) [2290/3363]    eta: 0:08:12  time: 0.3614  data_time: 0.0004  memory: 689  
2025/12/31 11:43:09 - mmengine - INFO - Epoch(test) [2295/3363]    eta: 0:08:09  time: 0.3225  data_time: 0.0004  memory: 735  
2025/12/31 11:43:11 - mmengine - INFO - Epoch(test) [2300/3363]    eta: 0:08:07  time: 0.3049  data_time: 0.0004  memory: 948  
2025/12/31 11:43:14 - mmengine - INFO - Epoch(test) [2305/3363]    eta: 0:08:05  time: 0.4952  data_time: 0.0005  memory: 857  
2025/12/31 11:43:16 - mmengine - INFO - Epoch(test) [2310/3363]    eta: 0:08:02  time: 0.5514  data_time: 0.0005  memory: 826  
2025/12/31 11:43:19 - mmengine - INFO - Epoch(test) [2315/3363]    eta: 0:08:00  time: 0.5194  data_time: 0.0006  memory: 1116  
2025/12/31 11:43:21 - mmengine - INFO - Epoch(test) [2320/3363]    eta: 0:07:58  time: 0.4223  data_time: 0.0006  memory: 796  
2025/12/31 11:43:22 - mmengine - INFO - Epoch(test) [2325/3363]    eta: 0:07:55  time: 0.2862  data_time: 0.0005  memory: 948  
2025/12/31 11:43:25 - mmengine - INFO - Epoch(test) [2330/3363]    eta: 0:07:53  time: 0.4363  data_time: 0.0004  memory: 903  
2025/12/31 11:43:27 - mmengine - INFO - Epoch(test) [2335/3363]    eta: 0:07:50  time: 0.4574  data_time: 0.0004  memory: 1147  
2025/12/31 11:43:29 - mmengine - INFO - Epoch(test) [2340/3363]    eta: 0:07:48  time: 0.3823  data_time: 0.0004  memory: 887  
2025/12/31 11:43:31 - mmengine - INFO - Epoch(test) [2345/3363]    eta: 0:07:46  time: 0.4134  data_time: 0.0005  memory: 750  
2025/12/31 11:43:33 - mmengine - INFO - Epoch(test) [2350/3363]    eta: 0:07:43  time: 0.4096  data_time: 0.0005  memory: 826  
2025/12/31 11:43:35 - mmengine - INFO - Epoch(test) [2355/3363]    eta: 0:07:41  time: 0.3933  data_time: 0.0005  memory: 903  
2025/12/31 11:43:37 - mmengine - INFO - Epoch(test) [2360/3363]    eta: 0:07:38  time: 0.3946  data_time: 0.0005  memory: 1055  
2025/12/31 11:43:38 - mmengine - INFO - Epoch(test) [2365/3363]    eta: 0:07:36  time: 0.3211  data_time: 0.0005  memory: 948  
2025/12/31 11:43:40 - mmengine - INFO - Epoch(test) [2370/3363]    eta: 0:07:33  time: 0.2954  data_time: 0.0004  memory: 1131  
2025/12/31 11:43:42 - mmengine - INFO - Epoch(test) [2375/3363]    eta: 0:07:31  time: 0.3617  data_time: 0.0004  memory: 750  
2025/12/31 11:43:44 - mmengine - INFO - Epoch(test) [2380/3363]    eta: 0:07:29  time: 0.4394  data_time: 0.0005  memory: 994  
2025/12/31 11:43:47 - mmengine - INFO - Epoch(test) [2385/3363]    eta: 0:07:26  time: 0.5310  data_time: 0.0005  memory: 1162  
2025/12/31 11:43:48 - mmengine - INFO - Epoch(test) [2390/3363]    eta: 0:07:24  time: 0.4139  data_time: 0.0005  memory: 1070  
2025/12/31 11:43:50 - mmengine - INFO - Epoch(test) [2395/3363]    eta: 0:07:21  time: 0.3125  data_time: 0.0005  memory: 689  
2025/12/31 11:43:52 - mmengine - INFO - Epoch(test) [2400/3363]    eta: 0:07:19  time: 0.3671  data_time: 0.0005  memory: 1086  
2025/12/31 11:43:54 - mmengine - INFO - Epoch(test) [2405/3363]    eta: 0:07:16  time: 0.3926  data_time: 0.0005  memory: 689  
2025/12/31 11:43:55 - mmengine - INFO - Epoch(test) [2410/3363]    eta: 0:07:14  time: 0.3424  data_time: 0.0005  memory: 780  
2025/12/31 11:43:57 - mmengine - INFO - Epoch(test) [2415/3363]    eta: 0:07:11  time: 0.3140  data_time: 0.0005  memory: 918  
2025/12/31 11:43:59 - mmengine - INFO - Epoch(test) [2420/3363]    eta: 0:07:09  time: 0.3249  data_time: 0.0004  memory: 1101  
2025/12/31 11:44:02 - mmengine - INFO - Epoch(test) [2425/3363]    eta: 0:07:07  time: 0.4609  data_time: 0.0004  memory: 933  
2025/12/31 11:44:03 - mmengine - INFO - Epoch(test) [2430/3363]    eta: 0:07:04  time: 0.4427  data_time: 0.0005  memory: 1116  
2025/12/31 11:44:05 - mmengine - INFO - Epoch(test) [2435/3363]    eta: 0:07:02  time: 0.3356  data_time: 0.0005  memory: 964  
2025/12/31 11:44:07 - mmengine - INFO - Epoch(test) [2440/3363]    eta: 0:06:59  time: 0.3462  data_time: 0.0005  memory: 704  
2025/12/31 11:44:09 - mmengine - INFO - Epoch(test) [2445/3363]    eta: 0:06:57  time: 0.4304  data_time: 0.0005  memory: 826  
2025/12/31 11:44:12 - mmengine - INFO - Epoch(test) [2450/3363]    eta: 0:06:55  time: 0.5140  data_time: 0.0005  memory: 979  
2025/12/31 11:44:13 - mmengine - INFO - Epoch(test) [2455/3363]    eta: 0:06:52  time: 0.3208  data_time: 0.0005  memory: 597  
2025/12/31 11:44:14 - mmengine - INFO - Epoch(test) [2460/3363]    eta: 0:06:50  time: 0.2822  data_time: 0.0005  memory: 857  
2025/12/31 11:44:16 - mmengine - INFO - Epoch(test) [2465/3363]    eta: 0:06:47  time: 0.3244  data_time: 0.0005  memory: 933  
2025/12/31 11:44:18 - mmengine - INFO - Epoch(test) [2470/3363]    eta: 0:06:45  time: 0.3051  data_time: 0.0005  memory: 735  
2025/12/31 11:44:19 - mmengine - INFO - Epoch(test) [2475/3363]    eta: 0:06:42  time: 0.2788  data_time: 0.0005  memory: 1086  
2025/12/31 11:44:20 - mmengine - INFO - Epoch(test) [2480/3363]    eta: 0:06:39  time: 0.2542  data_time: 0.0005  memory: 857  
2025/12/31 11:44:21 - mmengine - INFO - Epoch(test) [2485/3363]    eta: 0:06:37  time: 0.2848  data_time: 0.0004  memory: 780  
2025/12/31 11:44:24 - mmengine - INFO - Epoch(test) [2490/3363]    eta: 0:06:35  time: 0.3624  data_time: 0.0004  memory: 1131  
2025/12/31 11:44:25 - mmengine - INFO - Epoch(test) [2495/3363]    eta: 0:06:32  time: 0.3734  data_time: 0.0004  memory: 1101  
2025/12/31 11:44:27 - mmengine - INFO - Epoch(test) [2500/3363]    eta: 0:06:30  time: 0.3063  data_time: 0.0005  memory: 704  
2025/12/31 11:44:28 - mmengine - INFO - Epoch(test) [2505/3363]    eta: 0:06:27  time: 0.3146  data_time: 0.0005  memory: 1055  
2025/12/31 11:44:30 - mmengine - INFO - Epoch(test) [2510/3363]    eta: 0:06:25  time: 0.3712  data_time: 0.0004  memory: 1040  
2025/12/31 11:44:32 - mmengine - INFO - Epoch(test) [2515/3363]    eta: 0:06:22  time: 0.3903  data_time: 0.0005  memory: 826  
2025/12/31 11:44:34 - mmengine - INFO - Epoch(test) [2520/3363]    eta: 0:06:20  time: 0.3464  data_time: 0.0004  memory: 964  
2025/12/31 11:44:36 - mmengine - INFO - Epoch(test) [2525/3363]    eta: 0:06:17  time: 0.3363  data_time: 0.0004  memory: 765  
2025/12/31 11:44:38 - mmengine - INFO - Epoch(test) [2530/3363]    eta: 0:06:15  time: 0.3565  data_time: 0.0004  memory: 1025  
2025/12/31 11:44:39 - mmengine - INFO - Epoch(test) [2535/3363]    eta: 0:06:13  time: 0.3466  data_time: 0.0004  memory: 857  
2025/12/31 11:44:41 - mmengine - INFO - Epoch(test) [2540/3363]    eta: 0:06:10  time: 0.3611  data_time: 0.0005  memory: 964  
2025/12/31 11:44:43 - mmengine - INFO - Epoch(test) [2545/3363]    eta: 0:06:08  time: 0.3610  data_time: 0.0005  memory: 857  
2025/12/31 11:44:45 - mmengine - INFO - Epoch(test) [2550/3363]    eta: 0:06:05  time: 0.3591  data_time: 0.0005  memory: 918  
2025/12/31 11:44:46 - mmengine - INFO - Epoch(test) [2555/3363]    eta: 0:06:03  time: 0.3524  data_time: 0.0005  memory: 1177  
2025/12/31 11:44:49 - mmengine - INFO - Epoch(test) [2560/3363]    eta: 0:06:01  time: 0.4331  data_time: 0.0005  memory: 796  
2025/12/31 11:44:51 - mmengine - INFO - Epoch(test) [2565/3363]    eta: 0:05:59  time: 0.4709  data_time: 0.0005  memory: 948  
2025/12/31 11:44:53 - mmengine - INFO - Epoch(test) [2570/3363]    eta: 0:05:56  time: 0.3940  data_time: 0.0004  memory: 887  
2025/12/31 11:44:55 - mmengine - INFO - Epoch(test) [2575/3363]    eta: 0:05:54  time: 0.4009  data_time: 0.0004  memory: 1025  
2025/12/31 11:44:57 - mmengine - INFO - Epoch(test) [2580/3363]    eta: 0:05:52  time: 0.4030  data_time: 0.0004  memory: 964  
2025/12/31 11:44:59 - mmengine - INFO - Epoch(test) [2585/3363]    eta: 0:05:49  time: 0.4181  data_time: 0.0004  memory: 1147  
2025/12/31 11:45:01 - mmengine - INFO - Epoch(test) [2590/3363]    eta: 0:05:47  time: 0.3984  data_time: 0.0004  memory: 643  
2025/12/31 11:45:04 - mmengine - INFO - Epoch(test) [2595/3363]    eta: 0:05:45  time: 0.4467  data_time: 0.0004  memory: 857  
2025/12/31 11:45:05 - mmengine - INFO - Epoch(test) [2600/3363]    eta: 0:05:42  time: 0.4141  data_time: 0.0004  memory: 841  
2025/12/31 11:45:07 - mmengine - INFO - Epoch(test) [2605/3363]    eta: 0:05:40  time: 0.3601  data_time: 0.0004  memory: 964  
2025/12/31 11:45:09 - mmengine - INFO - Epoch(test) [2610/3363]    eta: 0:05:38  time: 0.3759  data_time: 0.0004  memory: 994  
2025/12/31 11:45:11 - mmengine - INFO - Epoch(test) [2615/3363]    eta: 0:05:35  time: 0.3533  data_time: 0.0005  memory: 704  
2025/12/31 11:45:14 - mmengine - INFO - Epoch(test) [2620/3363]    eta: 0:05:33  time: 0.4655  data_time: 0.0005  memory: 1055  
2025/12/31 11:45:15 - mmengine - INFO - Epoch(test) [2625/3363]    eta: 0:05:31  time: 0.4652  data_time: 0.0005  memory: 689  
2025/12/31 11:45:18 - mmengine - INFO - Epoch(test) [2630/3363]    eta: 0:05:29  time: 0.3963  data_time: 0.0005  memory: 1070  
2025/12/31 11:45:19 - mmengine - INFO - Epoch(test) [2635/3363]    eta: 0:05:26  time: 0.3831  data_time: 0.0004  memory: 658  
2025/12/31 11:45:20 - mmengine - INFO - Epoch(test) [2640/3363]    eta: 0:05:24  time: 0.2896  data_time: 0.0004  memory: 948  
2025/12/31 11:45:21 - mmengine - INFO - Epoch(test) [2645/3363]    eta: 0:05:21  time: 0.2145  data_time: 0.0005  memory: 628  
2025/12/31 11:45:24 - mmengine - INFO - Epoch(test) [2650/3363]    eta: 0:05:19  time: 0.3180  data_time: 0.0005  memory: 994  
2025/12/31 11:45:26 - mmengine - INFO - Epoch(test) [2655/3363]    eta: 0:05:17  time: 0.4713  data_time: 0.0004  memory: 8662  
2025/12/31 11:45:28 - mmengine - INFO - Epoch(test) [2660/3363]    eta: 0:05:14  time: 0.4156  data_time: 0.0005  memory: 628  
2025/12/31 11:45:30 - mmengine - INFO - Epoch(test) [2665/3363]    eta: 0:05:12  time: 0.3688  data_time: 0.0005  memory: 658  
2025/12/31 11:45:31 - mmengine - INFO - Epoch(test) [2670/3363]    eta: 0:05:10  time: 0.3671  data_time: 0.0004  memory: 796  
2025/12/31 11:45:34 - mmengine - INFO - Epoch(test) [2675/3363]    eta: 0:05:07  time: 0.3907  data_time: 0.0004  memory: 826  
2025/12/31 11:45:36 - mmengine - INFO - Epoch(test) [2680/3363]    eta: 0:05:05  time: 0.4439  data_time: 0.0004  memory: 750  
2025/12/31 11:45:38 - mmengine - INFO - Epoch(test) [2685/3363]    eta: 0:05:03  time: 0.4025  data_time: 0.0005  memory: 1116  
2025/12/31 11:45:41 - mmengine - INFO - Epoch(test) [2690/3363]    eta: 0:05:01  time: 0.4661  data_time: 0.0005  memory: 1162  
2025/12/31 11:45:43 - mmengine - INFO - Epoch(test) [2695/3363]    eta: 0:04:58  time: 0.4970  data_time: 0.0005  memory: 1131  
2025/12/31 11:45:44 - mmengine - INFO - Epoch(test) [2700/3363]    eta: 0:04:56  time: 0.3360  data_time: 0.0005  memory: 826  
2025/12/31 11:45:48 - mmengine - INFO - Epoch(test) [2705/3363]    eta: 0:04:54  time: 0.4842  data_time: 0.0005  memory: 8685  
2025/12/31 11:45:49 - mmengine - INFO - Epoch(test) [2710/3363]    eta: 0:04:52  time: 0.5072  data_time: 0.0005  memory: 857  
2025/12/31 11:45:51 - mmengine - INFO - Epoch(test) [2715/3363]    eta: 0:04:49  time: 0.3249  data_time: 0.0006  memory: 903  
2025/12/31 11:45:52 - mmengine - INFO - Epoch(test) [2720/3363]    eta: 0:04:47  time: 0.3051  data_time: 0.0006  memory: 689  
2025/12/31 11:45:56 - mmengine - INFO - Epoch(test) [2725/3363]    eta: 0:04:45  time: 0.4923  data_time: 0.0005  memory: 8777  
2025/12/31 11:45:58 - mmengine - INFO - Epoch(test) [2730/3363]    eta: 0:04:43  time: 0.6003  data_time: 0.0005  memory: 765  
2025/12/31 11:46:00 - mmengine - INFO - Epoch(test) [2735/3363]    eta: 0:04:40  time: 0.3962  data_time: 0.0005  memory: 780  
2025/12/31 11:46:02 - mmengine - INFO - Epoch(test) [2740/3363]    eta: 0:04:38  time: 0.3865  data_time: 0.0005  memory: 796  
2025/12/31 11:46:04 - mmengine - INFO - Epoch(test) [2745/3363]    eta: 0:04:36  time: 0.3950  data_time: 0.0005  memory: 872  
2025/12/31 11:46:06 - mmengine - INFO - Epoch(test) [2750/3363]    eta: 0:04:33  time: 0.3948  data_time: 0.0005  memory: 735  
2025/12/31 11:46:08 - mmengine - INFO - Epoch(test) [2755/3363]    eta: 0:04:31  time: 0.4514  data_time: 0.0005  memory: 796  
2025/12/31 11:46:10 - mmengine - INFO - Epoch(test) [2760/3363]    eta: 0:04:29  time: 0.4479  data_time: 0.0005  memory: 994  
2025/12/31 11:46:12 - mmengine - INFO - Epoch(test) [2765/3363]    eta: 0:04:27  time: 0.3927  data_time: 0.0005  memory: 1070  
2025/12/31 11:46:13 - mmengine - INFO - Epoch(test) [2770/3363]    eta: 0:04:24  time: 0.3079  data_time: 0.0005  memory: 719  
2025/12/31 11:46:15 - mmengine - INFO - Epoch(test) [2775/3363]    eta: 0:04:22  time: 0.3059  data_time: 0.0004  memory: 1147  
2025/12/31 11:46:17 - mmengine - INFO - Epoch(test) [2780/3363]    eta: 0:04:19  time: 0.3336  data_time: 0.0005  memory: 1025  
2025/12/31 11:46:20 - mmengine - INFO - Epoch(test) [2785/3363]    eta: 0:04:17  time: 0.4572  data_time: 0.0006  memory: 1116  
2025/12/31 11:46:22 - mmengine - INFO - Epoch(test) [2790/3363]    eta: 0:04:15  time: 0.4885  data_time: 0.0006  memory: 1009  
2025/12/31 11:46:24 - mmengine - INFO - Epoch(test) [2795/3363]    eta: 0:04:13  time: 0.3921  data_time: 0.0005  memory: 979  
2025/12/31 11:46:26 - mmengine - INFO - Epoch(test) [2800/3363]    eta: 0:04:11  time: 0.4503  data_time: 0.0005  memory: 948  
2025/12/31 11:46:28 - mmengine - INFO - Epoch(test) [2805/3363]    eta: 0:04:08  time: 0.4292  data_time: 0.0005  memory: 887  
2025/12/31 11:46:30 - mmengine - INFO - Epoch(test) [2810/3363]    eta: 0:04:06  time: 0.4112  data_time: 0.0005  memory: 719  
2025/12/31 11:46:32 - mmengine - INFO - Epoch(test) [2815/3363]    eta: 0:04:04  time: 0.4270  data_time: 0.0004  memory: 872  
2025/12/31 11:46:34 - mmengine - INFO - Epoch(test) [2820/3363]    eta: 0:04:02  time: 0.4059  data_time: 0.0004  memory: 689  
2025/12/31 11:46:36 - mmengine - INFO - Epoch(test) [2825/3363]    eta: 0:03:59  time: 0.4107  data_time: 0.0005  memory: 1101  
2025/12/31 11:46:39 - mmengine - INFO - Epoch(test) [2830/3363]    eta: 0:03:57  time: 0.4412  data_time: 0.0005  memory: 1192  
2025/12/31 11:46:41 - mmengine - INFO - Epoch(test) [2835/3363]    eta: 0:03:55  time: 0.4615  data_time: 0.0005  memory: 994  
2025/12/31 11:46:43 - mmengine - INFO - Epoch(test) [2840/3363]    eta: 0:03:53  time: 0.4038  data_time: 0.0004  memory: 918  
2025/12/31 11:46:46 - mmengine - INFO - Epoch(test) [2845/3363]    eta: 0:03:51  time: 0.5291  data_time: 0.0004  memory: 857  
2025/12/31 11:46:48 - mmengine - INFO - Epoch(test) [2850/3363]    eta: 0:03:48  time: 0.5164  data_time: 0.0005  memory: 857  
2025/12/31 11:46:50 - mmengine - INFO - Epoch(test) [2855/3363]    eta: 0:03:46  time: 0.3513  data_time: 0.0005  memory: 903  
2025/12/31 11:46:51 - mmengine - INFO - Epoch(test) [2860/3363]    eta: 0:03:44  time: 0.3405  data_time: 0.0005  memory: 796  
2025/12/31 11:46:54 - mmengine - INFO - Epoch(test) [2865/3363]    eta: 0:03:41  time: 0.4176  data_time: 0.0005  memory: 964  
2025/12/31 11:46:56 - mmengine - INFO - Epoch(test) [2870/3363]    eta: 0:03:39  time: 0.4632  data_time: 0.0005  memory: 765  
2025/12/31 11:46:59 - mmengine - INFO - Epoch(test) [2875/3363]    eta: 0:03:37  time: 0.4871  data_time: 0.0005  memory: 933  
2025/12/31 11:47:01 - mmengine - INFO - Epoch(test) [2880/3363]    eta: 0:03:35  time: 0.4782  data_time: 0.0005  memory: 735  
2025/12/31 11:47:03 - mmengine - INFO - Epoch(test) [2885/3363]    eta: 0:03:33  time: 0.4316  data_time: 0.0005  memory: 780  
2025/12/31 11:47:05 - mmengine - INFO - Epoch(test) [2890/3363]    eta: 0:03:30  time: 0.4526  data_time: 0.0005  memory: 887  
2025/12/31 11:47:07 - mmengine - INFO - Epoch(test) [2895/3363]    eta: 0:03:28  time: 0.3896  data_time: 0.0005  memory: 903  
2025/12/31 11:47:09 - mmengine - INFO - Epoch(test) [2900/3363]    eta: 0:03:26  time: 0.3423  data_time: 0.0004  memory: 613  
2025/12/31 11:47:10 - mmengine - INFO - Epoch(test) [2905/3363]    eta: 0:03:23  time: 0.3077  data_time: 0.0004  memory: 857  
2025/12/31 11:47:13 - mmengine - INFO - Epoch(test) [2910/3363]    eta: 0:03:21  time: 0.4219  data_time: 0.0004  memory: 1192  
2025/12/31 11:47:15 - mmengine - INFO - Epoch(test) [2915/3363]    eta: 0:03:19  time: 0.4514  data_time: 0.0004  memory: 872  
2025/12/31 11:47:17 - mmengine - INFO - Epoch(test) [2920/3363]    eta: 0:03:17  time: 0.3687  data_time: 0.0005  memory: 780  
2025/12/31 11:47:19 - mmengine - INFO - Epoch(test) [2925/3363]    eta: 0:03:14  time: 0.4214  data_time: 0.0005  memory: 567  
2025/12/31 11:47:20 - mmengine - INFO - Epoch(test) [2930/3363]    eta: 0:03:12  time: 0.3827  data_time: 0.0005  memory: 765  
2025/12/31 11:47:22 - mmengine - INFO - Epoch(test) [2935/3363]    eta: 0:03:10  time: 0.3662  data_time: 0.0005  memory: 1116  
2025/12/31 11:47:25 - mmengine - INFO - Epoch(test) [2940/3363]    eta: 0:03:08  time: 0.4167  data_time: 0.0005  memory: 735  
2025/12/31 11:47:27 - mmengine - INFO - Epoch(test) [2945/3363]    eta: 0:03:05  time: 0.4221  data_time: 0.0004  memory: 1009  
2025/12/31 11:47:29 - mmengine - INFO - Epoch(test) [2950/3363]    eta: 0:03:03  time: 0.4737  data_time: 0.0004  memory: 1009  
2025/12/31 11:47:31 - mmengine - INFO - Epoch(test) [2955/3363]    eta: 0:03:01  time: 0.4276  data_time: 0.0005  memory: 689  
2025/12/31 11:47:33 - mmengine - INFO - Epoch(test) [2960/3363]    eta: 0:02:59  time: 0.3783  data_time: 0.0005  memory: 826  
2025/12/31 11:47:36 - mmengine - INFO - Epoch(test) [2965/3363]    eta: 0:02:56  time: 0.4643  data_time: 0.0004  memory: 1070  
2025/12/31 11:47:38 - mmengine - INFO - Epoch(test) [2970/3363]    eta: 0:02:54  time: 0.4612  data_time: 0.0004  memory: 1040  
2025/12/31 11:47:39 - mmengine - INFO - Epoch(test) [2975/3363]    eta: 0:02:52  time: 0.3874  data_time: 0.0005  memory: 948  
2025/12/31 11:47:42 - mmengine - INFO - Epoch(test) [2980/3363]    eta: 0:02:50  time: 0.3848  data_time: 0.0005  memory: 918  
2025/12/31 11:47:44 - mmengine - INFO - Epoch(test) [2985/3363]    eta: 0:02:48  time: 0.4788  data_time: 0.0005  memory: 8655  
2025/12/31 11:47:46 - mmengine - INFO - Epoch(test) [2990/3363]    eta: 0:02:45  time: 0.4666  data_time: 0.0004  memory: 704  
2025/12/31 11:47:48 - mmengine - INFO - Epoch(test) [2995/3363]    eta: 0:02:43  time: 0.3321  data_time: 0.0004  memory: 597  
2025/12/31 11:47:49 - mmengine - INFO - Epoch(test) [3000/3363]    eta: 0:02:41  time: 0.3209  data_time: 0.0004  memory: 948  
2025/12/31 11:47:52 - mmengine - INFO - Epoch(test) [3005/3363]    eta: 0:02:39  time: 0.4851  data_time: 0.0004  memory: 765  
2025/12/31 11:47:54 - mmengine - INFO - Epoch(test) [3010/3363]    eta: 0:02:36  time: 0.4945  data_time: 0.0005  memory: 491  
2025/12/31 11:47:57 - mmengine - INFO - Epoch(test) [3015/3363]    eta: 0:02:34  time: 0.4103  data_time: 0.0005  memory: 872  
2025/12/31 11:47:59 - mmengine - INFO - Epoch(test) [3020/3363]    eta: 0:02:32  time: 0.4157  data_time: 0.0005  memory: 1177  
2025/12/31 11:48:01 - mmengine - INFO - Epoch(test) [3025/3363]    eta: 0:02:30  time: 0.4080  data_time: 0.0004  memory: 872  
2025/12/31 11:48:03 - mmengine - INFO - Epoch(test) [3030/3363]    eta: 0:02:27  time: 0.4737  data_time: 0.0005  memory: 994  
2025/12/31 11:48:05 - mmengine - INFO - Epoch(test) [3035/3363]    eta: 0:02:25  time: 0.4551  data_time: 0.0005  memory: 857  
2025/12/31 11:48:07 - mmengine - INFO - Epoch(test) [3040/3363]    eta: 0:02:23  time: 0.3701  data_time: 0.0005  memory: 903  
2025/12/31 11:48:10 - mmengine - INFO - Epoch(test) [3045/3363]    eta: 0:02:21  time: 0.4791  data_time: 0.0005  memory: 719  
2025/12/31 11:48:11 - mmengine - INFO - Epoch(test) [3050/3363]    eta: 0:02:18  time: 0.4374  data_time: 0.0005  memory: 887  
2025/12/31 11:48:13 - mmengine - INFO - Epoch(test) [3055/3363]    eta: 0:02:16  time: 0.2759  data_time: 0.0008  memory: 765  
2025/12/31 11:48:15 - mmengine - INFO - Epoch(test) [3060/3363]    eta: 0:02:14  time: 0.3637  data_time: 0.0008  memory: 1070  
2025/12/31 11:48:17 - mmengine - INFO - Epoch(test) [3065/3363]    eta: 0:02:12  time: 0.4124  data_time: 0.0004  memory: 948  
2025/12/31 11:48:18 - mmengine - INFO - Epoch(test) [3070/3363]    eta: 0:02:09  time: 0.3444  data_time: 0.0004  memory: 765  
2025/12/31 11:48:21 - mmengine - INFO - Epoch(test) [3075/3363]    eta: 0:02:07  time: 0.4066  data_time: 0.0004  memory: 1040  
2025/12/31 11:48:22 - mmengine - INFO - Epoch(test) [3080/3363]    eta: 0:02:05  time: 0.3996  data_time: 0.0004  memory: 918  
2025/12/31 11:48:24 - mmengine - INFO - Epoch(test) [3085/3363]    eta: 0:02:03  time: 0.3236  data_time: 0.0004  memory: 735  
2025/12/31 11:48:26 - mmengine - INFO - Epoch(test) [3090/3363]    eta: 0:02:00  time: 0.3528  data_time: 0.0005  memory: 780  
2025/12/31 11:48:27 - mmengine - INFO - Epoch(test) [3095/3363]    eta: 0:01:58  time: 0.3247  data_time: 0.0005  memory: 765  
2025/12/31 11:48:30 - mmengine - INFO - Epoch(test) [3100/3363]    eta: 0:01:56  time: 0.4113  data_time: 0.0005  memory: 903  
2025/12/31 11:48:32 - mmengine - INFO - Epoch(test) [3105/3363]    eta: 0:01:54  time: 0.4626  data_time: 0.0005  memory: 841  
2025/12/31 11:48:34 - mmengine - INFO - Epoch(test) [3110/3363]    eta: 0:01:52  time: 0.4110  data_time: 0.0004  memory: 658  
2025/12/31 11:48:36 - mmengine - INFO - Epoch(test) [3115/3363]    eta: 0:01:49  time: 0.4315  data_time: 0.0005  memory: 1070  
2025/12/31 11:48:38 - mmengine - INFO - Epoch(test) [3120/3363]    eta: 0:01:47  time: 0.3932  data_time: 0.0005  memory: 658  
2025/12/31 11:48:40 - mmengine - INFO - Epoch(test) [3125/3363]    eta: 0:01:45  time: 0.3920  data_time: 0.0005  memory: 689  
2025/12/31 11:48:42 - mmengine - INFO - Epoch(test) [3130/3363]    eta: 0:01:43  time: 0.4218  data_time: 0.0005  memory: 918  
2025/12/31 11:48:45 - mmengine - INFO - Epoch(test) [3135/3363]    eta: 0:01:40  time: 0.4783  data_time: 0.0005  memory: 826  
2025/12/31 11:48:48 - mmengine - INFO - Epoch(test) [3140/3363]    eta: 0:01:38  time: 0.5297  data_time: 0.0005  memory: 933  
2025/12/31 11:48:50 - mmengine - INFO - Epoch(test) [3145/3363]    eta: 0:01:36  time: 0.4864  data_time: 0.0005  memory: 857  
2025/12/31 11:48:51 - mmengine - INFO - Epoch(test) [3150/3363]    eta: 0:01:34  time: 0.3855  data_time: 0.0005  memory: 811  
2025/12/31 11:48:53 - mmengine - INFO - Epoch(test) [3155/3363]    eta: 0:01:32  time: 0.3163  data_time: 0.0005  memory: 857  
2025/12/31 11:48:55 - mmengine - INFO - Epoch(test) [3160/3363]    eta: 0:01:29  time: 0.3527  data_time: 0.0005  memory: 1070  
2025/12/31 11:48:57 - mmengine - INFO - Epoch(test) [3165/3363]    eta: 0:01:27  time: 0.3975  data_time: 0.0005  memory: 689  
2025/12/31 11:48:59 - mmengine - INFO - Epoch(test) [3170/3363]    eta: 0:01:25  time: 0.3754  data_time: 0.0005  memory: 704  
2025/12/31 11:49:01 - mmengine - INFO - Epoch(test) [3175/3363]    eta: 0:01:23  time: 0.3663  data_time: 0.0005  memory: 903  
2025/12/31 11:49:02 - mmengine - INFO - Epoch(test) [3180/3363]    eta: 0:01:20  time: 0.3284  data_time: 0.0004  memory: 857  
2025/12/31 11:49:04 - mmengine - INFO - Epoch(test) [3185/3363]    eta: 0:01:18  time: 0.3061  data_time: 0.0004  memory: 872  
2025/12/31 11:49:05 - mmengine - INFO - Epoch(test) [3190/3363]    eta: 0:01:16  time: 0.3171  data_time: 0.0004  memory: 872  
2025/12/31 11:49:07 - mmengine - INFO - Epoch(test) [3195/3363]    eta: 0:01:14  time: 0.3493  data_time: 0.0004  memory: 1147  
2025/12/31 11:49:09 - mmengine - INFO - Epoch(test) [3200/3363]    eta: 0:01:11  time: 0.4234  data_time: 0.0004  memory: 872  
2025/12/31 11:49:11 - mmengine - INFO - Epoch(test) [3205/3363]    eta: 0:01:09  time: 0.3566  data_time: 0.0004  memory: 780  
2025/12/31 11:49:13 - mmengine - INFO - Epoch(test) [3210/3363]    eta: 0:01:07  time: 0.3694  data_time: 0.0004  memory: 796  
2025/12/31 11:49:14 - mmengine - INFO - Epoch(test) [3215/3363]    eta: 0:01:05  time: 0.3443  data_time: 0.0004  memory: 811  
2025/12/31 11:49:16 - mmengine - INFO - Epoch(test) [3220/3363]    eta: 0:01:03  time: 0.2707  data_time: 0.0004  memory: 765  
2025/12/31 11:49:17 - mmengine - INFO - Epoch(test) [3225/3363]    eta: 0:01:00  time: 0.3211  data_time: 0.0004  memory: 780  
2025/12/31 11:49:20 - mmengine - INFO - Epoch(test) [3230/3363]    eta: 0:00:58  time: 0.3737  data_time: 0.0004  memory: 1131  
2025/12/31 11:49:21 - mmengine - INFO - Epoch(test) [3235/3363]    eta: 0:00:56  time: 0.3967  data_time: 0.0005  memory: 841  
2025/12/31 11:49:23 - mmengine - INFO - Epoch(test) [3240/3363]    eta: 0:00:54  time: 0.3587  data_time: 0.0005  memory: 1086  
2025/12/31 11:49:25 - mmengine - INFO - Epoch(test) [3245/3363]    eta: 0:00:51  time: 0.3833  data_time: 0.0005  memory: 780  
2025/12/31 11:49:27 - mmengine - INFO - Epoch(test) [3250/3363]    eta: 0:00:49  time: 0.4295  data_time: 0.0005  memory: 8563  
2025/12/31 11:49:29 - mmengine - INFO - Epoch(test) [3255/3363]    eta: 0:00:47  time: 0.3961  data_time: 0.0004  memory: 750  
2025/12/31 11:49:31 - mmengine - INFO - Epoch(test) [3260/3363]    eta: 0:00:45  time: 0.3513  data_time: 0.0004  memory: 1040  
2025/12/31 11:49:33 - mmengine - INFO - Epoch(test) [3265/3363]    eta: 0:00:43  time: 0.3382  data_time: 0.0004  memory: 872  
2025/12/31 11:49:34 - mmengine - INFO - Epoch(test) [3270/3363]    eta: 0:00:40  time: 0.3262  data_time: 0.0004  memory: 735  
2025/12/31 11:49:36 - mmengine - INFO - Epoch(test) [3275/3363]    eta: 0:00:38  time: 0.3031  data_time: 0.0004  memory: 964  
2025/12/31 11:49:38 - mmengine - INFO - Epoch(test) [3280/3363]    eta: 0:00:36  time: 0.3291  data_time: 0.0004  memory: 857  
2025/12/31 11:49:40 - mmengine - INFO - Epoch(test) [3285/3363]    eta: 0:00:34  time: 0.4143  data_time: 0.0004  memory: 933  
2025/12/31 11:49:42 - mmengine - INFO - Epoch(test) [3290/3363]    eta: 0:00:32  time: 0.4615  data_time: 0.0004  memory: 1131  
2025/12/31 11:49:44 - mmengine - INFO - Epoch(test) [3295/3363]    eta: 0:00:29  time: 0.4118  data_time: 0.0004  memory: 796  
2025/12/31 11:49:47 - mmengine - INFO - Epoch(test) [3300/3363]    eta: 0:00:27  time: 0.4603  data_time: 0.0004  memory: 1086  
2025/12/31 11:49:49 - mmengine - INFO - Epoch(test) [3305/3363]    eta: 0:00:25  time: 0.4706  data_time: 0.0004  memory: 964  
2025/12/31 11:49:51 - mmengine - INFO - Epoch(test) [3310/3363]    eta: 0:00:23  time: 0.4094  data_time: 0.0004  memory: 903  
2025/12/31 11:49:53 - mmengine - INFO - Epoch(test) [3315/3363]    eta: 0:00:21  time: 0.4054  data_time: 0.0004  memory: 841  
2025/12/31 11:49:54 - mmengine - INFO - Epoch(test) [3320/3363]    eta: 0:00:18  time: 0.2889  data_time: 0.0004  memory: 903  
2025/12/31 11:49:56 - mmengine - INFO - Epoch(test) [3325/3363]    eta: 0:00:16  time: 0.3532  data_time: 0.0004  memory: 826  
2025/12/31 11:49:58 - mmengine - INFO - Epoch(test) [3330/3363]    eta: 0:00:14  time: 0.4483  data_time: 0.0004  memory: 811  
2025/12/31 11:50:00 - mmengine - INFO - Epoch(test) [3335/3363]    eta: 0:00:12  time: 0.4132  data_time: 0.0005  memory: 872  
2025/12/31 11:50:03 - mmengine - INFO - Epoch(test) [3340/3363]    eta: 0:00:10  time: 0.4439  data_time: 0.0005  memory: 872  
2025/12/31 11:50:05 - mmengine - INFO - Epoch(test) [3345/3363]    eta: 0:00:07  time: 0.4765  data_time: 0.0004  memory: 796  
2025/12/31 11:50:07 - mmengine - INFO - Epoch(test) [3350/3363]    eta: 0:00:05  time: 0.3928  data_time: 0.0004  memory: 613  
2025/12/31 11:50:08 - mmengine - INFO - Epoch(test) [3355/3363]    eta: 0:00:03  time: 0.3242  data_time: 0.0004  memory: 704  
2025/12/31 11:50:11 - mmengine - INFO - Epoch(test) [3360/3363]    eta: 0:00:01  time: 0.3952  data_time: 0.0004  memory: 872  
2025/12/31 11:50:11 - mmengine - INFO - Evaluating hmean-iou...
2025/12/31 11:50:12 - mmengine - INFO - prediction score threshold: 0.30, recall: 0.7590, precision: 0.7175, hmean: 0.7377

2025/12/31 11:50:12 - mmengine - INFO - prediction score threshold: 0.40, recall: 0.7455, precision: 0.7422, hmean: 0.7439

2025/12/31 11:50:12 - mmengine - INFO - prediction score threshold: 0.50, recall: 0.7289, precision: 0.7682, hmean: 0.7480

2025/12/31 11:50:12 - mmengine - INFO - prediction score threshold: 0.60, recall: 0.7021, precision: 0.7910, hmean: 0.7439

2025/12/31 11:50:12 - mmengine - INFO - prediction score threshold: 0.70, recall: 0.6647, precision: 0.8186, hmean: 0.7337

2025/12/31 11:50:12 - mmengine - INFO - prediction score threshold: 0.80, recall: 0.5908, precision: 0.8515, hmean: 0.6976

2025/12/31 11:50:12 - mmengine - INFO - prediction score threshold: 0.90, recall: 0.4064, precision: 0.8995, hmean: 0.5598

2025/12/31 11:50:13 - mmengine - INFO - [art] hmean: 0.7549, precision: 0.7745, recall: 0.7363
2025/12/31 11:50:13 - mmengine - INFO - [rctw] hmean: 0.6800, precision: 0.6942, recall: 0.6664
2025/12/31 11:50:13 - mmengine - INFO - [rects] hmean: 0.7725, precision: 0.7957, recall: 0.7507
2025/12/31 11:50:15 - mmengine - INFO - Results has been saved to work_dirs/_diagnose_rctw_fcenet_best_20251231_112518/baseline/best_icdar_hmean_epoch_99.pth_predictions.pkl.
2025/12/31 11:50:15 - mmengine - INFO - Epoch(test) [3363/3363]    icdar/precision: 0.7682  icdar/recall: 0.7289  icdar/hmean: 0.7480  icdar/art/precision: 0.7745  icdar/art/recall: 0.7363  icdar/art/hmean: 0.7549  icdar/rctw/precision: 0.6942  icdar/rctw/recall: 0.6664  icdar/rctw/hmean: 0.6800  icdar/rects/precision: 0.7957  icdar/rects/recall: 0.7507  icdar/rects/hmean: 0.7725  data_time: 0.0006  time: 0.4384
