ratio,icdar/hmean,icdar/art/hmean,icdar/rctw/hmean,icdar/rects/hmean,ms_per_img,stage2_ms_per_patch,dry_run
0.0,0.7553648068669527,0.7553648068669527,,,22.81417664140463,0.0,True
0.1,0.7553648068669527,0.7553648068669527,,,34.90671630948782,0.0,True
