ratio,icdar/hmean,icdar/art/hmean,icdar/rctw/hmean,icdar/rects/hmean,ms_per_img,stage2_ms_per_patch,dry_run
0.0,0.7586206896551724,0.7058823529411764,0.6666666666666666,1.0,59.069718389461435,0.0,True
0.1,0.7586206896551724,0.7058823529411764,0.6666666666666666,1.0,102.1706967925032,0.0,True
