{"icdar/precision": 0.7400405473897618, "icdar/recall": 0.736717291487966, "icdar/hmean": 0.7383751801562619, "icdar/art/precision": 0.8107872988255763, "icdar/art/recall": 0.7639344262295082, "icdar/art/hmean": 0.7866638531335725, "icdar/rctw/precision": 0.8010498687664042, "icdar/rctw/recall": 0.7094374709437471, "icdar/rctw/hmean": 0.752465483234714, "icdar/rects/precision": 0.690779014308426, "icdar/rects/recall": 0.7352637021716649, "icdar/rects/hmean": 0.7123275194680996, "data_time": 0.027490726511215403, "time": 0.28198798462070596}