{"lr": 0.00030000000000000003, "data_time": 2.2405153274536134, "grad_norm": NaN, "loss": 16.362588500976564, "loss_prob": 12.745628356933594, "loss_thr": 2.645059108734131, "loss_db": 0.9719012260437012, "time": 4.82236614227295, "epoch": 1, "iter": 5, "memory": 21541, "step": 5}
{"lr": 0.00030000000000000003, "data_time": 1.1211310148239135, "grad_norm": NaN, "loss": 16.072570991516113, "loss_prob": 12.486407947540282, "loss_thr": 2.615163707733154, "loss_db": 0.9709993958473205, "time": 2.892186093330383, "epoch": 1, "iter": 10, "memory": 9259, "step": 10}
{"lr": 0.00030000000000000003, "data_time": 0.0016036272048950196, "grad_norm": 86.27553672790528, "loss": 15.53000192642212, "loss_prob": 11.971539306640626, "loss_thr": 2.588069939613342, "loss_db": 0.9703927636146545, "time": 0.9503841638565064, "epoch": 1, "iter": 15, "memory": 9259, "step": 15}
