2025/12/31 11:50:55 - mmengine - INFO - 
------------------------------------------------------------
System environment:
    sys.platform: linux
    Python: 3.8.20 (default, Oct  3 2024, 15:24:27) [GCC 11.2.0]
    CUDA available: True
    MUSA available: False
    numpy_random_seed: 1622706883
    GPU 0: NVIDIA GeForce RTX 3090
    CUDA_HOME: /usr/local/cuda
    NVCC: Cuda compilation tools, release 11.1, V11.1.105
    GCC: gcc (Ubuntu 9.4.0-1ubuntu1~20.04.2) 9.4.0
    PyTorch: 1.10.2+cu111
    PyTorch compiling details: PyTorch built with:
  - GCC 7.3
  - C++ Version: 201402
  - Intel(R) Math Kernel Library Version 2020.0.0 Product Build 20191122 for Intel(R) 64 architecture applications
  - Intel(R) MKL-DNN v2.2.3 (Git Hash 7336ca9f055cf1bfa13efb658fe15dc9b41f0740)
  - OpenMP 201511 (a.k.a. OpenMP 4.5)
  - LAPACK is enabled (usually provided by MKL)
  - NNPACK is enabled
  - CPU capability usage: AVX2
  - CUDA Runtime 11.1
  - NVCC architecture flags: -gencode;arch=compute_37,code=sm_37;-gencode;arch=compute_50,code=sm_50;-gencode;arch=compute_60,code=sm_60;-gencode;arch=compute_70,code=sm_70;-gencode;arch=compute_75,code=sm_75;-gencode;arch=compute_80,code=sm_80;-gencode;arch=compute_86,code=sm_86
  - CuDNN 8.0.5
  - Magma 2.5.2
  - Build settings: BLAS_INFO=mkl, BUILD_TYPE=Release, CUDA_VERSION=11.1, CUDNN_VERSION=8.0.5, CXX_COMPILER=/opt/rh/devtoolset-7/root/usr/bin/c++, CXX_FLAGS= -Wno-deprecated -fvisibility-inlines-hidden -DUSE_PTHREADPOOL -fopenmp -DNDEBUG -DUSE_KINETO -DUSE_FBGEMM -DUSE_QNNPACK -DUSE_PYTORCH_QNNPACK -DUSE_XNNPACK -DSYMBOLICATE_MOBILE_DEBUG_HANDLE -DEDGE_PROFILER_USE_KINETO -O2 -fPIC -Wno-narrowing -Wall -Wextra -Werror=return-type -Wno-missing-field-initializers -Wno-type-limits -Wno-array-bounds -Wno-unknown-pragmas -Wno-sign-compare -Wno-unused-parameter -Wno-unused-variable -Wno-unused-function -Wno-unused-result -Wno-unused-local-typedefs -Wno-strict-overflow -Wno-strict-aliasing -Wno-error=deprecated-declarations -Wno-stringop-overflow -Wno-psabi -Wno-error=pedantic -Wno-error=redundant-decls -Wno-error=old-style-cast -fdiagnostics-color=always -faligned-new -Wno-unused-but-set-variable -Wno-maybe-uninitialized -fno-math-errno -fno-trapping-math -Werror=format -Wno-stringop-overflow, LAPACK_INFO=mkl, PERF_WITH_AVX=1, PERF_WITH_AVX2=1, PERF_WITH_AVX512=1, TORCH_VERSION=1.10.2, USE_CUDA=ON, USE_CUDNN=ON, USE_EXCEPTION_PTR=1, USE_GFLAGS=OFF, USE_GLOG=OFF, USE_MKL=ON, USE_MKLDNN=ON, USE_MPI=OFF, USE_NCCL=ON, USE_NNPACK=ON, USE_OPENMP=ON, 

    TorchVision: 0.11.3+cu111
    OpenCV: 4.12.0
    MMEngine: 0.10.7

Runtime environment:
    cudnn_benchmark: True
    dist_cfg: {'backend': 'nccl'}
    mp_cfg: {'mp_start_method': 'fork', 'opencv_num_threads': 0}
    seed: 1622706883
    Distributed launcher: none
    Distributed training: False
    GPU number: 1
------------------------------------------------------------

2025/12/31 11:50:55 - mmengine - INFO - Config:
auto_scale_lr = dict(base_batch_size=32, enable=True)
custom_hooks = [
    dict(
        min_delta=0.001,
        monitor='icdar/hmean',
        patience=12,
        rule='greater',
        type='EarlyStoppingHook'),
]
default_hooks = dict(
    checkpoint=dict(
        interval=3,
        max_keep_ckpts=3,
        rule='greater',
        save_best='icdar/hmean',
        type='CheckpointHook'),
    logger=dict(interval=5, type='LoggerHook'),
    param_scheduler=dict(type='ParamSchedulerHook'),
    sampler_seed=dict(type='DistSamplerSeedHook'),
    sync_buffer=dict(type='SyncBuffersHook'),
    timer=dict(type='IterTimerHook'),
    visualization=dict(
        draw_gt=False,
        draw_pred=False,
        enable=False,
        interval=1,
        show=False,
        type='VisualizationHook'))
default_scope = 'mmocr'
env_cfg = dict(
    cudnn_benchmark=True,
    dist_cfg=dict(backend='nccl'),
    mp_cfg=dict(mp_start_method='fork', opencv_num_threads=0))
launcher = 'none'
load_from = 'work_dirs/fcenet_r50dcnv2_fpn_direct_finetune_art_rctw_rects/best_icdar_hmean_epoch_99.pth'
log_level = 'INFO'
log_processor = dict(by_epoch=True, type='LogProcessor', window_size=10)
max_epochs = 100
model = dict(
    backbone=dict(
        dcn=dict(deform_groups=2, fallback_on_stride=False, type='DCNv2'),
        depth=50,
        frozen_stages=-1,
        init_cfg=dict(checkpoint='torchvision://resnet50', type='Pretrained'),
        norm_cfg=dict(requires_grad=True, type='BN'),
        norm_eval=True,
        num_stages=4,
        out_indices=(
            1,
            2,
            3,
        ),
        stage_with_dcn=(
            False,
            True,
            True,
            True,
        ),
        style='pytorch',
        type='mmdet.ResNet'),
    data_preprocessor=dict(
        bgr_to_rgb=True,
        mean=[
            123.675,
            116.28,
            103.53,
        ],
        pad_size_divisor=32,
        std=[
            58.395,
            57.12,
            57.375,
        ],
        type='TextDetDataPreprocessor'),
    det_head=dict(
        fourier_degree=5,
        in_channels=256,
        module_loss=dict(
            level_proportion_range=(
                (
                    0,
                    0.25,
                ),
                (
                    0.2,
                    0.65,
                ),
                (
                    0.55,
                    1.0,
                ),
            ),
            num_sample=50,
            type='FCEModuleLoss'),
        postprocessor=dict(
            alpha=1.0,
            beta=2.0,
            num_reconstr_points=50,
            scales=(
                8,
                16,
                32,
            ),
            score_thr=0.1,
            text_repr_type='poly',
            type='FCEPostprocessor'),
        type='FCEHead'),
    neck=dict(
        act_cfg=None,
        add_extra_convs='on_output',
        in_channels=[
            512,
            1024,
            2048,
        ],
        num_outs=3,
        out_channels=256,
        relu_before_extra_convs=True,
        type='mmdet.FPN'),
    type='FCENet')
optim_wrapper = dict(
    clip_grad=dict(max_norm=5, norm_type=2),
    loss_scale='dynamic',
    optimizer=dict(lr=0.001, momentum=0.9, type='SGD', weight_decay=0.0005),
    type='AmpOptimWrapper')
param_scheduler = [
    dict(begin=0, by_epoch=True, end=2, start_factor=0.1, type='LinearLR'),
    dict(
        begin=2,
        by_epoch=True,
        end=100,
        eta_min=1e-07,
        power=0.9,
        type='PolyLR'),
]
randomness = dict(seed=None)
resume = False
test_cfg = dict(type='TestLoop')
test_dataloader = dict(
    batch_size=1,
    dataset=dict(
        datasets=[
            dict(
                ann_file='instances_val.json',
                data_root='data/art_mmocr',
                pipeline=None,
                test_mode=True,
                type='OCRDataset'),
            dict(
                ann_file='instances_val.json',
                data_root='data/rctw17_mmocr',
                pipeline=None,
                test_mode=True,
                type='OCRDataset'),
            dict(
                ann_file='instances_val.json',
                data_root='data/rects_mmocr',
                pipeline=None,
                test_mode=True,
                type='OCRDataset'),
        ],
        pipeline=[
            dict(
                color_type='color_ignore_orientation',
                type='LoadImageFromFile'),
            dict(keep_ratio=True, scale=(
                2260,
                2260,
            ), type='Resize'),
            dict(
                type='LoadOCRAnnotations',
                with_bbox=True,
                with_label=True,
                with_polygon=True),
            dict(fix_from_bbox=False, type='FixInvalidPolygon'),
            dict(
                meta_keys=(
                    'img_path',
                    'ori_shape',
                    'img_shape',
                    'scale_factor',
                ),
                type='PackTextDetInputs'),
        ],
        type='ConcatDataset'),
    num_workers=2,
    persistent_workers=True,
    pin_memory=True,
    sampler=dict(shuffle=False, type='DefaultSampler'))
test_evaluator = [
    dict(
        dataset_prefixes=dict(
            art='data/art_mmocr',
            rctw='data/rctw17_mmocr',
            rects='data/rects_mmocr'),
        type='MultiDatasetHmeanIOUMetric'),
    dict(
        out_file_path=
        'work_dirs/_diagnose_rctw_fcenet_best_20251231_112518/postproc_scorethr0.1/best_icdar_hmean_epoch_99.pth_predictions.pkl',
        type='DumpResults'),
]
test_list = [
    dict(
        ann_file='instances_val.json',
        data_root='data/art_mmocr',
        pipeline=None,
        test_mode=True,
        type='OCRDataset'),
    dict(
        ann_file='instances_val.json',
        data_root='data/rctw17_mmocr',
        pipeline=None,
        test_mode=True,
        type='OCRDataset'),
    dict(
        ann_file='instances_val.json',
        data_root='data/rects_mmocr',
        pipeline=None,
        test_mode=True,
        type='OCRDataset'),
]
test_pipeline = [
    dict(color_type='color_ignore_orientation', type='LoadImageFromFile'),
    dict(keep_ratio=True, scale=(
        2260,
        2260,
    ), type='Resize'),
    dict(
        type='LoadOCRAnnotations',
        with_bbox=True,
        with_label=True,
        with_polygon=True),
    dict(fix_from_bbox=False, type='FixInvalidPolygon'),
    dict(
        meta_keys=(
            'img_path',
            'ori_shape',
            'img_shape',
            'scale_factor',
        ),
        type='PackTextDetInputs'),
]
textdet_art_data_root = 'data/art_mmocr'
textdet_art_rctw_rects_data_root = 'data/textdet_finetune_art_rctw_rects'
textdet_art_rctw_rects_test = dict(
    ann_file='instances_val.json',
    data_root='data/textdet_finetune_art_rctw_rects',
    pipeline=None,
    test_mode=True,
    type='OCRDataset')
textdet_art_rctw_rects_train = dict(
    ann_file='instances_train.json',
    data_root='data/textdet_finetune_art_rctw_rects',
    filter_cfg=dict(filter_empty_gt=True, min_size=32),
    pipeline=None,
    type='OCRDataset')
textdet_art_test = dict(
    ann_file='instances_val.json',
    data_root='data/art_mmocr',
    pipeline=None,
    test_mode=True,
    type='OCRDataset')
textdet_art_train = dict(
    ann_file='instances_train.json',
    data_root='data/art_mmocr',
    filter_cfg=dict(filter_empty_gt=True, min_size=32),
    pipeline=None,
    type='OCRDataset')
textdet_rctw_data_root = 'data/rctw17_mmocr'
textdet_rctw_test = dict(
    ann_file='instances_val.json',
    data_root='data/rctw17_mmocr',
    pipeline=None,
    test_mode=True,
    type='OCRDataset')
textdet_rctw_train = dict(
    ann_file='instances_train.json',
    data_root='data/rctw17_mmocr',
    filter_cfg=dict(filter_empty_gt=True, min_size=32),
    pipeline=None,
    type='OCRDataset')
textdet_rects_data_root = 'data/rects_mmocr'
textdet_rects_test = dict(
    ann_file='instances_val.json',
    data_root='data/rects_mmocr',
    pipeline=None,
    test_mode=True,
    type='OCRDataset')
textdet_rects_train = dict(
    ann_file='instances_train.json',
    data_root='data/rects_mmocr',
    filter_cfg=dict(filter_empty_gt=True, min_size=32),
    pipeline=None,
    type='OCRDataset')
train_cfg = dict(max_epochs=100, type='EpochBasedTrainLoop', val_interval=3)
train_dataloader = dict(
    batch_size=32,
    dataset=dict(
        datasets=[
            dict(
                ann_file='instances_train.json',
                data_root='data/art_mmocr',
                filter_cfg=dict(filter_empty_gt=True, min_size=32),
                pipeline=None,
                type='OCRDataset'),
            dict(
                ann_file='instances_train.json',
                data_root='data/rctw17_mmocr',
                filter_cfg=dict(filter_empty_gt=True, min_size=32),
                pipeline=None,
                type='OCRDataset'),
            dict(
                ann_file='instances_train.json',
                data_root='data/rects_mmocr',
                filter_cfg=dict(filter_empty_gt=True, min_size=32),
                pipeline=None,
                type='OCRDataset'),
        ],
        pipeline=[
            dict(
                color_type='color_ignore_orientation',
                type='LoadImageFromFile'),
            dict(
                type='LoadOCRAnnotations',
                with_bbox=True,
                with_label=True,
                with_polygon=True),
            dict(fix_from_bbox=False, type='FixInvalidPolygon'),
            dict(
                keep_ratio=True,
                ratio_range=(
                    0.75,
                    2.5,
                ),
                scale=(
                    800,
                    800,
                ),
                type='RandomResize'),
            dict(
                crop_ratio=0.5,
                iter_num=1,
                min_area_ratio=0.2,
                type='TextDetRandomCropFlip'),
            dict(
                prob=0.8,
                transforms=[
                    dict(min_side_ratio=0.3, type='RandomCrop'),
                ],
                type='RandomApply'),
            dict(
                prob=0.5,
                transforms=[
                    dict(
                        max_angle=30,
                        pad_with_fixed_color=False,
                        type='RandomRotate',
                        use_canvas=True),
                ],
                type='RandomApply'),
            dict(
                prob=[
                    0.6,
                    0.4,
                ],
                transforms=[
                    [
                        dict(keep_ratio=True, scale=800, type='Resize'),
                        dict(target_scale=800, type='SourceImagePad'),
                    ],
                    dict(keep_ratio=False, scale=800, type='Resize'),
                ],
                type='RandomChoice'),
            dict(direction='horizontal', prob=0.5, type='RandomFlip'),
            dict(
                brightness=0.12549019607843137,
                contrast=0.5,
                op='ColorJitter',
                saturation=0.5,
                type='TorchVisionWrapper'),
            dict(
                meta_keys=(
                    'img_path',
                    'ori_shape',
                    'img_shape',
                    'scale_factor',
                ),
                type='PackTextDetInputs'),
        ],
        type='ConcatDataset'),
    num_workers=6,
    persistent_workers=True,
    pin_memory=True,
    sampler=dict(shuffle=True, type='DefaultSampler'))
train_list = [
    dict(
        ann_file='instances_train.json',
        data_root='data/art_mmocr',
        filter_cfg=dict(filter_empty_gt=True, min_size=32),
        pipeline=None,
        type='OCRDataset'),
    dict(
        ann_file='instances_train.json',
        data_root='data/rctw17_mmocr',
        filter_cfg=dict(filter_empty_gt=True, min_size=32),
        pipeline=None,
        type='OCRDataset'),
    dict(
        ann_file='instances_train.json',
        data_root='data/rects_mmocr',
        filter_cfg=dict(filter_empty_gt=True, min_size=32),
        pipeline=None,
        type='OCRDataset'),
]
train_pipeline = [
    dict(color_type='color_ignore_orientation', type='LoadImageFromFile'),
    dict(
        type='LoadOCRAnnotations',
        with_bbox=True,
        with_label=True,
        with_polygon=True),
    dict(fix_from_bbox=False, type='FixInvalidPolygon'),
    dict(
        keep_ratio=True,
        ratio_range=(
            0.75,
            2.5,
        ),
        scale=(
            800,
            800,
        ),
        type='RandomResize'),
    dict(
        crop_ratio=0.5,
        iter_num=1,
        min_area_ratio=0.2,
        type='TextDetRandomCropFlip'),
    dict(
        prob=0.8,
        transforms=[
            dict(min_side_ratio=0.3, type='RandomCrop'),
        ],
        type='RandomApply'),
    dict(
        prob=0.5,
        transforms=[
            dict(
                max_angle=30,
                pad_with_fixed_color=False,
                type='RandomRotate',
                use_canvas=True),
        ],
        type='RandomApply'),
    dict(
        prob=[
            0.6,
            0.4,
        ],
        transforms=[
            [
                dict(keep_ratio=True, scale=800, type='Resize'),
                dict(target_scale=800, type='SourceImagePad'),
            ],
            dict(keep_ratio=False, scale=800, type='Resize'),
        ],
        type='RandomChoice'),
    dict(direction='horizontal', prob=0.5, type='RandomFlip'),
    dict(
        brightness=0.12549019607843137,
        contrast=0.5,
        op='ColorJitter',
        saturation=0.5,
        type='TorchVisionWrapper'),
    dict(
        meta_keys=(
            'img_path',
            'ori_shape',
            'img_shape',
            'scale_factor',
        ),
        type='PackTextDetInputs'),
]
val_cfg = dict(type='ValLoop')
val_dataloader = dict(
    batch_size=1,
    dataset=dict(
        datasets=[
            dict(
                ann_file='instances_val.json',
                data_root='data/art_mmocr',
                pipeline=None,
                test_mode=True,
                type='OCRDataset'),
            dict(
                ann_file='instances_val.json',
                data_root='data/rctw17_mmocr',
                pipeline=None,
                test_mode=True,
                type='OCRDataset'),
            dict(
                ann_file='instances_val.json',
                data_root='data/rects_mmocr',
                pipeline=None,
                test_mode=True,
                type='OCRDataset'),
        ],
        pipeline=[
            dict(
                color_type='color_ignore_orientation',
                type='LoadImageFromFile'),
            dict(keep_ratio=True, scale=(
                2260,
                2260,
            ), type='Resize'),
            dict(
                type='LoadOCRAnnotations',
                with_bbox=True,
                with_label=True,
                with_polygon=True),
            dict(fix_from_bbox=False, type='FixInvalidPolygon'),
            dict(
                meta_keys=(
                    'img_path',
                    'ori_shape',
                    'img_shape',
                    'scale_factor',
                ),
                type='PackTextDetInputs'),
        ],
        type='ConcatDataset'),
    num_workers=2,
    persistent_workers=True,
    pin_memory=True,
    sampler=dict(shuffle=False, type='DefaultSampler'))
val_evaluator = dict(
    dataset_prefixes=dict(
        art='data/art_mmocr',
        rctw='data/rctw17_mmocr',
        rects='data/rects_mmocr'),
    type='MultiDatasetHmeanIOUMetric')
vis_backends = [
    dict(type='LocalVisBackend'),
]
visualizer = dict(
    name='visualizer',
    type='TextDetLocalVisualizer',
    vis_backends=[
        dict(type='LocalVisBackend'),
    ])
work_dir = 'work_dirs/_diagnose_rctw_fcenet_best_20251231_112518/postproc_scorethr0.1'

2025/12/31 11:51:03 - mmengine - INFO - Distributed training is not used, all SyncBatchNorm (SyncBN) layers in the model will be automatically reverted to BatchNormXd layers if they are used.
2025/12/31 11:51:03 - mmengine - INFO - Hooks will be executed in the following order:
before_run:
(VERY_HIGH   ) RuntimeInfoHook                    
(BELOW_NORMAL) LoggerHook                         
(LOWEST      ) EarlyStoppingHook                  
 -------------------- 
before_train:
(VERY_HIGH   ) RuntimeInfoHook                    
(NORMAL      ) IterTimerHook                      
(VERY_LOW    ) CheckpointHook                     
 -------------------- 
before_train_epoch:
(VERY_HIGH   ) RuntimeInfoHook                    
(NORMAL      ) IterTimerHook                      
(NORMAL      ) DistSamplerSeedHook                
 -------------------- 
before_train_iter:
(VERY_HIGH   ) RuntimeInfoHook                    
(NORMAL      ) IterTimerHook                      
 -------------------- 
after_train_iter:
(VERY_HIGH   ) RuntimeInfoHook                    
(NORMAL      ) IterTimerHook                      
(BELOW_NORMAL) LoggerHook                         
(LOW         ) ParamSchedulerHook                 
(VERY_LOW    ) CheckpointHook                     
 -------------------- 
after_train_epoch:
(NORMAL      ) IterTimerHook                      
(NORMAL      ) SyncBuffersHook                    
(LOW         ) ParamSchedulerHook                 
(VERY_LOW    ) CheckpointHook                     
 -------------------- 
before_val:
(VERY_HIGH   ) RuntimeInfoHook                    
 -------------------- 
before_val_epoch:
(NORMAL      ) IterTimerHook                      
(NORMAL      ) SyncBuffersHook                    
 -------------------- 
before_val_iter:
(NORMAL      ) IterTimerHook                      
 -------------------- 
after_val_iter:
(NORMAL      ) IterTimerHook                      
(NORMAL      ) VisualizationHook                  
(BELOW_NORMAL) LoggerHook                         
 -------------------- 
after_val_epoch:
(VERY_HIGH   ) RuntimeInfoHook                    
(NORMAL      ) IterTimerHook                      
(BELOW_NORMAL) LoggerHook                         
(LOW         ) ParamSchedulerHook                 
(VERY_LOW    ) CheckpointHook                     
(LOWEST      ) EarlyStoppingHook                  
 -------------------- 
after_val:
(VERY_HIGH   ) RuntimeInfoHook                    
 -------------------- 
after_train:
(VERY_HIGH   ) RuntimeInfoHook                    
(VERY_LOW    ) CheckpointHook                     
 -------------------- 
before_test:
(VERY_HIGH   ) RuntimeInfoHook                    
 -------------------- 
before_test_epoch:
(NORMAL      ) IterTimerHook                      
 -------------------- 
before_test_iter:
(NORMAL      ) IterTimerHook                      
 -------------------- 
after_test_iter:
(NORMAL      ) IterTimerHook                      
(NORMAL      ) VisualizationHook                  
(BELOW_NORMAL) LoggerHook                         
 -------------------- 
after_test_epoch:
(VERY_HIGH   ) RuntimeInfoHook                    
(NORMAL      ) IterTimerHook                      
(BELOW_NORMAL) LoggerHook                         
 -------------------- 
after_test:
(VERY_HIGH   ) RuntimeInfoHook                    
 -------------------- 
after_run:
(BELOW_NORMAL) LoggerHook                         
 -------------------- 
2025/12/31 11:51:04 - mmengine - WARNING - The prefix is not set in metric class DumpResults.
2025/12/31 11:51:08 - mmengine - INFO - ModulatedDeformConvPack backbone.layer2.0.conv2 is upgraded to version 2.
2025/12/31 11:51:08 - mmengine - INFO - ModulatedDeformConvPack backbone.layer2.1.conv2 is upgraded to version 2.
2025/12/31 11:51:08 - mmengine - INFO - ModulatedDeformConvPack backbone.layer2.2.conv2 is upgraded to version 2.
2025/12/31 11:51:08 - mmengine - INFO - ModulatedDeformConvPack backbone.layer2.3.conv2 is upgraded to version 2.
2025/12/31 11:51:08 - mmengine - INFO - ModulatedDeformConvPack backbone.layer3.0.conv2 is upgraded to version 2.
2025/12/31 11:51:08 - mmengine - INFO - ModulatedDeformConvPack backbone.layer3.1.conv2 is upgraded to version 2.
2025/12/31 11:51:08 - mmengine - INFO - ModulatedDeformConvPack backbone.layer3.2.conv2 is upgraded to version 2.
2025/12/31 11:51:08 - mmengine - INFO - ModulatedDeformConvPack backbone.layer3.3.conv2 is upgraded to version 2.
2025/12/31 11:51:08 - mmengine - INFO - ModulatedDeformConvPack backbone.layer3.4.conv2 is upgraded to version 2.
2025/12/31 11:51:08 - mmengine - INFO - ModulatedDeformConvPack backbone.layer3.5.conv2 is upgraded to version 2.
2025/12/31 11:51:08 - mmengine - INFO - ModulatedDeformConvPack backbone.layer4.0.conv2 is upgraded to version 2.
2025/12/31 11:51:08 - mmengine - INFO - ModulatedDeformConvPack backbone.layer4.1.conv2 is upgraded to version 2.
2025/12/31 11:51:08 - mmengine - INFO - ModulatedDeformConvPack backbone.layer4.2.conv2 is upgraded to version 2.
2025/12/31 11:51:08 - mmengine - INFO - Load checkpoint from work_dirs/fcenet_r50dcnv2_fpn_direct_finetune_art_rctw_rects/best_icdar_hmean_epoch_99.pth
2025/12/31 11:51:16 - mmengine - INFO - Epoch(test) [   5/3363]    eta: 1:29:34  time: 1.6005  data_time: 0.0517  memory: 8937  
2025/12/31 11:51:22 - mmengine - INFO - Epoch(test) [  10/3363]    eta: 1:14:26  time: 1.3321  data_time: 0.0261  memory: 8990  
2025/12/31 11:51:30 - mmengine - INFO - Epoch(test) [  15/3363]    eta: 1:21:24  time: 1.3882  data_time: 0.0006  memory: 9006  
2025/12/31 11:51:35 - mmengine - INFO - Epoch(test) [  20/3363]    eta: 1:15:15  time: 1.3696  data_time: 0.0006  memory: 8960  
2025/12/31 11:51:42 - mmengine - INFO - Epoch(test) [  25/3363]    eta: 1:15:31  time: 1.2056  data_time: 0.0006  memory: 8838  
2025/12/31 11:51:51 - mmengine - INFO - Epoch(test) [  30/3363]    eta: 1:19:13  time: 1.5768  data_time: 0.0006  memory: 8906  
2025/12/31 11:51:55 - mmengine - INFO - Epoch(test) [  35/3363]    eta: 1:13:59  time: 1.2752  data_time: 0.0006  memory: 8853  
2025/12/31 11:51:59 - mmengine - INFO - Epoch(test) [  40/3363]    eta: 1:10:47  time: 0.8344  data_time: 0.0005  memory: 8823  
2025/12/31 11:52:03 - mmengine - INFO - Epoch(test) [  45/3363]    eta: 1:07:35  time: 0.8307  data_time: 0.0005  memory: 8952  
2025/12/31 11:52:11 - mmengine - INFO - Epoch(test) [  50/3363]    eta: 1:09:47  time: 1.2075  data_time: 0.0005  memory: 8967  
2025/12/31 11:52:18 - mmengine - INFO - Epoch(test) [  55/3363]    eta: 1:10:06  time: 1.4936  data_time: 0.0006  memory: 8967  
2025/12/31 11:52:22 - mmengine - INFO - Epoch(test) [  60/3363]    eta: 1:07:26  time: 1.0294  data_time: 0.0006  memory: 8884  
2025/12/31 11:52:28 - mmengine - INFO - Epoch(test) [  65/3363]    eta: 1:07:16  time: 0.9612  data_time: 0.0005  memory: 8990  
2025/12/31 11:52:32 - mmengine - INFO - Epoch(test) [  70/3363]    eta: 1:05:42  time: 1.0316  data_time: 0.0006  memory: 8945  
2025/12/31 11:52:37 - mmengine - INFO - Epoch(test) [  75/3363]    eta: 1:04:58  time: 0.9379  data_time: 0.0006  memory: 8998  
2025/12/31 11:52:41 - mmengine - INFO - Epoch(test) [  80/3363]    eta: 1:03:17  time: 0.8718  data_time: 0.0005  memory: 1192  
2025/12/31 11:52:50 - mmengine - INFO - Epoch(test) [  85/3363]    eta: 1:05:31  time: 1.3016  data_time: 0.0006  memory: 1009  
2025/12/31 11:52:56 - mmengine - INFO - Epoch(test) [  90/3363]    eta: 1:05:01  time: 1.4755  data_time: 0.0006  memory: 8800  
2025/12/31 11:53:00 - mmengine - INFO - Epoch(test) [  95/3363]    eta: 1:04:14  time: 1.0099  data_time: 0.0005  memory: 8983  
2025/12/31 11:53:05 - mmengine - INFO - Epoch(test) [ 100/3363]    eta: 1:03:23  time: 0.9275  data_time: 0.0005  memory: 8876  
2025/12/31 11:53:09 - mmengine - INFO - Epoch(test) [ 105/3363]    eta: 1:02:27  time: 0.8724  data_time: 0.0006  memory: 1177  
2025/12/31 11:53:12 - mmengine - INFO - Epoch(test) [ 110/3363]    eta: 1:01:12  time: 0.7625  data_time: 0.0006  memory: 1147  
2025/12/31 11:53:18 - mmengine - INFO - Epoch(test) [ 115/3363]    eta: 1:01:09  time: 0.9144  data_time: 0.0006  memory: 8945  
2025/12/31 11:53:22 - mmengine - INFO - Epoch(test) [ 120/3363]    eta: 1:00:26  time: 1.0004  data_time: 0.0006  memory: 8845  
2025/12/31 11:53:27 - mmengine - INFO - Epoch(test) [ 125/3363]    eta: 0:59:44  time: 0.8454  data_time: 0.0006  memory: 918  
2025/12/31 11:53:31 - mmengine - INFO - Epoch(test) [ 130/3363]    eta: 0:59:20  time: 0.8966  data_time: 0.0006  memory: 8876  
2025/12/31 11:53:35 - mmengine - INFO - Epoch(test) [ 135/3363]    eta: 0:58:22  time: 0.8108  data_time: 0.0006  memory: 8998  
2025/12/31 11:53:39 - mmengine - INFO - Epoch(test) [ 140/3363]    eta: 0:57:47  time: 0.7460  data_time: 0.0005  memory: 8983  
2025/12/31 11:53:44 - mmengine - INFO - Epoch(test) [ 145/3363]    eta: 0:57:41  time: 0.9484  data_time: 0.0006  memory: 8929  
2025/12/31 11:53:47 - mmengine - INFO - Epoch(test) [ 150/3363]    eta: 0:56:47  time: 0.8473  data_time: 0.0006  memory: 918  
2025/12/31 11:53:53 - mmengine - INFO - Epoch(test) [ 155/3363]    eta: 0:56:43  time: 0.8511  data_time: 0.0006  memory: 8899  
2025/12/31 11:53:56 - mmengine - INFO - Epoch(test) [ 160/3363]    eta: 0:55:54  time: 0.8462  data_time: 0.0006  memory: 1192  
2025/12/31 11:54:09 - mmengine - INFO - Epoch(test) [ 165/3363]    eta: 0:58:15  time: 1.5908  data_time: 0.0006  memory: 8899  
2025/12/31 11:54:12 - mmengine - INFO - Epoch(test) [ 170/3363]    eta: 0:57:35  time: 1.6401  data_time: 0.0006  memory: 8762  
2025/12/31 11:54:17 - mmengine - INFO - Epoch(test) [ 175/3363]    eta: 0:57:09  time: 0.7903  data_time: 0.0005  memory: 1192  
2025/12/31 11:54:22 - mmengine - INFO - Epoch(test) [ 180/3363]    eta: 0:57:03  time: 0.9652  data_time: 0.0006  memory: 1116  
2025/12/31 11:54:29 - mmengine - INFO - Epoch(test) [ 185/3363]    eta: 0:57:31  time: 1.2641  data_time: 0.0005  memory: 8952  
2025/12/31 11:54:32 - mmengine - INFO - Epoch(test) [ 190/3363]    eta: 0:56:36  time: 0.9778  data_time: 0.0005  memory: 1192  
2025/12/31 11:54:36 - mmengine - INFO - Epoch(test) [ 195/3363]    eta: 0:56:08  time: 0.6442  data_time: 0.0005  memory: 1192  
2025/12/31 11:54:39 - mmengine - INFO - Epoch(test) [ 200/3363]    eta: 0:55:38  time: 0.7726  data_time: 0.0005  memory: 8975  
2025/12/31 11:54:42 - mmengine - INFO - Epoch(test) [ 205/3363]    eta: 0:54:57  time: 0.6704  data_time: 0.0005  memory: 8792  
2025/12/31 11:54:49 - mmengine - INFO - Epoch(test) [ 210/3363]    eta: 0:55:21  time: 1.0109  data_time: 0.0005  memory: 1009  
2025/12/31 11:54:56 - mmengine - INFO - Epoch(test) [ 215/3363]    eta: 0:55:27  time: 1.3217  data_time: 0.0005  memory: 8891  
2025/12/31 11:55:00 - mmengine - INFO - Epoch(test) [ 220/3363]    eta: 0:55:06  time: 1.0213  data_time: 0.0006  memory: 8922  
2025/12/31 11:55:04 - mmengine - INFO - Epoch(test) [ 225/3363]    eta: 0:54:52  time: 0.8829  data_time: 0.0006  memory: 8960  
2025/12/31 11:55:08 - mmengine - INFO - Epoch(test) [ 230/3363]    eta: 0:54:26  time: 0.8393  data_time: 0.0006  memory: 8929  
2025/12/31 11:55:15 - mmengine - INFO - Epoch(test) [ 235/3363]    eta: 0:54:40  time: 1.0373  data_time: 0.0006  memory: 1086  
2025/12/31 11:55:19 - mmengine - INFO - Epoch(test) [ 240/3363]    eta: 0:54:16  time: 1.0422  data_time: 0.0006  memory: 8838  
2025/12/31 11:55:29 - mmengine - INFO - Epoch(test) [ 245/3363]    eta: 0:55:13  time: 1.3855  data_time: 0.0006  memory: 8708  
2025/12/31 11:55:34 - mmengine - INFO - Epoch(test) [ 250/3363]    eta: 0:55:05  time: 1.5226  data_time: 0.0005  memory: 1177  
2025/12/31 11:55:37 - mmengine - INFO - Epoch(test) [ 255/3363]    eta: 0:54:35  time: 0.8372  data_time: 0.0005  memory: 1192  
2025/12/31 11:55:43 - mmengine - INFO - Epoch(test) [ 260/3363]    eta: 0:54:34  time: 0.8935  data_time: 0.0005  memory: 1192  
2025/12/31 11:55:47 - mmengine - INFO - Epoch(test) [ 265/3363]    eta: 0:54:20  time: 1.0218  data_time: 0.0005  memory: 1192  
2025/12/31 11:55:51 - mmengine - INFO - Epoch(test) [ 270/3363]    eta: 0:54:00  time: 0.8464  data_time: 0.0005  memory: 1162  
2025/12/31 11:55:53 - mmengine - INFO - Epoch(test) [ 275/3363]    eta: 0:53:16  time: 0.5761  data_time: 0.0006  memory: 1192  
2025/12/31 11:55:58 - mmengine - INFO - Epoch(test) [ 280/3363]    eta: 0:53:13  time: 0.7148  data_time: 0.0006  memory: 8670  
2025/12/31 11:56:03 - mmengine - INFO - Epoch(test) [ 285/3363]    eta: 0:53:03  time: 1.0107  data_time: 0.0006  memory: 8975  
2025/12/31 11:56:08 - mmengine - INFO - Epoch(test) [ 290/3363]    eta: 0:52:54  time: 0.9558  data_time: 0.0006  memory: 1192  
2025/12/31 11:56:12 - mmengine - INFO - Epoch(test) [ 295/3363]    eta: 0:52:35  time: 0.8598  data_time: 0.0006  memory: 1131  
2025/12/31 11:56:15 - mmengine - INFO - Epoch(test) [ 300/3363]    eta: 0:52:12  time: 0.7241  data_time: 0.0005  memory: 1131  
2025/12/31 11:56:21 - mmengine - INFO - Epoch(test) [ 305/3363]    eta: 0:52:13  time: 0.9177  data_time: 0.0005  memory: 8830  
2025/12/31 11:56:23 - mmengine - INFO - Epoch(test) [ 310/3363]    eta: 0:51:43  time: 0.8297  data_time: 0.0005  memory: 1131  
2025/12/31 11:56:28 - mmengine - INFO - Epoch(test) [ 315/3363]    eta: 0:51:34  time: 0.7246  data_time: 0.0005  memory: 1192  
2025/12/31 11:56:30 - mmengine - INFO - Epoch(test) [ 320/3363]    eta: 0:51:02  time: 0.6938  data_time: 0.0005  memory: 1192  
2025/12/31 11:56:45 - mmengine - INFO - Epoch(test) [ 325/3363]    eta: 0:52:31  time: 1.7334  data_time: 0.0005  memory: 1192  
2025/12/31 11:57:23 - mmengine - INFO - Epoch(test) [ 330/3363]    eta: 0:57:22  time: 5.2478  data_time: 0.0006  memory: 1192  
2025/12/31 11:57:26 - mmengine - INFO - Epoch(test) [ 335/3363]    eta: 0:56:52  time: 4.0343  data_time: 0.0007  memory: 1192  
2025/12/31 11:57:31 - mmengine - INFO - Epoch(test) [ 340/3363]    eta: 0:56:44  time: 0.8404  data_time: 0.0006  memory: 979  
2025/12/31 11:57:35 - mmengine - INFO - Epoch(test) [ 345/3363]    eta: 0:56:19  time: 0.8867  data_time: 0.0005  memory: 1192  
2025/12/31 11:57:40 - mmengine - INFO - Epoch(test) [ 350/3363]    eta: 0:56:09  time: 0.8533  data_time: 0.0005  memory: 918  
2025/12/31 11:57:43 - mmengine - INFO - Epoch(test) [ 355/3363]    eta: 0:55:46  time: 0.8606  data_time: 0.0005  memory: 1086  
2025/12/31 11:57:46 - mmengine - INFO - Epoch(test) [ 360/3363]    eta: 0:55:17  time: 0.6287  data_time: 0.0005  memory: 887  
2025/12/31 11:57:56 - mmengine - INFO - Epoch(test) [ 365/3363]    eta: 0:55:49  time: 1.2879  data_time: 0.0005  memory: 1162  
2025/12/31 11:57:59 - mmengine - INFO - Epoch(test) [ 370/3363]    eta: 0:55:21  time: 1.2913  data_time: 0.0006  memory: 1009  
2025/12/31 11:58:01 - mmengine - INFO - Epoch(test) [ 375/3363]    eta: 0:54:49  time: 0.4944  data_time: 0.0006  memory: 1192  
2025/12/31 11:58:05 - mmengine - INFO - Epoch(test) [ 380/3363]    eta: 0:54:27  time: 0.5637  data_time: 0.0005  memory: 1177  
2025/12/31 11:58:08 - mmengine - INFO - Epoch(test) [ 385/3363]    eta: 0:54:07  time: 0.7056  data_time: 0.0005  memory: 1147  
2025/12/31 11:58:11 - mmengine - INFO - Epoch(test) [ 390/3363]    eta: 0:53:44  time: 0.6723  data_time: 0.0005  memory: 1192  
2025/12/31 11:58:13 - mmengine - INFO - Epoch(test) [ 395/3363]    eta: 0:53:13  time: 0.5118  data_time: 0.0005  memory: 1177  
2025/12/31 11:58:17 - mmengine - INFO - Epoch(test) [ 400/3363]    eta: 0:52:54  time: 0.5523  data_time: 0.0005  memory: 1009  
2025/12/31 11:58:20 - mmengine - INFO - Epoch(test) [ 405/3363]    eta: 0:52:33  time: 0.6828  data_time: 0.0004  memory: 1192  
2025/12/31 11:58:26 - mmengine - INFO - Epoch(test) [ 410/3363]    eta: 0:52:29  time: 0.8682  data_time: 0.0004  memory: 1070  
2025/12/31 11:58:30 - mmengine - INFO - Epoch(test) [ 415/3363]    eta: 0:52:18  time: 1.0091  data_time: 0.0005  memory: 1131  
2025/12/31 11:58:34 - mmengine - INFO - Epoch(test) [ 420/3363]    eta: 0:52:04  time: 0.8730  data_time: 0.0005  memory: 1055  
2025/12/31 11:58:44 - mmengine - INFO - Epoch(test) [ 425/3363]    eta: 0:52:28  time: 1.3513  data_time: 0.0005  memory: 1055  
2025/12/31 11:58:48 - mmengine - INFO - Epoch(test) [ 430/3363]    eta: 0:52:13  time: 1.3436  data_time: 0.0005  memory: 1177  
2025/12/31 11:58:50 - mmengine - INFO - Epoch(test) [ 435/3363]    eta: 0:51:50  time: 0.6697  data_time: 0.0005  memory: 8784  
2025/12/31 11:58:53 - mmengine - INFO - Epoch(test) [ 440/3363]    eta: 0:51:29  time: 0.5647  data_time: 0.0005  memory: 1162  
2025/12/31 11:58:59 - mmengine - INFO - Epoch(test) [ 445/3363]    eta: 0:51:25  time: 0.8380  data_time: 0.0005  memory: 1147  
2025/12/31 11:59:02 - mmengine - INFO - Epoch(test) [ 450/3363]    eta: 0:51:07  time: 0.8798  data_time: 0.0005  memory: 1192  
2025/12/31 11:59:06 - mmengine - INFO - Epoch(test) [ 455/3363]    eta: 0:50:51  time: 0.6933  data_time: 0.0004  memory: 918  
2025/12/31 11:59:12 - mmengine - INFO - Epoch(test) [ 460/3363]    eta: 0:50:54  time: 1.0105  data_time: 0.0004  memory: 918  
2025/12/31 11:59:16 - mmengine - INFO - Epoch(test) [ 465/3363]    eta: 0:50:39  time: 1.0221  data_time: 0.0005  memory: 1192  
2025/12/31 11:59:18 - mmengine - INFO - Epoch(test) [ 470/3363]    eta: 0:50:15  time: 0.5985  data_time: 0.0005  memory: 1101  
2025/12/31 11:59:21 - mmengine - INFO - Epoch(test) [ 475/3363]    eta: 0:49:55  time: 0.5052  data_time: 0.0005  memory: 1147  
2025/12/31 11:59:23 - mmengine - INFO - Epoch(test) [ 480/3363]    eta: 0:49:30  time: 0.4712  data_time: 0.0005  memory: 1131  
2025/12/31 11:59:27 - mmengine - INFO - Epoch(test) [ 485/3363]    eta: 0:49:18  time: 0.5820  data_time: 0.0005  memory: 1162  
2025/12/31 11:59:30 - mmengine - INFO - Epoch(test) [ 490/3363]    eta: 0:49:02  time: 0.7244  data_time: 0.0006  memory: 994  
2025/12/31 11:59:36 - mmengine - INFO - Epoch(test) [ 495/3363]    eta: 0:48:59  time: 0.8818  data_time: 0.0006  memory: 8739  
2025/12/31 11:59:39 - mmengine - INFO - Epoch(test) [ 500/3363]    eta: 0:48:44  time: 0.8770  data_time: 0.0006  memory: 1192  
2025/12/31 11:59:46 - mmengine - INFO - Epoch(test) [ 505/3363]    eta: 0:48:48  time: 1.0053  data_time: 0.0006  memory: 8754  
2025/12/31 11:59:48 - mmengine - INFO - Epoch(test) [ 510/3363]    eta: 0:48:29  time: 0.9431  data_time: 0.0006  memory: 1101  
2025/12/31 11:59:53 - mmengine - INFO - Epoch(test) [ 515/3363]    eta: 0:48:21  time: 0.7284  data_time: 0.0006  memory: 918  
2025/12/31 11:59:57 - mmengine - INFO - Epoch(test) [ 520/3363]    eta: 0:48:12  time: 0.8875  data_time: 0.0005  memory: 8556  
2025/12/31 12:00:02 - mmengine - INFO - Epoch(test) [ 525/3363]    eta: 0:48:06  time: 0.9327  data_time: 0.0005  memory: 1147  
2025/12/31 12:00:07 - mmengine - INFO - Epoch(test) [ 530/3363]    eta: 0:48:00  time: 0.9929  data_time: 0.0006  memory: 1055  
2025/12/31 12:00:12 - mmengine - INFO - Epoch(test) [ 535/3363]    eta: 0:47:55  time: 0.9983  data_time: 0.0006  memory: 8685  
2025/12/31 12:00:14 - mmengine - INFO - Epoch(test) [ 540/3363]    eta: 0:47:35  time: 0.7264  data_time: 0.0005  memory: 1177  
2025/12/31 12:00:17 - mmengine - INFO - Epoch(test) [ 545/3363]    eta: 0:47:17  time: 0.4797  data_time: 0.0005  memory: 1192  
2025/12/31 12:00:20 - mmengine - INFO - Epoch(test) [ 550/3363]    eta: 0:47:04  time: 0.6030  data_time: 0.0005  memory: 1025  
2025/12/31 12:00:23 - mmengine - INFO - Epoch(test) [ 555/3363]    eta: 0:46:46  time: 0.5997  data_time: 0.0005  memory: 1192  
2025/12/31 12:00:27 - mmengine - INFO - Epoch(test) [ 560/3363]    eta: 0:46:36  time: 0.6481  data_time: 0.0005  memory: 1101  
2025/12/31 12:00:30 - mmengine - INFO - Epoch(test) [ 565/3363]    eta: 0:46:21  time: 0.6889  data_time: 0.0005  memory: 918  
2025/12/31 12:00:33 - mmengine - INFO - Epoch(test) [ 570/3363]    eta: 0:46:05  time: 0.5640  data_time: 0.0006  memory: 1147  
2025/12/31 12:00:35 - mmengine - INFO - Epoch(test) [ 575/3363]    eta: 0:45:47  time: 0.4958  data_time: 0.0005  memory: 1177  
2025/12/31 12:00:36 - mmengine - INFO - Epoch(test) [ 580/3363]    eta: 0:45:26  time: 0.3865  data_time: 0.0004  memory: 1192  
2025/12/31 12:00:38 - mmengine - INFO - Epoch(test) [ 585/3363]    eta: 0:45:07  time: 0.3507  data_time: 0.0005  memory: 1116  
2025/12/31 12:00:42 - mmengine - INFO - Epoch(test) [ 590/3363]    eta: 0:44:58  time: 0.5970  data_time: 0.0005  memory: 1192  
2025/12/31 12:00:45 - mmengine - INFO - Epoch(test) [ 595/3363]    eta: 0:44:40  time: 0.6132  data_time: 0.0004  memory: 918  
2025/12/31 12:00:47 - mmengine - INFO - Epoch(test) [ 600/3363]    eta: 0:44:25  time: 0.4608  data_time: 0.0004  memory: 918  
2025/12/31 12:00:49 - mmengine - INFO - Epoch(test) [ 605/3363]    eta: 0:44:06  time: 0.4399  data_time: 0.0005  memory: 1192  
2025/12/31 12:00:51 - mmengine - INFO - Epoch(test) [ 610/3363]    eta: 0:43:51  time: 0.4272  data_time: 0.0005  memory: 1055  
2025/12/31 12:00:53 - mmengine - INFO - Epoch(test) [ 615/3363]    eta: 0:43:32  time: 0.3952  data_time: 0.0004  memory: 918  
2025/12/31 12:00:55 - mmengine - INFO - Epoch(test) [ 620/3363]    eta: 0:43:15  time: 0.3585  data_time: 0.0004  memory: 918  
2025/12/31 12:00:57 - mmengine - INFO - Epoch(test) [ 625/3363]    eta: 0:42:59  time: 0.4279  data_time: 0.0004  memory: 1192  
2025/12/31 12:01:03 - mmengine - INFO - Epoch(test) [ 630/3363]    eta: 0:42:58  time: 0.7838  data_time: 0.0005  memory: 1177  
2025/12/31 12:01:05 - mmengine - INFO - Epoch(test) [ 635/3363]    eta: 0:42:43  time: 0.7912  data_time: 0.0006  memory: 1192  
2025/12/31 12:01:07 - mmengine - INFO - Epoch(test) [ 640/3363]    eta: 0:42:29  time: 0.4659  data_time: 0.0006  memory: 918  
2025/12/31 12:01:10 - mmengine - INFO - Epoch(test) [ 645/3363]    eta: 0:42:16  time: 0.5229  data_time: 0.0004  memory: 918  
2025/12/31 12:01:12 - mmengine - INFO - Epoch(test) [ 650/3363]    eta: 0:41:59  time: 0.4463  data_time: 0.0004  memory: 918  
2025/12/31 12:01:13 - mmengine - INFO - Epoch(test) [ 655/3363]    eta: 0:41:42  time: 0.3164  data_time: 0.0005  memory: 918  
2025/12/31 12:01:16 - mmengine - INFO - Epoch(test) [ 660/3363]    eta: 0:41:29  time: 0.4184  data_time: 0.0005  memory: 8639  
2025/12/31 12:01:19 - mmengine - INFO - Epoch(test) [ 665/3363]    eta: 0:41:16  time: 0.5140  data_time: 0.0004  memory: 1162  
2025/12/31 12:01:20 - mmengine - INFO - Epoch(test) [ 670/3363]    eta: 0:41:00  time: 0.4411  data_time: 0.0004  memory: 918  
2025/12/31 12:01:23 - mmengine - INFO - Epoch(test) [ 675/3363]    eta: 0:40:48  time: 0.4416  data_time: 0.0004  memory: 918  
2025/12/31 12:01:26 - mmengine - INFO - Epoch(test) [ 680/3363]    eta: 0:40:37  time: 0.5678  data_time: 0.0004  memory: 1192  
2025/12/31 12:01:28 - mmengine - INFO - Epoch(test) [ 685/3363]    eta: 0:40:22  time: 0.5000  data_time: 0.0004  memory: 1192  
2025/12/31 12:01:30 - mmengine - INFO - Epoch(test) [ 690/3363]    eta: 0:40:07  time: 0.3751  data_time: 0.0004  memory: 1192  
2025/12/31 12:01:33 - mmengine - INFO - Epoch(test) [ 695/3363]    eta: 0:39:56  time: 0.4642  data_time: 0.0005  memory: 918  
2025/12/31 12:01:36 - mmengine - INFO - Epoch(test) [ 700/3363]    eta: 0:39:46  time: 0.5771  data_time: 0.0005  memory: 1192  
2025/12/31 12:01:37 - mmengine - INFO - Epoch(test) [ 705/3363]    eta: 0:39:31  time: 0.4683  data_time: 0.0005  memory: 918  
2025/12/31 12:01:40 - mmengine - INFO - Epoch(test) [ 710/3363]    eta: 0:39:19  time: 0.3958  data_time: 0.0004  memory: 918  
2025/12/31 12:01:42 - mmengine - INFO - Epoch(test) [ 715/3363]    eta: 0:39:07  time: 0.4677  data_time: 0.0005  memory: 918  
2025/12/31 12:01:45 - mmengine - INFO - Epoch(test) [ 720/3363]    eta: 0:38:58  time: 0.5775  data_time: 0.0005  memory: 918  
2025/12/31 12:01:47 - mmengine - INFO - Epoch(test) [ 725/3363]    eta: 0:38:45  time: 0.5313  data_time: 0.0005  memory: 1192  
2025/12/31 12:01:49 - mmengine - INFO - Epoch(test) [ 730/3363]    eta: 0:38:29  time: 0.3284  data_time: 0.0005  memory: 918  
2025/12/31 12:01:51 - mmengine - INFO - Epoch(test) [ 735/3363]    eta: 0:38:17  time: 0.3461  data_time: 0.0005  memory: 918  
2025/12/31 12:01:52 - mmengine - INFO - Epoch(test) [ 740/3363]    eta: 0:38:02  time: 0.3653  data_time: 0.0006  memory: 918  
2025/12/31 12:01:54 - mmengine - INFO - Epoch(test) [ 745/3363]    eta: 0:37:50  time: 0.3564  data_time: 0.0005  memory: 918  
2025/12/31 12:01:57 - mmengine - INFO - Epoch(test) [ 750/3363]    eta: 0:37:40  time: 0.4817  data_time: 0.0005  memory: 994  
2025/12/31 12:01:59 - mmengine - INFO - Epoch(test) [ 755/3363]    eta: 0:37:28  time: 0.4890  data_time: 0.0005  memory: 918  
2025/12/31 12:02:05 - mmengine - INFO - Epoch(test) [ 760/3363]    eta: 0:37:30  time: 0.8329  data_time: 0.0005  memory: 918  
2025/12/31 12:02:09 - mmengine - INFO - Epoch(test) [ 765/3363]    eta: 0:37:23  time: 0.9617  data_time: 0.0006  memory: 1192  
2025/12/31 12:02:12 - mmengine - INFO - Epoch(test) [ 770/3363]    eta: 0:37:16  time: 0.6893  data_time: 0.0005  memory: 918  
2025/12/31 12:02:14 - mmengine - INFO - Epoch(test) [ 775/3363]    eta: 0:37:03  time: 0.5328  data_time: 0.0005  memory: 918  
2025/12/31 12:02:16 - mmengine - INFO - Epoch(test) [ 780/3363]    eta: 0:36:50  time: 0.3527  data_time: 0.0005  memory: 918  
2025/12/31 12:02:18 - mmengine - INFO - Epoch(test) [ 785/3363]    eta: 0:36:38  time: 0.3423  data_time: 0.0005  memory: 1192  
2025/12/31 12:02:21 - mmengine - INFO - Epoch(test) [ 790/3363]    eta: 0:36:29  time: 0.4788  data_time: 0.0005  memory: 1192  
2025/12/31 12:02:24 - mmengine - INFO - Epoch(test) [ 795/3363]    eta: 0:36:22  time: 0.6407  data_time: 0.0005  memory: 918  
2025/12/31 12:02:29 - mmengine - INFO - Epoch(test) [ 800/3363]    eta: 0:36:19  time: 0.7835  data_time: 0.0005  memory: 918  
2025/12/31 12:02:32 - mmengine - INFO - Epoch(test) [ 805/3363]    eta: 0:36:11  time: 0.7487  data_time: 0.0005  memory: 1192  
2025/12/31 12:02:35 - mmengine - INFO - Epoch(test) [ 810/3363]    eta: 0:36:03  time: 0.6270  data_time: 0.0005  memory: 1192  
2025/12/31 12:02:36 - mmengine - INFO - Epoch(test) [ 815/3363]    eta: 0:35:51  time: 0.4903  data_time: 0.0005  memory: 918  
2025/12/31 12:02:40 - mmengine - INFO - Epoch(test) [ 820/3363]    eta: 0:35:45  time: 0.5476  data_time: 0.0005  memory: 1070  
2025/12/31 12:02:50 - mmengine - INFO - Epoch(test) [ 825/3363]    eta: 0:35:59  time: 1.3726  data_time: 0.0005  memory: 918  
2025/12/31 12:02:53 - mmengine - INFO - Epoch(test) [ 830/3363]    eta: 0:35:50  time: 1.2643  data_time: 0.0005  memory: 1162  
2025/12/31 12:02:56 - mmengine - INFO - Epoch(test) [ 835/3363]    eta: 0:35:42  time: 0.5796  data_time: 0.0005  memory: 918  
2025/12/31 12:02:59 - mmengine - INFO - Epoch(test) [ 840/3363]    eta: 0:35:34  time: 0.5986  data_time: 0.0005  memory: 1192  
2025/12/31 12:03:02 - mmengine - INFO - Epoch(test) [ 845/3363]    eta: 0:35:27  time: 0.6357  data_time: 0.0005  memory: 918  
2025/12/31 12:03:05 - mmengine - INFO - Epoch(test) [ 850/3363]    eta: 0:35:20  time: 0.6562  data_time: 0.0005  memory: 1192  
2025/12/31 12:03:08 - mmengine - INFO - Epoch(test) [ 855/3363]    eta: 0:35:11  time: 0.5796  data_time: 0.0005  memory: 1147  
2025/12/31 12:03:10 - mmengine - INFO - Epoch(test) [ 860/3363]    eta: 0:35:01  time: 0.4892  data_time: 0.0005  memory: 918  
2025/12/31 12:03:13 - mmengine - INFO - Epoch(test) [ 865/3363]    eta: 0:34:52  time: 0.4896  data_time: 0.0005  memory: 1192  
2025/12/31 12:03:17 - mmengine - INFO - Epoch(test) [ 870/3363]    eta: 0:34:46  time: 0.6262  data_time: 0.0005  memory: 1192  
2025/12/31 12:03:19 - mmengine - INFO - Epoch(test) [ 875/3363]    eta: 0:34:38  time: 0.6311  data_time: 0.0005  memory: 1192  
2025/12/31 12:03:21 - mmengine - INFO - Epoch(test) [ 880/3363]    eta: 0:34:28  time: 0.4730  data_time: 0.0005  memory: 918  
2025/12/31 12:03:23 - mmengine - INFO - Epoch(test) [ 885/3363]    eta: 0:34:17  time: 0.3858  data_time: 0.0005  memory: 1192  
2025/12/31 12:03:25 - mmengine - INFO - Epoch(test) [ 890/3363]    eta: 0:34:07  time: 0.3770  data_time: 0.0005  memory: 1192  
2025/12/31 12:03:27 - mmengine - INFO - Epoch(test) [ 895/3363]    eta: 0:33:57  time: 0.3920  data_time: 0.0005  memory: 1192  
2025/12/31 12:03:29 - mmengine - INFO - Epoch(test) [ 900/3363]    eta: 0:33:47  time: 0.4009  data_time: 0.0005  memory: 918  
2025/12/31 12:03:31 - mmengine - INFO - Epoch(test) [ 905/3363]    eta: 0:33:37  time: 0.4076  data_time: 0.0005  memory: 918  
2025/12/31 12:03:34 - mmengine - INFO - Epoch(test) [ 910/3363]    eta: 0:33:30  time: 0.4898  data_time: 0.0006  memory: 1192  
2025/12/31 12:03:43 - mmengine - INFO - Epoch(test) [ 915/3363]    eta: 0:33:39  time: 1.2015  data_time: 0.0006  memory: 918  
2025/12/31 12:03:45 - mmengine - INFO - Epoch(test) [ 920/3363]    eta: 0:33:29  time: 1.0959  data_time: 0.0006  memory: 1192  
2025/12/31 12:03:48 - mmengine - INFO - Epoch(test) [ 925/3363]    eta: 0:33:23  time: 0.5120  data_time: 0.0006  memory: 1192  
2025/12/31 12:03:52 - mmengine - INFO - Epoch(test) [ 930/3363]    eta: 0:33:18  time: 0.7269  data_time: 0.0006  memory: 8670  
2025/12/31 12:03:54 - mmengine - INFO - Epoch(test) [ 935/3363]    eta: 0:33:09  time: 0.5997  data_time: 0.0005  memory: 1192  
2025/12/31 12:04:00 - mmengine - INFO - Epoch(test) [ 940/3363]    eta: 0:33:08  time: 0.7370  data_time: 0.0005  memory: 1192  
2025/12/31 12:04:01 - mmengine - INFO - Epoch(test) [ 945/3363]    eta: 0:32:57  time: 0.6720  data_time: 0.0005  memory: 918  
2025/12/31 12:04:04 - mmengine - INFO - Epoch(test) [ 950/3363]    eta: 0:32:49  time: 0.4234  data_time: 0.0005  memory: 918  
2025/12/31 12:04:07 - mmengine - INFO - Epoch(test) [ 955/3363]    eta: 0:32:43  time: 0.5888  data_time: 0.0005  memory: 1131  
2025/12/31 12:04:10 - mmengine - INFO - Epoch(test) [ 960/3363]    eta: 0:32:36  time: 0.6260  data_time: 0.0006  memory: 1040  
2025/12/31 12:04:12 - mmengine - INFO - Epoch(test) [ 965/3363]    eta: 0:32:27  time: 0.5168  data_time: 0.0006  memory: 1192  
2025/12/31 12:04:15 - mmengine - INFO - Epoch(test) [ 970/3363]    eta: 0:32:19  time: 0.4442  data_time: 0.0005  memory: 918  
2025/12/31 12:04:17 - mmengine - INFO - Epoch(test) [ 975/3363]    eta: 0:32:10  time: 0.4435  data_time: 0.0005  memory: 933  
2025/12/31 12:04:18 - mmengine - INFO - Epoch(test) [ 980/3363]    eta: 0:32:00  time: 0.3462  data_time: 0.0005  memory: 1131  
2025/12/31 12:04:20 - mmengine - INFO - Epoch(test) [ 985/3363]    eta: 0:31:50  time: 0.3120  data_time: 0.0005  memory: 1192  
2025/12/31 12:04:23 - mmengine - INFO - Epoch(test) [ 990/3363]    eta: 0:31:43  time: 0.4466  data_time: 0.0005  memory: 918  
2025/12/31 12:04:25 - mmengine - INFO - Epoch(test) [ 995/3363]    eta: 0:31:36  time: 0.5658  data_time: 0.0005  memory: 918  
2025/12/31 12:04:27 - mmengine - INFO - Epoch(test) [1000/3363]    eta: 0:31:27  time: 0.4788  data_time: 0.0005  memory: 1192  
2025/12/31 12:04:30 - mmengine - INFO - Epoch(test) [1005/3363]    eta: 0:31:20  time: 0.4520  data_time: 0.0005  memory: 1192  
2025/12/31 12:04:32 - mmengine - INFO - Epoch(test) [1010/3363]    eta: 0:31:12  time: 0.4917  data_time: 0.0004  memory: 1192  
2025/12/31 12:04:34 - mmengine - INFO - Epoch(test) [1015/3363]    eta: 0:31:03  time: 0.3889  data_time: 0.0004  memory: 1131  
2025/12/31 12:04:37 - mmengine - INFO - Epoch(test) [1020/3363]    eta: 0:30:56  time: 0.4384  data_time: 0.0005  memory: 918  
2025/12/31 12:04:39 - mmengine - INFO - Epoch(test) [1025/3363]    eta: 0:30:49  time: 0.5255  data_time: 0.0005  memory: 918  
2025/12/31 12:04:43 - mmengine - INFO - Epoch(test) [1030/3363]    eta: 0:30:45  time: 0.6623  data_time: 0.0005  memory: 1192  
2025/12/31 12:04:45 - mmengine - INFO - Epoch(test) [1035/3363]    eta: 0:30:36  time: 0.6044  data_time: 0.0005  memory: 918  
2025/12/31 12:04:48 - mmengine - INFO - Epoch(test) [1040/3363]    eta: 0:30:30  time: 0.4611  data_time: 0.0006  memory: 918  
2025/12/31 12:04:50 - mmengine - INFO - Epoch(test) [1045/3363]    eta: 0:30:22  time: 0.4952  data_time: 0.0005  memory: 918  
2025/12/31 12:04:53 - mmengine - INFO - Epoch(test) [1050/3363]    eta: 0:30:17  time: 0.5395  data_time: 0.0005  memory: 1192  
2025/12/31 12:04:56 - mmengine - INFO - Epoch(test) [1055/3363]    eta: 0:30:10  time: 0.6031  data_time: 0.0007  memory: 918  
2025/12/31 12:04:58 - mmengine - INFO - Epoch(test) [1060/3363]    eta: 0:30:02  time: 0.4575  data_time: 0.0007  memory: 918  
2025/12/31 12:05:00 - mmengine - INFO - Epoch(test) [1065/3363]    eta: 0:29:55  time: 0.4307  data_time: 0.0005  memory: 1055  
2025/12/31 12:05:03 - mmengine - INFO - Epoch(test) [1070/3363]    eta: 0:29:49  time: 0.5617  data_time: 0.0005  memory: 918  
2025/12/31 12:05:06 - mmengine - INFO - Epoch(test) [1075/3363]    eta: 0:29:43  time: 0.5942  data_time: 0.0005  memory: 1192  
2025/12/31 12:05:08 - mmengine - INFO - Epoch(test) [1080/3363]    eta: 0:29:35  time: 0.4957  data_time: 0.0005  memory: 979  
2025/12/31 12:05:11 - mmengine - INFO - Epoch(test) [1085/3363]    eta: 0:29:29  time: 0.4925  data_time: 0.0005  memory: 1192  
2025/12/31 12:05:13 - mmengine - INFO - Epoch(test) [1090/3363]    eta: 0:29:22  time: 0.4973  data_time: 0.0005  memory: 1192  
2025/12/31 12:05:14 - mmengine - INFO - Epoch(test) [1095/3363]    eta: 0:29:11  time: 0.2991  data_time: 0.0005  memory: 1025  
2025/12/31 12:05:16 - mmengine - INFO - Epoch(test) [1100/3363]    eta: 0:29:04  time: 0.2791  data_time: 0.0004  memory: 918  
2025/12/31 12:05:20 - mmengine - INFO - Epoch(test) [1105/3363]    eta: 0:28:59  time: 0.5527  data_time: 0.0004  memory: 8693  
2025/12/31 12:05:22 - mmengine - INFO - Epoch(test) [1110/3363]    eta: 0:28:51  time: 0.5424  data_time: 0.0005  memory: 918  
2025/12/31 12:05:24 - mmengine - INFO - Epoch(test) [1115/3363]    eta: 0:28:44  time: 0.4126  data_time: 0.0006  memory: 1192  
2025/12/31 12:05:26 - mmengine - INFO - Epoch(test) [1120/3363]    eta: 0:28:38  time: 0.4805  data_time: 0.0006  memory: 1116  
2025/12/31 12:05:28 - mmengine - INFO - Epoch(test) [1125/3363]    eta: 0:28:30  time: 0.4516  data_time: 0.0005  memory: 918  
2025/12/31 12:05:31 - mmengine - INFO - Epoch(test) [1130/3363]    eta: 0:28:24  time: 0.4539  data_time: 0.0005  memory: 1192  
2025/12/31 12:05:34 - mmengine - INFO - Epoch(test) [1135/3363]    eta: 0:28:18  time: 0.5377  data_time: 0.0005  memory: 1192  
2025/12/31 12:05:36 - mmengine - INFO - Epoch(test) [1140/3363]    eta: 0:28:11  time: 0.4654  data_time: 0.0005  memory: 918  
2025/12/31 12:05:39 - mmengine - INFO - Epoch(test) [1145/3363]    eta: 0:28:06  time: 0.5319  data_time: 0.0005  memory: 1055  
2025/12/31 12:05:41 - mmengine - INFO - Epoch(test) [1150/3363]    eta: 0:27:59  time: 0.5541  data_time: 0.0005  memory: 918  
2025/12/31 12:05:44 - mmengine - INFO - Epoch(test) [1155/3363]    eta: 0:27:53  time: 0.4678  data_time: 0.0005  memory: 933  
2025/12/31 12:05:46 - mmengine - INFO - Epoch(test) [1160/3363]    eta: 0:27:45  time: 0.4460  data_time: 0.0005  memory: 918  
2025/12/31 12:05:49 - mmengine - INFO - Epoch(test) [1165/3363]    eta: 0:27:41  time: 0.5199  data_time: 0.0005  memory: 1192  
2025/12/31 12:05:51 - mmengine - INFO - Epoch(test) [1170/3363]    eta: 0:27:34  time: 0.5381  data_time: 0.0005  memory: 1147  
2025/12/31 12:05:53 - mmengine - INFO - Epoch(test) [1175/3363]    eta: 0:27:28  time: 0.4517  data_time: 0.0005  memory: 1192  
2025/12/31 12:05:57 - mmengine - INFO - Epoch(test) [1180/3363]    eta: 0:27:23  time: 0.5735  data_time: 0.0005  memory: 918  
2025/12/31 12:05:59 - mmengine - INFO - Epoch(test) [1185/3363]    eta: 0:27:16  time: 0.5264  data_time: 0.0007  memory: 1192  
2025/12/31 12:06:02 - mmengine - INFO - Epoch(test) [1190/3363]    eta: 0:27:11  time: 0.5111  data_time: 0.0007  memory: 1009  
2025/12/31 12:06:06 - mmengine - INFO - Epoch(test) [1195/3363]    eta: 0:27:08  time: 0.7119  data_time: 0.0005  memory: 1192  
2025/12/31 12:06:11 - mmengine - INFO - Epoch(test) [1200/3363]    eta: 0:27:06  time: 0.8863  data_time: 0.0005  memory: 1192  
2025/12/31 12:06:14 - mmengine - INFO - Epoch(test) [1205/3363]    eta: 0:27:01  time: 0.7767  data_time: 0.0005  memory: 918  
2025/12/31 12:06:19 - mmengine - INFO - Epoch(test) [1210/3363]    eta: 0:27:00  time: 0.8147  data_time: 0.0005  memory: 1192  
2025/12/31 12:06:21 - mmengine - INFO - Epoch(test) [1215/3363]    eta: 0:26:54  time: 0.7739  data_time: 0.0006  memory: 1192  
2025/12/31 12:06:24 - mmengine - INFO - Epoch(test) [1220/3363]    eta: 0:26:48  time: 0.5266  data_time: 0.0005  memory: 1192  
2025/12/31 12:06:27 - mmengine - INFO - Epoch(test) [1225/3363]    eta: 0:26:44  time: 0.6058  data_time: 0.0005  memory: 918  
2025/12/31 12:06:31 - mmengine - INFO - Epoch(test) [1230/3363]    eta: 0:26:39  time: 0.6705  data_time: 0.0005  memory: 1131  
2025/12/31 12:06:35 - mmengine - INFO - Epoch(test) [1235/3363]    eta: 0:26:37  time: 0.7840  data_time: 0.0006  memory: 1192  
2025/12/31 12:06:40 - mmengine - INFO - Epoch(test) [1240/3363]    eta: 0:26:35  time: 0.9462  data_time: 0.0007  memory: 1192  
2025/12/31 12:06:43 - mmengine - INFO - Epoch(test) [1245/3363]    eta: 0:26:30  time: 0.8264  data_time: 0.0006  memory: 1192  
2025/12/31 12:06:47 - mmengine - INFO - Epoch(test) [1250/3363]    eta: 0:26:25  time: 0.6295  data_time: 0.0005  memory: 1192  
2025/12/31 12:06:49 - mmengine - INFO - Epoch(test) [1255/3363]    eta: 0:26:19  time: 0.5209  data_time: 0.0005  memory: 918  
2025/12/31 12:06:50 - mmengine - INFO - Epoch(test) [1260/3363]    eta: 0:26:12  time: 0.3819  data_time: 0.0005  memory: 1025  
2025/12/31 12:06:52 - mmengine - INFO - Epoch(test) [1265/3363]    eta: 0:26:04  time: 0.2991  data_time: 0.0005  memory: 1192  
2025/12/31 12:06:54 - mmengine - INFO - Epoch(test) [1270/3363]    eta: 0:25:58  time: 0.3701  data_time: 0.0005  memory: 1009  
2025/12/31 12:06:56 - mmengine - INFO - Epoch(test) [1275/3363]    eta: 0:25:51  time: 0.4062  data_time: 0.0004  memory: 1192  
2025/12/31 12:06:59 - mmengine - INFO - Epoch(test) [1280/3363]    eta: 0:25:47  time: 0.5209  data_time: 0.0005  memory: 1192  
2025/12/31 12:07:02 - mmengine - INFO - Epoch(test) [1285/3363]    eta: 0:25:42  time: 0.6410  data_time: 0.0005  memory: 994  
2025/12/31 12:07:05 - mmengine - INFO - Epoch(test) [1290/3363]    eta: 0:25:36  time: 0.5480  data_time: 0.0005  memory: 1192  
2025/12/31 12:07:07 - mmengine - INFO - Epoch(test) [1295/3363]    eta: 0:25:30  time: 0.4357  data_time: 0.0005  memory: 948  
2025/12/31 12:07:09 - mmengine - INFO - Epoch(test) [1300/3363]    eta: 0:25:23  time: 0.3912  data_time: 0.0005  memory: 918  
2025/12/31 12:07:15 - mmengine - INFO - Epoch(test) [1305/3363]    eta: 0:25:24  time: 0.8579  data_time: 0.0005  memory: 1025  
2025/12/31 12:07:18 - mmengine - INFO - Epoch(test) [1310/3363]    eta: 0:25:19  time: 0.9105  data_time: 0.0005  memory: 1192  
2025/12/31 12:07:20 - mmengine - INFO - Epoch(test) [1315/3363]    eta: 0:25:13  time: 0.4741  data_time: 0.0005  memory: 1147  
2025/12/31 12:07:26 - mmengine - INFO - Epoch(test) [1320/3363]    eta: 0:25:12  time: 0.8062  data_time: 0.0005  memory: 918  
2025/12/31 12:07:28 - mmengine - INFO - Epoch(test) [1325/3363]    eta: 0:25:06  time: 0.8232  data_time: 0.0005  memory: 1040  
2025/12/31 12:07:30 - mmengine - INFO - Epoch(test) [1330/3363]    eta: 0:25:01  time: 0.4659  data_time: 0.0006  memory: 1131  
2025/12/31 12:07:32 - mmengine - INFO - Epoch(test) [1335/3363]    eta: 0:24:54  time: 0.3972  data_time: 0.0005  memory: 918  
2025/12/31 12:07:35 - mmengine - INFO - Epoch(test) [1340/3363]    eta: 0:24:48  time: 0.4067  data_time: 0.0005  memory: 1070  
2025/12/31 12:07:37 - mmengine - INFO - Epoch(test) [1345/3363]    eta: 0:24:42  time: 0.4552  data_time: 0.0006  memory: 918  
2025/12/31 12:07:39 - mmengine - INFO - Epoch(test) [1350/3363]    eta: 0:24:37  time: 0.4604  data_time: 0.0005  memory: 1025  
2025/12/31 12:07:43 - mmengine - INFO - Epoch(test) [1355/3363]    eta: 0:24:34  time: 0.6606  data_time: 0.0005  memory: 918  
2025/12/31 12:07:45 - mmengine - INFO - Epoch(test) [1360/3363]    eta: 0:24:28  time: 0.6065  data_time: 0.0005  memory: 918  
2025/12/31 12:07:48 - mmengine - INFO - Epoch(test) [1365/3363]    eta: 0:24:23  time: 0.4877  data_time: 0.0006  memory: 933  
2025/12/31 12:07:50 - mmengine - INFO - Epoch(test) [1370/3363]    eta: 0:24:17  time: 0.5114  data_time: 0.0006  memory: 8618  
2025/12/31 12:07:54 - mmengine - INFO - Epoch(test) [1375/3363]    eta: 0:24:13  time: 0.5742  data_time: 0.0006  memory: 8655  
2025/12/31 12:07:57 - mmengine - INFO - Epoch(test) [1380/3363]    eta: 0:24:09  time: 0.6913  data_time: 0.0005  memory: 628  
2025/12/31 12:08:02 - mmengine - INFO - Epoch(test) [1385/3363]    eta: 0:24:07  time: 0.7801  data_time: 0.0005  memory: 1162  
2025/12/31 12:08:04 - mmengine - INFO - Epoch(test) [1390/3363]    eta: 0:24:01  time: 0.6565  data_time: 0.0005  memory: 826  
2025/12/31 12:08:07 - mmengine - INFO - Epoch(test) [1395/3363]    eta: 0:23:57  time: 0.5348  data_time: 0.0005  memory: 8632  
2025/12/31 12:08:10 - mmengine - INFO - Epoch(test) [1400/3363]    eta: 0:23:52  time: 0.6179  data_time: 0.0004  memory: 964  
2025/12/31 12:08:13 - mmengine - INFO - Epoch(test) [1405/3363]    eta: 0:23:48  time: 0.6258  data_time: 0.0004  memory: 857  
2025/12/31 12:08:17 - mmengine - INFO - Epoch(test) [1410/3363]    eta: 0:23:44  time: 0.6553  data_time: 0.0005  memory: 8723  
2025/12/31 12:08:20 - mmengine - INFO - Epoch(test) [1415/3363]    eta: 0:23:40  time: 0.6910  data_time: 0.0005  memory: 8571  
2025/12/31 12:08:24 - mmengine - INFO - Epoch(test) [1420/3363]    eta: 0:23:36  time: 0.7191  data_time: 0.0005  memory: 1192  
2025/12/31 12:08:27 - mmengine - INFO - Epoch(test) [1425/3363]    eta: 0:23:32  time: 0.6529  data_time: 0.0005  memory: 1025  
2025/12/31 12:08:30 - mmengine - INFO - Epoch(test) [1430/3363]    eta: 0:23:27  time: 0.6071  data_time: 0.0005  memory: 1009  
2025/12/31 12:08:32 - mmengine - INFO - Epoch(test) [1435/3363]    eta: 0:23:22  time: 0.5683  data_time: 0.0005  memory: 1162  
2025/12/31 12:08:36 - mmengine - INFO - Epoch(test) [1440/3363]    eta: 0:23:19  time: 0.6632  data_time: 0.0005  memory: 918  
2025/12/31 12:08:40 - mmengine - INFO - Epoch(test) [1445/3363]    eta: 0:23:16  time: 0.8124  data_time: 0.0005  memory: 811  
2025/12/31 12:08:44 - mmengine - INFO - Epoch(test) [1450/3363]    eta: 0:23:12  time: 0.7069  data_time: 0.0005  memory: 1162  
2025/12/31 12:08:47 - mmengine - INFO - Epoch(test) [1455/3363]    eta: 0:23:08  time: 0.6903  data_time: 0.0005  memory: 8594  
2025/12/31 12:08:51 - mmengine - INFO - Epoch(test) [1460/3363]    eta: 0:23:05  time: 0.7488  data_time: 0.0004  memory: 8624  
2025/12/31 12:08:53 - mmengine - INFO - Epoch(test) [1465/3363]    eta: 0:22:59  time: 0.6016  data_time: 0.0005  memory: 918  
2025/12/31 12:08:56 - mmengine - INFO - Epoch(test) [1470/3363]    eta: 0:22:54  time: 0.4514  data_time: 0.0005  memory: 887  
2025/12/31 12:08:59 - mmengine - INFO - Epoch(test) [1475/3363]    eta: 0:22:50  time: 0.5880  data_time: 0.0005  memory: 1192  
2025/12/31 12:09:03 - mmengine - INFO - Epoch(test) [1480/3363]    eta: 0:22:47  time: 0.7672  data_time: 0.0005  memory: 8647  
2025/12/31 12:09:06 - mmengine - INFO - Epoch(test) [1485/3363]    eta: 0:22:43  time: 0.7129  data_time: 0.0005  memory: 1040  
2025/12/31 12:09:09 - mmengine - INFO - Epoch(test) [1490/3363]    eta: 0:22:38  time: 0.6031  data_time: 0.0005  memory: 613  
2025/12/31 12:09:12 - mmengine - INFO - Epoch(test) [1495/3363]    eta: 0:22:33  time: 0.5519  data_time: 0.0005  memory: 1055  
2025/12/31 12:09:15 - mmengine - INFO - Epoch(test) [1500/3363]    eta: 0:22:29  time: 0.5573  data_time: 0.0005  memory: 1040  
2025/12/31 12:09:17 - mmengine - INFO - Epoch(test) [1505/3363]    eta: 0:22:24  time: 0.5340  data_time: 0.0004  memory: 811  
2025/12/31 12:09:20 - mmengine - INFO - Epoch(test) [1510/3363]    eta: 0:22:20  time: 0.5542  data_time: 0.0004  memory: 811  
2025/12/31 12:09:24 - mmengine - INFO - Epoch(test) [1515/3363]    eta: 0:22:16  time: 0.6508  data_time: 0.0005  memory: 8731  
2025/12/31 12:09:26 - mmengine - INFO - Epoch(test) [1520/3363]    eta: 0:22:11  time: 0.5817  data_time: 0.0005  memory: 689  
2025/12/31 12:09:29 - mmengine - INFO - Epoch(test) [1525/3363]    eta: 0:22:06  time: 0.4912  data_time: 0.0005  memory: 994  
2025/12/31 12:09:31 - mmengine - INFO - Epoch(test) [1530/3363]    eta: 0:22:01  time: 0.4853  data_time: 0.0005  memory: 872  
2025/12/31 12:09:35 - mmengine - INFO - Epoch(test) [1535/3363]    eta: 0:21:57  time: 0.5969  data_time: 0.0005  memory: 1009  
2025/12/31 12:09:37 - mmengine - INFO - Epoch(test) [1540/3363]    eta: 0:21:52  time: 0.6140  data_time: 0.0005  memory: 8586  
2025/12/31 12:09:42 - mmengine - INFO - Epoch(test) [1545/3363]    eta: 0:21:50  time: 0.7183  data_time: 0.0006  memory: 780  
2025/12/31 12:09:45 - mmengine - INFO - Epoch(test) [1550/3363]    eta: 0:21:46  time: 0.7929  data_time: 0.0006  memory: 841  
2025/12/31 12:09:48 - mmengine - INFO - Epoch(test) [1555/3363]    eta: 0:21:41  time: 0.5735  data_time: 0.0005  memory: 918  
2025/12/31 12:09:54 - mmengine - INFO - Epoch(test) [1560/3363]    eta: 0:21:40  time: 0.8571  data_time: 0.0005  memory: 750  
2025/12/31 12:09:58 - mmengine - INFO - Epoch(test) [1565/3363]    eta: 0:21:37  time: 1.0362  data_time: 0.0005  memory: 1025  
2025/12/31 12:10:00 - mmengine - INFO - Epoch(test) [1570/3363]    eta: 0:21:32  time: 0.6479  data_time: 0.0005  memory: 826  
2025/12/31 12:10:03 - mmengine - INFO - Epoch(test) [1575/3363]    eta: 0:21:28  time: 0.5400  data_time: 0.0005  memory: 857  
2025/12/31 12:10:06 - mmengine - INFO - Epoch(test) [1580/3363]    eta: 0:21:23  time: 0.5550  data_time: 0.0005  memory: 643  
2025/12/31 12:10:09 - mmengine - INFO - Epoch(test) [1585/3363]    eta: 0:21:19  time: 0.5276  data_time: 0.0005  memory: 1101  
2025/12/31 12:10:12 - mmengine - INFO - Epoch(test) [1590/3363]    eta: 0:21:14  time: 0.5960  data_time: 0.0005  memory: 903  
2025/12/31 12:10:14 - mmengine - INFO - Epoch(test) [1595/3363]    eta: 0:21:09  time: 0.4995  data_time: 0.0005  memory: 704  
2025/12/31 12:10:16 - mmengine - INFO - Epoch(test) [1600/3363]    eta: 0:21:04  time: 0.4353  data_time: 0.0005  memory: 704  
2025/12/31 12:10:21 - mmengine - INFO - Epoch(test) [1605/3363]    eta: 0:21:02  time: 0.7151  data_time: 0.0005  memory: 796  
2025/12/31 12:10:23 - mmengine - INFO - Epoch(test) [1610/3363]    eta: 0:20:57  time: 0.6819  data_time: 0.0005  memory: 1009  
2025/12/31 12:10:26 - mmengine - INFO - Epoch(test) [1615/3363]    eta: 0:20:53  time: 0.5631  data_time: 0.0005  memory: 841  
2025/12/31 12:10:30 - mmengine - INFO - Epoch(test) [1620/3363]    eta: 0:20:49  time: 0.6772  data_time: 0.0005  memory: 857  
2025/12/31 12:10:32 - mmengine - INFO - Epoch(test) [1625/3363]    eta: 0:20:45  time: 0.6030  data_time: 0.0004  memory: 887  
2025/12/31 12:10:35 - mmengine - INFO - Epoch(test) [1630/3363]    eta: 0:20:40  time: 0.5775  data_time: 0.0004  memory: 1131  
2025/12/31 12:10:37 - mmengine - INFO - Epoch(test) [1635/3363]    eta: 0:20:35  time: 0.4727  data_time: 0.0005  memory: 948  
2025/12/31 12:10:40 - mmengine - INFO - Epoch(test) [1640/3363]    eta: 0:20:30  time: 0.4617  data_time: 0.0005  memory: 8602  
2025/12/31 12:10:42 - mmengine - INFO - Epoch(test) [1645/3363]    eta: 0:20:25  time: 0.4989  data_time: 0.0004  memory: 948  
2025/12/31 12:10:44 - mmengine - INFO - Epoch(test) [1650/3363]    eta: 0:20:20  time: 0.3545  data_time: 0.0004  memory: 719  
2025/12/31 12:10:45 - mmengine - INFO - Epoch(test) [1655/3363]    eta: 0:20:14  time: 0.3146  data_time: 0.0004  memory: 887  
2025/12/31 12:10:49 - mmengine - INFO - Epoch(test) [1660/3363]    eta: 0:20:11  time: 0.5281  data_time: 0.0005  memory: 903  
2025/12/31 12:10:53 - mmengine - INFO - Epoch(test) [1665/3363]    eta: 0:20:08  time: 0.7810  data_time: 0.0005  memory: 964  
2025/12/31 12:10:56 - mmengine - INFO - Epoch(test) [1670/3363]    eta: 0:20:04  time: 0.7441  data_time: 0.0005  memory: 765  
2025/12/31 12:10:59 - mmengine - INFO - Epoch(test) [1675/3363]    eta: 0:19:59  time: 0.5776  data_time: 0.0005  memory: 872  
2025/12/31 12:11:02 - mmengine - INFO - Epoch(test) [1680/3363]    eta: 0:19:55  time: 0.5889  data_time: 0.0004  memory: 1009  
2025/12/31 12:11:06 - mmengine - INFO - Epoch(test) [1685/3363]    eta: 0:19:52  time: 0.6861  data_time: 0.0004  memory: 1101  
2025/12/31 12:11:08 - mmengine - INFO - Epoch(test) [1690/3363]    eta: 0:19:47  time: 0.5959  data_time: 0.0005  memory: 948  
2025/12/31 12:11:10 - mmengine - INFO - Epoch(test) [1695/3363]    eta: 0:19:42  time: 0.4633  data_time: 0.0005  memory: 735  
2025/12/31 12:11:13 - mmengine - INFO - Epoch(test) [1700/3363]    eta: 0:19:38  time: 0.5109  data_time: 0.0004  memory: 719  
2025/12/31 12:11:16 - mmengine - INFO - Epoch(test) [1705/3363]    eta: 0:19:34  time: 0.5431  data_time: 0.0004  memory: 979  
2025/12/31 12:11:19 - mmengine - INFO - Epoch(test) [1710/3363]    eta: 0:19:30  time: 0.6022  data_time: 0.0004  memory: 1116  
2025/12/31 12:11:22 - mmengine - INFO - Epoch(test) [1715/3363]    eta: 0:19:25  time: 0.5943  data_time: 0.0005  memory: 765  
2025/12/31 12:11:24 - mmengine - INFO - Epoch(test) [1720/3363]    eta: 0:19:21  time: 0.5068  data_time: 0.0005  memory: 857  
2025/12/31 12:11:26 - mmengine - INFO - Epoch(test) [1725/3363]    eta: 0:19:16  time: 0.4546  data_time: 0.0005  memory: 765  
2025/12/31 12:11:32 - mmengine - INFO - Epoch(test) [1730/3363]    eta: 0:19:15  time: 0.7915  data_time: 0.0004  memory: 1177  
2025/12/31 12:11:36 - mmengine - INFO - Epoch(test) [1735/3363]    eta: 0:19:12  time: 0.9901  data_time: 0.0004  memory: 735  
2025/12/31 12:11:40 - mmengine - INFO - Epoch(test) [1740/3363]    eta: 0:19:08  time: 0.7726  data_time: 0.0004  memory: 872  
2025/12/31 12:11:44 - mmengine - INFO - Epoch(test) [1745/3363]    eta: 0:19:05  time: 0.7824  data_time: 0.0005  memory: 1025  
2025/12/31 12:11:46 - mmengine - INFO - Epoch(test) [1750/3363]    eta: 0:19:00  time: 0.6027  data_time: 0.0005  memory: 1040  
2025/12/31 12:11:50 - mmengine - INFO - Epoch(test) [1755/3363]    eta: 0:18:57  time: 0.5698  data_time: 0.0004  memory: 964  
2025/12/31 12:11:52 - mmengine - INFO - Epoch(test) [1760/3363]    eta: 0:18:53  time: 0.6405  data_time: 0.0004  memory: 658  
2025/12/31 12:11:56 - mmengine - INFO - Epoch(test) [1765/3363]    eta: 0:18:49  time: 0.5912  data_time: 0.0004  memory: 1070  
2025/12/31 12:11:57 - mmengine - INFO - Epoch(test) [1770/3363]    eta: 0:18:44  time: 0.5065  data_time: 0.0004  memory: 658  
2025/12/31 12:12:00 - mmengine - INFO - Epoch(test) [1775/3363]    eta: 0:18:39  time: 0.4007  data_time: 0.0004  memory: 918  
2025/12/31 12:12:03 - mmengine - INFO - Epoch(test) [1780/3363]    eta: 0:18:35  time: 0.5742  data_time: 0.0004  memory: 1116  
2025/12/31 12:12:06 - mmengine - INFO - Epoch(test) [1785/3363]    eta: 0:18:31  time: 0.6055  data_time: 0.0005  memory: 1009  
2025/12/31 12:12:09 - mmengine - INFO - Epoch(test) [1790/3363]    eta: 0:18:27  time: 0.5733  data_time: 0.0005  memory: 765  
2025/12/31 12:12:12 - mmengine - INFO - Epoch(test) [1795/3363]    eta: 0:18:24  time: 0.6527  data_time: 0.0005  memory: 8563  
2025/12/31 12:12:15 - mmengine - INFO - Epoch(test) [1800/3363]    eta: 0:18:20  time: 0.6455  data_time: 0.0004  memory: 719  
2025/12/31 12:12:19 - mmengine - INFO - Epoch(test) [1805/3363]    eta: 0:18:16  time: 0.6487  data_time: 0.0004  memory: 826  
2025/12/31 12:12:23 - mmengine - INFO - Epoch(test) [1810/3363]    eta: 0:18:13  time: 0.7210  data_time: 0.0004  memory: 8716  
2025/12/31 12:12:25 - mmengine - INFO - Epoch(test) [1815/3363]    eta: 0:18:08  time: 0.5908  data_time: 0.0004  memory: 841  
2025/12/31 12:12:28 - mmengine - INFO - Epoch(test) [1820/3363]    eta: 0:18:04  time: 0.4925  data_time: 0.0004  memory: 689  
2025/12/31 12:12:31 - mmengine - INFO - Epoch(test) [1825/3363]    eta: 0:18:01  time: 0.6813  data_time: 0.0004  memory: 887  
2025/12/31 12:12:34 - mmengine - INFO - Epoch(test) [1830/3363]    eta: 0:17:56  time: 0.6118  data_time: 0.0005  memory: 719  
2025/12/31 12:12:36 - mmengine - INFO - Epoch(test) [1835/3363]    eta: 0:17:52  time: 0.4412  data_time: 0.0005  memory: 994  
2025/12/31 12:12:39 - mmengine - INFO - Epoch(test) [1840/3363]    eta: 0:17:48  time: 0.5660  data_time: 0.0005  memory: 1040  
2025/12/31 12:12:42 - mmengine - INFO - Epoch(test) [1845/3363]    eta: 0:17:44  time: 0.5831  data_time: 0.0004  memory: 1009  
2025/12/31 12:12:45 - mmengine - INFO - Epoch(test) [1850/3363]    eta: 0:17:40  time: 0.5218  data_time: 0.0004  memory: 689  
2025/12/31 12:12:48 - mmengine - INFO - Epoch(test) [1855/3363]    eta: 0:17:36  time: 0.5895  data_time: 0.0004  memory: 933  
2025/12/31 12:12:50 - mmengine - INFO - Epoch(test) [1860/3363]    eta: 0:17:32  time: 0.5761  data_time: 0.0005  memory: 1101  
2025/12/31 12:12:52 - mmengine - INFO - Epoch(test) [1865/3363]    eta: 0:17:27  time: 0.4364  data_time: 0.0005  memory: 796  
2025/12/31 12:12:56 - mmengine - INFO - Epoch(test) [1870/3363]    eta: 0:17:24  time: 0.5939  data_time: 0.0004  memory: 918  
2025/12/31 12:12:59 - mmengine - INFO - Epoch(test) [1875/3363]    eta: 0:17:19  time: 0.6650  data_time: 0.0004  memory: 796  
2025/12/31 12:13:04 - mmengine - INFO - Epoch(test) [1880/3363]    eta: 0:17:17  time: 0.7752  data_time: 0.0004  memory: 811  
2025/12/31 12:13:06 - mmengine - INFO - Epoch(test) [1885/3363]    eta: 0:17:13  time: 0.7568  data_time: 0.0004  memory: 674  
2025/12/31 12:13:08 - mmengine - INFO - Epoch(test) [1890/3363]    eta: 0:17:08  time: 0.4148  data_time: 0.0004  memory: 780  
2025/12/31 12:13:10 - mmengine - INFO - Epoch(test) [1895/3363]    eta: 0:17:03  time: 0.3897  data_time: 0.0004  memory: 1177  
2025/12/31 12:13:12 - mmengine - INFO - Epoch(test) [1900/3363]    eta: 0:16:59  time: 0.3998  data_time: 0.0004  memory: 780  
2025/12/31 12:13:14 - mmengine - INFO - Epoch(test) [1905/3363]    eta: 0:16:54  time: 0.4026  data_time: 0.0004  memory: 552  
2025/12/31 12:13:16 - mmengine - INFO - Epoch(test) [1910/3363]    eta: 0:16:50  time: 0.4145  data_time: 0.0004  memory: 841  
2025/12/31 12:13:19 - mmengine - INFO - Epoch(test) [1915/3363]    eta: 0:16:45  time: 0.4473  data_time: 0.0004  memory: 1131  
2025/12/31 12:13:21 - mmengine - INFO - Epoch(test) [1920/3363]    eta: 0:16:41  time: 0.4692  data_time: 0.0005  memory: 933  
2025/12/31 12:13:24 - mmengine - INFO - Epoch(test) [1925/3363]    eta: 0:16:37  time: 0.5440  data_time: 0.0005  memory: 582  
2025/12/31 12:13:26 - mmengine - INFO - Epoch(test) [1930/3363]    eta: 0:16:33  time: 0.5485  data_time: 0.0004  memory: 613  
2025/12/31 12:13:30 - mmengine - INFO - Epoch(test) [1935/3363]    eta: 0:16:30  time: 0.6183  data_time: 0.0004  memory: 964  
2025/12/31 12:13:33 - mmengine - INFO - Epoch(test) [1940/3363]    eta: 0:16:26  time: 0.6321  data_time: 0.0004  memory: 780  
2025/12/31 12:13:34 - mmengine - INFO - Epoch(test) [1945/3363]    eta: 0:16:21  time: 0.4039  data_time: 0.0005  memory: 719  
2025/12/31 12:13:38 - mmengine - INFO - Epoch(test) [1950/3363]    eta: 0:16:17  time: 0.5021  data_time: 0.0005  memory: 1025  
2025/12/31 12:13:40 - mmengine - INFO - Epoch(test) [1955/3363]    eta: 0:16:13  time: 0.5718  data_time: 0.0004  memory: 1101  
2025/12/31 12:13:43 - mmengine - INFO - Epoch(test) [1960/3363]    eta: 0:16:09  time: 0.4790  data_time: 0.0004  memory: 780  
2025/12/31 12:13:45 - mmengine - INFO - Epoch(test) [1965/3363]    eta: 0:16:05  time: 0.5319  data_time: 0.0005  memory: 674  
2025/12/31 12:13:49 - mmengine - INFO - Epoch(test) [1970/3363]    eta: 0:16:01  time: 0.6165  data_time: 0.0005  memory: 1009  
2025/12/31 12:13:51 - mmengine - INFO - Epoch(test) [1975/3363]    eta: 0:15:57  time: 0.5872  data_time: 0.0004  memory: 643  
2025/12/31 12:13:53 - mmengine - INFO - Epoch(test) [1980/3363]    eta: 0:15:53  time: 0.4729  data_time: 0.0004  memory: 841  
2025/12/31 12:13:58 - mmengine - INFO - Epoch(test) [1985/3363]    eta: 0:15:50  time: 0.6548  data_time: 0.0005  memory: 857  
2025/12/31 12:14:01 - mmengine - INFO - Epoch(test) [1990/3363]    eta: 0:15:47  time: 0.7694  data_time: 0.0006  memory: 918  
2025/12/31 12:14:05 - mmengine - INFO - Epoch(test) [1995/3363]    eta: 0:15:44  time: 0.7377  data_time: 0.0006  memory: 1177  
2025/12/31 12:14:08 - mmengine - INFO - Epoch(test) [2000/3363]    eta: 0:15:40  time: 0.7062  data_time: 0.0005  memory: 735  
2025/12/31 12:14:11 - mmengine - INFO - Epoch(test) [2005/3363]    eta: 0:15:36  time: 0.6067  data_time: 0.0004  memory: 948  
2025/12/31 12:14:14 - mmengine - INFO - Epoch(test) [2010/3363]    eta: 0:15:32  time: 0.5786  data_time: 0.0004  memory: 918  
2025/12/31 12:14:19 - mmengine - INFO - Epoch(test) [2015/3363]    eta: 0:15:30  time: 0.7523  data_time: 0.0004  memory: 1040  
2025/12/31 12:14:22 - mmengine - INFO - Epoch(test) [2020/3363]    eta: 0:15:26  time: 0.7637  data_time: 0.0004  memory: 796  
2025/12/31 12:14:25 - mmengine - INFO - Epoch(test) [2025/3363]    eta: 0:15:22  time: 0.6448  data_time: 0.0004  memory: 780  
2025/12/31 12:14:28 - mmengine - INFO - Epoch(test) [2030/3363]    eta: 0:15:19  time: 0.6630  data_time: 0.0004  memory: 994  
2025/12/31 12:14:31 - mmengine - INFO - Epoch(test) [2035/3363]    eta: 0:15:15  time: 0.5999  data_time: 0.0005  memory: 857  
2025/12/31 12:14:33 - mmengine - INFO - Epoch(test) [2040/3363]    eta: 0:15:10  time: 0.4610  data_time: 0.0005  memory: 1070  
2025/12/31 12:14:36 - mmengine - INFO - Epoch(test) [2045/3363]    eta: 0:15:07  time: 0.4892  data_time: 0.0005  memory: 8578  
2025/12/31 12:14:39 - mmengine - INFO - Epoch(test) [2050/3363]    eta: 0:15:03  time: 0.6051  data_time: 0.0005  memory: 857  
2025/12/31 12:14:41 - mmengine - INFO - Epoch(test) [2055/3363]    eta: 0:14:59  time: 0.5002  data_time: 0.0005  memory: 903  
2025/12/31 12:14:44 - mmengine - INFO - Epoch(test) [2060/3363]    eta: 0:14:55  time: 0.5162  data_time: 0.0005  memory: 1040  
2025/12/31 12:14:47 - mmengine - INFO - Epoch(test) [2065/3363]    eta: 0:14:51  time: 0.6056  data_time: 0.0005  memory: 841  
2025/12/31 12:14:50 - mmengine - INFO - Epoch(test) [2070/3363]    eta: 0:14:47  time: 0.5673  data_time: 0.0005  memory: 903  
2025/12/31 12:14:52 - mmengine - INFO - Epoch(test) [2075/3363]    eta: 0:14:43  time: 0.5067  data_time: 0.0005  memory: 658  
2025/12/31 12:14:56 - mmengine - INFO - Epoch(test) [2080/3363]    eta: 0:14:40  time: 0.5899  data_time: 0.0005  memory: 1147  
2025/12/31 12:14:58 - mmengine - INFO - Epoch(test) [2085/3363]    eta: 0:14:36  time: 0.5794  data_time: 0.0005  memory: 1009  
2025/12/31 12:14:59 - mmengine - INFO - Epoch(test) [2090/3363]    eta: 0:14:31  time: 0.3781  data_time: 0.0006  memory: 1009  
2025/12/31 12:15:04 - mmengine - INFO - Epoch(test) [2095/3363]    eta: 0:14:28  time: 0.5597  data_time: 0.0006  memory: 1162  
2025/12/31 12:15:06 - mmengine - INFO - Epoch(test) [2100/3363]    eta: 0:14:24  time: 0.6897  data_time: 0.0005  memory: 918  
2025/12/31 12:15:09 - mmengine - INFO - Epoch(test) [2105/3363]    eta: 0:14:20  time: 0.5554  data_time: 0.0005  memory: 750  
2025/12/31 12:15:11 - mmengine - INFO - Epoch(test) [2110/3363]    eta: 0:14:16  time: 0.5072  data_time: 0.0010  memory: 841  
2025/12/31 12:15:14 - mmengine - INFO - Epoch(test) [2115/3363]    eta: 0:14:12  time: 0.4777  data_time: 0.0011  memory: 994  
2025/12/31 12:15:17 - mmengine - INFO - Epoch(test) [2120/3363]    eta: 0:14:09  time: 0.5264  data_time: 0.0006  memory: 8647  
2025/12/31 12:15:21 - mmengine - INFO - Epoch(test) [2125/3363]    eta: 0:14:06  time: 0.7335  data_time: 0.0005  memory: 948  
2025/12/31 12:15:25 - mmengine - INFO - Epoch(test) [2130/3363]    eta: 0:14:03  time: 0.8285  data_time: 0.0005  memory: 1055  
2025/12/31 12:15:27 - mmengine - INFO - Epoch(test) [2135/3363]    eta: 0:13:58  time: 0.5461  data_time: 0.0005  memory: 780  
2025/12/31 12:15:30 - mmengine - INFO - Epoch(test) [2140/3363]    eta: 0:13:55  time: 0.5051  data_time: 0.0005  memory: 887  
2025/12/31 12:15:32 - mmengine - INFO - Epoch(test) [2145/3363]    eta: 0:13:51  time: 0.5304  data_time: 0.0004  memory: 811  
2025/12/31 12:15:35 - mmengine - INFO - Epoch(test) [2150/3363]    eta: 0:13:47  time: 0.5082  data_time: 0.0005  memory: 765  
2025/12/31 12:15:38 - mmengine - INFO - Epoch(test) [2155/3363]    eta: 0:13:43  time: 0.5754  data_time: 0.0005  memory: 8731  
2025/12/31 12:15:41 - mmengine - INFO - Epoch(test) [2160/3363]    eta: 0:13:40  time: 0.6158  data_time: 0.0005  memory: 1162  
2025/12/31 12:15:45 - mmengine - INFO - Epoch(test) [2165/3363]    eta: 0:13:36  time: 0.6959  data_time: 0.0005  memory: 1086  
2025/12/31 12:15:47 - mmengine - INFO - Epoch(test) [2170/3363]    eta: 0:13:32  time: 0.5220  data_time: 0.0005  memory: 1070  
2025/12/31 12:15:50 - mmengine - INFO - Epoch(test) [2175/3363]    eta: 0:13:29  time: 0.4853  data_time: 0.0005  memory: 1070  
2025/12/31 12:15:52 - mmengine - INFO - Epoch(test) [2180/3363]    eta: 0:13:25  time: 0.5563  data_time: 0.0005  memory: 674  
2025/12/31 12:15:54 - mmengine - INFO - Epoch(test) [2185/3363]    eta: 0:13:21  time: 0.4618  data_time: 0.0005  memory: 887  
2025/12/31 12:15:57 - mmengine - INFO - Epoch(test) [2190/3363]    eta: 0:13:17  time: 0.5053  data_time: 0.0004  memory: 872  
2025/12/31 12:16:01 - mmengine - INFO - Epoch(test) [2195/3363]    eta: 0:13:14  time: 0.6671  data_time: 0.0005  memory: 1040  
2025/12/31 12:16:03 - mmengine - INFO - Epoch(test) [2200/3363]    eta: 0:13:10  time: 0.6055  data_time: 0.0005  memory: 979  
2025/12/31 12:16:07 - mmengine - INFO - Epoch(test) [2205/3363]    eta: 0:13:06  time: 0.6124  data_time: 0.0005  memory: 1116  
2025/12/31 12:16:10 - mmengine - INFO - Epoch(test) [2210/3363]    eta: 0:13:03  time: 0.6936  data_time: 0.0005  memory: 979  
2025/12/31 12:16:13 - mmengine - INFO - Epoch(test) [2215/3363]    eta: 0:12:59  time: 0.5869  data_time: 0.0005  memory: 765  
2025/12/31 12:16:18 - mmengine - INFO - Epoch(test) [2220/3363]    eta: 0:12:57  time: 0.7862  data_time: 0.0005  memory: 719  
2025/12/31 12:16:21 - mmengine - INFO - Epoch(test) [2225/3363]    eta: 0:12:53  time: 0.8131  data_time: 0.0005  memory: 918  
2025/12/31 12:16:26 - mmengine - INFO - Epoch(test) [2230/3363]    eta: 0:12:51  time: 0.7998  data_time: 0.0005  memory: 826  
2025/12/31 12:16:29 - mmengine - INFO - Epoch(test) [2235/3363]    eta: 0:12:47  time: 0.7558  data_time: 0.0006  memory: 979  
2025/12/31 12:16:31 - mmengine - INFO - Epoch(test) [2240/3363]    eta: 0:12:43  time: 0.5162  data_time: 0.0005  memory: 903  
2025/12/31 12:16:33 - mmengine - INFO - Epoch(test) [2245/3363]    eta: 0:12:39  time: 0.4330  data_time: 0.0005  memory: 918  
2025/12/31 12:16:35 - mmengine - INFO - Epoch(test) [2250/3363]    eta: 0:12:35  time: 0.3828  data_time: 0.0005  memory: 811  
2025/12/31 12:16:38 - mmengine - INFO - Epoch(test) [2255/3363]    eta: 0:12:31  time: 0.5567  data_time: 0.0005  memory: 887  
2025/12/31 12:16:42 - mmengine - INFO - Epoch(test) [2260/3363]    eta: 0:12:28  time: 0.6762  data_time: 0.0005  memory: 994  
2025/12/31 12:16:45 - mmengine - INFO - Epoch(test) [2265/3363]    eta: 0:12:24  time: 0.6612  data_time: 0.0005  memory: 796  
2025/12/31 12:16:48 - mmengine - INFO - Epoch(test) [2270/3363]    eta: 0:12:21  time: 0.5885  data_time: 0.0005  memory: 903  
2025/12/31 12:16:49 - mmengine - INFO - Epoch(test) [2275/3363]    eta: 0:12:16  time: 0.4167  data_time: 0.0005  memory: 613  
2025/12/31 12:16:51 - mmengine - INFO - Epoch(test) [2280/3363]    eta: 0:12:12  time: 0.3830  data_time: 0.0004  memory: 780  
2025/12/31 12:16:54 - mmengine - INFO - Epoch(test) [2285/3363]    eta: 0:12:09  time: 0.4731  data_time: 0.0004  memory: 918  
2025/12/31 12:16:57 - mmengine - INFO - Epoch(test) [2290/3363]    eta: 0:12:05  time: 0.5063  data_time: 0.0004  memory: 689  
2025/12/31 12:16:59 - mmengine - INFO - Epoch(test) [2295/3363]    eta: 0:12:01  time: 0.4851  data_time: 0.0004  memory: 735  
2025/12/31 12:17:01 - mmengine - INFO - Epoch(test) [2300/3363]    eta: 0:11:57  time: 0.4964  data_time: 0.0005  memory: 948  
2025/12/31 12:17:06 - mmengine - INFO - Epoch(test) [2305/3363]    eta: 0:11:54  time: 0.7160  data_time: 0.0005  memory: 857  
2025/12/31 12:17:09 - mmengine - INFO - Epoch(test) [2310/3363]    eta: 0:11:51  time: 0.7824  data_time: 0.0005  memory: 826  
2025/12/31 12:17:14 - mmengine - INFO - Epoch(test) [2315/3363]    eta: 0:11:48  time: 0.7887  data_time: 0.0004  memory: 1116  
2025/12/31 12:17:15 - mmengine - INFO - Epoch(test) [2320/3363]    eta: 0:11:44  time: 0.6096  data_time: 0.0004  memory: 796  
2025/12/31 12:17:18 - mmengine - INFO - Epoch(test) [2325/3363]    eta: 0:11:40  time: 0.3847  data_time: 0.0005  memory: 948  
2025/12/31 12:17:22 - mmengine - INFO - Epoch(test) [2330/3363]    eta: 0:11:37  time: 0.6586  data_time: 0.0005  memory: 903  
2025/12/31 12:17:25 - mmengine - INFO - Epoch(test) [2335/3363]    eta: 0:11:34  time: 0.7105  data_time: 0.0005  memory: 1147  
2025/12/31 12:17:28 - mmengine - INFO - Epoch(test) [2340/3363]    eta: 0:11:30  time: 0.5758  data_time: 0.0004  memory: 887  
2025/12/31 12:17:31 - mmengine - INFO - Epoch(test) [2345/3363]    eta: 0:11:26  time: 0.6141  data_time: 0.0005  memory: 750  
2025/12/31 12:17:34 - mmengine - INFO - Epoch(test) [2350/3363]    eta: 0:11:23  time: 0.5897  data_time: 0.0005  memory: 826  
2025/12/31 12:17:36 - mmengine - INFO - Epoch(test) [2355/3363]    eta: 0:11:19  time: 0.5517  data_time: 0.0004  memory: 903  
2025/12/31 12:17:39 - mmengine - INFO - Epoch(test) [2360/3363]    eta: 0:11:16  time: 0.5818  data_time: 0.0005  memory: 1055  
2025/12/31 12:17:41 - mmengine - INFO - Epoch(test) [2365/3363]    eta: 0:11:12  time: 0.4894  data_time: 0.0006  memory: 948  
2025/12/31 12:17:44 - mmengine - INFO - Epoch(test) [2370/3363]    eta: 0:11:08  time: 0.4619  data_time: 0.0005  memory: 1131  
2025/12/31 12:17:47 - mmengine - INFO - Epoch(test) [2375/3363]    eta: 0:11:05  time: 0.5693  data_time: 0.0005  memory: 750  
2025/12/31 12:17:51 - mmengine - INFO - Epoch(test) [2380/3363]    eta: 0:11:01  time: 0.6602  data_time: 0.0005  memory: 994  
2025/12/31 12:17:55 - mmengine - INFO - Epoch(test) [2385/3363]    eta: 0:10:58  time: 0.7948  data_time: 0.0004  memory: 1162  
2025/12/31 12:17:57 - mmengine - INFO - Epoch(test) [2390/3363]    eta: 0:10:54  time: 0.6230  data_time: 0.0004  memory: 1070  
2025/12/31 12:17:59 - mmengine - INFO - Epoch(test) [2395/3363]    eta: 0:10:50  time: 0.3872  data_time: 0.0004  memory: 689  
2025/12/31 12:18:02 - mmengine - INFO - Epoch(test) [2400/3363]    eta: 0:10:47  time: 0.4809  data_time: 0.0005  memory: 1086  
2025/12/31 12:18:05 - mmengine - INFO - Epoch(test) [2405/3363]    eta: 0:10:43  time: 0.5939  data_time: 0.0005  memory: 689  
2025/12/31 12:18:07 - mmengine - INFO - Epoch(test) [2410/3363]    eta: 0:10:39  time: 0.4827  data_time: 0.0005  memory: 780  
2025/12/31 12:18:09 - mmengine - INFO - Epoch(test) [2415/3363]    eta: 0:10:36  time: 0.4553  data_time: 0.0004  memory: 918  
2025/12/31 12:18:12 - mmengine - INFO - Epoch(test) [2420/3363]    eta: 0:10:32  time: 0.5167  data_time: 0.0004  memory: 1101  
2025/12/31 12:18:17 - mmengine - INFO - Epoch(test) [2425/3363]    eta: 0:10:29  time: 0.7433  data_time: 0.0005  memory: 933  
2025/12/31 12:18:19 - mmengine - INFO - Epoch(test) [2430/3363]    eta: 0:10:25  time: 0.6951  data_time: 0.0005  memory: 1116  
2025/12/31 12:18:22 - mmengine - INFO - Epoch(test) [2435/3363]    eta: 0:10:22  time: 0.4869  data_time: 0.0005  memory: 964  
2025/12/31 12:18:24 - mmengine - INFO - Epoch(test) [2440/3363]    eta: 0:10:18  time: 0.4974  data_time: 0.0005  memory: 704  
2025/12/31 12:18:28 - mmengine - INFO - Epoch(test) [2445/3363]    eta: 0:10:15  time: 0.5944  data_time: 0.0005  memory: 826  
2025/12/31 12:18:31 - mmengine - INFO - Epoch(test) [2450/3363]    eta: 0:10:12  time: 0.7372  data_time: 0.0005  memory: 979  
2025/12/31 12:18:32 - mmengine - INFO - Epoch(test) [2455/3363]    eta: 0:10:08  time: 0.4754  data_time: 0.0005  memory: 597  
2025/12/31 12:18:35 - mmengine - INFO - Epoch(test) [2460/3363]    eta: 0:10:04  time: 0.4357  data_time: 0.0005  memory: 857  
2025/12/31 12:18:37 - mmengine - INFO - Epoch(test) [2465/3363]    eta: 0:10:00  time: 0.5152  data_time: 0.0004  memory: 933  
2025/12/31 12:18:40 - mmengine - INFO - Epoch(test) [2470/3363]    eta: 0:09:57  time: 0.4512  data_time: 0.0004  memory: 735  
2025/12/31 12:18:41 - mmengine - INFO - Epoch(test) [2475/3363]    eta: 0:09:53  time: 0.3909  data_time: 0.0004  memory: 1086  
2025/12/31 12:18:43 - mmengine - INFO - Epoch(test) [2480/3363]    eta: 0:09:49  time: 0.3408  data_time: 0.0004  memory: 857  
2025/12/31 12:18:45 - mmengine - INFO - Epoch(test) [2485/3363]    eta: 0:09:45  time: 0.3915  data_time: 0.0004  memory: 780  
2025/12/31 12:18:50 - mmengine - INFO - Epoch(test) [2490/3363]    eta: 0:09:42  time: 0.6225  data_time: 0.0004  memory: 1131  
2025/12/31 12:18:52 - mmengine - INFO - Epoch(test) [2495/3363]    eta: 0:09:38  time: 0.6561  data_time: 0.0005  memory: 1101  
2025/12/31 12:18:54 - mmengine - INFO - Epoch(test) [2500/3363]    eta: 0:09:35  time: 0.4731  data_time: 0.0005  memory: 704  
2025/12/31 12:18:57 - mmengine - INFO - Epoch(test) [2505/3363]    eta: 0:09:31  time: 0.4956  data_time: 0.0005  memory: 1055  
2025/12/31 12:19:00 - mmengine - INFO - Epoch(test) [2510/3363]    eta: 0:09:28  time: 0.5924  data_time: 0.0005  memory: 1040  
2025/12/31 12:19:03 - mmengine - INFO - Epoch(test) [2515/3363]    eta: 0:09:24  time: 0.6374  data_time: 0.0005  memory: 826  
2025/12/31 12:19:06 - mmengine - INFO - Epoch(test) [2520/3363]    eta: 0:09:21  time: 0.5854  data_time: 0.0005  memory: 964  
2025/12/31 12:19:08 - mmengine - INFO - Epoch(test) [2525/3363]    eta: 0:09:17  time: 0.5104  data_time: 0.0005  memory: 765  
2025/12/31 12:19:11 - mmengine - INFO - Epoch(test) [2530/3363]    eta: 0:09:13  time: 0.4892  data_time: 0.0004  memory: 1025  
2025/12/31 12:19:13 - mmengine - INFO - Epoch(test) [2535/3363]    eta: 0:09:10  time: 0.4911  data_time: 0.0004  memory: 857  
2025/12/31 12:19:16 - mmengine - INFO - Epoch(test) [2540/3363]    eta: 0:09:06  time: 0.5219  data_time: 0.0005  memory: 964  
2025/12/31 12:19:19 - mmengine - INFO - Epoch(test) [2545/3363]    eta: 0:09:03  time: 0.5428  data_time: 0.0005  memory: 857  
2025/12/31 12:19:22 - mmengine - INFO - Epoch(test) [2550/3363]    eta: 0:08:59  time: 0.5402  data_time: 0.0005  memory: 918  
2025/12/31 12:19:24 - mmengine - INFO - Epoch(test) [2555/3363]    eta: 0:08:56  time: 0.5321  data_time: 0.0004  memory: 1177  
2025/12/31 12:19:28 - mmengine - INFO - Epoch(test) [2560/3363]    eta: 0:08:53  time: 0.6297  data_time: 0.0004  memory: 796  
2025/12/31 12:19:31 - mmengine - INFO - Epoch(test) [2565/3363]    eta: 0:08:49  time: 0.6941  data_time: 0.0005  memory: 948  
2025/12/31 12:19:34 - mmengine - INFO - Epoch(test) [2570/3363]    eta: 0:08:46  time: 0.6027  data_time: 0.0005  memory: 887  
2025/12/31 12:19:37 - mmengine - INFO - Epoch(test) [2575/3363]    eta: 0:08:42  time: 0.6011  data_time: 0.0004  memory: 1025  
2025/12/31 12:19:40 - mmengine - INFO - Epoch(test) [2580/3363]    eta: 0:08:39  time: 0.6063  data_time: 0.0005  memory: 964  
2025/12/31 12:19:43 - mmengine - INFO - Epoch(test) [2585/3363]    eta: 0:08:36  time: 0.6080  data_time: 0.0005  memory: 1147  
2025/12/31 12:19:46 - mmengine - INFO - Epoch(test) [2590/3363]    eta: 0:08:32  time: 0.6083  data_time: 0.0005  memory: 643  
2025/12/31 12:19:49 - mmengine - INFO - Epoch(test) [2595/3363]    eta: 0:08:29  time: 0.6202  data_time: 0.0005  memory: 857  
2025/12/31 12:19:52 - mmengine - INFO - Epoch(test) [2600/3363]    eta: 0:08:25  time: 0.5525  data_time: 0.0006  memory: 841  
2025/12/31 12:19:55 - mmengine - INFO - Epoch(test) [2605/3363]    eta: 0:08:22  time: 0.5511  data_time: 0.0006  memory: 964  
2025/12/31 12:19:57 - mmengine - INFO - Epoch(test) [2610/3363]    eta: 0:08:18  time: 0.5752  data_time: 0.0005  memory: 994  
2025/12/31 12:20:00 - mmengine - INFO - Epoch(test) [2615/3363]    eta: 0:08:15  time: 0.5506  data_time: 0.0005  memory: 704  
2025/12/31 12:20:05 - mmengine - INFO - Epoch(test) [2620/3363]    eta: 0:08:12  time: 0.7523  data_time: 0.0006  memory: 1055  
2025/12/31 12:20:08 - mmengine - INFO - Epoch(test) [2625/3363]    eta: 0:08:09  time: 0.7543  data_time: 0.0006  memory: 689  
2025/12/31 12:20:11 - mmengine - INFO - Epoch(test) [2630/3363]    eta: 0:08:05  time: 0.6165  data_time: 0.0005  memory: 1070  
2025/12/31 12:20:13 - mmengine - INFO - Epoch(test) [2635/3363]    eta: 0:08:02  time: 0.5708  data_time: 0.0005  memory: 658  
2025/12/31 12:20:15 - mmengine - INFO - Epoch(test) [2640/3363]    eta: 0:07:58  time: 0.4252  data_time: 0.0005  memory: 948  
2025/12/31 12:20:17 - mmengine - INFO - Epoch(test) [2645/3363]    eta: 0:07:54  time: 0.3145  data_time: 0.0005  memory: 628  
2025/12/31 12:20:20 - mmengine - INFO - Epoch(test) [2650/3363]    eta: 0:07:51  time: 0.4809  data_time: 0.0005  memory: 994  
2025/12/31 12:20:23 - mmengine - INFO - Epoch(test) [2655/3363]    eta: 0:07:48  time: 0.6839  data_time: 0.0005  memory: 8662  
2025/12/31 12:20:26 - mmengine - INFO - Epoch(test) [2660/3363]    eta: 0:07:44  time: 0.5772  data_time: 0.0005  memory: 628  
2025/12/31 12:20:29 - mmengine - INFO - Epoch(test) [2665/3363]    eta: 0:07:41  time: 0.5215  data_time: 0.0005  memory: 658  
2025/12/31 12:20:31 - mmengine - INFO - Epoch(test) [2670/3363]    eta: 0:07:37  time: 0.5163  data_time: 0.0005  memory: 796  
2025/12/31 12:20:34 - mmengine - INFO - Epoch(test) [2675/3363]    eta: 0:07:34  time: 0.5579  data_time: 0.0005  memory: 826  
2025/12/31 12:20:37 - mmengine - INFO - Epoch(test) [2680/3363]    eta: 0:07:30  time: 0.6109  data_time: 0.0005  memory: 750  
2025/12/31 12:20:40 - mmengine - INFO - Epoch(test) [2685/3363]    eta: 0:07:27  time: 0.5859  data_time: 0.0005  memory: 1116  
2025/12/31 12:20:44 - mmengine - INFO - Epoch(test) [2690/3363]    eta: 0:07:24  time: 0.6623  data_time: 0.0005  memory: 1162  
2025/12/31 12:20:47 - mmengine - INFO - Epoch(test) [2695/3363]    eta: 0:07:20  time: 0.6465  data_time: 0.0005  memory: 1131  
2025/12/31 12:20:48 - mmengine - INFO - Epoch(test) [2700/3363]    eta: 0:07:17  time: 0.4564  data_time: 0.0004  memory: 826  
2025/12/31 12:20:54 - mmengine - INFO - Epoch(test) [2705/3363]    eta: 0:07:14  time: 0.7136  data_time: 0.0005  memory: 8685  
2025/12/31 12:20:56 - mmengine - INFO - Epoch(test) [2710/3363]    eta: 0:07:10  time: 0.7391  data_time: 0.0005  memory: 857  
2025/12/31 12:20:58 - mmengine - INFO - Epoch(test) [2715/3363]    eta: 0:07:07  time: 0.4580  data_time: 0.0005  memory: 903  
2025/12/31 12:21:00 - mmengine - INFO - Epoch(test) [2720/3363]    eta: 0:07:03  time: 0.4241  data_time: 0.0004  memory: 689  
2025/12/31 12:21:05 - mmengine - INFO - Epoch(test) [2725/3363]    eta: 0:07:00  time: 0.7139  data_time: 0.0004  memory: 8777  
2025/12/31 12:21:09 - mmengine - INFO - Epoch(test) [2730/3363]    eta: 0:06:57  time: 0.8902  data_time: 0.0004  memory: 765  
2025/12/31 12:21:11 - mmengine - INFO - Epoch(test) [2735/3363]    eta: 0:06:53  time: 0.5652  data_time: 0.0005  memory: 780  
2025/12/31 12:21:14 - mmengine - INFO - Epoch(test) [2740/3363]    eta: 0:06:50  time: 0.5534  data_time: 0.0005  memory: 796  
2025/12/31 12:21:17 - mmengine - INFO - Epoch(test) [2745/3363]    eta: 0:06:47  time: 0.6067  data_time: 0.0005  memory: 872  
2025/12/31 12:21:20 - mmengine - INFO - Epoch(test) [2750/3363]    eta: 0:06:43  time: 0.5811  data_time: 0.0005  memory: 735  
2025/12/31 12:21:24 - mmengine - INFO - Epoch(test) [2755/3363]    eta: 0:06:40  time: 0.6593  data_time: 0.0005  memory: 796  
2025/12/31 12:21:27 - mmengine - INFO - Epoch(test) [2760/3363]    eta: 0:06:37  time: 0.6580  data_time: 0.0005  memory: 994  
2025/12/31 12:21:29 - mmengine - INFO - Epoch(test) [2765/3363]    eta: 0:06:33  time: 0.5340  data_time: 0.0005  memory: 1070  
2025/12/31 12:21:31 - mmengine - INFO - Epoch(test) [2770/3363]    eta: 0:06:30  time: 0.4233  data_time: 0.0005  memory: 719  
2025/12/31 12:21:33 - mmengine - INFO - Epoch(test) [2775/3363]    eta: 0:06:26  time: 0.4081  data_time: 0.0005  memory: 1147  
2025/12/31 12:21:35 - mmengine - INFO - Epoch(test) [2780/3363]    eta: 0:06:23  time: 0.4513  data_time: 0.0005  memory: 1025  
2025/12/31 12:21:40 - mmengine - INFO - Epoch(test) [2785/3363]    eta: 0:06:20  time: 0.6972  data_time: 0.0004  memory: 1116  
2025/12/31 12:21:43 - mmengine - INFO - Epoch(test) [2790/3363]    eta: 0:06:16  time: 0.7427  data_time: 0.0004  memory: 1009  
2025/12/31 12:21:46 - mmengine - INFO - Epoch(test) [2795/3363]    eta: 0:06:13  time: 0.5718  data_time: 0.0004  memory: 979  
2025/12/31 12:21:49 - mmengine - INFO - Epoch(test) [2800/3363]    eta: 0:06:10  time: 0.6282  data_time: 0.0004  memory: 948  
2025/12/31 12:21:52 - mmengine - INFO - Epoch(test) [2805/3363]    eta: 0:06:06  time: 0.6160  data_time: 0.0005  memory: 887  
2025/12/31 12:21:56 - mmengine - INFO - Epoch(test) [2810/3363]    eta: 0:06:03  time: 0.6496  data_time: 0.0005  memory: 719  
2025/12/31 12:21:58 - mmengine - INFO - Epoch(test) [2815/3363]    eta: 0:06:00  time: 0.6292  data_time: 0.0005  memory: 872  
2025/12/31 12:22:03 - mmengine - INFO - Epoch(test) [2820/3363]    eta: 0:05:57  time: 0.7183  data_time: 0.0005  memory: 689  
2025/12/31 12:22:06 - mmengine - INFO - Epoch(test) [2825/3363]    eta: 0:05:53  time: 0.7682  data_time: 0.0004  memory: 1101  
2025/12/31 12:22:10 - mmengine - INFO - Epoch(test) [2830/3363]    eta: 0:05:50  time: 0.6770  data_time: 0.0005  memory: 1192  
2025/12/31 12:22:13 - mmengine - INFO - Epoch(test) [2835/3363]    eta: 0:05:47  time: 0.6997  data_time: 0.0006  memory: 994  
2025/12/31 12:22:16 - mmengine - INFO - Epoch(test) [2840/3363]    eta: 0:05:43  time: 0.6294  data_time: 0.0006  memory: 918  
2025/12/31 12:22:21 - mmengine - INFO - Epoch(test) [2845/3363]    eta: 0:05:40  time: 0.7770  data_time: 0.0006  memory: 857  
2025/12/31 12:22:24 - mmengine - INFO - Epoch(test) [2850/3363]    eta: 0:05:37  time: 0.7585  data_time: 0.0006  memory: 857  
2025/12/31 12:22:26 - mmengine - INFO - Epoch(test) [2855/3363]    eta: 0:05:34  time: 0.5699  data_time: 0.0006  memory: 903  
2025/12/31 12:22:29 - mmengine - INFO - Epoch(test) [2860/3363]    eta: 0:05:30  time: 0.5474  data_time: 0.0007  memory: 796  
2025/12/31 12:22:33 - mmengine - INFO - Epoch(test) [2865/3363]    eta: 0:05:27  time: 0.6245  data_time: 0.0006  memory: 964  
2025/12/31 12:22:35 - mmengine - INFO - Epoch(test) [2870/3363]    eta: 0:05:24  time: 0.6455  data_time: 0.0005  memory: 765  
2025/12/31 12:22:40 - mmengine - INFO - Epoch(test) [2875/3363]    eta: 0:05:21  time: 0.7184  data_time: 0.0005  memory: 933  
2025/12/31 12:22:43 - mmengine - INFO - Epoch(test) [2880/3363]    eta: 0:05:17  time: 0.7274  data_time: 0.0006  memory: 735  
2025/12/31 12:22:47 - mmengine - INFO - Epoch(test) [2885/3363]    eta: 0:05:14  time: 0.6708  data_time: 0.0005  memory: 780  
2025/12/31 12:22:50 - mmengine - INFO - Epoch(test) [2890/3363]    eta: 0:05:11  time: 0.6871  data_time: 0.0005  memory: 887  
2025/12/31 12:22:52 - mmengine - INFO - Epoch(test) [2895/3363]    eta: 0:05:07  time: 0.5600  data_time: 0.0005  memory: 903  
2025/12/31 12:22:55 - mmengine - INFO - Epoch(test) [2900/3363]    eta: 0:05:04  time: 0.5103  data_time: 0.0005  memory: 613  
2025/12/31 12:22:56 - mmengine - INFO - Epoch(test) [2905/3363]    eta: 0:05:00  time: 0.4259  data_time: 0.0005  memory: 857  
2025/12/31 12:23:01 - mmengine - INFO - Epoch(test) [2910/3363]    eta: 0:04:57  time: 0.5910  data_time: 0.0005  memory: 1192  
2025/12/31 12:23:04 - mmengine - INFO - Epoch(test) [2915/3363]    eta: 0:04:54  time: 0.7151  data_time: 0.0005  memory: 872  
2025/12/31 12:23:07 - mmengine - INFO - Epoch(test) [2920/3363]    eta: 0:04:51  time: 0.6251  data_time: 0.0006  memory: 780  
2025/12/31 12:23:10 - mmengine - INFO - Epoch(test) [2925/3363]    eta: 0:04:47  time: 0.6315  data_time: 0.0005  memory: 567  
2025/12/31 12:23:13 - mmengine - INFO - Epoch(test) [2930/3363]    eta: 0:04:44  time: 0.5881  data_time: 0.0005  memory: 765  
2025/12/31 12:23:15 - mmengine - INFO - Epoch(test) [2935/3363]    eta: 0:04:41  time: 0.5525  data_time: 0.0005  memory: 1116  
2025/12/31 12:23:19 - mmengine - INFO - Epoch(test) [2940/3363]    eta: 0:04:37  time: 0.5761  data_time: 0.0005  memory: 735  
2025/12/31 12:23:22 - mmengine - INFO - Epoch(test) [2945/3363]    eta: 0:04:34  time: 0.6110  data_time: 0.0006  memory: 1009  
2025/12/31 12:23:26 - mmengine - INFO - Epoch(test) [2950/3363]    eta: 0:04:31  time: 0.7405  data_time: 0.0005  memory: 1009  
2025/12/31 12:23:28 - mmengine - INFO - Epoch(test) [2955/3363]    eta: 0:04:27  time: 0.6417  data_time: 0.0005  memory: 689  
2025/12/31 12:23:31 - mmengine - INFO - Epoch(test) [2960/3363]    eta: 0:04:24  time: 0.4756  data_time: 0.0005  memory: 826  
2025/12/31 12:23:34 - mmengine - INFO - Epoch(test) [2965/3363]    eta: 0:04:21  time: 0.6262  data_time: 0.0005  memory: 1070  
2025/12/31 12:23:38 - mmengine - INFO - Epoch(test) [2970/3363]    eta: 0:04:17  time: 0.6853  data_time: 0.0005  memory: 1040  
2025/12/31 12:23:40 - mmengine - INFO - Epoch(test) [2975/3363]    eta: 0:04:14  time: 0.5993  data_time: 0.0005  memory: 948  
2025/12/31 12:23:43 - mmengine - INFO - Epoch(test) [2980/3363]    eta: 0:04:11  time: 0.5643  data_time: 0.0005  memory: 918  
2025/12/31 12:23:47 - mmengine - INFO - Epoch(test) [2985/3363]    eta: 0:04:07  time: 0.6600  data_time: 0.0005  memory: 8655  
2025/12/31 12:23:50 - mmengine - INFO - Epoch(test) [2990/3363]    eta: 0:04:04  time: 0.6652  data_time: 0.0007  memory: 704  
2025/12/31 12:23:52 - mmengine - INFO - Epoch(test) [2995/3363]    eta: 0:04:01  time: 0.5366  data_time: 0.0008  memory: 597  
2025/12/31 12:23:55 - mmengine - INFO - Epoch(test) [3000/3363]    eta: 0:03:57  time: 0.5205  data_time: 0.0008  memory: 948  
2025/12/31 12:24:00 - mmengine - INFO - Epoch(test) [3005/3363]    eta: 0:03:54  time: 0.7376  data_time: 0.0008  memory: 765  
2025/12/31 12:24:02 - mmengine - INFO - Epoch(test) [3010/3363]    eta: 0:03:51  time: 0.7352  data_time: 0.0006  memory: 491  
2025/12/31 12:24:06 - mmengine - INFO - Epoch(test) [3015/3363]    eta: 0:03:48  time: 0.6070  data_time: 0.0006  memory: 872  
2025/12/31 12:24:09 - mmengine - INFO - Epoch(test) [3020/3363]    eta: 0:03:44  time: 0.6468  data_time: 0.0006  memory: 1177  
