{"icdar/precision": 0.7372063652437484, "icdar/recall": 0.7363136384277713, "icdar/hmean": 0.736759731408088, "icdar/art/precision": 0.8072341347195149, "icdar/art/recall": 0.7637295081967214, "icdar/art/hmean": 0.7848794356112457, "icdar/rctw/precision": 0.792413613925695, "icdar/rctw/recall": 0.7089725708972571, "icdar/rctw/hmean": 0.7483744325849587, "icdar/rects/precision": 0.6899108482655133, "icdar/rects/recall": 0.7347936448246686, "icdar/rects/hmean": 0.7116452699626696}